card_id,account_id,card_number,card_type,network,issue_date,expiry_date,credit_limit,card_status,card_holder_name,cvv,pin_generation_status,contactless_enabled,international_usage_enabled,created_at,updated_at,source_system
CD00007322,ACC00007001,1335789497402566,Debit,RuPay,2022-10-28,2027-10-27,0.0,Active,URVASHI MITAL,202,Generated,No,No,2026-08-03 12:14:11.586674,,Enterprise System
CD00007323,ACC00007001,1406538900980348,Credit,RuPay,2022-04-05,2027-04-04,100000.0,Active,URVASHI MITAL,955,Generated,Yes,No,2026-08-03 12:14:11.586674,,Enterprise System
CD00007324,ACC00007002,2496193387600783,Debit,Visa,2023-12-20,2028-12-18,0.0,Active,ONI SOOD,231,Generated,No,Yes,2026-08-03 12:14:11.587756,,Enterprise System
CD00007325,ACC00007003,8154358253825331,Debit,Visa,2023-11-25,2028-11-23,0.0,Active,ABHIMANYU PATLA,773,Generated,Yes,Yes,2026-08-03 12:14:11.587756,,Enterprise System
CD00007326,ACC00007004,4081310031628633,Debit,Visa,2024-12-21,2029-12-20,0.0,Active,NITARA VARTY,961,Generated,Yes,No,2026-08-03 12:14:11.588757,,Enterprise System
CD00007327,ACC00007005,3559728042714654,Debit,RuPay,2023-04-13,2028-04-11,0.0,Active,IMARAN THAKUR,384,Generated,Yes,Yes,2026-08-03 12:14:11.588757,,Enterprise System
CD00007328,ACC00007005,4120787523858014,Debit,Visa,2021-06-19,2026-06-18,0.0,Active,IMARAN THAKUR,987,Generated,Yes,Yes,2026-08-03 12:14:11.588757,,Enterprise System
CD00007329,ACC00007006,8310944621230690,Credit,Mastercard,2025-05-28,2030-05-27,50000.0,Blocked,RANVEER BANIK,471,Generated,Yes,No,2026-08-03 12:14:11.588757,,Enterprise System
CD00007330,ACC00007006,2893683188332266,Debit,RuPay,2022-11-12,2027-11-11,0.0,Active,RANVEER BANIK,293,Generated,Yes,No,2026-08-03 12:14:11.589766,,Enterprise System
CD00007331,ACC00007007,6759769925960609,Debit,Visa,2024-03-26,2029-03-25,0.0,Active,DAVID MUKHERJEE,444,Generated,Yes,No,2026-08-03 12:14:11.590362,,Enterprise System
CD00007332,ACC00007007,7847003442306620,Debit,Visa,2025-07-22,2030-07-21,0.0,Active,DAVID MUKHERJEE,813,Generated,Yes,No,2026-08-03 12:14:11.590362,,Enterprise System
CD00007333,ACC00007008,3125664684249735,Debit,Visa,2026-05-16,2031-05-15,0.0,Active,AGASTYA MANNAN,715,Generated,Yes,Yes,2026-08-03 12:14:11.590362,,Enterprise System
CD00007334,ACC00007010,6356334583542181,Debit,Visa,2025-07-03,2030-07-02,0.0,Active,ZAID BADAL,870,Generated,Yes,No,2026-08-03 12:14:11.590362,,Enterprise System
CD00007335,ACC00007013,5973954507432283,Debit,Visa,2025-08-28,2030-08-27,0.0,Active,LUKE GILL,506,Generated,No,No,2026-08-03 12:14:11.591449,,Enterprise System
CD00007336,ACC00007014,8179182895276523,Charge,Mastercard,2021-05-22,2026-05-21,1000000.0,Active,EKANSH NAIDU,894,Generated,Yes,No,2026-08-03 12:14:11.591449,,Enterprise System
CD00007337,ACC00007015,5046424874489579,Debit,Mastercard,2026-04-09,2031-04-08,0.0,Active,JAIRAJ MODY,900,Generated,Yes,Yes,2026-08-03 12:14:11.591449,,Enterprise System
CD00007338,ACC00007015,0163451763017542,Credit,RuPay,2025-12-25,2030-12-24,500000.0,Active,JAIRAJ MODY,435,Generated,Yes,No,2026-08-03 12:14:11.592481,,Enterprise System
CD00007339,ACC00007016,4178444740977599,Debit,Mastercard,2024-12-08,2029-12-07,0.0,Closed,LAKSH KIBE,869,Generated,Yes,No,2026-08-03 12:14:11.592481,,Enterprise System
CD00007340,ACC00007016,0404712449466231,Debit,RuPay,2026-07-13,2031-07-12,0.0,Stolen,LAKSH KIBE,151,Generated,Yes,No,2026-08-03 12:14:11.592481,,Enterprise System
CD00007341,ACC00007017,9207722769362151,Credit,Mastercard,2024-10-18,2029-10-17,200000.0,Active,NOAH KHALSA,948,Generated,Yes,Yes,2026-08-03 12:14:11.593454,,Enterprise System
CD00007342,ACC00007017,8497166805616737,Credit,RuPay,2016-03-26,2021-03-25,100000.0,Active,NOAH KHALSA,724,Generated,Yes,No,2026-08-03 12:14:11.593454,,Enterprise System
CD00007343,ACC00007018,0270262416231997,Debit,RuPay,2015-11-11,2020-11-09,0.0,Active,VARSHA THAKER,161,Generated,Yes,No,2026-08-03 12:14:11.593454,,Enterprise System
CD00007344,ACC00007020,3691978512342498,Debit,Visa,2023-12-24,2028-12-22,0.0,Active,EESHA SURI,313,Generated,Yes,No,2026-08-03 12:14:11.593454,,Enterprise System
CD00007345,ACC00007020,6400515060565751,Debit,American Express,2014-03-08,2019-03-07,0.0,Active,EESHA SURI,427,Generated,Yes,Yes,2026-08-03 12:14:11.594456,,Enterprise System
CD00007346,ACC00007021,9829367452888215,Debit,Visa,2026-06-05,2031-06-04,0.0,Active,UPADHRITI SARKAR,121,Generated,No,Yes,2026-08-03 12:14:11.594456,,Enterprise System
CD00007347,ACC00007023,7208717005390806,Debit,Visa,2012-02-18,2017-02-16,0.0,Active,GEORGE BATRA,579,Generated,Yes,Yes,2026-08-03 12:14:11.594456,,Enterprise System
CD00007348,ACC00007023,6548705226097843,Debit,Visa,2015-08-27,2020-08-25,0.0,Active,GEORGE BATRA,724,Generated,Yes,No,2026-08-03 12:14:11.595463,,Enterprise System
CD00007349,ACC00007024,2277684512439416,Credit,Visa,2024-09-11,2029-09-10,50000.0,Expired,KRISHNA LALA,221,Generated,Yes,No,2026-08-03 12:14:11.595463,,Enterprise System
CD00007350,ACC00007024,7709342122669303,Debit,Visa,2024-11-08,2029-11-07,0.0,Active,KRISHNA LALA,898,Generated,Yes,No,2026-08-03 12:14:11.595463,,Enterprise System
CD00007351,ACC00007026,8903036990885141,Debit,Mastercard,2018-03-31,2023-03-30,0.0,Active,ROBERT MOHANTY,225,Generated,No,No,2026-08-03 12:14:11.596454,,Enterprise System
CD00007352,ACC00007026,4112875474588394,Debit,RuPay,2025-12-21,2030-12-20,0.0,Active,ROBERT MOHANTY,776,Generated,Yes,No,2026-08-03 12:14:11.596454,,Enterprise System
CD00007353,ACC00007027,2214079562620120,Debit,Visa,2015-07-12,2020-07-10,0.0,Active,UBIKA MODI,247,Generated,Yes,Yes,2026-08-03 12:14:11.596454,,Enterprise System
CD00007354,ACC00007029,8362734190790291,Prepaid,Visa,2022-05-05,2027-05-04,10000.0,Active,DOMINIC CHAD,615,Generated,Yes,No,2026-08-03 12:14:11.597459,,Enterprise System
CD00007355,ACC00007030,8255875932933723,Credit,American Express,2026-05-30,2031-05-29,200000.0,Lost,AARUSH JAYARAMAN,284,Generated,Yes,No,2026-08-03 12:14:11.597459,,Enterprise System
CD00007356,ACC00007030,9001320021503635,Credit,Visa,2026-07-16,2031-07-15,100000.0,Active,AARUSH JAYARAMAN,835,Generated,Yes,No,2026-08-03 12:14:11.597459,,Enterprise System
CD00007357,ACC00007031,4713159317360175,Debit,American Express,2023-09-14,2028-09-12,0.0,Active,ONKAR DUA,998,Generated,Yes,No,2026-08-03 12:14:11.597459,,Enterprise System
CD00007358,ACC00007032,1869312429805301,Credit,Visa,2021-03-28,2026-03-27,100000.0,Active,KAI KOTA,563,Generated,Yes,No,2026-08-03 12:14:11.598461,,Enterprise System
CD00007359,ACC00007032,6838148441246379,Debit,Visa,2019-02-10,2024-02-09,0.0,Active,KAI KOTA,719,Generated,Yes,No,2026-08-03 12:14:11.598461,,Enterprise System
CD00007360,ACC00007033,5755478941222924,Debit,RuPay,2026-03-27,2031-03-26,0.0,Active,ONVEER SODHI,535,Generated,Yes,No,2026-08-03 12:14:11.598461,,Enterprise System
CD00007361,ACC00007033,5040620674484859,Debit,Mastercard,2022-08-25,2027-08-24,0.0,Active,ONVEER SODHI,951,Generated,Yes,No,2026-08-03 12:14:11.598461,,Enterprise System
CD00007362,ACC00007034,8002830507513038,Debit,Mastercard,2020-05-02,2025-05-01,0.0,Active,RAJATA WASON,674,Generated,Yes,Yes,2026-08-03 12:14:11.599969,,Enterprise System
CD00007363,ACC00007034,4814360635502171,Debit,Visa,2020-07-17,2025-07-16,0.0,Active,RAJATA WASON,480,Generated,Yes,Yes,2026-08-03 12:14:11.599969,,Enterprise System
CD00007364,ACC00007035,3013567203919123,Debit,RuPay,2024-05-14,2029-05-13,0.0,Active,CHAKRADHAR TAILOR,665,Generated,Yes,Yes,2026-08-03 12:14:11.600978,,Enterprise System
CD00007365,ACC00007037,4396709795399609,Debit,Mastercard,2023-10-12,2028-10-10,0.0,Expired,HARINAKSHI SARIN,869,Generated,Yes,No,2026-08-03 12:14:11.600978,,Enterprise System
CD00007366,ACC00007038,8044135933997846,Debit,RuPay,2013-06-25,2018-06-24,0.0,Expired,CHARVI DEVI,348,Generated,No,Yes,2026-08-03 12:14:11.600978,,Enterprise System
CD00007367,ACC00007038,9095798041720412,Debit,Visa,2020-11-23,2025-11-22,0.0,Active,CHARVI DEVI,115,Pending,Yes,No,2026-08-03 12:14:11.602098,,Enterprise System
CD00007368,ACC00007039,9072871310921194,Debit,RuPay,2009-10-28,2014-10-27,0.0,Active,SNEHA MISHRA,636,Pending,Yes,Yes,2026-08-03 12:14:11.602098,,Enterprise System
CD00007369,ACC00007040,9308993190657404,Credit,Mastercard,2020-10-30,2025-10-29,100000.0,Active,DEVIKA GARA,927,Generated,Yes,Yes,2026-08-03 12:14:11.602098,,Enterprise System
CD00007370,ACC00007042,8010374189288750,Credit,Visa,2018-07-11,2023-07-10,1000000.0,Active,QARIN KALITA,252,Generated,Yes,No,2026-08-03 12:14:11.603125,,Enterprise System
CD00007371,ACC00007043,4894165911968582,Debit,Visa,2025-08-15,2030-08-14,0.0,Active,YATAN DESHPANDE,166,Generated,Yes,No,2026-08-03 12:14:11.603125,,Enterprise System
CD00007372,ACC00007044,9981387435000931,Debit,Visa,2014-04-02,2019-04-01,0.0,Active,ETA CHANDER,843,Generated,Yes,Yes,2026-08-03 12:14:11.604125,,Enterprise System
CD00007373,ACC00007045,8765756707894206,Credit,Mastercard,2024-08-12,2029-08-11,500000.0,Active,RISHI CHAWLA,371,Generated,Yes,No,2026-08-03 12:14:11.604125,,Enterprise System
CD00007374,ACC00007046,8301374852339842,Prepaid,RuPay,2024-10-14,2029-10-13,25000.0,Active,MAX BHARGAVA,177,Generated,No,No,2026-08-03 12:14:11.604125,,Enterprise System
CD00007375,ACC00007047,4989523794501737,Debit,RuPay,2018-06-14,2023-06-13,0.0,Active,GEORGE GARDE,396,Generated,Yes,Yes,2026-08-03 12:14:11.605125,,Enterprise System
CD00007376,ACC00007048,4538609354553871,Credit,RuPay,2015-09-09,2020-09-07,1000000.0,Active,DEVANSH BARIA,253,Pending,Yes,No,2026-08-03 12:14:11.605125,,Enterprise System
CD00007377,ACC00007049,4568873290951513,Credit,RuPay,2026-05-21,2031-05-20,200000.0,Active,HEMANGINI KHARE,131,Generated,Yes,No,2026-08-03 12:14:11.605125,,Enterprise System
CD00007378,ACC00007049,8118878658886929,Credit,Visa,2025-09-13,2030-09-12,100000.0,Active,HEMANGINI KHARE,155,Generated,Yes,No,2026-08-03 12:14:11.606124,,Enterprise System
CD00007379,ACC00007051,5190572969418916,Charge,RuPay,2014-03-23,2019-03-22,200000.0,Active,BALHAAR BASU,790,Generated,No,No,2026-08-03 12:14:11.606124,,Enterprise System
CD00007380,ACC00007053,9477459749768830,Debit,RuPay,2026-02-01,2031-01-31,0.0,Active,KARAN DOCTOR,416,Generated,Yes,No,2026-08-03 12:14:11.607124,,Enterprise System
CD00007381,ACC00007053,0865123987915490,Debit,Visa,2026-07-28,2031-07-27,0.0,Stolen,KARAN DOCTOR,481,Generated,Yes,Yes,2026-08-03 12:14:11.607124,,Enterprise System
CD00007382,ACC00007054,8903034621029481,Debit,Visa,2024-12-18,2029-12-17,0.0,Active,EDHITHA MANNE,292,Generated,Yes,Yes,2026-08-03 12:14:11.607124,,Enterprise System
CD00007383,ACC00007055,0888878853653612,Debit,RuPay,2025-09-09,2030-09-08,0.0,Active,LAJITA GUHA,883,Generated,Yes,No,2026-08-03 12:14:11.607124,,Enterprise System
CD00007384,ACC00007055,6537826617342685,Debit,Mastercard,2025-04-30,2030-04-29,0.0,Active,LAJITA GUHA,490,Generated,Yes,No,2026-08-03 12:14:11.608123,,Enterprise System
CD00007385,ACC00007056,7132251864925542,Debit,Mastercard,2024-06-28,2029-06-27,0.0,Active,HARDIK WABLE,674,Generated,Yes,Yes,2026-08-03 12:14:11.608123,,Enterprise System
CD00007386,ACC00007056,0680523361444540,Charge,Visa,2023-08-11,2028-08-09,100000.0,Expired,HARDIK WABLE,604,Generated,Yes,No,2026-08-03 12:14:11.608123,,Enterprise System
CD00007387,ACC00007057,8629525901699927,Debit,Mastercard,2023-04-12,2028-04-10,0.0,Active,ARYAN BAIL,809,Generated,Yes,No,2026-08-03 12:14:11.608123,,Enterprise System
CD00007388,ACC00007058,5404547633368128,Debit,Visa,2025-02-26,2030-02-25,0.0,Closed,BALENDRA KARNIK,811,Pending,Yes,No,2026-08-03 12:14:11.608123,,Enterprise System
CD00007389,ACC00007059,8440860308828178,Debit,Visa,2024-03-06,2029-03-05,0.0,Active,YASHODHARA SHA,585,Generated,Yes,No,2026-08-03 12:14:11.609626,,Enterprise System
CD00007390,ACC00007059,2693484271225913,Credit,American Express,2021-05-28,2026-05-27,50000.0,Closed,YASHODHARA SHA,351,Pending,Yes,No,2026-08-03 12:14:11.609626,,Enterprise System
CD00007391,ACC00007061,1737372003193209,Debit,Mastercard,2015-08-19,2020-08-17,0.0,Active,ETA SANGHVI,474,Generated,Yes,Yes,2026-08-03 12:14:11.609626,,Enterprise System
CD00007392,ACC00007061,9794908697519181,Credit,RuPay,2018-10-23,2023-10-22,500000.0,Active,ETA SANGHVI,340,Generated,Yes,No,2026-08-03 12:14:11.610630,,Enterprise System
CD00007393,ACC00007062,3451222200372693,Credit,RuPay,2016-03-01,2021-02-28,500000.0,Active,BALVAN DIN,356,Generated,Yes,Yes,2026-08-03 12:14:11.610630,,Enterprise System
CD00007394,ACC00007063,5436037092448201,Credit,Visa,2025-11-27,2030-11-26,50000.0,Closed,ATI CHANDA,462,Generated,Yes,No,2026-08-03 12:14:11.610630,,Enterprise System
CD00007395,ACC00007063,9122352416972685,Prepaid,Visa,2017-11-06,2022-11-05,25000.0,Active,ATI CHANDA,870,Generated,Yes,No,2026-08-03 12:14:11.611630,,Enterprise System
CD00007396,ACC00007065,8840530887428832,Credit,Mastercard,2023-02-03,2028-02-02,500000.0,Active,KEVIN DEO,186,Generated,Yes,No,2026-08-03 12:14:11.611630,,Enterprise System
CD00007397,ACC00007065,9977377963690984,Credit,Visa,2019-09-24,2024-09-22,100000.0,Active,KEVIN DEO,813,Pending,Yes,Yes,2026-08-03 12:14:11.611630,,Enterprise System
CD00007398,ACC00007066,9315173459321328,Debit,Visa,2016-08-17,2021-08-16,0.0,Active,ISHITA MITTER,541,Generated,Yes,No,2026-08-03 12:14:11.612630,,Enterprise System
CD00007399,ACC00007067,7279726596763315,Credit,Visa,2022-06-01,2027-05-31,200000.0,Active,DEEPA RAVEL,374,Pending,Yes,Yes,2026-08-03 12:14:11.612630,,Enterprise System
CD00007400,ACC00007067,1101224947687642,Debit,RuPay,2019-08-26,2024-08-24,0.0,Blocked,DEEPA RAVEL,950,Generated,Yes,Yes,2026-08-03 12:14:11.612630,,Enterprise System
CD00007401,ACC00007069,2390334527323857,Debit,Mastercard,2015-04-20,2020-04-18,0.0,Active,OJAS DHALIWAL,654,Generated,Yes,Yes,2026-08-03 12:14:11.612630,,Enterprise System
CD00007402,ACC00007070,6508070268151351,Debit,RuPay,2021-03-19,2026-03-18,0.0,Active,RANBIR NAYAK,482,Generated,Yes,Yes,2026-08-03 12:14:11.613630,,Enterprise System
CD00007403,ACC00007070,2342444012218255,Debit,RuPay,2022-01-12,2027-01-11,0.0,Active,RANBIR NAYAK,591,Generated,Yes,No,2026-08-03 12:14:11.613630,,Enterprise System
CD00007404,ACC00007071,2001901262471426,Debit,Visa,2012-06-12,2017-06-11,0.0,Active,ZINAL SANDHU,389,Generated,Yes,No,2026-08-03 12:14:11.614630,,Enterprise System
CD00007405,ACC00007073,5802466085138274,Debit,RuPay,2017-06-25,2022-06-24,0.0,Active,ABEER ROY,173,Generated,Yes,Yes,2026-08-03 12:14:11.614630,,Enterprise System
CD00007406,ACC00007073,1507515042382269,Debit,Visa,2025-03-25,2030-03-24,0.0,Active,ABEER ROY,992,Generated,Yes,No,2026-08-03 12:14:11.614630,,Enterprise System
CD00007407,ACC00007075,1583035619110683,Debit,Visa,2017-01-13,2022-01-12,0.0,Active,RIYA GILL,122,Generated,Yes,No,2026-08-03 12:14:11.615630,,Enterprise System
CD00007408,ACC00007076,3958407398446956,Debit,Visa,2011-11-22,2016-11-20,0.0,Active,SAMAKSH SEM,863,Generated,Yes,Yes,2026-08-03 12:14:11.615630,,Enterprise System
CD00007409,ACC00007077,1277391081799272,Prepaid,Mastercard,2020-10-06,2025-10-05,50000.0,Active,ARJUN GHOSE,175,Generated,Yes,No,2026-08-03 12:14:11.615630,,Enterprise System
CD00007410,ACC00007079,5852306460030272,Debit,Mastercard,2017-09-11,2022-09-10,0.0,Active,DARPAN KIBE,900,Generated,No,No,2026-08-03 12:14:11.616630,,Enterprise System
CD00007411,ACC00007080,1149377428625960,Debit,Visa,2025-11-22,2030-11-21,0.0,Active,GAURANG RAJU,166,Generated,No,No,2026-08-03 12:14:11.616630,,Enterprise System
CD00007412,ACC00007082,3050247132105678,Debit,RuPay,2022-10-08,2027-10-07,0.0,Active,SACHI SHANKER,688,Generated,Yes,No,2026-08-03 12:14:11.616630,,Enterprise System
CD00007413,ACC00007084,1876081556184667,Debit,American Express,2012-09-08,2017-09-07,0.0,Active,LAVANYA RAMACHANDRAN,309,Generated,Yes,Yes,2026-08-03 12:14:11.617631,,Enterprise System
CD00007414,ACC00007086,7121846744770741,Credit,Visa,2025-10-19,2030-10-18,500000.0,Active,LIBNI KAPADIA,941,Generated,Yes,No,2026-08-03 12:14:11.617631,,Enterprise System
CD00007415,ACC00007087,0366275960194602,Debit,Visa,2021-01-20,2026-01-19,0.0,Active,GOPAL PUROHIT,921,Generated,Yes,No,2026-08-03 12:14:11.617631,,Enterprise System
CD00007416,ACC00007089,6277834762236352,Credit,Mastercard,2026-03-09,2031-03-08,1000000.0,Active,HREDHAAN LALA,583,Generated,Yes,No,2026-08-03 12:14:11.618631,,Enterprise System
CD00007417,ACC00007091,1534356865364223,Debit,RuPay,2020-02-07,2025-02-05,0.0,Active,NIMRAT GOKHALE,734,Generated,Yes,No,2026-08-03 12:14:11.618631,,Enterprise System
CD00007418,ACC00007092,2731505951078267,Debit,Mastercard,2023-06-03,2028-06-01,0.0,Active,JHALAK DEY,736,Generated,Yes,Yes,2026-08-03 12:14:11.618631,,Enterprise System
CD00007419,ACC00007093,0357362889696732,Credit,Visa,2020-06-15,2025-06-14,200000.0,Active,NAKUL KALITA,634,Generated,Yes,No,2026-08-03 12:14:11.619630,,Enterprise System
CD00007420,ACC00007094,2081803378876892,Credit,RuPay,2026-06-23,2031-06-22,50000.0,Active,GIRIK KULKARNI,595,Generated,Yes,Yes,2026-08-03 12:14:11.619630,,Enterprise System
CD00007421,ACC00007095,7890227999730380,Debit,RuPay,2024-07-09,2029-07-08,0.0,Active,GAUTAMI MUNI,948,Generated,Yes,No,2026-08-03 12:14:11.619630,,Enterprise System
CD00007422,ACC00007095,4122067042270513,Credit,RuPay,2017-10-21,2022-10-20,50000.0,Active,GAUTAMI MUNI,509,Generated,Yes,No,2026-08-03 12:14:11.620672,,Enterprise System
CD00007423,ACC00007098,9345038882937049,Debit,Visa,2026-04-22,2031-04-21,0.0,Blocked,HITESH VENKATARAMAN,132,Generated,Yes,No,2026-08-03 12:14:11.620672,,Enterprise System
CD00007424,ACC00007099,3640977099209984,Debit,Mastercard,2014-06-14,2019-06-13,0.0,Active,EKAJA GABA,661,Generated,Yes,No,2026-08-03 12:14:11.620672,,Enterprise System
CD00007425,ACC00007100,3072713096981890,Debit,Visa,2012-11-23,2017-11-22,0.0,Expired,NIDHI BANERJEE,104,Generated,No,No,2026-08-03 12:14:11.620672,,Enterprise System
CD00007426,ACC00007100,8691466430844978,Debit,Visa,2021-10-21,2026-10-20,0.0,Active,NIDHI BANERJEE,312,Generated,Yes,No,2026-08-03 12:14:11.621672,,Enterprise System
CD00007427,ACC00007101,2440564774859657,Charge,Mastercard,2013-06-26,2018-06-25,50000.0,Active,SIDDHARTH JAIN,867,Generated,Yes,Yes,2026-08-03 12:14:11.621672,,Enterprise System
CD00007428,ACC00007102,8518035725462281,Debit,Visa,2024-11-07,2029-11-06,0.0,Active,LEELA SALVI,875,Generated,Yes,No,2026-08-03 12:14:11.621672,,Enterprise System
CD00007429,ACC00007104,3512350486968130,Debit,Visa,2024-12-03,2029-12-02,0.0,Closed,UDARSH MAND,169,Generated,Yes,Yes,2026-08-03 12:14:11.622671,,Enterprise System
CD00007430,ACC00007105,4760832088738214,Debit,Mastercard,2021-04-02,2026-04-01,0.0,Active,CHANAKYA DUTT,755,Generated,Yes,No,2026-08-03 12:14:11.622671,,Enterprise System
CD00007431,ACC00007105,2254965908556527,Debit,Mastercard,2010-12-12,2015-12-11,0.0,Active,CHANAKYA DUTT,103,Generated,Yes,Yes,2026-08-03 12:14:11.622671,,Enterprise System
CD00007432,ACC00007106,5720691551368807,Debit,RuPay,2023-12-06,2028-12-04,0.0,Active,ATHARV SURI,192,Generated,Yes,No,2026-08-03 12:14:11.623671,,Enterprise System
CD00007433,ACC00007107,4911467884717007,Credit,RuPay,2024-11-10,2029-11-09,200000.0,Active,NEEL BABU,327,Generated,Yes,No,2026-08-03 12:14:11.623671,,Enterprise System
CD00007434,ACC00007108,7380757640373839,Debit,Visa,2015-07-09,2020-07-07,0.0,Active,JONATHAN GROVER,589,Generated,Yes,No,2026-08-03 12:14:11.623671,,Enterprise System
CD00007435,ACC00007110,4489159944145140,Debit,Visa,2024-08-04,2029-08-03,0.0,Active,NIHARIKA DOSHI,648,Generated,Yes,No,2026-08-03 12:14:11.623671,,Enterprise System
CD00007436,ACC00007111,2208211392063477,Credit,RuPay,2020-12-27,2025-12-26,200000.0,Active,NIKITA MOHANTY,766,Generated,Yes,No,2026-08-03 12:14:11.624671,,Enterprise System
CD00007437,ACC00007112,2996173177332206,Credit,Visa,2017-05-09,2022-05-08,100000.0,Active,GANGA BUTALA,604,Generated,Yes,No,2026-08-03 12:14:11.624671,,Enterprise System
CD00007438,ACC00007113,1232552497847362,Debit,RuPay,2017-10-17,2022-10-16,0.0,Blocked,FORUM BALAKRISHNAN,413,Generated,Yes,No,2026-08-03 12:14:11.624671,,Enterprise System
CD00007439,ACC00007114,6465263233859377,Debit,Visa,2022-08-16,2027-08-15,0.0,Active,RAJESHRI DEWAN,366,Generated,Yes,No,2026-08-03 12:14:11.625671,,Enterprise System
CD00007440,ACC00007115,6590548585346909,Debit,Visa,2021-05-19,2026-05-18,0.0,Active,JAGRATI REGE,337,Generated,Yes,No,2026-08-03 12:14:11.625671,,Enterprise System
CD00007441,ACC00007118,3126636091057883,Debit,Mastercard,2024-02-24,2029-02-22,0.0,Active,AVNI DAS,651,Generated,Yes,No,2026-08-03 12:14:11.625671,,Enterprise System
CD00007442,ACC00007119,8444944205265848,Debit,Visa,2020-12-18,2025-12-17,0.0,Active,ETHAN PRABHAKAR,778,Generated,Yes,Yes,2026-08-03 12:14:11.626672,,Enterprise System
CD00007443,ACC00007120,3341282086561266,Credit,Visa,2020-08-31,2025-08-30,500000.0,Active,HEMA SENGUPTA,119,Pending,Yes,No,2026-08-03 12:14:11.626672,,Enterprise System
CD00007444,ACC00007123,9124428754415410,Credit,American Express,2022-10-23,2027-10-22,100000.0,Closed,MADHAVI KOTHARI,310,Generated,Yes,Yes,2026-08-03 12:14:11.626672,,Enterprise System
CD00007445,ACC00007123,6561507505521553,Debit,Visa,2024-12-15,2029-12-14,0.0,Active,MADHAVI KOTHARI,826,Generated,No,Yes,2026-08-03 12:14:11.627671,,Enterprise System
CD00007446,ACC00007124,5404167763277070,Debit,RuPay,2025-06-14,2030-06-13,0.0,Blocked,JACKSON DESHPANDE,257,Generated,Yes,Yes,2026-08-03 12:14:11.627671,,Enterprise System
CD00007447,ACC00007124,3403543388382379,Charge,Mastercard,2021-09-19,2026-09-18,50000.0,Active,JACKSON DESHPANDE,670,Generated,Yes,No,2026-08-03 12:14:11.627671,,Enterprise System
CD00007448,ACC00007125,7364979914184686,Debit,RuPay,2014-05-02,2019-05-01,0.0,Active,MANBIR SESHADRI,652,Generated,Yes,No,2026-08-03 12:14:11.628671,,Enterprise System
CD00007449,ACC00007126,0372337067127492,Debit,Visa,2024-10-31,2029-10-30,0.0,Active,GAYATHRI KARI,298,Generated,Yes,Yes,2026-08-03 12:14:11.628671,,Enterprise System
CD00007450,ACC00007128,3334918573279770,Debit,American Express,2026-06-29,2031-06-28,0.0,Active,HITESH DUBE,624,Pending,Yes,No,2026-08-03 12:14:11.628671,,Enterprise System
CD00007451,ACC00007130,3690095049460800,Debit,American Express,2024-10-18,2029-10-17,0.0,Active,ISHANVI PRASHAD,461,Generated,Yes,No,2026-08-03 12:14:11.629671,,Enterprise System
CD00007452,ACC00007130,0000730137569417,Debit,Mastercard,2026-07-09,2031-07-08,0.0,Active,ISHANVI PRASHAD,485,Generated,Yes,Yes,2026-08-03 12:14:11.629671,,Enterprise System
CD00007453,ACC00007131,2095058592196672,Debit,Visa,2020-03-25,2025-03-24,0.0,Active,YASHASVI MORAR,671,Pending,Yes,Yes,2026-08-03 12:14:11.629671,,Enterprise System
CD00007454,ACC00007131,3641893242641522,Debit,Mastercard,2018-01-31,2023-01-30,0.0,Active,YASHASVI MORAR,740,Generated,Yes,No,2026-08-03 12:14:11.629671,,Enterprise System
CD00007455,ACC00007132,0326011687951688,Debit,RuPay,2023-01-21,2028-01-20,0.0,Active,VANSHA DIN,892,Generated,Yes,No,2026-08-03 12:14:11.630771,,Enterprise System
CD00007456,ACC00007132,7637219374427125,Credit,RuPay,2013-12-11,2018-12-10,200000.0,Blocked,VANSHA DIN,267,Generated,Yes,No,2026-08-03 12:14:11.630771,,Enterprise System
CD00007457,ACC00007135,6697237335216649,Debit,RuPay,2009-02-20,2014-02-19,0.0,Active,HREDHAAN MITTER,877,Generated,Yes,No,2026-08-03 12:14:11.630771,,Enterprise System
CD00007458,ACC00007136,2100336306075539,Debit,Visa,2020-07-01,2025-06-30,0.0,Active,BAGHYAWATI BHAKTA,151,Generated,Yes,Yes,2026-08-03 12:14:11.631771,,Enterprise System
CD00007459,ACC00007136,3583537281559585,Debit,RuPay,2021-05-20,2026-05-19,0.0,Active,BAGHYAWATI BHAKTA,462,Generated,Yes,No,2026-08-03 12:14:11.631771,,Enterprise System
CD00007460,ACC00007137,0281177827589267,Debit,Mastercard,2022-05-29,2027-05-28,0.0,Active,HEMANI BALA,981,Generated,Yes,No,2026-08-03 12:14:11.631771,,Enterprise System
CD00007461,ACC00007141,7328354818756122,Debit,Mastercard,2025-12-14,2030-12-13,0.0,Active,VIRAJ PAREKH,840,Generated,No,Yes,2026-08-03 12:14:11.632772,,Enterprise System
CD00007462,ACC00007142,6904352110974558,Credit,Mastercard,2025-06-17,2030-06-16,50000.0,Closed,QARIN BAHL,467,Generated,Yes,No,2026-08-03 12:14:11.632772,,Enterprise System
CD00007463,ACC00007143,8624014415939881,Debit,American Express,2022-06-24,2027-06-23,0.0,Active,NATHANIEL SANE,633,Generated,Yes,No,2026-08-03 12:14:11.632772,,Enterprise System
CD00007464,ACC00007143,2795653620205066,Credit,Visa,2025-03-29,2030-03-28,50000.0,Active,NATHANIEL SANE,175,Generated,Yes,No,2026-08-03 12:14:11.632772,,Enterprise System
CD00007465,ACC00007144,2599650883128150,Debit,RuPay,2020-11-14,2025-11-13,0.0,Active,BALVAN DHAR,945,Generated,Yes,Yes,2026-08-03 12:14:11.633771,,Enterprise System
CD00007466,ACC00007145,4635467383211570,Debit,RuPay,2020-03-06,2025-03-05,0.0,Active,URVASHI RAJAGOPALAN,756,Generated,Yes,Yes,2026-08-03 12:14:11.633771,,Enterprise System
CD00007467,ACC00007145,9376687098489021,Credit,Visa,2012-06-14,2017-06-13,50000.0,Active,URVASHI RAJAGOPALAN,455,Generated,Yes,No,2026-08-03 12:14:11.633771,,Enterprise System
CD00007468,ACC00007146,5992826543546368,Debit,RuPay,2022-03-15,2027-03-14,0.0,Active,KAVYA SANI,355,Pending,Yes,Yes,2026-08-03 12:14:11.634771,,Enterprise System
CD00007469,ACC00007147,7781776218444981,Debit,Mastercard,2026-07-29,2031-07-28,0.0,Expired,BALJIWAN SRINIVASAN,538,Generated,Yes,No,2026-08-03 12:14:11.634771,,Enterprise System
CD00007470,ACC00007149,4663848487496403,Debit,RuPay,2026-06-18,2031-06-17,0.0,Active,BALVEER KAKAR,870,Generated,Yes,No,2026-08-03 12:14:11.634771,,Enterprise System
CD00007471,ACC00007150,2811726499425873,Debit,RuPay,2016-05-28,2021-05-27,0.0,Active,ZASHIL SAMI,210,Pending,No,No,2026-08-03 12:14:11.635771,,Enterprise System
CD00007472,ACC00007151,6504063591367178,Debit,RuPay,2023-12-21,2028-12-19,0.0,Active,ARJUN VARGHESE,191,Generated,Yes,No,2026-08-03 12:14:11.635771,,Enterprise System
CD00007473,ACC00007153,0442621981505165,Debit,Visa,2024-04-12,2029-04-11,0.0,Active,DAMINI NAIK,754,Generated,Yes,No,2026-08-03 12:14:11.635771,,Enterprise System
CD00007474,ACC00007153,5074030789678440,Debit,RuPay,2021-01-07,2026-01-06,0.0,Lost,DAMINI NAIK,296,Generated,No,Yes,2026-08-03 12:14:11.636771,,Enterprise System
CD00007475,ACC00007155,6543610606075118,Debit,Mastercard,2019-07-28,2024-07-26,0.0,Active,HEMANG MAHAL,287,Generated,Yes,No,2026-08-03 12:14:11.636771,,Enterprise System
CD00007476,ACC00007156,9007334576759184,Credit,Mastercard,2017-09-19,2022-09-18,500000.0,Active,UPMA SANE,212,Generated,Yes,No,2026-08-03 12:14:11.636771,,Enterprise System
CD00007477,ACC00007156,0437985890014394,Debit,Visa,2021-09-09,2026-09-08,0.0,Active,UPMA SANE,778,Generated,Yes,Yes,2026-08-03 12:14:11.636771,,Enterprise System
CD00007478,ACC00007157,3856766541699933,Debit,Visa,2018-04-06,2023-04-05,0.0,Active,GUNEET SAXENA,354,Generated,Yes,No,2026-08-03 12:14:11.637771,,Enterprise System
CD00007479,ACC00007158,1988080613559919,Debit,Mastercard,2018-07-29,2023-07-28,0.0,Active,RAAGINI GANESAN,619,Generated,Yes,No,2026-08-03 12:14:11.637771,,Enterprise System
CD00007480,ACC00007159,6038942246504134,Debit,Visa,2025-06-14,2030-06-13,0.0,Active,TANISH RAJAGOPAL,111,Generated,Yes,No,2026-08-03 12:14:11.637771,,Enterprise System
CD00007481,ACC00007160,5236314404367969,Debit,Visa,2010-07-07,2015-07-06,0.0,Active,CHAKRIKA CHOUDHRY,955,Generated,No,No,2026-08-03 12:14:11.638771,,Enterprise System
CD00007482,ACC00007160,9427999467540007,Debit,Mastercard,2010-04-20,2015-04-19,0.0,Active,CHAKRIKA CHOUDHRY,981,Generated,Yes,No,2026-08-03 12:14:11.638771,,Enterprise System
CD00007483,ACC00007161,3300122868297429,Credit,Mastercard,2025-01-28,2030-01-27,50000.0,Active,LAKSHMI BASAK,515,Generated,Yes,Yes,2026-08-03 12:14:11.638771,,Enterprise System
CD00007484,ACC00007163,9001740867332819,Debit,RuPay,2013-02-07,2018-02-06,0.0,Active,YASHODA JOSHI,900,Generated,Yes,No,2026-08-03 12:14:11.639771,,Enterprise System
CD00007485,ACC00007164,4431386814049746,Debit,Visa,2023-05-01,2028-04-29,0.0,Active,GAURIKA BALAKRISHNAN,670,Generated,Yes,No,2026-08-03 12:14:11.639771,,Enterprise System
CD00007486,ACC00007164,0933282322040853,Debit,Visa,2024-02-14,2029-02-12,0.0,Active,GAURIKA BALAKRISHNAN,203,Generated,Yes,No,2026-08-03 12:14:11.639771,,Enterprise System
CD00007487,ACC00007165,2053713300210175,Debit,RuPay,2024-02-19,2029-02-17,0.0,Active,DAMYANTI NAGARAJAN,409,Generated,Yes,No,2026-08-03 12:14:11.640808,,Enterprise System
CD00007488,ACC00007167,0616314533014767,Credit,Mastercard,2024-06-22,2029-06-21,1000000.0,Active,ALEXANDER SANDHU,569,Generated,Yes,No,2026-08-03 12:14:11.640808,,Enterprise System
CD00007489,ACC00007168,0256106749223483,Prepaid,RuPay,2026-06-17,2031-06-16,25000.0,Closed,MOHINI RAVI,720,Generated,Yes,No,2026-08-03 12:14:11.640808,,Enterprise System
CD00007490,ACC00007168,5974703859397047,Debit,RuPay,2023-05-12,2028-05-10,0.0,Active,MOHINI RAVI,134,Generated,Yes,No,2026-08-03 12:14:11.641809,,Enterprise System
CD00007491,ACC00007169,9112690046500100,Debit,Visa,2015-11-09,2020-11-07,0.0,Active,YASHODHARA THAMAN,753,Generated,No,Yes,2026-08-03 12:14:11.641809,,Enterprise System
CD00007492,ACC00007170,2981929304133350,Credit,RuPay,2026-05-23,2031-05-22,500000.0,Active,RANVEER MANN,704,Generated,Yes,Yes,2026-08-03 12:14:11.641809,,Enterprise System
CD00007493,ACC00007172,5496099246906408,Debit,Mastercard,2026-03-30,2031-03-29,0.0,Active,UBIKA MAMMEN,558,Generated,Yes,Yes,2026-08-03 12:14:11.641809,,Enterprise System
CD00007494,ACC00007173,3294942406409355,Debit,RuPay,2022-01-31,2027-01-30,0.0,Active,TRISTAN SRIDHAR,212,Generated,Yes,No,2026-08-03 12:14:11.642808,,Enterprise System
CD00007495,ACC00007173,7755780918621341,Debit,Mastercard,2020-01-06,2025-01-04,0.0,Active,TRISTAN SRIDHAR,454,Generated,Yes,No,2026-08-03 12:14:11.642808,,Enterprise System
CD00007496,ACC00007174,3530879251397403,Debit,Visa,2025-01-01,2029-12-31,0.0,Active,HARRISON CHAWLA,708,Generated,Yes,No,2026-08-03 12:14:11.642808,,Enterprise System
CD00007497,ACC00007176,8591163485874728,Debit,Mastercard,2020-03-01,2025-02-28,0.0,Active,RACHITA SANI,660,Generated,Yes,No,2026-08-03 12:14:11.643816,,Enterprise System
CD00007498,ACC00007176,2186612021004478,Debit,RuPay,2024-02-27,2029-02-25,0.0,Active,RACHITA SANI,956,Generated,Yes,No,2026-08-03 12:14:11.643816,,Enterprise System
CD00007499,ACC00007177,6380445808401270,Debit,Visa,2019-07-07,2024-07-05,0.0,Lost,FARIQ PILLAY,910,Generated,Yes,No,2026-08-03 12:14:11.643816,,Enterprise System
CD00007500,ACC00007178,3379904299157720,Credit,Visa,2025-07-30,2030-07-29,1000000.0,Lost,TRIVENI DATE,784,Generated,Yes,No,2026-08-03 12:14:11.644809,,Enterprise System
CD00007501,ACC00007179,6185826953108530,Debit,RuPay,2023-06-30,2028-06-28,0.0,Active,LOHIT CHAUDHURI,833,Pending,Yes,No,2026-08-03 12:14:11.644809,,Enterprise System
CD00007502,ACC00007179,0542249328825769,Debit,Mastercard,2023-09-03,2028-09-01,0.0,Active,LOHIT CHAUDHURI,519,Generated,Yes,Yes,2026-08-03 12:14:11.644809,,Enterprise System
CD00007503,ACC00007180,3926984053285816,Prepaid,Mastercard,2025-04-15,2030-04-14,50000.0,Blocked,MEGHANA TAILOR,889,Generated,Yes,No,2026-08-03 12:14:11.645810,,Enterprise System
CD00007504,ACC00007180,2484523010470530,Debit,Mastercard,2023-09-29,2028-09-27,0.0,Active,MEGHANA TAILOR,644,Pending,Yes,Yes,2026-08-03 12:14:11.645810,,Enterprise System
CD00007505,ACC00007181,8964270390743231,Debit,RuPay,2018-01-14,2023-01-13,0.0,Active,JASMIT RAMA,125,Generated,Yes,Yes,2026-08-03 12:14:11.645810,,Enterprise System
CD00007506,ACC00007182,6277003751152407,Credit,RuPay,2015-10-02,2020-09-30,50000.0,Closed,DALBIR DHAR,209,Generated,Yes,No,2026-08-03 12:14:11.646827,,Enterprise System
CD00007507,ACC00007184,6677816965453864,Debit,Visa,2026-04-12,2031-04-11,0.0,Active,ISHANVI MORAR,413,Generated,No,No,2026-08-03 12:14:11.646827,,Enterprise System
CD00007508,ACC00007185,8344238497912473,Credit,Mastercard,2024-08-25,2029-08-24,1000000.0,Active,ETHAN LAD,428,Generated,Yes,No,2026-08-03 12:14:11.646827,,Enterprise System
CD00007509,ACC00007186,9823101553536475,Credit,Mastercard,2020-06-19,2025-06-18,500000.0,Active,JAGAT PRAKASH,429,Generated,Yes,Yes,2026-08-03 12:14:11.646827,,Enterprise System
CD00007510,ACC00007187,6940138416495833,Debit,Mastercard,2025-08-08,2030-08-07,0.0,Active,WRIDDHISH HANS,936,Generated,Yes,No,2026-08-03 12:14:11.647815,,Enterprise System
CD00007511,ACC00007187,0722103295809385,Debit,Mastercard,2026-06-11,2031-06-10,0.0,Active,WRIDDHISH HANS,430,Generated,Yes,No,2026-08-03 12:14:11.647815,,Enterprise System
CD00007512,ACC00007189,5447977040343395,Debit,Visa,2023-05-02,2028-04-30,0.0,Active,HAMSINI GANESAN,521,Generated,Yes,Yes,2026-08-03 12:14:11.647815,,Enterprise System
CD00007513,ACC00007190,0867555509014832,Debit,Visa,2019-07-25,2024-07-23,0.0,Active,SIDDHARTH MANGAT,889,Generated,Yes,No,2026-08-03 12:14:11.648809,,Enterprise System
CD00007514,ACC00007191,6917896872477024,Debit,RuPay,2011-11-10,2016-11-08,0.0,Active,CHAKRADHAR NAGI,751,Pending,Yes,No,2026-08-03 12:14:11.648809,,Enterprise System
CD00007515,ACC00007192,9226539285311070,Debit,Mastercard,2023-03-29,2028-03-27,0.0,Active,MEKHALA LATA,949,Generated,Yes,No,2026-08-03 12:14:11.649830,,Enterprise System
CD00007516,ACC00007193,0320303130532683,Credit,RuPay,2024-07-01,2029-06-30,500000.0,Active,FREDERICK SARIN,722,Generated,Yes,No,2026-08-03 12:14:11.649830,,Enterprise System
CD00007517,ACC00007194,0745450567720313,Credit,Mastercard,2026-04-21,2031-04-20,500000.0,Active,VINCENT KOTHARI,802,Generated,Yes,No,2026-08-03 12:14:11.650354,,Enterprise System
CD00007518,ACC00007194,8605473286125691,Debit,Mastercard,2025-11-10,2030-11-09,0.0,Blocked,VINCENT KOTHARI,295,Generated,Yes,No,2026-08-03 12:14:11.650354,,Enterprise System
CD00007519,ACC00007195,1315835356180217,Charge,Visa,2023-02-06,2028-02-05,50000.0,Active,WAZIR SANKAR,895,Generated,No,No,2026-08-03 12:14:11.650354,,Enterprise System
CD00007520,ACC00007196,9215153771477732,Debit,Mastercard,2017-06-24,2022-06-23,0.0,Active,DAVID MITAL,247,Generated,Yes,No,2026-08-03 12:14:11.651379,,Enterprise System
CD00007521,ACC00007197,4195566850783891,Debit,Mastercard,2021-03-17,2026-03-16,0.0,Closed,ANVI DUGAR,502,Generated,Yes,Yes,2026-08-03 12:14:11.651379,,Enterprise System
CD00007522,ACC00007198,7634922450334558,Debit,RuPay,2021-12-25,2026-12-24,0.0,Active,FARAJ D’ALIA,865,Generated,Yes,Yes,2026-08-03 12:14:11.651379,,Enterprise System
CD00007523,ACC00007198,2386602228789602,Debit,RuPay,2018-02-13,2023-02-12,0.0,Active,FARAJ D’ALIA,366,Generated,Yes,Yes,2026-08-03 12:14:11.651379,,Enterprise System
CD00007524,ACC00007199,5667520948641782,Credit,Mastercard,2026-06-28,2031-06-27,50000.0,Active,VRISHTI DUBEY,119,Generated,Yes,No,2026-08-03 12:14:11.652377,,Enterprise System
CD00007525,ACC00007199,6368124695531603,Debit,RuPay,2026-07-03,2031-07-02,0.0,Active,VRISHTI DUBEY,901,Generated,Yes,No,2026-08-03 12:14:11.652377,,Enterprise System
CD00007526,ACC00007201,5013202542019911,Credit,Mastercard,2022-09-22,2027-09-21,50000.0,Active,FALAK REDDY,668,Generated,No,Yes,2026-08-03 12:14:11.652377,,Enterprise System
CD00007527,ACC00007202,2195138222415393,Debit,Mastercard,2010-06-14,2015-06-13,0.0,Active,GARIMA DUTTA,921,Generated,Yes,Yes,2026-08-03 12:14:11.653375,,Enterprise System
CD00007528,ACC00007203,7419283120385118,Debit,Mastercard,2016-05-04,2021-05-03,0.0,Active,DAVID NARANG,263,Generated,No,Yes,2026-08-03 12:14:11.653375,,Enterprise System
CD00007529,ACC00007204,0230833658338552,Debit,Mastercard,2010-07-07,2015-07-06,0.0,Active,VRISHTI MINHAS,500,Generated,Yes,No,2026-08-03 12:14:11.653375,,Enterprise System
CD00007530,ACC00007205,2049373323033025,Debit,Visa,2022-03-23,2027-03-22,0.0,Active,UPMA PILLAY,599,Generated,No,No,2026-08-03 12:14:11.654375,,Enterprise System
CD00007531,ACC00007205,5257053573579930,Debit,Mastercard,2018-02-19,2023-02-18,0.0,Active,UPMA PILLAY,850,Generated,Yes,No,2026-08-03 12:14:11.654375,,Enterprise System
CD00007532,ACC00007206,5253350834001965,Debit,Mastercard,2020-10-09,2025-10-08,0.0,Active,MEGHANA KAPUR,384,Generated,Yes,No,2026-08-03 12:14:11.654375,,Enterprise System
CD00007533,ACC00007207,0423767180075224,Debit,RuPay,2017-03-26,2022-03-25,0.0,Expired,JAGDISH HAYER,617,Pending,Yes,No,2026-08-03 12:14:11.655376,,Enterprise System
CD00007534,ACC00007208,4628764047463118,Debit,RuPay,2021-11-30,2026-11-29,0.0,Active,GIRIK SOMAN,131,Generated,Yes,No,2026-08-03 12:14:11.655376,,Enterprise System
CD00007535,ACC00007208,5321736624258507,Credit,Mastercard,2019-07-22,2024-07-20,500000.0,Active,GIRIK SOMAN,277,Generated,Yes,Yes,2026-08-03 12:14:11.655376,,Enterprise System
CD00007536,ACC00007210,1092380925876557,Credit,Visa,2026-04-02,2031-04-01,50000.0,Active,VEDIKA BHALLA,865,Generated,Yes,Yes,2026-08-03 12:14:11.656376,,Enterprise System
CD00007537,ACC00007213,3767860385414428,Debit,RuPay,2026-03-02,2031-03-01,0.0,Active,FORUM PRABHU,558,Generated,Yes,No,2026-08-03 12:14:11.656376,,Enterprise System
CD00007538,ACC00007215,7181638299917176,Credit,Visa,2015-01-20,2020-01-19,50000.0,Active,AMRUTA NATT,833,Generated,Yes,Yes,2026-08-03 12:14:11.656376,,Enterprise System
CD00007539,ACC00007216,7963096595605179,Debit,Visa,2025-10-23,2030-10-22,0.0,Active,NAKUL GARDE,222,Generated,Yes,Yes,2026-08-03 12:14:11.656376,,Enterprise System
CD00007540,ACC00007217,4894348409593192,Prepaid,RuPay,2024-05-19,2029-05-18,50000.0,Active,JALSA GARA,711,Generated,Yes,No,2026-08-03 12:14:11.657375,,Enterprise System
CD00007541,ACC00007218,0425920193467845,Debit,Visa,2022-10-02,2027-10-01,0.0,Active,BHAVANI GOSWAMI,777,Generated,Yes,No,2026-08-03 12:14:11.657375,,Enterprise System
CD00007542,ACC00007218,8926753648601681,Debit,Mastercard,2026-06-28,2031-06-27,0.0,Active,BHAVANI GOSWAMI,913,Generated,Yes,No,2026-08-03 12:14:11.657375,,Enterprise System
CD00007543,ACC00007220,4312628938203846,Prepaid,RuPay,2020-11-21,2025-11-20,10000.0,Active,NILIMA GOLLA,111,Generated,Yes,No,2026-08-03 12:14:11.658375,,Enterprise System
CD00007544,ACC00007220,7208020059821934,Debit,Visa,2023-12-31,2028-12-29,0.0,Active,NILIMA GOLLA,786,Generated,Yes,No,2026-08-03 12:14:11.658375,,Enterprise System
CD00007545,ACC00007221,5952486394832055,Debit,Mastercard,2026-06-19,2031-06-18,0.0,Active,PAVANI NARANG,499,Generated,Yes,No,2026-08-03 12:14:11.658375,,Enterprise System
CD00007546,ACC00007222,7570082428387257,Credit,RuPay,2023-03-11,2028-03-09,200000.0,Active,CHAITANYA CHAR,180,Pending,Yes,Yes,2026-08-03 12:14:11.658375,,Enterprise System
CD00007547,ACC00007222,1143857322824390,Debit,Mastercard,2023-02-10,2028-02-09,0.0,Active,CHAITANYA CHAR,638,Generated,No,Yes,2026-08-03 12:14:11.658375,,Enterprise System
CD00007548,ACC00007223,3699424575645368,Debit,Mastercard,2026-04-01,2031-03-31,0.0,Active,GABRIEL SUNDER,715,Pending,Yes,No,2026-08-03 12:14:11.659899,,Enterprise System
CD00007549,ACC00007224,3268600340233793,Prepaid,Visa,2011-08-27,2016-08-25,50000.0,Active,LAKSHMI BANERJEE,795,Generated,Yes,No,2026-08-03 12:14:11.659899,,Enterprise System
CD00007550,ACC00007226,5516507053741786,Debit,American Express,2016-10-26,2021-10-25,0.0,Closed,CHATRESH ACHARYA,539,Generated,Yes,Yes,2026-08-03 12:14:11.659899,,Enterprise System
CD00007551,ACC00007227,2703187295867110,Credit,Visa,2022-01-27,2027-01-26,100000.0,Active,ISHITA BASSI,321,Generated,Yes,Yes,2026-08-03 12:14:11.660911,,Enterprise System
CD00007552,ACC00007228,4902286469114507,Charge,RuPay,2026-07-28,2031-07-27,1000000.0,Active,FIYAZ SARRAF,343,Generated,Yes,No,2026-08-03 12:14:11.660911,,Enterprise System
CD00007553,ACC00007228,3234429088817783,Debit,Mastercard,2026-07-20,2031-07-19,0.0,Active,FIYAZ SARRAF,347,Generated,Yes,No,2026-08-03 12:14:11.661935,,Enterprise System
CD00007554,ACC00007229,3756374230831352,Debit,American Express,2026-04-08,2031-04-07,0.0,Active,UMANG NATH,721,Generated,Yes,No,2026-08-03 12:14:11.661935,,Enterprise System
CD00007555,ACC00007229,5816081863329260,Debit,Visa,2026-02-05,2031-02-04,0.0,Active,UMANG NATH,673,Generated,Yes,No,2026-08-03 12:14:11.661935,,Enterprise System
CD00007556,ACC00007230,0425236346713794,Debit,Visa,2023-01-17,2028-01-16,0.0,Active,CALEB MEMON,947,Generated,Yes,No,2026-08-03 12:14:11.662930,,Enterprise System
CD00007557,ACC00007231,2559925506635799,Debit,Mastercard,2020-06-08,2025-06-07,0.0,Active,DAKSH BASAK,181,Generated,Yes,No,2026-08-03 12:14:11.662930,,Enterprise System
CD00007558,ACC00007233,1016585766983176,Debit,Mastercard,2024-05-14,2029-05-13,0.0,Active,BANJEET TIWARI,504,Generated,Yes,Yes,2026-08-03 12:14:11.663929,,Enterprise System
CD00007559,ACC00007233,2714738585360566,Credit,Mastercard,2022-11-21,2027-11-20,100000.0,Active,BANJEET TIWARI,744,Generated,Yes,Yes,2026-08-03 12:14:11.663929,,Enterprise System
CD00007560,ACC00007235,4928108849542727,Credit,RuPay,2009-10-15,2014-10-14,1000000.0,Active,VIHAAN KALA,203,Generated,Yes,No,2026-08-03 12:14:11.664929,,Enterprise System
CD00007561,ACC00007235,1709903546481417,Prepaid,Visa,2023-12-16,2028-12-14,25000.0,Active,VIHAAN KALA,759,Generated,Yes,No,2026-08-03 12:14:11.664929,,Enterprise System
CD00007562,ACC00007236,8150244422992206,Credit,RuPay,2023-10-05,2028-10-03,500000.0,Expired,BALJIWAN MORAR,848,Generated,Yes,Yes,2026-08-03 12:14:11.665913,,Enterprise System
CD00007563,ACC00007236,1138031468919423,Credit,Mastercard,2017-07-10,2022-07-09,200000.0,Active,BALJIWAN MORAR,639,Generated,Yes,Yes,2026-08-03 12:14:11.665913,,Enterprise System
CD00007564,ACC00007237,7897655097593550,Credit,RuPay,2022-04-01,2027-03-31,500000.0,Active,KASHISH AURORA,407,Generated,Yes,Yes,2026-08-03 12:14:11.666911,,Enterprise System
CD00007565,ACC00007239,8951443475789155,Credit,RuPay,2025-11-11,2030-11-10,200000.0,Active,ABHIRAM NARASIMHAN,860,Generated,No,No,2026-08-03 12:14:11.666911,,Enterprise System
CD00007566,ACC00007240,8909829695708197,Debit,Mastercard,2016-08-24,2021-08-23,0.0,Lost,KRISHNA NAGAR,244,Generated,Yes,No,2026-08-03 12:14:11.667913,,Enterprise System
CD00007567,ACC00007241,4244481846557320,Debit,Mastercard,2026-01-24,2031-01-23,0.0,Active,IKSHITA SINHA,845,Generated,Yes,No,2026-08-03 12:14:11.667913,,Enterprise System
CD00007568,ACC00007243,0343156196408733,Debit,Mastercard,2020-05-27,2025-05-26,0.0,Blocked,UMANG SARRAF,535,Generated,Yes,No,2026-08-03 12:14:11.667913,,Enterprise System
CD00007569,ACC00007244,1124707022353435,Debit,Mastercard,2021-09-09,2026-09-08,0.0,Active,ABDUL BOSE,807,Generated,Yes,Yes,2026-08-03 12:14:11.668912,,Enterprise System
CD00007570,ACC00007244,5786645878683767,Credit,Mastercard,2024-05-19,2029-05-18,200000.0,Active,ABDUL BOSE,781,Generated,No,No,2026-08-03 12:14:11.668912,,Enterprise System
CD00007571,ACC00007246,9699452296933922,Debit,RuPay,2026-06-11,2031-06-10,0.0,Active,WATIKA BRAHMBHATT,225,Generated,Yes,Yes,2026-08-03 12:14:11.668912,,Enterprise System
CD00007572,ACC00007247,8213860399085888,Debit,Visa,2023-08-16,2028-08-14,0.0,Blocked,EKBAL MOHANTY,309,Generated,Yes,No,2026-08-03 12:14:11.669912,,Enterprise System
CD00007573,ACC00007247,0932094476569375,Charge,Visa,2019-02-10,2024-02-09,100000.0,Active,EKBAL MOHANTY,492,Generated,Yes,No,2026-08-03 12:14:11.669912,,Enterprise System
CD00007574,ACC00007248,2296234639305129,Prepaid,Mastercard,2023-02-18,2028-02-17,10000.0,Blocked,PRANEEL HAYER,264,Generated,Yes,No,2026-08-03 12:14:11.670417,,Enterprise System
CD00007575,ACC00007251,1872969237013800,Debit,Mastercard,2026-07-23,2031-07-22,0.0,Active,KRISHNA RATTAN,469,Generated,Yes,No,2026-08-03 12:14:11.670417,,Enterprise System
CD00007576,ACC00007252,6370886260045645,Credit,Mastercard,2026-06-23,2031-06-22,200000.0,Active,HENRY SACHAR,818,Pending,Yes,Yes,2026-08-03 12:14:11.671423,,Enterprise System
CD00007577,ACC00007254,8666350800786503,Credit,Visa,2009-07-10,2014-07-09,1000000.0,Active,ONI BHARGAVA,437,Generated,Yes,No,2026-08-03 12:14:11.671423,,Enterprise System
CD00007578,ACC00007255,5278532679932852,Debit,Mastercard,2022-04-23,2027-04-22,0.0,Active,ALEXANDER WABLE,198,Generated,Yes,Yes,2026-08-03 12:14:11.671423,,Enterprise System
CD00007579,ACC00007255,6718288283284782,Credit,Visa,2023-05-07,2028-05-05,50000.0,Active,ALEXANDER WABLE,208,Generated,Yes,No,2026-08-03 12:14:11.671423,,Enterprise System
CD00007580,ACC00007257,4923239963379463,Debit,Visa,2016-07-10,2021-07-09,0.0,Active,VIRAJ MANGAL,798,Generated,Yes,Yes,2026-08-03 12:14:11.671423,,Enterprise System
CD00007581,ACC00007258,1035950686014992,Credit,Mastercard,2024-12-12,2029-12-11,1000000.0,Active,QUINCY DESHMUKH,737,Generated,No,Yes,2026-08-03 12:14:11.672929,,Enterprise System
CD00007582,ACC00007260,7145742412922186,Credit,Mastercard,2021-07-30,2026-07-29,100000.0,Active,ISHA KAR,934,Generated,Yes,No,2026-08-03 12:14:11.672929,,Enterprise System
CD00007583,ACC00007262,8632570566088254,Credit,RuPay,2020-02-13,2025-02-11,500000.0,Active,EKAVIR COMAR,442,Generated,Yes,Yes,2026-08-03 12:14:11.672929,,Enterprise System
CD00007584,ACC00007263,9164492596368773,Debit,RuPay,2019-11-25,2024-11-23,0.0,Active,NIMRAT GANDHI,375,Generated,Yes,Yes,2026-08-03 12:14:11.673934,,Enterprise System
CD00007585,ACC00007264,1726952197980744,Credit,RuPay,2025-03-19,2030-03-18,1000000.0,Active,SARTHAK VALA,167,Generated,Yes,No,2026-08-03 12:14:11.673934,,Enterprise System
CD00007586,ACC00007265,7998221452882303,Debit,RuPay,2020-10-08,2025-10-07,0.0,Blocked,MAANAS BUMB,525,Generated,Yes,No,2026-08-03 12:14:11.673934,,Enterprise System
CD00007587,ACC00007265,6413730283476014,Debit,RuPay,2024-01-24,2029-01-22,0.0,Active,MAANAS BUMB,145,Generated,Yes,No,2026-08-03 12:14:11.674935,,Enterprise System
CD00007588,ACC00007266,9946761752714947,Debit,Mastercard,2025-10-31,2030-10-30,0.0,Active,DIVYA SARKAR,593,Generated,Yes,Yes,2026-08-03 12:14:11.674935,,Enterprise System
CD00007589,ACC00007267,4728875868561465,Credit,Mastercard,2020-05-18,2025-05-17,500000.0,Active,YASTI MAGAR,255,Pending,Yes,No,2026-08-03 12:14:11.674935,,Enterprise System
CD00007590,ACC00007267,4134665078873970,Credit,Visa,2013-03-29,2018-03-28,500000.0,Closed,YASTI MAGAR,254,Generated,Yes,No,2026-08-03 12:14:11.675934,,Enterprise System
CD00007591,ACC00007268,4725072106614541,Debit,RuPay,2024-10-10,2029-10-09,0.0,Active,FARAJ DUTTA,868,Generated,Yes,No,2026-08-03 12:14:11.675934,,Enterprise System
CD00007592,ACC00007269,7349995324907223,Debit,Visa,2022-06-01,2027-05-31,0.0,Lost,NEEL VERMA,122,Generated,No,No,2026-08-03 12:14:11.675934,,Enterprise System
CD00007593,ACC00007269,8292721150083255,Debit,Visa,2011-08-01,2016-07-30,0.0,Active,NEEL VERMA,741,Generated,Yes,No,2026-08-03 12:14:11.675934,,Enterprise System
CD00007594,ACC00007270,5645881947216259,Debit,Visa,2026-07-23,2031-07-22,0.0,Active,VASANA TATA,823,Generated,Yes,No,2026-08-03 12:14:11.676934,,Enterprise System
CD00007595,ACC00007271,2771299660870791,Debit,Visa,2024-10-25,2029-10-24,0.0,Active,JACKSON MANDAL,819,Generated,Yes,Yes,2026-08-03 12:14:11.677934,,Enterprise System
CD00007596,ACC00007272,0651095867641476,Debit,Visa,2026-07-10,2031-07-09,0.0,Active,INAYA KHOSLA,419,Generated,Yes,No,2026-08-03 12:14:11.677934,,Enterprise System
CD00007597,ACC00007272,3288504071490056,Credit,Mastercard,2022-03-07,2027-03-06,200000.0,Active,INAYA KHOSLA,888,Generated,Yes,No,2026-08-03 12:14:11.677934,,Enterprise System
CD00007598,ACC00007273,2946235047899181,Debit,Visa,2020-12-13,2025-12-12,0.0,Active,AZAAN BHATNAGAR,502,Generated,Yes,No,2026-08-03 12:14:11.678935,,Enterprise System
CD00007599,ACC00007274,7831773396743404,Credit,RuPay,2016-03-26,2021-03-25,50000.0,Active,EKANTIKA KAPUR,105,Generated,Yes,No,2026-08-03 12:14:11.678935,,Enterprise System
CD00007600,ACC00007274,0865275360212213,Prepaid,Visa,2021-12-17,2026-12-16,10000.0,Active,EKANTIKA KAPUR,250,Generated,Yes,No,2026-08-03 12:14:11.678935,,Enterprise System
CD00007601,ACC00007275,5857757017749323,Debit,RuPay,2020-12-18,2025-12-17,0.0,Active,VARENYA BALASUBRAMANIAN,656,Generated,Yes,No,2026-08-03 12:14:11.679934,,Enterprise System
CD00007602,ACC00007275,4479308874943080,Credit,Mastercard,2025-07-27,2030-07-26,100000.0,Active,VARENYA BALASUBRAMANIAN,459,Generated,Yes,No,2026-08-03 12:14:11.679934,,Enterprise System
CD00007603,ACC00007276,2699513548495951,Debit,RuPay,2019-09-04,2024-09-02,0.0,Active,NAKUL BANIK,638,Generated,Yes,No,2026-08-03 12:14:11.680439,,Enterprise System
CD00007604,ACC00007277,9079175271685441,Debit,Visa,2023-09-07,2028-09-05,0.0,Active,RAAGINI SANDAL,391,Generated,No,No,2026-08-03 12:14:11.680439,,Enterprise System
CD00007605,ACC00007278,5373350413930760,Debit,Visa,2021-06-01,2026-05-31,0.0,Active,VRINDA MEMON,593,Generated,Yes,No,2026-08-03 12:14:11.680439,,Enterprise System
CD00007606,ACC00007279,7784303282030271,Charge,Visa,2021-11-11,2026-11-10,1000000.0,Active,MEKHALA PRAKASH,973,Generated,Yes,No,2026-08-03 12:14:11.681445,,Enterprise System
CD00007607,ACC00007280,6959861658707848,Debit,Visa,2023-08-14,2028-08-12,0.0,Lost,GAURANG SANE,516,Generated,Yes,No,2026-08-03 12:14:11.681445,,Enterprise System
CD00007608,ACC00007281,8234145513853931,Credit,RuPay,2025-05-08,2030-05-07,500000.0,Closed,BALHAAR SRIDHAR,715,Generated,Yes,No,2026-08-03 12:14:11.681445,,Enterprise System
CD00007609,ACC00007281,8621488362383734,Debit,Visa,2023-07-16,2028-07-14,0.0,Active,BALHAAR SRIDHAR,312,Generated,Yes,No,2026-08-03 12:14:11.682451,,Enterprise System
CD00007610,ACC00007282,9254903837984163,Debit,Mastercard,2015-11-02,2020-10-31,0.0,Active,WARHI BAHRI,962,Generated,Yes,No,2026-08-03 12:14:11.682451,,Enterprise System
CD00007611,ACC00007283,6255926017786679,Debit,RuPay,2022-10-01,2027-09-30,0.0,Active,JAGVI BORDE,585,Generated,Yes,No,2026-08-03 12:14:11.682451,,Enterprise System
CD00007612,ACC00007284,6763284755760009,Debit,RuPay,2022-12-10,2027-12-09,0.0,Active,NOAH MISRA,917,Generated,Yes,No,2026-08-03 12:14:11.683451,,Enterprise System
CD00007613,ACC00007285,9073807718270448,Charge,Visa,2024-12-02,2029-12-01,1000000.0,Lost,AMOL SETTY,607,Generated,Yes,Yes,2026-08-03 12:14:11.683451,,Enterprise System
CD00007614,ACC00007286,4747185760786143,Debit,Visa,2013-05-24,2018-05-23,0.0,Active,EDHITHA GOEL,727,Generated,Yes,No,2026-08-03 12:14:11.683451,,Enterprise System
CD00007615,ACC00007286,8533539716845032,Credit,RuPay,2019-01-24,2024-01-23,100000.0,Active,EDHITHA GOEL,579,Generated,Yes,No,2026-08-03 12:14:11.684450,,Enterprise System
CD00007616,ACC00007287,8638320660930593,Credit,American Express,2023-11-28,2028-11-26,500000.0,Active,ADWETA BRAHMBHATT,825,Generated,Yes,No,2026-08-03 12:14:11.684450,,Enterprise System
CD00007617,ACC00007288,5817145236924109,Debit,Visa,2024-05-04,2029-05-03,0.0,Active,FALAN REGE,836,Generated,Yes,No,2026-08-03 12:14:11.684450,,Enterprise System
CD00007618,ACC00007290,9977141283738142,Credit,Mastercard,2012-05-02,2017-05-01,50000.0,Active,OM CHHABRA,923,Generated,Yes,No,2026-08-03 12:14:11.684450,,Enterprise System
CD00007619,ACC00007290,6825596155531161,Credit,Mastercard,2015-07-23,2020-07-21,50000.0,Active,OM CHHABRA,684,Generated,Yes,No,2026-08-03 12:14:11.685450,,Enterprise System
CD00007620,ACC00007291,4165848940582547,Debit,American Express,2026-04-17,2031-04-16,0.0,Active,ISHA BAL,699,Generated,Yes,No,2026-08-03 12:14:11.685450,,Enterprise System
CD00007621,ACC00007292,7586636566962999,Prepaid,Visa,2024-07-31,2029-07-30,10000.0,Stolen,SAKSHAM SAMI,387,Generated,Yes,No,2026-08-03 12:14:11.685450,,Enterprise System
CD00007622,ACC00007293,0493843830109735,Debit,Visa,2023-11-14,2028-11-12,0.0,Active,EKANSH DHAR,257,Generated,Yes,No,2026-08-03 12:14:11.686451,,Enterprise System
CD00007623,ACC00007294,9642553203889539,Debit,Visa,2021-10-02,2026-10-01,0.0,Active,OWEN SINGHAL,394,Generated,No,Yes,2026-08-03 12:14:11.686451,,Enterprise System
CD00007624,ACC00007295,5031908378052415,Debit,Mastercard,2025-12-29,2030-12-28,0.0,Active,EKAJA DHAR,370,Generated,Yes,No,2026-08-03 12:14:11.686451,,Enterprise System
CD00007625,ACC00007295,7477486835816709,Debit,Visa,2024-10-04,2029-10-03,0.0,Active,EKAJA DHAR,601,Generated,Yes,No,2026-08-03 12:14:11.687451,,Enterprise System
CD00007626,ACC00007297,2189335319695667,Credit,Mastercard,2020-10-18,2025-10-17,100000.0,Active,REVA DEY,984,Generated,Yes,No,2026-08-03 12:14:11.687451,,Enterprise System
CD00007627,ACC00007298,9766570082827627,Credit,RuPay,2025-06-23,2030-06-22,200000.0,Active,ADVIK PRASAD,202,Generated,No,Yes,2026-08-03 12:14:11.687451,,Enterprise System
CD00007628,ACC00007298,3824524625290506,Debit,Mastercard,2026-03-16,2031-03-15,0.0,Active,ADVIK PRASAD,572,Generated,Yes,No,2026-08-03 12:14:11.688450,,Enterprise System
CD00007629,ACC00007301,0636933871081467,Prepaid,Visa,2015-12-11,2020-12-09,25000.0,Active,ZINAL BHARDWAJ,911,Generated,Yes,No,2026-08-03 12:14:11.688450,,Enterprise System
CD00007630,ACC00007303,3198165699345288,Credit,RuPay,2022-06-30,2027-06-29,1000000.0,Active,MANTHAN MERCHANT,161,Generated,Yes,No,2026-08-03 12:14:11.688450,,Enterprise System
CD00007631,ACC00007306,2971812814371761,Prepaid,RuPay,2021-12-05,2026-12-04,25000.0,Active,EKANTA OOMMEN,272,Generated,Yes,No,2026-08-03 12:14:11.688450,,Enterprise System
CD00007632,ACC00007306,7476778961973853,Debit,RuPay,2026-06-23,2031-06-22,0.0,Active,EKANTA OOMMEN,411,Generated,No,Yes,2026-08-03 12:14:11.688450,,Enterprise System
CD00007633,ACC00007307,2150420236170846,Debit,RuPay,2014-06-09,2019-06-08,0.0,Active,YASHAWINI BAKSHI,221,Generated,Yes,No,2026-08-03 12:14:11.690009,,Enterprise System
CD00007634,ACC00007307,0553802641471292,Debit,RuPay,2011-09-24,2016-09-22,0.0,Active,YASHAWINI BAKSHI,241,Generated,No,No,2026-08-03 12:14:11.690009,,Enterprise System
CD00007635,ACC00007309,0224902086633857,Debit,Visa,2014-07-16,2019-07-15,0.0,Active,GAVIN CHANDA,212,Generated,No,No,2026-08-03 12:14:11.690009,,Enterprise System
CD00007636,ACC00007310,9426523135637139,Debit,RuPay,2023-09-25,2028-09-23,0.0,Active,ANIKA KATA,770,Generated,Yes,No,2026-08-03 12:14:11.690961,,Enterprise System
CD00007637,ACC00007311,4143541846893224,Debit,Visa,2021-08-19,2026-08-18,0.0,Stolen,GUNBIR GOYAL,692,Generated,Yes,Yes,2026-08-03 12:14:11.690961,,Enterprise System
CD00007638,ACC00007312,6541861150631413,Credit,RuPay,2014-01-23,2019-01-22,50000.0,Active,NOAH MADAN,614,Generated,Yes,No,2026-08-03 12:14:11.690961,,Enterprise System
CD00007639,ACC00007312,7511437848843266,Debit,American Express,2026-03-09,2031-03-08,0.0,Active,NOAH MADAN,120,Generated,No,No,2026-08-03 12:14:11.690961,,Enterprise System
CD00007640,ACC00007314,2501759130180508,Debit,RuPay,2022-05-02,2027-05-01,0.0,Active,RAAGINI YOHANNAN,763,Generated,No,No,2026-08-03 12:14:11.691967,,Enterprise System
CD00007641,ACC00007315,3735807170602742,Debit,Visa,2026-06-14,2031-06-13,0.0,Active,LAKSHIT CHOUDHRY,894,Generated,Yes,No,2026-08-03 12:14:11.691967,,Enterprise System
CD00007642,ACC00007317,7736917195690577,Credit,Mastercard,2024-06-19,2029-06-18,1000000.0,Active,DEV LALLA,901,Generated,Yes,Yes,2026-08-03 12:14:11.691967,,Enterprise System
CD00007643,ACC00007319,5279964934484362,Debit,Visa,2015-04-13,2020-04-11,0.0,Active,XAVIER SINGHAL,168,Generated,Yes,No,2026-08-03 12:14:11.692967,,Enterprise System
CD00007644,ACC00007320,9317079770916851,Debit,Mastercard,2020-06-09,2025-06-08,0.0,Active,EIRAVATI BORAH,463,Generated,Yes,No,2026-08-03 12:14:11.692967,,Enterprise System
CD00007645,ACC00007320,5852669626986655,Debit,Visa,2021-06-03,2026-06-02,0.0,Active,EIRAVATI BORAH,416,Generated,Yes,No,2026-08-03 12:14:11.692967,,Enterprise System
CD00007646,ACC00007321,1644084765921547,Debit,RuPay,2014-09-09,2019-09-08,0.0,Active,UPADHRITI SULE,251,Generated,Yes,No,2026-08-03 12:14:11.693967,,Enterprise System
CD00007647,ACC00007321,7970689787519769,Debit,Mastercard,2010-10-02,2015-10-01,0.0,Active,UPADHRITI SULE,899,Generated,Yes,No,2026-08-03 12:14:11.693967,,Enterprise System
CD00007648,ACC00007322,4725795004261538,Credit,RuPay,2023-02-24,2028-02-23,200000.0,Blocked,FREDERICK CHOUDHURY,170,Generated,Yes,No,2026-08-03 12:14:11.693967,,Enterprise System
CD00007649,ACC00007323,5152693959641525,Credit,Visa,2015-01-20,2020-01-19,50000.0,Active,BAKHSHI HORA,571,Generated,Yes,No,2026-08-03 12:14:11.694967,,Enterprise System
CD00007650,ACC00007325,2955360540495944,Debit,RuPay,2021-09-23,2026-09-22,0.0,Active,CHAVVI CHOUDHURY,148,Generated,Yes,Yes,2026-08-03 12:14:11.694967,,Enterprise System
CD00007651,ACC00007326,6914056699081937,Debit,Visa,2015-09-27,2020-09-25,0.0,Active,SARTHAK DHAR,739,Generated,Yes,Yes,2026-08-03 12:14:11.694967,,Enterprise System
CD00007652,ACC00007326,2056516879121637,Credit,Visa,2012-01-11,2017-01-09,200000.0,Active,SARTHAK DHAR,915,Generated,Yes,No,2026-08-03 12:14:11.695967,,Enterprise System
CD00007653,ACC00007327,3557553333600053,Credit,Mastercard,2026-07-27,2031-07-26,500000.0,Active,EKARAJ HANS,728,Generated,Yes,No,2026-08-03 12:14:11.695967,,Enterprise System
CD00007654,ACC00007328,4539926699565580,Debit,American Express,2010-09-18,2015-09-17,0.0,Active,HEMANI MAMMEN,935,Pending,Yes,No,2026-08-03 12:14:11.695967,,Enterprise System
CD00007655,ACC00007329,0098866690810919,Debit,Visa,2022-12-11,2027-12-10,0.0,Active,QARIN SUBRAMANIAM,721,Generated,Yes,No,2026-08-03 12:14:11.695967,,Enterprise System
CD00007656,ACC00007330,6403655308663870,Debit,Mastercard,2022-02-23,2027-02-22,0.0,Stolen,NIRJA VAIDYA,648,Generated,Yes,No,2026-08-03 12:14:11.696966,,Enterprise System
CD00007657,ACC00007330,0614338884906329,Prepaid,Visa,2025-10-24,2030-10-23,50000.0,Active,NIRJA VAIDYA,202,Generated,Yes,No,2026-08-03 12:14:11.696966,,Enterprise System
CD00007658,ACC00007332,2297002961430655,Debit,Mastercard,2026-05-25,2031-05-24,0.0,Active,LIBNI CHANDRA,383,Generated,Yes,No,2026-08-03 12:14:11.696966,,Enterprise System
CD00007659,ACC00007333,1815235166895821,Credit,Mastercard,2025-12-10,2030-12-09,1000000.0,Active,MOHINI ATWAL,133,Generated,Yes,No,2026-08-03 12:14:11.696966,,Enterprise System
CD00007660,ACC00007334,8203334089057412,Debit,Mastercard,2019-03-02,2024-02-29,0.0,Active,DAYAMAI SANI,790,Generated,Yes,No,2026-08-03 12:14:11.697966,,Enterprise System
CD00007661,ACC00007335,6583282821087316,Debit,American Express,2025-10-07,2030-10-06,0.0,Expired,AKSHAY RANA,672,Generated,Yes,No,2026-08-03 12:14:11.698967,,Enterprise System
CD00007662,ACC00007335,6946691007088091,Debit,Mastercard,2025-11-19,2030-11-18,0.0,Active,AKSHAY RANA,785,Generated,Yes,No,2026-08-03 12:14:11.698967,,Enterprise System
CD00007663,ACC00007336,2395071808057447,Prepaid,RuPay,2025-11-04,2030-11-03,10000.0,Active,GAURAV KARPE,377,Generated,Yes,No,2026-08-03 12:14:11.698967,,Enterprise System
CD00007664,ACC00007337,8710291867639362,Debit,RuPay,2009-03-08,2014-03-07,0.0,Active,ANAMIKA BOSE,310,Generated,No,No,2026-08-03 12:14:11.699967,,Enterprise System
CD00007665,ACC00007338,1971815794451027,Debit,Visa,2025-06-06,2030-06-05,0.0,Active,SACHI RAM,513,Generated,Yes,No,2026-08-03 12:14:11.699967,,Enterprise System
CD00007666,ACC00007339,7021177375440144,Debit,Mastercard,2013-04-05,2018-04-04,0.0,Active,YASHAWINI KOTA,729,Generated,Yes,No,2026-08-03 12:14:11.700472,,Enterprise System
CD00007667,ACC00007339,2814110210800474,Debit,Mastercard,2024-12-28,2029-12-27,0.0,Active,YASHAWINI KOTA,201,Generated,Yes,Yes,2026-08-03 12:14:11.700472,,Enterprise System
CD00007668,ACC00007340,2464910581309861,Debit,RuPay,2024-12-18,2029-12-17,0.0,Active,TRISTAN SUR,826,Generated,No,No,2026-08-03 12:14:11.700472,,Enterprise System
CD00007669,ACC00007342,6644304409725460,Credit,Visa,2021-11-10,2026-11-09,200000.0,Active,JANAKI PANDIT,640,Generated,Yes,No,2026-08-03 12:14:11.701719,,Enterprise System
CD00007670,ACC00007342,9318763766311916,Credit,Mastercard,2024-08-02,2029-08-01,200000.0,Active,JANAKI PANDIT,370,Generated,Yes,No,2026-08-03 12:14:11.701719,,Enterprise System
CD00007671,ACC00007343,0755130731007067,Debit,Visa,2026-04-17,2031-04-16,0.0,Active,MASON SOMAN,777,Generated,Yes,No,2026-08-03 12:14:11.701719,,Enterprise System
CD00007672,ACC00007344,7287074356550199,Debit,RuPay,2024-06-14,2029-06-13,0.0,Active,DHRUV MADAN,362,Generated,Yes,No,2026-08-03 12:14:11.702826,,Enterprise System
CD00007673,ACC00007345,0475944372032466,Prepaid,RuPay,2026-03-04,2031-03-03,25000.0,Active,BAHADURJIT KARA,760,Generated,Yes,No,2026-08-03 12:14:11.702826,,Enterprise System
CD00007674,ACC00007345,3904988267132546,Prepaid,Visa,2026-06-25,2031-06-24,50000.0,Active,BAHADURJIT KARA,164,Generated,Yes,No,2026-08-03 12:14:11.702826,,Enterprise System
CD00007675,ACC00007346,7806601987948008,Debit,RuPay,2022-09-21,2027-09-20,0.0,Active,SAKSHAM SANT,934,Generated,Yes,Yes,2026-08-03 12:14:11.702826,,Enterprise System
CD00007676,ACC00007348,0312408810945565,Credit,Mastercard,2021-11-03,2026-11-02,100000.0,Active,JEREMIAH KANT,986,Generated,No,No,2026-08-03 12:14:11.703826,,Enterprise System
CD00007677,ACC00007349,4737663245684126,Credit,American Express,2018-09-27,2023-09-26,50000.0,Closed,RIA SESHADRI,580,Generated,Yes,No,2026-08-03 12:14:11.703826,,Enterprise System
CD00007678,ACC00007350,4843979635920094,Debit,Mastercard,2024-06-09,2029-06-08,0.0,Active,VAMAKSHI BAIL,667,Generated,Yes,Yes,2026-08-03 12:14:11.703826,,Enterprise System
CD00007679,ACC00007351,5737474348908000,Debit,Visa,2023-03-15,2028-03-13,0.0,Active,ANAY BAINS,866,Generated,Yes,No,2026-08-03 12:14:11.704779,,Enterprise System
CD00007680,ACC00007351,3654728190246722,Prepaid,Mastercard,2020-05-04,2025-05-03,50000.0,Active,ANAY BAINS,411,Generated,Yes,No,2026-08-03 12:14:11.704779,,Enterprise System
CD00007681,ACC00007353,6552571545503332,Debit,RuPay,2026-03-14,2031-03-13,0.0,Active,DIYA RAMASWAMY,122,Generated,Yes,Yes,2026-08-03 12:14:11.704779,,Enterprise System
CD00007682,ACC00007354,8374806608986610,Debit,Mastercard,2026-07-07,2031-07-06,0.0,Active,HARISH VARTY,656,Generated,No,No,2026-08-03 12:14:11.704779,,Enterprise System
CD00007683,ACC00007354,6085913217021052,Debit,Mastercard,2026-07-09,2031-07-08,0.0,Closed,HARISH VARTY,140,Generated,Yes,No,2026-08-03 12:14:11.705823,,Enterprise System
CD00007684,ACC00007355,2252889133134139,Debit,Visa,2016-10-24,2021-10-23,0.0,Active,LAVANYA MODY,563,Generated,Yes,No,2026-08-03 12:14:11.705823,,Enterprise System
CD00007685,ACC00007357,9445901203720761,Credit,Mastercard,2016-01-28,2021-01-26,50000.0,Active,MEGHANA BRAHMBHATT,153,Generated,Yes,No,2026-08-03 12:14:11.705823,,Enterprise System
CD00007686,ACC00007357,2552734191644320,Debit,Mastercard,2013-10-01,2018-09-30,0.0,Active,MEGHANA BRAHMBHATT,431,Generated,Yes,No,2026-08-03 12:14:11.706832,,Enterprise System
CD00007687,ACC00007358,7441285981526715,Debit,Visa,2026-04-26,2031-04-25,0.0,Active,SAI AMBLE,821,Generated,No,Yes,2026-08-03 12:14:11.706832,,Enterprise System
CD00007688,ACC00007360,3439620159977218,Debit,RuPay,2016-01-13,2021-01-11,0.0,Active,TEERTH KALA,529,Generated,Yes,No,2026-08-03 12:14:11.706832,,Enterprise System
CD00007689,ACC00007361,6223866065316459,Debit,RuPay,2023-04-24,2028-04-22,0.0,Stolen,QABIL WALI,604,Generated,Yes,Yes,2026-08-03 12:14:11.706832,,Enterprise System
CD00007690,ACC00007362,5975428903819969,Prepaid,Visa,2025-03-19,2030-03-18,10000.0,Active,IRA JOHAL,133,Generated,No,No,2026-08-03 12:14:11.707835,,Enterprise System
CD00007691,ACC00007362,1441409464042720,Debit,Mastercard,2025-09-12,2030-09-11,0.0,Active,IRA JOHAL,380,Generated,Yes,No,2026-08-03 12:14:11.707835,,Enterprise System
CD00007692,ACC00007363,8179705017297861,Debit,Mastercard,2026-02-24,2031-02-23,0.0,Active,BALJIWAN ANAND,772,Generated,Yes,No,2026-08-03 12:14:11.707835,,Enterprise System
CD00007693,ACC00007364,8068571389896168,Prepaid,RuPay,2026-03-12,2031-03-11,25000.0,Active,CHANDRAN NAYAR,970,Generated,Yes,No,2026-08-03 12:14:11.708837,,Enterprise System
CD00007694,ACC00007365,5685943257319666,Debit,Mastercard,2022-03-08,2027-03-07,0.0,Active,WAHAB CHOUDHARY,100,Generated,Yes,No,2026-08-03 12:14:11.708837,,Enterprise System
CD00007695,ACC00007365,2548339053887859,Debit,RuPay,2023-01-21,2028-01-20,0.0,Active,WAHAB CHOUDHARY,835,Generated,Yes,No,2026-08-03 12:14:11.708837,,Enterprise System
CD00007696,ACC00007367,7519658184757237,Debit,RuPay,2024-06-23,2029-06-22,0.0,Active,REVA DESHMUKH,420,Generated,Yes,Yes,2026-08-03 12:14:11.709740,,Enterprise System
CD00007697,ACC00007368,2361310188938344,Debit,Mastercard,2025-07-22,2030-07-21,0.0,Active,XALAK VARTY,779,Generated,No,Yes,2026-08-03 12:14:11.709740,,Enterprise System
CD00007698,ACC00007368,2703259867345003,Debit,American Express,2025-06-27,2030-06-26,0.0,Active,XALAK VARTY,949,Generated,Yes,No,2026-08-03 12:14:11.709740,,Enterprise System
CD00007699,ACC00007369,6766341817582660,Credit,RuPay,2025-12-18,2030-12-17,50000.0,Active,NEELIMA BALI,880,Generated,Yes,No,2026-08-03 12:14:11.711072,,Enterprise System
CD00007700,ACC00007369,7592145711503454,Credit,Visa,2023-02-12,2028-02-11,100000.0,Active,NEELIMA BALI,102,Generated,Yes,No,2026-08-03 12:14:11.711072,,Enterprise System
CD00007701,ACC00007370,1135530414223625,Credit,RuPay,2023-02-06,2028-02-05,1000000.0,Active,FIYAZ WALI,489,Generated,No,Yes,2026-08-03 12:14:11.711072,,Enterprise System
CD00007702,ACC00007370,8454919950552837,Debit,RuPay,2022-02-01,2027-01-31,0.0,Active,FIYAZ WALI,567,Generated,Yes,No,2026-08-03 12:14:11.711072,,Enterprise System
CD00007703,ACC00007372,3624687758514722,Debit,RuPay,2025-01-26,2030-01-25,0.0,Active,HIRAL SANE,577,Generated,Yes,Yes,2026-08-03 12:14:11.712066,,Enterprise System
CD00007704,ACC00007373,5038406063983325,Debit,Visa,2022-05-24,2027-05-23,0.0,Active,FREDERICK GOUR,631,Generated,Yes,No,2026-08-03 12:14:11.712066,,Enterprise System
CD00007705,ACC00007374,4391375975275670,Debit,RuPay,2025-04-29,2030-04-28,0.0,Lost,PRANIT BHARGAVA,944,Generated,Yes,No,2026-08-03 12:14:11.712066,,Enterprise System
CD00007706,ACC00007374,0336169634179859,Debit,American Express,2015-06-16,2020-06-14,0.0,Active,PRANIT BHARGAVA,113,Generated,Yes,No,2026-08-03 12:14:11.713064,,Enterprise System
CD00007707,ACC00007375,9731125988263236,Debit,Mastercard,2025-06-06,2030-06-05,0.0,Active,MADHAVI DATE,584,Generated,Yes,No,2026-08-03 12:14:11.713064,,Enterprise System
CD00007708,ACC00007375,2495442905016559,Debit,Visa,2021-06-07,2026-06-06,0.0,Active,MADHAVI DATE,139,Generated,Yes,No,2026-08-03 12:14:11.713064,,Enterprise System
CD00007709,ACC00007377,5791203356476619,Credit,Mastercard,2021-11-27,2026-11-26,1000000.0,Expired,SHRAVYA CHOUDHURY,179,Generated,Yes,No,2026-08-03 12:14:11.713064,,Enterprise System
CD00007710,ACC00007379,8808059824100101,Debit,Visa,2025-03-08,2030-03-07,0.0,Active,GAURIKA PALLA,107,Generated,No,No,2026-08-03 12:14:11.714066,,Enterprise System
CD00007711,ACC00007379,5298193546706644,Debit,Visa,2026-07-16,2031-07-15,0.0,Active,GAURIKA PALLA,965,Generated,Yes,No,2026-08-03 12:14:11.714066,,Enterprise System
CD00007712,ACC00007380,8496407109433206,Credit,RuPay,2024-01-01,2028-12-30,200000.0,Active,GAGAN REDDY,600,Generated,Yes,No,2026-08-03 12:14:11.714066,,Enterprise System
CD00007713,ACC00007380,6520999747617370,Debit,RuPay,2017-10-14,2022-10-13,0.0,Active,GAGAN REDDY,113,Generated,No,Yes,2026-08-03 12:14:11.715066,,Enterprise System
CD00007714,ACC00007381,9920726671062769,Debit,Visa,2011-05-05,2016-05-03,0.0,Active,VARENYA SABHARWAL,189,Generated,Yes,No,2026-08-03 12:14:11.715066,,Enterprise System
CD00007715,ACC00007382,2377677309161257,Debit,Mastercard,2020-09-15,2025-09-14,0.0,Active,SAI MITTER,121,Generated,Yes,Yes,2026-08-03 12:14:11.715066,,Enterprise System
CD00007716,ACC00007383,6570244683413527,Debit,Visa,2025-06-30,2030-06-29,0.0,Active,OMYA CHANDER,823,Generated,Yes,No,2026-08-03 12:14:11.716060,,Enterprise System
CD00007717,ACC00007385,8795429330993946,Debit,Mastercard,2024-02-27,2029-02-25,0.0,Active,FORUM ARORA,614,Generated,Yes,No,2026-08-03 12:14:11.716060,,Enterprise System
CD00007718,ACC00007386,1169029087089065,Prepaid,Visa,2016-06-23,2021-06-22,25000.0,Active,SARTHAK GOUR,565,Generated,Yes,No,2026-08-03 12:14:11.716060,,Enterprise System
CD00007719,ACC00007388,8214345794544267,Debit,Visa,2021-05-27,2026-05-26,0.0,Active,GEORGE CHAR,406,Generated,No,No,2026-08-03 12:14:11.717063,,Enterprise System
CD00007720,ACC00007388,4896036831209857,Debit,Mastercard,2023-08-08,2028-08-06,0.0,Active,GEORGE CHAR,366,Generated,Yes,No,2026-08-03 12:14:11.717063,,Enterprise System
CD00007721,ACC00007389,1560457339151710,Debit,Visa,2019-03-19,2024-03-17,0.0,Active,NIHAL GUHA,895,Generated,Yes,No,2026-08-03 12:14:11.717063,,Enterprise System
CD00007722,ACC00007390,4909831251038639,Debit,RuPay,2025-07-29,2030-07-28,0.0,Active,LUCKY CONTRACTOR,756,Generated,Yes,No,2026-08-03 12:14:11.717063,,Enterprise System
CD00007723,ACC00007391,2893133596738712,Debit,American Express,2019-11-05,2024-11-03,0.0,Active,OMKAAR KANDA,822,Generated,Yes,No,2026-08-03 12:14:11.718065,,Enterprise System
CD00007724,ACC00007391,0937409556730274,Debit,American Express,2026-03-17,2031-03-16,0.0,Active,OMKAAR KANDA,808,Generated,Yes,Yes,2026-08-03 12:14:11.718065,,Enterprise System
CD00007725,ACC00007392,7269659069393326,Debit,Visa,2021-06-19,2026-06-18,0.0,Active,VARSHA SINGHAL,175,Generated,Yes,No,2026-08-03 12:14:11.718065,,Enterprise System
CD00007726,ACC00007394,7687367143352655,Debit,RuPay,2025-05-30,2030-05-29,0.0,Active,AVNI SURI,165,Generated,No,Yes,2026-08-03 12:14:11.718065,,Enterprise System
CD00007727,ACC00007394,5306360174254391,Prepaid,Visa,2024-03-06,2029-03-05,25000.0,Active,AVNI SURI,345,Generated,Yes,No,2026-08-03 12:14:11.718065,,Enterprise System
CD00007728,ACC00007395,1230055380254752,Prepaid,Visa,2026-02-04,2031-02-03,10000.0,Active,LADLI PRADHAN,316,Generated,Yes,No,2026-08-03 12:14:11.719575,,Enterprise System
CD00007729,ACC00007395,1161013258825479,Prepaid,Mastercard,2025-09-08,2030-09-07,25000.0,Active,LADLI PRADHAN,991,Generated,Yes,No,2026-08-03 12:14:11.719722,,Enterprise System
CD00007730,ACC00007396,4422271794276906,Prepaid,Visa,2017-12-27,2022-12-26,25000.0,Active,JHALAK PERI,995,Generated,Yes,No,2026-08-03 12:14:11.719722,,Enterprise System
CD00007731,ACC00007399,1799941708980994,Prepaid,Mastercard,2021-05-31,2026-05-30,10000.0,Active,YUTIKA BERA,943,Generated,Yes,No,2026-08-03 12:14:11.720583,,Enterprise System
CD00007732,ACC00007399,3254420921684376,Charge,Mastercard,2022-03-14,2027-03-13,500000.0,Active,YUTIKA BERA,314,Generated,Yes,No,2026-08-03 12:14:11.720583,,Enterprise System
CD00007733,ACC00007400,7060598346229599,Debit,Mastercard,2019-05-26,2024-05-24,0.0,Active,HEMANI BHAT,670,Generated,Yes,No,2026-08-03 12:14:11.720583,,Enterprise System
CD00007734,ACC00007401,9256593697989471,Debit,Mastercard,2023-06-03,2028-06-01,0.0,Active,IKBAL GOSWAMI,107,Generated,Yes,No,2026-08-03 12:14:11.720583,,Enterprise System
CD00007735,ACC00007402,8608459885683650,Credit,Mastercard,2026-06-03,2031-06-02,1000000.0,Active,OM BANDI,827,Generated,Yes,Yes,2026-08-03 12:14:11.721584,,Enterprise System
CD00007736,ACC00007402,5882926165742335,Credit,Mastercard,2013-03-27,2018-03-26,1000000.0,Active,OM BANDI,387,Generated,Yes,No,2026-08-03 12:14:11.721584,,Enterprise System
CD00007737,ACC00007403,3511309934156049,Debit,Mastercard,2013-06-19,2018-06-18,0.0,Active,UPKAAR MODI,147,Generated,Yes,No,2026-08-03 12:14:11.721584,,Enterprise System
CD00007738,ACC00007403,6387616905219514,Prepaid,Visa,2016-04-28,2021-04-27,25000.0,Active,UPKAAR MODI,185,Generated,Yes,No,2026-08-03 12:14:11.722586,,Enterprise System
CD00007739,ACC00007404,1343165586268848,Credit,RuPay,2012-10-03,2017-10-02,100000.0,Active,TARA AHLUWALIA,728,Generated,Yes,Yes,2026-08-03 12:14:11.722586,,Enterprise System
CD00007740,ACC00007405,5201320241933280,Debit,RuPay,2017-05-19,2022-05-18,0.0,Closed,JASMIT LUTHRA,887,Generated,No,No,2026-08-03 12:14:11.722586,,Enterprise System
CD00007741,ACC00007407,9026046954694398,Credit,Visa,2025-11-16,2030-11-15,200000.0,Stolen,HARSHIL CHANA,525,Generated,Yes,Yes,2026-08-03 12:14:11.722586,,Enterprise System
CD00007742,ACC00007408,0787858519323326,Credit,Visa,2021-10-14,2026-10-13,100000.0,Active,ARIN MITTAL,829,Generated,Yes,Yes,2026-08-03 12:14:11.723587,,Enterprise System
CD00007743,ACC00007409,8876828356224132,Credit,RuPay,2014-09-14,2019-09-13,1000000.0,Active,YAMINI HAYRE,708,Generated,Yes,No,2026-08-03 12:14:11.723587,,Enterprise System
CD00007744,ACC00007410,4581089989672052,Debit,RuPay,2018-08-07,2023-08-06,0.0,Active,SHIVANI MANDAL,193,Pending,Yes,No,2026-08-03 12:14:11.723587,,Enterprise System
CD00007745,ACC00007411,0646314337612219,Credit,Mastercard,2017-07-03,2022-07-02,50000.0,Active,KASHVI JHA,243,Generated,Yes,No,2026-08-03 12:14:11.724587,,Enterprise System
CD00007746,ACC00007413,5614723718776555,Debit,RuPay,2025-11-18,2030-11-17,0.0,Active,HARINAKSHI ANAND,677,Pending,Yes,Yes,2026-08-03 12:14:11.724587,,Enterprise System
CD00007747,ACC00007414,3107772547843081,Prepaid,Visa,2026-04-15,2031-04-14,25000.0,Active,MOHAMMED VASA,107,Generated,Yes,No,2026-08-03 12:14:11.724587,,Enterprise System
CD00007748,ACC00007415,2239200786650921,Charge,RuPay,2026-05-22,2031-05-21,200000.0,Active,MANYA KHATRI,720,Generated,Yes,No,2026-08-03 12:14:11.725587,,Enterprise System
CD00007749,ACC00007415,9784431364090147,Debit,Visa,2020-09-25,2025-09-24,0.0,Active,MANYA KHATRI,313,Generated,Yes,Yes,2026-08-03 12:14:11.725587,,Enterprise System
CD00007750,ACC00007417,8153081497445358,Debit,Mastercard,2012-04-06,2017-04-05,0.0,Active,FALGUNI TIWARI,771,Generated,Yes,Yes,2026-08-03 12:14:11.725587,,Enterprise System
CD00007751,ACC00007417,4852299454353609,Debit,RuPay,2025-06-22,2030-06-21,0.0,Active,FALGUNI TIWARI,609,Pending,Yes,No,2026-08-03 12:14:11.725587,,Enterprise System
CD00007752,ACC00007418,8986864502724790,Debit,Visa,2019-01-27,2024-01-26,0.0,Active,JACK BHATTACHARYYA,891,Generated,Yes,No,2026-08-03 12:14:11.726601,,Enterprise System
CD00007753,ACC00007419,4381451312130001,Credit,Visa,2015-01-16,2020-01-15,50000.0,Closed,JANAKI PALLA,212,Generated,Yes,Yes,2026-08-03 12:14:11.726601,,Enterprise System
CD00007754,ACC00007419,5662608983322482,Debit,Mastercard,2010-09-09,2015-09-08,0.0,Active,JANAKI PALLA,983,Generated,Yes,No,2026-08-03 12:14:11.726601,,Enterprise System
CD00007755,ACC00007420,6177261523473599,Debit,RuPay,2024-12-18,2029-12-17,0.0,Active,RAJATA MOHAN,736,Generated,No,No,2026-08-03 12:14:11.727586,,Enterprise System
CD00007756,ACC00007420,3462158998932252,Debit,RuPay,2024-11-19,2029-11-18,0.0,Active,RAJATA MOHAN,891,Generated,Yes,No,2026-08-03 12:14:11.727586,,Enterprise System
CD00007757,ACC00007421,3737842288929847,Prepaid,Visa,2012-03-17,2017-03-16,10000.0,Closed,WILLIAM CHOUDHRY,850,Generated,Yes,No,2026-08-03 12:14:11.727586,,Enterprise System
CD00007758,ACC00007421,8397177758608784,Debit,Mastercard,2022-06-26,2027-06-25,0.0,Active,WILLIAM CHOUDHRY,386,Generated,Yes,No,2026-08-03 12:14:11.728588,,Enterprise System
CD00007759,ACC00007423,1443348477976847,Debit,Visa,2021-09-03,2026-09-02,0.0,Active,BHAVIKA BAHRI,407,Generated,Yes,No,2026-08-03 12:14:11.728588,,Enterprise System
CD00007760,ACC00007423,1605636667048031,Prepaid,RuPay,2024-03-17,2029-03-16,50000.0,Active,BHAVIKA BAHRI,547,Generated,Yes,No,2026-08-03 12:14:11.728588,,Enterprise System
CD00007761,ACC00007424,1037006851186270,Debit,RuPay,2025-11-23,2030-11-22,0.0,Active,GANGA SURESH,676,Generated,Yes,No,2026-08-03 12:14:11.728588,,Enterprise System
CD00007762,ACC00007425,5517142245138442,Debit,Mastercard,2026-02-09,2031-02-08,0.0,Active,FINN BANIK,402,Generated,Yes,No,2026-08-03 12:14:11.729587,,Enterprise System
CD00007763,ACC00007427,1568466743408925,Debit,RuPay,2024-12-11,2029-12-10,0.0,Active,DAYAMAI MERCHANT,323,Generated,Yes,Yes,2026-08-03 12:14:11.729587,,Enterprise System
CD00007764,ACC00007429,1419107639652771,Prepaid,Mastercard,2015-12-25,2020-12-23,25000.0,Active,MASON NAYAR,171,Generated,Yes,No,2026-08-03 12:14:11.730095,,Enterprise System
CD00007765,ACC00007430,4219064089360719,Credit,Visa,2025-12-26,2030-12-25,200000.0,Active,UNNI SACHDEV,890,Generated,Yes,No,2026-08-03 12:14:11.730095,,Enterprise System
CD00007766,ACC00007431,9256592820660393,Debit,RuPay,2024-12-14,2029-12-13,0.0,Active,WIDISHA TAILOR,589,Generated,Yes,No,2026-08-03 12:14:11.730095,,Enterprise System
CD00007767,ACC00007433,3643839092124140,Prepaid,RuPay,2023-12-05,2028-12-03,25000.0,Active,MITESH PRASAD,632,Pending,Yes,No,2026-08-03 12:14:11.731105,,Enterprise System
CD00007768,ACC00007433,3313881773786074,Debit,Mastercard,2024-04-01,2029-03-31,0.0,Active,MITESH PRASAD,188,Generated,Yes,No,2026-08-03 12:14:11.731105,,Enterprise System
CD00007769,ACC00007434,2225547123894109,Debit,Visa,2025-07-03,2030-07-02,0.0,Lost,OESHI BAJAJ,278,Generated,Yes,No,2026-08-03 12:14:11.731105,,Enterprise System
CD00007770,ACC00007435,8070942508960983,Debit,RuPay,2024-03-23,2029-03-22,0.0,Active,YATAN PANT,566,Generated,Yes,Yes,2026-08-03 12:14:11.732105,,Enterprise System
CD00007771,ACC00007435,1783172002853495,Debit,Mastercard,2025-04-05,2030-04-04,0.0,Active,YATAN PANT,210,Generated,Yes,No,2026-08-03 12:14:11.732105,,Enterprise System
CD00007772,ACC00007436,0115054481796785,Credit,RuPay,2023-09-28,2028-09-26,50000.0,Active,RUDRA BEN,705,Generated,Yes,No,2026-08-03 12:14:11.732105,,Enterprise System
CD00007773,ACC00007438,5840772566101660,Debit,RuPay,2016-10-27,2021-10-26,0.0,Closed,LOGAN BADAL,307,Pending,Yes,No,2026-08-03 12:14:11.733101,,Enterprise System
CD00007774,ACC00007438,6413862672945894,Credit,RuPay,2019-04-03,2024-04-01,500000.0,Active,LOGAN BADAL,877,Generated,No,No,2026-08-03 12:14:11.733101,,Enterprise System
CD00007775,ACC00007440,0506318240714602,Debit,Mastercard,2021-08-30,2026-08-29,0.0,Active,ORINDER PILLAY,989,Generated,Yes,No,2026-08-03 12:14:11.733101,,Enterprise System
CD00007776,ACC00007442,4271146490991993,Debit,Visa,2022-07-31,2027-07-30,0.0,Active,GAURANG UPADHYAY,876,Generated,Yes,Yes,2026-08-03 12:14:11.734100,,Enterprise System
CD00007777,ACC00007443,4949218154238173,Debit,RuPay,2021-07-14,2026-07-13,0.0,Active,RAJESHRI BAVA,631,Generated,Yes,Yes,2026-08-03 12:14:11.734100,,Enterprise System
CD00007778,ACC00007443,3889770959510559,Credit,Mastercard,2020-08-05,2025-08-04,200000.0,Active,RAJESHRI BAVA,340,Generated,Yes,No,2026-08-03 12:14:11.734100,,Enterprise System
CD00007779,ACC00007445,4966010967390240,Debit,RuPay,2010-11-02,2015-11-01,0.0,Active,PAHAL WARRIOR,654,Generated,Yes,No,2026-08-03 12:14:11.734100,,Enterprise System
CD00007780,ACC00007446,1514082501614032,Credit,Visa,2019-12-07,2024-12-05,200000.0,Active,DALBIR GANGULY,121,Generated,Yes,No,2026-08-03 12:14:11.735101,,Enterprise System
CD00007781,ACC00007448,2812777950757548,Credit,Mastercard,2024-01-24,2029-01-22,200000.0,Expired,KARAN CHADA,603,Generated,Yes,No,2026-08-03 12:14:11.735101,,Enterprise System
CD00007782,ACC00007449,3775245881188995,Prepaid,Mastercard,2022-06-10,2027-06-09,25000.0,Active,ZAYYAN AGRAWAL,568,Generated,No,No,2026-08-03 12:14:11.735101,,Enterprise System
CD00007783,ACC00007449,7134176179571689,Debit,Visa,2026-06-09,2031-06-08,0.0,Active,ZAYYAN AGRAWAL,140,Generated,Yes,No,2026-08-03 12:14:11.736101,,Enterprise System
CD00007784,ACC00007450,8019111263372459,Credit,Visa,2017-05-29,2022-05-28,100000.0,Active,FARIQ PATHAK,468,Generated,Yes,No,2026-08-03 12:14:11.736101,,Enterprise System
CD00007785,ACC00007451,8037403267758084,Debit,Mastercard,2009-02-12,2014-02-11,0.0,Blocked,UCCHAL BOSE,674,Generated,No,No,2026-08-03 12:14:11.736101,,Enterprise System
CD00007786,ACC00007452,4541261156471286,Debit,Visa,2025-02-26,2030-02-25,0.0,Active,QASIM MALHOTRA,265,Generated,Yes,No,2026-08-03 12:14:11.736101,,Enterprise System
CD00007787,ACC00007453,9393460924520680,Credit,Visa,2024-10-23,2029-10-22,200000.0,Active,WRIDESH KRISHNA,964,Generated,Yes,No,2026-08-03 12:14:11.737101,,Enterprise System
CD00007788,ACC00007454,8670107960586033,Debit,RuPay,2026-05-17,2031-05-16,0.0,Active,VIDHI CHOUDHURY,909,Generated,Yes,No,2026-08-03 12:14:11.737101,,Enterprise System
CD00007789,ACC00007455,8379869319940978,Debit,Visa,2024-05-29,2029-05-28,0.0,Active,DAKSHA SACHDEVA,839,Generated,Yes,No,2026-08-03 12:14:11.737101,,Enterprise System
CD00007790,ACC00007457,0494809916671844,Prepaid,Visa,2014-11-26,2019-11-25,50000.0,Active,MANBIR ROUT,790,Generated,Yes,No,2026-08-03 12:14:11.738100,,Enterprise System
CD00007791,ACC00007458,3113490694405274,Credit,Visa,2019-08-07,2024-08-05,200000.0,Active,ABHA ANDRA,817,Generated,No,No,2026-08-03 12:14:11.738100,,Enterprise System
CD00007792,ACC00007458,4615860860347821,Credit,RuPay,2023-07-30,2028-07-28,100000.0,Closed,ABHA ANDRA,144,Generated,Yes,No,2026-08-03 12:14:11.738100,,Enterprise System
CD00007793,ACC00007459,4043377804093909,Debit,American Express,2024-05-18,2029-05-17,0.0,Active,ADITYA DASH,491,Generated,Yes,No,2026-08-03 12:14:11.738100,,Enterprise System
CD00007794,ACC00007460,1014459761587779,Credit,Visa,2021-07-17,2026-07-16,500000.0,Active,VYANJANA KEER,686,Generated,Yes,No,2026-08-03 12:14:11.738100,,Enterprise System
CD00007795,ACC00007460,7192485181661759,Credit,RuPay,2020-06-22,2025-06-21,200000.0,Active,VYANJANA KEER,118,Generated,Yes,No,2026-08-03 12:14:11.739605,,Enterprise System
CD00007796,ACC00007461,0369230826266347,Debit,RuPay,2015-02-08,2020-02-07,0.0,Closed,GOPAL LOKE,139,Generated,No,No,2026-08-03 12:14:11.739718,,Enterprise System
CD00007797,ACC00007461,0887496503405391,Debit,Visa,2021-10-22,2026-10-21,0.0,Active,GOPAL LOKE,901,Generated,Yes,No,2026-08-03 12:14:11.739718,,Enterprise System
CD00007798,ACC00007463,6924379240649643,Debit,RuPay,2018-06-22,2023-06-21,0.0,Active,TAMANNA DUGAR,334,Generated,Yes,No,2026-08-03 12:14:11.739718,,Enterprise System
CD00007799,ACC00007465,8834199261896593,Credit,Mastercard,2026-06-13,2031-06-12,200000.0,Active,ZAYYAN VARTY,240,Generated,Yes,No,2026-08-03 12:14:11.740612,,Enterprise System
CD00007800,ACC00007465,5428328408671629,Debit,American Express,2025-09-26,2030-09-25,0.0,Blocked,ZAYYAN VARTY,858,Generated,Yes,No,2026-08-03 12:14:11.740612,,Enterprise System
CD00007801,ACC00007466,8440028536123777,Debit,RuPay,2013-12-01,2018-11-30,0.0,Active,INAYA VORA,563,Generated,Yes,No,2026-08-03 12:14:11.740612,,Enterprise System
CD00007802,ACC00007466,4157521219923512,Debit,Visa,2013-10-04,2018-10-03,0.0,Active,INAYA VORA,825,Generated,Yes,Yes,2026-08-03 12:14:11.741612,,Enterprise System
CD00007803,ACC00007467,8942798120790786,Debit,Visa,2020-03-21,2025-03-20,0.0,Active,WRIDDHISH SETHI,717,Generated,Yes,No,2026-08-03 12:14:11.741612,,Enterprise System
CD00007804,ACC00007467,0232739965914994,Debit,Visa,2012-11-03,2017-11-02,0.0,Closed,WRIDDHISH SETHI,198,Generated,No,No,2026-08-03 12:14:11.741612,,Enterprise System
CD00007805,ACC00007468,6687112850714015,Prepaid,Mastercard,2021-02-14,2026-02-13,50000.0,Active,AVNI CHAUDHRY,696,Generated,Yes,No,2026-08-03 12:14:11.741612,,Enterprise System
CD00007806,ACC00007470,3615494038208869,Credit,RuPay,2015-02-10,2020-02-09,50000.0,Active,FITAN BALAKRISHNAN,239,Generated,Yes,Yes,2026-08-03 12:14:11.742617,,Enterprise System
CD00007807,ACC00007471,1125028415321941,Debit,Mastercard,2024-02-21,2029-02-19,0.0,Active,MEERA NADIG,845,Generated,Yes,No,2026-08-03 12:14:11.742617,,Enterprise System
CD00007808,ACC00007472,4464473251615594,Debit,Mastercard,2018-06-24,2023-06-23,0.0,Expired,CHAKRADEV KURIAN,892,Generated,Yes,Yes,2026-08-03 12:14:11.742617,,Enterprise System
CD00007809,ACC00007473,3866202686876608,Debit,Mastercard,2025-07-30,2030-07-29,0.0,Active,GAURIKA KAPADIA,404,Pending,Yes,No,2026-08-03 12:14:11.743616,,Enterprise System
CD00007810,ACC00007474,1836412823617806,Debit,Visa,2025-03-16,2030-03-15,0.0,Active,ABHIMANYU SULE,242,Generated,No,No,2026-08-03 12:14:11.743616,,Enterprise System
CD00007811,ACC00007474,7354468782736994,Debit,Visa,2026-02-26,2031-02-25,0.0,Active,ABHIMANYU SULE,982,Generated,Yes,Yes,2026-08-03 12:14:11.743616,,Enterprise System
CD00007812,ACC00007475,8125193650873516,Credit,Visa,2023-02-01,2028-01-31,1000000.0,Active,NAKSH WASON,244,Generated,Yes,No,2026-08-03 12:14:11.744617,,Enterprise System
CD00007813,ACC00007476,1132652103724036,Credit,Mastercard,2025-07-20,2030-07-19,50000.0,Active,SIYA SHANKER,205,Generated,Yes,No,2026-08-03 12:14:11.744617,,Enterprise System
CD00007814,ACC00007477,5754673657699492,Debit,Visa,2019-07-27,2024-07-25,0.0,Active,CHARLES KURIAN,972,Generated,Yes,No,2026-08-03 12:14:11.744617,,Enterprise System
CD00007815,ACC00007479,5416046541856846,Debit,American Express,2025-10-10,2030-10-09,0.0,Active,SAKSHAM SARIN,232,Generated,Yes,Yes,2026-08-03 12:14:11.744617,,Enterprise System
CD00007816,ACC00007479,3783897504316785,Debit,Visa,2025-11-04,2030-11-03,0.0,Active,SAKSHAM SARIN,903,Generated,Yes,No,2026-08-03 12:14:11.745617,,Enterprise System
CD00007817,ACC00007480,2561950622175303,Debit,Mastercard,2024-02-19,2029-02-17,0.0,Active,VRITTI SUBRAMANIAM,506,Generated,Yes,No,2026-08-03 12:14:11.745617,,Enterprise System
CD00007818,ACC00007481,5186437616396190,Debit,Visa,2016-03-04,2021-03-03,0.0,Active,JACOB BRAR,489,Pending,No,No,2026-08-03 12:14:11.745617,,Enterprise System
CD00007819,ACC00007482,2671351523047867,Debit,Mastercard,2022-09-21,2027-09-20,0.0,Blocked,RACHIT RATTA,420,Generated,Yes,No,2026-08-03 12:14:11.746617,,Enterprise System
CD00007820,ACC00007484,0348150841596751,Debit,RuPay,2026-05-27,2031-05-26,0.0,Active,YACHANA PARMER,591,Generated,Yes,No,2026-08-03 12:14:11.746617,,Enterprise System
CD00007821,ACC00007484,5444980835126943,Debit,RuPay,2025-11-23,2030-11-22,0.0,Blocked,YACHANA PARMER,991,Generated,Yes,Yes,2026-08-03 12:14:11.746617,,Enterprise System
CD00007822,ACC00007485,9043019622814990,Debit,Visa,2026-04-17,2031-04-16,0.0,Active,HITESH SESHADRI,740,Generated,Yes,No,2026-08-03 12:14:11.746617,,Enterprise System
CD00007823,ACC00007485,9811629543803834,Debit,Visa,2026-05-29,2031-05-28,0.0,Active,HITESH SESHADRI,170,Generated,Yes,No,2026-08-03 12:14:11.747617,,Enterprise System
CD00007824,ACC00007486,8744659525198320,Debit,Visa,2024-03-13,2029-03-12,0.0,Active,VINAYA RAVEL,384,Generated,Yes,No,2026-08-03 12:14:11.747617,,Enterprise System
CD00007825,ACC00007486,6866202694892668,Debit,Mastercard,2023-06-10,2028-06-08,0.0,Active,VINAYA RAVEL,876,Generated,Yes,No,2026-08-03 12:14:11.747617,,Enterprise System
CD00007826,ACC00007487,4962235921384547,Debit,RuPay,2023-06-28,2028-06-26,0.0,Active,MADHAV SOMAN,366,Generated,Yes,No,2026-08-03 12:14:11.747617,,Enterprise System
CD00007827,ACC00007489,9613148006626042,Debit,Mastercard,2020-04-29,2025-04-28,0.0,Active,SARA BOBAL,204,Generated,No,No,2026-08-03 12:14:11.748617,,Enterprise System
CD00007828,ACC00007489,9921049987311919,Credit,RuPay,2019-11-30,2024-11-28,500000.0,Active,SARA BOBAL,663,Generated,Yes,No,2026-08-03 12:14:11.748617,,Enterprise System
CD00007829,ACC00007490,8908042251871216,Debit,Mastercard,2020-07-27,2025-07-26,0.0,Active,WISHI PATLA,782,Generated,Yes,No,2026-08-03 12:14:11.748617,,Enterprise System
CD00007830,ACC00007491,5289041438698125,Debit,RuPay,2025-05-27,2030-05-26,0.0,Active,VRISHTI GADE,605,Generated,Yes,No,2026-08-03 12:14:11.749618,,Enterprise System
CD00007831,ACC00007491,9337830401834520,Debit,Mastercard,2021-12-09,2026-12-08,0.0,Active,VRISHTI GADE,491,Generated,Yes,Yes,2026-08-03 12:14:11.750123,,Enterprise System
CD00007832,ACC00007492,6436667719841626,Debit,Visa,2014-04-24,2019-04-23,0.0,Active,XITI SAXENA,162,Generated,Yes,No,2026-08-03 12:14:11.750123,,Enterprise System
CD00007833,ACC00007493,9360690670277544,Credit,RuPay,2017-08-07,2022-08-06,200000.0,Active,DIYA LALA,782,Generated,Yes,No,2026-08-03 12:14:11.750123,,Enterprise System
CD00007834,ACC00007494,9606626480313099,Debit,Mastercard,2021-12-10,2026-12-09,0.0,Active,JANAKI KALE,140,Generated,Yes,No,2026-08-03 12:14:11.751129,,Enterprise System
CD00007835,ACC00007495,5731087300573385,Credit,RuPay,2025-09-30,2030-09-29,200000.0,Closed,ANJALI RAJAGOPALAN,770,Generated,Yes,No,2026-08-03 12:14:11.751129,,Enterprise System
CD00007836,ACC00007495,7492737360168028,Debit,Visa,2025-09-07,2030-09-06,0.0,Lost,ANJALI RAJAGOPALAN,714,Generated,Yes,No,2026-08-03 12:14:11.751129,,Enterprise System
CD00007837,ACC00007496,4912550094181224,Debit,Visa,2024-05-24,2029-05-23,0.0,Active,NEEL BASAK,947,Generated,Yes,Yes,2026-08-03 12:14:11.751129,,Enterprise System
CD00007838,ACC00007496,3264568328794920,Debit,Mastercard,2025-08-17,2030-08-16,0.0,Active,NEEL BASAK,473,Generated,Yes,No,2026-08-03 12:14:11.752227,,Enterprise System
CD00007839,ACC00007497,7993770234309062,Debit,Visa,2025-09-28,2030-09-27,0.0,Active,MANYA BHAT,591,Generated,Yes,No,2026-08-03 12:14:11.752227,,Enterprise System
CD00007840,ACC00007497,0435641509965740,Debit,Visa,2023-01-20,2028-01-19,0.0,Active,MANYA BHAT,267,Generated,Yes,No,2026-08-03 12:14:11.752227,,Enterprise System
CD00007841,ACC00007498,8331108643557819,Debit,Mastercard,2024-11-16,2029-11-15,0.0,Active,BRIJESH RATTAN,124,Generated,Yes,No,2026-08-03 12:14:11.752227,,Enterprise System
CD00007842,ACC00007499,5736368030309296,Debit,Visa,2025-07-13,2030-07-12,0.0,Active,HIRAL MADAN,661,Generated,Yes,No,2026-08-03 12:14:11.753229,,Enterprise System
CD00007843,ACC00007499,8882164363535539,Debit,Visa,2026-04-04,2031-04-03,0.0,Active,HIRAL MADAN,587,Generated,Yes,No,2026-08-03 12:14:11.753229,,Enterprise System
CD00007844,ACC00007500,0099189090624782,Charge,American Express,2026-06-19,2031-06-18,200000.0,Active,OWEN BHARDWAJ,516,Generated,Yes,No,2026-08-03 12:14:11.753229,,Enterprise System
CD00007845,ACC00007502,6778561608643090,Prepaid,RuPay,2019-10-29,2024-10-27,50000.0,Active,ROBERT MITAL,598,Generated,Yes,No,2026-08-03 12:14:11.754226,,Enterprise System
CD00007846,ACC00007502,7014749359308441,Debit,Visa,2021-09-23,2026-09-22,0.0,Active,ROBERT MITAL,502,Generated,Yes,No,2026-08-03 12:14:11.754226,,Enterprise System
CD00007847,ACC00007503,4640037275665502,Debit,Visa,2024-10-11,2029-10-10,0.0,Active,AZAAN THAKER,433,Generated,Yes,No,2026-08-03 12:14:11.754226,,Enterprise System
CD00007848,ACC00007503,7830786565260125,Debit,Visa,2019-07-14,2024-07-12,0.0,Active,AZAAN THAKER,734,Generated,Yes,Yes,2026-08-03 12:14:11.754226,,Enterprise System
CD00007849,ACC00007504,3851513912083488,Debit,Visa,2016-02-01,2021-01-30,0.0,Blocked,GEORGE PALL,412,Pending,Yes,No,2026-08-03 12:14:11.755232,,Enterprise System
CD00007850,ACC00007505,9646482537460073,Debit,RuPay,2026-01-03,2031-01-02,0.0,Active,OMISHA KALITA,495,Generated,Yes,No,2026-08-03 12:14:11.755232,,Enterprise System
CD00007851,ACC00007506,7343240293539509,Credit,RuPay,2024-12-10,2029-12-09,50000.0,Active,BARKHA DAR,969,Generated,Yes,Yes,2026-08-03 12:14:11.755232,,Enterprise System
CD00007852,ACC00007508,7534039811498172,Debit,RuPay,2013-07-29,2018-07-28,0.0,Lost,BALVEER MALL,493,Generated,Yes,Yes,2026-08-03 12:14:11.756236,,Enterprise System
CD00007853,ACC00007509,0284323495790881,Debit,Visa,2016-04-13,2021-04-12,0.0,Active,SACHI SATHE,615,Pending,Yes,Yes,2026-08-03 12:14:11.756236,,Enterprise System
CD00007854,ACC00007510,9401759233272679,Credit,RuPay,2018-06-19,2023-06-18,100000.0,Active,ALKA MEMON,567,Generated,Yes,Yes,2026-08-03 12:14:11.756236,,Enterprise System
CD00007855,ACC00007511,0266058971754891,Debit,Mastercard,2016-12-04,2021-12-03,0.0,Active,VASATIKA BEDI,596,Generated,Yes,No,2026-08-03 12:14:11.756236,,Enterprise System
CD00007856,ACC00007511,2615536613303863,Debit,RuPay,2015-03-18,2020-03-16,0.0,Blocked,VASATIKA BEDI,233,Generated,Yes,No,2026-08-03 12:14:11.757226,,Enterprise System
CD00007857,ACC00007513,1476210219337902,Credit,Mastercard,2022-04-16,2027-04-15,500000.0,Active,FRADO APTE,742,Generated,Yes,No,2026-08-03 12:14:11.757226,,Enterprise System
CD00007858,ACC00007514,1977177324282329,Debit,RuPay,2025-11-15,2030-11-14,0.0,Active,SHIVANSH SINGHAL,723,Generated,Yes,No,2026-08-03 12:14:11.757226,,Enterprise System
CD00007859,ACC00007515,3557605604945322,Prepaid,RuPay,2026-02-09,2031-02-08,50000.0,Expired,ATHARV SUNDARAM,475,Generated,Yes,No,2026-08-03 12:14:11.758226,,Enterprise System
CD00007860,ACC00007515,1138188618132369,Charge,Visa,2023-08-11,2028-08-09,200000.0,Active,ATHARV SUNDARAM,856,Generated,Yes,No,2026-08-03 12:14:11.758226,,Enterprise System
CD00007861,ACC00007516,4643289951705907,Credit,Mastercard,2019-08-11,2024-08-09,50000.0,Stolen,ANAY ANAND,684,Generated,Yes,Yes,2026-08-03 12:14:11.758226,,Enterprise System
CD00007862,ACC00007516,9053271712138546,Debit,Mastercard,2022-12-12,2027-12-11,0.0,Active,ANAY ANAND,376,Generated,Yes,No,2026-08-03 12:14:11.758226,,Enterprise System
CD00007863,ACC00007517,1267044953884173,Credit,RuPay,2025-12-29,2030-12-28,500000.0,Blocked,SNEHA BISWAS,240,Generated,Yes,No,2026-08-03 12:14:11.758226,,Enterprise System
CD00007864,ACC00007518,1715431625928802,Debit,Mastercard,2012-09-20,2017-09-19,0.0,Active,BHAVANI CHAUDHRY,784,Generated,Yes,No,2026-08-03 12:14:11.758226,,Enterprise System
CD00007865,ACC00007518,4879879373653691,Prepaid,American Express,2016-10-29,2021-10-28,50000.0,Active,BHAVANI CHAUDHRY,313,Generated,Yes,No,2026-08-03 12:14:11.759841,,Enterprise System
CD00007866,ACC00007519,3487402912624045,Debit,RuPay,2026-06-06,2031-06-05,0.0,Active,TAMANNA CHAUDHRY,656,Generated,Yes,Yes,2026-08-03 12:14:11.759841,,Enterprise System
CD00007867,ACC00007519,2353022763044785,Credit,Mastercard,2024-07-09,2029-07-08,100000.0,Active,TAMANNA CHAUDHRY,768,Generated,Yes,No,2026-08-03 12:14:11.759841,,Enterprise System
CD00007868,ACC00007520,7814661428614653,Debit,RuPay,2024-07-23,2029-07-22,0.0,Active,UMANG PANDIT,479,Generated,No,No,2026-08-03 12:14:11.760871,,Enterprise System
CD00007869,ACC00007521,3725359112187170,Debit,Visa,2022-12-21,2027-12-20,0.0,Active,VICTOR CHAD,129,Pending,Yes,No,2026-08-03 12:14:11.760871,,Enterprise System
CD00007870,ACC00007523,2929254096077431,Prepaid,Visa,2011-02-10,2016-02-09,25000.0,Active,YASHICA SALVI,951,Generated,No,No,2026-08-03 12:14:11.760871,,Enterprise System
CD00007871,ACC00007524,6243301238360033,Prepaid,RuPay,2019-06-23,2024-06-21,10000.0,Active,EKANSH KHANNA,781,Generated,No,No,2026-08-03 12:14:11.760871,,Enterprise System
CD00007872,ACC00007525,5800414675146979,Credit,Visa,2026-06-14,2031-06-13,200000.0,Active,SIDDHARTH PAL,830,Generated,Yes,No,2026-08-03 12:14:11.761941,,Enterprise System
CD00007873,ACC00007525,8740568811923198,Prepaid,Visa,2025-12-08,2030-12-07,10000.0,Active,SIDDHARTH PAL,728,Generated,Yes,No,2026-08-03 12:14:11.761941,,Enterprise System
CD00007874,ACC00007526,2088975231939543,Credit,RuPay,2020-07-14,2025-07-13,100000.0,Active,VRITTI DUBEY,238,Generated,Yes,No,2026-08-03 12:14:11.761941,,Enterprise System
CD00007875,ACC00007527,8539826099708732,Debit,RuPay,2024-09-19,2029-09-18,0.0,Active,RUSHIL VENKATARAMAN,559,Generated,Yes,No,2026-08-03 12:14:11.761941,,Enterprise System
CD00007876,ACC00007527,8348121636314246,Debit,Mastercard,2025-01-14,2030-01-13,0.0,Active,RUSHIL VENKATARAMAN,983,Generated,Yes,No,2026-08-03 12:14:11.762946,,Enterprise System
CD00007877,ACC00007528,2217533043496253,Debit,Visa,2025-04-13,2030-04-12,0.0,Expired,VASANA CHAKRABORTY,330,Generated,Yes,No,2026-08-03 12:14:11.762946,,Enterprise System
CD00007878,ACC00007529,7473263066546070,Debit,RuPay,2022-08-27,2027-08-26,0.0,Active,NANDINI SAHOTA,456,Generated,Yes,No,2026-08-03 12:14:11.762946,,Enterprise System
CD00007879,ACC00007530,5029811298195244,Debit,Visa,2023-10-14,2028-10-12,0.0,Active,ARIN MALHOTRA,392,Generated,Yes,No,2026-08-03 12:14:11.763954,,Enterprise System
CD00007880,ACC00007530,2753534280443031,Debit,Mastercard,2022-06-14,2027-06-13,0.0,Active,ARIN MALHOTRA,422,Generated,Yes,No,2026-08-03 12:14:11.763954,,Enterprise System
CD00007881,ACC00007532,6875340486598058,Debit,Visa,2026-01-11,2031-01-10,0.0,Active,YOSHITA RANGANATHAN,482,Generated,Yes,Yes,2026-08-03 12:14:11.763954,,Enterprise System
CD00007882,ACC00007533,9903467850447174,Debit,Visa,2013-10-01,2018-09-30,0.0,Active,QADIM SAHNI,773,Generated,Yes,No,2026-08-03 12:14:11.763954,,Enterprise System
CD00007883,ACC00007534,6490242605345802,Debit,Mastercard,2024-09-05,2029-09-04,0.0,Active,DALBIR PAU,305,Generated,No,No,2026-08-03 12:14:11.764956,,Enterprise System
CD00007884,ACC00007535,7095845388089636,Debit,Visa,2021-04-22,2026-04-21,0.0,Active,FARAJ RAI,767,Generated,Yes,No,2026-08-03 12:14:11.764956,,Enterprise System
CD00007885,ACC00007535,8750844480365773,Debit,RuPay,2025-05-09,2030-05-08,0.0,Active,FARAJ RAI,566,Generated,Yes,No,2026-08-03 12:14:11.764956,,Enterprise System
CD00007886,ACC00007537,2412356539123545,Credit,Mastercard,2021-09-28,2026-09-27,500000.0,Active,HARINAKSHI DARA,992,Generated,Yes,No,2026-08-03 12:14:11.765851,,Enterprise System
CD00007887,ACC00007538,0254852435473519,Credit,RuPay,2024-12-14,2029-12-13,50000.0,Active,NISHA PALLA,113,Generated,Yes,No,2026-08-03 12:14:11.765851,,Enterprise System
CD00007888,ACC00007539,7505924619118188,Credit,RuPay,2026-07-04,2031-07-03,200000.0,Stolen,PETER CHATTERJEE,268,Generated,Yes,Yes,2026-08-03 12:14:11.765851,,Enterprise System
CD00007889,ACC00007540,8049782779110877,Credit,RuPay,2024-09-07,2029-09-06,1000000.0,Active,ATHARV GOEL,490,Generated,Yes,Yes,2026-08-03 12:14:11.766893,,Enterprise System
CD00007890,ACC00007540,5675188621072713,Debit,RuPay,2021-05-08,2026-05-07,0.0,Active,ATHARV GOEL,277,Generated,Yes,No,2026-08-03 12:14:11.766893,,Enterprise System
CD00007891,ACC00007541,3269717811124205,Debit,Visa,2020-11-06,2025-11-05,0.0,Blocked,TANVI GERA,775,Generated,No,Yes,2026-08-03 12:14:11.766893,,Enterprise System
CD00007892,ACC00007542,9547998976446389,Debit,Visa,2024-12-31,2029-12-30,0.0,Active,BENJAMIN GERA,637,Generated,Yes,No,2026-08-03 12:14:11.766893,,Enterprise System
CD00007893,ACC00007542,1972502536545389,Charge,American Express,2022-06-10,2027-06-09,200000.0,Active,BENJAMIN GERA,250,Generated,Yes,No,2026-08-03 12:14:11.767848,,Enterprise System
CD00007894,ACC00007544,9305239620367519,Debit,Mastercard,2016-11-29,2021-11-28,0.0,Active,LOPA SANT,134,Generated,Yes,No,2026-08-03 12:14:11.767848,,Enterprise System
CD00007895,ACC00007546,2402226048822527,Credit,Visa,2025-12-06,2030-12-05,500000.0,Active,HENRY VALA,330,Generated,Yes,Yes,2026-08-03 12:14:11.767848,,Enterprise System
CD00007896,ACC00007547,0715287013119055,Prepaid,American Express,2016-02-24,2021-02-22,10000.0,Closed,EKAPAD MINHAS,628,Generated,No,No,2026-08-03 12:14:11.768938,,Enterprise System
CD00007897,ACC00007549,2025055540406932,Debit,Visa,2025-03-04,2030-03-03,0.0,Active,PAHAL VARUGHESE,583,Generated,Yes,Yes,2026-08-03 12:14:11.768938,,Enterprise System
CD00007898,ACC00007550,0499755311586265,Debit,RuPay,2014-03-19,2019-03-18,0.0,Active,AARNA SANDAL,148,Generated,Yes,No,2026-08-03 12:14:11.768938,,Enterprise System
CD00007899,ACC00007550,8901729093376066,Debit,Mastercard,2018-06-04,2023-06-03,0.0,Stolen,AARNA SANDAL,614,Generated,Yes,No,2026-08-03 12:14:11.768938,,Enterprise System
CD00007900,ACC00007551,5517526268938289,Debit,Visa,2013-11-21,2018-11-20,0.0,Active,NEEL RAMAN,320,Generated,Yes,No,2026-08-03 12:14:11.769945,,Enterprise System
CD00007901,ACC00007552,2148010023604829,Debit,RuPay,2022-08-24,2027-08-23,0.0,Blocked,DAMYANTI SARIN,773,Generated,Yes,No,2026-08-03 12:14:11.769945,,Enterprise System
CD00007902,ACC00007553,8275242581061451,Debit,RuPay,2013-12-20,2018-12-19,0.0,Active,EKAPAD GANESAN,936,Generated,Yes,Yes,2026-08-03 12:14:11.770548,,Enterprise System
CD00007903,ACC00007553,7017894500163091,Credit,Visa,2024-12-31,2029-12-30,200000.0,Active,EKAPAD GANESAN,181,Generated,Yes,Yes,2026-08-03 12:14:11.770548,,Enterprise System
CD00007904,ACC00007554,2571164847202667,Debit,Mastercard,2022-11-03,2027-11-02,0.0,Lost,ADWETA SAMA,814,Generated,Yes,No,2026-08-03 12:14:11.770548,,Enterprise System
CD00007905,ACC00007555,1901516028988822,Debit,Visa,2026-06-17,2031-06-16,0.0,Active,ONKAR BRAHMBHATT,771,Generated,Yes,No,2026-08-03 12:14:11.771555,,Enterprise System
CD00007906,ACC00007556,5188049442266113,Debit,RuPay,2022-10-24,2027-10-23,0.0,Stolen,DALBIR KARAN,898,Generated,Yes,No,2026-08-03 12:14:11.771555,,Enterprise System
CD00007907,ACC00007558,9188016347107230,Debit,Visa,2016-02-10,2021-02-08,0.0,Closed,WRIDESH BORRA,265,Generated,Yes,No,2026-08-03 12:14:11.771555,,Enterprise System
CD00007908,ACC00007559,8929702789621137,Prepaid,RuPay,2022-12-17,2027-12-16,25000.0,Active,ZAITRA RAGHAVAN,616,Generated,Yes,No,2026-08-03 12:14:11.771555,,Enterprise System
CD00007909,ACC00007560,3746982544034269,Debit,Visa,2018-03-24,2023-03-23,0.0,Lost,ANITA MORAR,987,Generated,No,Yes,2026-08-03 12:14:11.771555,,Enterprise System
CD00007910,ACC00007560,6607759786499018,Debit,RuPay,2021-06-04,2026-06-03,0.0,Active,ANITA MORAR,437,Generated,Yes,Yes,2026-08-03 12:14:11.773186,,Enterprise System
CD00007911,ACC00007561,0446129863320850,Debit,Visa,2025-05-18,2030-05-17,0.0,Active,TRIYA KURIAN,679,Generated,Yes,No,2026-08-03 12:14:11.773186,,Enterprise System
CD00007912,ACC00007561,9566395116933705,Debit,Visa,2022-11-21,2027-11-20,0.0,Active,TRIYA KURIAN,671,Generated,Yes,No,2026-08-03 12:14:11.773186,,Enterprise System
CD00007913,ACC00007562,2500464511137446,Debit,Mastercard,2025-10-11,2030-10-10,0.0,Blocked,KAI PAU,251,Generated,Yes,No,2026-08-03 12:14:11.773186,,Enterprise System
CD00007914,ACC00007562,8385706840581239,Credit,Mastercard,2026-02-16,2031-02-15,500000.0,Active,KAI PAU,859,Generated,Yes,No,2026-08-03 12:14:11.774070,,Enterprise System
CD00007915,ACC00007563,2187016768119942,Debit,Visa,2022-04-10,2027-04-09,0.0,Blocked,ATI VISWANATHAN,344,Generated,No,No,2026-08-03 12:14:11.774070,,Enterprise System
CD00007916,ACC00007563,9967142890638072,Debit,Mastercard,2025-03-05,2030-03-04,0.0,Active,ATI VISWANATHAN,306,Generated,Yes,No,2026-08-03 12:14:11.774070,,Enterprise System
CD00007917,ACC00007564,6670620469786562,Debit,Visa,2019-04-26,2024-04-24,0.0,Active,GIRIK NARASIMHAN,140,Generated,Yes,No,2026-08-03 12:14:11.775072,,Enterprise System
CD00007918,ACC00007566,7510892452440711,Credit,Mastercard,2020-03-28,2025-03-27,50000.0,Active,BISHAKHA WALLA,458,Generated,Yes,No,2026-08-03 12:14:11.775072,,Enterprise System
CD00007919,ACC00007567,3229805845557729,Credit,Visa,2018-10-01,2023-09-30,1000000.0,Active,RAKSHA KARPE,326,Generated,Yes,No,2026-08-03 12:14:11.775072,,Enterprise System
CD00007920,ACC00007568,2104275828720970,Debit,Visa,2015-10-06,2020-10-04,0.0,Active,ZEHAAN KOTA,362,Generated,Yes,No,2026-08-03 12:14:11.776070,,Enterprise System
CD00007921,ACC00007568,6567569587922691,Prepaid,Visa,2016-06-23,2021-06-22,50000.0,Active,ZEHAAN KOTA,970,Generated,No,No,2026-08-03 12:14:11.776070,,Enterprise System
CD00007922,ACC00007570,1873051462238424,Debit,Visa,2023-06-06,2028-06-04,0.0,Expired,ANITA PRASAD,200,Generated,No,Yes,2026-08-03 12:14:11.776070,,Enterprise System
CD00007923,ACC00007574,2892729596588312,Debit,Visa,2016-12-08,2021-12-07,0.0,Active,SAUMYA DOCTOR,849,Generated,Yes,No,2026-08-03 12:14:11.776070,,Enterprise System
CD00007924,ACC00007575,3157893290644401,Debit,American Express,2026-04-22,2031-04-21,0.0,Active,VARSHA RAY,197,Generated,Yes,No,2026-08-03 12:14:11.777069,,Enterprise System
CD00007925,ACC00007576,4361354334205321,Debit,Mastercard,2018-06-25,2023-06-24,0.0,Active,WYATT BHARGAVA,897,Generated,Yes,No,2026-08-03 12:14:11.777069,,Enterprise System
CD00007926,ACC00007576,7473273647769639,Debit,Mastercard,2009-11-26,2014-11-25,0.0,Active,WYATT BHARGAVA,477,Generated,Yes,No,2026-08-03 12:14:11.777069,,Enterprise System
CD00007927,ACC00007577,0715541319446204,Debit,Visa,2024-06-10,2029-06-09,0.0,Active,WATIKA BARAD,359,Generated,Yes,No,2026-08-03 12:14:11.777069,,Enterprise System
CD00007928,ACC00007577,8596148997749820,Debit,Mastercard,2023-06-20,2028-06-18,0.0,Blocked,WATIKA BARAD,712,Generated,Yes,No,2026-08-03 12:14:11.778069,,Enterprise System
CD00007929,ACC00007578,4767394095998606,Credit,Visa,2023-04-27,2028-04-25,50000.0,Stolen,VRINDA AGGARWAL,922,Generated,Yes,No,2026-08-03 12:14:11.778069,,Enterprise System
CD00007930,ACC00007579,6256776888928699,Debit,RuPay,2017-05-02,2022-05-01,0.0,Active,BHAVINI MAMMEN,206,Pending,Yes,No,2026-08-03 12:14:11.778069,,Enterprise System
CD00007931,ACC00007580,1179491808878044,Credit,Mastercard,2017-05-09,2022-05-08,50000.0,Active,CHASMUM RAGHAVAN,278,Generated,Yes,Yes,2026-08-03 12:14:11.779070,,Enterprise System
CD00007932,ACC00007581,5374178891102969,Debit,Mastercard,2023-05-23,2028-05-21,0.0,Active,AARAV CHAR,347,Generated,Yes,No,2026-08-03 12:14:11.779070,,Enterprise System
CD00007933,ACC00007583,3017005625203309,Debit,Mastercard,2023-01-30,2028-01-29,0.0,Active,QUINCY JOHAL,565,Generated,No,No,2026-08-03 12:14:11.779070,,Enterprise System
CD00007934,ACC00007583,6706371517172932,Debit,RuPay,2024-03-13,2029-03-12,0.0,Active,QUINCY JOHAL,746,Generated,Yes,No,2026-08-03 12:14:11.779070,,Enterprise System
CD00007935,ACC00007584,9566830247342504,Debit,Visa,2026-02-20,2031-02-19,0.0,Active,WIDISHA PANDIT,137,Generated,Yes,No,2026-08-03 12:14:11.780069,,Enterprise System
CD00007936,ACC00007585,8032091220266219,Debit,RuPay,2015-10-11,2020-10-09,0.0,Active,MAX BANERJEE,429,Generated,No,No,2026-08-03 12:14:11.780575,,Enterprise System
CD00007937,ACC00007585,9348585217340735,Debit,Visa,2019-06-27,2024-06-25,0.0,Active,MAX BANERJEE,969,Generated,Yes,No,2026-08-03 12:14:11.780575,,Enterprise System
CD00007938,ACC00007586,6686526509321605,Debit,RuPay,2026-02-01,2031-01-31,0.0,Active,ADVIKA KALA,201,Generated,Yes,No,2026-08-03 12:14:11.780575,,Enterprise System
CD00007939,ACC00007586,0853008486571544,Prepaid,American Express,2026-04-10,2031-04-09,10000.0,Active,ADVIKA KALA,659,Generated,Yes,No,2026-08-03 12:14:11.780575,,Enterprise System
CD00007940,ACC00007587,8042367548068884,Credit,Mastercard,2020-05-08,2025-05-07,100000.0,Active,DAKSH RAJAN,824,Generated,Yes,Yes,2026-08-03 12:14:11.781582,,Enterprise System
CD00007941,ACC00007588,4389272624620472,Credit,RuPay,2026-05-26,2031-05-25,1000000.0,Active,YUVRAJ CHAUHAN,632,Pending,Yes,Yes,2026-08-03 12:14:11.781582,,Enterprise System
CD00007942,ACC00007589,9434060938759864,Debit,Mastercard,2021-04-30,2026-04-29,0.0,Closed,VASUDHA SHARAF,592,Generated,Yes,Yes,2026-08-03 12:14:11.781582,,Enterprise System
CD00007943,ACC00007591,2846812978992479,Debit,Mastercard,2018-04-09,2023-04-08,0.0,Active,LAKSH SAHOTA,118,Generated,Yes,No,2026-08-03 12:14:11.782591,,Enterprise System
CD00007944,ACC00007592,3901030040107274,Credit,RuPay,2017-08-08,2022-08-07,100000.0,Active,VAMAKSHI MANDAL,338,Generated,Yes,Yes,2026-08-03 12:14:11.782591,,Enterprise System
CD00007945,ACC00007592,4183224465029002,Prepaid,RuPay,2020-03-12,2025-03-11,10000.0,Active,VAMAKSHI MANDAL,980,Generated,Yes,No,2026-08-03 12:14:11.782591,,Enterprise System
CD00007946,ACC00007593,1966513497626732,Debit,Visa,2026-05-22,2031-05-21,0.0,Active,MEERA DUGAR,914,Pending,Yes,Yes,2026-08-03 12:14:11.782591,,Enterprise System
CD00007947,ACC00007594,0553280181511698,Debit,Visa,2020-11-09,2025-11-08,0.0,Stolen,UCCHAL BAWA,855,Generated,Yes,Yes,2026-08-03 12:14:11.783592,,Enterprise System
CD00007948,ACC00007595,1294783070349662,Debit,Visa,2024-12-02,2029-12-01,0.0,Active,ABHIMANYU KALA,215,Generated,Yes,Yes,2026-08-03 12:14:11.783592,,Enterprise System
CD00007949,ACC00007596,2308737545828367,Credit,Mastercard,2021-05-27,2026-05-26,1000000.0,Expired,MAHIKA MODY,359,Pending,Yes,No,2026-08-03 12:14:11.783592,,Enterprise System
CD00007950,ACC00007599,0458093706756568,Debit,Mastercard,2010-05-06,2015-05-05,0.0,Active,FARAS BHANDARI,182,Generated,Yes,Yes,2026-08-03 12:14:11.784590,,Enterprise System
CD00007951,ACC00007601,6696536283735385,Debit,RuPay,2015-03-30,2020-03-28,0.0,Active,DAKSHESH EDWIN,106,Generated,Yes,Yes,2026-08-03 12:14:11.784590,,Enterprise System
CD00007952,ACC00007601,2045870571598514,Debit,American Express,2009-12-07,2014-12-06,0.0,Active,DAKSHESH EDWIN,841,Pending,Yes,No,2026-08-03 12:14:11.784590,,Enterprise System
CD00007953,ACC00007602,0948328008386532,Debit,RuPay,2009-03-20,2014-03-19,0.0,Active,CHAAYA SOOD,357,Generated,Yes,No,2026-08-03 12:14:11.785589,,Enterprise System
CD00007954,ACC00007603,3105259991804077,Debit,Visa,2021-06-18,2026-06-17,0.0,Active,GAURIKA SHENOY,956,Generated,Yes,No,2026-08-03 12:14:11.785589,,Enterprise System
CD00007955,ACC00007604,2852472273255043,Debit,RuPay,2017-10-13,2022-10-12,0.0,Active,ALEXANDER MOHAN,320,Generated,Yes,No,2026-08-03 12:14:11.785589,,Enterprise System
CD00007956,ACC00007606,7542877853128961,Debit,Visa,2019-02-01,2024-01-31,0.0,Active,TEERTH DAYAL,948,Generated,Yes,No,2026-08-03 12:14:11.786589,,Enterprise System
CD00007957,ACC00007606,4841269263560958,Credit,Mastercard,2014-10-04,2019-10-03,500000.0,Active,TEERTH DAYAL,770,Generated,Yes,No,2026-08-03 12:14:11.786589,,Enterprise System
CD00007958,ACC00007607,3249557822178786,Debit,RuPay,2022-11-23,2027-11-22,0.0,Active,HEMANI TANK,559,Generated,Yes,No,2026-08-03 12:14:11.786589,,Enterprise System
CD00007959,ACC00007608,0163510117818108,Debit,Visa,2021-07-08,2026-07-07,0.0,Active,ODIKA KADE,485,Generated,Yes,Yes,2026-08-03 12:14:11.787589,,Enterprise System
CD00007960,ACC00007609,3880744893555245,Debit,Mastercard,2025-05-08,2030-05-07,0.0,Active,SAMAKSH NAGY,482,Pending,Yes,No,2026-08-03 12:14:11.787589,,Enterprise System
CD00007961,ACC00007609,2566126977756427,Credit,Mastercard,2025-02-13,2030-02-12,200000.0,Active,SAMAKSH NAGY,300,Generated,Yes,No,2026-08-03 12:14:11.787589,,Enterprise System
CD00007962,ACC00007611,8634309994809902,Debit,Visa,2020-03-26,2025-03-25,0.0,Active,MASON LAD,326,Generated,Yes,Yes,2026-08-03 12:14:11.788588,,Enterprise System
CD00007963,ACC00007612,9566498667061695,Debit,RuPay,2026-03-03,2031-03-02,0.0,Active,HEMANGINI REDDY,605,Generated,Yes,No,2026-08-03 12:14:11.788588,,Enterprise System
CD00007964,ACC00007613,3700445201670055,Credit,RuPay,2020-02-09,2025-02-07,500000.0,Active,AGASTYA KOSHY,546,Pending,No,No,2026-08-03 12:14:11.788588,,Enterprise System
CD00007965,ACC00007614,6000524848921088,Debit,American Express,2023-10-11,2028-10-09,0.0,Active,CHAAYA MALL,430,Generated,Yes,No,2026-08-03 12:14:11.789590,,Enterprise System
CD00007966,ACC00007615,6213981485629754,Debit,RuPay,2021-01-27,2026-01-26,0.0,Active,GAURAV MUTTI,683,Generated,No,Yes,2026-08-03 12:14:11.789590,,Enterprise System
CD00007967,ACC00007616,1043590977822948,Debit,RuPay,2022-07-01,2027-06-30,0.0,Active,IRYA MANI,240,Generated,No,No,2026-08-03 12:14:11.790175,,Enterprise System
CD00007968,ACC00007618,6224414990409310,Debit,Visa,2026-01-15,2031-01-14,0.0,Active,CHAMAN NARASIMHAN,849,Generated,Yes,Yes,2026-08-03 12:14:11.790175,,Enterprise System
CD00007969,ACC00007619,4891110705003264,Debit,Visa,2026-06-09,2031-06-08,0.0,Active,UPMA BEHL,376,Generated,Yes,No,2026-08-03 12:14:11.790175,,Enterprise System
CD00007970,ACC00007620,5288599130117105,Prepaid,RuPay,2019-12-04,2024-12-02,50000.0,Active,BHAVNA ACHARYA,327,Generated,Yes,No,2026-08-03 12:14:11.791181,,Enterprise System
CD00007971,ACC00007620,1596011518045741,Debit,RuPay,2024-01-20,2029-01-18,0.0,Active,BHAVNA ACHARYA,311,Generated,Yes,No,2026-08-03 12:14:11.791181,,Enterprise System
CD00007972,ACC00007621,4882906429563538,Debit,RuPay,2016-05-14,2021-05-13,0.0,Active,OMKAAR BEHL,554,Generated,Yes,Yes,2026-08-03 12:14:11.791181,,Enterprise System
CD00007973,ACC00007621,5561250481969863,Debit,Visa,2012-07-23,2017-07-22,0.0,Active,OMKAAR BEHL,494,Generated,No,No,2026-08-03 12:14:11.792190,,Enterprise System
CD00007974,ACC00007622,5657457956282806,Debit,RuPay,2019-11-23,2024-11-21,0.0,Active,NATHAN KUNDA,804,Generated,Yes,Yes,2026-08-03 12:14:11.792190,,Enterprise System
CD00007975,ACC00007622,9358488320424228,Debit,American Express,2016-12-08,2021-12-07,0.0,Active,NATHAN KUNDA,290,Generated,Yes,No,2026-08-03 12:14:11.792190,,Enterprise System
CD00007976,ACC00007624,4985655767485459,Debit,Mastercard,2026-07-23,2031-07-22,0.0,Active,CHARAN JAGGI,540,Generated,Yes,Yes,2026-08-03 12:14:11.793181,,Enterprise System
CD00007977,ACC00007625,8756441675566113,Debit,Visa,2019-04-02,2024-03-31,0.0,Active,GAURANG NAYAK,330,Generated,Yes,No,2026-08-03 12:14:11.793181,,Enterprise System
CD00007978,ACC00007626,3446289303107416,Debit,RuPay,2026-02-25,2031-02-24,0.0,Active,VAISHNAVI OZA,819,Generated,Yes,No,2026-08-03 12:14:11.793181,,Enterprise System
CD00007979,ACC00007627,6722572735826244,Credit,Visa,2023-12-31,2028-12-29,200000.0,Active,IJAYA SINGH,507,Generated,No,No,2026-08-03 12:14:11.794182,,Enterprise System
CD00007980,ACC00007629,6067582521213781,Credit,RuPay,2023-08-01,2028-07-30,50000.0,Active,LABAN ATWAL,561,Generated,No,No,2026-08-03 12:14:11.794182,,Enterprise System
CD00007981,ACC00007629,6949030196490575,Debit,Mastercard,2025-04-21,2030-04-20,0.0,Active,LABAN ATWAL,703,Generated,Yes,Yes,2026-08-03 12:14:11.794182,,Enterprise System
CD00007982,ACC00007631,2824455148442857,Debit,Visa,2014-07-21,2019-07-20,0.0,Active,LAKSHMI ANAND,935,Generated,Yes,No,2026-08-03 12:14:11.795285,,Enterprise System
CD00007983,ACC00007632,5343070485453502,Debit,Mastercard,2023-07-06,2028-07-04,0.0,Active,LILA BAWA,145,Generated,Yes,Yes,2026-08-03 12:14:11.795285,,Enterprise System
CD00007984,ACC00007633,6383997929452237,Debit,Mastercard,2024-07-17,2029-07-16,0.0,Active,WRIDDHISH PERI,330,Generated,Yes,No,2026-08-03 12:14:11.795285,,Enterprise System
CD00007985,ACC00007634,0558812371208339,Debit,Mastercard,2023-06-11,2028-06-09,0.0,Active,OLIVER DATTA,430,Generated,Yes,Yes,2026-08-03 12:14:11.796273,,Enterprise System
CD00007986,ACC00007636,6203880558417997,Credit,Visa,2026-01-11,2031-01-10,200000.0,Active,YATAN SUBRAMANIAN,770,Pending,Yes,No,2026-08-03 12:14:11.796273,,Enterprise System
CD00007987,ACC00007637,4942054964297660,Debit,Visa,2020-07-29,2025-07-28,0.0,Active,MATTHEW DUGAR,571,Generated,Yes,No,2026-08-03 12:14:11.796273,,Enterprise System
CD00007988,ACC00007638,0383745896796888,Debit,RuPay,2021-01-22,2026-01-21,0.0,Active,WARHI BHARDWAJ,711,Generated,Yes,Yes,2026-08-03 12:14:11.797270,,Enterprise System
CD00007989,ACC00007639,5173109013971972,Debit,Mastercard,2016-08-15,2021-08-14,0.0,Active,MANYA BANERJEE,510,Generated,Yes,No,2026-08-03 12:14:11.797270,,Enterprise System
CD00007990,ACC00007640,1881668645955010,Debit,RuPay,2023-07-11,2028-07-09,0.0,Active,LIBNI LALLA,553,Generated,Yes,Yes,2026-08-03 12:14:11.797270,,Enterprise System
CD00007991,ACC00007640,8429372905619082,Credit,RuPay,2025-03-23,2030-03-22,1000000.0,Blocked,LIBNI LALLA,234,Generated,Yes,No,2026-08-03 12:14:11.798271,,Enterprise System
CD00007992,ACC00007641,2710366600326925,Credit,RuPay,2026-03-21,2031-03-20,1000000.0,Blocked,CHASMUM GOUR,724,Generated,No,No,2026-08-03 12:14:11.798271,,Enterprise System
CD00007993,ACC00007641,4167981530119523,Debit,RuPay,2022-07-08,2027-07-07,0.0,Closed,CHASMUM GOUR,382,Generated,Yes,No,2026-08-03 12:14:11.798271,,Enterprise System
CD00007994,ACC00007642,8679915571349327,Credit,RuPay,2025-12-02,2030-12-01,200000.0,Expired,VRINDA BARIA,947,Generated,Yes,No,2026-08-03 12:14:11.798271,,Enterprise System
CD00007995,ACC00007642,3029594965136950,Debit,RuPay,2025-12-03,2030-12-02,0.0,Active,VRINDA BARIA,903,Generated,Yes,No,2026-08-03 12:14:11.798271,,Enterprise System
CD00007996,ACC00007643,2633095737219686,Debit,Visa,2021-10-28,2026-10-27,0.0,Active,YASHASVI BALAKRISHNAN,922,Generated,Yes,No,2026-08-03 12:14:11.799777,,Enterprise System
CD00007997,ACC00007644,9602355064873963,Debit,Visa,2025-12-11,2030-12-10,0.0,Lost,EKARAJ SETH,389,Pending,Yes,Yes,2026-08-03 12:14:11.799777,,Enterprise System
CD00007998,ACC00007645,5886839469126644,Debit,Visa,2022-09-03,2027-09-02,0.0,Active,CHATRESH BANERJEE,878,Generated,No,No,2026-08-03 12:14:11.799777,,Enterprise System
CD00007999,ACC00007646,3261944289464820,Prepaid,Mastercard,2026-01-08,2031-01-07,10000.0,Active,KRITIKA SINGH,113,Generated,Yes,No,2026-08-03 12:14:11.801114,,Enterprise System
CD00008000,ACC00007647,0101158415429980,Debit,Mastercard,2019-08-16,2024-08-14,0.0,Active,NICHOLAS SAWHNEY,861,Generated,Yes,No,2026-08-03 12:14:11.801114,,Enterprise System
CD00008001,ACC00007647,5263545025210286,Credit,Mastercard,2024-02-10,2029-02-08,1000000.0,Active,NICHOLAS SAWHNEY,427,Generated,Yes,No,2026-08-03 12:14:11.801114,,Enterprise System
CD00008002,ACC00007648,8346764238302507,Debit,RuPay,2026-06-14,2031-06-13,0.0,Active,DAKSH MANI,212,Generated,Yes,No,2026-08-03 12:14:11.802120,,Enterprise System
CD00008003,ACC00007649,4938887962561972,Prepaid,RuPay,2024-01-05,2029-01-03,10000.0,Active,MEGHANA RATTAN,512,Generated,Yes,No,2026-08-03 12:14:11.802120,,Enterprise System
CD00008004,ACC00007650,5608077915953418,Debit,American Express,2023-12-29,2028-12-27,0.0,Active,GABRIEL DESAI,845,Generated,Yes,No,2026-08-03 12:14:11.802120,,Enterprise System
CD00008005,ACC00007650,5779768316187202,Debit,RuPay,2018-12-01,2023-11-30,0.0,Active,GABRIEL DESAI,584,Generated,Yes,No,2026-08-03 12:14:11.802120,,Enterprise System
CD00008006,ACC00007651,5665007253939995,Credit,Mastercard,2015-03-21,2020-03-19,200000.0,Active,VEER VOHRA,259,Generated,Yes,No,2026-08-03 12:14:11.803125,,Enterprise System
CD00008007,ACC00007651,1759356628004387,Charge,Visa,2018-04-20,2023-04-19,200000.0,Closed,VEER VOHRA,460,Pending,Yes,No,2026-08-03 12:14:11.803125,,Enterprise System
CD00008008,ACC00007653,2864534883021709,Debit,Visa,2023-06-20,2028-06-18,0.0,Active,SARTHAK BAINS,283,Generated,Yes,No,2026-08-03 12:14:11.803125,,Enterprise System
CD00008009,ACC00007655,9252419273591370,Debit,Visa,2025-10-21,2030-10-20,0.0,Active,YUG MADAN,321,Generated,Yes,No,2026-08-03 12:14:11.804121,,Enterprise System
CD00008010,ACC00007658,8660822687680561,Debit,Mastercard,2022-06-01,2027-05-31,0.0,Blocked,THEODORE JHA,329,Generated,Yes,No,2026-08-03 12:14:11.804121,,Enterprise System
CD00008011,ACC00007660,0203834062553135,Debit,RuPay,2016-11-12,2021-11-11,0.0,Active,ESHANA CHAKRABORTY,675,Generated,Yes,No,2026-08-03 12:14:11.804121,,Enterprise System
CD00008012,ACC00007661,7916499900624216,Debit,Visa,2013-03-25,2018-03-24,0.0,Active,OESHI MANI,819,Generated,Yes,No,2026-08-03 12:14:11.805124,,Enterprise System
CD00008013,ACC00007661,4724439349707741,Prepaid,Visa,2013-02-19,2018-02-18,10000.0,Active,OESHI MANI,307,Generated,Yes,No,2026-08-03 12:14:11.805124,,Enterprise System
CD00008014,ACC00007662,4662354161348628,Debit,Mastercard,2025-11-12,2030-11-11,0.0,Closed,TRIYA BATTA,607,Generated,Yes,No,2026-08-03 12:14:11.805124,,Enterprise System
CD00008015,ACC00007662,5886678201334124,Credit,RuPay,2023-02-09,2028-02-08,500000.0,Active,TRIYA BATTA,369,Pending,No,No,2026-08-03 12:14:11.806130,,Enterprise System
CD00008016,ACC00007663,2815340835490055,Debit,Mastercard,2023-11-24,2028-11-22,0.0,Stolen,VEDIKA VERMA,609,Generated,Yes,No,2026-08-03 12:14:11.806130,,Enterprise System
CD00008017,ACC00007663,3863410257036163,Debit,RuPay,2023-08-29,2028-08-27,0.0,Closed,VEDIKA VERMA,948,Generated,Yes,No,2026-08-03 12:14:11.806130,,Enterprise System
CD00008018,ACC00007664,4084471910951690,Debit,Visa,2019-09-30,2024-09-28,0.0,Active,RANBIR PARSA,845,Pending,No,No,2026-08-03 12:14:11.806130,,Enterprise System
CD00008019,ACC00007666,0190493941211704,Debit,Mastercard,2016-12-10,2021-12-09,0.0,Active,EKANI PALAN,152,Generated,No,No,2026-08-03 12:14:11.807127,,Enterprise System
CD00008020,ACC00007666,8988472713292519,Credit,Mastercard,2011-07-11,2016-07-09,1000000.0,Active,EKANI PALAN,882,Generated,Yes,No,2026-08-03 12:14:11.807127,,Enterprise System
CD00008021,ACC00007667,8265783148012599,Debit,RuPay,2025-08-31,2030-08-30,0.0,Active,AMARA NADIG,626,Generated,Yes,Yes,2026-08-03 12:14:11.807127,,Enterprise System
CD00008022,ACC00007668,2448715536993370,Credit,RuPay,2017-12-14,2022-12-13,50000.0,Active,MOHAMMED SAHNI,783,Generated,Yes,No,2026-08-03 12:14:11.808117,,Enterprise System
CD00008023,ACC00007668,9063625882014683,Debit,Visa,2020-11-08,2025-11-07,0.0,Active,MOHAMMED SAHNI,112,Generated,Yes,No,2026-08-03 12:14:11.808117,,Enterprise System
CD00008024,ACC00007669,5603574336269085,Credit,RuPay,2026-06-23,2031-06-22,500000.0,Active,IKBAL BATH,219,Pending,Yes,No,2026-08-03 12:14:11.808117,,Enterprise System
CD00008025,ACC00007670,9641909792409703,Credit,Mastercard,2025-02-20,2030-02-19,200000.0,Active,VAISHNAVI BAHRI,460,Generated,Yes,Yes,2026-08-03 12:14:11.808117,,Enterprise System
CD00008026,ACC00007671,7245329389218216,Debit,RuPay,2022-06-27,2027-06-26,0.0,Active,FREDERICK MERCHANT,197,Generated,Yes,Yes,2026-08-03 12:14:11.808117,,Enterprise System
CD00008027,ACC00007671,7431912791781198,Debit,Mastercard,2025-07-28,2030-07-27,0.0,Active,FREDERICK MERCHANT,973,Generated,Yes,Yes,2026-08-03 12:14:11.809771,,Enterprise System
CD00008028,ACC00007672,7830816056647409,Credit,Visa,2015-10-13,2020-10-11,1000000.0,Stolen,ANDREW BARIA,815,Generated,Yes,No,2026-08-03 12:14:11.809771,,Enterprise System
CD00008029,ACC00007672,0789260314650321,Debit,RuPay,2011-07-11,2016-07-09,0.0,Active,ANDREW BARIA,590,Generated,Yes,Yes,2026-08-03 12:14:11.809771,,Enterprise System
CD00008030,ACC00007673,4372542074245527,Debit,Visa,2025-04-03,2030-04-02,0.0,Active,IMARAN GODA,498,Generated,Yes,No,2026-08-03 12:14:11.810656,,Enterprise System
CD00008031,ACC00007673,1587581769626819,Debit,American Express,2023-10-12,2028-10-10,0.0,Active,IMARAN GODA,806,Generated,Yes,No,2026-08-03 12:14:11.810656,,Enterprise System
CD00008032,ACC00007674,5706158305665220,Credit,American Express,2015-12-23,2020-12-21,50000.0,Active,ANYA SESHADRI,138,Generated,Yes,No,2026-08-03 12:14:11.810656,,Enterprise System
CD00008033,ACC00007674,5982646542628082,Debit,RuPay,2016-05-20,2021-05-19,0.0,Active,ANYA SESHADRI,358,Generated,Yes,No,2026-08-03 12:14:11.811650,,Enterprise System
CD00008034,ACC00007676,1567908166059302,Debit,RuPay,2025-12-05,2030-12-04,0.0,Active,MEERA PAU,127,Generated,Yes,Yes,2026-08-03 12:14:11.811650,,Enterprise System
CD00008035,ACC00007676,1098606686125127,Debit,Visa,2022-09-13,2027-09-12,0.0,Active,MEERA PAU,168,Generated,Yes,No,2026-08-03 12:14:11.811650,,Enterprise System
CD00008036,ACC00007677,9867581204147963,Credit,RuPay,2021-05-01,2026-04-30,500000.0,Active,MANYA DASGUPTA,517,Generated,No,No,2026-08-03 12:14:11.811650,,Enterprise System
CD00008037,ACC00007678,6402717584860331,Debit,Mastercard,2020-10-12,2025-10-11,0.0,Active,WARJAS KALA,848,Generated,Yes,No,2026-08-03 12:14:11.812657,,Enterprise System
CD00008038,ACC00007678,2060378628528035,Credit,Mastercard,2025-08-05,2030-08-04,100000.0,Active,WARJAS KALA,503,Generated,Yes,No,2026-08-03 12:14:11.812657,,Enterprise System
CD00008039,ACC00007679,3462724547129822,Debit,RuPay,2022-01-14,2027-01-13,0.0,Blocked,KARAN CHAUDHURI,191,Generated,No,No,2026-08-03 12:14:11.812657,,Enterprise System
CD00008040,ACC00007679,2212027688730552,Credit,RuPay,2024-09-11,2029-09-10,50000.0,Active,KARAN CHAUDHURI,884,Generated,Yes,No,2026-08-03 12:14:11.813659,,Enterprise System
CD00008041,ACC00007680,4955990703320293,Prepaid,American Express,2013-09-24,2018-09-23,50000.0,Active,NAVEEN THAMAN,177,Generated,Yes,No,2026-08-03 12:14:11.813659,,Enterprise System
CD00008042,ACC00007681,7291611005207262,Debit,RuPay,2025-08-13,2030-08-12,0.0,Active,LOGAN AMBLE,830,Generated,Yes,No,2026-08-03 12:14:11.813659,,Enterprise System
CD00008043,ACC00007682,3674205302344609,Debit,Mastercard,2024-01-12,2029-01-10,0.0,Active,WRIDDHISH VORA,554,Generated,Yes,No,2026-08-03 12:14:11.814653,,Enterprise System
CD00008044,ACC00007683,5109312172799353,Debit,Visa,2021-08-14,2026-08-13,0.0,Active,AVI MAND,417,Pending,No,No,2026-08-03 12:14:11.814653,,Enterprise System
CD00008045,ACC00007684,6870833741059043,Credit,Mastercard,2026-02-23,2031-02-22,500000.0,Active,BHAVIKA DAS,708,Generated,Yes,No,2026-08-03 12:14:11.814653,,Enterprise System
CD00008046,ACC00007684,8002274979812092,Credit,RuPay,2025-04-10,2030-04-09,100000.0,Active,BHAVIKA DAS,681,Generated,Yes,Yes,2026-08-03 12:14:11.815654,,Enterprise System
CD00008047,ACC00007687,0539160884683871,Debit,Mastercard,2024-08-22,2029-08-21,0.0,Active,JALSA BHAT,896,Generated,Yes,Yes,2026-08-03 12:14:11.815654,,Enterprise System
CD00008048,ACC00007688,6306254803631737,Debit,Visa,2015-07-21,2020-07-19,0.0,Stolen,JANYA NAGARAJAN,746,Generated,Yes,No,2026-08-03 12:14:11.815654,,Enterprise System
CD00008049,ACC00007688,9880419483138053,Debit,Visa,2018-11-21,2023-11-20,0.0,Closed,JANYA NAGARAJAN,409,Generated,Yes,No,2026-08-03 12:14:11.815654,,Enterprise System
CD00008050,ACC00007689,4603645201825597,Debit,Mastercard,2026-02-17,2031-02-16,0.0,Active,HEMAL BASAK,336,Generated,Yes,No,2026-08-03 12:14:11.816657,,Enterprise System
CD00008051,ACC00007689,0919773816573479,Credit,American Express,2020-02-29,2025-02-27,50000.0,Active,HEMAL BASAK,228,Generated,Yes,No,2026-08-03 12:14:11.816657,,Enterprise System
CD00008052,ACC00007690,2136424788182389,Debit,Visa,2024-05-21,2029-05-20,0.0,Active,RACHANA MANGAT,814,Generated,No,Yes,2026-08-03 12:14:11.817650,,Enterprise System
CD00008053,ACC00007690,1982664601003529,Debit,RuPay,2023-03-15,2028-03-13,0.0,Active,RACHANA MANGAT,967,Generated,Yes,Yes,2026-08-03 12:14:11.817650,,Enterprise System
CD00008054,ACC00007691,5926267272562291,Debit,Mastercard,2024-11-11,2029-11-10,0.0,Active,KRISHNA SAWHNEY,770,Generated,Yes,No,2026-08-03 12:14:11.817650,,Enterprise System
CD00008055,ACC00007691,6864354356460531,Debit,RuPay,2025-07-10,2030-07-09,0.0,Active,KRISHNA SAWHNEY,594,Generated,Yes,Yes,2026-08-03 12:14:11.817650,,Enterprise System
CD00008056,ACC00007692,5996389555109831,Debit,Visa,2024-02-02,2029-01-31,0.0,Active,KIAAN GODA,252,Generated,Yes,No,2026-08-03 12:14:11.818655,,Enterprise System
CD00008057,ACC00007692,3256691227325219,Debit,Visa,2025-01-12,2030-01-11,0.0,Active,KIAAN GODA,223,Generated,Yes,No,2026-08-03 12:14:11.818655,,Enterprise System
CD00008058,ACC00007695,3354830639999830,Credit,Visa,2024-08-26,2029-08-25,100000.0,Active,UDARSH MODI,366,Generated,No,Yes,2026-08-03 12:14:11.818655,,Enterprise System
CD00008059,ACC00007696,6239195444869650,Debit,Visa,2023-06-30,2028-06-28,0.0,Active,URVI MADAN,335,Generated,No,No,2026-08-03 12:14:11.819649,,Enterprise System
CD00008060,ACC00007697,2490188311749049,Credit,RuPay,2026-07-24,2031-07-23,50000.0,Closed,HARISH KAKAR,157,Generated,Yes,No,2026-08-03 12:14:11.819649,,Enterprise System
CD00008061,ACC00007698,9645657830371806,Debit,RuPay,2014-12-23,2019-12-22,0.0,Active,KEVIN MALHOTRA,489,Generated,Yes,No,2026-08-03 12:14:11.820155,,Enterprise System
CD00008062,ACC00007698,8424803709820123,Debit,Mastercard,2014-01-25,2019-01-24,0.0,Active,KEVIN MALHOTRA,516,Generated,Yes,No,2026-08-03 12:14:11.820155,,Enterprise System
CD00008063,ACC00007699,4467848294057660,Debit,Visa,2023-09-21,2028-09-19,0.0,Active,VEER SURI,419,Generated,Yes,No,2026-08-03 12:14:11.820155,,Enterprise System
CD00008064,ACC00007700,7433688902265488,Debit,RuPay,2023-05-10,2028-05-08,0.0,Active,DAYITA NATH,299,Generated,Yes,No,2026-08-03 12:14:11.821164,,Enterprise System
