address_id,customer_id,address_type,address_line1,address_line2,city,state,postal_code,country,is_current,effective_date,expiry_date
ADDR00006261,CUST00005001,Home,656 Narayanan Ganj,,HYDERABAD,TELANGANA,500005,India,True,2023-06-05,
ADDR00006262,CUST00005001,Permanent,49/260 Tank Road,Suite 3,PATHANAMTHITTA,KERALA,689515,India,False,2021-05-27,2025-02-10
ADDR00006263,CUST00005002,Mailing,74/641 Loyal Marg,Near Bus Stand,TENKASI,TAMIL NADU,627856,India,True,2020-08-10,
ADDR00006264,CUST00005003,Office,H.No. 73 Agrawal Zila,,CHENGALPATTU,TAMIL NADU,603201,India,True,2026-03-23,
ADDR00006265,CUST00005004,Permanent,90/589 Mohanty Street,,MURSHIDABAD,WEST BENGAL,742174,India,True,2025-03-23,
ADDR00006266,CUST00005004,Permanent,H.No. 525 Toor Ganj,,SRIKAKULAM,ANDHRA PRADESH,532409,India,False,2025-07-08,2025-09-11
ADDR00006267,CUST00005005,Home,486 Chandra Chowk,Opposite City Mall,JAJAPUR,ODISHA,755044,India,True,2004-11-24,
ADDR00006268,CUST00005006,Permanent,936 Babu Circle,Suite 21,SIMDEGA,JHARKHAND,835212,India,True,2025-03-09,
ADDR00006269,CUST00005007,Office,23/801 Yadav Chowk,Floor 6,KODAGU,KARNATAKA,571249,India,True,2015-11-08,
ADDR00006270,CUST00005007,Permanent,96 Viswanathan,,VIZIANAGARAM,ANDHRA PRADESH,535594,India,False,2025-12-01,2026-04-21
ADDR00006271,CUST00005008,Office,H.No. 56 Narula Zila,,HOOGHLY,WEST BENGAL,712233,India,True,2001-06-07,
ADDR00006272,CUST00005009,Permanent,H.No. 234 Narula Ganj,Flat 36,PURBI CHAMPARAN,BIHAR,845430,India,True,2007-08-20,
ADDR00006273,CUST00005009,Home,69/85 Swaminathan,,DHANBAD,JHARKHAND,828108,India,False,2024-07-12,2026-04-04
ADDR00006274,CUST00005010,Office,55/873 Babu Chowk,Flat 220,THIRUVARUR,TAMIL NADU,609504,India,True,2023-07-07,
ADDR00006275,CUST00005011,Home,847 Patel Circle,Near Bus Stand,HOOGHLY,WEST BENGAL,712152,India,True,2014-04-26,
ADDR00006276,CUST00005011,Home,40 Singh Ganj,,Ariyalur,TAMIL NADU,608901,India,False,2016-10-01,2021-04-09
ADDR00006277,CUST00005012,Mailing,H.No. 793 Mand Circle,,JEHANABAD,BIHAR,804406,India,True,2009-09-22,
ADDR00006278,CUST00005013,Office,23 Samra Nagar,,KARIMNAGAR,TELANGANA,505530,India,True,2002-08-18,
ADDR00006279,CUST00005014,Mailing,82/598 Nigam Circle,Flat 262,HAMIRPUR,HIMACHAL PRADESH,177119,India,True,2012-12-02,
ADDR00006280,CUST00005014,Home,33 Pathak Chowk,Near Metro Station,NAGAUR,RAJASTHAN,341533,India,False,2022-05-18,2023-01-26
ADDR00006281,CUST00005015,Mailing,H.No. 56 Nagarajan Ganj,Apartment 116,CHURU,RAJASTHAN,331502,India,True,2017-01-03,
ADDR00006282,CUST00005016,Office,31/72 Kurian Street,Suite 47,SITAMARHI,BIHAR,843333,India,True,2015-02-10,
ADDR00006283,CUST00005016,Mailing,21/52 Bhatt Marg,Floor 6,MANDYA,KARNATAKA,571424,India,False,2003-01-04,2017-12-06
ADDR00006284,CUST00005017,Permanent,H.No. 655 Agate Path,Apartment 244,KODAGU,KARNATAKA,571232,India,True,2010-07-15,
ADDR00006285,CUST00005017,Mailing,30/03 Aurora Circle,Near Metro Station,Y.S.R.,ANDHRA PRADESH,516108,India,False,2019-05-29,2020-07-30
ADDR00006286,CUST00005018,Permanent,066 Batra,Suite 47,SALEM,TAMIL NADU,636105,India,True,2009-08-16,
ADDR00006287,CUST00005019,Mailing,H.No. 086 Deol Path,,SOLAPUR,MAHARASHTRA,413412,India,True,2023-05-21,
ADDR00006288,CUST00005020,Office,86/697 Sidhu Street,Suite 21,KOTA,RAJASTHAN,326529,India,True,2024-09-10,
ADDR00006289,CUST00005021,Office,80 Kohli,,KOLLAM,KERALA,691512,India,True,2026-07-29,
ADDR00006290,CUST00005022,Mailing,018 Sheth,Apartment 297,WANAPARTHY,TELANGANA,509382,India,True,2016-03-05,
ADDR00006291,CUST00005023,Mailing,09/095 Savant Marg,,DURG,CHHATTISGARH,491331,India,True,2026-04-04,
ADDR00006292,CUST00005024,Home,22/654 Choudhury Chowk,Floor 5,PATHANAMTHITTA,KERALA,686511,India,True,2015-10-18,
ADDR00006293,CUST00005024,Mailing,84/61 Oak Ganj,,ANANTAPUR,ANDHRA PRADESH,515661,India,False,2020-01-03,2021-09-12
ADDR00006294,CUST00005025,Mailing,13/96 Kakar,Near Bus Stand,JANJGIR-CHAMPA,CHHATTISGARH,495668,India,True,2024-09-04,
ADDR00006295,CUST00005025,Home,H.No. 82 Raju Marg,Floor 12,24 PARAGANAS SOUTH,WEST BENGAL,743399,India,False,2024-07-08,2024-08-23
ADDR00006296,CUST00005026,Mailing,439 Patil Zila,Flat 125,HOSHANGABAD,MADHYA PRADESH,461116,India,True,1993-12-17,
ADDR00006297,CUST00005026,Home,H.No. 392 Banerjee Chowk,Apartment 160,BOKARO,JHARKHAND,829114,India,False,2026-04-21,2026-06-21
ADDR00006298,CUST00005027,Mailing,69/28 Saha Marg,Flat 293,TIRUNELVELI,TAMIL NADU,627417,India,True,1999-05-31,
ADDR00006299,CUST00005027,Permanent,04 Murty Zila,Opposite City Mall,PASCHIM BARDHAMAN,WEST BENGAL,713361,India,False,2022-01-21,2026-07-22
ADDR00006300,CUST00005028,Permanent,52/582 Gaba Circle,Opposite City Mall,IDUKKI,KERALA,685615,India,True,2009-06-10,
ADDR00006301,CUST00005029,Mailing,493 Balakrishnan Street,Floor 12,MOKOKCHUNG,NAGALAND,798615,India,True,2023-09-16,
ADDR00006302,CUST00005030,Home,43/199 Panchal Chowk,,SAGAR,MADHYA PRADESH,470337,India,True,2023-02-14,
ADDR00006303,CUST00005031,Mailing,83/182 Mital Circle,Apartment 494,MIRZAPUR,UTTAR PRADESH,231304,India,True,2012-04-20,
ADDR00006304,CUST00005032,Permanent,16/028 Wali Circle,,JALGAON,MAHARASHTRA,425109,India,True,2024-04-05,
ADDR00006305,CUST00005033,Office,H.No. 978 Parekh Nagar,,DHAMTARI,CHHATTISGARH,493885,India,True,2024-05-14,
ADDR00006306,CUST00005034,Office,40 Deol Ganj,Near Metro Station,CHHINDWARA,MADHYA PRADESH,480108,India,True,2026-06-19,
ADDR00006307,CUST00005035,Mailing,462 Chana Marg,,KOLAR,KARNATAKA,563134,India,True,2026-08-01,
ADDR00006308,CUST00005036,Office,15 Narayanan Circle,,GUNTUR,ANDHRA PRADESH,522615,India,True,2014-05-27,
ADDR00006309,CUST00005037,Office,30/947 Wason,Apartment 28,PRAKASAM,ANDHRA PRADESH,523225,India,True,2023-10-27,
ADDR00006310,CUST00005037,Mailing,60/70 Nori Chowk,Apartment 101,PRATAPGARH,UTTAR PRADESH,230002,India,False,2024-04-04,2026-02-07
ADDR00006311,CUST00005038,Mailing,439 Gala,Floor 3,YAVATMAL,MAHARASHTRA,445101,India,True,2015-11-12,
ADDR00006312,CUST00005039,Permanent,H.No. 58 Sunder,Suite 3,PAURI GARHWAL,UTTARAKHAND,246148,India,True,2017-08-16,
ADDR00006313,CUST00005040,Office,69/48 Shah Zila,Floor 12,SANGLI,MAHARASHTRA,416309,India,True,2025-09-29,
ADDR00006314,CUST00005041,Mailing,H.No. 893 Handa Path,Apartment 479,SALEM,TAMIL NADU,637303,India,True,2022-10-24,
ADDR00006315,CUST00005042,Office,H.No. 390 Khare Marg,Near Bus Stand,AZAMGARH,UTTAR PRADESH,276406,India,True,2018-04-13,
ADDR00006316,CUST00005042,Home,H.No. 79 Uppal Chowk,Opposite City Mall,Mulugu,TELANGANA,506172,India,False,2022-12-30,2024-06-19
ADDR00006317,CUST00005043,Office,98/48 Halder Road,,S.A.S Nagar,PUNJAB,140601,India,True,2023-08-12,
ADDR00006318,CUST00005044,Home,37/71 Bedi,,NANDED,MAHARASHTRA,431736,India,True,2021-06-20,
ADDR00006319,CUST00005044,Home,H.No. 29 Desai Ganj,Near Bus Stand,DAKSHINA KANNADA,KARNATAKA,574242,India,False,2026-07-09,2026-07-24
ADDR00006320,CUST00005045,Office,H.No. 83 Sarkar Path,Flat 185,JALANDHAR,PUNJAB,144629,India,True,2003-10-14,
ADDR00006321,CUST00005045,Permanent,97/939 Vora Path,,NALANDA,BIHAR,803111,India,False,2022-10-13,2023-07-09
ADDR00006322,CUST00005046,Office,11 Bora,Floor 1,JAMMU,JAMMU AND KASHMIR,180020,India,True,2003-07-06,
ADDR00006323,CUST00005047,Home,28/388 Walia Road,Suite 2,DHOLPUR,RAJASTHAN,328024,India,True,2023-08-28,
ADDR00006324,CUST00005047,Home,10 Nayak Road,Near Bus Stand,BENGALURU URBAN,KARNATAKA,560102,India,False,2024-05-06,2026-07-22
ADDR00006325,CUST00005048,Home,38/373 Bhandari Ganj,Floor 2,EAST KHASI HILLS,MEGHALAYA,793107,India,True,2016-06-01,
ADDR00006326,CUST00005049,Permanent,71/332 Bail Street,Flat 181,CHENGALPATTU,TAMIL NADU,603211,India,True,2018-01-09,
ADDR00006327,CUST00005050,Permanent,74/43 Sankar Path,Floor 9,BALLIA,UTTAR PRADESH,277210,India,True,2026-01-19,
ADDR00006328,CUST00005051,Permanent,96 Brahmbhatt Road,Flat 85,MEDINIPUR EAST,WEST BENGAL,721131,India,True,2019-11-06,
ADDR00006329,CUST00005052,Office,H.No. 428 Cheema Path,Near Metro Station,CUDDALORE,TAMIL NADU,608002,India,True,2025-10-19,
ADDR00006330,CUST00005053,Office,09/53 Hayre Road,,BALRAMPUR,UTTAR PRADESH,271201,India,True,2025-10-29,
ADDR00006331,CUST00005053,Office,H.No. 438 Oak Nagar,,MADURAI,TAMIL NADU,625703,India,False,2026-01-23,2026-07-16
ADDR00006332,CUST00005054,Permanent,14/384 Dua Path,Apartment 488,AJMER,RAJASTHAN,305407,India,True,2026-07-08,
ADDR00006333,CUST00005055,Mailing,961 Varty,,PURBA BARDHAMAN,WEST BENGAL,713519,India,True,2024-06-11,
ADDR00006334,CUST00005056,Permanent,H.No. 05 Koshy Path,,PATNA,BIHAR,801102,India,True,2015-06-14,
ADDR00006335,CUST00005057,Home,912 Karnik Nagar,Flat 188,BALLARI,KARNATAKA,583136,India,True,2020-11-28,
ADDR00006336,CUST00005058,Home,28/449 Arya Road,,HOOGHLY,WEST BENGAL,712235,India,True,2022-04-08,
ADDR00006337,CUST00005058,Home,H.No. 85 Bhavsar Zila,Opposite City Mall,MYSURU,KARNATAKA,571125,India,False,2023-07-22,2025-05-17
ADDR00006338,CUST00005059,Office,46/91 Sahni Ganj,,GUNTUR,ANDHRA PRADESH,522317,India,True,2023-12-10,
ADDR00006339,CUST00005060,Home,94 Vora Marg,Flat 12,ANJAW,ARUNACHAL PRADESH,792104,India,True,2012-09-20,
ADDR00006340,CUST00005061,Permanent,12 Rajan Circle,Opposite City Mall,BELAGAVI,KARNATAKA,591307,India,True,2020-11-05,
ADDR00006341,CUST00005062,Office,79/94 Kuruvilla Nagar,,JAISALMER,RAJASTHAN,345027,India,True,2025-06-13,
ADDR00006342,CUST00005063,Office,23/274 Kari Nagar,Near Metro Station,HAVERI,KARNATAKA,581120,India,True,2025-11-12,
ADDR00006343,CUST00005064,Office,H.No. 25 Chhabra Road,Opposite City Mall,KAMRUP METRO,ASSAM,781023,India,True,2005-04-20,
ADDR00006344,CUST00005064,Office,953 Luthra Circle,Floor 9,CHIKKAMAGALURU,KARNATAKA,577160,India,False,2023-01-17,2026-07-15
ADDR00006345,CUST00005065,Home,53/41 Upadhyay Ganj,Apartment 260,PATHANAMTHITTA,KERALA,689692,India,True,2026-01-23,
ADDR00006346,CUST00005066,Office,H.No. 095 Suresh Road,,JHUNJHUNU,RAJASTHAN,333026,India,True,2026-03-04,
ADDR00006347,CUST00005066,Home,134 Sachdeva,Near Bus Stand,KURNOOL,ANDHRA PRADESH,518216,India,False,2011-07-13,2013-06-29
ADDR00006348,CUST00005067,Office,76/62 Puri Path,,BILASPUR,HIMACHAL PRADESH,174031,India,True,2014-06-04,
ADDR00006349,CUST00005067,Mailing,71 Kala,Suite 32,VIJAYAPURA,KARNATAKA,586109,India,False,2010-11-01,2021-03-27
ADDR00006350,CUST00005068,Permanent,26/209 Biswas Nagar,,PRAKASAM,ANDHRA PRADESH,523170,India,True,2016-02-01,
ADDR00006351,CUST00005068,Home,142 Aggarwal Road,Opposite City Mall,SIKAR,RAJASTHAN,332702,India,False,2016-12-24,2017-08-29
ADDR00006352,CUST00005069,Office,89/539 Natarajan Street,Flat 69,TUTICORIN,TAMIL NADU,626202,India,True,2016-08-17,
ADDR00006353,CUST00005070,Home,908 Dasgupta Road,Near Metro Station,VILLUPURAM,TAMIL NADU,605202,India,True,2014-08-12,
ADDR00006354,CUST00005071,Permanent,H.No. 30 Bajwa Chowk,,SALEM,TAMIL NADU,636106,India,True,2025-08-10,
ADDR00006355,CUST00005072,Office,27/332 Brar Nagar,,BHADRAK,ODISHA,756163,India,True,2026-04-06,
ADDR00006356,CUST00005073,Mailing,50/419 Puri Path,Near Metro Station,PASHCHIM CHAMPARAN,BIHAR,845107,India,True,2026-05-31,
ADDR00006357,CUST00005074,Permanent,H.No. 54 Bose Nagar,Flat 259,BHADRAK,ODISHA,756114,India,True,2001-04-27,
ADDR00006358,CUST00005075,Mailing,943 Chanda Circle,,COIMBATORE,TAMIL NADU,641112,India,True,2018-05-22,
ADDR00006359,CUST00005076,Mailing,H.No. 58 Grewal Ganj,Near Metro Station,THRISSUR,KERALA,680103,India,True,2021-10-28,
ADDR00006360,CUST00005077,Permanent,H.No. 45 Dave Street,Opposite City Mall,JANJGIR-CHAMPA,CHHATTISGARH,495669,India,True,2020-12-14,
ADDR00006361,CUST00005077,Mailing,56/218 Raju Circle,Near Bus Stand,GANGANAGAR,RAJASTHAN,335024,India,False,2022-03-02,2025-09-17
ADDR00006362,CUST00005078,Office,76 Uppal Zila,Near Metro Station,DAUSA,RAJASTHAN,303511,India,True,2017-06-09,
ADDR00006363,CUST00005079,Home,57/29 Sagar Ganj,Apartment 208,BASTI,UTTAR PRADESH,271305,India,True,2026-05-31,
ADDR00006364,CUST00005080,Office,H.No. 504 Subramanian Circle,,MALAPPURAM,KERALA,676122,India,True,2026-04-10,
ADDR00006365,CUST00005081,Office,H.No. 55 Balakrishnan Chowk,,BHILWARA,RAJASTHAN,311025,India,True,2023-09-11,
ADDR00006366,CUST00005082,Mailing,H.No. 50 Mammen Path,,THIRUVANANTHAPURAM,KERALA,695103,India,True,2024-04-22,
ADDR00006367,CUST00005083,Permanent,H.No. 42 Patel Zila,,MUZAFFARNAGAR,UTTAR PRADESH,251002,India,True,2020-07-04,
ADDR00006368,CUST00005084,Mailing,H.No. 08 Pal Marg,Flat 240,CHURU,RAJASTHAN,331505,India,True,2026-01-28,
ADDR00006369,CUST00005085,Mailing,03/201 Butala Circle,Suite 28,THE NILGIRIS,TAMIL NADU,643102,India,True,2014-08-17,
ADDR00006370,CUST00005086,Mailing,77/12 Dube Chowk,Apartment 96,KAMAREDDY,TELANGANA,503124,India,True,2002-03-03,
ADDR00006371,CUST00005086,Permanent,H.No. 53 Sathe,Opposite City Mall,DHENKANAL,ODISHA,759018,India,False,2013-11-21,2019-03-24
ADDR00006372,CUST00005087,Permanent,H.No. 05 Mittal Path,,BOKARO,JHARKHAND,829149,India,True,2017-05-01,
ADDR00006373,CUST00005088,Office,H.No. 70 Behl Path,Floor 14,BENGALURU URBAN,KARNATAKA,560008,India,True,2013-08-01,
ADDR00006374,CUST00005089,Mailing,H.No. 602 Varkey Nagar,Floor 8,SRI MUKTSAR SAHIB,PUNJAB,152107,India,True,2000-10-29,
ADDR00006375,CUST00005089,Home,H.No. 200 Sane Path,,MANDYA,KARNATAKA,571425,India,False,1989-01-02,2012-12-02
ADDR00006376,CUST00005090,Home,65/528 Sinha Marg,Flat 29,KHORDHA,ODISHA,754001,India,True,2026-06-08,
ADDR00006377,CUST00005090,Mailing,46/42 Karpe Circle,,BEGUSARAI,BIHAR,851120,India,False,2025-08-10,2025-10-20
ADDR00006378,CUST00005091,Mailing,10/99 Saraf Nagar,Suite 19,KACHCHH,GUJARAT,370605,India,True,2026-07-15,
ADDR00006379,CUST00005091,Home,91/14 Cheema Marg,Suite 34,BANSWARA,RAJASTHAN,327025,India,False,2025-05-07,2025-05-16
ADDR00006380,CUST00005092,Mailing,97 Mand Circle,Apartment 68,Y.S.R.,ANDHRA PRADESH,516150,India,True,2019-09-20,
ADDR00006381,CUST00005093,Permanent,13 Yohannan,Flat 294,NAVSARI,GUJARAT,396521,India,True,2018-02-02,
ADDR00006382,CUST00005094,Home,017 Rao Path,Apartment 154,SIWAN,BIHAR,841408,India,True,2011-03-09,
ADDR00006383,CUST00005095,Office,05 Sarna Chowk,Opposite City Mall,GONDIA,MAHARASHTRA,441901,India,True,2024-05-25,
ADDR00006384,CUST00005096,Home,H.No. 89 Anne Road,Near Bus Stand,KARIMNAGAR,TELANGANA,505445,India,True,2019-08-18,
ADDR00006385,CUST00005096,Office,668 Vaidya Path,Suite 29,SUNDARGARH,ODISHA,769011,India,False,2022-09-19,2025-06-06
ADDR00006386,CUST00005097,Mailing,98 Dada Chowk,Near Metro Station,PATNA,BIHAR,802160,India,True,2026-07-18,
ADDR00006387,CUST00005098,Home,24/50 Sachar,Suite 24,SUKMA,CHHATTISGARH,494115,India,True,2023-01-25,
ADDR00006388,CUST00005099,Office,62/270 Krish Street,,MALAPPURAM,KERALA,673635,India,True,2026-02-03,
ADDR00006389,CUST00005100,Mailing,09/764 Chahal Chowk,Apartment 191,TONK,RAJASTHAN,304501,India,True,2021-01-12,
ADDR00006390,CUST00005101,Permanent,00 Deep Zila,Near Metro Station,ARARIA,BIHAR,854328,India,True,2024-06-16,
ADDR00006391,CUST00005102,Home,H.No. 294 Sule,Near Metro Station,KANNUR,KERALA,670310,India,True,2019-07-01,
ADDR00006392,CUST00005103,Mailing,04/59 Konda Circle,Apartment 19,THIRUVALLUR,TAMIL NADU,602024,India,True,2022-05-14,
ADDR00006393,CUST00005104,Mailing,08/52 Walla Ganj,,PONDICHERRY,PUDUCHERRY,605013,India,True,2023-03-28,
ADDR00006394,CUST00005104,Home,44 Upadhyay Circle,,CHANDRAPUR,MAHARASHTRA,442701,India,False,2022-11-12,2024-08-26
ADDR00006395,CUST00005105,Permanent,64/231 Koshy Street,Floor 2,PALAKKAD,KERALA,679301,India,True,2026-07-18,
ADDR00006396,CUST00005106,Permanent,83/012 Deol Road,Opposite City Mall,GURDASPUR,PUNJAB,143531,India,True,2025-11-03,
ADDR00006397,CUST00005107,Home,49/863 Guha Ganj,,BULANDSHAHR,UTTAR PRADESH,203411,India,True,2013-08-23,
ADDR00006398,CUST00005108,Mailing,963 Nayar,Floor 14,PALAKKAD,KERALA,678102,India,True,1994-01-14,
ADDR00006399,CUST00005109,Mailing,89/30 Chakraborty Marg,,JAIPUR,RAJASTHAN,303006,India,True,2025-02-09,
ADDR00006400,CUST00005109,Home,474 Hayer Street,Suite 13,KORBA,CHHATTISGARH,495683,India,False,2019-05-24,2019-12-03
ADDR00006401,CUST00005110,Office,157 Iyengar Road,,ALWAR,RAJASTHAN,301412,India,True,2024-03-11,
ADDR00006402,CUST00005111,Permanent,20 Bhatnagar,Flat 249,CHHATARPUR,MADHYA PRADESH,471510,India,True,2024-04-23,
ADDR00006403,CUST00005112,Office,39 Rau Circle,Suite 17,KOTTAYAM,KERALA,686102,India,True,2008-07-13,
ADDR00006404,CUST00005113,Permanent,H.No. 00 Baral Street,,BIDAR,KARNATAKA,585412,India,True,2019-02-10,
ADDR00006405,CUST00005114,Permanent,607 Pant Zila,Suite 50,EAST GODAVARI,ANDHRA PRADESH,533431,India,True,2026-01-11,
ADDR00006406,CUST00005114,Permanent,H.No. 443 Singh Nagar,Near Bus Stand,TIRUVANNAMALAI,TAMIL NADU,606908,India,False,2026-05-15,2026-06-27
ADDR00006407,CUST00005115,Office,94 Wason Street,Floor 9,EAST KHASI HILLS,MEGHALAYA,793017,India,True,2019-01-26,
ADDR00006408,CUST00005116,Home,057 Bail Nagar,,VILLUPURAM,TAMIL NADU,605105,India,True,2025-11-26,
ADDR00006409,CUST00005117,Mailing,85/78 Sahni Circle,Floor 6,ALMORA,UTTARAKHAND,263663,India,True,2010-03-24,
ADDR00006410,CUST00005118,Office,970 Tella Street,Suite 49,MALKANGIRI,ODISHA,764048,India,True,2009-02-02,
ADDR00006411,CUST00005118,Permanent,H.No. 72 Luthra Ganj,Suite 48,PURI,ODISHA,752121,India,False,2010-12-26,2022-03-25
ADDR00006412,CUST00005119,Mailing,47/822 Dar,Apartment 445,VIKARABAD,TELANGANA,502345,India,True,2019-08-26,
ADDR00006413,CUST00005120,Mailing,90/89 Sama Ganj,Flat 99,UNA,HIMACHAL PRADESH,174308,India,True,1994-04-17,
ADDR00006414,CUST00005121,Mailing,H.No. 00 Goyal Marg,,WEST GODAVARI,ANDHRA PRADESH,534444,India,True,2014-07-01,
ADDR00006415,CUST00005122,Home,H.No. 812 Babu Marg,Suite 19,SINDHUDURG,MAHARASHTRA,416813,India,True,2025-09-01,
ADDR00006416,CUST00005122,Home,82/029 Padmanabhan,Flat 120,MUMBAI,MAHARASHTRA,400006,India,False,2024-05-07,2026-06-08
ADDR00006417,CUST00005123,Office,H.No. 67 Bhargava Marg,,JUNAGADH,GUJARAT,362225,India,True,2026-06-10,
ADDR00006418,CUST00005124,Permanent,34/86 Dada Path,Near Bus Stand,TIRUCHIRAPPALLI,TAMIL NADU,621014,India,True,2022-08-23,
ADDR00006419,CUST00005124,Mailing,H.No. 48 Thakkar Zila,Opposite City Mall,DHULE,MAHARASHTRA,424006,India,False,2017-06-20,2024-11-10
ADDR00006420,CUST00005125,Mailing,H.No. 21 Kannan Street,Near Metro Station,VIZIANAGARAM,ANDHRA PRADESH,535260,India,True,2019-04-26,
ADDR00006421,CUST00005125,Home,H.No. 92 Bose Street,,Tirupathur,TAMIL NADU,635811,India,False,2022-01-28,2025-09-15
ADDR00006422,CUST00005126,Home,H.No. 503 Kadakia,Near Metro Station,BELAGAVI,KARNATAKA,590019,India,True,2019-04-23,
ADDR00006423,CUST00005127,Home,519 Prabhakar Street,,CHENGALPATTU,TAMIL NADU,603211,India,True,2020-04-08,
ADDR00006424,CUST00005127,Home,882 Patla Marg,,SPSR NELLORE,ANDHRA PRADESH,524415,India,False,2020-09-18,2023-08-15
ADDR00006425,CUST00005128,Home,21/530 Rau Chowk,,AHMADABAD,GUJARAT,382449,India,True,2025-02-20,
ADDR00006426,CUST00005129,Permanent,63/556 Chakrabarti Path,,KOZHIKODE,KERALA,673501,India,True,2024-12-04,
ADDR00006427,CUST00005130,Office,H.No. 782 Sehgal Zila,Near Metro Station,TUTICORIN,TAMIL NADU,628952,India,True,2023-01-24,
ADDR00006428,CUST00005131,Permanent,336 Sachar Ganj,Floor 17,SINGRAULI,MADHYA PRADESH,486890,India,True,2024-11-02,
ADDR00006429,CUST00005132,Permanent,H.No. 10 Bose Street,Flat 176,MYSURU,KARNATAKA,570033,India,True,2026-01-11,
ADDR00006430,CUST00005132,Permanent,H.No. 82 Mall Marg,Apartment 100,TIRUVANNAMALAI,TAMIL NADU,632512,India,False,2022-10-07,2024-03-14
ADDR00006431,CUST00005133,Office,H.No. 78 Bhargava Path,Near Bus Stand,JODHPUR,RAJASTHAN,342029,India,True,2023-07-28,
ADDR00006432,CUST00005133,Permanent,80/43 Zacharia Chowk,,KISHANGANJ,BIHAR,855117,India,False,2022-11-12,2023-09-20
ADDR00006433,CUST00005134,Mailing,43/55 Gokhale Ganj,Near Metro Station,RAICHUR,KARNATAKA,584101,India,True,2026-07-11,
ADDR00006434,CUST00005135,Mailing,67 Srinivas Nagar,Floor 9,NAGAUR,RAJASTHAN,341515,India,True,2005-01-12,
ADDR00006435,CUST00005136,Permanent,44 Kata Road,,VIJAYAPURA,KARNATAKA,586109,India,True,2026-06-27,
ADDR00006436,CUST00005137,Office,43 Sen Zila,,FARRUKHABAD,UTTAR PRADESH,209503,India,True,2026-03-13,
ADDR00006437,CUST00005137,Mailing,H.No. 35 Chauhan Ganj,Floor 4,SOUTH DISTRICT,SIKKIM,737121,India,False,2026-03-26,2026-07-19
ADDR00006438,CUST00005138,Mailing,88/333 Hora Nagar,Opposite City Mall,GUMLA,JHARKHAND,835220,India,True,2001-12-18,
ADDR00006439,CUST00005138,Office,H.No. 67 Balakrishnan Chowk,Suite 45,HARDOI,UTTAR PRADESH,209869,India,False,2004-10-06,2010-03-08
ADDR00006440,CUST00005139,Home,H.No. 41 Murthy Path,Near Metro Station,PUDUKKOTTAI,TAMIL NADU,622304,India,True,2021-01-31,
ADDR00006441,CUST00005140,Office,311 Bhatnagar Circle,Near Metro Station,KULLU,HIMACHAL PRADESH,175104,India,True,2018-02-07,
ADDR00006442,CUST00005140,Home,976 Gole Chowk,,BELAGAVI,KARNATAKA,591101,India,False,2015-10-20,2021-10-24
ADDR00006443,CUST00005141,Office,34/633 Natarajan Street,,JHARSUGUDA,ODISHA,768218,India,True,2026-08-01,
ADDR00006444,CUST00005142,Mailing,50/511 Chaudhary Marg,Floor 13,BARGARH,ODISHA,768036,India,True,2015-08-10,
ADDR00006445,CUST00005142,Mailing,H.No. 17 Taneja,,TIRUVANNAMALAI,TAMIL NADU,606704,India,False,2024-06-29,2026-07-02
ADDR00006446,CUST00005143,Office,79 Kurian Path,,24 PARAGANAS NORTH,WEST BENGAL,700035,India,True,2012-10-09,
ADDR00006447,CUST00005144,Home,H.No. 43 Datta Circle,,SOUTH GOA,GOA,403731,India,True,2004-10-20,
ADDR00006448,CUST00005145,Permanent,95 Srinivasan Marg,,NADIA,WEST BENGAL,741158,India,True,2025-10-20,
ADDR00006449,CUST00005146,Mailing,53 Hans Ganj,,VIJAYAPURA,KARNATAKA,586207,India,True,2025-09-28,
ADDR00006450,CUST00005146,Mailing,047 Singhal Path,,JALANDHAR,PUNJAB,144020,India,False,2026-05-27,2026-06-15
ADDR00006451,CUST00005147,Office,87/28 Magar Street,Floor 16,BULDHANA,MAHARASHTRA,444204,India,True,2020-04-18,
ADDR00006452,CUST00005148,Permanent,86/23 Kara Chowk,Near Metro Station,NAGPUR,MAHARASHTRA,441101,India,True,2023-06-07,
ADDR00006453,CUST00005149,Permanent,H.No. 18 Sarma,Apartment 198,AHMADABAD,GUJARAT,380054,India,True,2016-03-28,
ADDR00006454,CUST00005150,Office,H.No. 491 Samra Road,Floor 19,BELAGAVI,KARNATAKA,591125,India,True,2006-06-20,
ADDR00006455,CUST00005151,Mailing,H.No. 913 Bhatt Path,,GHAZIPUR,UTTAR PRADESH,233224,India,True,2020-02-08,
ADDR00006456,CUST00005152,Mailing,H.No. 46 Srinivas,Near Metro Station,JODHPUR,RAJASTHAN,342030,India,True,2026-03-15,
ADDR00006457,CUST00005153,Mailing,41/077 Chand Street,Apartment 476,COIMBATORE,TAMIL NADU,641108,India,True,2025-07-09,
ADDR00006458,CUST00005154,Permanent,H.No. 913 Wable,,JALPAIGURI,WEST BENGAL,735216,India,True,2012-12-28,
ADDR00006459,CUST00005155,Mailing,89 Goswami Road,Near Bus Stand,ANANTAPUR,ANDHRA PRADESH,515767,India,True,2003-06-09,
ADDR00006460,CUST00005155,Office,73 Balay Path,Suite 44,SALEM,TAMIL NADU,636141,India,False,1993-08-14,2004-01-28
ADDR00006461,CUST00005156,Office,H.No. 27 De Marg,Flat 209,KARIMNAGAR,TELANGANA,505527,India,True,2026-04-07,
ADDR00006462,CUST00005157,Office,47/675 Mand Circle,Opposite City Mall,GADAG,KARNATAKA,582202,India,True,1986-06-08,
ADDR00006463,CUST00005158,Office,19/83 Sane Nagar,Near Bus Stand,KURNOOL,ANDHRA PRADESH,518599,India,True,2006-01-28,
ADDR00006464,CUST00005159,Home,H.No. 466 Naidu Nagar,,KANGPOKPI,MANIPUR,795113,India,True,2026-05-21,
ADDR00006465,CUST00005160,Mailing,66/84 Bali Street,Near Metro Station,MAHARAJGANJ,UTTAR PRADESH,273162,India,True,2026-05-16,
ADDR00006466,CUST00005161,Permanent,55 Nadkarni Zila,Flat 295,KORAPUT,ODISHA,764002,India,True,2026-07-13,
ADDR00006467,CUST00005162,Home,58 Dalal Road,Flat 17,RANGA REDDY,TELANGANA,500075,India,True,2018-11-05,
ADDR00006468,CUST00005162,Home,05/81 Bali Street,,KHORDHA,ODISHA,751024,India,False,2023-11-01,2025-03-07
ADDR00006469,CUST00005163,Home,12 Wali Zila,Floor 3,GAUTAM BUDDHA NAGAR,UTTAR PRADESH,201307,India,True,1993-07-06,
ADDR00006470,CUST00005164,Home,150 Krish Zila,,DAKSHINA KANNADA,KARNATAKA,574197,India,True,2026-05-20,
ADDR00006471,CUST00005165,Home,38 Khare,,BHILWARA,RAJASTHAN,311204,India,True,2020-07-19,
ADDR00006472,CUST00005166,Mailing,05 Doctor Zila,Flat 215,RATLAM,MADHYA PRADESH,457336,India,True,2025-07-02,
ADDR00006473,CUST00005167,Office,33/881 Bhakta Zila,Floor 5,AHMEDNAGAR,MAHARASHTRA,414002,India,True,2024-08-08,
ADDR00006474,CUST00005168,Permanent,46/57 Gopal,Apartment 59,SANGLI,MAHARASHTRA,415307,India,True,2024-07-09,
ADDR00006475,CUST00005169,Permanent,50/856 Bath,Suite 9,SUNDARGARH,ODISHA,754217,India,True,2025-07-05,
ADDR00006476,CUST00005170,Mailing,45/501 More Zila,Flat 141,SHIMLA,HIMACHAL PRADESH,171223,India,True,2021-03-18,
ADDR00006477,CUST00005170,Permanent,44/21 Shroff Nagar,Near Bus Stand,RAMGARH,JHARKHAND,829133,India,False,2026-04-26,2026-05-05
ADDR00006478,CUST00005171,Mailing,H.No. 581 Sani,,ARVALLI,GUJARAT,383450,India,True,2026-07-25,
ADDR00006479,CUST00005172,Home,59/86 Wable Marg,,UDUPI,KARNATAKA,576117,India,True,2025-01-03,
ADDR00006480,CUST00005173,Mailing,29 Dhillon,Flat 241,BANKA,BIHAR,813107,India,True,2019-11-11,
ADDR00006481,CUST00005174,Office,21/834 Randhawa Street,Suite 44,DAVANGERE,KARNATAKA,577556,India,True,2020-10-16,
ADDR00006482,CUST00005175,Mailing,29 Salvi Path,Near Metro Station,CUDDALORE,TAMIL NADU,606301,India,True,2021-02-15,
ADDR00006483,CUST00005176,Permanent,71/83 Acharya Street,Opposite City Mall,PURNIA,BIHAR,854301,India,True,1996-05-19,
ADDR00006484,CUST00005177,Home,26/635 Brar Street,Near Metro Station,UDUPI,KARNATAKA,576233,India,True,2008-07-09,
ADDR00006485,CUST00005178,Permanent,85/26 Rajan Zila,Suite 1,KOLKATA,WEST BENGAL,700060,India,True,2022-06-20,
ADDR00006486,CUST00005178,Mailing,086 Dass Road,Floor 10,SONITPUR,ASSAM,784117,India,False,2024-12-29,2026-01-10
ADDR00006487,CUST00005179,Office,H.No. 125 Bal Path,Opposite City Mall,LUDHIANA,PUNJAB,141122,India,True,2024-06-04,
ADDR00006488,CUST00005179,Permanent,H.No. 32 Banik Road,,SATNA,MADHYA PRADESH,485881,India,False,2026-01-13,2026-07-26
ADDR00006489,CUST00005180,Permanent,64 Mittal Circle,Flat 264,SOLAN,HIMACHAL PRADESH,173208,India,True,2025-05-29,
ADDR00006490,CUST00005180,Home,H.No. 99 Bajaj Circle,,ERODE,TAMIL NADU,638452,India,False,2025-12-19,2026-03-13
ADDR00006491,CUST00005181,Office,50/68 Gour Circle,Suite 8,ANANTAPUR,ANDHRA PRADESH,515531,India,True,2023-10-04,
ADDR00006492,CUST00005182,Office,H.No. 834 Sundaram Chowk,Near Bus Stand,UJJAIN,MADHYA PRADESH,456221,India,True,2008-10-15,
ADDR00006493,CUST00005183,Office,94/54 Morar Street,Near Metro Station,PUNE,MAHARASHTRA,412406,India,True,2025-06-18,
ADDR00006494,CUST00005184,Mailing,H.No. 456 Kapadia Path,Near Metro Station,MAYILADUTHURAI,TAMIL NADU,609304,India,True,2022-10-19,
ADDR00006495,CUST00005185,Permanent,68 Brar Marg,Floor 10,AMRAVATI,MAHARASHTRA,444710,India,True,2024-10-10,
ADDR00006496,CUST00005186,Permanent,H.No. 665 Sankaran Road,,24 PARAGANAS SOUTH,WEST BENGAL,700148,India,True,2014-07-18,
ADDR00006497,CUST00005187,Mailing,H.No. 58 Dhawan Nagar,Near Metro Station,VISAKHAPATANAM,ANDHRA PRADESH,530003,India,True,2016-07-11,
ADDR00006498,CUST00005188,Mailing,74 Lad Marg,Apartment 9,KURNOOL,ANDHRA PRADESH,518452,India,True,2026-03-22,
ADDR00006499,CUST00005188,Mailing,80/591 Bail,Floor 9,DEHRADUN,UTTARAKHAND,248012,India,False,2016-11-28,2021-09-15
ADDR00006500,CUST00005189,Office,H.No. 151 Mann,Near Metro Station,EAST GODAVARI,ANDHRA PRADESH,533201,India,True,2026-05-15,
ADDR00006501,CUST00005190,Mailing,918 Shroff Road,,BHILWARA,RAJASTHAN,311402,India,True,2024-07-04,
ADDR00006502,CUST00005190,Office,61 Dutta Circle,,SANGLI,MAHARASHTRA,415315,India,False,2025-10-17,2025-10-30
ADDR00006503,CUST00005191,Office,79/65 Balay Marg,Near Bus Stand,AMBEDKAR NAGAR,UTTAR PRADESH,224137,India,True,2024-08-04,
ADDR00006504,CUST00005192,Mailing,H.No. 139 Nazareth Ganj,Flat 171,JAJAPUR,ODISHA,754296,India,True,2024-05-22,
ADDR00006505,CUST00005193,Permanent,44/35 Naidu Zila,,MIRZAPUR,UTTAR PRADESH,231305,India,True,2003-10-25,
ADDR00006506,CUST00005194,Permanent,H.No. 884 Nazareth Chowk,,MYSURU,KARNATAKA,570034,India,True,2006-08-20,
ADDR00006507,CUST00005194,Office,40 Sodhi Path,Near Metro Station,EAST,DELHI,110091,India,False,1987-08-31,1994-10-13
ADDR00006508,CUST00005195,Home,61 Sen,,YADGIR,KARNATAKA,585319,India,True,2024-01-11,
ADDR00006509,CUST00005196,Home,51/91 Mall Marg,,JAMNAGAR,GUJARAT,361013,India,True,2013-01-08,
ADDR00006510,CUST00005196,Office,H.No. 582 Edwin Street,,MYSURU,KARNATAKA,571107,India,False,2019-01-21,2019-06-22
ADDR00006511,CUST00005197,Office,14 Varkey Circle,Near Metro Station,BEGUSARAI,BIHAR,851111,India,True,2005-03-02,
ADDR00006512,CUST00005198,Permanent,93/052 Dhingra Marg,Floor 3,NADIA,WEST BENGAL,741505,India,True,2022-02-28,
ADDR00006513,CUST00005199,Permanent,H.No. 40 Contractor,Near Bus Stand,THIRUVANANTHAPURAM,KERALA,695007,India,True,2025-07-28,
ADDR00006514,CUST00005200,Office,41/194 Ramaswamy Road,Apartment 359,DIBRUGARH,ASSAM,786012,India,True,2026-01-12,
ADDR00006515,CUST00005200,Home,20/27 Sami Path,Apartment 285,TIRUPPUR,TAMIL NADU,638462,India,False,2025-09-17,2026-07-18
ADDR00006516,CUST00005201,Permanent,81/815 Bhatt Path,Flat 42,MATHURA,UTTAR PRADESH,281203,India,True,2025-01-22,
ADDR00006517,CUST00005201,Office,87/29 Warrior Zila,,HAMIRPUR,UTTAR PRADESH,210432,India,False,2025-12-05,2025-12-27
ADDR00006518,CUST00005202,Permanent,537 Mittal Marg,Near Metro Station,MATHURA,UTTAR PRADESH,281308,India,True,2018-04-22,
ADDR00006519,CUST00005202,Permanent,02/47 Chawla Road,Near Metro Station,CACHAR,ASSAM,788007,India,False,2011-02-23,2016-02-16
ADDR00006520,CUST00005203,Office,691 Nadkarni Chowk,Opposite City Mall,BARABANKI,UTTAR PRADESH,225119,India,True,2024-11-22,
ADDR00006521,CUST00005203,Office,26 Sangha Marg,Suite 14,JODHPUR,RAJASTHAN,342008,India,False,2016-09-19,2024-07-16
ADDR00006522,CUST00005204,Mailing,34 Dewan Ganj,,MALDAH,WEST BENGAL,732141,India,True,2025-08-24,
ADDR00006523,CUST00005205,Permanent,32/90 Gour Path,Near Bus Stand,ANUGUL,ODISHA,759130,India,True,2003-08-09,
ADDR00006524,CUST00005205,Office,11 Borra Path,Near Metro Station,KOTTAYAM,KERALA,686607,India,False,2010-03-25,2017-08-08
ADDR00006525,CUST00005206,Permanent,915 Kata Marg,Near Metro Station,DURG,CHHATTISGARH,491225,India,True,2010-05-15,
ADDR00006526,CUST00005207,Home,20 Pau Nagar,Flat 214,THANE,MAHARASHTRA,400605,India,True,2022-08-15,
ADDR00006527,CUST00005208,Office,H.No. 17 Natarajan Chowk,,KOZHIKODE,KERALA,673504,India,True,2012-10-31,
ADDR00006528,CUST00005208,Home,H.No. 538 Virk Circle,Floor 16,TIRUCHIRAPPALLI,TAMIL NADU,621207,India,False,2009-10-16,2018-06-03
ADDR00006529,CUST00005209,Mailing,H.No. 651 Barad Street,Suite 50,VARANASI,UTTAR PRADESH,221112,India,True,2010-02-22,
ADDR00006530,CUST00005210,Permanent,08 Reddy Road,,LUDHIANA,PUNJAB,141412,India,True,2017-04-02,
ADDR00006531,CUST00005211,Home,245 Wadhwa Chowk,Near Bus Stand,JALANDHAR,PUNJAB,144005,India,True,2026-04-18,
ADDR00006532,CUST00005211,Permanent,43/530 Pillay Street,Suite 35,PUNE,MAHARASHTRA,410506,India,False,2026-04-11,2026-06-18
ADDR00006533,CUST00005212,Mailing,97 Wali Path,Opposite City Mall,SARAN,BIHAR,841411,India,True,2024-06-09,
ADDR00006534,CUST00005213,Office,12/956 Yogi Street,Near Metro Station,SOLAPUR,MAHARASHTRA,413317,India,True,2024-11-15,
ADDR00006535,CUST00005213,Permanent,H.No. 99 Mani Road,Near Metro Station,DAMOH,MADHYA PRADESH,470673,India,False,2026-01-21,2026-03-05
ADDR00006536,CUST00005214,Home,H.No. 808 Biswas Circle,Floor 20,SPSR NELLORE,ANDHRA PRADESH,524137,India,True,2020-10-21,
ADDR00006537,CUST00005215,Office,H.No. 43 Badal Path,Near Bus Stand,MURSHIDABAD,WEST BENGAL,742184,India,True,1987-09-29,
ADDR00006538,CUST00005216,Mailing,H.No. 330 Upadhyay Marg,Apartment 112,DEHRADUN,UTTARAKHAND,249201,India,True,2025-11-22,
ADDR00006539,CUST00005217,Office,H.No. 90 Lanka Street,,PAURI GARHWAL,UTTARAKHAND,246159,India,True,2025-09-20,
ADDR00006540,CUST00005218,Home,37/859 Pathak Road,Floor 8,RAJKOT,GUJARAT,360410,India,True,2015-01-16,
ADDR00006541,CUST00005219,Mailing,69/806 Raman Nagar,Flat 129,Jagitial,TELANGANA,505453,India,True,2025-10-30,
ADDR00006542,CUST00005220,Mailing,24/51 Singh Road,,PUNE,MAHARASHTRA,410509,India,True,2017-11-27,
ADDR00006543,CUST00005221,Mailing,69/62 Venkataraman Road,Apartment 174,NASHIK,MAHARASHTRA,422304,India,True,1997-04-14,
ADDR00006544,CUST00005222,Permanent,H.No. 895 Dalal Circle,Flat 197,BILASPUR,CHHATTISGARH,495330,India,True,2013-08-15,
ADDR00006545,CUST00005223,Permanent,41 Natt Street,Apartment 174,NORTH GOA,GOA,403504,India,True,2026-08-02,
ADDR00006546,CUST00005224,Home,H.No. 10 Bail Ganj,Near Metro Station,24 PARAGANAS NORTH,WEST BENGAL,700083,India,True,1980-11-10,
ADDR00006547,CUST00005225,Permanent,60/233 Vala Ganj,Near Bus Stand,DOHAD,GUJARAT,389175,India,True,2004-12-25,
ADDR00006548,CUST00005225,Mailing,62 Borde Zila,,JANGOAN,TELANGANA,506252,India,False,2013-03-27,2022-12-04
ADDR00006549,CUST00005226,Mailing,H.No. 64 Bhardwaj Street,,PALAKKAD,KERALA,673577,India,True,2008-04-29,
ADDR00006550,CUST00005226,Home,05/225 Sibal Circle,,PUNE,MAHARASHTRA,411012,India,False,2023-05-22,2023-12-03
ADDR00006551,CUST00005227,Office,H.No. 323 Menon,Flat 90,KOKRAJHAR,ASSAM,783369,India,True,2010-03-17,
ADDR00006552,CUST00005227,Office,58/691 Prabhu Chowk,Flat 214,MIRZAPUR,UTTAR PRADESH,231211,India,False,2005-08-18,2018-11-21
ADDR00006553,CUST00005228,Office,H.No. 898 Shroff Path,,SHIMLA,HIMACHAL PRADESH,171011,India,True,2017-08-20,
ADDR00006554,CUST00005228,Permanent,92/01 Varty Marg,Floor 11,CUDDALORE,TAMIL NADU,608306,India,False,2020-12-16,2022-10-31
ADDR00006555,CUST00005229,Permanent,06/77 Magar Chowk,,PITHORAGARH,UTTARAKHAND,262530,India,True,2016-01-09,
ADDR00006556,CUST00005230,Permanent,81 Krishna Zila,Suite 21,MALAPPURAM,KERALA,679572,India,True,2012-10-17,
ADDR00006557,CUST00005231,Home,06 Amble Road,,BHADRAK,ODISHA,756138,India,True,1998-05-18,
ADDR00006558,CUST00005232,Home,29 Ramaswamy Nagar,Floor 9,NAGAON,ASSAM,782003,India,True,2024-11-27,
ADDR00006559,CUST00005232,Home,H.No. 87 Agarwal Street,Near Metro Station,UTTAR KASHI,UTTARAKHAND,249151,India,False,2026-05-01,2026-07-13
ADDR00006560,CUST00005233,Permanent,35 Gupta Circle,,KOTTAYAM,KERALA,686541,India,True,2005-09-26,
ADDR00006561,CUST00005234,Office,H.No. 799 D’Alia Zila,Near Bus Stand,ALWAR,RAJASTHAN,301403,India,True,2022-12-15,
ADDR00006562,CUST00005235,Permanent,87/580 Nagy Circle,Near Metro Station,KARUR,TAMIL NADU,621315,India,True,2026-05-29,
ADDR00006563,CUST00005236,Office,84/319 Prasad Path,Suite 20,RANGA REDDY,TELANGANA,500005,India,True,2008-06-07,
ADDR00006564,CUST00005237,Permanent,35/895 Bhalla Path,Apartment 366,TIRUCHIRAPPALLI,TAMIL NADU,621214,India,True,2012-03-02,
ADDR00006565,CUST00005237,Mailing,89/719 Nadig Marg,Near Bus Stand,MEERUT,UTTAR PRADESH,250501,India,False,2018-05-19,2025-05-06
ADDR00006566,CUST00005238,Mailing,588 Narayan Road,Suite 24,PATNA,BIHAR,800015,India,True,2020-11-16,
ADDR00006567,CUST00005238,Home,88/939 Saha Circle,Flat 251,ANUGUL,ODISHA,759122,India,False,2024-09-10,2025-07-13
ADDR00006568,CUST00005239,Mailing,96/607 Bala Path,,WANAPARTHY,TELANGANA,509104,India,True,2026-06-20,
ADDR00006569,CUST00005240,Office,232 Thaman Ganj,,KOZHIKODE,KERALA,673301,India,True,2017-11-17,
ADDR00006570,CUST00005241,Home,H.No. 55 Varghese Street,Floor 1,GWALIOR,MADHYA PRADESH,474002,India,True,2024-05-06,
ADDR00006571,CUST00005242,Office,H.No. 74 Shukla Road,Apartment 165,ANANTAPUR,ANDHRA PRADESH,515445,India,True,2007-04-02,
ADDR00006572,CUST00005243,Home,25/62 Solanki Marg,Opposite City Mall,VISAKHAPATANAM,ANDHRA PRADESH,530001,India,True,2026-02-03,
ADDR00006573,CUST00005244,Home,373 Gupta,Near Metro Station,SIRMAUR,HIMACHAL PRADESH,173026,India,True,2024-11-03,
ADDR00006574,CUST00005245,Office,973 Om Road,Near Bus Stand,NIZAMABAD,TELANGANA,503219,India,True,2022-12-13,
ADDR00006575,CUST00005246,Mailing,36/57 Tata Ganj,Apartment 282,DUMKA,JHARKHAND,814167,India,True,2025-09-18,
ADDR00006576,CUST00005247,Office,10/36 Dalal Circle,Flat 49,BENGALURU URBAN,KARNATAKA,560021,India,True,2021-09-03,
ADDR00006577,CUST00005248,Home,H.No. 67 Verma Zila,Floor 16,BHIWANI,HARYANA,127041,India,True,2023-12-04,
ADDR00006578,CUST00005248,Permanent,86 Wagle Marg,Opposite City Mall,Jhargram,WEST BENGAL,721504,India,False,2026-03-26,2026-08-01
ADDR00006579,CUST00005249,Mailing,H.No. 33 Luthra Nagar,Opposite City Mall,ARVALLI,GUJARAT,383350,India,True,2025-02-06,
ADDR00006580,CUST00005250,Home,H.No. 243 Thaker Road,Near Metro Station,GHAZIABAD,UTTAR PRADESH,201020,India,True,2013-07-22,
ADDR00006581,CUST00005251,Mailing,55 Konda Circle,,KASARAGOD,KERALA,671121,India,True,2024-07-07,
ADDR00006582,CUST00005252,Home,H.No. 98 Mani Road,Near Bus Stand,EAST GODAVARI,ANDHRA PRADESH,533107,India,True,2026-02-01,
ADDR00006583,CUST00005252,Home,06/06 Kohli Chowk,Floor 6,UTTAR KASHI,UTTARAKHAND,249151,India,False,2025-11-13,2026-02-08
ADDR00006584,CUST00005253,Permanent,12/091 Shenoy Street,,CHIKKABALLAPURA,KARNATAKA,561209,India,True,2017-09-26,
ADDR00006585,CUST00005253,Office,07/432 Deshmukh Nagar,,GADCHIROLI,MAHARASHTRA,442705,India,False,1999-07-07,2015-05-04
ADDR00006586,CUST00005254,Mailing,90 Ramanathan Chowk,Floor 13,PALAKKAD,KERALA,679515,India,True,2023-08-30,
ADDR00006587,CUST00005255,Home,H.No. 99 Sami Zila,Suite 5,KHAMMAM,TELANGANA,507159,India,True,2020-01-15,
ADDR00006588,CUST00005256,Permanent,H.No. 047 Kar Chowk,,GAYA,BIHAR,823002,India,True,1998-07-13,
ADDR00006589,CUST00005256,Home,H.No. 085 Madan,,PALAKKAD,KERALA,679123,India,False,2001-09-21,2001-12-22
ADDR00006590,CUST00005257,Permanent,26/56 Reddy Zila,,DAKSHINA KANNADA,KARNATAKA,575019,India,True,2024-11-29,
ADDR00006591,CUST00005258,Permanent,636 Singh,Apartment 230,KANNIYAKUMARI,TAMIL NADU,629176,India,True,2021-07-09,
ADDR00006592,CUST00005258,Permanent,05/53 Samra Marg,Flat 212,NALGONDA,TELANGANA,508250,India,False,2004-11-15,2022-02-20
ADDR00006593,CUST00005259,Mailing,28 Joshi Path,Suite 5,KOLLAM,KERALA,691538,India,True,2024-08-20,
ADDR00006594,CUST00005260,Permanent,575 Vala Street,,SATARA,MAHARASHTRA,415023,India,True,2016-07-13,
ADDR00006595,CUST00005261,Office,22/475 Muni Nagar,,KACHCHH,GUJARAT,370670,India,True,2026-05-02,
ADDR00006596,CUST00005262,Mailing,H.No. 86 Aurora Circle,,MURSHIDABAD,WEST BENGAL,742406,India,True,2012-01-04,
ADDR00006597,CUST00005263,Home,725 Tara Marg,Near Metro Station,RANGA REDDY,TELANGANA,500104,India,True,2014-07-15,
ADDR00006598,CUST00005264,Permanent,20/785 Mann Street,Floor 18,BHOPAL,MADHYA PRADESH,462120,India,True,2018-01-09,
ADDR00006599,CUST00005264,Office,96/524 Rout,Suite 34,BALODA BAZAR,CHHATTISGARH,493551,India,False,2017-07-21,2020-01-20
ADDR00006600,CUST00005265,Office,H.No. 953 Kaur Ganj,,LUDHIANA,PUNJAB,141412,India,True,2021-12-01,
ADDR00006601,CUST00005265,Home,66/273 Sarkar Road,Floor 17,AHMADABAD,GUJARAT,380052,India,False,2022-06-04,2022-10-18
ADDR00006602,CUST00005266,Mailing,534 Pradhan,,KASARAGOD,KERALA,671123,India,True,2023-02-21,
ADDR00006603,CUST00005267,Home,77 Soman Chowk,Apartment 439,ANANTAPUR,ANDHRA PRADESH,515202,India,True,2015-02-14,
ADDR00006604,CUST00005268,Home,59/599 Pradhan Zila,Opposite City Mall,KOLLAM,KERALA,691536,India,True,2024-04-23,
ADDR00006605,CUST00005269,Mailing,471 Arya Street,Near Metro Station,JALNA,MAHARASHTRA,431154,India,True,2023-11-16,
ADDR00006606,CUST00005270,Mailing,H.No. 978 Sur Chowk,Apartment 325,MAHESANA,GUJARAT,384530,India,True,2025-10-08,
ADDR00006607,CUST00005271,Office,36/742 Bath Path,Apartment 263,BHIWANI,HARYANA,127201,India,True,1985-09-14,
ADDR00006608,CUST00005271,Office,48/37 Vala Zila,Flat 207,JIND,HARYANA,126102,India,False,2016-01-05,2020-03-21
ADDR00006609,CUST00005272,Office,65 Nori Path,Flat 99,KALAHANDI,ODISHA,766028,India,True,2018-12-24,
ADDR00006610,CUST00005273,Permanent,47 Balasubramanian Circle,Opposite City Mall,SURAT,GUJARAT,394150,India,True,2023-05-14,
ADDR00006611,CUST00005274,Mailing,84/13 Agate Path,Near Bus Stand,KOLHAPUR,MAHARASHTRA,416105,India,True,2002-09-28,
ADDR00006612,CUST00005275,Office,06 Thakur Marg,Apartment 445,MEERUT,UTTAR PRADESH,250103,India,True,2026-07-24,
ADDR00006613,CUST00005276,Mailing,78 Garde Road,Near Bus Stand,MUMBAI,MAHARASHTRA,400020,India,True,2012-07-26,
ADDR00006614,CUST00005277,Mailing,752 Keer Path,Apartment 371,NAMAKKAL,TAMIL NADU,637202,India,True,2025-10-06,
ADDR00006615,CUST00005278,Office,H.No. 916 Datta,Near Metro Station,KARAULI,RAJASTHAN,322243,India,True,2020-01-28,
ADDR00006616,CUST00005279,Home,50 Acharya Zila,Suite 20,JAUNPUR,UTTAR PRADESH,223101,India,True,2026-07-14,
ADDR00006617,CUST00005280,Office,H.No. 038 Sarraf Circle,Opposite City Mall,EAST GODAVARI,ANDHRA PRADESH,533102,India,True,2007-10-16,
ADDR00006618,CUST00005280,Mailing,H.No. 15 Madan Marg,,PURULIA,WEST BENGAL,723213,India,False,2026-01-15,2026-06-02
ADDR00006619,CUST00005281,Home,525 Rege Zila,,SHAMLI,UTTAR PRADESH,247776,India,True,2021-10-27,
ADDR00006620,CUST00005282,Home,H.No. 38 Agrawal,Near Metro Station,MALAPPURAM,KERALA,676506,India,True,2025-06-29,
ADDR00006621,CUST00005282,Permanent,00 Baria Zila,Flat 121,SARAN,BIHAR,841225,India,False,2014-08-02,2017-07-10
ADDR00006622,CUST00005283,Office,H.No. 31 Shenoy,Flat 261,NAGAUR,RAJASTHAN,341023,India,True,2026-03-08,
ADDR00006623,CUST00005284,Home,798 Pradhan Zila,Near Metro Station,JABALPUR,MADHYA PRADESH,483110,India,True,2017-04-15,
ADDR00006624,CUST00005284,Mailing,261 Hegde Road,,WEST SINGHBHUM,JHARKHAND,833214,India,False,2008-12-26,2012-03-20
ADDR00006625,CUST00005285,Permanent,005 Guha Chowk,Apartment 88,JALANDHAR,PUNJAB,144043,India,True,2022-05-04,
ADDR00006626,CUST00005286,Mailing,14/809 Dhillon Marg,,VIZIANAGARAM,ANDHRA PRADESH,535260,India,True,2018-09-29,
ADDR00006627,CUST00005287,Office,H.No. 08 Khalsa Path,Near Bus Stand,ERNAKULAM,KERALA,682003,India,True,2026-02-03,
ADDR00006628,CUST00005287,Office,00 Vaidya Marg,,GUMLA,JHARKHAND,835208,India,False,2026-04-25,2026-06-07
ADDR00006629,CUST00005288,Home,H.No. 40 Ahuja Nagar,Near Metro Station,TIRUNELVELI,TAMIL NADU,627421,India,True,2021-07-16,
ADDR00006630,CUST00005289,Office,88/631 Chopra Marg,Suite 14,VIZIANAGARAM,ANDHRA PRADESH,535124,India,True,2017-03-16,
ADDR00006631,CUST00005290,Home,H.No. 92 Mann Ganj,,FARIDABAD,HARYANA,121008,India,True,2019-03-23,
ADDR00006632,CUST00005291,Home,36/316 Kala Road,Near Metro Station,SHIMLA,HIMACHAL PRADESH,171014,India,True,2025-05-18,
ADDR00006633,CUST00005291,Office,H.No. 47 Dora Path,Near Bus Stand,IMPHAL WEST,MANIPUR,795136,India,False,2017-04-17,2019-01-17
ADDR00006634,CUST00005292,Mailing,058 Swaminathan Marg,Opposite City Mall,PRAKASAM,ANDHRA PRADESH,523186,India,True,2025-06-01,
ADDR00006635,CUST00005293,Permanent,85/63 Warrior Marg,Flat 136,SATARA,MAHARASHTRA,415505,India,True,2024-04-09,
ADDR00006636,CUST00005294,Home,H.No. 499 Rau Street,Flat 230,UDALGURI,ASSAM,784525,India,True,2018-09-23,
ADDR00006637,CUST00005294,Permanent,39/566 Manne Ganj,,SANGRUR,PUNJAB,148030,India,False,2002-03-23,2009-04-27
ADDR00006638,CUST00005295,Office,H.No. 297 Ben,Suite 26,RAMPUR,UTTAR PRADESH,244701,India,True,1994-03-26,
ADDR00006639,CUST00005295,Home,866 Dasgupta Chowk,,FIROZABAD,UTTAR PRADESH,283207,India,False,2019-06-01,2022-09-09
ADDR00006640,CUST00005296,Office,918 Desai Ganj,Near Metro Station,NALANDA,BIHAR,805130,India,True,2026-03-29,
ADDR00006641,CUST00005296,Home,168 Bath Street,,COIMBATORE,TAMIL NADU,641002,India,False,2010-04-09,2015-08-16
ADDR00006642,CUST00005297,Mailing,92 Bhandari Zila,Near Bus Stand,DHARMAPURI,TAMIL NADU,636812,India,True,2017-06-30,
ADDR00006643,CUST00005298,Mailing,062 Gandhi Path,,PRAKASAM,ANDHRA PRADESH,523271,India,True,2023-11-12,
ADDR00006644,CUST00005299,Office,33 Agate Circle,Near Bus Stand,PERAMBALUR,TAMIL NADU,621103,India,True,2022-08-18,
ADDR00006645,CUST00005300,Mailing,H.No. 041 Sane Path,,24 PARAGANAS NORTH,WEST BENGAL,743271,India,True,2023-07-12,
ADDR00006646,CUST00005301,Permanent,98 Mahal,,VAISHALI,BIHAR,844509,India,True,1998-07-30,
ADDR00006647,CUST00005302,Permanent,89 Loyal Road,Near Metro Station,LUDHIANA,PUNJAB,142029,India,True,2024-08-08,
ADDR00006648,CUST00005303,Mailing,H.No. 09 Krishnan Circle,,CHHATARPUR,MADHYA PRADESH,471313,India,True,2020-12-26,
ADDR00006649,CUST00005304,Home,73 Kalita,,PUDUKKOTTAI,TAMIL NADU,621312,India,True,2018-03-04,
ADDR00006650,CUST00005305,Permanent,25/251 Chaudhary Circle,Apartment 489,BARGARH,ODISHA,768029,India,True,2025-10-27,
ADDR00006651,CUST00005306,Mailing,91 Jhaveri Chowk,,DAMOH,MADHYA PRADESH,470772,India,True,2024-10-21,
ADDR00006652,CUST00005306,Office,572 Narain Marg,Near Metro Station,MAHENDRAGARH,HARYANA,123028,India,False,2022-12-21,2026-04-11
ADDR00006653,CUST00005307,Mailing,92/867 Bala Chowk,,KAMRUP METRO,ASSAM,781020,India,True,1997-09-23,
ADDR00006654,CUST00005308,Home,776 Sidhu Circle,Near Metro Station,RANGA REDDY,TELANGANA,501506,India,True,2024-01-11,
ADDR00006655,CUST00005309,Mailing,22/12 Halder Circle,Near Metro Station,BENGALURU URBAN,KARNATAKA,560026,India,True,2025-04-24,
ADDR00006656,CUST00005310,Office,H.No. 60 Dhar Chowk,Apartment 308,RATNAGIRI,MAHARASHTRA,415807,India,True,2023-05-24,
ADDR00006657,CUST00005311,Office,075 Chhabra Ganj,Apartment 117,PURULIA,WEST BENGAL,723104,India,True,2026-05-10,
ADDR00006658,CUST00005312,Mailing,30 Kade Marg,Near Metro Station,KOREA,CHHATTISGARH,497773,India,True,2024-05-16,
ADDR00006659,CUST00005313,Permanent,51/65 Mohan,Opposite City Mall,NAGPUR,MAHARASHTRA,440032,India,True,2019-08-20,
ADDR00006660,CUST00005314,Permanent,H.No. 206 Desai,,TUTICORIN,TAMIL NADU,628001,India,True,2026-07-31,
ADDR00006661,CUST00005315,Home,H.No. 575 Raj Chowk,,SANGRUR,PUNJAB,148029,India,True,2016-06-11,
ADDR00006662,CUST00005316,Mailing,531 Dora Circle,Apartment 268,KHAMMAM,TELANGANA,507160,India,True,2001-12-13,
ADDR00006663,CUST00005316,Permanent,47/11 Vasa,,SANGAREDDY,TELANGANA,502307,India,False,2017-10-24,2023-12-13
ADDR00006664,CUST00005317,Office,18/292 Bhandari Road,,RAJKOT,GUJARAT,360490,India,True,1984-04-19,
ADDR00006665,CUST00005318,Mailing,150 Chahal Circle,Floor 2,Alipurduar,WEST BENGAL,736123,India,True,2023-04-23,
ADDR00006666,CUST00005319,Permanent,03/40 Sethi,Near Bus Stand,KARNAL,HARYANA,132001,India,True,2015-06-10,
ADDR00006667,CUST00005320,Mailing,H.No. 72 Patel,Near Metro Station,CUTTACK,ODISHA,753011,India,True,2025-08-21,
ADDR00006668,CUST00005321,Mailing,40/450 Gour Zila,Opposite City Mall,THIRUVANANTHAPURAM,KERALA,695612,India,True,2001-07-31,
ADDR00006669,CUST00005322,Mailing,30/650 Venkataraman Nagar,Apartment 179,JIRIBAM,MANIPUR,795116,India,True,2021-05-13,
ADDR00006670,CUST00005322,Office,H.No. 630 Rao,Flat 68,UDHAMPUR,JAMMU AND KASHMIR,182142,India,False,2005-04-08,2021-10-05
ADDR00006671,CUST00005323,Office,H.No. 70 Shetty Zila,,DHENKANAL,ODISHA,759018,India,True,2024-04-06,
ADDR00006672,CUST00005324,Office,56/04 Pandey Path,Suite 32,RAJSAMAND,RAJASTHAN,313325,India,True,1988-09-24,
ADDR00006673,CUST00005325,Office,H.No. 485 Krishnan Marg,,PALAKKAD,KERALA,678013,India,True,2005-01-10,
ADDR00006674,CUST00005326,Office,H.No. 49 Bumb Street,Near Metro Station,PURI,ODISHA,754004,India,True,1999-12-17,
ADDR00006675,CUST00005327,Home,H.No. 92 Patel Street,Near Bus Stand,CACHAR,ASSAM,788031,India,True,2007-10-02,
ADDR00006676,CUST00005327,Permanent,842 Walla Ganj,Near Bus Stand,THANJAVUR,TAMIL NADU,612203,India,False,2019-02-23,2023-01-11
ADDR00006677,CUST00005328,Permanent,22/621 Brahmbhatt Marg,Floor 10,KOTTAYAM,KERALA,686531,India,True,2026-05-16,
ADDR00006678,CUST00005329,Home,H.No. 417 Karpe,Opposite City Mall,RAMANATHAPURAM,TAMIL NADU,623608,India,True,2015-11-29,
ADDR00006679,CUST00005330,Home,77/48 Gandhi,,SULTANPUR,UTTAR PRADESH,228151,India,True,2026-07-27,
ADDR00006680,CUST00005330,Permanent,58 Choudhury Circle,Flat 210,Dhalai,TRIPURA,799286,India,False,2026-07-26,2026-07-29
ADDR00006681,CUST00005331,Permanent,H.No. 544 Vohra Nagar,Floor 4,RANGA REDDY,TELANGANA,500060,India,True,2026-05-19,
ADDR00006682,CUST00005332,Permanent,70/21 Ahluwalia Path,,TIRUPPUR,TAMIL NADU,641654,India,True,2014-09-24,
ADDR00006683,CUST00005332,Office,37/29 Divan Nagar,Near Metro Station,FATEHPUR,UTTAR PRADESH,212661,India,False,2019-05-07,2019-12-04
ADDR00006684,CUST00005333,Office,H.No. 004 Natarajan Marg,,KODAGU,KARNATAKA,571249,India,True,2026-04-11,
ADDR00006685,CUST00005334,Mailing,949 Khanna Chowk,Near Metro Station,KALAHANDI,ODISHA,766028,India,True,2023-07-20,
ADDR00006686,CUST00005335,Mailing,H.No. 105 Kibe Street,Apartment 87,24 PARAGANAS NORTH,WEST BENGAL,743263,India,True,2023-03-28,
ADDR00006687,CUST00005335,Home,H.No. 985 Zachariah,Flat 247,BULDHANA,MAHARASHTRA,443404,India,False,2025-08-13,2026-02-12
ADDR00006688,CUST00005336,Mailing,839 Suri Nagar,Floor 20,RAE BARELI,UTTAR PRADESH,229125,India,True,1993-09-01,
ADDR00006689,CUST00005337,Office,444 Murty Street,,PILIBHIT,UTTAR PRADESH,262122,India,True,2026-06-28,
ADDR00006690,CUST00005338,Permanent,37/23 Kakar Road,Suite 40,SURAT,GUJARAT,394170,India,True,2024-03-07,
ADDR00006691,CUST00005339,Permanent,H.No. 00 Chaudhry Zila,Opposite City Mall,BASTI,UTTAR PRADESH,272129,India,True,2017-04-08,
ADDR00006692,CUST00005340,Office,H.No. 235 Halder Chowk,Apartment 96,TIRUCHIRAPPALLI,TAMIL NADU,620026,India,True,2026-03-25,
ADDR00006693,CUST00005341,Home,20 Sawhney Zila,Apartment 431,South East,DELHI,110024,India,True,2025-05-31,
ADDR00006694,CUST00005342,Mailing,H.No. 24 Raman Chowk,Opposite City Mall,SONEPUR,ODISHA,767045,India,True,2019-02-09,
ADDR00006695,CUST00005342,Mailing,85/92 Chandra Nagar,Apartment 467,KOLLAM,KERALA,691560,India,False,2026-01-11,2026-04-29
ADDR00006696,CUST00005343,Home,H.No. 61 Kata,Near Bus Stand,BALLIA,UTTAR PRADESH,277214,India,True,2026-03-21,
ADDR00006697,CUST00005343,Mailing,491 Malhotra Zila,Near Metro Station,SPSR NELLORE,ANDHRA PRADESH,524227,India,False,2026-07-07,2026-07-13
ADDR00006698,CUST00005344,Office,81/58 Divan Circle,Opposite City Mall,ALAPPUZHA,KERALA,690108,India,True,2024-08-30,
ADDR00006699,CUST00005345,Permanent,H.No. 420 Zachariah Road,,HOWRAH,WEST BENGAL,711404,India,True,2026-07-22,
ADDR00006700,CUST00005346,Office,88 Som Chowk,Floor 15,HOOGHLY,WEST BENGAL,712611,India,True,1979-11-23,
ADDR00006701,CUST00005347,Home,H.No. 80 Upadhyay,,AGRA,UTTAR PRADESH,283105,India,True,2025-11-15,
ADDR00006702,CUST00005347,Home,41/44 Cheema Chowk,Floor 8,SANGRUR,PUNJAB,148031,India,False,2026-01-13,2026-03-11
ADDR00006703,CUST00005348,Permanent,82 Saxena Road,Near Metro Station,SURENDRANAGAR,GUJARAT,363110,India,True,2024-11-24,
ADDR00006704,CUST00005349,Permanent,77/859 Sankar Road,,KARIMNAGAR,TELANGANA,505472,India,True,2023-11-03,
ADDR00006705,CUST00005349,Office,H.No. 92 Nagar Chowk,Near Bus Stand,SIKAR,RAJASTHAN,332601,India,False,2022-11-24,2023-02-02
ADDR00006706,CUST00005350,Office,79/268 Wable Circle,Near Metro Station,HAZARIBAGH,JHARKHAND,825301,India,True,2014-09-25,
ADDR00006707,CUST00005351,Mailing,H.No. 673 Hans Nagar,,ALIGARH,UTTAR PRADESH,202132,India,True,2023-12-11,
ADDR00006708,CUST00005352,Office,H.No. 22 Magar Street,Flat 205,KAMRUP,ASSAM,781123,India,True,2022-05-24,
ADDR00006709,CUST00005353,Permanent,270 Bandi Circle,Near Bus Stand,JAGATSINGHAPUR,ODISHA,754120,India,True,2005-03-03,
ADDR00006710,CUST00005353,Office,H.No. 50 Rama Street,,KOLAR,KARNATAKA,563129,India,False,2020-04-06,2026-07-24
ADDR00006711,CUST00005354,Permanent,89/459 Dugar Path,,MALERKOTLA,PUNJAB,148018,India,True,2018-12-01,
ADDR00006712,CUST00005355,Permanent,H.No. 789 Sibal Chowk,,KOLHAPUR,MAHARASHTRA,416013,India,True,2004-05-15,
ADDR00006713,CUST00005356,Home,H.No. 46 Wadhwa Path,Floor 20,DIBRUGARH,ASSAM,786621,India,True,2012-12-11,
ADDR00006714,CUST00005357,Mailing,67 Palla Street,Apartment 468,KOLAR,KARNATAKA,563122,India,True,2023-01-13,
ADDR00006715,CUST00005358,Mailing,338 Grewal Road,Apartment 268,JAGATSINGHAPUR,ODISHA,754162,India,True,2025-03-01,
ADDR00006716,CUST00005359,Home,99/45 Munshi Ganj,Apartment 67,PAURI GARHWAL,UTTARAKHAND,246130,India,True,2024-08-12,
ADDR00006717,CUST00005360,Office,22/169 Soman Path,Near Bus Stand,VELLORE,TAMIL NADU,632520,India,True,2020-10-15,
ADDR00006718,CUST00005361,Office,03/05 Bhasin Street,Apartment 52,GHAZIPUR,UTTAR PRADESH,232325,India,True,2024-09-07,
ADDR00006719,CUST00005362,Home,100 Bhalla Nagar,Near Metro Station,ETAWAH,UTTAR PRADESH,206124,India,True,2022-10-10,
ADDR00006720,CUST00005362,Mailing,H.No. 16 Kunda Chowk,,RAJOURI,JAMMU AND KASHMIR,185132,India,False,2025-08-08,2026-01-04
ADDR00006721,CUST00005363,Permanent,57 Sami Road,Near Bus Stand,ERNAKULAM,KERALA,682012,India,True,1992-11-02,
ADDR00006722,CUST00005363,Office,03/82 Raj Circle,,RANCHI,JHARKHAND,834014,India,False,1995-01-18,1995-10-20
ADDR00006723,CUST00005364,Home,333 Kumar Path,,CUTTACK,ODISHA,752120,India,True,2020-08-23,
ADDR00006724,CUST00005365,Home,64/49 Mital Zila,Flat 218,BENGALURU URBAN,KARNATAKA,560114,India,True,1985-11-22,
ADDR00006725,CUST00005365,Mailing,34/32 Srivastava Circle,Near Bus Stand,SUNDARGARH,ODISHA,769006,India,False,2025-10-20,2026-04-26
ADDR00006726,CUST00005366,Office,02/87 Bora Chowk,Opposite City Mall,FATEHGARH SAHIB,PUNJAB,141801,India,True,2009-10-28,
ADDR00006727,CUST00005367,Home,36/77 Sampath Marg,,AKOLA,MAHARASHTRA,444102,India,True,2025-01-09,
ADDR00006728,CUST00005368,Mailing,15/985 Wason Zila,Near Metro Station,KARNAL,HARYANA,132022,India,True,1985-04-01,
ADDR00006729,CUST00005369,Office,H.No. 56 Doshi Marg,Opposite City Mall,BAGALKOTE,KARNATAKA,587112,India,True,2016-05-15,
ADDR00006730,CUST00005370,Mailing,01/288 Prabhu Chowk,,AHMADABAD,GUJARAT,382433,India,True,2017-11-28,
ADDR00006731,CUST00005371,Mailing,73/85 Rastogi Nagar,Near Metro Station,MANSA,PUNJAB,151508,India,True,2008-09-02,
ADDR00006732,CUST00005372,Home,H.No. 87 Bandi Ganj,Opposite City Mall,AYODHYA,UTTAR PRADESH,224225,India,True,2014-08-14,
ADDR00006733,CUST00005372,Mailing,74/086 Wable,,THRISSUR,KERALA,680571,India,False,2013-11-30,2025-05-07
ADDR00006734,CUST00005373,Permanent,03 Hayre Street,Near Metro Station,KURNOOL,ANDHRA PRADESH,518101,India,True,2025-09-15,
ADDR00006735,CUST00005374,Office,683 Gade Street,,UMARIA,MADHYA PRADESH,484555,India,True,2023-05-09,
ADDR00006736,CUST00005374,Permanent,04 Amble Path,Near Bus Stand,DARRANG,ASSAM,784144,India,False,2016-11-22,2017-11-08
ADDR00006737,CUST00005375,Office,405 Mohanty Nagar,Flat 289,BAGALKOTE,KARNATAKA,587102,India,True,2023-09-01,
ADDR00006738,CUST00005376,Office,691 Peri,,VISAKHAPATANAM,ANDHRA PRADESH,530013,India,True,2023-06-10,
ADDR00006739,CUST00005376,Mailing,H.No. 466 Srivastava Chowk,,BIRBHUM,WEST BENGAL,731101,India,False,2018-03-04,2020-11-09
ADDR00006740,CUST00005377,Home,H.No. 546 Lad Road,Near Metro Station,KANNUR,KERALA,670571,India,True,2022-10-03,
ADDR00006741,CUST00005377,Office,H.No. 390 Chanda Ganj,,TIRUPPUR,TAMIL NADU,638460,India,False,2025-01-27,2026-04-03
ADDR00006742,CUST00005378,Mailing,628 Aggarwal Zila,Opposite City Mall,AMRELI,GUJARAT,365560,India,True,2026-06-29,
ADDR00006743,CUST00005379,Office,47/224 Deshmukh Chowk,,KUSHI NAGAR,UTTAR PRADESH,274308,India,True,2020-08-03,
ADDR00006744,CUST00005379,Home,H.No. 946 Mander Chowk,Suite 36,KOLLAM,KERALA,691015,India,False,2023-03-31,2026-03-07
ADDR00006745,CUST00005380,Home,55/607 Krishnan Ganj,Near Bus Stand,Y.S.R.,ANDHRA PRADESH,516104,India,True,2026-06-16,
ADDR00006746,CUST00005381,Office,H.No. 46 Lata Street,Opposite City Mall,MADURAI,TAMIL NADU,625535,India,True,2025-10-01,
ADDR00006747,CUST00005382,Permanent,407 Kuruvilla Street,Floor 15,CHURU,RAJASTHAN,331504,India,True,2026-04-01,
ADDR00006748,CUST00005382,Mailing,H.No. 80 Bhatia Ganj,,KAMRUP METRO,ASSAM,781005,India,False,2011-01-02,2018-02-07
ADDR00006749,CUST00005383,Home,09/97 Gole Path,Near Bus Stand,PUDUKKOTTAI,TAMIL NADU,622202,India,True,2024-02-16,
ADDR00006750,CUST00005384,Home,H.No. 82 Sodhi,,KAUSHAMBI,UTTAR PRADESH,212203,India,True,2012-03-02,
ADDR00006751,CUST00005385,Mailing,37 Dani Path,,RAJKOT,GUJARAT,360003,India,True,2025-06-20,
ADDR00006752,CUST00005386,Home,69/689 Kadakia Street,,KANGRA,HIMACHAL PRADESH,177101,India,True,2016-02-08,
ADDR00006753,CUST00005387,Permanent,763 Mitter Chowk,Suite 7,CACHAR,ASSAM,788106,India,True,2025-10-26,
ADDR00006754,CUST00005388,Mailing,61/09 Brahmbhatt Nagar,,DHANBAD,JHARKHAND,826007,India,True,2021-04-17,
ADDR00006755,CUST00005389,Office,16/54 Balasubramanian Marg,Floor 17,JALANDHAR,PUNJAB,144009,India,True,2025-04-08,
ADDR00006756,CUST00005390,Mailing,34/54 Randhawa Ganj,Near Bus Stand,Niwari,MADHYA PRADESH,472442,India,True,2025-02-02,
ADDR00006757,CUST00005391,Home,00 Srinivasan Road,,KORAPUT,ODISHA,763003,India,True,2020-08-29,
ADDR00006758,CUST00005392,Office,57/37 Uppal Chowk,Opposite City Mall,FARIDKOT,PUNJAB,151203,India,True,2022-11-21,
ADDR00006759,CUST00005393,Mailing,968 Mitter,Apartment 6,INDORE,MADHYA PRADESH,453115,India,True,1990-05-27,
ADDR00006760,CUST00005394,Permanent,807 Ramachandran Path,Near Bus Stand,KANKER,CHHATTISGARH,493448,India,True,2026-07-22,
ADDR00006761,CUST00005395,Office,H.No. 001 Rege Chowk,Opposite City Mall,YAVATMAL,MAHARASHTRA,445209,India,True,2013-06-09,
ADDR00006762,CUST00005396,Office,88/819 Vora Nagar,,GARHWA,JHARKHAND,822129,India,True,2026-06-28,
ADDR00006763,CUST00005396,Mailing,09/52 Dada Nagar,Near Metro Station,THIRUVARUR,TAMIL NADU,613701,India,False,2023-11-25,2024-12-08
ADDR00006764,CUST00005397,Office,H.No. 14 Palla Path,,SOLAPUR,MAHARASHTRA,413006,India,True,2008-07-05,
ADDR00006765,CUST00005398,Office,97/900 Jha,Floor 3,GORAKHPUR,UTTAR PRADESH,273012,India,True,2026-07-12,
ADDR00006766,CUST00005399,Mailing,786 Loke Path,Floor 18,GANJAM,ODISHA,760005,India,True,2026-05-15,
ADDR00006767,CUST00005400,Office,H.No. 54 Loyal Path,Near Metro Station,DINDIGUL,TAMIL NADU,624004,India,True,2025-06-03,
ADDR00006768,CUST00005401,Mailing,51/043 Vala Circle,Near Bus Stand,THIRUVARUR,TAMIL NADU,614020,India,True,2023-03-18,
ADDR00006769,CUST00005402,Mailing,324 Dutt Ganj,Flat 55,KARIMNAGAR,TELANGANA,505186,India,True,1989-11-26,
ADDR00006770,CUST00005402,Home,97 Palla Ganj,Near Bus Stand,MAHABUBNAGAR,TELANGANA,509001,India,False,2006-06-28,2013-11-23
ADDR00006771,CUST00005403,Office,91 Bora Chowk,Apartment 295,MATHURA,UTTAR PRADESH,281305,India,True,1990-09-03,
ADDR00006772,CUST00005403,Permanent,86/845 Batta Marg,,Niwari,MADHYA PRADESH,472337,India,False,1994-03-01,1994-03-17
ADDR00006773,CUST00005404,Home,01 Prashad Street,Opposite City Mall,BARABANKI,UTTAR PRADESH,225304,India,True,2008-04-09,
ADDR00006774,CUST00005405,Office,58/020 Reddy,Flat 259,NEW DELHI,DELHI,110037,India,True,2025-10-04,
ADDR00006775,CUST00005405,Office,56/723 Chopra Chowk,Flat 47,ALWAR,RAJASTHAN,301704,India,False,2026-04-05,2026-04-26
ADDR00006776,CUST00005406,Permanent,H.No. 46 Modi Zila,Flat 139,KANNIYAKUMARI,TAMIL NADU,629161,India,True,2018-04-06,
ADDR00006777,CUST00005407,Home,823 Sathe Circle,,KANGPOKPI,MANIPUR,795122,India,True,2026-01-17,
ADDR00006778,CUST00005408,Mailing,317 Manda Chowk,,AMBALA,HARYANA,133005,India,True,2026-06-04,
ADDR00006779,CUST00005409,Mailing,28/351 Srivastava Road,Suite 23,ETAH,UTTAR PRADESH,207003,India,True,2025-09-05,
ADDR00006780,CUST00005410,Mailing,51 Sehgal Path,Suite 49,AGRA,UTTAR PRADESH,283104,India,True,2025-05-12,
ADDR00006781,CUST00005411,Mailing,23 Deshpande Marg,Opposite City Mall,SINDHUDURG,MAHARASHTRA,416603,India,True,2007-01-27,
ADDR00006782,CUST00005412,Home,21/80 Johal Chowk,Floor 4,KOTTAYAM,KERALA,686021,India,True,2024-08-26,
ADDR00006783,CUST00005412,Office,H.No. 09 Nigam Path,,VISAKHAPATANAM,ANDHRA PRADESH,531022,India,False,2007-11-28,2008-02-12
ADDR00006784,CUST00005413,Mailing,04/136 Dutt Zila,Near Metro Station,KOLHAPUR,MAHARASHTRA,416120,India,True,2019-09-15,
ADDR00006785,CUST00005414,Home,H.No. 400 Shroff Path,Flat 124,BHARATPUR,RAJASTHAN,321022,India,True,2020-10-09,
ADDR00006786,CUST00005414,Mailing,81/33 Sridhar Zila,,THIRUVARUR,TAMIL NADU,612610,India,False,2020-10-19,2024-04-02
ADDR00006787,CUST00005415,Home,H.No. 75 Bahl Path,Near Metro Station,PURNIA,BIHAR,854102,India,True,2005-05-12,
ADDR00006788,CUST00005416,Office,84/691 Chad Road,Near Bus Stand,MEDCHAL MALKAJGIRI,TELANGANA,500090,India,True,2026-07-31,
ADDR00006789,CUST00005417,Home,58/247 Deo,Apartment 456,ERNAKULAM,KERALA,686691,India,True,2014-12-07,
ADDR00006790,CUST00005417,Home,H.No. 625 Dutta Nagar,Near Bus Stand,KHORDHA,ODISHA,751020,India,False,2019-10-26,2023-04-22
ADDR00006791,CUST00005418,Mailing,72 Ray,Floor 14,AMBALA,HARYANA,133207,India,True,2024-12-20,
ADDR00006792,CUST00005419,Permanent,864 Tripathi Marg,Opposite City Mall,PATNA,BIHAR,801103,India,True,2021-10-18,
ADDR00006793,CUST00005420,Permanent,384 Trivedi Ganj,Opposite City Mall,LOHARDAGA,JHARKHAND,835231,India,True,2016-06-22,
ADDR00006794,CUST00005421,Office,H.No. 762 Sibal Zila,Floor 4,SARAIKELA KHARSAWAN,JHARKHAND,833204,India,True,2022-10-09,
ADDR00006795,CUST00005422,Mailing,71/820 Sarin Circle,,ARARIA,BIHAR,854336,India,True,2019-08-11,
ADDR00006796,CUST00005422,Office,24 Venkatesh,Flat 120,TINSUKIA,ASSAM,786126,India,False,2016-11-24,2020-09-07
ADDR00006797,CUST00005423,Mailing,619 Choudhary Street,Opposite City Mall,THIRUVARUR,TAMIL NADU,612201,India,True,2014-12-25,
ADDR00006798,CUST00005424,Home,177 Chaudhari Chowk,,ALAPPUZHA,KERALA,689509,India,True,2024-07-22,
ADDR00006799,CUST00005424,Office,92/127 Dewan Path,,MALAPPURAM,KERALA,673638,India,False,2025-01-16,2025-04-03
ADDR00006800,CUST00005425,Home,04/19 Mangal Zila,Opposite City Mall,KOTTAYAM,KERALA,686571,India,True,2023-07-18,
ADDR00006801,CUST00005426,Permanent,H.No. 91 Balay Chowk,,CHANDAULI,UTTAR PRADESH,232102,India,True,2015-12-24,
ADDR00006802,CUST00005426,Mailing,H.No. 503 Hayre Road,Apartment 233,UMARIA,MADHYA PRADESH,484661,India,False,2021-02-24,2023-09-20
ADDR00006803,CUST00005427,Office,04/10 Wason Path,,THIRUVANANTHAPURAM,KERALA,695586,India,True,2019-04-02,
ADDR00006804,CUST00005428,Mailing,H.No. 821 Apte Zila,,BETUL,MADHYA PRADESH,460557,India,True,2011-02-28,
ADDR00006805,CUST00005429,Home,87/29 Shetty Road,Near Bus Stand,KRISHNA,ANDHRA PRADESH,521178,India,True,2023-02-20,
ADDR00006806,CUST00005430,Office,41 Parekh Road,Floor 20,SHIMLA,HIMACHAL PRADESH,171003,India,True,2015-04-22,
ADDR00006807,CUST00005431,Mailing,H.No. 422 Varghese Path,Suite 2,BALESHWAR,ODISHA,756019,India,True,2013-10-20,
ADDR00006808,CUST00005432,Office,H.No. 256 Sundaram Ganj,,ALAPPUZHA,KERALA,690509,India,True,2023-07-29,
ADDR00006809,CUST00005432,Office,54/266 Sagar,Apartment 426,NIZAMABAD,TELANGANA,503175,India,False,2026-01-23,2026-03-24
ADDR00006810,CUST00005433,Home,H.No. 420 Tripathi Path,Suite 34,SANGLI,MAHARASHTRA,416315,India,True,2025-06-14,
ADDR00006811,CUST00005434,Mailing,37/76 Salvi Zila,Flat 157,MOGA,PUNJAB,142001,India,True,2018-10-15,
ADDR00006812,CUST00005435,Permanent,890 Varughese Nagar,Floor 15,CHENGALPATTU,TAMIL NADU,600074,India,True,2025-08-30,
ADDR00006813,CUST00005435,Permanent,375 Goel Chowk,,RAISEN,MADHYA PRADESH,464671,India,False,2025-12-23,2026-05-10
ADDR00006814,CUST00005436,Home,41/271 Shukla Marg,Floor 6,KHORDHA,ODISHA,752030,India,True,2019-10-04,
ADDR00006815,CUST00005437,Home,76/635 Virk Circle,Flat 158,GIRIDIH,JHARKHAND,825324,India,True,2015-03-06,
ADDR00006816,CUST00005438,Permanent,409 Bhasin Circle,,NADIA,WEST BENGAL,741503,India,True,2019-11-14,
ADDR00006817,CUST00005439,Mailing,07/38 Raman Marg,Opposite City Mall,CUTTACK,ODISHA,753011,India,True,2026-01-14,
ADDR00006818,CUST00005440,Office,H.No. 510 Bhatti Marg,,AHMEDNAGAR,MAHARASHTRA,413714,India,True,2008-04-23,
ADDR00006819,CUST00005441,Home,51 Oza Road,Near Bus Stand,BUXAR,BIHAR,802115,India,True,2024-05-20,
ADDR00006820,CUST00005442,Office,059 Shanker Ganj,Near Metro Station,BALRAMPUR,UTTAR PRADESH,271203,India,True,2008-09-05,
ADDR00006821,CUST00005443,Permanent,53/651 Kunda Street,Near Bus Stand,DEWAS,MADHYA PRADESH,455221,India,True,2025-06-04,
ADDR00006822,CUST00005444,Permanent,92/42 Bora,,KAPURTHALA,PUNJAB,144402,India,True,2017-12-11,
ADDR00006823,CUST00005445,Office,308 Gokhale Street,Flat 46,GIRIDIH,JHARKHAND,815302,India,True,2019-03-22,
ADDR00006824,CUST00005445,Mailing,H.No. 655 Deep Ganj,Suite 16,Y.S.R.,ANDHRA PRADESH,516162,India,False,2018-10-26,2019-07-06
ADDR00006825,CUST00005446,Mailing,87 Koshy Path,Near Metro Station,KALAHANDI,ODISHA,766023,India,True,2010-11-21,
ADDR00006826,CUST00005447,Home,278 Rattan Chowk,Apartment 94,CHIRANG,ASSAM,783373,India,True,2020-05-30,
ADDR00006827,CUST00005448,Home,28 Narayan Street,Near Metro Station,RAIGAD,MAHARASHTRA,410101,India,True,2007-04-02,
ADDR00006828,CUST00005449,Permanent,56/156 Date Chowk,Suite 14,MEDCHAL MALKAJGIRI,TELANGANA,500018,India,True,2022-07-28,
ADDR00006829,CUST00005450,Permanent,H.No. 963 Prabhakar Circle,,VILLUPURAM,TAMIL NADU,605102,India,True,2026-05-31,
ADDR00006830,CUST00005451,Mailing,51/70 Divan Street,Flat 197,THANE,MAHARASHTRA,421501,India,True,2024-10-19,
ADDR00006831,CUST00005452,Permanent,270 Munshi Road,,KATHUA,JAMMU AND KASHMIR,184203,India,True,2024-04-26,
ADDR00006832,CUST00005453,Home,H.No. 580 Sampath Circle,,PURBA BARDHAMAN,WEST BENGAL,712410,India,True,1992-12-20,
ADDR00006833,CUST00005454,Mailing,771 Goda Zila,,GANDHINAGAR,GUJARAT,382650,India,True,2021-10-15,
ADDR00006834,CUST00005455,Mailing,50 Walia Street,Floor 7,TIRUNELVELI,TAMIL NADU,627003,India,True,2026-06-06,
ADDR00006835,CUST00005455,Home,75 Nath Chowk,Suite 8,EAST JAINTIA HILLS,MEGHALAYA,793160,India,False,2025-11-29,2026-02-13
ADDR00006836,CUST00005456,Home,487 Om Circle,,TIRUPPUR,TAMIL NADU,641687,India,True,2020-10-24,
ADDR00006837,CUST00005457,Mailing,752 Narang Street,Flat 283,PRAKASAM,ANDHRA PRADESH,523370,India,True,2007-06-12,
ADDR00006838,CUST00005458,Home,H.No. 37 Ben Zila,,BUXAR,BIHAR,802133,India,True,2024-12-06,
ADDR00006839,CUST00005458,Office,43/18 Dutt Nagar,,North Tripura,TRIPURA,799250,India,False,2023-10-12,2024-08-31
ADDR00006840,CUST00005459,Office,82/81 Wagle Zila,Near Metro Station,MORADABAD,UTTAR PRADESH,244401,India,True,2026-01-29,
ADDR00006841,CUST00005460,Office,03/139 Dar Street,Apartment 124,NUAPADA,ODISHA,766104,India,True,1990-11-30,
ADDR00006842,CUST00005460,Mailing,12/928 Raja Circle,Flat 277,UNA,HIMACHAL PRADESH,177109,India,False,1977-04-29,2001-02-11
ADDR00006843,CUST00005461,Permanent,84/07 Palla Zila,,PORBANDAR,GUJARAT,360570,India,True,2022-12-01,
ADDR00006844,CUST00005461,Mailing,H.No. 97 Korpal Ganj,,WANAPARTHY,TELANGANA,509381,India,False,2015-08-23,2020-10-15
ADDR00006845,CUST00005462,Mailing,935 Sen,Flat 256,BHADRAK,ODISHA,756116,India,True,2025-09-11,
ADDR00006846,CUST00005462,Office,H.No. 90 Banerjee Circle,Near Metro Station,MANSA,PUNJAB,151508,India,False,2025-01-24,2025-02-15
ADDR00006847,CUST00005463,Office,34/161 Kakar Road,,THIRUVALLUR,TAMIL NADU,600072,India,True,2010-05-07,
ADDR00006848,CUST00005464,Office,239 Narasimhan Zila,Floor 17,KOTTAYAM,KERALA,686516,India,True,2022-01-30,
ADDR00006849,CUST00005465,Office,888 Merchant Ganj,,VELLORE,TAMIL NADU,632113,India,True,2023-04-24,
ADDR00006850,CUST00005466,Mailing,H.No. 708 Nagarajan Street,,KOLHAPUR,MAHARASHTRA,416111,India,True,2013-03-06,
ADDR00006851,CUST00005467,Permanent,589 Bava Street,Near Bus Stand,THE NILGIRIS,TAMIL NADU,643270,India,True,2025-12-27,
ADDR00006852,CUST00005468,Home,373 Saha Ganj,Suite 4,TIRUVANNAMALAI,TAMIL NADU,606807,India,True,2019-06-10,
ADDR00006853,CUST00005469,Permanent,74/20 Murty Zila,Opposite City Mall,CHURU,RAJASTHAN,331023,India,True,2026-04-05,
ADDR00006854,CUST00005469,Permanent,177 Dasgupta Street,Opposite City Mall,BENGALURU URBAN,KARNATAKA,560079,India,False,2025-11-14,2026-07-13
ADDR00006855,CUST00005470,Permanent,618 Mahal Circle,,TIRUCHIRAPPALLI,TAMIL NADU,621003,India,True,2009-09-01,
ADDR00006856,CUST00005471,Home,46/871 Saha Marg,Opposite City Mall,KHAGARIA,BIHAR,852161,India,True,2025-09-16,
ADDR00006857,CUST00005471,Mailing,H.No. 93 Bera Nagar,,MUMBAI SUBURBAN,MAHARASHTRA,400064,India,False,2022-12-01,2023-10-09
ADDR00006858,CUST00005472,Permanent,H.No. 051 Muni Path,Suite 26,BEGUSARAI,BIHAR,851111,India,True,2021-02-09,
ADDR00006859,CUST00005473,Permanent,H.No. 570 Ramaswamy,,KRISHNA,ANDHRA PRADESH,521286,India,True,2026-04-27,
ADDR00006860,CUST00005473,Permanent,H.No. 939 Dasgupta Zila,Near Bus Stand,NAGAUR,RAJASTHAN,341029,India,False,2024-10-04,2025-06-12
ADDR00006861,CUST00005474,Home,H.No. 286 Karpe Chowk,,DEVBHUMI DWARKA,GUJARAT,361335,India,True,1992-12-14,
ADDR00006862,CUST00005475,Mailing,55/48 Prashad Marg,Opposite City Mall,MADHEPURA,BIHAR,852114,India,True,2025-01-27,
ADDR00006863,CUST00005476,Permanent,649 Bhatia Street,Opposite City Mall,REWARI,HARYANA,123412,India,True,2018-08-16,
ADDR00006864,CUST00005477,Permanent,14/30 Tiwari Marg,Near Bus Stand,KENDUJHAR,ODISHA,758026,India,True,2024-04-04,
ADDR00006865,CUST00005478,Mailing,H.No. 09 Oza Circle,Floor 15,BARNALA,PUNJAB,148107,India,True,2019-04-09,
ADDR00006866,CUST00005479,Mailing,H.No. 93 Jain Marg,Opposite City Mall,CHITTOOR,ANDHRA PRADESH,517504,India,True,2025-09-28,
ADDR00006867,CUST00005480,Mailing,71/730 Parekh Marg,Near Metro Station,NADIA,WEST BENGAL,741509,India,True,2005-07-21,
ADDR00006868,CUST00005481,Office,492 Sankaran Chowk,Suite 36,THIRUVANANTHAPURAM,KERALA,695574,India,True,2024-10-06,
ADDR00006869,CUST00005481,Permanent,851 Saran Zila,,LUDHIANA,PUNJAB,141015,India,False,2003-10-26,2012-10-16
ADDR00006870,CUST00005482,Office,516 Krishnamurthy Marg,Near Bus Stand,BIKANER,RAJASTHAN,334006,India,True,2025-12-06,
ADDR00006871,CUST00005483,Office,64 Shan Circle,,KOLKATA,WEST BENGAL,700006,India,True,2026-07-08,
ADDR00006872,CUST00005484,Home,31/175 Nigam Marg,,EAST SINGHBUM,JHARKHAND,831015,India,True,2019-02-18,
ADDR00006873,CUST00005485,Mailing,H.No. 63 Nigam Marg,Near Metro Station,LAKHISARAI,BIHAR,811112,India,True,2012-01-10,
ADDR00006874,CUST00005485,Home,H.No. 46 Misra,Near Bus Stand,VIKARABAD,TELANGANA,509350,India,False,2015-04-14,2023-04-14
ADDR00006875,CUST00005486,Mailing,H.No. 513 Bajwa Zila,,KOZHIKODE,KERALA,673309,India,True,2021-03-11,
ADDR00006876,CUST00005487,Permanent,784 Chada Nagar,Apartment 315,KURNOOL,ANDHRA PRADESH,518004,India,True,2025-12-25,
ADDR00006877,CUST00005487,Home,37 Som Circle,Floor 18,PRAKASAM,ANDHRA PRADESH,523183,India,False,2025-11-03,2026-01-29
ADDR00006878,CUST00005488,Permanent,17/718 Deol Circle,Suite 41,HAMIRPUR,HIMACHAL PRADESH,177021,India,True,2011-06-25,
ADDR00006879,CUST00005488,Mailing,H.No. 596 Das Zila,Suite 24,KOLKATA,WEST BENGAL,700044,India,False,1996-06-03,2023-12-14
ADDR00006880,CUST00005489,Mailing,23/413 Rana Marg,,Dhalai,TRIPURA,799278,India,True,2013-10-28,
ADDR00006881,CUST00005490,Mailing,43/433 Agrawal Street,,KHERI,UTTAR PRADESH,262906,India,True,1989-11-10,
ADDR00006882,CUST00005491,Home,955 Misra Path,Opposite City Mall,MEDINIPUR EAST,WEST BENGAL,721429,India,True,2026-01-30,
ADDR00006883,CUST00005492,Home,H.No. 78 Madan Nagar,Opposite City Mall,KANNIYAKUMARI,TAMIL NADU,629177,India,True,2022-05-02,
ADDR00006884,CUST00005493,Office,56/91 Dhar Street,,VARANASI,UTTAR PRADESH,221012,India,True,2020-09-24,
ADDR00006885,CUST00005494,Office,H.No. 079 Vasa,Flat 62,ANAND,GUJARAT,388140,India,True,2023-08-16,
ADDR00006886,CUST00005495,Home,H.No. 548 Dasgupta Path,Flat 228,RAIGARH,CHHATTISGARH,496220,India,True,2021-06-23,
ADDR00006887,CUST00005496,Mailing,81/275 Minhas Circle,Near Bus Stand,RUPNAGAR,PUNJAB,140001,India,True,2003-12-24,
ADDR00006888,CUST00005497,Home,H.No. 218 Hayer Ganj,,NAGAPATTINAM,TAMIL NADU,611104,India,True,2020-01-06,
ADDR00006889,CUST00005498,Permanent,27 Patil Road,Floor 8,Biswanath,ASSAM,784184,India,True,2026-07-25,
ADDR00006890,CUST00005499,Office,28/452 Raghavan Road,Apartment 347,PATNA,BIHAR,803213,India,True,1989-06-18,
ADDR00006891,CUST00005499,Office,64/262 Kakar Ganj,Near Bus Stand,HOOGHLY,WEST BENGAL,712147,India,False,1983-07-12,2003-11-19
ADDR00006892,CUST00005500,Office,53 Hans Ganj,,SHIVAMOGGA,KARNATAKA,577205,India,True,2026-04-29,
ADDR00006893,CUST00005501,Mailing,70 Patla Street,Near Bus Stand,MAYURBHANJ,ODISHA,757105,India,True,2025-05-23,
ADDR00006894,CUST00005502,Permanent,027 Madan Road,Near Metro Station,GAJAPATI,ODISHA,761015,India,True,2024-10-23,
ADDR00006895,CUST00005503,Permanent,H.No. 218 Devan Street,Suite 16,GARIYABAND,CHHATTISGARH,493889,India,True,2022-06-17,
ADDR00006896,CUST00005504,Home,H.No. 01 Chada Nagar,Opposite City Mall,UTTARA KANNADA,KARNATAKA,581421,India,True,2020-03-29,
ADDR00006897,CUST00005505,Office,05/56 Nagi Ganj,Flat 256,BIRBHUM,WEST BENGAL,731124,India,True,2021-09-16,
ADDR00006898,CUST00005505,Permanent,23 Jani Marg,Floor 13,FARRUKHABAD,UTTAR PRADESH,209622,India,False,2022-08-30,2026-05-12
ADDR00006899,CUST00005506,Home,H.No. 468 Chada,,NAGAUR,RAJASTHAN,341303,India,True,2022-12-17,
ADDR00006900,CUST00005506,Mailing,15/78 Date Path,,Ranipet,TAMIL NADU,632531,India,False,2023-03-28,2024-01-25
ADDR00006901,CUST00005507,Permanent,17 Pandya Chowk,Apartment 143,KHORDHA,ODISHA,754004,India,True,2022-12-17,
ADDR00006902,CUST00005508,Mailing,43/43 Goyal Path,Suite 8,SPSR NELLORE,ANDHRA PRADESH,524322,India,True,2022-10-29,
ADDR00006903,CUST00005509,Mailing,14/10 Khanna Ganj,Flat 206,MANDSAUR,MADHYA PRADESH,458556,India,True,1992-03-08,
ADDR00006904,CUST00005509,Office,H.No. 13 Chadha Road,,GADAG,KARNATAKA,582210,India,False,2019-03-12,2023-11-09
ADDR00006905,CUST00005510,Home,H.No. 89 Jhaveri Marg,,BALANGIR,ODISHA,767002,India,True,2010-05-29,
ADDR00006906,CUST00005511,Mailing,H.No. 49 Varughese Nagar,,KOLHAPUR,MAHARASHTRA,416121,India,True,2021-07-31,
ADDR00006907,CUST00005512,Home,H.No. 997 Sabharwal,Near Metro Station,RAICHUR,KARNATAKA,584118,India,True,1986-05-15,
ADDR00006908,CUST00005513,Office,75/324 Kapoor Zila,,COOCHBEHAR,WEST BENGAL,736170,India,True,2025-01-14,
ADDR00006909,CUST00005514,Office,H.No. 971 Bajaj Ganj,,LUCKNOW,UTTAR PRADESH,226031,India,True,2020-02-01,
ADDR00006910,CUST00005514,Mailing,H.No. 55 Nanda Ganj,Suite 10,BHOPAL,MADHYA PRADESH,462024,India,False,2010-05-29,2013-03-30
ADDR00006911,CUST00005515,Office,H.No. 207 Kannan,Opposite City Mall,GANJAM,ODISHA,761055,India,True,2024-03-03,
ADDR00006912,CUST00005515,Office,62/78 Rastogi Nagar,,PULWAMA,JAMMU AND KASHMIR,191103,India,False,2024-02-24,2025-02-22
ADDR00006913,CUST00005516,Home,H.No. 73 Chaudhary Nagar,,AURANGABAD,MAHARASHTRA,431006,India,True,2025-08-02,
ADDR00006914,CUST00005517,Office,H.No. 91 Pandya Marg,Suite 19,KOLKATA,WEST BENGAL,700009,India,True,2026-07-02,
ADDR00006915,CUST00005518,Permanent,24 Bail Street,Suite 37,PATNA,BIHAR,801111,India,True,2025-06-16,
ADDR00006916,CUST00005519,Office,H.No. 10 Dada Circle,Apartment 109,MANCHERIAL,TELANGANA,504206,India,True,2005-04-18,
ADDR00006917,CUST00005519,Mailing,392 Mangal,Apartment 136,ANAND,GUJARAT,388210,India,False,2014-10-20,2016-02-13
ADDR00006918,CUST00005520,Permanent,47/832 Narain Marg,Opposite City Mall,Tirupathur,TAMIL NADU,635601,India,True,2022-10-12,
ADDR00006919,CUST00005520,Office,H.No. 54 Jha Marg,Apartment 367,MAHESANA,GUJARAT,384455,India,False,2019-01-11,2022-07-19
ADDR00006920,CUST00005521,Permanent,H.No. 690 Manda,,TUTICORIN,TAMIL NADU,628005,India,True,2020-05-05,
ADDR00006921,CUST00005522,Home,H.No. 020 Goswami Path,Near Bus Stand,VISAKHAPATANAM,ANDHRA PRADESH,530003,India,True,2026-07-11,
ADDR00006922,CUST00005523,Office,H.No. 16 Anand Zila,Opposite City Mall,KOLHAPUR,MAHARASHTRA,416113,India,True,1987-11-10,
ADDR00006923,CUST00005524,Office,65/12 Das Street,,BHILWARA,RAJASTHAN,311025,India,True,2020-04-15,
ADDR00006924,CUST00005525,Office,H.No. 406 Venkataraman Path,Apartment 89,JAUNPUR,UTTAR PRADESH,222131,India,True,2013-03-20,
ADDR00006925,CUST00005525,Office,H.No. 58 Nori Marg,Suite 50,GHAZIABAD,UTTAR PRADESH,201102,India,False,2020-06-23,2026-04-26
ADDR00006926,CUST00005526,Office,211 Verma Chowk,Near Bus Stand,THANJAVUR,TAMIL NADU,613005,India,True,2004-05-31,
ADDR00006927,CUST00005527,Home,978 Goel Path,Near Bus Stand,CHIKKAMAGALURU,KARNATAKA,577126,India,True,2008-07-16,
ADDR00006928,CUST00005527,Permanent,H.No. 138 Peri Chowk,Floor 2,SABAR KANTHA,GUJARAT,383450,India,False,2002-07-25,2025-04-29
ADDR00006929,CUST00005528,Office,81 Chander Street,Apartment 403,MALAPPURAM,KERALA,679583,India,True,2026-04-27,
ADDR00006930,CUST00005529,Office,15/86 Raj Ganj,Floor 14,GADAG,KARNATAKA,582120,India,True,2024-06-30,
ADDR00006931,CUST00005530,Home,H.No. 676 Bose,Floor 17,BALLARI,KARNATAKA,583117,India,True,2025-01-18,
ADDR00006932,CUST00005531,Mailing,69/588 Ramanathan,Apartment 96,SHAHDARA,DELHI,110032,India,True,2005-09-14,
ADDR00006933,CUST00005532,Permanent,34/28 Mane Ganj,,HAMIRPUR,HIMACHAL PRADESH,177033,India,True,2024-11-07,
ADDR00006934,CUST00005533,Mailing,353 Rau Nagar,Suite 45,BAKSA,ASSAM,781344,India,True,2024-05-28,
ADDR00006935,CUST00005534,Home,H.No. 431 Zacharia Ganj,Near Metro Station,BIDAR,KARNATAKA,585418,India,True,2021-09-20,
ADDR00006936,CUST00005534,Office,49/519 Sanghvi Zila,Suite 26,Ariyalur,TAMIL NADU,621653,India,False,2024-07-30,2025-03-02
ADDR00006937,CUST00005535,Mailing,56/479 Salvi Ganj,Opposite City Mall,CHITTOOR,ANDHRA PRADESH,517247,India,True,2018-04-28,
ADDR00006938,CUST00005536,Permanent,38/738 Nayak Chowk,Near Bus Stand,SINDHUDURG,MAHARASHTRA,416601,India,True,2010-09-24,
ADDR00006939,CUST00005537,Permanent,65/337 Hayre Marg,Near Metro Station,PRAKASAM,ANDHRA PRADESH,523253,India,True,2026-08-01,
ADDR00006940,CUST00005537,Permanent,13/246 Ravel Ganj,Near Bus Stand,AZAMGARH,UTTAR PRADESH,276208,India,False,2026-07-28,2026-07-31
ADDR00006941,CUST00005538,Mailing,H.No. 591 Sabharwal Ganj,,MADHUBANI,BIHAR,847410,India,True,2026-06-20,
ADDR00006942,CUST00005539,Permanent,52/10 Dutt Chowk,Suite 50,MAU,UTTAR PRADESH,221603,India,True,2018-07-09,
ADDR00006943,CUST00005539,Mailing,H.No. 315 Nazareth Marg,,JAMMU,JAMMU AND KASHMIR,180006,India,False,2018-09-15,2024-12-24
ADDR00006944,CUST00005540,Mailing,17/95 Keer Path,Suite 2,UTTARA KANNADA,KARNATAKA,581324,India,True,2025-08-23,
ADDR00006945,CUST00005541,Home,42 Trivedi Marg,,AMBALA,HARYANA,133101,India,True,2012-01-28,
ADDR00006946,CUST00005542,Home,47/598 Tandon Nagar,Near Bus Stand,Mahisagar,GUJARAT,389250,India,True,2020-07-25,
ADDR00006947,CUST00005543,Home,H.No. 83 Raman Circle,Near Metro Station,Alipurduar,WEST BENGAL,735227,India,True,1981-09-17,
ADDR00006948,CUST00005543,Permanent,525 Kala Street,,SULTANPUR,UTTAR PRADESH,227808,India,False,2008-02-20,2024-08-14
ADDR00006949,CUST00005544,Permanent,72/06 Muni Street,Floor 4,VILLUPURAM,TAMIL NADU,604154,India,True,2004-05-07,
ADDR00006950,CUST00005544,Home,38/917 Soman Ganj,Opposite City Mall,GHAZIPUR,UTTAR PRADESH,233230,India,False,2023-11-01,2026-07-19
ADDR00006951,CUST00005545,Mailing,31/52 Anand Marg,,BHARATPUR,RAJASTHAN,321405,India,True,2025-06-12,
ADDR00006952,CUST00005545,Home,H.No. 087 Vaidya Street,Floor 3,GANDHINAGAR,GUJARAT,382045,India,False,2017-08-27,2023-03-13
ADDR00006953,CUST00005546,Office,36/09 Swaminathan,Suite 32,PAURI GARHWAL,UTTARAKHAND,246276,India,True,2015-09-08,
ADDR00006954,CUST00005547,Office,130 Sheth Chowk,,BILASPUR,CHHATTISGARH,495113,India,True,2020-01-19,
ADDR00006955,CUST00005547,Office,32/37 Oommen Chowk,Flat 256,SATARA,MAHARASHTRA,415010,India,False,2025-11-16,2026-04-14
ADDR00006956,CUST00005548,Mailing,65/359 Modi Marg,Opposite City Mall,KOLLAM,KERALA,690561,India,True,2025-07-05,
ADDR00006957,CUST00005549,Home,H.No. 40 Rout Road,,THIRUVANANTHAPURAM,KERALA,695102,India,True,2019-03-16,
ADDR00006958,CUST00005550,Permanent,755 Choudhry Road,Apartment 251,KAMAREDDY,TELANGANA,503306,India,True,2016-02-21,
ADDR00006959,CUST00005551,Office,99/470 Mall Zila,Near Bus Stand,EAST KHASI HILLS,MEGHALAYA,793005,India,True,2026-05-30,
ADDR00006960,CUST00005551,Permanent,H.No. 293 Randhawa Nagar,Opposite City Mall,VISAKHAPATANAM,ANDHRA PRADESH,531035,India,False,2026-05-12,2026-07-22
ADDR00006961,CUST00005552,Home,H.No. 068 Tara Nagar,Floor 12,NAMAKKAL,TAMIL NADU,637412,India,True,2026-03-08,
ADDR00006962,CUST00005553,Permanent,726 Badal Circle,,South Tripura,TRIPURA,799125,India,True,2025-08-12,
ADDR00006963,CUST00005554,Mailing,H.No. 011 Bhalla Chowk,Near Metro Station,KARIMNAGAR,TELANGANA,505469,India,True,2005-01-26,
ADDR00006964,CUST00005554,Home,H.No. 778 Prasad Street,,BUNDI,RAJASTHAN,323021,India,False,2016-10-29,2023-02-28
ADDR00006965,CUST00005555,Permanent,H.No. 921 Sridhar,Opposite City Mall,SANGLI,MAHARASHTRA,416417,India,True,2017-02-07,
ADDR00006966,CUST00005556,Home,H.No. 733 Deo Ganj,Floor 1,GAJAPATI,ODISHA,761217,India,True,2022-05-08,
ADDR00006967,CUST00005557,Office,53/032 Kannan Path,Apartment 221,PURI,ODISHA,754004,India,True,1999-06-07,
ADDR00006968,CUST00005558,Home,08/46 Sachdeva,,ALIRAJPUR,MADHYA PRADESH,457888,India,True,2003-03-13,
ADDR00006969,CUST00005559,Office,20/107 Buch Street,Apartment 359,AMRAVATI,MAHARASHTRA,444801,India,True,2020-10-09,
ADDR00006970,CUST00005559,Home,14/69 Kothari Path,Floor 8,SIDDIPET,TELANGANA,506355,India,False,2019-10-17,2021-04-05
ADDR00006971,CUST00005560,Home,669 Menon Nagar,,JANJGIR-CHAMPA,CHHATTISGARH,495687,India,True,2020-09-03,
ADDR00006972,CUST00005561,Mailing,328 Nagarajan Circle,Near Bus Stand,RAMGARH,JHARKHAND,829108,India,True,2025-07-17,
ADDR00006973,CUST00005562,Home,65 Chokshi Chowk,Near Bus Stand,KUSHI NAGAR,UTTAR PRADESH,274401,India,True,2026-02-28,
ADDR00006974,CUST00005563,Mailing,80 Tripathi Ganj,,KANCHIPURAM,TAMIL NADU,600069,India,True,2023-09-27,
ADDR00006975,CUST00005564,Office,84/673 Manne Marg,Apartment 394,SHIVPURI,MADHYA PRADESH,473638,India,True,2018-02-11,
ADDR00006976,CUST00005565,Mailing,952 Gulati Chowk,Apartment 344,UNNAO,UTTAR PRADESH,209841,India,True,2024-12-27,
ADDR00006977,CUST00005566,Office,83/30 Bains Circle,,KOLKATA,WEST BENGAL,700029,India,True,2026-07-30,
ADDR00006978,CUST00005566,Mailing,H.No. 64 Ranganathan Nagar,,MUMBAI SUBURBAN,MAHARASHTRA,400078,India,False,2026-08-02,2026-08-02
ADDR00006979,CUST00005567,Mailing,46/96 Prakash,,WEST GARO HILLS,MEGHALAYA,794104,India,True,2024-11-24,
ADDR00006980,CUST00005568,Office,H.No. 76 Chahal Ganj,Flat 223,GURUGRAM,HARYANA,122009,India,True,2024-05-11,
ADDR00006981,CUST00005569,Mailing,14/24 Chaudhari Zila,,BARABANKI,UTTAR PRADESH,225304,India,True,2024-03-13,
ADDR00006982,CUST00005570,Mailing,56/33 Chaudry Nagar,,BHIND,MADHYA PRADESH,477117,India,True,1997-09-28,
ADDR00006983,CUST00005571,Home,37/02 Badal Chowk,Floor 2,KOLHAPUR,MAHARASHTRA,416229,India,True,2024-03-25,
ADDR00006984,CUST00005572,Mailing,H.No. 858 Batra Chowk,Flat 166,24 PARAGANAS NORTH,WEST BENGAL,700030,India,True,2026-03-13,
ADDR00006985,CUST00005573,Mailing,H.No. 659 Mishra Nagar,Suite 42,KOLLAM,KERALA,691501,India,True,2015-07-24,
ADDR00006986,CUST00005573,Home,71 Nair Chowk,Near Metro Station,DEWAS,MADHYA PRADESH,455118,India,False,2014-05-10,2025-03-07
ADDR00006987,CUST00005574,Home,33 Yohannan Circle,Near Bus Stand,NASHIK,MAHARASHTRA,422203,India,True,2026-02-03,
ADDR00006988,CUST00005575,Home,70/13 Bhatia Marg,,RANGA REDDY,TELANGANA,509357,India,True,2026-04-02,
ADDR00006989,CUST00005575,Mailing,75/92 Gulati Chowk,,DHAMTARI,CHHATTISGARH,492109,India,False,2025-01-12,2026-06-13
ADDR00006990,CUST00005576,Office,32 Babu Ganj,,BULDHANA,MAHARASHTRA,444306,India,True,2000-03-14,
ADDR00006991,CUST00005577,Home,404 Vala Nagar,Suite 41,LOHARDAGA,JHARKHAND,835231,India,True,2025-01-16,
ADDR00006992,CUST00005578,Home,27/197 Kalita Marg,,THIRUVALLUR,TAMIL NADU,631203,India,True,2018-12-07,
ADDR00006993,CUST00005579,Mailing,38/918 Ravi Street,,NAMAKKAL,TAMIL NADU,637206,India,True,2006-08-02,
ADDR00006994,CUST00005579,Office,61/71 Sunder Chowk,,CHITTORGARH,RAJASTHAN,323307,India,False,1999-08-18,2024-03-08
ADDR00006995,CUST00005580,Permanent,94/307 Savant Nagar,,ERODE,TAMIL NADU,638112,India,True,2014-02-20,
ADDR00006996,CUST00005580,Office,44 Babu Path,Near Metro Station,NAYAGARH,ODISHA,752077,India,False,2020-03-12,2025-07-27
ADDR00006997,CUST00005581,Permanent,76/699 Chaudry Ganj,Suite 25,MEDCHAL MALKAJGIRI,TELANGANA,500101,India,True,2025-06-23,
ADDR00006998,CUST00005581,Home,25/011 Rege Path,Near Bus Stand,TAMENGLONG,MANIPUR,795125,India,False,2021-02-26,2024-11-06
ADDR00006999,CUST00005582,Permanent,44 Chowdhury Circle,,BHAVNAGAR,GUJARAT,364270,India,True,2024-11-02,
ADDR00007000,CUST00005583,Mailing,H.No. 85 Sami Marg,Opposite City Mall,VIRUDHUNAGAR,TAMIL NADU,626130,India,True,1999-10-12,
ADDR00007001,CUST00005584,Permanent,H.No. 00 Badami Street,Flat 154,KOZHIKODE,KERALA,673614,India,True,2017-10-12,
ADDR00007002,CUST00005585,Mailing,834 Barman Chowk,Near Metro Station,MEDINIPUR WEST,WEST BENGAL,721457,India,True,2025-10-25,
ADDR00007003,CUST00005585,Permanent,72 Garde Circle,Near Metro Station,BASTI,UTTAR PRADESH,272127,India,False,2026-04-25,2026-05-31
ADDR00007004,CUST00005586,Home,16/22 Bumb Marg,Near Metro Station,CUTTACK,ODISHA,754200,India,True,2013-04-03,
ADDR00007005,CUST00005587,Mailing,017 Iyengar Chowk,Near Metro Station,BIJAPUR,CHHATTISGARH,494444,India,True,2018-03-05,
ADDR00007006,CUST00005588,Office,29 Pradhan Nagar,Suite 9,DEWAS,MADHYA PRADESH,455118,India,True,2024-01-08,
ADDR00007007,CUST00005589,Home,H.No. 925 Varkey Street,,Mulugu,TELANGANA,507133,India,True,2016-01-22,
ADDR00007008,CUST00005590,Permanent,H.No. 341 Ray Path,Flat 292,ALAPPUZHA,KERALA,689508,India,True,1997-09-13,
ADDR00007009,CUST00005591,Home,H.No. 40 Mody Circle,Opposite City Mall,TUTICORIN,TAMIL NADU,628552,India,True,2023-12-14,
ADDR00007010,CUST00005592,Mailing,226 Konda Nagar,,RATLAM,MADHYA PRADESH,457441,India,True,2013-03-19,
ADDR00007011,CUST00005593,Permanent,H.No. 481 Raval Ganj,Apartment 236,FATEHABAD,HARYANA,125051,India,True,1997-08-22,
ADDR00007012,CUST00005594,Home,H.No. 608 Devan,Opposite City Mall,AKOLA,MAHARASHTRA,444501,India,True,2021-02-20,
ADDR00007013,CUST00005594,Office,12 Iyengar,Apartment 318,VIKARABAD,TELANGANA,509339,India,False,2009-10-15,2024-09-12
ADDR00007014,CUST00005595,Home,13/972 Sachdeva,Suite 4,YAVATMAL,MAHARASHTRA,445103,India,True,2023-08-01,
ADDR00007015,CUST00005595,Office,68/92 Bava Zila,Flat 62,PATHANAMTHITTA,KERALA,689678,India,False,2008-09-29,2023-09-27
ADDR00007016,CUST00005596,Mailing,97/501 Garde Zila,,BELAGAVI,KARNATAKA,591115,India,True,2015-07-28,
ADDR00007017,CUST00005597,Home,477 Nori Marg,Flat 52,PAURI GARHWAL,UTTARAKHAND,246001,India,True,2026-02-06,
ADDR00007018,CUST00005598,Mailing,H.No. 212 Kala Zila,,PRATAPGARH,UTTAR PRADESH,230128,India,True,2025-10-27,
ADDR00007019,CUST00005599,Home,73/75 Jain Path,Floor 10,EAST KAMENG,ARUNACHAL PRADESH,790102,India,True,2025-05-26,
ADDR00007020,CUST00005600,Permanent,H.No. 48 Nagarajan,,SOUTH WEST,DELHI,110078,India,True,2008-01-17,
ADDR00007021,CUST00005600,Home,62 Dey Ganj,,MEDINIPUR WEST,WEST BENGAL,721154,India,False,2014-04-19,2020-09-01
ADDR00007022,CUST00005601,Home,19/57 Kanda Street,Near Bus Stand,JAIPUR,RAJASTHAN,302041,India,True,2013-11-19,
ADDR00007023,CUST00005602,Office,83/867 Singhal Marg,Suite 19,GUNA,MADHYA PRADESH,473110,India,True,2017-05-07,
ADDR00007024,CUST00005603,Home,02/63 Mani Ganj,Near Metro Station,HOOGHLY,WEST BENGAL,712612,India,True,2021-12-31,
ADDR00007025,CUST00005604,Mailing,497 Jani Circle,Apartment 289,SANGAREDDY,TELANGANA,502246,India,True,2022-12-05,
ADDR00007026,CUST00005604,Office,38/51 Dani Road,,MURSHIDABAD,WEST BENGAL,742134,India,False,2025-12-17,2026-02-23
ADDR00007027,CUST00005605,Mailing,66/41 Deshpande Path,Apartment 353,PURBA BARDHAMAN,WEST BENGAL,731215,India,True,1996-04-20,
ADDR00007028,CUST00005606,Home,49/608 Oak Street,,ERNAKULAM,KERALA,683550,India,True,2023-04-08,
ADDR00007029,CUST00005607,Mailing,H.No. 995 Rajan Ganj,Flat 296,FATEHGARH SAHIB,PUNJAB,147104,India,True,2002-07-17,
ADDR00007030,CUST00005607,Permanent,13 Singh Chowk,Apartment 205,GAUTAM BUDDHA NAGAR,UTTAR PRADESH,203209,India,False,2021-08-08,2021-10-06
ADDR00007031,CUST00005608,Permanent,35 Agate Ganj,Apartment 489,KACHCHH,GUJARAT,370665,India,True,2021-11-25,
ADDR00007032,CUST00005609,Office,79/03 Raman,Floor 5,SARAN,BIHAR,841220,India,True,1991-06-18,
ADDR00007033,CUST00005610,Home,07 Zachariah Circle,Near Bus Stand,KALIMPONG,WEST BENGAL,735223,India,True,2007-06-11,
ADDR00007034,CUST00005610,Permanent,178 Kale Street,Apartment 194,PATHANAMTHITTA,KERALA,689594,India,False,2025-01-20,2026-02-27
ADDR00007035,CUST00005611,Mailing,059 Din Circle,Opposite City Mall,BALESHWAR,ODISHA,756060,India,True,2026-07-16,
ADDR00007036,CUST00005612,Office,17 Choudhury Nagar,Opposite City Mall,KINNAUR,HIMACHAL PRADESH,172101,India,True,2017-05-04,
ADDR00007037,CUST00005613,Home,H.No. 16 Bajwa,Near Metro Station,KACHCHH,GUJARAT,370665,India,True,2024-02-26,
ADDR00007038,CUST00005614,Permanent,13 Buch Road,,THANJAVUR,TAMIL NADU,612503,India,True,2024-06-15,
ADDR00007039,CUST00005615,Mailing,01 Gulati Circle,,TIRUCHIRAPPALLI,TAMIL NADU,621106,India,True,2014-07-14,
ADDR00007040,CUST00005616,Home,07/169 Maharaj Chowk,,THANJAVUR,TAMIL NADU,612106,India,True,2026-02-28,
ADDR00007041,CUST00005617,Office,73/96 Devan Chowk,Near Metro Station,KANGRA,HIMACHAL PRADESH,176128,India,True,2008-12-03,
ADDR00007042,CUST00005618,Permanent,46 Brahmbhatt,Near Metro Station,THE NILGIRIS,TAMIL NADU,643209,India,True,2025-05-24,
ADDR00007043,CUST00005619,Mailing,12/662 Bava Marg,Flat 18,Mahisagar,GUJARAT,389190,India,True,2026-01-09,
ADDR00007044,CUST00005620,Office,H.No. 18 Ghose,,MAYILADUTHURAI,TAMIL NADU,609114,India,True,2021-10-17,
ADDR00007045,CUST00005620,Permanent,898 Rao Ganj,,RUPNAGAR,PUNJAB,140124,India,False,2025-09-17,2026-05-20
ADDR00007046,CUST00005621,Permanent,512 Ratti Street,Floor 18,HISAR,HARYANA,125121,India,True,2013-06-06,
ADDR00007047,CUST00005622,Mailing,38/90 Mani Marg,,KOTTAYAM,KERALA,686634,India,True,2022-07-11,
ADDR00007048,CUST00005623,Mailing,90 Randhawa Chowk,,MADHUBANI,BIHAR,847235,India,True,2024-04-30,
ADDR00007049,CUST00005624,Home,H.No. 32 Pathak Zila,Near Bus Stand,BIJAPUR,CHHATTISGARH,494448,India,True,2024-02-17,
ADDR00007050,CUST00005625,Home,79 Hayer Circle,Flat 229,INDORE,MADHYA PRADESH,453446,India,True,2020-12-25,
ADDR00007051,CUST00005626,Home,H.No. 225 Venkatesh,Opposite City Mall,BELAGAVI,KARNATAKA,591242,India,True,2025-05-26,
ADDR00007052,CUST00005627,Permanent,73/598 Mohan Marg,,TENKASI,TAMIL NADU,627852,India,True,2022-07-15,
ADDR00007053,CUST00005627,Mailing,112 Buch Street,,BELAGAVI,KARNATAKA,591173,India,False,2024-02-14,2024-11-26
ADDR00007054,CUST00005628,Home,79 Bera Path,Floor 2,DARBHANGA,BIHAR,846005,India,True,2024-06-28,
ADDR00007055,CUST00005629,Home,01/998 Desai Nagar,Flat 42,GUNTUR,ANDHRA PRADESH,522303,India,True,2021-01-15,
ADDR00007056,CUST00005629,Permanent,H.No. 93 Sekhon Street,,GANDHINAGAR,GUJARAT,382630,India,False,2025-05-03,2025-08-18
ADDR00007057,CUST00005630,Office,79/93 Muni Path,,JEHANABAD,BIHAR,804452,India,True,2026-07-12,
ADDR00007058,CUST00005631,Home,21/40 Doctor Street,Suite 23,AGRA,UTTAR PRADESH,283119,India,True,2023-06-30,
ADDR00007059,CUST00005632,Mailing,60/73 Sharma Marg,Near Bus Stand,PASCHIM BARDHAMAN,WEST BENGAL,713373,India,True,2025-06-16,
ADDR00007060,CUST00005632,Permanent,32/95 Sunder,,RAIGAD,MAHARASHTRA,410210,India,False,2026-04-22,2026-06-10
ADDR00007061,CUST00005633,Home,34/877 Pai Nagar,,PATHANAMTHITTA,KERALA,689547,India,True,2023-12-30,
ADDR00007062,CUST00005633,Permanent,68/64 Banik Circle,,PUDUKKOTTAI,TAMIL NADU,622402,India,False,2014-12-13,2020-08-28
ADDR00007063,CUST00005634,Mailing,92/207 Bansal,,RANGA REDDY,TELANGANA,500070,India,True,2021-03-05,
ADDR00007064,CUST00005634,Permanent,H.No. 077 Khalsa Chowk,Floor 6,RAICHUR,KARNATAKA,584129,India,False,2025-10-15,2026-03-16
ADDR00007065,CUST00005635,Permanent,H.No. 999 Sachdev Nagar,Near Metro Station,MALAPPURAM,KERALA,679357,India,True,2000-07-24,
ADDR00007066,CUST00005636,Mailing,54 Dugar Street,,HOWRAH,WEST BENGAL,711404,India,True,2026-05-20,
ADDR00007067,CUST00005636,Office,H.No. 15 Sarin Zila,Near Bus Stand,EAST DISTRICT,SIKKIM,737102,India,False,2026-04-17,2026-06-13
ADDR00007068,CUST00005637,Permanent,63 Date Road,Near Bus Stand,HOWRAH,WEST BENGAL,711306,India,True,2026-07-25,
ADDR00007069,CUST00005637,Mailing,785 Ray Path,Floor 12,Shahid Bhagat Singh Nagar,PUNJAB,144507,India,False,2006-04-05,2010-12-13
ADDR00007070,CUST00005638,Permanent,97/777 Chaudhry Road,Suite 21,NABARANGPUR,ODISHA,764076,India,True,2025-07-16,
ADDR00007071,CUST00005639,Permanent,66 Toor Street,,AMRAVATI,MAHARASHTRA,444813,India,True,2020-04-13,
ADDR00007072,CUST00005639,Mailing,49/97 Jayaraman Nagar,,SANGAREDDY,TELANGANA,502257,India,False,2019-08-31,2022-02-24
ADDR00007073,CUST00005640,Home,39/059 Venkataraman Nagar,Opposite City Mall,SANGLI,MAHARASHTRA,416408,India,True,2025-09-22,
ADDR00007074,CUST00005641,Home,H.No. 31 Saxena Marg,Floor 13,KRISHNA,ANDHRA PRADESH,521457,India,True,2023-04-22,
ADDR00007075,CUST00005642,Office,62/55 Gade Ganj,Opposite City Mall,IDUKKI,KERALA,685603,India,True,1987-12-26,
ADDR00007076,CUST00005643,Permanent,62/68 Kara Circle,Floor 3,NAWADA,BIHAR,805101,India,True,2010-08-23,
ADDR00007077,CUST00005644,Office,102 Dara Ganj,,RATNAGIRI,MAHARASHTRA,415628,India,True,2026-07-13,
ADDR00007078,CUST00005644,Permanent,15/548 Doctor Marg,Floor 15,AMRAVATI,MAHARASHTRA,444603,India,False,2025-07-17,2026-04-21
ADDR00007079,CUST00005645,Mailing,75/99 Prasad Street,Suite 46,MAHESANA,GUJARAT,384565,India,True,2026-07-26,
ADDR00007080,CUST00005646,Home,92/118 Salvi Chowk,Flat 160,24 PARAGANAS NORTH,WEST BENGAL,700090,India,True,2026-07-25,
ADDR00007081,CUST00005647,Mailing,H.No. 847 Sule Marg,Apartment 472,TUTICORIN,TAMIL NADU,628151,India,True,2011-01-03,
ADDR00007082,CUST00005648,Office,108 Chaudry Road,Near Metro Station,AJMER,RAJASTHAN,305415,India,True,2026-07-08,
ADDR00007083,CUST00005649,Mailing,H.No. 374 Kar Chowk,Floor 14,KOLKATA,WEST BENGAL,700002,India,True,1991-09-11,
ADDR00007084,CUST00005650,Mailing,93/24 Mahajan Ganj,Near Bus Stand,BHAGALPUR,BIHAR,853203,India,True,2026-07-13,
ADDR00007085,CUST00005651,Permanent,20/148 Talwar Road,Near Bus Stand,SIWAN,BIHAR,841231,India,True,2016-06-22,
ADDR00007086,CUST00005651,Permanent,30/41 Dixit Ganj,Apartment 392,UDUPI,KARNATAKA,576103,India,False,2004-10-14,2011-07-28
ADDR00007087,CUST00005652,Office,H.No. 124 Madan Path,,SIVASAGAR,ASSAM,785669,India,True,2024-10-27,
ADDR00007088,CUST00005653,Home,47/070 Subramaniam Nagar,Flat 39,TIRUCHIRAPPALLI,TAMIL NADU,621314,India,True,2004-09-20,
ADDR00007089,CUST00005654,Permanent,38 Sachar Street,,SIVASAGAR,ASSAM,785674,India,True,2021-10-18,
ADDR00007090,CUST00005655,Permanent,95/66 Sood Nagar,Suite 40,AMRITSAR,PUNJAB,143114,India,True,2022-04-20,
ADDR00007091,CUST00005656,Home,765 Warrior Ganj,Suite 42,GORAKHPUR,UTTAR PRADESH,273012,India,True,2023-08-01,
ADDR00007092,CUST00005657,Permanent,72/908 Chadha,,SINDHUDURG,MAHARASHTRA,416529,India,True,2020-02-07,
ADDR00007093,CUST00005658,Home,135 Khosla Nagar,Floor 7,KODAGU,KARNATAKA,571248,India,True,2015-07-09,
ADDR00007094,CUST00005658,Office,118 Sagar Zila,Apartment 295,MAHESANA,GUJARAT,384440,India,False,2023-06-17,2024-03-14
ADDR00007095,CUST00005659,Home,H.No. 69 Dani Circle,Near Bus Stand,KACHCHH,GUJARAT,370625,India,True,2023-08-18,
ADDR00007096,CUST00005660,Office,394 Ranganathan Street,Opposite City Mall,SIKAR,RAJASTHAN,332304,India,True,2023-06-08,
ADDR00007097,CUST00005660,Home,40/110 Ghose Road,Suite 4,MUMBAI SUBURBAN,MAHARASHTRA,400077,India,False,2024-08-26,2026-02-05
ADDR00007098,CUST00005661,Permanent,826 Oak Circle,Apartment 10,THIRUVARUR,TAMIL NADU,613702,India,True,2025-09-06,
ADDR00007099,CUST00005661,Office,H.No. 461 Balasubramanian Ganj,,SATNA,MADHYA PRADESH,486550,India,False,2026-06-07,2026-07-02
ADDR00007100,CUST00005662,Home,65 Sangha Chowk,Apartment 342,TUMAKURU,KARNATAKA,572227,India,True,1997-02-05,
ADDR00007101,CUST00005663,Office,93/651 Mandal Circle,Apartment 13,WARANGAL URBAN,TELANGANA,506015,India,True,2025-12-21,
ADDR00007102,CUST00005664,Mailing,H.No. 29 Kala,Opposite City Mall,GUNA,MADHYA PRADESH,473112,India,True,2019-11-26,
ADDR00007103,CUST00005664,Mailing,33/99 Goswami Path,Suite 35,BANAS KANTHA,GUJARAT,385310,India,False,2020-10-16,2022-12-15
ADDR00007104,CUST00005665,Home,51/458 Uppal Street,Opposite City Mall,KHEDA,GUJARAT,387411,India,True,2020-12-04,
ADDR00007105,CUST00005666,Mailing,89/20 Pal Street,,MAYILADUTHURAI,TAMIL NADU,609310,India,True,2024-10-31,
ADDR00007106,CUST00005667,Permanent,674 Sami,Near Bus Stand,AGRA,UTTAR PRADESH,283101,India,True,2021-10-31,
ADDR00007107,CUST00005667,Office,79/967 Balan Circle,Opposite City Mall,BIRBHUM,WEST BENGAL,731101,India,False,2019-07-20,2026-03-02
ADDR00007108,CUST00005668,Home,H.No. 028 Gokhale Street,Flat 257,BUXAR,BIHAR,802134,India,True,2015-04-23,
ADDR00007109,CUST00005668,Permanent,H.No. 071 Raghavan Circle,Floor 18,AZAMGARH,UTTAR PRADESH,276140,India,False,2012-12-27,2013-05-10
ADDR00007110,CUST00005669,Home,59/36 Baria Nagar,Flat 119,SANGRUR,PUNJAB,148026,India,True,2026-03-16,
ADDR00007111,CUST00005670,Permanent,87/75 Khurana Ganj,Apartment 142,MANDI,HIMACHAL PRADESH,175047,India,True,2013-05-05,
ADDR00007112,CUST00005671,Home,53/709 Rau Ganj,,HYDERABAD,TELANGANA,500011,India,True,2023-11-06,
ADDR00007113,CUST00005671,Permanent,14/726 Bal Ganj,Flat 23,COIMBATORE,TAMIL NADU,641402,India,False,2023-02-08,2025-11-02
ADDR00007114,CUST00005672,Mailing,17/02 Sarraf Street,Near Metro Station,KRISHNAGIRI,TAMIL NADU,635124,India,True,2025-10-22,
ADDR00007115,CUST00005672,Home,77/37 Badal Zila,,GONDA,UTTAR PRADESH,271312,India,False,2019-02-08,2022-02-26
ADDR00007116,CUST00005673,Mailing,34/715 Jayaraman Nagar,Suite 43,EAST GODAVARI,ANDHRA PRADESH,533468,India,True,2025-06-12,
ADDR00007117,CUST00005674,Home,966 Dada Ganj,Floor 8,SAWAI MADHOPUR,RAJASTHAN,322703,India,True,2025-10-26,
ADDR00007118,CUST00005675,Home,78/647 Lala Road,Flat 100,SENAPATI,MANIPUR,795007,India,True,2020-12-22,
ADDR00007119,CUST00005676,Permanent,H.No. 81 Kala Chowk,,FIROZEPUR,PUNJAB,142047,India,True,2025-03-31,
ADDR00007120,CUST00005677,Mailing,258 Bhavsar Nagar,Floor 12,GAUTAM BUDDHA NAGAR,UTTAR PRADESH,201311,India,True,2012-02-11,
ADDR00007121,CUST00005678,Office,22/557 Bhatt Ganj,,NASHIK,MAHARASHTRA,423110,India,True,2026-01-20,
ADDR00007122,CUST00005679,Mailing,42/848 Mukhopadhyay Road,Flat 40,FATEHGARH SAHIB,PUNJAB,140802,India,True,2025-11-12,
ADDR00007123,CUST00005680,Home,91/710 Mutti Chowk,Near Metro Station,RATNAGIRI,MAHARASHTRA,415701,India,True,2010-07-19,
ADDR00007124,CUST00005681,Permanent,30/902 Joshi Street,Flat 133,MANDI,HIMACHAL PRADESH,175027,India,True,2026-06-04,
ADDR00007125,CUST00005682,Permanent,H.No. 019 Mukherjee Circle,,NANDED,MAHARASHTRA,431746,India,True,2026-01-02,
ADDR00007126,CUST00005683,Home,12/312 Varughese Marg,Flat 231,MEERUT,UTTAR PRADESH,250344,India,True,2018-06-15,
ADDR00007127,CUST00005684,Office,49 Chanda Marg,Suite 28,EAST DISTRICT,SIKKIM,737106,India,True,2019-06-03,
ADDR00007128,CUST00005685,Permanent,45 Dyal Path,Flat 231,JAJAPUR,ODISHA,755001,India,True,2024-06-12,
ADDR00007129,CUST00005685,Office,062 Nagar Zila,,SANGAREDDY,TELANGANA,502295,India,False,2013-01-23,2018-04-30
ADDR00007130,CUST00005686,Mailing,H.No. 06 Master Ganj,Near Bus Stand,CHURU,RAJASTHAN,331502,India,True,2025-12-17,
ADDR00007131,CUST00005687,Office,678 Bhattacharyya Nagar,,CHURU,RAJASTHAN,331305,India,True,2008-09-16,
ADDR00007132,CUST00005688,Home,80/20 Mody Road,Apartment 301,BIDAR,KARNATAKA,585447,India,True,2026-03-01,
ADDR00007133,CUST00005688,Home,00/82 Venkataraman Circle,Apartment 132,WEST GODAVARI,ANDHRA PRADESH,534006,India,False,2026-02-21,2026-04-02
ADDR00007134,CUST00005689,Home,H.No. 38 Rama Ganj,,KORAPUT,ODISHA,764001,India,True,2024-11-28,
ADDR00007135,CUST00005689,Permanent,H.No. 60 Som Path,,SAHARSA,BIHAR,852217,India,False,2022-07-21,2025-04-26
ADDR00007136,CUST00005690,Office,706 Taneja Chowk,Flat 228,FIROZABAD,UTTAR PRADESH,224172,India,True,2023-10-19,
ADDR00007137,CUST00005691,Office,59 Divan Road,Opposite City Mall,THANJAVUR,TAMIL NADU,614903,India,True,2022-03-18,
ADDR00007138,CUST00005692,Office,09/073 Srinivasan Nagar,Opposite City Mall,ALIGARH,UTTAR PRADESH,202124,India,True,2026-07-30,
ADDR00007139,CUST00005693,Office,H.No. 91 Singhal Marg,Floor 10,IDUKKI,KERALA,685620,India,True,2025-08-26,
ADDR00007140,CUST00005694,Mailing,43/253 Maharaj Nagar,,KRISHNAGIRI,TAMIL NADU,635109,India,True,2018-07-21,
ADDR00007141,CUST00005694,Mailing,H.No. 608 Pai Ganj,Near Bus Stand,Shahid Bhagat Singh Nagar,PUNJAB,144512,India,False,2018-04-11,2024-12-29
ADDR00007142,CUST00005695,Home,906 Mannan,Opposite City Mall,DAUSA,RAJASTHAN,303004,India,True,2022-09-17,
ADDR00007143,CUST00005696,Office,46/178 Kala Zila,Near Bus Stand,UTTARA KANNADA,KARNATAKA,581304,India,True,2024-06-21,
ADDR00007144,CUST00005697,Mailing,342 Babu Ganj,Floor 17,EAST GODAVARI,ANDHRA PRADESH,533255,India,True,2023-08-12,
ADDR00007145,CUST00005698,Home,H.No. 32 Vora,Floor 4,KALABURAGI,KARNATAKA,585102,India,True,2013-05-15,
ADDR00007146,CUST00005699,Home,980 Kakar Marg,,Mahisagar,GUJARAT,389172,India,True,2019-08-29,
ADDR00007147,CUST00005700,Office,62/821 Nori Road,Suite 37,MEERUT,UTTAR PRADESH,250401,India,True,2019-05-18,
ADDR00007148,CUST00005700,Home,23/607 Mukhopadhyay Chowk,Near Bus Stand,KENDRAPARA,ODISHA,754231,India,False,2022-01-12,2024-12-08
ADDR00007149,CUST00005701,Home,707 Dhillon Marg,Opposite City Mall,GAYA,BIHAR,823004,India,True,2026-06-28,
ADDR00007150,CUST00005701,Permanent,599 Uppal,,SANGAREDDY,TELANGANA,502313,India,False,2025-09-22,2025-11-10
ADDR00007151,CUST00005702,Permanent,H.No. 19 Sarin Nagar,,NORTH GOA,GOA,403501,India,True,2006-11-02,
ADDR00007152,CUST00005703,Home,78/852 Bhargava Path,Near Metro Station,MYSURU,KARNATAKA,570023,India,True,2008-10-01,
ADDR00007153,CUST00005704,Mailing,H.No. 470 Kumar Path,,ALAPPUZHA,KERALA,689623,India,True,1995-07-12,
ADDR00007154,CUST00005705,Home,H.No. 934 Dua Road,,AMRELI,GUJARAT,365435,India,True,2023-09-04,
ADDR00007155,CUST00005705,Office,77/179 Deo Road,Flat 15,PRAYAGRAJ,UTTAR PRADESH,212105,India,False,2022-10-13,2024-12-10
ADDR00007156,CUST00005706,Mailing,55 Chand Circle,,KURUKSHETRA,HARYANA,136132,India,True,2010-08-18,
ADDR00007157,CUST00005707,Office,H.No. 707 Mutti,Opposite City Mall,PASCHIM BARDHAMAN,WEST BENGAL,713336,India,True,2022-05-04,
ADDR00007158,CUST00005707,Permanent,918 Buch Marg,Suite 4,GADCHIROLI,MAHARASHTRA,442703,India,False,2018-06-29,2024-01-31
ADDR00007159,CUST00005708,Office,49/29 Tank Ganj,Suite 20,ARWAL,BIHAR,804426,India,True,2019-09-12,
ADDR00007160,CUST00005708,Mailing,62/54 Pillay Marg,Suite 21,JHUNJHUNU,RAJASTHAN,333302,India,False,2024-06-08,2026-03-12
ADDR00007161,CUST00005709,Home,46 Nayak Circle,,NASHIK,MAHARASHTRA,422214,India,True,2024-02-17,
ADDR00007162,CUST00005710,Home,H.No. 090 Dhawan Ganj,,ALAPPUZHA,KERALA,688528,India,True,2023-12-12,
ADDR00007163,CUST00005710,Office,H.No. 87 Shan Road,Apartment 490,AMBEDKAR NAGAR,UTTAR PRADESH,224230,India,False,2024-12-23,2025-09-17
ADDR00007164,CUST00005711,Office,25 Chaudhry Path,,PURULIA,WEST BENGAL,723143,India,True,2011-02-16,
ADDR00007165,CUST00005712,Home,71/29 Mukhopadhyay Path,,AHMADABAD,GUJARAT,382210,India,True,2000-05-04,
ADDR00007166,CUST00005713,Mailing,189 Oak Path,Floor 8,SHIMLA,HIMACHAL PRADESH,172001,India,True,2026-01-07,
ADDR00007167,CUST00005714,Home,60/76 Rastogi,Near Metro Station,PALI,RAJASTHAN,306422,India,True,2006-04-07,
ADDR00007168,CUST00005715,Permanent,56/65 Bir,Near Metro Station,PUNE,MAHARASHTRA,412211,India,True,2022-07-14,
ADDR00007169,CUST00005716,Office,H.No. 97 Sachar Marg,Suite 36,KANNUR,KERALA,673311,India,True,1998-09-21,
ADDR00007170,CUST00005717,Office,H.No. 482 Varty,Floor 5,CHANDRAPUR,MAHARASHTRA,441222,India,True,2026-01-18,
ADDR00007171,CUST00005718,Office,H.No. 586 Sarkar Nagar,,KRISHNAGIRI,TAMIL NADU,635203,India,True,1996-05-08,
ADDR00007172,CUST00005719,Mailing,H.No. 08 Badal Marg,Apartment 52,HAMIRPUR,HIMACHAL PRADESH,174405,India,True,1996-07-31,
ADDR00007173,CUST00005720,Mailing,30/77 Mangal,,WOKHA,NAGALAND,797099,India,True,2023-07-10,
ADDR00007174,CUST00005720,Office,529 Banik Nagar,Suite 12,PANIPAT,HARYANA,132108,India,False,2025-09-04,2026-05-31
ADDR00007175,CUST00005721,Home,92/45 Sur Street,,HOOGHLY,WEST BENGAL,712148,India,True,2021-06-15,
ADDR00007176,CUST00005722,Home,638 Banerjee Nagar,Apartment 249,BHOPAL,MADHYA PRADESH,462101,India,True,2026-05-13,
ADDR00007177,CUST00005722,Mailing,57/60 Varty Road,,AHMADABAD,GUJARAT,382722,India,False,2026-06-06,2026-07-16
ADDR00007178,CUST00005723,Mailing,59/11 Kothari Chowk,,PATNA,BIHAR,803307,India,True,2020-04-21,
ADDR00007179,CUST00005724,Permanent,H.No. 88 Suresh Zila,Near Bus Stand,TUTICORIN,TAMIL NADU,628621,India,True,2019-08-17,
ADDR00007180,CUST00005725,Permanent,584 Ramaswamy Street,,KODAGU,KARNATAKA,571216,India,True,2026-07-01,
ADDR00007181,CUST00005725,Permanent,61/791 Prakash Marg,Suite 29,VIZIANAGARAM,ANDHRA PRADESH,535527,India,False,2026-07-31,2026-07-31
ADDR00007182,CUST00005726,Permanent,10 Dara Road,Floor 18,SIVAGANGA,TAMIL NADU,630405,India,True,2026-03-17,
ADDR00007183,CUST00005727,Mailing,768 Chaudry Street,Flat 27,BHAVNAGAR,GUJARAT,364135,India,True,2025-04-20,
ADDR00007184,CUST00005728,Permanent,02/92 Zacharia,Near Bus Stand,MALAPPURAM,KERALA,676302,India,True,2023-07-29,
ADDR00007185,CUST00005729,Home,19/33 Seshadri Marg,Floor 20,PAURI GARHWAL,UTTARAKHAND,246167,India,True,2025-11-21,
ADDR00007186,CUST00005730,Permanent,330 Soni Street,Near Bus Stand,JALANDHAR,PUNJAB,144311,India,True,2002-06-25,
ADDR00007187,CUST00005731,Permanent,H.No. 19 Mani Circle,Near Metro Station,HOSHANGABAD,MADHYA PRADESH,461775,India,True,2016-10-31,
ADDR00007188,CUST00005732,Permanent,H.No. 72 Modi Street,Near Bus Stand,AHMEDNAGAR,MAHARASHTRA,414101,India,True,2025-05-30,
ADDR00007189,CUST00005733,Office,H.No. 68 D’Alia Zila,Flat 247,BARAMULLA,JAMMU AND KASHMIR,193303,India,True,2003-06-28,
ADDR00007190,CUST00005734,Mailing,51 Kaur Path,Suite 24,MAHABUBABAD,TELANGANA,506163,India,True,2013-07-01,
ADDR00007191,CUST00005734,Home,35/573 Pant Circle,,WEST DISTRICT,SIKKIM,737111,India,False,2015-08-10,2017-06-22
ADDR00007192,CUST00005735,Home,28/153 Chad Street,Suite 8,24 PARAGANAS NORTH,WEST BENGAL,700129,India,True,2011-09-04,
ADDR00007193,CUST00005736,Permanent,59/72 Devan Street,Suite 21,TIRUVANNAMALAI,TAMIL NADU,606703,India,True,2013-04-07,
ADDR00007194,CUST00005736,Mailing,56/599 Virk Chowk,Suite 1,UTTARA KANNADA,KARNATAKA,581401,India,False,2026-05-14,2026-05-19
ADDR00007195,CUST00005737,Permanent,78 Magar Road,Apartment 364,REWA,MADHYA PRADESH,486002,India,True,2006-05-21,
ADDR00007196,CUST00005738,Home,74/184 Chaudry Road,Suite 2,VALSAD,GUJARAT,396180,India,True,2022-03-15,
ADDR00007197,CUST00005739,Permanent,H.No. 363 Shroff Zila,,MEERUT,UTTAR PRADESH,250103,India,True,1992-06-06,
ADDR00007198,CUST00005740,Mailing,52/958 Dixit,,KANNIYAKUMARI,TAMIL NADU,629809,India,True,2018-09-29,
ADDR00007199,CUST00005741,Mailing,64 Chakrabarti Street,Floor 10,PURULIA,WEST BENGAL,723130,India,True,2003-01-14,
ADDR00007200,CUST00005742,Home,65/19 Varty Street,,JAISALMER,RAJASTHAN,345021,India,True,2023-12-21,
ADDR00007201,CUST00005743,Office,13/960 Badami Road,Opposite City Mall,GURDASPUR,PUNJAB,143512,India,True,2024-06-03,
ADDR00007202,CUST00005744,Permanent,H.No. 90 Sampath Circle,Flat 59,TIRUNELVELI,TAMIL NADU,627953,India,True,2026-05-15,
ADDR00007203,CUST00005745,Home,927 Kala Road,,PATHANKOT,PUNJAB,143531,India,True,2026-06-07,
ADDR00007204,CUST00005746,Home,58 Suresh Circle,Near Bus Stand,SHIMLA,HIMACHAL PRADESH,171009,India,True,2018-01-12,
ADDR00007205,CUST00005747,Mailing,85/404 Iyengar Ganj,,KHARGONE,MADHYA PRADESH,451331,India,True,2026-07-22,
ADDR00007206,CUST00005748,Home,H.No. 11 Char Street,,SHIMLA,HIMACHAL PRADESH,171003,India,True,2007-08-23,
ADDR00007207,CUST00005749,Mailing,H.No. 183 Purohit,Suite 33,KOTTAYAM,KERALA,686106,India,True,2012-05-25,
ADDR00007208,CUST00005750,Permanent,45/81 Nath Road,Opposite City Mall,SIVAGANGA,TAMIL NADU,630212,India,True,2015-10-26,
ADDR00007209,CUST00005750,Home,62/484 Kannan,Near Bus Stand,VILLUPURAM,TAMIL NADU,604203,India,False,2013-10-17,2019-12-02
ADDR00007210,CUST00005751,Home,941 Dua,Near Bus Stand,KALABURAGI,KARNATAKA,585292,India,True,2025-01-08,
ADDR00007211,CUST00005752,Permanent,21/72 Sen Zila,Opposite City Mall,BUXAR,BIHAR,802136,India,True,2025-01-20,
ADDR00007212,CUST00005752,Office,63/574 Bora,Flat 50,MORBI,GUJARAT,363643,India,False,2025-06-30,2025-10-20
ADDR00007213,CUST00005753,Office,211 Buch Circle,,BAGALKOTE,KARNATAKA,587331,India,True,2025-11-08,
ADDR00007214,CUST00005754,Home,91/24 Maharaj Marg,Floor 2,SAHARANPUR,UTTAR PRADESH,247669,India,True,2026-08-02,
ADDR00007215,CUST00005754,Permanent,74 Bora Circle,Suite 14,SALEM,TAMIL NADU,636503,India,False,2026-07-31,2026-08-02
ADDR00007216,CUST00005755,Office,23 Ahluwalia Ganj,,MANDLA,MADHYA PRADESH,481668,India,True,2023-05-29,
ADDR00007217,CUST00005756,Home,33/574 Agarwal Marg,Suite 35,PALI,RAJASTHAN,306702,India,True,2022-08-16,
ADDR00007218,CUST00005757,Home,535 Pathak Street,Opposite City Mall,CUDDALORE,TAMIL NADU,606109,India,True,2012-07-05,
ADDR00007219,CUST00005757,Home,H.No. 38 Lad Zila,,JAISALMER,RAJASTHAN,345001,India,False,2022-08-12,2023-08-24
ADDR00007220,CUST00005758,Home,51/40 Bhatti Nagar,Flat 158,THANJAVUR,TAMIL NADU,612303,India,True,2015-12-08,
ADDR00007221,CUST00005759,Permanent,77 Saraf Path,,SAHARANPUR,UTTAR PRADESH,247121,India,True,2026-07-19,
ADDR00007222,CUST00005760,Permanent,H.No. 459 Wagle,Opposite City Mall,WAYANAD,KERALA,673575,India,True,2018-05-08,
ADDR00007223,CUST00005760,Mailing,37/85 Deshpande Circle,Opposite City Mall,VELLORE,TAMIL NADU,632009,India,False,2024-08-28,2026-03-27
ADDR00007224,CUST00005761,Office,322 Mohan Chowk,Apartment 73,GONDA,UTTAR PRADESH,271310,India,True,2015-09-17,
ADDR00007225,CUST00005761,Office,296 Sabharwal,Apartment 91,REWARI,HARYANA,123412,India,False,2012-06-09,2014-09-08
ADDR00007226,CUST00005762,Office,377 Bera Zila,Opposite City Mall,BELAGAVI,KARNATAKA,591225,India,True,2026-06-26,
ADDR00007227,CUST00005763,Mailing,08/71 Nigam Road,Opposite City Mall,VARANASI,UTTAR PRADESH,221008,India,True,2023-09-06,
ADDR00007228,CUST00005763,Office,H.No. 858 Kamdar,Suite 34,PALAKKAD,KERALA,679335,India,False,2024-05-30,2025-07-26
ADDR00007229,CUST00005764,Permanent,24/39 Lanka Ganj,Flat 162,KANGPOKPI,MANIPUR,795118,India,True,2023-09-07,
ADDR00007230,CUST00005765,Permanent,H.No. 69 Date Path,Near Bus Stand,KHAMMAM,TELANGANA,507158,India,True,2026-06-30,
ADDR00007231,CUST00005766,Home,38/65 Sarma Path,Flat 256,DAKSHINA KANNADA,KARNATAKA,575014,India,True,2005-07-07,
ADDR00007232,CUST00005767,Mailing,02/34 Parmar,Apartment 442,BALODA BAZAR,CHHATTISGARH,493225,India,True,2025-11-25,
ADDR00007233,CUST00005768,Office,H.No. 795 Ratti Circle,Suite 47,JALGAON,MAHARASHTRA,425116,India,True,2007-10-02,
ADDR00007234,CUST00005768,Office,462 Boase Circle,Apartment 11,SUNDARGARH,ODISHA,769004,India,False,2024-06-07,2024-10-30
ADDR00007235,CUST00005769,Office,856 Singhal Marg,,SIKAR,RAJASTHAN,332715,India,True,2026-02-07,
ADDR00007236,CUST00005770,Permanent,84/995 Karpe Zila,Near Metro Station,PARBHANI,MAHARASHTRA,431509,India,True,1995-06-22,
ADDR00007237,CUST00005771,Permanent,54 Sodhi Path,,Unakoti,TRIPURA,799263,India,True,2023-05-20,
ADDR00007238,CUST00005772,Home,819 Sankaran Path,Near Bus Stand,KURUKSHETRA,HARYANA,136119,India,True,2009-05-22,
ADDR00007239,CUST00005773,Office,H.No. 578 Kale Marg,Flat 221,SURENDRANAGAR,GUJARAT,363760,India,True,2025-11-16,
ADDR00007240,CUST00005774,Home,210 Randhawa Road,,MYSURU,KARNATAKA,571124,India,True,2026-05-29,
ADDR00007241,CUST00005775,Permanent,60/741 Sahota Street,,UDAM SINGH NAGAR,UTTARAKHAND,263151,India,True,1992-05-10,
ADDR00007242,CUST00005776,Mailing,H.No. 706 Radhakrishnan,,ANUGUL,ODISHA,759022,India,True,2023-10-03,
ADDR00007243,CUST00005776,Mailing,09 Baral,Flat 162,DANG,GUJARAT,394720,India,False,2026-06-05,2026-06-15
ADDR00007244,CUST00005777,Permanent,28/478 Bumb Path,Apartment 259,TENKASI,TAMIL NADU,627851,India,True,2024-09-27,
ADDR00007245,CUST00005777,Office,03/823 Kibe Road,,CENTRAL,DELHI,110060,India,False,2025-03-26,2026-04-20
ADDR00007246,CUST00005778,Mailing,805 Chauhan Circle,Opposite City Mall,BENGALURU URBAN,KARNATAKA,560020,India,True,2020-07-01,
ADDR00007247,CUST00005778,Office,403 Solanki Street,Floor 6,FARIDKOT,PUNJAB,152025,India,False,2020-04-07,2023-04-10
ADDR00007248,CUST00005779,Home,61/78 Bhatnagar Marg,Suite 44,BATHINDA,PUNJAB,151102,India,True,2024-10-22,
ADDR00007249,CUST00005779,Office,12/52 Dixit Road,Flat 42,VISAKHAPATANAM,ANDHRA PRADESH,530051,India,False,2024-11-23,2025-01-02
ADDR00007250,CUST00005780,Mailing,68 Kalita Nagar,Near Bus Stand,VADODARA,GUJARAT,391530,India,True,2014-01-12,
ADDR00007251,CUST00005781,Permanent,H.No. 47 Goel Nagar,Near Metro Station,Alipurduar,WEST BENGAL,735220,India,True,2025-04-14,
ADDR00007252,CUST00005781,Office,646 Vig,Flat 12,MUMBAI SUBURBAN,MAHARASHTRA,400086,India,False,2025-03-20,2026-04-11
ADDR00007253,CUST00005782,Office,H.No. 989 Dhar Nagar,,NADIA,WEST BENGAL,741166,India,True,2023-07-16,
ADDR00007254,CUST00005782,Office,H.No. 185 Nayak Circle,Flat 178,THRISSUR,KERALA,680509,India,False,2025-07-08,2026-01-30
ADDR00007255,CUST00005783,Permanent,83 Jani Ganj,Suite 38,DIMAPUR,NAGALAND,797106,India,True,2019-09-27,
ADDR00007256,CUST00005784,Mailing,H.No. 771 Toor Road,Floor 13,Kasganj,UTTAR PRADESH,207246,India,True,2025-07-22,
ADDR00007257,CUST00005785,Home,59 Bora Nagar,Suite 10,TUTICORIN,TAMIL NADU,628251,India,True,2021-06-23,
ADDR00007258,CUST00005785,Mailing,57/94 Mannan Path,Apartment 326,SARAN,BIHAR,841421,India,False,2021-05-26,2024-06-01
ADDR00007259,CUST00005786,Office,28/668 Vig Path,Opposite City Mall,MUMBAI SUBURBAN,MAHARASHTRA,400024,India,True,2021-03-06,
ADDR00007260,CUST00005787,Office,06/903 Batta Zila,Near Metro Station,SOUTH DISTRICT,SIKKIM,737134,India,True,1998-09-12,
ADDR00007261,CUST00005788,Home,H.No. 39 Sood Road,Opposite City Mall,VISAKHAPATANAM,ANDHRA PRADESH,531219,India,True,2025-11-30,
ADDR00007262,CUST00005789,Office,H.No. 580 Murty Path,Near Metro Station,CHHATARPUR,MADHYA PRADESH,471301,India,True,1987-01-28,
ADDR00007263,CUST00005789,Mailing,72 Kashyap Nagar,,SOLAPUR,MAHARASHTRA,413113,India,False,2008-10-28,2016-10-25
ADDR00007264,CUST00005790,Mailing,90/352 Saha Street,Floor 18,KRISHNA,ANDHRA PRADESH,521331,India,True,2024-07-08,
ADDR00007265,CUST00005791,Permanent,39/733 Bhakta Nagar,Apartment 400,AURAIYA,UTTAR PRADESH,206244,India,True,2001-05-17,
ADDR00007266,CUST00005792,Mailing,73/451 Golla Street,Near Metro Station,ERNAKULAM,KERALA,683577,India,True,2015-02-12,
ADDR00007267,CUST00005792,Mailing,72/72 Tara Nagar,Near Bus Stand,THIRUVARUR,TAMIL NADU,614001,India,False,1998-10-07,2003-11-07
ADDR00007268,CUST00005793,Office,98/816 Pradhan Circle,,LAKHISARAI,BIHAR,811302,India,True,2024-01-04,
ADDR00007269,CUST00005794,Mailing,16 Doctor Nagar,Floor 9,DEORIA,UTTAR PRADESH,274702,India,True,2026-05-31,
ADDR00007270,CUST00005795,Home,410 Hayer,Suite 28,KOZHIKODE,KERALA,673527,India,True,2025-02-14,
ADDR00007271,CUST00005796,Office,H.No. 32 Iyer Chowk,Opposite City Mall,JALPAIGURI,WEST BENGAL,735225,India,True,2020-09-24,
ADDR00007272,CUST00005797,Office,33/53 Mitter Road,Near Bus Stand,UTTARA KANNADA,KARNATAKA,581450,India,True,2023-11-24,
ADDR00007273,CUST00005797,Office,873 Varughese Ganj,Floor 2,TINSUKIA,ASSAM,786158,India,False,2025-06-18,2025-10-02
ADDR00007274,CUST00005798,Permanent,797 Kulkarni Zila,,NAGAPATTINAM,TAMIL NADU,614809,India,True,2026-07-25,
ADDR00007275,CUST00005799,Mailing,36/26 Wagle Road,Near Bus Stand,VALSAD,GUJARAT,396155,India,True,2006-03-20,
ADDR00007276,CUST00005800,Home,833 Soman Nagar,Near Metro Station,PALAKKAD,KERALA,678688,India,True,2023-01-25,
ADDR00007277,CUST00005801,Home,29 Dixit Road,,BHAVNAGAR,GUJARAT,364760,India,True,2007-03-21,
ADDR00007278,CUST00005801,Office,H.No. 801 Puri Path,Flat 103,PONDICHERRY,PUDUCHERRY,607402,India,False,2023-12-09,2026-01-04
ADDR00007279,CUST00005802,Home,77/567 Ravi Road,Opposite City Mall,KENDRAPARA,ODISHA,754239,India,True,2007-06-19,
ADDR00007280,CUST00005803,Home,H.No. 46 Bora Zila,Opposite City Mall,NALANDA,BIHAR,803107,India,True,2015-07-19,
ADDR00007281,CUST00005804,Home,H.No. 123 Bhandari Circle,,KATHUA,JAMMU AND KASHMIR,184151,India,True,2013-11-01,
ADDR00007282,CUST00005805,Office,71/74 Hayre Nagar,Floor 2,PALGHAR,MAHARASHTRA,401203,India,True,2020-03-13,
ADDR00007283,CUST00005805,Home,20/76 Tiwari,Near Bus Stand,JAMTARA,JHARKHAND,815351,India,False,2014-11-09,2020-02-27
ADDR00007284,CUST00005806,Home,19/36 Magar Chowk,Suite 9,PERAMBALUR,TAMIL NADU,621713,India,True,2026-07-18,
ADDR00007285,CUST00005807,Permanent,H.No. 10 Johal,Apartment 22,KAKCHING,MANIPUR,795135,India,True,2017-11-25,
ADDR00007286,CUST00005807,Permanent,H.No. 156 Dube Circle,Near Bus Stand,BALESHWAR,ODISHA,754223,India,False,2024-11-08,2025-06-01
ADDR00007287,CUST00005808,Home,07 Kaul,,TUTICORIN,TAMIL NADU,628218,India,True,2019-06-24,
ADDR00007288,CUST00005809,Permanent,20/23 Brahmbhatt Nagar,Suite 16,HASSAN,KARNATAKA,573116,India,True,2014-03-25,
ADDR00007289,CUST00005810,Home,H.No. 01 Gulati Street,Flat 45,CUDDALORE,TAMIL NADU,606003,India,True,2007-04-07,
ADDR00007290,CUST00005811,Mailing,599 Subramaniam Circle,,NABARANGPUR,ODISHA,764002,India,True,2007-12-03,
ADDR00007291,CUST00005812,Mailing,H.No. 25 Ramakrishnan Nagar,,MUMBAI SUBURBAN,MAHARASHTRA,400093,India,True,2021-04-10,
ADDR00007292,CUST00005813,Home,30 Chatterjee,Suite 12,PITHORAGARH,UTTARAKHAND,262540,India,True,2026-03-10,
ADDR00007293,CUST00005813,Office,74/867 Ahluwalia Marg,Near Bus Stand,AMBEDKAR NAGAR,UTTAR PRADESH,224125,India,False,2022-02-17,2023-08-26
ADDR00007294,CUST00005814,Permanent,44 Gopal,,JALNA,MAHARASHTRA,431134,India,True,2025-01-21,
ADDR00007295,CUST00005815,Office,482 Mody Road,,THIRUVANANTHAPURAM,KERALA,695123,India,True,2022-05-17,
ADDR00007296,CUST00005815,Office,22 Bala Circle,Suite 16,AJMER,RAJASTHAN,305815,India,False,2024-01-25,2025-06-25
ADDR00007297,CUST00005816,Office,98 Prashad,,KARBI ANGLONG,ASSAM,782136,India,True,2015-03-14,
ADDR00007298,CUST00005817,Home,81/660 Puri,,UNNAO,UTTAR PRADESH,209860,India,True,2026-06-15,
ADDR00007299,CUST00005818,Home,188 Goyal Nagar,Opposite City Mall,SINDHUDURG,MAHARASHTRA,416605,India,True,2012-11-10,
ADDR00007300,CUST00005818,Mailing,26 Subramanian Nagar,Suite 8,BARAMULLA,JAMMU AND KASHMIR,193201,India,False,2013-12-06,2014-03-20
ADDR00007301,CUST00005819,Permanent,18 Dada Road,Floor 10,SANGLI,MAHARASHTRA,415302,India,True,2003-12-05,
ADDR00007302,CUST00005820,Home,46/814 Dash Chowk,,REASI,JAMMU AND KASHMIR,185154,India,True,2026-07-28,
ADDR00007303,CUST00005821,Mailing,98/68 Prabhakar Path,,THIRUVALLUR,TAMIL NADU,601201,India,True,2014-12-13,
ADDR00007304,CUST00005822,Office,625 Bawa Chowk,,Dhalai,TRIPURA,799285,India,True,2021-04-03,
ADDR00007305,CUST00005823,Permanent,30/107 Choudhury Road,Suite 35,SIWAN,BIHAR,841436,India,True,1998-11-14,
ADDR00007306,CUST00005823,Home,H.No. 129 Gill Marg,,TAPI,GUJARAT,394690,India,False,2019-02-19,2024-04-28
ADDR00007307,CUST00005824,Mailing,30/332 Sachar Nagar,,PONDICHERRY,PUDUCHERRY,605501,India,True,2024-03-21,
ADDR00007308,CUST00005825,Home,34/19 Prashad Road,Flat 37,KHARGONE,MADHYA PRADESH,451440,India,True,2023-07-17,
ADDR00007309,CUST00005826,Permanent,901 Amble Road,Flat 19,AMBALA,HARYANA,134201,India,True,2020-03-11,
ADDR00007310,CUST00005826,Office,H.No. 084 Subramaniam Circle,Suite 30,UDAIPUR,RAJASTHAN,313201,India,False,2014-02-17,2025-03-13
ADDR00007311,CUST00005827,Home,H.No. 960 Brar,Near Metro Station,TINSUKIA,ASSAM,786174,India,True,2004-12-08,
ADDR00007312,CUST00005828,Permanent,475 Parmer Road,,NORTH WEST,DELHI,110039,India,True,2023-11-26,
ADDR00007313,CUST00005829,Mailing,89/100 Bala Path,Near Bus Stand,NAGPUR,MAHARASHTRA,440022,India,True,2023-03-10,
ADDR00007314,CUST00005830,Home,841 Natt Zila,Apartment 316,SAMBA,JAMMU AND KASHMIR,181143,India,True,2026-03-09,
ADDR00007315,CUST00005831,Home,24/745 Bora Street,Near Metro Station,BHARUCH,GUJARAT,392040,India,True,2026-01-02,
ADDR00007316,CUST00005832,Home,H.No. 465 Yogi Zila,Near Bus Stand,MEDINIPUR WEST,WEST BENGAL,721145,India,True,2021-04-07,
ADDR00007317,CUST00005833,Permanent,879 Menon Chowk,Opposite City Mall,SIWAN,BIHAR,841413,India,True,2013-06-11,
ADDR00007318,CUST00005834,Office,30/290 Chhabra Chowk,Suite 11,SIVAGANGA,TAMIL NADU,630302,India,True,2025-05-27,
ADDR00007319,CUST00005835,Home,54/033 Sura Nagar,Apartment 187,PURULIA,WEST BENGAL,723154,India,True,2026-07-29,
ADDR00007320,CUST00005835,Mailing,H.No. 036 Desai Ganj,Near Metro Station,CHITRADURGA,KARNATAKA,577517,India,False,2026-07-06,2026-08-01
ADDR00007321,CUST00005836,Permanent,656 Shroff Marg,Near Metro Station,KANNUR,KERALA,670595,India,True,2026-08-01,
ADDR00007322,CUST00005836,Mailing,58/473 Garg Road,Suite 28,Y.S.R.,ANDHRA PRADESH,516289,India,False,2026-08-02,2026-08-02
ADDR00007323,CUST00005837,Home,H.No. 26 Ramakrishnan Path,Floor 13,UTTARA KANNADA,KARNATAKA,581325,India,True,2022-07-06,
ADDR00007324,CUST00005838,Mailing,06/137 Sha Ganj,Apartment 30,TIRUPPUR,TAMIL NADU,641654,India,True,2021-09-26,
ADDR00007325,CUST00005838,Mailing,84 Ramakrishnan Ganj,Near Bus Stand,AMRELI,GUJARAT,365456,India,False,2021-06-08,2024-08-26
ADDR00007326,CUST00005839,Permanent,909 Maharaj Path,Flat 108,HOWRAH,WEST BENGAL,711205,India,True,2012-12-04,
ADDR00007327,CUST00005840,Permanent,H.No. 42 Mistry,Near Metro Station,BOKARO,JHARKHAND,829144,India,True,2004-02-13,
ADDR00007328,CUST00005841,Office,91/07 Gera Circle,Flat 225,Shahid Bhagat Singh Nagar,PUNJAB,144526,India,True,2014-10-18,
ADDR00007329,CUST00005842,Office,24 Dhar Marg,Flat 122,BHARATPUR,RAJASTHAN,321206,India,True,2023-07-24,
ADDR00007330,CUST00005842,Permanent,17/804 Bassi Street,,TIRUVANNAMALAI,TAMIL NADU,632311,India,False,2023-04-09,2025-11-08
ADDR00007331,CUST00005843,Permanent,27 Mahajan Zila,Apartment 9,MALDAH,WEST BENGAL,733124,India,True,2025-05-21,
ADDR00007332,CUST00005844,Home,37/484 Maharaj Circle,,BARNALA,PUNJAB,148104,India,True,2025-02-10,
ADDR00007333,CUST00005845,Permanent,H.No. 01 Vasa Circle,Suite 38,KOZHIKODE,KERALA,673504,India,True,2023-06-07,
ADDR00007334,CUST00005846,Mailing,86/70 Sama Nagar,Suite 17,DOHAD,GUJARAT,389140,India,True,2020-10-18,
ADDR00007335,CUST00005847,Permanent,58/39 Choudhary Marg,,KHEDA,GUJARAT,387510,India,True,2004-02-17,
ADDR00007336,CUST00005848,Mailing,H.No. 215 Bala Chowk,,SARAIKELA KHARSAWAN,JHARKHAND,833216,India,True,2017-02-14,
ADDR00007337,CUST00005848,Permanent,15/908 Pandey Street,Floor 18,MUMBAI SUBURBAN,MAHARASHTRA,400057,India,False,1997-12-12,2009-12-21
ADDR00007338,CUST00005849,Mailing,71 Naidu Path,,BARNALA,PUNJAB,148101,India,True,2008-08-20,
ADDR00007339,CUST00005849,Permanent,H.No. 765 Dyal Nagar,Near Metro Station,GAYA,BIHAR,804407,India,False,2013-08-15,2024-08-16
ADDR00007340,CUST00005850,Office,14 Solanki Path,Near Metro Station,KAITHAL,HARYANA,136033,India,True,1990-10-14,
ADDR00007341,CUST00005851,Home,794 Gupta Road,Near Metro Station,KOZHIKODE,KERALA,673305,India,True,2006-04-19,
ADDR00007342,CUST00005852,Permanent,568 Pai,,ANAND,GUJARAT,388580,India,True,2022-08-20,
ADDR00007343,CUST00005853,Mailing,H.No. 64 Chaudry Marg,Suite 35,SANGLI,MAHARASHTRA,416402,India,True,2022-02-12,
ADDR00007344,CUST00005854,Office,H.No. 743 Bakshi Zila,Apartment 25,MAYILADUTHURAI,TAMIL NADU,609307,India,True,2025-05-11,
ADDR00007345,CUST00005855,Office,16/05 Sane Road,Near Metro Station,PRAYAGRAJ,UTTAR PRADESH,211018,India,True,2025-07-15,
ADDR00007346,CUST00005856,Office,H.No. 16 Babu Road,Near Metro Station,JALGAON,MAHARASHTRA,425524,India,True,2010-08-20,
ADDR00007347,CUST00005857,Permanent,H.No. 24 Sangha Circle,Apartment 397,WARDHA,MAHARASHTRA,442306,India,True,2021-09-06,
ADDR00007348,CUST00005858,Home,32/80 Dube,Near Metro Station,Ranipet,TAMIL NADU,632504,India,True,2020-04-22,
ADDR00007349,CUST00005859,Office,H.No. 175 Panchal Marg,,ANUGUL,ODISHA,759126,India,True,2025-12-08,
ADDR00007350,CUST00005860,Mailing,74 Suresh,Apartment 244,GWALIOR,MADHYA PRADESH,475115,India,True,2026-05-03,
ADDR00007351,CUST00005861,Home,72/059 Hayre Street,Apartment 462,SATNA,MADHYA PRADESH,485114,India,True,2024-11-04,
ADDR00007352,CUST00005861,Mailing,87 Divan Nagar,Suite 3,LUCKNOW,UTTAR PRADESH,226101,India,False,2020-11-05,2021-09-02
ADDR00007353,CUST00005862,Mailing,50 Mukhopadhyay Street,,UTTAR KASHI,UTTARAKHAND,249165,India,True,2022-02-26,
ADDR00007354,CUST00005862,Office,80 Bedi Nagar,Near Bus Stand,BALAGHAT,MADHYA PRADESH,481337,India,False,2024-03-14,2024-06-12
ADDR00007355,CUST00005863,Mailing,855 Edwin Zila,Near Bus Stand,VADODARA,GUJARAT,391220,India,True,2010-11-16,
ADDR00007356,CUST00005863,Mailing,H.No. 39 Mitra Road,Near Bus Stand,GORAKHPUR,UTTAR PRADESH,273209,India,False,2015-12-05,2021-09-02
ADDR00007357,CUST00005864,Office,69 Badal Marg,Near Bus Stand,KHEDA,GUJARAT,387130,India,True,2024-09-10,
ADDR00007358,CUST00005865,Home,102 Batra Circle,Apartment 267,RAICHUR,KARNATAKA,584123,India,True,2020-09-09,
ADDR00007359,CUST00005866,Home,49 Jhaveri Ganj,Near Metro Station,PALI,RAJASTHAN,306709,India,True,2009-05-20,
ADDR00007360,CUST00005866,Permanent,H.No. 695 Narasimhan Path,Floor 14,DHARMAPURI,TAMIL NADU,635202,India,False,2010-05-04,2017-12-26
ADDR00007361,CUST00005867,Permanent,76/567 Nagi Street,Apartment 345,BHADRAK,ODISHA,756100,India,True,2011-06-28,
ADDR00007362,CUST00005867,Home,622 Sangha,Opposite City Mall,KODAGU,KARNATAKA,571232,India,False,2014-07-21,2024-05-23
ADDR00007363,CUST00005868,Office,H.No. 23 Chauhan Zila,Near Metro Station,LUDHIANA,PUNJAB,141412,India,True,2025-08-03,
ADDR00007364,CUST00005869,Permanent,39 Raghavan Nagar,Floor 4,MEDINIPUR EAST,WEST BENGAL,721602,India,True,2026-07-30,
ADDR00007365,CUST00005870,Permanent,H.No. 66 Chawla Street,Flat 181,JABALPUR,MADHYA PRADESH,482004,India,True,2006-03-31,
ADDR00007366,CUST00005871,Office,59/824 Bhatti Path,,MEDINIPUR WEST,WEST BENGAL,721102,India,True,2016-12-23,
ADDR00007367,CUST00005872,Mailing,H.No. 46 Comar Street,Flat 61,VIDISHA,MADHYA PRADESH,464258,India,True,2025-05-30,
ADDR00007368,CUST00005873,Office,H.No. 105 Mall Road,Apartment 400,YADADRI BHUVANAGIRI,TELANGANA,508286,India,True,2014-09-10,
ADDR00007369,CUST00005873,Home,H.No. 56 Savant Ganj,Suite 10,SANGLI,MAHARASHTRA,415311,India,False,2022-01-06,2025-11-20
ADDR00007370,CUST00005874,Office,68/912 Muni Road,Flat 145,24 PARAGANAS NORTH,WEST BENGAL,743223,India,True,2024-09-28,
ADDR00007371,CUST00005875,Home,66/05 Mitter Ganj,,Tarn Taran,PUNJAB,143409,India,True,2021-06-08,
ADDR00007372,CUST00005876,Home,148 Varughese Zila,Opposite City Mall,BILASPUR,HIMACHAL PRADESH,174001,India,True,2024-03-16,
ADDR00007373,CUST00005877,Home,96/568 Suri Path,,KOLLAM,KERALA,691522,India,True,2023-09-30,
ADDR00007374,CUST00005878,Mailing,17/859 Shetty Road,,MANDI,HIMACHAL PRADESH,175106,India,True,1999-06-02,
ADDR00007375,CUST00005878,Permanent,71/851 Ratti Nagar,Near Bus Stand,MAYILADUTHURAI,TAMIL NADU,609111,India,False,2010-04-07,2022-03-07
ADDR00007376,CUST00005879,Permanent,440 Mukhopadhyay Zila,Near Bus Stand,MAHASAMUND,CHHATTISGARH,493448,India,True,2015-11-21,
ADDR00007377,CUST00005880,Office,H.No. 164 Murthy Chowk,Flat 168,MAMIT,MIZORAM,796441,India,True,2016-05-02,
ADDR00007378,CUST00005881,Mailing,H.No. 13 Rana Path,Opposite City Mall,IDUKKI,KERALA,685589,India,True,2026-08-01,
ADDR00007379,CUST00005882,Permanent,74/099 Bhandari Marg,,SRIKAKULAM,ANDHRA PRADESH,532001,India,True,2021-06-20,
ADDR00007380,CUST00005883,Permanent,75/684 Rai Circle,Near Bus Stand,ALWAR,RAJASTHAN,301410,India,True,2007-11-01,
ADDR00007381,CUST00005884,Office,10/173 Chowdhury Path,Near Metro Station,24 PARAGANAS SOUTH,WEST BENGAL,700138,India,True,2022-07-13,
ADDR00007382,CUST00005885,Mailing,56/73 Seth Nagar,,KANDHAMAL,ODISHA,762112,India,True,2003-11-12,
ADDR00007383,CUST00005885,Home,H.No. 788 Upadhyay Ganj,Flat 265,PUNE,MAHARASHTRA,413116,India,False,1992-12-26,1999-09-21
ADDR00007384,CUST00005886,Mailing,09/10 Anne Zila,,BAHRAICH,UTTAR PRADESH,271901,India,True,2025-04-17,
ADDR00007385,CUST00005887,Office,06 Bahl Road,Near Bus Stand,KOTTAYAM,KERALA,686103,India,True,2009-07-21,
ADDR00007386,CUST00005888,Mailing,31/93 Thakur,Flat 103,MAYURBHANJ,ODISHA,757049,India,True,2023-10-08,
ADDR00007387,CUST00005889,Permanent,28/91 Chawla Street,Opposite City Mall,HOWRAH,WEST BENGAL,711109,India,True,2011-07-09,
ADDR00007388,CUST00005889,Home,830 Modi Nagar,Opposite City Mall,GORAKHPUR,UTTAR PRADESH,273013,India,False,2001-04-27,2023-01-05
ADDR00007389,CUST00005890,Mailing,279 Mukhopadhyay Zila,,ANANTAPUR,ANDHRA PRADESH,515661,India,True,2025-11-28,
ADDR00007390,CUST00005891,Office,H.No. 928 Gola Chowk,,RAE BARELI,UTTAR PRADESH,229404,India,True,2024-06-23,
ADDR00007391,CUST00005892,Mailing,60/54 Shanker Marg,Opposite City Mall,ANAND,GUJARAT,388305,India,True,2017-11-12,
ADDR00007392,CUST00005893,Mailing,H.No. 42 Nagar,Near Metro Station,24 PARAGANAS NORTH,WEST BENGAL,743234,India,True,2026-05-16,
ADDR00007393,CUST00005893,Permanent,H.No. 71 Lal Ganj,Near Metro Station,24 PARAGANAS SOUTH,WEST BENGAL,700143,India,False,2026-04-02,2026-06-12
ADDR00007394,CUST00005894,Mailing,191 Bedi Circle,,KURNOOL,ANDHRA PRADESH,518166,India,True,2022-11-02,
ADDR00007395,CUST00005895,Mailing,H.No. 15 D’Alia Road,Apartment 156,RAICHUR,KARNATAKA,584202,India,True,2018-07-16,
ADDR00007396,CUST00005896,Permanent,35/88 Kata Nagar,,KANDHAMAL,ODISHA,762107,India,True,2022-01-01,
ADDR00007397,CUST00005897,Mailing,H.No. 946 Natt Marg,,MALAPPURAM,KERALA,679585,India,True,2025-02-24,
ADDR00007398,CUST00005897,Mailing,H.No. 033 Andra Circle,Suite 18,KARIMNAGAR,TELANGANA,505505,India,False,2013-03-18,2015-12-20
ADDR00007399,CUST00005898,Permanent,H.No. 600 Master Road,Near Bus Stand,GADAG,KARNATAKA,582111,India,True,2026-06-09,
ADDR00007400,CUST00005899,Home,H.No. 249 Bhandari Marg,Opposite City Mall,PALAMU,JHARKHAND,822123,India,True,2016-08-19,
ADDR00007401,CUST00005900,Permanent,83 Wali,Opposite City Mall,HAMIRPUR,HIMACHAL PRADESH,176044,India,True,2015-12-13,
ADDR00007402,CUST00005901,Office,H.No. 31 Sood Nagar,Flat 264,MANDLA,MADHYA PRADESH,481666,India,True,2020-01-11,
ADDR00007403,CUST00005902,Office,H.No. 68 Mukhopadhyay Zila,Near Bus Stand,SALEM,TAMIL NADU,636007,India,True,2024-01-26,
ADDR00007404,CUST00005903,Mailing,596 Hari Zila,Opposite City Mall,LALITPUR,UTTAR PRADESH,284126,India,True,2025-06-08,
ADDR00007405,CUST00005904,Home,H.No. 454 Sachdeva Zila,Opposite City Mall,RAJSAMAND,RAJASTHAN,313342,India,True,2009-02-25,
ADDR00007406,CUST00005904,Home,25/978 Palla Ganj,Opposite City Mall,BHARUCH,GUJARAT,392130,India,False,2019-12-12,2023-03-08
ADDR00007407,CUST00005905,Office,H.No. 42 Balan Circle,Apartment 177,SALEM,TAMIL NADU,636004,India,True,2017-10-03,
ADDR00007408,CUST00005906,Mailing,H.No. 160 Brahmbhatt Chowk,Flat 175,GUNTUR,ANDHRA PRADESH,522315,India,True,2026-06-02,
ADDR00007409,CUST00005907,Permanent,H.No. 66 Cherian,,PATHANKOT,PUNJAB,143533,India,True,2015-04-23,
ADDR00007410,CUST00005907,Mailing,H.No. 487 Kuruvilla Path,,CHITTORGARH,RAJASTHAN,312022,India,False,2022-04-05,2026-02-17
ADDR00007411,CUST00005908,Mailing,H.No. 649 Sheth Road,Near Metro Station,JAGATSINGHAPUR,ODISHA,754139,India,True,2024-08-05,
ADDR00007412,CUST00005908,Mailing,04 Sengupta Zila,Apartment 107,BILASPUR,HIMACHAL PRADESH,174017,India,False,2017-01-19,2021-10-22
ADDR00007413,CUST00005909,Mailing,45/38 Nayak Path,Suite 49,MYSURU,KARNATAKA,571315,India,True,2023-08-10,
ADDR00007414,CUST00005910,Home,05 Sengupta Road,Apartment 62,BALAGHAT,MADHYA PRADESH,481441,India,True,2021-11-11,
ADDR00007415,CUST00005911,Office,42/927 Zacharia Nagar,Near Metro Station,VADODARA,GUJARAT,390010,India,True,2024-03-20,
ADDR00007416,CUST00005912,Home,H.No. 670 Bhakta Circle,Suite 35,AMRITSAR,PUNJAB,143109,India,True,2000-02-17,
ADDR00007417,CUST00005913,Mailing,803 Mohan Nagar,Suite 24,KASARAGOD,KERALA,671551,India,True,2025-06-12,
ADDR00007418,CUST00005914,Mailing,09/39 Hayer Path,Suite 42,MADURAI,TAMIL NADU,625214,India,True,2025-11-20,
ADDR00007419,CUST00005915,Home,14 Sibal,Near Metro Station,KHAMMAM,TELANGANA,507316,India,True,2025-05-04,
ADDR00007420,CUST00005916,Mailing,039 Sarkar Zila,Near Bus Stand,PALI,RAJASTHAN,306703,India,True,2026-04-12,
ADDR00007421,CUST00005917,Office,284 Narain Marg,Floor 11,COOCHBEHAR,WEST BENGAL,735303,India,True,2024-04-16,
ADDR00007422,CUST00005918,Office,H.No. 03 Sawhney,Apartment 452,KANGRA,HIMACHAL PRADESH,176213,India,True,2024-07-30,
ADDR00007423,CUST00005918,Office,H.No. 33 Sengupta,Apartment 159,KORAPUT,ODISHA,763002,India,False,2025-02-21,2025-04-19
ADDR00007424,CUST00005919,Office,90 Date Street,,MURSHIDABAD,WEST BENGAL,742132,India,True,2026-01-18,
ADDR00007425,CUST00005919,Permanent,H.No. 932 Gole Road,Opposite City Mall,DINDIGUL,TAMIL NADU,624215,India,False,2026-03-14,2026-05-27
ADDR00007426,CUST00005920,Mailing,76/674 Gade Nagar,,BOUDH,ODISHA,762014,India,True,2023-07-24,
ADDR00007427,CUST00005920,Mailing,H.No. 21 Sekhon Road,Apartment 245,GURDASPUR,PUNJAB,143530,India,False,2019-11-22,2024-01-02
ADDR00007428,CUST00005921,Mailing,H.No. 494 Kara Ganj,Apartment 38,THIRUVANANTHAPURAM,KERALA,695034,India,True,1990-12-13,
ADDR00007429,CUST00005922,Permanent,H.No. 74 Sankar,Near Bus Stand,THIRUVANANTHAPURAM,KERALA,695009,India,True,2026-06-18,
ADDR00007430,CUST00005923,Permanent,89 Zachariah Path,Flat 201,RAIGAD,MAHARASHTRA,415213,India,True,2026-07-09,
ADDR00007431,CUST00005924,Office,H.No. 511 Patla Chowk,Near Metro Station,GANDHINAGAR,GUJARAT,382320,India,True,2023-10-12,
ADDR00007432,CUST00005925,Home,H.No. 286 Bakshi Ganj,Opposite City Mall,AYODHYA,UTTAR PRADESH,224119,India,True,2021-10-07,
ADDR00007433,CUST00005926,Permanent,27/996 Choudhry Street,Floor 20,PALAKKAD,KERALA,679503,India,True,1995-11-08,
ADDR00007434,CUST00005926,Office,H.No. 07 Swamy Zila,,KAIMUR (BHABUA),BIHAR,821101,India,False,1982-11-01,2005-09-22
ADDR00007435,CUST00005927,Office,79/919 Chowdhury Road,Flat 287,BAREILLY,UTTAR PRADESH,243501,India,True,2018-01-07,
ADDR00007436,CUST00005928,Office,140 Mall Path,Flat 291,KALAHANDI,ODISHA,766029,India,True,2024-08-09,
ADDR00007437,CUST00005929,Office,14/138 Sachdev Chowk,Suite 1,SPSR NELLORE,ANDHRA PRADESH,524225,India,True,2005-07-26,
ADDR00007438,CUST00005930,Mailing,H.No. 10 Pal Circle,Near Metro Station,SARAN,BIHAR,841224,India,True,2026-06-18,
ADDR00007439,CUST00005931,Mailing,11/82 Bala Chowk,,MADHUBANI,BIHAR,847424,India,True,2026-07-15,
ADDR00007440,CUST00005931,Permanent,H.No. 46 Pillay Circle,,SEONI,MADHYA PRADESH,480990,India,False,2026-08-01,2026-08-02
ADDR00007441,CUST00005932,Mailing,082 Virk,Floor 17,GOLAGHAT,ASSAM,785703,India,True,2025-08-25,
ADDR00007442,CUST00005933,Permanent,91 Mand,,VIRUDHUNAGAR,TAMIL NADU,626201,India,True,2014-03-03,
ADDR00007443,CUST00005934,Office,00 Khalsa Marg,,CACHAR,ASSAM,788108,India,True,1987-10-28,
ADDR00007444,CUST00005935,Mailing,846 Kaul Nagar,,DAKSHINA KANNADA,KARNATAKA,574237,India,True,2026-06-11,
ADDR00007445,CUST00005936,Mailing,H.No. 056 Konda Nagar,Near Metro Station,CHENNAI,TAMIL NADU,600097,India,True,2025-08-19,
ADDR00007446,CUST00005937,Home,H.No. 200 Rama Road,Suite 45,JHABUA,MADHYA PRADESH,457773,India,True,2018-03-18,
ADDR00007447,CUST00005938,Office,21/533 Chaudhary Nagar,Flat 133,GANJAM,ODISHA,760002,India,True,1990-02-10,
ADDR00007448,CUST00005939,Permanent,882 Batra Nagar,,CHAMARAJANAGARA,KARNATAKA,571124,India,True,2026-01-26,
ADDR00007449,CUST00005940,Office,016 Som Zila,Opposite City Mall,BHILWARA,RAJASTHAN,311023,India,True,2026-04-19,
ADDR00007450,CUST00005941,Mailing,663 Narayan Ganj,,THANE,MAHARASHTRA,421502,India,True,1984-10-22,
ADDR00007451,CUST00005942,Office,06/02 Varghese Chowk,Opposite City Mall,MYSURU,KARNATAKA,570030,India,True,2024-04-14,
ADDR00007452,CUST00005943,Mailing,49/965 Kala Circle,Suite 16,KALLAKURICHI,TAMIL NADU,606207,India,True,2012-10-10,
ADDR00007453,CUST00005944,Mailing,86/49 Prabhu Street,Apartment 482,KANGRA,HIMACHAL PRADESH,176107,India,True,2025-10-08,
ADDR00007454,CUST00005945,Office,554 Krish Marg,Near Metro Station,VADODARA,GUJARAT,390002,India,True,2020-12-13,
ADDR00007455,CUST00005946,Office,20/506 Reddy Zila,,SAMBA,JAMMU AND KASHMIR,181133,India,True,2024-09-11,
ADDR00007456,CUST00005947,Permanent,34/077 Gera Nagar,Near Metro Station,ERODE,TAMIL NADU,638401,India,True,2026-07-18,
ADDR00007457,CUST00005947,Mailing,132 Bhat Marg,Near Bus Stand,COOCHBEHAR,WEST BENGAL,736170,India,False,2026-07-10,2026-08-01
ADDR00007458,CUST00005948,Mailing,418 Sundaram Zila,Near Bus Stand,KHERI,UTTAR PRADESH,262725,India,True,2017-09-20,
ADDR00007459,CUST00005948,Home,30 Reddy Marg,,MANDI,HIMACHAL PRADESH,175045,India,False,2023-07-08,2024-06-06
ADDR00007460,CUST00005949,Permanent,21 Shanker Chowk,Apartment 126,NAGAON,ASSAM,782425,India,True,2023-05-12,
ADDR00007461,CUST00005950,Home,28/45 Chada Road,Near Bus Stand,KURNOOL,ANDHRA PRADESH,518395,India,True,2005-12-03,
ADDR00007462,CUST00005951,Permanent,H.No. 78 Nair Chowk,,TUTICORIN,TAMIL NADU,628201,India,True,2012-11-15,
ADDR00007463,CUST00005951,Permanent,H.No. 023 Mann Circle,Near Bus Stand,DAKSHINA KANNADA,KARNATAKA,574218,India,False,2012-01-03,2022-03-08
ADDR00007464,CUST00005952,Office,77 Loke Marg,,HAVERI,KARNATAKA,581112,India,True,2025-09-17,
ADDR00007465,CUST00005953,Office,H.No. 815 Shankar Road,,NABARANGPUR,ODISHA,764078,India,True,2009-03-09,
ADDR00007466,CUST00005954,Mailing,H.No. 745 Mital Marg,Flat 208,BONGAIGAON,ASSAM,783392,India,True,2022-05-12,
ADDR00007467,CUST00005954,Permanent,70 Magar Ganj,Near Bus Stand,EAST SINGHBUM,JHARKHAND,831003,India,False,2021-12-08,2025-10-08
ADDR00007468,CUST00005955,Mailing,50/067 Narayan Nagar,,KARBI ANGLONG,ASSAM,782482,India,True,2018-02-21,
ADDR00007469,CUST00005956,Permanent,H.No. 328 Kannan Marg,,JAIPUR,RAJASTHAN,303706,India,True,2026-07-02,
ADDR00007470,CUST00005957,Home,487 Gole Marg,Near Bus Stand,KOLLAM,KERALA,691509,India,True,2024-07-14,
ADDR00007471,CUST00005958,Home,03 Mahajan Road,Near Bus Stand,VARANASI,UTTAR PRADESH,221004,India,True,2024-11-01,
ADDR00007472,CUST00005959,Home,H.No. 156 Palan Zila,Near Bus Stand,GAYA,BIHAR,804404,India,True,2026-02-16,
ADDR00007473,CUST00005959,Permanent,H.No. 451 Badal Circle,Floor 2,THRISSUR,KERALA,680665,India,False,2010-01-09,2018-06-28
ADDR00007474,CUST00005960,Home,H.No. 01 Yogi Marg,Floor 12,ANANTAPUR,ANDHRA PRADESH,515801,India,True,2007-05-07,
ADDR00007475,CUST00005961,Office,02/561 Srinivas Road,Apartment 375,KALABURAGI,KARNATAKA,585313,India,True,2000-03-27,
ADDR00007476,CUST00005962,Permanent,30 Naidu Marg,Floor 10,LUDHIANA,PUNJAB,141112,India,True,2014-05-26,
ADDR00007477,CUST00005963,Office,53/03 Bedi Chowk,Near Bus Stand,VIZIANAGARAM,ANDHRA PRADESH,535128,India,True,2023-09-18,
ADDR00007478,CUST00005964,Mailing,69 Pant,Near Metro Station,GODDA,JHARKHAND,814156,India,True,2019-06-01,
ADDR00007479,CUST00005965,Mailing,H.No. 70 Sanghvi Ganj,Suite 29,NADIA,WEST BENGAL,741127,India,True,2020-01-11,
ADDR00007480,CUST00005966,Home,742 Sagar Road,,BATHINDA,PUNJAB,151201,India,True,1989-05-02,
ADDR00007481,CUST00005967,Home,495 Boase Ganj,Opposite City Mall,AMRELI,GUJARAT,365421,India,True,2022-10-17,
ADDR00007482,CUST00005968,Mailing,83/09 Thaker Marg,Apartment 371,MEDINIPUR WEST,WEST BENGAL,721127,India,True,2023-11-22,
ADDR00007483,CUST00005969,Mailing,86/198 Patel Ganj,,TIRUNELVELI,TAMIL NADU,627453,India,True,2020-10-31,
ADDR00007484,CUST00005970,Office,34 Yogi Chowk,,SURENDRANAGAR,GUJARAT,363745,India,True,2025-10-01,
ADDR00007485,CUST00005971,Permanent,920 Desai Zila,,BHADRAK,ODISHA,756181,India,True,2009-06-18,
ADDR00007486,CUST00005972,Mailing,95/765 Lad Chowk,Apartment 160,TIRUPPUR,TAMIL NADU,641687,India,True,2017-11-20,
ADDR00007487,CUST00005973,Mailing,50/41 Ganesan Marg,,PUNE,MAHARASHTRA,411014,India,True,2009-09-06,
ADDR00007488,CUST00005974,Mailing,H.No. 67 Shan Marg,,CACHAR,ASSAM,788123,India,True,2020-03-19,
ADDR00007489,CUST00005975,Permanent,65 Narain Circle,Near Bus Stand,BALLARI,KARNATAKA,583112,India,True,2026-02-13,
ADDR00007490,CUST00005976,Office,90/92 Wason Nagar,,BAGALKOTE,KARNATAKA,587119,India,True,2002-01-07,
ADDR00007491,CUST00005976,Home,H.No. 196 Keer Nagar,Floor 4,NAGPUR,MAHARASHTRA,441201,India,False,2025-06-01,2026-05-30
ADDR00007492,CUST00005977,Home,H.No. 62 Gupta Zila,Apartment 358,PATHANKOT,PUNJAB,145027,India,True,2024-08-25,
ADDR00007493,CUST00005977,Mailing,16 Dyal Road,Near Bus Stand,GONDA,UTTAR PRADESH,271123,India,False,2025-03-01,2025-06-07
ADDR00007494,CUST00005978,Permanent,H.No. 19 Ramachandran Street,Apartment 10,KHORDHA,ODISHA,751021,India,True,2008-05-31,
ADDR00007495,CUST00005978,Home,H.No. 20 Cherian Path,,NALGONDA,TELANGANA,508355,India,False,2012-03-18,2013-03-27
ADDR00007496,CUST00005979,Home,H.No. 79 Johal Ganj,Suite 47,THANE,MAHARASHTRA,421502,India,True,2016-01-29,
ADDR00007497,CUST00005980,Mailing,361 Dixit Marg,Near Bus Stand,South East,DELHI,110024,India,True,2020-11-13,
ADDR00007498,CUST00005981,Office,816 Warrior,Suite 29,DATIA,MADHYA PRADESH,475671,India,True,2026-03-13,
ADDR00007499,CUST00005982,Home,04/339 Contractor Nagar,Flat 278,MEERUT,UTTAR PRADESH,250104,India,True,2017-06-23,
ADDR00007500,CUST00005983,Permanent,H.No. 31 Dewan Marg,Floor 13,BHADRADRI KOTHAGUDEM,TELANGANA,507133,India,True,2024-12-13,
ADDR00007501,CUST00005984,Office,41/843 Chana Path,,HAVERI,KARNATAKA,581112,India,True,2017-02-18,
ADDR00007502,CUST00005985,Home,27 Panchal Circle,Suite 19,THRISSUR,KERALA,680309,India,True,2024-07-11,
ADDR00007503,CUST00005986,Office,92/691 Verma Marg,,SANGLI,MAHARASHTRA,416308,India,True,2004-05-12,
ADDR00007504,CUST00005986,Permanent,H.No. 92 Kamdar Street,,GOLAGHAT,ASSAM,785705,India,False,2005-08-08,2008-08-30
ADDR00007505,CUST00005987,Office,H.No. 30 Garde Chowk,Floor 18,BARMER,RAJASTHAN,344001,India,True,2017-10-19,
ADDR00007506,CUST00005988,Permanent,36 Jha Ganj,,HOSHIARPUR,PUNJAB,144209,India,True,2007-11-11,
ADDR00007507,CUST00005988,Office,H.No. 951 Natt Marg,Floor 13,AMRELI,GUJARAT,365555,India,False,2015-10-13,2021-09-08
ADDR00007508,CUST00005989,Home,H.No. 92 Mammen Street,,SURENDRANAGAR,GUJARAT,363001,India,True,2019-12-27,
ADDR00007509,CUST00005990,Home,865 Mutti Chowk,Near Bus Stand,BEGUSARAI,BIHAR,851112,India,True,2022-08-13,
ADDR00007510,CUST00005991,Home,H.No. 48 Minhas Nagar,Flat 142,KARNAL,HARYANA,132046,India,True,2020-11-26,
ADDR00007511,CUST00005992,Mailing,07/41 Murty Chowk,Apartment 22,AZAMGARH,UTTAR PRADESH,276127,India,True,2025-08-16,
ADDR00007512,CUST00005993,Office,H.No. 97 Parsa Nagar,Apartment 436,ANANTAPUR,ANDHRA PRADESH,515867,India,True,2023-05-14,
ADDR00007513,CUST00005994,Permanent,38/293 Ramesh,Near Bus Stand,NAGAON,ASSAM,782102,India,True,2014-09-23,
ADDR00007514,CUST00005994,Permanent,30/258 Gupta Ganj,,MAYILADUTHURAI,TAMIL NADU,609808,India,False,2013-04-20,2014-12-13
ADDR00007515,CUST00005995,Home,H.No. 06 Pau Zila,,ARARIA,BIHAR,854312,India,True,2008-10-17,
ADDR00007516,CUST00005995,Office,189 Lad Marg,Suite 28,VIRUDHUNAGAR,TAMIL NADU,626107,India,False,2004-09-27,2014-12-26
ADDR00007517,CUST00005996,Permanent,18/11 Rau Road,Flat 117,AZAMGARH,UTTAR PRADESH,276141,India,True,2026-06-24,
ADDR00007518,CUST00005997,Permanent,78/296 Suri Marg,,NALBARI,ASSAM,781126,India,True,2014-05-15,
ADDR00007519,CUST00005998,Permanent,H.No. 18 Sankaran Street,Near Bus Stand,GAJAPATI,ODISHA,761213,India,True,2025-12-16,
ADDR00007520,CUST00005999,Office,H.No. 24 Mitter Marg,Flat 244,DHAMTARI,CHHATTISGARH,492109,India,True,1995-07-06,
ADDR00007521,CUST00006000,Office,61 Reddy Zila,Opposite City Mall,SUNDARGARH,ODISHA,769004,India,True,2020-11-13,
