customer_id,first_name,last_name,dob,gender,email,phone,occupation,annual_income,customer_since,risk_rating,customer_status,created_at,updated_at,source_system
CUST00005001,Oeshi,Mani,1965-03-01,Non-Binary,oeshi.mani527@outlook.com,+919271532481,English as a second language teacher,500000.0,2018-02-22,High,Active,2026-08-03 12:12:08.838373,2026-08-03 12:12:08.838373,Enterprise System
CUST00005002,Sachi,Shanker,1981-07-26,Non-Binary,sachi.shanker846@hotmail.com,+919619662367,Structural engineer,500000.0,2014-08-18,High,Dormant,2026-08-03 12:12:08.838373,2026-08-03 12:12:08.838373,Enterprise System
CUST00005003,Harinakshi,Sarin,2006-11-01,Female,harinakshi.sarin672@hotmail.com,+919016139028,Building surveyor,500000.0,2025-04-20,High,Active,2026-08-03 12:12:08.838373,2026-08-03 12:12:08.838373,Enterprise System
CUST00005004,Unni,Lalla,1958-12-25,Female,unni.lalla817@gmail.com,+919757049910,Public librarian,300000.0,2021-08-02,High,Active,2026-08-03 12:12:08.838373,2026-08-03 12:12:08.838373,Enterprise System
CUST00005005,Chakradev,Kurian,1953-04-09,Female,chakradev.kurian945@outlook.com,+919370355299,Seismic interpreter,800000.0,1982-02-02,Medium,Active,2026-08-03 12:12:08.838373,2026-08-03 12:12:08.838373,Enterprise System
CUST00005006,Krishna,Dash,1954-11-30,Male,krishna.dash799@yahoo.com,+919552878580,Maintenance engineer,800000.0,2019-11-12,Medium,Active,2026-08-03 12:12:08.838373,2026-08-03 12:12:08.838373,Enterprise System
CUST00005007,Jhalak,Peri,1987-08-14,Female,jhalak.peri755@hotmail.com,+919944975096,Estate agent,300000.0,2013-06-14,High,Blocked,2026-08-03 12:12:08.838373,2026-08-03 12:12:08.838373,Enterprise System
CUST00005008,Mitali,Sengupta,1977-12-25,Female,mitali.sengupta838@outlook.com,+919082212765,"Designer, ceramics/pottery",500000.0,1997-09-02,High,Active,2026-08-03 12:12:08.838373,2026-08-03 12:12:08.838373,Enterprise System
CUST00005009,Ansh,Natt,1962-08-15,Prefer Not to Say,ansh.natt759@yahoo.com,+919641906243,Geoscientist,300000.0,2002-05-07,High,Active,2026-08-03 12:12:08.838373,2026-08-03 12:12:08.838373,Enterprise System
CUST00005010,Abhiram,Gera,1995-09-18,Non-Binary,abhiram.gera591@gmail.com,+919599655235,"Buyer, retail",500000.0,2021-01-06,High,Active,2026-08-03 12:12:08.838373,2026-08-03 12:12:08.838373,Enterprise System
CUST00005011,Abha,Andra,1958-01-02,Female,abha.andra888@outlook.com,+919722286615,"Teacher, primary school",300000.0,1987-01-03,High,Active,2026-08-03 12:12:08.838373,2026-08-03 12:12:08.838373,Enterprise System
CUST00005012,Rachita,Sani,1954-07-22,Prefer Not to Say,rachita.sani663@yahoo.com,+919120826384,Personnel officer,800000.0,2007-08-23,Medium,Closed,2026-08-03 12:12:08.838373,2026-08-03 12:12:08.838373,Enterprise System
CUST00005013,Ekantika,Kapur,1961-10-06,Prefer Not to Say,ekantika.kapur156@outlook.com,+919275181758,"Surveyor, building control",2000000.0,1999-12-28,Low,Active,2026-08-03 12:12:08.838373,2026-08-03 12:12:08.838373,Enterprise System
CUST00005014,Isha,Hayer,1970-10-27,Non-Binary,isha.hayer947@outlook.com,+919073774905,Industrial buyer,500000.0,1989-03-15,High,Blocked,2026-08-03 12:12:08.838373,2026-08-03 12:12:08.838373,Enterprise System
CUST00005015,Dhruv,Loyal,1965-04-04,Male,dhruv.loyal185@yahoo.com,+919114244946,"Designer, television/film set",500000.0,2014-02-03,High,Blocked,2026-08-03 12:12:08.838373,2026-08-03 12:12:08.838373,Enterprise System
CUST00005016,Kevin,Deo,1951-10-26,Female,kevin.deo136@yahoo.com,+919542255298,Plant breeder/geneticist,300000.0,1988-08-24,High,Active,2026-08-03 12:12:08.838373,2026-08-03 12:12:08.838373,Enterprise System
CUST00005017,Mekhala,Prakash,1982-09-26,Prefer Not to Say,mekhala.prakash142@yahoo.com,+919985660159,"Teacher, adult education",500000.0,2003-06-20,High,Dormant,2026-08-03 12:12:08.838373,2026-08-03 12:12:08.838373,Enterprise System
CUST00005018,Niharika,Doshi,1956-08-26,Prefer Not to Say,niharika.doshi278@outlook.com,+919640495951,"Radiographer, diagnostic",800000.0,2008-02-11,Medium,Active,2026-08-03 12:12:08.838373,2026-08-03 12:12:08.838373,Enterprise System
CUST00005019,Chaaya,Sood,1968-01-28,Prefer Not to Say,chaaya.sood755@yahoo.com,+919531581730,Insurance claims handler,1200000.0,2020-05-26,Medium,Active,2026-08-03 12:12:08.838373,2026-08-03 12:12:08.838373,Enterprise System
CUST00005020,Mason,Soman,1993-06-20,Non-Binary,mason.soman368@yahoo.com,+919762494626,Advertising account planner,300000.0,2020-12-31,High,Active,2026-08-03 12:12:08.838373,2026-08-03 12:12:08.838373,Enterprise System
CUST00005021,Gavin,Gole,1980-12-06,Male,gavin.gole703@yahoo.com,+919946946127,Location manager,800000.0,2026-01-07,Medium,Active,2026-08-03 12:12:08.838373,2026-08-03 12:12:08.838373,Enterprise System
CUST00005022,Azad,Ghosh,1963-08-18,Female,azad.ghosh429@gmail.com,+919046681476,Consulting civil engineer,1200000.0,1996-02-10,Medium,Active,2026-08-03 12:12:08.838373,2026-08-03 12:12:08.838373,Enterprise System
CUST00005023,Alka,Memon,1961-12-10,Female,alka.memon871@gmail.com,+919544975982,Nutritional therapist,500000.0,2001-03-07,High,Active,2026-08-03 12:12:08.838373,2026-08-03 12:12:08.838373,Enterprise System
CUST00005024,Mohammed,Sahni,1954-12-27,Prefer Not to Say,mohammed.sahni164@hotmail.com,+919258985517,Retail banker,1200000.0,2015-01-05,Medium,Dormant,2026-08-03 12:12:08.838373,2026-08-03 12:12:08.838373,Enterprise System
CUST00005025,Ati,Chanda,1983-12-13,Non-Binary,ati.chanda946@outlook.com,+919796848334,"Social research officer, government",500000.0,2022-07-31,High,Active,2026-08-03 12:12:08.838373,2026-08-03 12:12:08.838373,Enterprise System
CUST00005026,Urvi,Madan,1960-08-16,Non-Binary,urvi.madan857@outlook.com,+919175854049,Ergonomist,300000.0,1993-07-07,High,Active,2026-08-03 12:12:08.838373,2026-08-03 12:12:08.838373,Enterprise System
CUST00005027,Libni,Lalla,1963-01-04,Male,libni.lalla260@outlook.com,+919292377584,Environmental consultant,2000000.0,1991-12-09,Low,Active,2026-08-03 12:12:08.838373,2026-08-03 12:12:08.838373,Enterprise System
CUST00005028,Harinakshi,Anand,1965-10-01,Male,harinakshi.anand95@gmail.com,+919837035216,Health visitor,800000.0,2008-03-08,Medium,Active,2026-08-03 12:12:08.838373,2026-08-03 12:12:08.838373,Enterprise System
CUST00005029,Neel,Raman,1994-11-05,Non-Binary,neel.raman59@outlook.com,+919986536725,"Social research officer, government",2000000.0,2019-08-06,Low,Active,2026-08-03 12:12:08.838373,2026-08-03 12:12:08.838373,Enterprise System
CUST00005030,Gopal,Loke,1950-09-23,Male,gopal.loke855@gmail.com,+919954393961,Tax inspector,300000.0,1987-06-12,High,Active,2026-08-03 12:12:08.838373,2026-08-03 12:12:08.838373,Enterprise System
CUST00005031,Laksh,Sahota,1946-03-30,Male,laksh.sahota930@outlook.com,+919238368698,Government social research officer,300000.0,2004-04-11,High,Dormant,2026-08-03 12:12:08.839963,2026-08-03 12:12:08.839963,Enterprise System
CUST00005032,Kashvi,Jha,2003-06-11,Female,kashvi.jha119@hotmail.com,+919391341083,Glass blower/designer,500000.0,2021-11-30,High,Active,2026-08-03 12:12:08.839963,2026-08-03 12:12:08.839963,Enterprise System
CUST00005033,Abha,Basak,1956-06-03,Male,abha.basak114@yahoo.com,+919086935715,Research scientist (maths),300000.0,2023-11-14,High,Active,2026-08-03 12:12:08.839963,2026-08-03 12:12:08.839963,Enterprise System
CUST00005034,Nathaniel,Sane,2005-10-25,Prefer Not to Say,nathaniel.sane294@gmail.com,+919561274201,Medical sales representative,3500000.0,2025-11-04,Low,Active,2026-08-03 12:12:08.839963,2026-08-03 12:12:08.839963,Enterprise System
CUST00005035,Vrinda,Krishna,2008-05-23,Male,vrinda.krishna127@yahoo.com,+919187689500,Technical brewer,300000.0,2026-07-26,High,Active,2026-08-03 12:12:08.839963,2026-08-03 12:12:08.839963,Enterprise System
CUST00005036,Teerth,Dayal,1989-08-15,Male,teerth.dayal786@hotmail.com,+919684688740,Curator,800000.0,2011-05-25,Medium,Blocked,2026-08-03 12:12:08.839963,2026-08-03 12:12:08.839963,Enterprise System
CUST00005037,Wishi,Patla,2002-07-11,Non-Binary,wishi.patla929@yahoo.com,+919249716825,Ship broker,500000.0,2021-09-29,High,Active,2026-08-03 12:12:08.839963,2026-08-03 12:12:08.839963,Enterprise System
CUST00005038,Vritti,Subramaniam,1990-04-15,Non-Binary,vritti.subramaniam27@gmail.com,+919132850673,Arts development officer,500000.0,2014-05-24,High,Active,2026-08-03 12:12:08.839963,2026-08-03 12:12:08.839963,Enterprise System
CUST00005039,Zehaan,Kota,1975-07-28,Female,zehaan.kota402@outlook.com,+919692384731,Fisheries officer,300000.0,2014-06-10,High,Active,2026-08-03 12:12:08.839963,2026-08-03 12:12:08.839963,Enterprise System
CUST00005040,Gavin,Chanda,1993-01-19,Male,gavin.chanda688@hotmail.com,+919470415971,Commercial horticulturist,500000.0,2025-02-26,High,Active,2026-08-03 12:12:08.839963,2026-08-03 12:12:08.839963,Enterprise System
CUST00005041,Charan,Jaggi,1963-10-20,Female,charan.jaggi943@yahoo.com,+919233544919,Housing manager/officer,800000.0,2020-03-27,Medium,Active,2026-08-03 12:12:08.839963,2026-08-03 12:12:08.839963,Enterprise System
CUST00005042,Dakshesh,Edwin,1989-06-05,Male,dakshesh.edwin95@yahoo.com,+919370301362,"Teacher, early years/pre",5000000.0,2010-01-24,Low,Active,2026-08-03 12:12:08.839963,2026-08-03 12:12:08.839963,Enterprise System
CUST00005043,Caleb,Garde,2002-12-01,Non-Binary,caleb.garde19@gmail.com,+919333412855,Architectural technologist,300000.0,2021-03-09,High,Active,2026-08-03 12:12:08.839963,2026-08-03 12:12:08.839963,Enterprise System
CUST00005044,Dev,Narayanan,1973-07-01,Female,dev.narayanan654@outlook.com,+919290520578,Curator,300000.0,2011-07-13,High,Dormant,2026-08-03 12:12:08.839963,2026-08-03 12:12:08.839963,Enterprise System
CUST00005045,Aryan,Doctor,1976-02-20,Female,aryan.doctor514@hotmail.com,+919027923962,Set designer,2000000.0,2001-04-25,Low,Active,2026-08-03 12:12:08.839963,2026-08-03 12:12:08.839963,Enterprise System
CUST00005046,Neel,Verma,1961-06-04,Non-Binary,neel.verma102@outlook.com,+919943201200,Water engineer,3500000.0,1987-04-20,Low,Active,2026-08-03 12:12:08.839963,2026-08-03 12:12:08.839963,Enterprise System
CUST00005047,Oni,Sangha,1986-10-30,Male,oni.sangha140@hotmail.com,+919487494206,Gaffer,1200000.0,2020-10-28,Medium,Active,2026-08-03 12:12:08.839963,2026-08-03 12:12:08.839963,Enterprise System
CUST00005048,Harrison,Chawla,1953-02-23,Prefer Not to Say,harrison.chawla39@hotmail.com,+919016608197,Television/film/video producer,300000.0,1989-05-31,High,Active,2026-08-03 12:12:08.839963,2026-08-03 12:12:08.839963,Enterprise System
CUST00005049,Jack,Bhatia,1963-12-15,Prefer Not to Say,jack.bhatia864@hotmail.com,+919687126107,Historic buildings inspector/conservation officer,800000.0,2011-06-29,Medium,Dormant,2026-08-03 12:12:08.839963,2026-08-03 12:12:08.839963,Enterprise System
CUST00005050,Arin,Mittal,1971-08-02,Non-Binary,arin.mittal502@outlook.com,+919158687036,"Surveyor, minerals",500000.0,2024-03-20,High,Active,2026-08-03 12:12:08.839963,2026-08-03 12:12:08.839963,Enterprise System
CUST00005051,Bishakha,Walla,2001-02-04,Male,bishakha.walla514@hotmail.com,+919851391689,Community pharmacist,800000.0,2019-01-31,Medium,Active,2026-08-03 12:12:08.839963,2026-08-03 12:12:08.839963,Enterprise System
CUST00005052,Ira,Dar,1977-06-03,Female,ira.dar699@hotmail.com,+919951435705,Careers adviser,3500000.0,2019-04-26,Low,Active,2026-08-03 12:12:08.839963,2026-08-03 12:12:08.839963,Enterprise System
CUST00005053,Rajeshri,Kakar,1983-06-16,Prefer Not to Say,rajeshri.kakar544@yahoo.com,+919644075294,"Surveyor, building control",300000.0,2023-08-08,High,Dormant,2026-08-03 12:12:08.841011,2026-08-03 12:12:08.841011,Enterprise System
CUST00005054,Fariq,Pillay,2007-04-11,Prefer Not to Say,fariq.pillay447@outlook.com,+919763129472,Forensic scientist,800000.0,2026-06-12,Medium,Active,2026-08-03 12:12:08.841011,2026-08-03 12:12:08.841011,Enterprise System
CUST00005055,Vrishti,Minhas,1995-06-30,Non-Binary,vrishti.minhas996@hotmail.com,+919359246287,Biomedical scientist,300000.0,2020-12-16,High,Active,2026-08-03 12:12:08.841011,2026-08-03 12:12:08.841011,Enterprise System
CUST00005056,Isha,Bal,1981-09-14,Female,isha.bal384@gmail.com,+919295662006,Surgeon,3500000.0,2001-08-21,Low,Active,2026-08-03 12:12:08.841011,2026-08-03 12:12:08.841011,Enterprise System
CUST00005057,Onkar,Dua,1950-01-25,Female,onkar.dua415@gmail.com,+919517986529,"Engineer, civil (consulting)",300000.0,1982-05-19,High,Active,2026-08-03 12:12:08.841011,2026-08-03 12:12:08.841011,Enterprise System
CUST00005058,Manya,Khatri,1960-05-30,Non-Binary,manya.khatri748@hotmail.com,+919951264082,"Designer, fashion/clothing",300000.0,2020-03-02,High,Active,2026-08-03 12:12:08.841011,2026-08-03 12:12:08.841011,Enterprise System
CUST00005059,Anvi,Lad,1948-04-13,Prefer Not to Say,anvi.lad710@yahoo.com,+919921188179,Press sub,500000.0,2011-12-18,High,Dormant,2026-08-03 12:12:08.841011,2026-08-03 12:12:08.841011,Enterprise System
CUST00005060,Hema,Sengupta,1963-11-23,Male,hema.sengupta621@outlook.com,+919168511250,"Librarian, academic",300000.0,1995-01-21,High,Active,2026-08-03 12:12:08.841011,2026-08-03 12:12:08.841011,Enterprise System
CUST00005061,Riya,Gill,1975-09-08,Female,riya.gill21@yahoo.com,+919156843497,Clinical research associate,300000.0,2003-06-25,High,Active,2026-08-03 12:12:08.841011,2026-08-03 12:12:08.841011,Enterprise System
CUST00005062,George,Pall,1973-02-03,Prefer Not to Say,george.pall227@outlook.com,+919334099495,Personnel officer,300000.0,2021-08-26,High,Active,2026-08-03 12:12:08.841011,2026-08-03 12:12:08.841011,Enterprise System
CUST00005063,Nidhi,Banerjee,1966-11-11,Prefer Not to Say,nidhi.banerjee93@yahoo.com,+919842489243,Licensed conveyancer,2000000.0,2021-03-27,Low,Active,2026-08-03 12:12:08.841011,2026-08-03 12:12:08.841011,Enterprise System
CUST00005064,Andrew,Baria,1973-04-20,Female,andrew.baria59@yahoo.com,+919386619397,Microbiologist,300000.0,2003-02-27,High,Active,2026-08-03 12:12:08.841011,2026-08-03 12:12:08.841011,Enterprise System
CUST00005065,Aarush,Mangal,1955-11-12,Prefer Not to Say,aarush.mangal677@yahoo.com,+919944392747,Consulting civil engineer,300000.0,2017-04-24,High,Blocked,2026-08-03 12:12:08.841011,2026-08-03 12:12:08.841011,Enterprise System
CUST00005066,Tristan,Sur,1986-05-31,Male,tristan.sur546@gmail.com,+919733842966,Electrical engineer,800000.0,2005-05-30,Medium,Active,2026-08-03 12:12:08.841011,2026-08-03 12:12:08.841011,Enterprise System
CUST00005067,Yachana,Raj,1985-03-22,Female,yachana.raj395@yahoo.com,+919081703539,Hotel manager,3500000.0,2007-10-02,Low,Active,2026-08-03 12:12:08.841011,2026-08-03 12:12:08.841011,Enterprise System
CUST00005068,Oliver,Datta,1987-08-06,Male,oliver.datta384@outlook.com,+919379786064,Child psychotherapist,800000.0,2014-02-24,Medium,Active,2026-08-03 12:12:08.841011,2026-08-03 12:12:08.841011,Enterprise System
CUST00005069,Wridesh,Borra,1962-06-03,Male,wridesh.borra611@hotmail.com,+919695698519,Clinical embryologist,500000.0,1982-06-12,High,Active,2026-08-03 12:12:08.841011,2026-08-03 12:12:08.841011,Enterprise System
CUST00005070,Jackson,Deshpande,1971-07-17,Non-Binary,jackson.deshpande651@outlook.com,+919723510720,Technical brewer,1200000.0,2013-01-29,Medium,Active,2026-08-03 12:12:08.841011,2026-08-03 12:12:08.841011,Enterprise System
CUST00005071,Viraj,Parekh,1981-12-09,Female,viraj.parekh575@outlook.com,+919257975934,"Programmer, multimedia",800000.0,2025-05-23,Medium,Blocked,2026-08-03 12:12:08.841011,2026-08-03 12:12:08.841011,Enterprise System
CUST00005072,Baljiwan,Srinivasan,2005-03-07,Female,baljiwan.srinivasan245@outlook.com,+919964172185,Artist,500000.0,2025-10-25,High,Dormant,2026-08-03 12:12:08.841011,2026-08-03 12:12:08.841011,Enterprise System
CUST00005073,Benjamin,Gera,1975-12-28,Male,benjamin.gera66@outlook.com,+919750298619,Public house manager,300000.0,2022-08-31,High,Dormant,2026-08-03 12:12:08.841011,2026-08-03 12:12:08.841011,Enterprise System
CUST00005074,Samaksh,Shan,1971-09-30,Prefer Not to Say,samaksh.shan955@yahoo.com,+919212582686,Legal secretary,500000.0,1994-04-23,High,Active,2026-08-03 12:12:08.841011,2026-08-03 12:12:08.841011,Enterprise System
CUST00005075,Vrishti,Dubey,1980-07-30,Female,vrishti.dubey957@outlook.com,+919784697051,Technical sales engineer,300000.0,2010-11-28,High,Active,2026-08-03 12:12:08.841011,2026-08-03 12:12:08.841011,Enterprise System
CUST00005076,Arunima,Bala,1950-01-30,Male,arunima.bala531@outlook.com,+919962670571,"Programme researcher, broadcasting/film/video",800000.0,2002-03-10,Medium,Blocked,2026-08-03 12:12:08.841011,2026-08-03 12:12:08.841011,Enterprise System
CUST00005077,Baljiwan,Morar,1982-09-04,Female,baljiwan.morar388@hotmail.com,+919041367033,Veterinary surgeon,300000.0,2017-05-15,High,Active,2026-08-03 12:12:08.842073,2026-08-03 12:12:08.842073,Enterprise System
CUST00005078,Rudra,Sengupta,1950-05-29,Prefer Not to Say,rudra.sengupta335@outlook.com,+919986814290,Patent examiner,3500000.0,1989-05-27,Low,Active,2026-08-03 12:12:08.842073,2026-08-03 12:12:08.842073,Enterprise System
CUST00005079,Guneet,Saxena,1976-03-17,Non-Binary,guneet.saxena194@outlook.com,+919945246474,"Lighting technician, broadcasting/film/video",800000.0,2012-04-01,Medium,Dormant,2026-08-03 12:12:08.842073,2026-08-03 12:12:08.842073,Enterprise System
CUST00005080,Robert,Kulkarni,2006-03-06,Female,robert.kulkarni188@hotmail.com,+919612001456,Museum/gallery curator,800000.0,2025-03-24,Medium,Active,2026-08-03 12:12:08.842073,2026-08-03 12:12:08.842073,Enterprise System
CUST00005081,Rajata,Wason,2001-04-09,Female,rajata.wason48@yahoo.com,+919622903497,"Copywriter, advertising",500000.0,2020-07-01,High,Active,2026-08-03 12:12:08.842073,2026-08-03 12:12:08.842073,Enterprise System
CUST00005082,Meghana,Rattan,1990-05-15,Female,meghana.rattan289@gmail.com,+919981400067,"Research officer, political party",1200000.0,2020-02-09,Medium,Closed,2026-08-03 12:12:08.842073,2026-08-03 12:12:08.842073,Enterprise System
CUST00005083,Bhavani,Saraf,1973-11-14,Female,bhavani.saraf834@gmail.com,+919799042141,Retail merchandiser,5000000.0,2016-10-28,Low,Blocked,2026-08-03 12:12:08.842073,2026-08-03 12:12:08.842073,Enterprise System
CUST00005084,Mitesh,Prasad,2007-07-03,Male,mitesh.prasad378@hotmail.com,+919819978718,Product/process development scientist,800000.0,2025-06-28,Medium,Active,2026-08-03 12:12:08.842073,2026-08-03 12:12:08.842073,Enterprise System
CUST00005085,Charvi,Devi,1956-04-12,Prefer Not to Say,charvi.devi649@gmail.com,+919133271111,Water engineer,300000.0,2001-11-03,High,Active,2026-08-03 12:12:08.842073,2026-08-03 12:12:08.842073,Enterprise System
CUST00005086,Caleb,Memon,1949-08-20,Non-Binary,caleb.memon92@hotmail.com,+919696334840,Dispensing optician,300000.0,1980-11-24,High,Active,2026-08-03 12:12:08.842073,2026-08-03 12:12:08.842073,Enterprise System
CUST00005087,Barkha,Dar,1986-07-31,Female,barkha.dar838@outlook.com,+919881246256,"Physicist, medical",2000000.0,2013-06-28,Low,Active,2026-08-03 12:12:08.842073,2026-08-03 12:12:08.842073,Enterprise System
CUST00005088,Ekbal,Mohanty,1949-01-30,Male,ekbal.mohanty37@gmail.com,+919981358047,Multimedia specialist,2000000.0,2012-07-29,Low,Blocked,2026-08-03 12:12:08.842073,2026-08-03 12:12:08.842073,Enterprise System
CUST00005089,Shivani,Mandal,1950-07-11,Female,shivani.mandal900@hotmail.com,+919048169300,Medical secretary,1200000.0,1974-03-08,Medium,Active,2026-08-03 12:12:08.842073,2026-08-03 12:12:08.842073,Enterprise System
CUST00005090,Fiyaz,Sarraf,1986-10-06,Non-Binary,fiyaz.sarraf432@yahoo.com,+919818526085,Actuary,1200000.0,2025-01-02,Medium,Dormant,2026-08-03 12:12:08.842073,2026-08-03 12:12:08.842073,Enterprise System
CUST00005091,Yamini,Hayre,2002-03-28,Non-Binary,yamini.hayre641@outlook.com,+919954727927,Press photographer,1200000.0,2024-09-29,Medium,Active,2026-08-03 12:12:08.842073,2026-08-03 12:12:08.842073,Enterprise System
CUST00005092,Dalbir,Ganguly,1946-12-03,Non-Binary,dalbir.ganguly952@gmail.com,+919780360488,Statistician,500000.0,1982-02-16,High,Blocked,2026-08-03 12:12:08.842073,2026-08-03 12:12:08.842073,Enterprise System
CUST00005093,Ikshita,Srinivasan,1980-01-23,Non-Binary,ikshita.srinivasan932@hotmail.com,+919217598088,Science writer,300000.0,2007-02-02,High,Active,2026-08-03 12:12:08.842073,2026-08-03 12:12:08.842073,Enterprise System
CUST00005094,Wakeeta,Kant,1961-12-31,Female,wakeeta.kant860@yahoo.com,+919013541516,Editorial assistant,300000.0,2007-01-11,High,Active,2026-08-03 12:12:08.842073,2026-08-03 12:12:08.842073,Enterprise System
CUST00005095,Tanvi,Chana,1968-03-05,Non-Binary,tanvi.chana591@yahoo.com,+919989030520,Financial controller,500000.0,1988-01-10,High,Active,2026-08-03 12:12:08.842073,2026-08-03 12:12:08.842073,Enterprise System
CUST00005096,Yashodhara,Thaman,1956-08-19,Prefer Not to Say,yashodhara.thaman417@yahoo.com,+919277862523,"Engineer, automotive",800000.0,2019-08-11,Medium,Active,2026-08-03 12:12:08.842073,2026-08-03 12:12:08.842073,Enterprise System
CUST00005097,Dakshesh,Mannan,2003-10-01,Female,dakshesh.mannan718@outlook.com,+919265087177,"Teacher, English as a foreign language",2000000.0,2025-03-06,Low,Dormant,2026-08-03 12:12:08.842073,2026-08-03 12:12:08.842073,Enterprise System
CUST00005098,Tara,Krishna,1961-10-27,Female,tara.krishna488@hotmail.com,+919325923714,Psychiatric nurse,300000.0,2002-10-01,High,Closed,2026-08-03 12:12:08.842073,2026-08-03 12:12:08.842073,Enterprise System
CUST00005099,Garima,Brar,2000-12-22,Female,garima.brar115@hotmail.com,+919663991092,Furniture conservator/restorer,500000.0,2025-03-01,High,Active,2026-08-03 12:12:08.842073,2026-08-03 12:12:08.842073,Enterprise System
CUST00005100,Isaac,Bera,1981-10-27,Non-Binary,isaac.bera764@yahoo.com,+919086285683,Drilling engineer,3500000.0,2001-12-05,Low,Active,2026-08-03 12:12:08.843059,2026-08-03 12:12:08.843059,Enterprise System
CUST00005101,Peter,Chatterjee,1990-12-14,Non-Binary,peter.chatterjee231@yahoo.com,+919894375672,Musician,300000.0,2013-06-19,High,Active,2026-08-03 12:12:08.843059,2026-08-03 12:12:08.843059,Enterprise System
CUST00005102,Gayathri,Warrior,1992-01-23,Male,gayathri.warrior931@outlook.com,+919013055800,"Therapist, drama",300000.0,2019-02-10,High,Active,2026-08-03 12:12:08.843059,2026-08-03 12:12:08.843059,Enterprise System
CUST00005103,Advik,Prasad,1961-05-05,Prefer Not to Say,advik.prasad453@outlook.com,+919168345202,"Scientist, product/process development",300000.0,2005-12-18,High,Active,2026-08-03 12:12:08.843059,2026-08-03 12:12:08.843059,Enterprise System
CUST00005104,Karan,Chaudhuri,1986-02-25,Female,karan.chaudhuri406@gmail.com,+919485773435,"Engineer, production",1200000.0,2019-10-05,Medium,Active,2026-08-03 12:12:08.843059,2026-08-03 12:12:08.843059,Enterprise System
CUST00005105,Mekhala,Lata,1988-10-14,Male,mekhala.lata156@hotmail.com,+919799573004,Fashion designer,3500000.0,2026-05-31,Low,Dormant,2026-08-03 12:12:08.843059,2026-08-03 12:12:08.843059,Enterprise System
CUST00005106,Lohit,Chaudhuri,1951-06-28,Male,lohit.chaudhuri141@hotmail.com,+919561301325,"Designer, multimedia",300000.0,2015-11-19,High,Active,2026-08-03 12:12:08.843059,2026-08-03 12:12:08.843059,Enterprise System
CUST00005107,Warjas,Kala,1978-03-06,Non-Binary,warjas.kala934@hotmail.com,+919816537218,"Research officer, political party",500000.0,2008-04-29,High,Active,2026-08-03 12:12:08.843059,2026-08-03 12:12:08.843059,Enterprise System
CUST00005108,Praneel,Hayer,1961-10-29,Male,praneel.hayer549@gmail.com,+919080313635,Chief of Staff,300000.0,1991-04-26,High,Active,2026-08-03 12:12:08.843059,2026-08-03 12:12:08.843059,Enterprise System
CUST00005109,Netra,Mishra,1998-07-10,Female,netra.mishra733@hotmail.com,+919511873103,Bonds trader,2000000.0,2017-11-11,Low,Active,2026-08-03 12:12:08.843059,2026-08-03 12:12:08.843059,Enterprise System
CUST00005110,Sarthak,Gour,1996-06-22,Female,sarthak.gour910@gmail.com,+919814631295,"Engineer, civil (consulting)",500000.0,2019-07-27,High,Active,2026-08-03 12:12:08.843059,2026-08-03 12:12:08.843059,Enterprise System
CUST00005111,Oni,Sood,1970-05-18,Prefer Not to Say,oni.sood394@yahoo.com,+919662651014,Advertising account executive,3500000.0,2021-02-10,Low,Dormant,2026-08-03 12:12:08.843059,2026-08-03 12:12:08.843059,Enterprise System
CUST00005112,Watika,Barad,1956-05-18,Male,watika.barad554@gmail.com,+919126713079,"Conservation officer, historic buildings",300000.0,1984-09-04,High,Dormant,2026-08-03 12:12:08.843059,2026-08-03 12:12:08.843059,Enterprise System
CUST00005113,Maanas,Bumb,1980-11-02,Non-Binary,maanas.bumb652@yahoo.com,+919524351206,Colour technologist,500000.0,2005-06-27,High,Active,2026-08-03 12:12:08.843059,2026-08-03 12:12:08.843059,Enterprise System
CUST00005114,Manya,Dasgupta,1989-11-04,Male,manya.dasgupta648@hotmail.com,+919994618609,"Designer, fashion/clothing",300000.0,2025-11-16,High,Active,2026-08-03 12:12:08.843059,2026-08-03 12:12:08.843059,Enterprise System
CUST00005115,Kritika,Roy,1987-04-09,Female,kritika.roy143@outlook.com,+919390422806,"Therapist, nutritional",800000.0,2013-03-17,Medium,Active,2026-08-03 12:12:08.843059,2026-08-03 12:12:08.843059,Enterprise System
CUST00005116,Barkha,Walla,1976-08-27,Female,barkha.walla729@gmail.com,+919712296308,Estate agent,800000.0,2005-10-04,Medium,Active,2026-08-03 12:12:08.843059,2026-08-03 12:12:08.843059,Enterprise System
CUST00005117,Dev,Lalla,1958-06-13,Male,dev.lalla541@yahoo.com,+919788001180,Chiropodist,300000.0,1986-03-13,High,Active,2026-08-03 12:12:08.843059,2026-08-03 12:12:08.843059,Enterprise System
CUST00005118,Adweta,Brahmbhatt,1957-11-28,Male,adweta.brahmbhatt723@yahoo.com,+919880419341,Print production planner,300000.0,1988-04-30,High,Active,2026-08-03 12:12:08.843059,2026-08-03 12:12:08.843059,Enterprise System
CUST00005119,Simon,Aurora,1985-04-19,Male,simon.aurora650@yahoo.com,+919796777437,Contractor,1200000.0,2017-03-21,Medium,Active,2026-08-03 12:12:08.843059,2026-08-03 12:12:08.843059,Enterprise System
CUST00005120,Chakradhar,Krishna,1959-04-01,Prefer Not to Say,chakradhar.krishna704@yahoo.com,+919553485666,"Surveyor, land/geomatics",300000.0,1983-10-11,High,Active,2026-08-03 12:12:08.843059,2026-08-03 12:12:08.843059,Enterprise System
CUST00005121,Shravya,Choudhury,1962-08-05,Non-Binary,shravya.choudhury950@yahoo.com,+919250512176,Clinical embryologist,800000.0,1999-09-24,Medium,Active,2026-08-03 12:12:08.843059,2026-08-03 12:12:08.843059,Enterprise System
CUST00005122,Fiyaz,Wali,2004-07-24,Prefer Not to Say,fiyaz.wali763@yahoo.com,+919788889114,Event organiser,300000.0,2023-07-31,High,Active,2026-08-03 12:12:08.843059,2026-08-03 12:12:08.843059,Enterprise System
CUST00005123,Guneet,Doshi,2007-08-21,Non-Binary,guneet.doshi363@yahoo.com,+919814861728,Fashion designer,1200000.0,2026-04-30,Medium,Active,2026-08-03 12:12:08.843059,2026-08-03 12:12:08.843059,Enterprise System
CUST00005124,Karan,Chada,1970-08-30,Female,karan.chada625@hotmail.com,+919316747824,Amenity horticulturist,2000000.0,2017-05-17,Low,Active,2026-08-03 12:12:08.844059,2026-08-03 12:12:08.844059,Enterprise System
CUST00005125,Falan,Rege,1998-01-18,Female,falan.rege680@yahoo.com,+919426657333,Personnel officer,300000.0,2019-02-03,High,Active,2026-08-03 12:12:08.844059,2026-08-03 12:12:08.844059,Enterprise System
CUST00005126,Arjun,Ghose,1984-10-26,Male,arjun.ghose901@hotmail.com,+919860684527,Audiological scientist,500000.0,2012-02-26,High,Active,2026-08-03 12:12:08.844059,2026-08-03 12:12:08.844059,Enterprise System
CUST00005127,Eshana,Chakraborty,1985-02-13,Prefer Not to Say,eshana.chakraborty498@gmail.com,+919617006775,Farm manager,500000.0,2016-06-19,High,Active,2026-08-03 12:12:08.844059,2026-08-03 12:12:08.844059,Enterprise System
CUST00005128,Gopal,Kanda,2001-03-21,Male,gopal.kanda38@hotmail.com,+919133394216,Armed forces training and education officer,800000.0,2020-05-28,Medium,Active,2026-08-03 12:12:08.844059,2026-08-03 12:12:08.844059,Enterprise System
CUST00005129,Finn,Banik,1993-06-01,Prefer Not to Say,finn.banik754@gmail.com,+919493927558,Clothing/textile technologist,300000.0,2012-06-21,High,Active,2026-08-03 12:12:08.844059,2026-08-03 12:12:08.844059,Enterprise System
CUST00005130,Manbir,Rout,1992-02-26,Male,manbir.rout389@yahoo.com,+919155354455,Higher education careers adviser,2000000.0,2020-08-31,Low,Active,2026-08-03 12:12:08.844059,2026-08-03 12:12:08.844059,Enterprise System
CUST00005131,Widisha,Pandit,1989-04-04,Non-Binary,widisha.pandit981@outlook.com,+919993536969,Logistics and distribution manager,500000.0,2024-05-02,High,Dormant,2026-08-03 12:12:08.844059,2026-08-03 12:12:08.844059,Enterprise System
CUST00005132,Oviya,Oza,1997-10-29,Male,oviya.oza321@outlook.com,+919892807302,Bonds trader,500000.0,2016-10-11,High,Closed,2026-08-03 12:12:08.844059,2026-08-03 12:12:08.844059,Enterprise System
CUST00005133,Amruta,Mistry,1988-03-03,Non-Binary,amruta.mistry782@hotmail.com,+919770457009,Catering manager,500000.0,2011-01-29,High,Active,2026-08-03 12:12:08.844059,2026-08-03 12:12:08.844059,Enterprise System
CUST00005134,Gauri,Lata,1969-06-15,Male,gauri.lata411@gmail.com,+919759043638,"Lecturer, further education",500000.0,2026-07-06,High,Active,2026-08-03 12:12:08.844059,2026-08-03 12:12:08.844059,Enterprise System
CUST00005135,Henry,Doctor,1981-04-05,Female,henry.doctor482@gmail.com,+919320875362,Chemical engineer,500000.0,2002-08-18,High,Active,2026-08-03 12:12:08.844059,2026-08-03 12:12:08.844059,Enterprise System
CUST00005136,Yamini,Oak,2007-07-03,Non-Binary,yamini.oak135@hotmail.com,+919139490591,Research scientist (maths),1200000.0,2026-06-11,Medium,Active,2026-08-03 12:12:08.844059,2026-08-03 12:12:08.844059,Enterprise System
CUST00005137,Daksh,Rajan,1962-09-29,Male,daksh.rajan649@hotmail.com,+919610761944,Education administrator,500000.0,2022-12-30,High,Active,2026-08-03 12:12:08.844059,2026-08-03 12:12:08.844059,Enterprise System
CUST00005138,Hemani,Bala,1959-12-17,Male,hemani.bala392@yahoo.com,+919230681911,Systems developer,1200000.0,1999-03-17,Medium,Active,2026-08-03 12:12:08.844059,2026-08-03 12:12:08.844059,Enterprise System
CUST00005139,Aarini,Mann,1951-05-28,Female,aarini.mann860@gmail.com,+919138192087,Economist,2000000.0,2009-06-17,Low,Active,2026-08-03 12:12:08.844059,2026-08-03 12:12:08.844059,Enterprise System
CUST00005140,Varsha,Ray,1963-09-05,Female,varsha.ray601@yahoo.com,+919031413616,Risk analyst,800000.0,2013-07-02,Medium,Active,2026-08-03 12:12:08.844059,2026-08-03 12:12:08.844059,Enterprise System
CUST00005141,Saksham,Guha,2008-07-22,Prefer Not to Say,saksham.guha72@yahoo.com,+919771902455,Energy engineer,300000.0,2026-07-31,High,Active,2026-08-03 12:12:08.844059,2026-08-03 12:12:08.844059,Enterprise System
CUST00005142,Luke,Srivastava,1973-07-08,Male,luke.srivastava505@outlook.com,+919353006770,"Engineer, materials",500000.0,2014-12-30,High,Active,2026-08-03 12:12:08.844059,2026-08-03 12:12:08.844059,Enterprise System
CUST00005143,Caleb,Grewal,1978-01-02,Non-Binary,caleb.grewal753@yahoo.com,+919873559042,Museum/gallery exhibitions officer,300000.0,2010-03-14,High,Dormant,2026-08-03 12:12:08.844059,2026-08-03 12:12:08.844059,Enterprise System
CUST00005144,Jagat,Prakash,1956-04-08,Prefer Not to Say,jagat.prakash40@outlook.com,+919076002187,Clinical research associate,800000.0,1991-02-11,Medium,Active,2026-08-03 12:12:08.844059,2026-08-03 12:12:08.844059,Enterprise System
CUST00005145,Omisha,Kalita,2006-01-08,Male,omisha.kalita661@gmail.com,+919315660146,Chartered accountant,300000.0,2025-09-19,High,Active,2026-08-03 12:12:08.844059,2026-08-03 12:12:08.844059,Enterprise System
CUST00005146,Wishi,Tella,1969-08-20,Prefer Not to Say,wishi.tella686@hotmail.com,+919838568224,Information officer,800000.0,2022-11-29,Medium,Active,2026-08-03 12:12:08.844059,2026-08-03 12:12:08.844059,Enterprise System
CUST00005147,Ishita,Bassi,1989-09-30,Non-Binary,ishita.bassi40@yahoo.com,+919828579710,Equality and diversity officer,500000.0,2018-11-11,High,Active,2026-08-03 12:12:08.844059,2026-08-03 12:12:08.844059,Enterprise System
CUST00005148,Kashish,Aurora,1992-02-01,Female,kashish.aurora752@gmail.com,+919675585195,Health promotion specialist,500000.0,2020-10-07,High,Active,2026-08-03 12:12:08.845058,2026-08-03 12:12:08.845058,Enterprise System
CUST00005149,Raksha,Chada,1990-02-23,Non-Binary,raksha.chada176@yahoo.com,+919820284877,"Conservation officer, nature",500000.0,2011-11-22,High,Active,2026-08-03 12:12:08.845058,2026-08-03 12:12:08.845058,Enterprise System
CUST00005150,Arin,Malhotra,1962-08-06,Male,arin.malhotra347@gmail.com,+919373349088,Visual merchandiser,300000.0,1993-01-27,High,Active,2026-08-03 12:12:08.845058,2026-08-03 12:12:08.845058,Enterprise System
CUST00005151,Sachi,Sathe,1959-11-07,Prefer Not to Say,sachi.sathe269@gmail.com,+919938820087,"Presenter, broadcasting",500000.0,2014-09-08,High,Active,2026-08-03 12:12:08.845058,2026-08-03 12:12:08.845058,Enterprise System
CUST00005152,Rajeshri,Dewan,2001-07-20,Female,rajeshri.dewan15@outlook.com,+919819266697,Financial adviser,500000.0,2026-02-22,High,Active,2026-08-03 12:12:08.845058,2026-08-03 12:12:08.845058,Enterprise System
CUST00005153,Meghana,Brahmbhatt,1991-03-10,Female,meghana.brahmbhatt94@yahoo.com,+919479673185,Systems analyst,300000.0,2021-07-12,High,Active,2026-08-03 12:12:08.845058,2026-08-03 12:12:08.845058,Enterprise System
CUST00005154,Chakrika,Barad,1955-11-25,Prefer Not to Say,chakrika.barad7@outlook.com,+919864060270,"Editor, film/video",300000.0,2005-07-23,High,Active,2026-08-03 12:12:08.845058,2026-08-03 12:12:08.845058,Enterprise System
CUST00005155,Abhimanyu,Kala,1949-11-02,Prefer Not to Say,abhimanyu.kala660@gmail.com,+919413321081,Press photographer,300000.0,1977-03-09,High,Active,2026-08-03 12:12:08.845058,2026-08-03 12:12:08.845058,Enterprise System
CUST00005156,Zayan,Raja,1970-07-16,Non-Binary,zayan.raja87@gmail.com,+919580750403,Office manager,500000.0,2025-09-13,High,Dormant,2026-08-03 12:12:08.845058,2026-08-03 12:12:08.845058,Enterprise System
CUST00005157,Anvi,Suresh,1947-03-28,Male,anvi.suresh716@gmail.com,+919519662561,"Horticulturist, amenity",1200000.0,1968-07-15,Medium,Active,2026-08-03 12:12:08.845058,2026-08-03 12:12:08.845058,Enterprise System
CUST00005158,Tamanna,Chaudhry,1982-01-08,Female,tamanna.chaudhry18@yahoo.com,+919511597692,Wellsite geologist,1200000.0,2002-07-16,Medium,Active,2026-08-03 12:12:08.845058,2026-08-03 12:12:08.845058,Enterprise System
CUST00005159,Om,Bhatnagar,2007-05-17,Female,om.bhatnagar855@outlook.com,+919788747308,Personnel officer,300000.0,2025-10-27,High,Active,2026-08-03 12:12:08.845058,2026-08-03 12:12:08.845058,Enterprise System
CUST00005160,Anvi,Atwal,1998-06-09,Female,anvi.atwal153@hotmail.com,+919877021418,Exhibition designer,1200000.0,2025-11-05,Medium,Active,2026-08-03 12:12:08.845058,2026-08-03 12:12:08.845058,Enterprise System
CUST00005161,Frado,Apte,2008-07-17,Female,frado.apte695@hotmail.com,+919591414984,"Scientist, biomedical",300000.0,2026-07-13,High,Active,2026-08-03 12:12:08.845058,2026-08-03 12:12:08.845058,Enterprise System
CUST00005162,Urvashi,Rajagopalan,1964-09-15,Male,urvashi.rajagopalan494@gmail.com,+919654778649,"Nurse, children's",1200000.0,1998-12-30,Medium,Active,2026-08-03 12:12:08.845058,2026-08-03 12:12:08.845058,Enterprise System
CUST00005163,Dominic,Chad,1964-01-13,Non-Binary,dominic.chad912@yahoo.com,+919128843690,"Sound technician, broadcasting/film/video",1200000.0,1987-12-24,Medium,Active,2026-08-03 12:12:08.845058,2026-08-03 12:12:08.845058,Enterprise System
CUST00005164,Ekalinga,Venkatesh,1954-01-23,Male,ekalinga.venkatesh12@gmail.com,+919163875412,Multimedia programmer,500000.0,1985-09-19,High,Active,2026-08-03 12:12:08.845058,2026-08-03 12:12:08.845058,Enterprise System
CUST00005165,Chatresh,Krishna,1988-11-10,Non-Binary,chatresh.krishna226@outlook.com,+919648097725,Hydrogeologist,500000.0,2015-05-18,High,Active,2026-08-03 12:12:08.845058,2026-08-03 12:12:08.845058,Enterprise System
CUST00005166,Hredhaan,Bhatia,1980-10-29,Female,hredhaan.bhatia76@hotmail.com,+919747815852,Art therapist,500000.0,2008-09-18,High,Active,2026-08-03 12:12:08.845058,2026-08-03 12:12:08.845058,Enterprise System
CUST00005167,Hardik,Rege,1997-11-10,Male,hardik.rege480@hotmail.com,+919654123652,Sports development officer,300000.0,2017-07-11,High,Active,2026-08-03 12:12:08.845058,2026-08-03 12:12:08.845058,Enterprise System
CUST00005168,Sathvik,Dewan,1956-02-05,Prefer Not to Say,sathvik.dewan885@yahoo.com,+919992240816,"Presenter, broadcasting",300000.0,2023-10-21,High,Active,2026-08-03 12:12:08.845058,2026-08-03 12:12:08.845058,Enterprise System
CUST00005169,Balveer,Kakar,1958-05-18,Male,balveer.kakar529@hotmail.com,+919661434601,Armed forces operational officer,500000.0,2024-10-14,High,Active,2026-08-03 12:12:08.845058,2026-08-03 12:12:08.845058,Enterprise System
CUST00005170,Logan,Badal,1986-04-01,Prefer Not to Say,logan.badal82@yahoo.com,+919221575881,Chief Operating Officer,500000.0,2017-10-28,High,Blocked,2026-08-03 12:12:08.845058,2026-08-03 12:12:08.845058,Enterprise System
CUST00005171,Hardik,Wable,1996-11-13,Female,hardik.wable10@hotmail.com,+919946192191,Gaffer,300000.0,2026-02-26,High,Blocked,2026-08-03 12:12:08.845058,2026-08-03 12:12:08.845058,Enterprise System
CUST00005172,Max,Banerjee,1966-05-14,Prefer Not to Say,max.banerjee935@outlook.com,+919215727193,Commercial art gallery manager,500000.0,2022-06-05,High,Active,2026-08-03 12:12:08.846056,2026-08-03 12:12:08.846056,Enterprise System
CUST00005173,Bhavika,Bahri,1981-04-16,Female,bhavika.bahri510@outlook.com,+919677857833,"Loss adjuster, chartered",500000.0,2018-07-28,High,Active,2026-08-03 12:12:08.846056,2026-08-03 12:12:08.846056,Enterprise System
CUST00005174,Agastya,Mannan,1956-09-29,Male,agastya.mannan641@yahoo.com,+919596168254,Clinical psychologist,2000000.0,2018-09-23,Low,Active,2026-08-03 12:12:08.846056,2026-08-03 12:12:08.846056,Enterprise System
CUST00005175,Ekalinga,Kar,1964-06-13,Female,ekalinga.kar350@yahoo.com,+919336790963,Learning mentor,800000.0,2011-03-26,Medium,Active,2026-08-03 12:12:08.846056,2026-08-03 12:12:08.846056,Enterprise System
CUST00005176,Damini,Naik,1952-03-07,Non-Binary,damini.naik445@hotmail.com,+919452556448,Visual merchandiser,800000.0,1995-03-04,Medium,Dormant,2026-08-03 12:12:08.846056,2026-08-03 12:12:08.846056,Enterprise System
CUST00005177,Chavvi,Pingle,1979-03-05,Female,chavvi.pingle111@gmail.com,+919712196232,Airline pilot,500000.0,2007-06-07,High,Active,2026-08-03 12:12:08.846056,2026-08-03 12:12:08.846056,Enterprise System
CUST00005178,Yagnesh,Sood,1996-03-28,Non-Binary,yagnesh.sood441@hotmail.com,+919747156600,"Designer, television/film set",500000.0,2019-02-03,High,Active,2026-08-03 12:12:08.846056,2026-08-03 12:12:08.846056,Enterprise System
CUST00005179,Ethan,Bhavsar,1997-11-21,Female,ethan.bhavsar600@outlook.com,+919454414125,Games developer,1200000.0,2016-12-16,Medium,Active,2026-08-03 12:12:08.846056,2026-08-03 12:12:08.846056,Enterprise System
CUST00005180,Irya,Mani,1995-02-26,Female,irya.mani998@hotmail.com,+919518297075,Air cabin crew,500000.0,2024-06-04,High,Dormant,2026-08-03 12:12:08.846056,2026-08-03 12:12:08.846056,Enterprise System
CUST00005181,Balhaar,Basu,1964-02-16,Female,balhaar.basu663@gmail.com,+919886232190,Counsellor,300000.0,2020-09-06,High,Blocked,2026-08-03 12:12:08.846056,2026-08-03 12:12:08.846056,Enterprise System
CUST00005182,Upma,Sane,1949-01-03,Non-Binary,upma.sane834@outlook.com,+919090422688,Sports administrator,500000.0,1973-04-19,High,Active,2026-08-03 12:12:08.846056,2026-08-03 12:12:08.846056,Enterprise System
CUST00005183,Qabil,Murthy,1997-04-04,Male,qabil.murthy945@hotmail.com,+919729760634,Engineering geologist,300000.0,2025-04-19,High,Active,2026-08-03 12:12:08.846056,2026-08-03 12:12:08.846056,Enterprise System
CUST00005184,Jalsa,Nadkarni,1954-01-12,Female,jalsa.nadkarni259@hotmail.com,+919267191430,Senior tax professional/tax inspector,800000.0,2007-05-25,Medium,Active,2026-08-03 12:12:08.846056,2026-08-03 12:12:08.846056,Enterprise System
CUST00005185,Harshil,Varughese,1977-02-20,Non-Binary,harshil.varughese795@outlook.com,+919923220522,Art therapist,300000.0,2022-08-10,High,Active,2026-08-03 12:12:08.846056,2026-08-03 12:12:08.846056,Enterprise System
CUST00005186,Krishna,Lala,1982-02-06,Prefer Not to Say,krishna.lala375@outlook.com,+919523651574,Games developer,1200000.0,2012-10-31,Medium,Dormant,2026-08-03 12:12:08.846056,2026-08-03 12:12:08.846056,Enterprise System
CUST00005187,Urmi,Sunder,1986-11-21,Prefer Not to Say,urmi.sunder887@yahoo.com,+919517119354,Financial risk analyst,300000.0,2007-08-09,High,Active,2026-08-03 12:12:08.846056,2026-08-03 12:12:08.846056,Enterprise System
CUST00005188,Charles,Kurian,1990-04-26,Male,charles.kurian411@outlook.com,+919126848268,Aid worker,300000.0,2008-11-24,High,Active,2026-08-03 12:12:08.846056,2026-08-03 12:12:08.846056,Enterprise System
CUST00005189,Balhaar,Sridhar,1997-12-10,Prefer Not to Say,balhaar.sridhar252@outlook.com,+919476402434,Ecologist,300000.0,2025-05-03,High,Closed,2026-08-03 12:12:08.846056,2026-08-03 12:12:08.846056,Enterprise System
CUST00005190,Eta,Badal,1996-04-14,Male,eta.badal269@yahoo.com,+919341400551,"Accountant, chartered",500000.0,2022-07-09,High,Active,2026-08-03 12:12:08.846056,2026-08-03 12:12:08.846056,Enterprise System
CUST00005191,Jhalak,Dey,1953-11-08,Non-Binary,jhalak.dey447@yahoo.com,+919011420319,Chief of Staff,500000.0,2019-04-03,High,Active,2026-08-03 12:12:08.846056,2026-08-03 12:12:08.846056,Enterprise System
CUST00005192,Ladli,Pradhan,1991-07-27,Male,ladli.pradhan218@gmail.com,+919643128902,"Administrator, local government",800000.0,2021-01-19,Medium,Active,2026-08-03 12:12:08.846056,2026-08-03 12:12:08.846056,Enterprise System
CUST00005193,Hemani,Pandya,1957-10-23,Male,hemani.pandya319@outlook.com,+919162264674,Writer,300000.0,1980-08-23,High,Active,2026-08-03 12:12:08.846056,2026-08-03 12:12:08.846056,Enterprise System
CUST00005194,Vinaya,Ravel,1948-03-04,Male,vinaya.ravel563@outlook.com,+919386097513,"Engineer, civil (consulting)",800000.0,1987-06-24,Medium,Active,2026-08-03 12:12:08.846973,2026-08-03 12:12:08.846973,Enterprise System
CUST00005195,Abhimanyu,Patla,1991-11-21,Female,abhimanyu.patla730@gmail.com,+919919151861,Research scientist (medical),2000000.0,2015-01-28,Low,Active,2026-08-03 12:12:08.846973,2026-08-03 12:12:08.846973,Enterprise System
CUST00005196,Manbir,Seshadri,1990-09-19,Prefer Not to Say,manbir.seshadri313@yahoo.com,+919624601888,Minerals surveyor,500000.0,2008-12-06,High,Active,2026-08-03 12:12:08.846973,2026-08-03 12:12:08.846973,Enterprise System
CUST00005197,Watika,Brahmbhatt,1972-11-01,Prefer Not to Say,watika.brahmbhatt799@outlook.com,+919623812157,"Doctor, hospital",2000000.0,1991-02-02,Low,Active,2026-08-03 12:12:08.846973,2026-08-03 12:12:08.846973,Enterprise System
CUST00005198,Jasmit,Luthra,1970-01-22,Male,jasmit.luthra230@gmail.com,+919852229439,"Engineer, energy",800000.0,2019-02-09,Medium,Active,2026-08-03 12:12:08.846973,2026-08-03 12:12:08.846973,Enterprise System
CUST00005199,Upma,Behl,1997-07-12,Female,upma.behl57@gmail.com,+919175271334,Catering manager,300000.0,2022-04-23,High,Active,2026-08-03 12:12:08.846973,2026-08-03 12:12:08.846973,Enterprise System
CUST00005200,Alka,Patla,1954-07-11,Male,alka.patla523@hotmail.com,+919089271407,Psychotherapist,800000.0,2024-06-23,Medium,Active,2026-08-03 12:12:08.846973,2026-08-03 12:12:08.846973,Enterprise System
CUST00005201,Theodore,Sundaram,1996-09-14,Prefer Not to Say,theodore.sundaram186@outlook.com,+919845580173,Armed forces training and education officer,500000.0,2021-06-07,High,Dormant,2026-08-03 12:12:08.846973,2026-08-03 12:12:08.846973,Enterprise System
CUST00005202,Nidra,Handa,1945-12-22,Female,nidra.handa502@outlook.com,+919145125865,"Surveyor, quantity",300000.0,2002-04-07,High,Active,2026-08-03 12:12:08.846973,2026-08-03 12:12:08.846973,Enterprise System
CUST00005203,Lila,Bawa,1971-08-15,Male,lila.bawa598@yahoo.com,+919456824941,"Psychologist, sport and exercise",300000.0,2007-10-18,High,Dormant,2026-08-03 12:12:08.846973,2026-08-03 12:12:08.846973,Enterprise System
CUST00005204,Mitesh,Oza,2005-04-08,Prefer Not to Say,mitesh.oza534@gmail.com,+919022922093,Farm manager,3500000.0,2025-05-17,Low,Active,2026-08-03 12:12:08.846973,2026-08-03 12:12:08.846973,Enterprise System
CUST00005205,Hitesh,Venkataraman,1959-11-18,Non-Binary,hitesh.venkataraman126@outlook.com,+919997613764,Facilities manager,500000.0,2000-03-12,High,Active,2026-08-03 12:12:08.846973,2026-08-03 12:12:08.846973,Enterprise System
CUST00005206,Garima,Dutta,1945-08-14,Non-Binary,garima.dutta620@outlook.com,+919092694684,Counselling psychologist,500000.0,1965-02-14,High,Active,2026-08-03 12:12:08.846973,2026-08-03 12:12:08.846973,Enterprise System
CUST00005207,Nitara,Boase,1998-10-23,Male,nitara.boase274@yahoo.com,+919387138913,Electrical engineer,2000000.0,2022-05-07,Low,Active,2026-08-03 12:12:08.846973,2026-08-03 12:12:08.846973,Enterprise System
CUST00005208,Triya,Kurian,1966-09-23,Non-Binary,triya.kurian236@outlook.com,+919310051441,Health physicist,800000.0,2009-10-13,Medium,Active,2026-08-03 12:12:08.846973,2026-08-03 12:12:08.846973,Enterprise System
CUST00005209,Chakradhar,Tailor,1957-05-07,Male,chakradhar.tailor573@outlook.com,+919274534279,IT sales professional,300000.0,2003-07-31,High,Active,2026-08-03 12:12:08.846973,2026-08-03 12:12:08.846973,Enterprise System
CUST00005210,Harsh,Anne,1992-05-30,Female,harsh.anne25@yahoo.com,+919389208298,Interior and spatial designer,500000.0,2015-07-28,High,Active,2026-08-03 12:12:08.846973,2026-08-03 12:12:08.846973,Enterprise System
CUST00005211,Daksh,Solanki,2007-07-28,Male,daksh.solanki391@gmail.com,+919233137929,Print production planner,300000.0,2026-02-13,High,Active,2026-08-03 12:12:08.846973,2026-08-03 12:12:08.846973,Enterprise System
CUST00005212,Balvan,Din,1985-11-17,Prefer Not to Say,balvan.din722@hotmail.com,+919423480383,Research scientist (physical sciences),300000.0,2020-08-06,High,Active,2026-08-03 12:12:08.846973,2026-08-03 12:12:08.846973,Enterprise System
CUST00005213,Abhiram,Narasimhan,2004-01-03,Non-Binary,abhiram.narasimhan914@yahoo.com,+919383496252,Building services engineer,300000.0,2022-07-10,High,Active,2026-08-03 12:12:08.846973,2026-08-03 12:12:08.846973,Enterprise System
CUST00005214,Lakshmi,Basak,1964-06-17,Male,lakshmi.basak984@outlook.com,+919993998765,"Therapist, horticultural",500000.0,2016-05-11,High,Blocked,2026-08-03 12:12:08.846973,2026-08-03 12:12:08.846973,Enterprise System
CUST00005215,Ria,Seshadri,1948-08-20,Male,ria.seshadri538@gmail.com,+919633246174,Dance movement psychotherapist,300000.0,1981-02-08,High,Active,2026-08-03 12:12:08.846973,2026-08-03 12:12:08.846973,Enterprise System
CUST00005216,Wriddhish,Peri,1948-03-20,Prefer Not to Say,wriddhish.peri17@yahoo.com,+919338832466,"Geologist, engineering",300000.0,2025-11-20,High,Active,2026-08-03 12:12:08.846973,2026-08-03 12:12:08.846973,Enterprise System
CUST00005217,Balendra,Devi,2001-11-24,Male,balendra.devi242@yahoo.com,+919057023549,"Teacher, English as a foreign language",800000.0,2023-07-31,Medium,Closed,2026-08-03 12:12:08.846973,2026-08-03 12:12:08.846973,Enterprise System
CUST00005218,Neel,Basak,1959-05-13,Prefer Not to Say,neel.basak618@gmail.com,+919024913490,Consulting civil engineer,300000.0,2010-08-08,High,Dormant,2026-08-03 12:12:08.846973,2026-08-03 12:12:08.846973,Enterprise System
CUST00005219,Janya,Malhotra,1957-03-24,Prefer Not to Say,janya.malhotra520@hotmail.com,+919922286881,Medical technical officer,500000.0,2024-12-28,High,Closed,2026-08-03 12:12:08.846973,2026-08-03 12:12:08.846973,Enterprise System
CUST00005220,Abdul,Bose,1987-11-04,Prefer Not to Say,abdul.bose753@yahoo.com,+919867206641,"Administrator, charities/voluntary organisations",800000.0,2011-12-18,Medium,Dormant,2026-08-03 12:12:08.848050,2026-08-03 12:12:08.848050,Enterprise System
CUST00005221,Fariq,Nigam,1946-09-27,Non-Binary,fariq.nigam72@outlook.com,+919138453187,Public house manager,1200000.0,1993-11-22,Medium,Blocked,2026-08-03 12:12:08.848050,2026-08-03 12:12:08.848050,Enterprise System
CUST00005222,Zashil,Sami,1964-06-27,Male,zashil.sami701@gmail.com,+919782794969,Garment/textile technologist,300000.0,2013-05-12,High,Active,2026-08-03 12:12:08.848050,2026-08-03 12:12:08.848050,Enterprise System
CUST00005223,Ekapad,Das,1960-03-14,Female,ekapad.das37@yahoo.com,+919346291526,Operational investment banker,1200000.0,2000-11-09,Medium,Active,2026-08-03 12:12:08.848050,2026-08-03 12:12:08.848050,Enterprise System
CUST00005224,Laban,Atwal,1957-12-26,Non-Binary,laban.atwal73@gmail.com,+919568234787,Broadcast presenter,300000.0,1977-10-05,High,Active,2026-08-03 12:12:08.848050,2026-08-03 12:12:08.848050,Enterprise System
CUST00005225,Frederick,Ganesan,1951-10-20,Male,frederick.ganesan178@yahoo.com,+919241338892,Leisure centre manager,300000.0,1988-02-17,High,Active,2026-08-03 12:12:08.848050,2026-08-03 12:12:08.848050,Enterprise System
CUST00005226,Zilmil,Loke,1951-04-11,Female,zilmil.loke692@hotmail.com,+919885737000,Public house manager,1200000.0,2005-09-02,Medium,Active,2026-08-03 12:12:08.848050,2026-08-03 12:12:08.848050,Enterprise System
CUST00005227,Abeer,Viswanathan,1956-11-04,Female,abeer.viswanathan477@gmail.com,+919354014516,Operational researcher,500000.0,1977-05-18,High,Active,2026-08-03 12:12:08.848050,2026-08-03 12:12:08.848050,Enterprise System
CUST00005228,Meera,Dugar,1976-10-15,Prefer Not to Say,meera.dugar952@hotmail.com,+919265224335,"Teacher, primary school",800000.0,2011-08-09,Medium,Active,2026-08-03 12:12:08.848050,2026-08-03 12:12:08.848050,Enterprise System
CUST00005229,Chakradhar,Nagi,1997-07-15,Female,chakradhar.nagi669@outlook.com,+919077770455,Chiropractor,300000.0,2015-12-11,High,Closed,2026-08-03 12:12:08.848050,2026-08-03 12:12:08.848050,Enterprise System
CUST00005230,Charles,Merchant,1951-05-10,Male,charles.merchant468@outlook.com,+919998584721,Garment/textile technologist,800000.0,1977-06-17,Medium,Active,2026-08-03 12:12:08.848050,2026-08-03 12:12:08.848050,Enterprise System
CUST00005231,Chandran,Chatterjee,1966-01-10,Female,chandran.chatterjee175@gmail.com,+919999508965,Training and development officer,300000.0,1988-11-29,High,Active,2026-08-03 12:12:08.848050,2026-08-03 12:12:08.848050,Enterprise System
CUST00005232,Zaid,Badal,1989-04-26,Prefer Not to Say,zaid.badal567@hotmail.com,+919886618742,"Scientist, research (physical sciences)",300000.0,2024-09-12,High,Active,2026-08-03 12:12:08.848050,2026-08-03 12:12:08.848050,Enterprise System
CUST00005233,Hemal,Lad,1946-05-25,Non-Binary,hemal.lad473@hotmail.com,+919925335799,Chemical engineer,500000.0,2001-12-22,High,Active,2026-08-03 12:12:08.848050,2026-08-03 12:12:08.848050,Enterprise System
CUST00005234,Ekta,Kulkarni,1993-02-23,Non-Binary,ekta.kulkarni350@yahoo.com,+919623818655,"Designer, ceramics/pottery",3500000.0,2014-10-21,Low,Active,2026-08-03 12:12:08.848050,2026-08-03 12:12:08.848050,Enterprise System
CUST00005235,Orinder,Pillay,1977-11-18,Prefer Not to Say,orinder.pillay685@yahoo.com,+919332722875,"Radiographer, diagnostic",1200000.0,2023-10-12,Medium,Blocked,2026-08-03 12:12:08.848050,2026-08-03 12:12:08.848050,Enterprise System
CUST00005236,Michael,Dixit,1976-09-12,Prefer Not to Say,michael.dixit554@yahoo.com,+919679698077,Restaurant manager,300000.0,1995-06-26,High,Active,2026-08-03 12:12:08.848050,2026-08-03 12:12:08.848050,Enterprise System
CUST00005237,Wahab,Vig,1947-04-24,Prefer Not to Say,wahab.vig203@yahoo.com,+919630152136,Exercise physiologist,300000.0,1991-05-16,High,Active,2026-08-03 12:12:08.848050,2026-08-03 12:12:08.848050,Enterprise System
CUST00005238,Urvashi,Mital,1986-11-12,Male,urvashi.mital472@outlook.com,+919697483108,"Merchandiser, retail",300000.0,2016-11-07,High,Active,2026-08-03 12:12:08.848050,2026-08-03 12:12:08.848050,Enterprise System
CUST00005239,Jalsa,Bhat,1978-05-31,Male,jalsa.bhat720@gmail.com,+919948095594,"Accountant, chartered public finance",500000.0,2026-03-07,High,Active,2026-08-03 12:12:08.848050,2026-08-03 12:12:08.848050,Enterprise System
CUST00005240,Umang,Nath,1978-05-19,Male,umang.nath870@yahoo.com,+919968541522,"Psychologist, clinical",500000.0,2009-09-25,High,Active,2026-08-03 12:12:08.848050,2026-08-03 12:12:08.848050,Enterprise System
CUST00005241,Gautami,Muni,1982-04-13,Male,gautami.muni719@hotmail.com,+919076891439,Counselling psychologist,500000.0,2024-02-17,High,Active,2026-08-03 12:12:08.848050,2026-08-03 12:12:08.848050,Enterprise System
CUST00005242,Eta,Sanghvi,1950-06-05,Male,eta.sanghvi340@yahoo.com,+919674129628,Water quality scientist,300000.0,1969-03-12,High,Active,2026-08-03 12:12:08.848050,2026-08-03 12:12:08.848050,Enterprise System
CUST00005243,Banjeet,Tiwari,1991-07-20,Male,banjeet.tiwari24@outlook.com,+919392367553,Network engineer,2000000.0,2023-03-12,Low,Active,2026-08-03 12:12:08.848050,2026-08-03 12:12:08.848050,Enterprise System
CUST00005244,Xiti,Mander,1960-07-31,Prefer Not to Say,xiti.mander66@gmail.com,+919296882899,"Teacher, adult education",500000.0,2015-07-30,High,Active,2026-08-03 12:12:08.849050,2026-08-03 12:12:08.849050,Enterprise System
CUST00005245,Jeremiah,Kant,1964-11-26,Male,jeremiah.kant853@outlook.com,+919558175642,Corporate treasurer,300000.0,1999-03-22,High,Active,2026-08-03 12:12:08.849050,2026-08-03 12:12:08.849050,Enterprise System
CUST00005246,Qabil,Borah,1977-04-24,Prefer Not to Say,qabil.borah445@yahoo.com,+919789288464,"Designer, multimedia",1200000.0,2019-07-28,Medium,Active,2026-08-03 12:12:08.849050,2026-08-03 12:12:08.849050,Enterprise System
CUST00005247,Baghyawati,Kota,1979-01-04,Prefer Not to Say,baghyawati.kota403@outlook.com,+919719219730,Actuary,2000000.0,2018-12-24,Low,Active,2026-08-03 12:12:08.849050,2026-08-03 12:12:08.849050,Enterprise System
CUST00005248,Upadhriti,Sarkar,2003-11-23,Male,upadhriti.sarkar977@hotmail.com,+919053320232,Land/geomatics surveyor,300000.0,2023-07-18,High,Active,2026-08-03 12:12:08.849050,2026-08-03 12:12:08.849050,Enterprise System
CUST00005249,Jagdish,Hayer,1993-09-22,Female,jagdish.hayer341@outlook.com,+919635774196,Production manager,800000.0,2023-11-20,Medium,Active,2026-08-03 12:12:08.849050,2026-08-03 12:12:08.849050,Enterprise System
CUST00005250,Chakrika,Choudhry,1987-04-14,Male,chakrika.choudhry443@hotmail.com,+919687988523,"Surveyor, planning and development",1200000.0,2008-03-19,Medium,Active,2026-08-03 12:12:08.849050,2026-08-03 12:12:08.849050,Enterprise System
CUST00005251,Eta,Chander,1980-09-08,Female,eta.chander272@outlook.com,+919271217334,Paediatric nurse,300000.0,2022-12-09,High,Active,2026-08-03 12:12:08.849050,2026-08-03 12:12:08.849050,Enterprise System
CUST00005252,Tanish,Rajagopal,2003-05-19,Prefer Not to Say,tanish.rajagopal757@hotmail.com,+919529157752,Operational researcher,500000.0,2025-06-07,High,Dormant,2026-08-03 12:12:08.849050,2026-08-03 12:12:08.849050,Enterprise System
CUST00005253,Fariq,Pathak,1977-06-16,Prefer Not to Say,fariq.pathak792@hotmail.com,+919012196590,"Lecturer, further education",300000.0,1998-05-18,High,Active,2026-08-03 12:12:08.849050,2026-08-03 12:12:08.849050,Enterprise System
CUST00005254,Devansh,Deo,1946-03-09,Non-Binary,devansh.deo935@outlook.com,+919378607168,"Psychologist, counselling",3500000.0,2008-11-23,Low,Active,2026-08-03 12:12:08.849050,2026-08-03 12:12:08.849050,Enterprise System
CUST00005255,Dhruv,Madan,1961-06-24,Non-Binary,dhruv.madan747@yahoo.com,+919953512947,Heritage manager,500000.0,2010-12-05,High,Active,2026-08-03 12:12:08.849050,2026-08-03 12:12:08.849050,Enterprise System
CUST00005256,Urishilla,Dugar,1978-11-06,Male,urishilla.dugar658@yahoo.com,+919975694152,Youth worker,300000.0,1998-04-15,High,Closed,2026-08-03 12:12:08.849050,2026-08-03 12:12:08.849050,Enterprise System
CUST00005257,Leela,Vora,1995-04-21,Non-Binary,leela.vora496@hotmail.com,+919783888719,Research scientist (medical),500000.0,2017-05-14,High,Dormant,2026-08-03 12:12:08.849050,2026-08-03 12:12:08.849050,Enterprise System
CUST00005258,Quincy,Johal,1979-12-29,Female,quincy.johal61@yahoo.com,+919563799141,"Geneticist, molecular",300000.0,2002-08-29,High,Active,2026-08-03 12:12:08.849050,2026-08-03 12:12:08.849050,Enterprise System
CUST00005259,Advik,Uppal,1992-09-08,Non-Binary,advik.uppal441@yahoo.com,+919955877316,Heritage manager,300000.0,2015-05-31,High,Active,2026-08-03 12:12:08.849050,2026-08-03 12:12:08.849050,Enterprise System
CUST00005260,Xavier,Om,1963-07-09,Male,xavier.om147@hotmail.com,+919153059064,"Engineer, communications",800000.0,2008-05-15,Medium,Active,2026-08-03 12:12:08.849050,2026-08-03 12:12:08.849050,Enterprise System
CUST00005261,Yatan,Pant,1995-01-31,Female,yatan.pant117@yahoo.com,+919347342590,"Loss adjuster, chartered",800000.0,2026-01-11,Medium,Blocked,2026-08-03 12:12:08.849050,2026-08-03 12:12:08.849050,Enterprise System
CUST00005262,Radha,Shere,1971-01-09,Prefer Not to Say,radha.shere940@hotmail.com,+919861199198,Animal nutritionist,300000.0,2010-08-02,High,Closed,2026-08-03 12:12:08.849050,2026-08-03 12:12:08.849050,Enterprise System
CUST00005263,Upasna,Dhaliwal,1952-11-25,Female,upasna.dhaliwal351@hotmail.com,+919546364129,Bonds trader,500000.0,2012-04-02,High,Dormant,2026-08-03 12:12:08.849050,2026-08-03 12:12:08.849050,Enterprise System
CUST00005264,Orinder,Babu,1994-11-08,Non-Binary,orinder.babu383@gmail.com,+919064943885,Sports administrator,1200000.0,2013-07-22,Medium,Dormant,2026-08-03 12:12:08.849050,2026-08-03 12:12:08.849050,Enterprise System
CUST00005265,Kavya,Sani,1975-07-04,Prefer Not to Say,kavya.sani955@gmail.com,+919199062693,Health and safety inspector,2000000.0,1999-10-16,Low,Active,2026-08-03 12:12:08.849050,2026-08-03 12:12:08.849050,Enterprise System
CUST00005266,Dayamai,Sani,1998-06-21,Prefer Not to Say,dayamai.sani545@hotmail.com,+919286315476,"Engineer, biomedical",1200000.0,2022-11-10,Medium,Active,2026-08-03 12:12:08.849050,2026-08-03 12:12:08.849050,Enterprise System
CUST00005267,Samar,Natt,1968-02-08,Prefer Not to Say,samar.natt985@hotmail.com,+919814723897,Trade union research officer,500000.0,2014-01-20,High,Active,2026-08-03 12:12:08.849050,2026-08-03 12:12:08.849050,Enterprise System
CUST00005268,Lila,Goyal,1996-03-20,Non-Binary,lila.goyal968@outlook.com,+919949335811,Higher education lecturer,800000.0,2021-06-24,Medium,Active,2026-08-03 12:12:08.849050,2026-08-03 12:12:08.849050,Enterprise System
CUST00005269,David,Mukherjee,1960-10-12,Female,david.mukherjee270@gmail.com,+919563746159,Chartered legal executive (England and Wales),300000.0,2022-10-11,High,Active,2026-08-03 12:12:08.849050,2026-08-03 12:12:08.849050,Enterprise System
CUST00005270,Dakshesh,Parikh,1993-02-19,Prefer Not to Say,dakshesh.parikh899@gmail.com,+919177521947,Geophysical data processor,800000.0,2024-09-24,Medium,Active,2026-08-03 12:12:08.850075,2026-08-03 12:12:08.850075,Enterprise System
CUST00005271,Raghav,Pant,1956-08-19,Female,raghav.pant277@gmail.com,+919887585747,Regulatory affairs officer,2000000.0,1980-06-14,Low,Active,2026-08-03 12:12:08.850075,2026-08-03 12:12:08.850075,Enterprise System
CUST00005272,Maanav,Din,1974-04-09,Non-Binary,maanav.din108@hotmail.com,+919164539401,Diagnostic radiographer,1200000.0,2014-02-01,Medium,Dormant,2026-08-03 12:12:08.850075,2026-08-03 12:12:08.850075,Enterprise System
CUST00005273,Zayyan,Varty,1978-06-29,Non-Binary,zayyan.varty719@outlook.com,+919116042532,"Producer, television/film/video",300000.0,2023-03-08,High,Active,2026-08-03 12:12:08.850075,2026-08-03 12:12:08.850075,Enterprise System
CUST00005274,Pooja,Malhotra,1956-03-24,Male,pooja.malhotra45@hotmail.com,+919947998270,Materials engineer,500000.0,1997-03-10,High,Active,2026-08-03 12:12:08.850075,2026-08-03 12:12:08.850075,Enterprise System
CUST00005275,Upkaar,Chawla,1952-04-16,Prefer Not to Say,upkaar.chawla20@gmail.com,+919156282168,Animal nutritionist,500000.0,2016-09-26,High,Active,2026-08-03 12:12:08.850075,2026-08-03 12:12:08.850075,Enterprise System
CUST00005276,Meera,Pau,1956-11-21,Male,meera.pau771@hotmail.com,+919335187415,"Civil engineer, consulting",500000.0,1992-08-20,High,Active,2026-08-03 12:12:08.850075,2026-08-03 12:12:08.850075,Enterprise System
CUST00005277,Frederick,Merchant,2005-04-18,Prefer Not to Say,frederick.merchant643@gmail.com,+919686458325,Sales promotion account executive,300000.0,2025-04-07,High,Active,2026-08-03 12:12:08.850075,2026-08-03 12:12:08.850075,Enterprise System
CUST00005278,Harini,Mitter,1949-03-13,Female,harini.mitter894@hotmail.com,+919769956185,Secondary school teacher,300000.0,2014-10-11,High,Active,2026-08-03 12:12:08.850075,2026-08-03 12:12:08.850075,Enterprise System
CUST00005279,Wazir,Lala,2007-10-10,Prefer Not to Say,wazir.lala356@outlook.com,+919151653420,Biomedical scientist,300000.0,2026-07-13,High,Active,2026-08-03 12:12:08.850075,2026-08-03 12:12:08.850075,Enterprise System
CUST00005280,Nandini,Johal,1980-12-18,Female,nandini.johal724@yahoo.com,+919230700737,Recruitment consultant,500000.0,2003-03-23,High,Active,2026-08-03 12:12:08.850075,2026-08-03 12:12:08.850075,Enterprise System
CUST00005281,Gunbir,Pandya,1976-04-04,Prefer Not to Say,gunbir.pandya262@hotmail.com,+919487230712,English as a second language teacher,500000.0,2002-08-08,High,Active,2026-08-03 12:12:08.850075,2026-08-03 12:12:08.850075,Enterprise System
CUST00005282,Eesha,Talwar,1955-05-20,Non-Binary,eesha.talwar20@yahoo.com,+919933683813,Secondary school teacher,500000.0,2013-11-20,High,Active,2026-08-03 12:12:08.850075,2026-08-03 12:12:08.850075,Enterprise System
CUST00005283,Hredhaan,Lala,1984-02-25,Female,hredhaan.lala359@outlook.com,+919027206593,Metallurgist,1200000.0,2025-03-13,Medium,Active,2026-08-03 12:12:08.850075,2026-08-03 12:12:08.850075,Enterprise System
CUST00005284,Nisha,Kaur,1957-11-14,Female,nisha.kaur496@gmail.com,+919931759439,Plant breeder/geneticist,500000.0,2008-08-01,High,Active,2026-08-03 12:12:08.850075,2026-08-03 12:12:08.850075,Enterprise System
CUST00005285,Damyanti,Sarin,1963-01-19,Non-Binary,damyanti.sarin386@hotmail.com,+919979800890,Administrator,300000.0,2021-12-26,High,Active,2026-08-03 12:12:08.850693,2026-08-03 12:12:08.850693,Enterprise System
CUST00005286,Zinal,Sandhu,1995-04-26,Female,zinal.sandhu914@outlook.com,+919922078248,Administrator,300000.0,2017-10-28,High,Active,2026-08-03 12:12:08.850693,2026-08-03 12:12:08.850693,Enterprise System
CUST00005287,Simon,Comar,1958-06-24,Prefer Not to Say,simon.comar391@hotmail.com,+919944013080,Fine artist,500000.0,2024-10-16,High,Active,2026-08-03 12:12:08.850693,2026-08-03 12:12:08.850693,Enterprise System
CUST00005288,Aadhya,Bali,1996-06-25,Female,aadhya.bali957@hotmail.com,+919948427625,Insurance risk surveyor,500000.0,2015-08-02,High,Active,2026-08-03 12:12:08.850693,2026-08-03 12:12:08.850693,Enterprise System
CUST00005289,Reyansh,Trivedi,1972-02-01,Male,reyansh.trivedi917@outlook.com,+919373830418,Astronomer,300000.0,2004-08-16,High,Active,2026-08-03 12:12:08.850693,2026-08-03 12:12:08.850693,Enterprise System
CUST00005290,Balendra,Karnik,1972-01-10,Prefer Not to Say,balendra.karnik97@yahoo.com,+919563925700,Counsellor,300000.0,2015-04-11,High,Active,2026-08-03 12:12:08.850693,2026-08-03 12:12:08.850693,Enterprise System
CUST00005291,Gaurang,Kapur,1994-01-14,Prefer Not to Say,gaurang.kapur243@gmail.com,+919730423643,Building surveyor,1200000.0,2014-02-17,Medium,Active,2026-08-03 12:12:08.850693,2026-08-03 12:12:08.850693,Enterprise System
CUST00005292,Ekansh,Khanna,2004-10-09,Female,ekansh.khanna457@gmail.com,+919926871725,Teaching laboratory technician,800000.0,2025-02-14,Medium,Active,2026-08-03 12:12:08.850693,2026-08-03 12:12:08.850693,Enterprise System
CUST00005293,Mahika,Mody,1996-10-30,Non-Binary,mahika.mody465@outlook.com,+919181345004,Emergency planning/management officer,300000.0,2019-04-15,High,Active,2026-08-03 12:12:08.850693,2026-08-03 12:12:08.850693,Enterprise System
CUST00005294,Ikbal,Bath,1952-11-26,Non-Binary,ikbal.bath216@hotmail.com,+919673779185,Retail merchandiser,2000000.0,1989-07-17,Low,Active,2026-08-03 12:12:08.850693,2026-08-03 12:12:08.850693,Enterprise System
CUST00005295,Warda,Kothari,1958-07-15,Male,warda.kothari755@gmail.com,+919889446459,Volunteer coordinator,800000.0,1983-07-11,Medium,Active,2026-08-03 12:12:08.850693,2026-08-03 12:12:08.850693,Enterprise System
CUST00005296,Udyati,Banik,1960-10-29,Prefer Not to Say,udyati.banik848@gmail.com,+919437854367,Academic librarian,300000.0,1984-06-16,High,Active,2026-08-03 12:12:08.850693,2026-08-03 12:12:08.850693,Enterprise System
CUST00005297,Divya,Sarkar,1982-12-13,Non-Binary,divya.sarkar321@outlook.com,+919470226719,"Investment banker, corporate",300000.0,2009-08-23,High,Active,2026-08-03 12:12:08.850693,2026-08-03 12:12:08.850693,Enterprise System
CUST00005298,Yashoda,Joshi,1949-04-23,Female,yashoda.joshi743@gmail.com,+919593705283,Broadcast presenter,800000.0,2015-05-15,Medium,Active,2026-08-03 12:12:08.850693,2026-08-03 12:12:08.850693,Enterprise System
CUST00005299,Vedika,Verma,1998-08-16,Female,vedika.verma673@hotmail.com,+919079455628,"Sales professional, IT",300000.0,2016-09-20,High,Active,2026-08-03 12:12:08.850693,2026-08-03 12:12:08.850693,Enterprise System
CUST00005300,Nimrat,Gandhi,1973-12-02,Male,nimrat.gandhi653@yahoo.com,+919725727577,Pension scheme manager,300000.0,2021-04-11,High,Active,2026-08-03 12:12:08.850693,2026-08-03 12:12:08.850693,Enterprise System
CUST00005301,Pratyush,Karnik,1947-06-19,Non-Binary,pratyush.karnik616@hotmail.com,+919638048400,"Engineer, maintenance",2000000.0,1983-06-28,Low,Active,2026-08-03 12:12:08.850693,2026-08-03 12:12:08.850693,Enterprise System
CUST00005302,Veer,Suri,2005-05-25,Prefer Not to Say,veer.suri207@hotmail.com,+919487808414,Sales promotion account executive,300000.0,2024-03-22,High,Active,2026-08-03 12:12:08.850693,2026-08-03 12:12:08.850693,Enterprise System
CUST00005303,Advika,Kala,1982-12-04,Non-Binary,advika.kala170@gmail.com,+919580385193,"Engineer, land",500000.0,2010-03-16,High,Active,2026-08-03 12:12:08.850693,2026-08-03 12:12:08.850693,Enterprise System
CUST00005304,Ekapad,Varty,1989-10-16,Male,ekapad.varty748@hotmail.com,+919546131628,Medical illustrator,300000.0,2018-03-03,High,Active,2026-08-03 12:12:08.850693,2026-08-03 12:12:08.850693,Enterprise System
CUST00005305,Ikshita,Shah,1987-12-26,Prefer Not to Say,ikshita.shah298@gmail.com,+919649265562,"Production assistant, television",300000.0,2023-11-29,High,Active,2026-08-03 12:12:08.850693,2026-08-03 12:12:08.850693,Enterprise System
CUST00005306,George,Char,1985-06-30,Male,george.char835@hotmail.com,+919678740583,"Secretary, company",1200000.0,2018-09-01,Medium,Active,2026-08-03 12:12:08.850693,2026-08-03 12:12:08.850693,Enterprise System
CUST00005307,Avni,Das,1961-10-28,Non-Binary,avni.das226@hotmail.com,+919434562131,Furniture designer,300000.0,1986-01-29,High,Active,2026-08-03 12:12:08.850693,2026-08-03 12:12:08.850693,Enterprise System
CUST00005308,Leena,Madan,1986-10-10,Male,leena.madan477@gmail.com,+919563604676,Television camera operator,2000000.0,2012-06-01,Low,Active,2026-08-03 12:12:08.850693,2026-08-03 12:12:08.850693,Enterprise System
CUST00005309,Atharv,Sundaram,2004-08-05,Female,atharv.sundaram485@outlook.com,+919823599957,"Civil engineer, consulting",3500000.0,2023-05-11,Low,Active,2026-08-03 12:12:08.850693,2026-08-03 12:12:08.850693,Enterprise System
CUST00005310,Amara,Nadig,1988-11-10,Non-Binary,amara.nadig243@gmail.com,+919976046795,"Teacher, special educational needs",1200000.0,2021-03-19,Medium,Active,2026-08-03 12:12:08.850693,2026-08-03 12:12:08.850693,Enterprise System
CUST00005311,Meera,Nadig,1961-03-26,Prefer Not to Say,meera.nadig815@hotmail.com,+919169643257,Education administrator,1200000.0,2024-09-18,Medium,Active,2026-08-03 12:12:08.850693,2026-08-03 12:12:08.850693,Enterprise System
CUST00005312,Meghana,Acharya,1989-01-18,Female,meghana.acharya555@outlook.com,+919773530330,Horticultural therapist,300000.0,2012-01-17,High,Dormant,2026-08-03 12:12:08.850693,2026-08-03 12:12:08.850693,Enterprise System
CUST00005313,George,Garde,1977-07-28,Male,george.garde163@outlook.com,+919821488100,"Development worker, international aid",300000.0,2011-12-02,High,Active,2026-08-03 12:12:08.850693,2026-08-03 12:12:08.850693,Enterprise System
CUST00005314,Gautami,Sankar,2006-07-24,Female,gautami.sankar173@gmail.com,+919155920618,Electrical engineer,300000.0,2026-07-15,High,Active,2026-08-03 12:12:08.851793,2026-08-03 12:12:08.851793,Enterprise System
CUST00005315,Arjun,Varghese,1966-02-14,Male,arjun.varghese836@yahoo.com,+919863116987,Therapeutic radiographer,500000.0,2012-07-06,High,Active,2026-08-03 12:12:08.851793,2026-08-03 12:12:08.851793,Enterprise System
CUST00005316,Henry,Vala,1953-02-24,Prefer Not to Say,henry.vala499@outlook.com,+919643255308,Best boy,500000.0,1997-01-28,High,Blocked,2026-08-03 12:12:08.851793,2026-08-03 12:12:08.851793,Enterprise System
CUST00005317,Tanvi,Gera,1951-01-07,Prefer Not to Say,tanvi.gera731@hotmail.com,+919212302462,"Administrator, education",300000.0,1983-12-15,High,Active,2026-08-03 12:12:08.851793,2026-08-03 12:12:08.851793,Enterprise System
CUST00005318,Bina,Suresh,1993-07-03,Female,bina.suresh8@outlook.com,+919252979232,Mechanical engineer,2000000.0,2019-07-06,Low,Active,2026-08-03 12:12:08.851793,2026-08-03 12:12:08.851793,Enterprise System
CUST00005319,Harish,Varty,1970-09-12,Female,harish.varty744@yahoo.com,+919243907144,Investment analyst,300000.0,2009-01-09,High,Active,2026-08-03 12:12:08.851793,2026-08-03 12:12:08.851793,Enterprise System
CUST00005320,Chandani,Sama,2006-06-27,Female,chandani.sama448@outlook.com,+919046932771,Tax adviser,500000.0,2025-08-21,High,Closed,2026-08-03 12:12:08.851793,2026-08-03 12:12:08.851793,Enterprise System
CUST00005321,Sathvik,Uppal,1952-02-21,Non-Binary,sathvik.uppal779@gmail.com,+919318155821,"Designer, furniture",800000.0,1971-06-25,Medium,Active,2026-08-03 12:12:08.851793,2026-08-03 12:12:08.851793,Enterprise System
CUST00005322,Gaurang,Upadhyay,1952-08-28,Non-Binary,gaurang.upadhyay263@yahoo.com,+919927110487,Air broker,800000.0,2003-08-16,Medium,Closed,2026-08-03 12:12:08.851793,2026-08-03 12:12:08.851793,Enterprise System
CUST00005323,Gaurav,Karpe,1957-05-16,Male,gaurav.karpe142@hotmail.com,+919317765108,Architectural technologist,1200000.0,2020-03-31,Medium,Blocked,2026-08-03 12:12:08.851793,2026-08-03 12:12:08.851793,Enterprise System
CUST00005324,Lavanya,Ramachandran,1946-09-03,Non-Binary,lavanya.ramachandran893@gmail.com,+919576985858,Network engineer,500000.0,1985-12-16,High,Active,2026-08-03 12:12:08.851793,2026-08-03 12:12:08.851793,Enterprise System
CUST00005325,Tanish,Hans,1950-09-06,Non-Binary,tanish.hans732@outlook.com,+919354346035,"Teacher, adult education",500000.0,1984-09-18,High,Active,2026-08-03 12:12:08.851793,2026-08-03 12:12:08.851793,Enterprise System
CUST00005326,Gaurika,Palla,1967-06-19,Female,gaurika.palla528@hotmail.com,+919023446458,Set designer,1200000.0,1998-11-25,Medium,Active,2026-08-03 12:12:08.851793,2026-08-03 12:12:08.851793,Enterprise System
CUST00005327,Manya,Bhat,1984-05-27,Non-Binary,manya.bhat714@gmail.com,+919949815512,Midwife,3500000.0,2006-03-03,Low,Active,2026-08-03 12:12:08.851793,2026-08-03 12:12:08.851793,Enterprise System
CUST00005328,Yashawini,Taneja,1980-02-10,Non-Binary,yashawini.taneja328@outlook.com,+919617046203,Public relations account executive,300000.0,2025-01-25,High,Closed,2026-08-03 12:12:08.851793,2026-08-03 12:12:08.851793,Enterprise System
CUST00005329,Frederick,Chand,1969-11-25,Non-Binary,frederick.chand103@hotmail.com,+919883393098,Gaffer,300000.0,2015-11-17,High,Active,2026-08-03 12:12:08.851793,2026-08-03 12:12:08.851793,Enterprise System
CUST00005330,Alexander,Sandhu,2004-12-12,Female,alexander.sandhu696@hotmail.com,+919539647566,Medical technical officer,800000.0,2026-07-17,Medium,Active,2026-08-03 12:12:08.851793,2026-08-03 12:12:08.851793,Enterprise System
CUST00005331,Ekaraj,Kannan,1982-09-26,Non-Binary,ekaraj.kannan813@outlook.com,+919865875306,"Engineer, petroleum",800000.0,2026-04-16,Medium,Active,2026-08-03 12:12:08.851793,2026-08-03 12:12:08.851793,Enterprise System
CUST00005332,Raghav,Buch,1992-02-28,Male,raghav.buch470@gmail.com,+919883547633,"Doctor, general practice",300000.0,2011-04-13,High,Active,2026-08-03 12:12:08.851793,2026-08-03 12:12:08.851793,Enterprise System
CUST00005333,Ranveer,Banik,2002-08-21,Male,ranveer.banik405@gmail.com,+919738470312,Pharmacologist,500000.0,2023-04-20,High,Dormant,2026-08-03 12:12:08.851793,2026-08-03 12:12:08.851793,Enterprise System
CUST00005334,Anamika,Bose,1958-12-19,Non-Binary,anamika.bose451@gmail.com,+919325806802,Investment analyst,800000.0,2020-09-25,Medium,Active,2026-08-03 12:12:08.851793,2026-08-03 12:12:08.851793,Enterprise System
CUST00005335,Ekavir,Comar,1965-09-20,Male,ekavir.comar767@outlook.com,+919056525158,Proofreader,3500000.0,2013-03-26,Low,Active,2026-08-03 12:12:08.851793,2026-08-03 12:12:08.851793,Enterprise System
CUST00005336,Siddharth,Mangat,1949-07-28,Female,siddharth.mangat572@outlook.com,+919685414873,Training and development officer,500000.0,1979-05-02,High,Active,2026-08-03 12:12:08.851793,2026-08-03 12:12:08.851793,Enterprise System
CUST00005337,Jyoti,Shroff,2006-06-06,Male,jyoti.shroff405@outlook.com,+919032080422,Meteorologist,1200000.0,2025-05-29,Medium,Active,2026-08-03 12:12:08.852805,2026-08-03 12:12:08.852805,Enterprise System
CUST00005338,Kai,Kota,1991-07-26,Non-Binary,kai.kota7@hotmail.com,+919723566171,Advertising copywriter,300000.0,2024-02-26,High,Active,2026-08-03 12:12:08.852805,2026-08-03 12:12:08.852805,Enterprise System
CUST00005339,Imaran,Kara,1977-03-21,Non-Binary,imaran.kara996@outlook.com,+919214890351,Oceanographer,800000.0,1998-02-10,Medium,Active,2026-08-03 12:12:08.852805,2026-08-03 12:12:08.852805,Enterprise System
CUST00005340,Falak,Reddy,1971-11-11,Female,falak.reddy219@outlook.com,+919243006017,Quarry manager,3500000.0,2025-08-12,Low,Active,2026-08-03 12:12:08.852805,2026-08-03 12:12:08.852805,Enterprise System
CUST00005341,Varenya,Sabharwal,1978-03-03,Male,varenya.sabharwal514@outlook.com,+919939146422,Energy manager,5000000.0,2024-09-17,Low,Active,2026-08-03 12:12:08.852805,2026-08-03 12:12:08.852805,Enterprise System
CUST00005342,Janaki,Kale,1989-12-26,Non-Binary,janaki.kale741@gmail.com,+919954839142,Theatre director,800000.0,2012-06-07,Medium,Dormant,2026-08-03 12:12:08.852805,2026-08-03 12:12:08.852805,Enterprise System
CUST00005343,Yashasvi,Iyer,1988-11-20,Male,yashasvi.iyer459@gmail.com,+919549189257,Ambulance person,800000.0,2023-10-27,Medium,Active,2026-08-03 12:12:08.852805,2026-08-03 12:12:08.852805,Enterprise System
CUST00005344,Tanmayi,De,1991-08-29,Male,tanmayi.de76@yahoo.com,+919144880191,Chief Technology Officer,300000.0,2020-10-20,High,Active,2026-08-03 12:12:08.852805,2026-08-03 12:12:08.852805,Enterprise System
CUST00005345,Arjun,Bhalla,2003-06-15,Male,arjun.bhalla752@outlook.com,+919430636279,Trade union research officer,300000.0,2026-03-05,High,Active,2026-08-03 12:12:08.852805,2026-08-03 12:12:08.852805,Enterprise System
CUST00005346,Nakul,Garde,1952-03-28,Male,nakul.garde219@outlook.com,+919685853182,"Engineer, agricultural",500000.0,1976-11-04,High,Active,2026-08-03 12:12:08.852805,2026-08-03 12:12:08.852805,Enterprise System
CUST00005347,Oscar,Hayer,1995-02-12,Male,oscar.hayer145@gmail.com,+919490078475,Ophthalmologist,300000.0,2025-05-28,High,Closed,2026-08-03 12:12:08.852805,2026-08-03 12:12:08.852805,Enterprise System
CUST00005348,Zarna,Varughese,1983-04-22,Non-Binary,zarna.varughese798@gmail.com,+919531783969,Tourist information centre manager,500000.0,2022-05-30,High,Active,2026-08-03 12:12:08.852805,2026-08-03 12:12:08.852805,Enterprise System
CUST00005349,Varenya,Balasubramanian,1991-04-03,Male,varenya.balasubramanian903@yahoo.com,+919735513525,Race relations officer,2000000.0,2016-02-24,Low,Active,2026-08-03 12:12:08.852805,2026-08-03 12:12:08.852805,Enterprise System
CUST00005350,Gaurika,Shenoy,1973-07-13,Female,gaurika.shenoy476@hotmail.com,+919317966083,Colour technologist,500000.0,1998-06-10,High,Active,2026-08-03 12:12:08.852805,2026-08-03 12:12:08.852805,Enterprise System
CUST00005351,Nathan,Kunda,1968-10-20,Non-Binary,nathan.kunda41@gmail.com,+919299628589,Surgeon,300000.0,2023-11-16,High,Active,2026-08-03 12:12:08.852805,2026-08-03 12:12:08.852805,Enterprise System
CUST00005352,Falguni,Joshi,1952-08-05,Female,falguni.joshi662@yahoo.com,+919679665097,Teaching laboratory technician,2000000.0,2002-02-02,Low,Active,2026-08-03 12:12:08.852805,2026-08-03 12:12:08.852805,Enterprise System
CUST00005353,Ubika,Mammen,1974-04-25,Non-Binary,ubika.mammen883@gmail.com,+919358998981,Quality manager,800000.0,2003-10-27,Medium,Active,2026-08-03 12:12:08.852805,2026-08-03 12:12:08.852805,Enterprise System
CUST00005354,Aarini,Swamy,1982-05-12,Female,aarini.swamy147@gmail.com,+919139042785,Waste management officer,300000.0,2018-02-24,High,Active,2026-08-03 12:12:08.852805,2026-08-03 12:12:08.852805,Enterprise System
CUST00005355,Anika,Hans,1980-12-04,Female,anika.hans118@gmail.com,+919072771787,Gaffer,2000000.0,2004-03-25,Low,Active,2026-08-03 12:12:08.852805,2026-08-03 12:12:08.852805,Enterprise System
CUST00005356,Mohini,Ravi,1959-01-17,Prefer Not to Say,mohini.ravi838@hotmail.com,+919739002826,Energy engineer,500000.0,2002-02-15,High,Active,2026-08-03 12:12:08.852805,2026-08-03 12:12:08.852805,Enterprise System
CUST00005357,Mason,Lad,1961-09-08,Female,mason.lad464@gmail.com,+919793174765,Cabin crew,800000.0,2015-11-24,Medium,Active,2026-08-03 12:12:08.852805,2026-08-03 12:12:08.852805,Enterprise System
CUST00005358,Triveni,Date,1961-11-14,Prefer Not to Say,triveni.date52@outlook.com,+919535908157,Nature conservation officer,300000.0,2024-03-18,High,Active,2026-08-03 12:12:08.852805,2026-08-03 12:12:08.852805,Enterprise System
CUST00005359,Chakradhar,Bal,1992-07-28,Male,chakradhar.bal558@yahoo.com,+919026122253,Herpetologist,500000.0,2011-11-16,High,Active,2026-08-03 12:12:08.852805,2026-08-03 12:12:08.852805,Enterprise System
CUST00005360,Pahal,Warrior,1995-09-23,Female,pahal.warrior751@outlook.com,+919498539993,Medical illustrator,300000.0,2014-09-21,High,Active,2026-08-03 12:12:08.853779,2026-08-03 12:12:08.853779,Enterprise System
CUST00005361,Frederick,Sarin,1958-12-19,Non-Binary,frederick.sarin788@gmail.com,+919040331931,Production engineer,500000.0,2022-08-06,High,Active,2026-08-03 12:12:08.853779,2026-08-03 12:12:08.853779,Enterprise System
CUST00005362,Ayush,Sarna,1986-10-13,Prefer Not to Say,ayush.sarna276@hotmail.com,+919022138135,Medical illustrator,300000.0,2021-09-22,High,Active,2026-08-03 12:12:08.853779,2026-08-03 12:12:08.853779,Enterprise System
CUST00005363,Fitan,Balakrishnan,1955-04-21,Male,fitan.balakrishnan953@yahoo.com,+919146946947,Learning disability nurse,500000.0,1980-06-22,High,Blocked,2026-08-03 12:12:08.853779,2026-08-03 12:12:08.853779,Enterprise System
CUST00005364,Jeevika,Kara,1978-02-06,Prefer Not to Say,jeevika.kara788@hotmail.com,+919429009673,Production manager,500000.0,2012-10-27,High,Active,2026-08-03 12:12:08.853779,2026-08-03 12:12:08.853779,Enterprise System
CUST00005365,Sara,Bhasin,1947-02-24,Female,sara.bhasin717@hotmail.com,+919268018127,Physiotherapist,800000.0,1980-01-06,Medium,Active,2026-08-03 12:12:08.853779,2026-08-03 12:12:08.853779,Enterprise System
CUST00005366,Vyanjana,Keer,1974-08-25,Female,vyanjana.keer931@hotmail.com,+919396296917,Musician,2000000.0,1997-07-01,Low,Active,2026-08-03 12:12:08.853779,2026-08-03 12:12:08.853779,Enterprise System
CUST00005367,Devansh,Baria,1975-09-02,Female,devansh.baria518@yahoo.com,+919133661308,Architectural technologist,1200000.0,2015-09-06,Medium,Active,2026-08-03 12:12:08.853779,2026-08-03 12:12:08.853779,Enterprise System
CUST00005368,Waida,Doctor,1951-11-03,Male,waida.doctor638@outlook.com,+919636221665,"Surveyor, insurance",300000.0,1972-09-15,High,Active,2026-08-03 12:12:08.853779,2026-08-03 12:12:08.853779,Enterprise System
CUST00005369,Udarsh,Mand,1991-12-20,Female,udarsh.mand972@hotmail.com,+919995962483,"Surveyor, rural practice",800000.0,2016-01-23,Medium,Active,2026-08-03 12:12:08.853779,2026-08-03 12:12:08.853779,Enterprise System
CUST00005370,Tristan,Sridhar,1975-02-13,Non-Binary,tristan.sridhar179@yahoo.com,+919167991482,"Conservator, furniture",800000.0,2003-01-16,Medium,Blocked,2026-08-03 12:12:08.853779,2026-08-03 12:12:08.853779,Enterprise System
CUST00005371,Abeer,Roy,1972-05-12,Male,abeer.roy111@gmail.com,+919449908143,Drilling engineer,300000.0,1999-04-18,High,Active,2026-08-03 12:12:08.853779,2026-08-03 12:12:08.853779,Enterprise System
CUST00005372,Ekapad,Ganesan,1993-07-16,Non-Binary,ekapad.ganesan379@outlook.com,+919827779386,"Scientist, marine",300000.0,2012-09-09,High,Active,2026-08-03 12:12:08.853779,2026-08-03 12:12:08.853779,Enterprise System
CUST00005373,Varenya,Naidu,1976-04-25,Male,varenya.naidu952@hotmail.com,+919878698665,Child psychotherapist,800000.0,2007-12-11,Medium,Active,2026-08-03 12:12:08.853779,2026-08-03 12:12:08.853779,Enterprise System
CUST00005374,Zaid,Natarajan,1961-08-31,Female,zaid.natarajan911@hotmail.com,+919517411053,"Engineer, agricultural",5000000.0,1994-02-28,Low,Active,2026-08-03 12:12:08.853779,2026-08-03 12:12:08.853779,Enterprise System
CUST00005375,Sarthak,Vala,2002-07-25,Prefer Not to Say,sarthak.vala589@yahoo.com,+919413088662,Banker,800000.0,2021-06-09,Medium,Closed,2026-08-03 12:12:08.853779,2026-08-03 12:12:08.853779,Enterprise System
CUST00005376,Rachana,Shah,1959-07-01,Non-Binary,rachana.shah644@outlook.com,+919752272095,Illustrator,300000.0,2017-01-09,High,Active,2026-08-03 12:12:08.853779,2026-08-03 12:12:08.853779,Enterprise System
CUST00005377,Max,Lanka,1959-12-08,Non-Binary,max.lanka894@gmail.com,+919594768178,"Programmer, multimedia",800000.0,2008-05-04,Medium,Active,2026-08-03 12:12:08.853779,2026-08-03 12:12:08.853779,Enterprise System
CUST00005378,Daksh,Mani,1975-11-06,Male,daksh.mani580@gmail.com,+919320381113,Research scientist (maths),500000.0,2026-01-07,High,Blocked,2026-08-03 12:12:08.853779,2026-08-03 12:12:08.853779,Enterprise System
CUST00005379,Sneha,Mishra,1991-06-04,Female,sneha.mishra913@gmail.com,+919817542406,Clinical molecular geneticist,800000.0,2014-04-07,Medium,Active,2026-08-03 12:12:08.853779,2026-08-03 12:12:08.853779,Enterprise System
CUST00005380,Vincent,Sarkar,1998-03-16,Non-Binary,vincent.sarkar389@gmail.com,+919455689162,"Therapist, sports",3500000.0,2024-08-30,Low,Active,2026-08-03 12:12:08.853779,2026-08-03 12:12:08.853779,Enterprise System
CUST00005381,Amol,Setty,1989-10-14,Male,amol.setty863@outlook.com,+919137540726,Manufacturing engineer,3500000.0,2024-10-26,Low,Active,2026-08-03 12:12:08.853779,2026-08-03 12:12:08.853779,Enterprise System
CUST00005382,Lohit,Raja,1980-05-16,Non-Binary,lohit.raja386@outlook.com,+919058362246,Financial manager,800000.0,2001-07-24,Medium,Active,2026-08-03 12:12:08.853779,2026-08-03 12:12:08.853779,Enterprise System
CUST00005383,Urvi,Wable,1967-07-29,Female,urvi.wable684@outlook.com,+919414676060,"Secretary, company",800000.0,2021-12-11,Medium,Active,2026-08-03 12:12:08.853779,2026-08-03 12:12:08.853779,Enterprise System
CUST00005384,Bhavani,Chaudhry,1967-08-25,Male,bhavani.chaudhry774@yahoo.com,+919377661977,"Surveyor, building",500000.0,1991-06-22,High,Active,2026-08-03 12:12:08.853779,2026-08-03 12:12:08.853779,Enterprise System
CUST00005385,David,Narang,2000-10-17,Female,david.narang190@hotmail.com,+919721593597,Building services engineer,300000.0,2024-06-07,High,Active,2026-08-03 12:12:08.854740,2026-08-03 12:12:08.854740,Enterprise System
CUST00005386,Vrishti,Gade,1975-12-15,Non-Binary,vrishti.gade848@outlook.com,+919957088519,Mental health nurse,500000.0,2002-03-20,High,Active,2026-08-03 12:12:08.854740,2026-08-03 12:12:08.854740,Enterprise System
CUST00005387,Veda,Rege,1958-01-14,Female,veda.rege834@hotmail.com,+919187044197,Information systems manager,500000.0,2013-06-27,High,Active,2026-08-03 12:12:08.854740,2026-08-03 12:12:08.854740,Enterprise System
CUST00005388,Max,Bhargava,1963-04-28,Female,max.bhargava660@gmail.com,+919468922586,Oncologist,300000.0,2001-11-26,High,Active,2026-08-03 12:12:08.854740,2026-08-03 12:12:08.854740,Enterprise System
CUST00005389,Pranit,Bhargava,1954-01-04,Non-Binary,pranit.bhargava343@yahoo.com,+919151279749,Planning and development surveyor,500000.0,1996-02-16,High,Active,2026-08-03 12:12:08.854740,2026-08-03 12:12:08.854740,Enterprise System
CUST00005390,Jagvi,Borde,2005-08-08,Prefer Not to Say,jagvi.borde104@hotmail.com,+919212927347,IT technical support officer,800000.0,2025-01-15,Medium,Active,2026-08-03 12:12:08.854740,2026-08-03 12:12:08.854740,Enterprise System
CUST00005391,Yuvraj,Chauhan,1955-04-23,Non-Binary,yuvraj.chauhan662@hotmail.com,+919790822389,"Surveyor, mining",300000.0,2007-02-22,High,Closed,2026-08-03 12:12:08.854740,2026-08-03 12:12:08.854740,Enterprise System
CUST00005392,Ekani,Palan,1998-02-12,Female,ekani.palan342@gmail.com,+919556215320,Clothing/textile technologist,500000.0,2018-04-12,High,Active,2026-08-03 12:12:08.854740,2026-08-03 12:12:08.854740,Enterprise System
CUST00005393,Aachal,Sabharwal,1964-07-09,Female,aachal.sabharwal291@gmail.com,+919438618788,Advertising copywriter,800000.0,1987-11-26,Medium,Dormant,2026-08-03 12:12:08.854740,2026-08-03 12:12:08.854740,Enterprise System
CUST00005394,Zaitra,Raghavan,2007-12-31,Non-Binary,zaitra.raghavan554@hotmail.com,+919316716206,Banker,500000.0,2026-06-01,High,Active,2026-08-03 12:12:08.854740,2026-08-03 12:12:08.854740,Enterprise System
CUST00005395,Lakshmi,Banerjee,1986-01-07,Male,lakshmi.banerjee755@yahoo.com,+919812737747,"Lighting technician, broadcasting/film/video",800000.0,2010-08-18,Medium,Dormant,2026-08-03 12:12:08.854740,2026-08-03 12:12:08.854740,Enterprise System
CUST00005396,Warda,Minhas,1993-10-25,Prefer Not to Say,warda.minhas915@yahoo.com,+919987678970,Geoscientist,500000.0,2023-05-14,High,Active,2026-08-03 12:12:08.854740,2026-08-03 12:12:08.854740,Enterprise System
CUST00005397,Nikita,Mohanty,1971-01-13,Prefer Not to Say,nikita.mohanty317@yahoo.com,+919284617418,Textile designer,500000.0,1990-02-05,High,Active,2026-08-03 12:12:08.854740,2026-08-03 12:12:08.854740,Enterprise System
CUST00005398,Nimrat,Gokhale,2004-03-30,Prefer Not to Say,nimrat.gokhale202@yahoo.com,+919789338683,Radio producer,500000.0,2026-06-14,High,Active,2026-08-03 12:12:08.854740,2026-08-03 12:12:08.854740,Enterprise System
CUST00005399,Imaran,Thakur,1990-09-29,Male,imaran.thakur380@gmail.com,+919720137702,Minerals surveyor,3500000.0,2022-03-29,Low,Active,2026-08-03 12:12:08.854740,2026-08-03 12:12:08.854740,Enterprise System
CUST00005400,Aadhya,Salvi,1981-10-04,Non-Binary,aadhya.salvi129@gmail.com,+919244798979,"Programme researcher, broadcasting/film/video",500000.0,2016-06-03,High,Active,2026-08-03 12:12:08.854740,2026-08-03 12:12:08.854740,Enterprise System
CUST00005401,Xalak,Sabharwal,1979-09-04,Male,xalak.sabharwal315@hotmail.com,+919634942461,Rural practice surveyor,2000000.0,2011-07-16,Low,Active,2026-08-03 12:12:08.854740,2026-08-03 12:12:08.854740,Enterprise System
CUST00005402,Lakshmi,Anand,1947-12-25,Non-Binary,lakshmi.anand713@hotmail.com,+919437073857,Magazine journalist,2000000.0,1970-12-25,Low,Active,2026-08-03 12:12:08.854740,2026-08-03 12:12:08.854740,Enterprise System
CUST00005403,Isha,Kar,1951-04-23,Non-Binary,isha.kar584@yahoo.com,+919151847913,Best boy,300000.0,1989-03-28,High,Active,2026-08-03 12:12:08.854740,2026-08-03 12:12:08.854740,Enterprise System
CUST00005404,Gayathri,Kari,1963-07-02,Male,gayathri.kari430@outlook.com,+919976547826,Industrial/product designer,500000.0,1986-10-02,High,Active,2026-08-03 12:12:08.854740,2026-08-03 12:12:08.854740,Enterprise System
CUST00005405,Nandini,Sani,1996-04-26,Female,nandini.sani127@outlook.com,+919880884097,Video editor,300000.0,2025-03-31,High,Closed,2026-08-03 12:12:08.854740,2026-08-03 12:12:08.854740,Enterprise System
CUST00005406,Vasana,Chakraborty,1980-05-31,Prefer Not to Say,vasana.chakraborty558@gmail.com,+919751735779,Advertising art director,800000.0,2015-07-09,Medium,Active,2026-08-03 12:12:08.854740,2026-08-03 12:12:08.854740,Enterprise System
CUST00005407,Logan,Madan,2005-05-15,Male,logan.madan747@hotmail.com,+919756704796,Barista,500000.0,2025-09-28,High,Active,2026-08-03 12:12:08.854740,2026-08-03 12:12:08.854740,Enterprise System
CUST00005408,Aarush,Arora,1999-07-01,Non-Binary,aarush.arora343@outlook.com,+919021431810,General practice doctor,1200000.0,2025-10-31,Medium,Active,2026-08-03 12:12:08.854740,2026-08-03 12:12:08.854740,Enterprise System
CUST00005409,Henry,Sachar,2004-01-28,Male,henry.sachar885@hotmail.com,+919735128355,Theatre stage manager,300000.0,2025-07-08,High,Active,2026-08-03 12:12:08.855752,2026-08-03 12:12:08.855752,Enterprise System
CUST00005410,Azaan,Bhatnagar,2004-02-07,Female,azaan.bhatnagar474@hotmail.com,+919321976459,"Therapist, horticultural",300000.0,2024-09-30,High,Active,2026-08-03 12:12:08.855752,2026-08-03 12:12:08.855752,Enterprise System
CUST00005411,Rushil,Venkataraman,1948-08-25,Male,rushil.venkataraman338@yahoo.com,+919761269942,Pensions consultant,2000000.0,2006-02-12,Low,Active,2026-08-03 12:12:08.855752,2026-08-03 12:12:08.855752,Enterprise System
CUST00005412,Hemani,Bhat,1948-07-27,Non-Binary,hemani.bhat349@outlook.com,+919644404131,Psychiatrist,2000000.0,2003-02-01,Low,Active,2026-08-03 12:12:08.855752,2026-08-03 12:12:08.855752,Enterprise System
CUST00005413,Jackson,Mandal,1983-06-23,Female,jackson.mandal687@outlook.com,+919111686679,"Teacher, English as a foreign language",2000000.0,2002-04-18,Low,Active,2026-08-03 12:12:08.855752,2026-08-03 12:12:08.855752,Enterprise System
CUST00005414,Faras,Ramanathan,1946-11-13,Non-Binary,faras.ramanathan203@gmail.com,+919463235057,Sub,800000.0,1965-11-02,Medium,Active,2026-08-03 12:12:08.855752,2026-08-03 12:12:08.855752,Enterprise System
CUST00005415,Hemani,Tank,1981-02-12,Prefer Not to Say,hemani.tank440@gmail.com,+919273155050,"Programmer, multimedia",800000.0,2003-04-10,Medium,Active,2026-08-03 12:12:08.855752,2026-08-03 12:12:08.855752,Enterprise System
CUST00005416,Lajita,Guha,2000-03-28,Male,lajita.guha679@hotmail.com,+919571861621,Colour technologist,3500000.0,2026-07-28,Low,Active,2026-08-03 12:12:08.855752,2026-08-03 12:12:08.855752,Enterprise System
CUST00005417,Dhriti,Salvi,1988-04-17,Male,dhriti.salvi806@hotmail.com,+919720449403,"Engineer, manufacturing systems",1200000.0,2007-01-25,Medium,Dormant,2026-08-03 12:12:08.855752,2026-08-03 12:12:08.855752,Enterprise System
CUST00005418,Gunbir,Krishnamurthy,1967-11-27,Male,gunbir.krishnamurthy627@yahoo.com,+919792377108,"Engineer, civil (consulting)",2000000.0,2001-03-03,Low,Active,2026-08-03 12:12:08.855752,2026-08-03 12:12:08.855752,Enterprise System
CUST00005419,Tamanna,Dugar,1975-12-26,Non-Binary,tamanna.dugar499@gmail.com,+919183697893,Training and development officer,1200000.0,2005-05-08,Medium,Active,2026-08-03 12:12:08.855752,2026-08-03 12:12:08.855752,Enterprise System
CUST00005420,Om,Sidhu,1969-03-07,Prefer Not to Say,om.sidhu672@outlook.com,+919368120628,Site engineer,300000.0,2002-05-24,High,Closed,2026-08-03 12:12:08.855752,2026-08-03 12:12:08.855752,Enterprise System
CUST00005421,Dayita,Nath,1984-11-12,Male,dayita.nath594@gmail.com,+919616249634,"Engineer, materials",1200000.0,2020-08-18,Medium,Active,2026-08-03 12:12:08.855752,2026-08-03 12:12:08.855752,Enterprise System
CUST00005422,Anvi,Talwar,1956-01-31,Non-Binary,anvi.talwar690@yahoo.com,+919587334552,Estate manager/land agent,300000.0,1974-04-21,High,Active,2026-08-03 12:12:08.855752,2026-08-03 12:12:08.855752,Enterprise System
CUST00005423,Xiti,Saxena,1962-12-16,Female,xiti.saxena325@yahoo.com,+919559203332,Make,500000.0,2007-01-05,High,Active,2026-08-03 12:12:08.855752,2026-08-03 12:12:08.855752,Enterprise System
CUST00005424,Rajeshri,Bava,1976-03-20,Prefer Not to Say,rajeshri.bava64@hotmail.com,+919322710108,Risk analyst,1200000.0,2023-01-08,Medium,Active,2026-08-03 12:12:08.855752,2026-08-03 12:12:08.855752,Enterprise System
CUST00005425,Advika,Bahl,1993-09-16,Female,advika.bahl573@hotmail.com,+919790771157,Medical technical officer,300000.0,2022-04-12,High,Active,2026-08-03 12:12:08.855752,2026-08-03 12:12:08.855752,Enterprise System
CUST00005426,Faraj,Goda,1982-10-23,Male,faraj.goda504@yahoo.com,+919612025515,Data scientist,500000.0,2006-02-20,High,Closed,2026-08-03 12:12:08.855752,2026-08-03 12:12:08.855752,Enterprise System
CUST00005427,Inaya,Vora,1958-04-28,Male,inaya.vora933@yahoo.com,+919923786956,"Conservation officer, historic buildings",800000.0,2018-10-15,Medium,Dormant,2026-08-03 12:12:08.855752,2026-08-03 12:12:08.855752,Enterprise System
CUST00005428,Sathvik,Prakash,1985-07-07,Female,sathvik.prakash394@yahoo.com,+919430152268,Radio broadcast assistant,300000.0,2010-11-26,High,Active,2026-08-03 12:12:08.855752,2026-08-03 12:12:08.855752,Enterprise System
CUST00005429,Ishaan,Chaudhry,1956-08-14,Prefer Not to Say,ishaan.chaudhry642@gmail.com,+919699487551,Data processing manager,2000000.0,2009-04-14,Low,Active,2026-08-03 12:12:08.855752,2026-08-03 12:12:08.855752,Enterprise System
CUST00005430,Gabriel,Upadhyay,1963-06-06,Male,gabriel.upadhyay609@outlook.com,+919954067822,Research scientist (medical),800000.0,2007-01-22,Medium,Active,2026-08-03 12:12:08.855752,2026-08-03 12:12:08.855752,Enterprise System
CUST00005431,Frado,Venkatesh,1969-06-28,Prefer Not to Say,frado.venkatesh296@yahoo.com,+919916236383,Drilling engineer,300000.0,2006-09-10,High,Active,2026-08-03 12:12:08.855752,2026-08-03 12:12:08.855752,Enterprise System
CUST00005432,William,Choudhry,1951-09-17,Female,william.choudhry883@yahoo.com,+919419096264,"Psychologist, counselling",1200000.0,2022-06-06,Medium,Active,2026-08-03 12:12:08.855752,2026-08-03 12:12:08.855752,Enterprise System
CUST00005433,Sachi,Raj,1994-11-10,Non-Binary,sachi.raj316@hotmail.com,+919690311108,Paramedic,800000.0,2024-11-13,Medium,Active,2026-08-03 12:12:08.855752,2026-08-03 12:12:08.855752,Enterprise System
CUST00005434,Girik,Kulkarni,1961-06-16,Non-Binary,girik.kulkarni33@gmail.com,+919967289527,"Restaurant manager, fast food",300000.0,2017-07-01,High,Active,2026-08-03 12:12:08.855752,2026-08-03 12:12:08.855752,Enterprise System
CUST00005435,Karan,Doctor,2005-08-21,Female,karan.doctor127@yahoo.com,+919819311523,Clinical biochemist,500000.0,2025-08-30,High,Active,2026-08-03 12:12:08.855752,2026-08-03 12:12:08.855752,Enterprise System
CUST00005436,Bhavini,Varty,1966-06-26,Non-Binary,bhavini.varty991@hotmail.com,+919533979312,Electrical engineer,800000.0,1984-09-28,Medium,Blocked,2026-08-03 12:12:08.856786,2026-08-03 12:12:08.856786,Enterprise System
CUST00005437,Pushti,Soman,1984-09-10,Prefer Not to Say,pushti.soman491@gmail.com,+919175467575,Retail manager,300000.0,2012-06-12,High,Active,2026-08-03 12:12:08.856786,2026-08-03 12:12:08.856786,Enterprise System
CUST00005438,Netra,Chandra,1970-10-19,Female,netra.chandra870@hotmail.com,+919777905306,Operational investment banker,800000.0,2008-12-17,Medium,Active,2026-08-03 12:12:08.856786,2026-08-03 12:12:08.856786,Enterprise System
CUST00005439,Avi,Mand,2001-09-03,Prefer Not to Say,avi.mand506@outlook.com,+919950272734,Operational researcher,800000.0,2025-12-19,Medium,Active,2026-08-03 12:12:08.856786,2026-08-03 12:12:08.856786,Enterprise System
CUST00005440,Warjas,Bajaj,1956-05-19,Non-Binary,warjas.bajaj126@yahoo.com,+919252217474,Quarry manager,500000.0,1984-09-21,High,Active,2026-08-03 12:12:08.856786,2026-08-03 12:12:08.856786,Enterprise System
CUST00005441,Ganga,Dubey,1975-12-12,Male,ganga.dubey527@hotmail.com,+919173455212,"Civil engineer, consulting",800000.0,1995-04-23,Medium,Active,2026-08-03 12:12:08.856786,2026-08-03 12:12:08.856786,Enterprise System
CUST00005442,Jeremiah,Rajan,1968-01-31,Non-Binary,jeremiah.rajan778@outlook.com,+919880090896,Professor Emeritus,3500000.0,2003-07-17,Low,Active,2026-08-03 12:12:08.856786,2026-08-03 12:12:08.856786,Enterprise System
CUST00005443,Qabil,Wali,1978-01-16,Male,qabil.wali148@outlook.com,+919158370322,"Scientist, clinical (histocompatibility and immunogenetics)",1200000.0,2006-01-24,Medium,Active,2026-08-03 12:12:08.856786,2026-08-03 12:12:08.856786,Enterprise System
CUST00005444,Anya,Kade,1983-07-20,Male,anya.kade889@gmail.com,+919892278957,"Engineer, production",300000.0,2015-01-02,High,Closed,2026-08-03 12:12:08.856786,2026-08-03 12:12:08.856786,Enterprise System
CUST00005445,Vaishnavi,Bahri,1994-10-29,Prefer Not to Say,vaishnavi.bahri941@gmail.com,+919171742370,Call centre manager,300000.0,2014-10-22,High,Active,2026-08-03 12:12:08.856786,2026-08-03 12:12:08.856786,Enterprise System
CUST00005446,Baljiwan,Anand,1985-11-13,Prefer Not to Say,baljiwan.anand184@hotmail.com,+919050176218,Cytogeneticist,3500000.0,2006-05-16,Low,Active,2026-08-03 12:12:08.856786,2026-08-03 12:12:08.856786,Enterprise System
CUST00005447,Bachittar,Mitra,1973-01-26,Non-Binary,bachittar.mitra244@gmail.com,+919071528042,Magazine journalist,3500000.0,1998-06-11,Low,Active,2026-08-03 12:12:08.856786,2026-08-03 12:12:08.856786,Enterprise System
CUST00005448,Sarthak,Bains,1954-06-21,Male,sarthak.bains195@outlook.com,+919747159255,Information systems manager,1200000.0,1981-11-10,Medium,Active,2026-08-03 12:12:08.856786,2026-08-03 12:12:08.856786,Enterprise System
CUST00005449,Dhriti,Hari,1969-02-11,Prefer Not to Say,dhriti.hari142@yahoo.com,+919467181995,Location manager,500000.0,2017-08-21,High,Active,2026-08-03 12:12:08.856786,2026-08-03 12:12:08.856786,Enterprise System
CUST00005450,Wahab,Choudhary,2007-06-05,Prefer Not to Say,wahab.choudhary908@gmail.com,+919143834759,Youth worker,800000.0,2026-01-05,Medium,Active,2026-08-03 12:12:08.856786,2026-08-03 12:12:08.856786,Enterprise System
CUST00005451,Yashasvi,Balakrishnan,1981-04-20,Non-Binary,yashasvi.balakrishnan403@hotmail.com,+919450668960,Economist,300000.0,2023-06-04,High,Active,2026-08-03 12:12:08.856786,2026-08-03 12:12:08.856786,Enterprise System
CUST00005452,Vanya,Varughese,1947-05-30,Non-Binary,vanya.varughese531@yahoo.com,+919892372198,Equities trader,300000.0,2023-06-20,High,Active,2026-08-03 12:12:08.856786,2026-08-03 12:12:08.856786,Enterprise System
CUST00005453,Avi,Mangal,1956-09-24,Prefer Not to Say,avi.mangal693@outlook.com,+919481316302,Press photographer,300000.0,1982-09-10,High,Active,2026-08-03 12:12:08.856786,2026-08-03 12:12:08.856786,Enterprise System
CUST00005454,Forum,Rajagopal,1997-08-23,Prefer Not to Say,forum.rajagopal501@outlook.com,+919565457914,"Engineer, manufacturing",800000.0,2018-12-17,Medium,Active,2026-08-03 12:12:08.856786,2026-08-03 12:12:08.856786,Enterprise System
CUST00005455,Vasudha,Date,1999-06-04,Non-Binary,vasudha.date238@gmail.com,+919134569090,"Engineer, drilling",300000.0,2025-10-28,High,Active,2026-08-03 12:12:08.856786,2026-08-03 12:12:08.856786,Enterprise System
CUST00005456,Nisha,Palla,1985-01-13,Female,nisha.palla299@gmail.com,+919328425344,Corporate investment banker,300000.0,2013-09-15,High,Active,2026-08-03 12:12:08.856786,2026-08-03 12:12:08.856786,Enterprise System
CUST00005457,Janaki,Datta,1966-03-27,Female,janaki.datta247@yahoo.com,+919934728103,Broadcast engineer,300000.0,1995-06-22,High,Active,2026-08-03 12:12:08.856786,2026-08-03 12:12:08.856786,Enterprise System
CUST00005458,Ati,Viswanathan,1996-01-11,Male,ati.viswanathan777@yahoo.com,+919582174042,Gaffer,800000.0,2018-05-27,Medium,Active,2026-08-03 12:12:08.856786,2026-08-03 12:12:08.856786,Enterprise System
CUST00005459,Anay,Anand,1995-04-10,Male,anay.anand146@gmail.com,+919062619448,"Psychologist, counselling",800000.0,2025-04-14,Medium,Active,2026-08-03 12:12:08.856786,2026-08-03 12:12:08.856786,Enterprise System
CUST00005460,Devika,Luthra,1949-03-11,Prefer Not to Say,devika.luthra972@outlook.com,+919461106157,Forest/woodland manager,3500000.0,1970-01-10,Low,Active,2026-08-03 12:12:08.856786,2026-08-03 12:12:08.856786,Enterprise System
CUST00005461,Vansha,Mannan,1950-07-17,Male,vansha.mannan971@gmail.com,+919897474540,"Horticulturist, commercial",300000.0,1982-07-09,High,Active,2026-08-03 12:12:08.856786,2026-08-03 12:12:08.856786,Enterprise System
CUST00005462,Sai,Bali,2001-01-02,Prefer Not to Say,sai.bali336@outlook.com,+919477791530,Air broker,2000000.0,2024-08-25,Low,Active,2026-08-03 12:12:08.857795,2026-08-03 12:12:08.857795,Enterprise System
CUST00005463,Varenya,Kohli,1980-06-09,Male,varenya.kohli279@gmail.com,+919767819354,Event organiser,500000.0,2004-11-15,High,Active,2026-08-03 12:12:08.857795,2026-08-03 12:12:08.857795,Enterprise System
CUST00005464,Diya,Lala,1960-07-30,Female,diya.lala818@yahoo.com,+919297329320,Psychiatrist,500000.0,2017-12-10,High,Dormant,2026-08-03 12:12:08.857795,2026-08-03 12:12:08.857795,Enterprise System
CUST00005465,Jhalak,Goswami,1991-01-31,Female,jhalak.goswami267@outlook.com,+919081392293,Speech and language therapist,800000.0,2011-11-15,Medium,Blocked,2026-08-03 12:12:08.857795,2026-08-03 12:12:08.857795,Enterprise System
CUST00005466,Dev,Shroff,1992-12-19,Non-Binary,dev.shroff79@hotmail.com,+919336363292,Games developer,500000.0,2012-10-05,High,Dormant,2026-08-03 12:12:08.857795,2026-08-03 12:12:08.857795,Enterprise System
CUST00005467,Mohini,Atwal,1952-11-10,Male,mohini.atwal2@hotmail.com,+919836045578,"Embryologist, clinical",5000000.0,2015-01-18,Low,Active,2026-08-03 12:12:08.857795,2026-08-03 12:12:08.857795,Enterprise System
CUST00005468,Urvashi,Ghose,1947-08-13,Non-Binary,urvashi.ghose846@outlook.com,+919442934917,Control and instrumentation engineer,3500000.0,1972-06-30,Low,Active,2026-08-03 12:12:08.857795,2026-08-03 12:12:08.857795,Enterprise System
CUST00005469,Oeshi,Bajaj,1988-03-06,Prefer Not to Say,oeshi.bajaj359@yahoo.com,+919228136077,Leisure centre manager,500000.0,2025-10-29,High,Dormant,2026-08-03 12:12:08.857795,2026-08-03 12:12:08.857795,Enterprise System
CUST00005470,Warjas,Ahuja,1950-03-01,Non-Binary,warjas.ahuja83@yahoo.com,+919294528858,Early years teacher,500000.0,2001-08-20,High,Active,2026-08-03 12:12:08.857795,2026-08-03 12:12:08.857795,Enterprise System
CUST00005471,Sneha,Bhargava,1973-11-04,Female,sneha.bhargava611@gmail.com,+919035905702,"Surveyor, land/geomatics",2000000.0,2021-09-06,Low,Active,2026-08-03 12:12:08.857795,2026-08-03 12:12:08.857795,Enterprise System
CUST00005472,Sai,Sur,1986-01-11,Male,sai.sur778@hotmail.com,+919339830107,Bookseller,500000.0,2004-09-01,High,Active,2026-08-03 12:12:08.857795,2026-08-03 12:12:08.857795,Enterprise System
CUST00005473,Omkaar,Kanda,1957-02-25,Non-Binary,omkaar.kanda595@hotmail.com,+919722888138,Public librarian,300000.0,2024-04-01,High,Blocked,2026-08-03 12:12:08.857795,2026-08-03 12:12:08.857795,Enterprise System
CUST00005474,Chaitanya,Char,1956-05-18,Prefer Not to Say,chaitanya.char618@gmail.com,+919097555100,Architect,800000.0,1990-10-31,Medium,Active,2026-08-03 12:12:08.857795,2026-08-03 12:12:08.857795,Enterprise System
CUST00005475,Frederick,Venkataraman,1964-02-02,Male,frederick.venkataraman971@hotmail.com,+919974761657,"Engineer, energy",3500000.0,1982-08-29,Low,Active,2026-08-03 12:12:08.857795,2026-08-03 12:12:08.857795,Enterprise System
CUST00005476,Om,Chhabra,1983-01-30,Non-Binary,om.chhabra770@gmail.com,+919540237288,Writer,300000.0,2012-09-15,High,Active,2026-08-03 12:12:08.857795,2026-08-03 12:12:08.857795,Enterprise System
CUST00005477,Kevin,Chawla,2001-01-30,Non-Binary,kevin.chawla796@gmail.com,+919386044904,Analytical chemist,300000.0,2021-04-22,High,Closed,2026-08-03 12:12:08.857795,2026-08-03 12:12:08.857795,Enterprise System
CUST00005478,Meghana,Tailor,1961-04-22,Male,meghana.tailor118@outlook.com,+919942446106,"Journalist, broadcasting",500000.0,2019-01-23,High,Active,2026-08-03 12:12:08.857795,2026-08-03 12:12:08.857795,Enterprise System
CUST00005479,Lipika,Sur,1959-02-11,Prefer Not to Say,lipika.sur672@yahoo.com,+919284069725,Environmental consultant,300000.0,2025-03-16,High,Dormant,2026-08-03 12:12:08.857795,2026-08-03 12:12:08.857795,Enterprise System
CUST00005480,Yug,Madan,1948-06-04,Male,yug.madan710@hotmail.com,+919113391088,"Psychologist, sport and exercise",300000.0,1977-01-01,High,Active,2026-08-03 12:12:08.857795,2026-08-03 12:12:08.857795,Enterprise System
CUST00005481,Upadhriti,Sule,1946-10-03,Prefer Not to Say,upadhriti.sule71@outlook.com,+919056858963,Theatre manager,1200000.0,2000-05-27,Medium,Active,2026-08-03 12:12:08.857795,2026-08-03 12:12:08.857795,Enterprise System
CUST00005482,Logan,Amble,2007-03-31,Prefer Not to Say,logan.amble855@yahoo.com,+919183519254,Prison officer,300000.0,2025-09-01,High,Active,2026-08-03 12:12:08.857795,2026-08-03 12:12:08.857795,Enterprise System
CUST00005483,Ekaja,Dhar,2006-10-01,Prefer Not to Say,ekaja.dhar641@yahoo.com,+919023296747,Probation officer,2000000.0,2024-12-07,Low,Dormant,2026-08-03 12:12:08.857795,2026-08-03 12:12:08.857795,Enterprise System
CUST00005484,Kai,Pau,1975-05-30,Male,kai.pau574@hotmail.com,+919482284234,Forensic psychologist,500000.0,2017-06-24,High,Active,2026-08-03 12:12:08.857795,2026-08-03 12:12:08.857795,Enterprise System
CUST00005485,Chameli,Vasa,1954-07-11,Non-Binary,chameli.vasa184@hotmail.com,+919711233642,Corporate investment banker,300000.0,2002-03-26,High,Active,2026-08-03 12:12:08.857795,2026-08-03 12:12:08.857795,Enterprise System
CUST00005486,Anvi,Khanna,1993-10-08,Prefer Not to Say,anvi.khanna475@yahoo.com,+919413991804,Government social research officer,800000.0,2018-04-26,Medium,Active,2026-08-03 12:12:08.857795,2026-08-03 12:12:08.857795,Enterprise System
CUST00005487,Bachittar,Rana,1949-09-21,Female,bachittar.rana692@gmail.com,+919779842046,Tourist information centre manager,1200000.0,2017-05-13,Medium,Active,2026-08-03 12:12:08.857795,2026-08-03 12:12:08.857795,Enterprise System
CUST00005488,Ganga,Kunda,1965-11-15,Male,ganga.kunda901@yahoo.com,+919333463129,Conference centre manager,500000.0,1989-08-13,High,Active,2026-08-03 12:12:08.857795,2026-08-03 12:12:08.857795,Enterprise System
CUST00005489,Aarush,Devi,1975-07-21,Non-Binary,aarush.devi43@hotmail.com,+919644339918,Barrister,300000.0,2008-02-19,High,Active,2026-08-03 12:12:08.858794,2026-08-03 12:12:08.858794,Enterprise System
CUST00005490,Jasmit,Rama,1963-04-23,Non-Binary,jasmit.rama194@outlook.com,+919460247536,Hydrologist,800000.0,1987-10-08,Medium,Active,2026-08-03 12:12:08.858794,2026-08-03 12:12:08.858794,Enterprise System
CUST00005491,Xalak,Varty,1973-12-27,Male,xalak.varty907@gmail.com,+919716453848,Glass blower/designer,300000.0,2025-07-08,High,Active,2026-08-03 12:12:08.858794,2026-08-03 12:12:08.858794,Enterprise System
CUST00005492,Amruta,Kata,1974-01-22,Female,amruta.kata675@hotmail.com,+919946263335,"Therapist, art",1200000.0,2014-07-13,Medium,Active,2026-08-03 12:12:08.858794,2026-08-03 12:12:08.858794,Enterprise System
CUST00005493,Ojas,Dhaliwal,1980-08-16,Male,ojas.dhaliwal185@yahoo.com,+919368990004,Trade mark attorney,800000.0,2013-01-04,Medium,Active,2026-08-03 12:12:08.858794,2026-08-03 12:12:08.858794,Enterprise System
CUST00005494,Harish,Thakkar,1966-05-29,Male,harish.thakkar494@hotmail.com,+919749676219,Health service manager,500000.0,2020-12-23,High,Active,2026-08-03 12:12:08.858794,2026-08-03 12:12:08.858794,Enterprise System
CUST00005495,Harshil,Chana,1965-10-10,Female,harshil.chana926@hotmail.com,+919368542967,Microbiologist,300000.0,1985-07-24,High,Active,2026-08-03 12:12:08.858794,2026-08-03 12:12:08.858794,Enterprise System
CUST00005496,Ekaja,Gaba,1961-02-23,Prefer Not to Say,ekaja.gaba837@gmail.com,+919038316558,Camera operator,300000.0,1982-09-15,High,Active,2026-08-03 12:12:08.858794,2026-08-03 12:12:08.858794,Enterprise System
CUST00005497,Avni,Chaudhry,1975-07-14,Male,avni.chaudhry54@yahoo.com,+919578081531,Actor,500000.0,2014-11-15,High,Active,2026-08-03 12:12:08.858794,2026-08-03 12:12:08.858794,Enterprise System
CUST00005498,Devansh,Ramakrishnan,1987-10-18,Male,devansh.ramakrishnan437@outlook.com,+919431678729,Cytogeneticist,500000.0,2026-07-25,High,Active,2026-08-03 12:12:08.858794,2026-08-03 12:12:08.858794,Enterprise System
CUST00005499,Vamakshi,Mandal,1960-08-14,Female,vamakshi.mandal867@outlook.com,+919534614593,Toxicologist,500000.0,1982-12-02,High,Active,2026-08-03 12:12:08.858794,2026-08-03 12:12:08.858794,Enterprise System
CUST00005500,Anika,Kata,1992-12-05,Non-Binary,anika.kata277@yahoo.com,+919347907294,Pension scheme manager,300000.0,2011-06-25,High,Active,2026-08-03 12:12:08.858794,2026-08-03 12:12:08.858794,Enterprise System
CUST00005501,Ryan,Bobal,2004-05-01,Female,ryan.bobal969@yahoo.com,+919032807275,Proofreader,1200000.0,2023-04-15,Medium,Active,2026-08-03 12:12:08.858794,2026-08-03 12:12:08.858794,Enterprise System
CUST00005502,Chatresh,Banerjee,1994-03-08,Prefer Not to Say,chatresh.banerjee645@yahoo.com,+919681028840,"Merchandiser, retail",300000.0,2021-06-28,High,Dormant,2026-08-03 12:12:08.858794,2026-08-03 12:12:08.858794,Enterprise System
CUST00005503,Panini,Chaudhari,1972-06-20,Non-Binary,panini.chaudhari793@yahoo.com,+919760535372,Counsellor,300000.0,1992-03-09,High,Closed,2026-08-03 12:12:08.858794,2026-08-03 12:12:08.858794,Enterprise System
CUST00005504,Simon,Padmanabhan,1975-07-07,Female,simon.padmanabhan714@gmail.com,+919876195197,Politician's assistant,800000.0,1996-11-22,Medium,Dormant,2026-08-03 12:12:08.858794,2026-08-03 12:12:08.858794,Enterprise System
CUST00005505,Jacob,Brar,1949-04-05,Non-Binary,jacob.brar570@outlook.com,+919117079569,Risk analyst,300000.0,2018-03-05,High,Active,2026-08-03 12:12:08.858794,2026-08-03 12:12:08.858794,Enterprise System
CUST00005506,Siddharth,Pal,1998-02-19,Prefer Not to Say,siddharth.pal211@hotmail.com,+919077605983,Radio producer,500000.0,2022-11-27,High,Active,2026-08-03 12:12:08.858794,2026-08-03 12:12:08.858794,Enterprise System
CUST00005507,Ira,Johal,1983-07-25,Male,ira.johal852@yahoo.com,+919755502168,"Education officer, environmental",500000.0,2021-09-27,High,Active,2026-08-03 12:12:08.858794,2026-08-03 12:12:08.858794,Enterprise System
CUST00005508,Ranveer,Mann,1989-07-06,Female,ranveer.mann202@outlook.com,+919350327878,Nutritional therapist,300000.0,2008-01-14,High,Active,2026-08-03 12:12:08.858794,2026-08-03 12:12:08.858794,Enterprise System
CUST00005509,Neel,Gala,1964-11-24,Non-Binary,neel.gala780@outlook.com,+919758809379,Broadcast presenter,300000.0,1985-09-11,High,Active,2026-08-03 12:12:08.858794,2026-08-03 12:12:08.858794,Enterprise System
CUST00005510,Ijaya,Ahuja,1972-07-10,Prefer Not to Say,ijaya.ahuja514@yahoo.com,+919381633207,Chiropractor,3500000.0,2001-12-01,Low,Active,2026-08-03 12:12:08.858794,2026-08-03 12:12:08.858794,Enterprise System
CUST00005511,Vasatika,Bhargava,1989-05-28,Prefer Not to Say,vasatika.bhargava158@gmail.com,+919040326201,Logistics and distribution manager,300000.0,2018-09-15,High,Active,2026-08-03 12:12:08.858794,2026-08-03 12:12:08.858794,Enterprise System
CUST00005512,Owen,Singhal,1948-01-25,Female,owen.singhal743@gmail.com,+919518136435,Pensions consultant,800000.0,1984-10-15,Medium,Active,2026-08-03 12:12:08.858794,2026-08-03 12:12:08.858794,Enterprise System
CUST00005513,Vihaan,Kala,1980-12-01,Prefer Not to Say,vihaan.kala272@yahoo.com,+919681760214,Trade union research officer,2000000.0,2022-11-02,Low,Active,2026-08-03 12:12:08.858794,2026-08-03 12:12:08.858794,Enterprise System
CUST00005514,Oliver,Shere,1962-04-28,Female,oliver.shere378@yahoo.com,+919273838122,Retail merchandiser,300000.0,2006-05-23,High,Active,2026-08-03 12:12:08.858794,2026-08-03 12:12:08.858794,Enterprise System
CUST00005515,Azaan,Thaker,1959-06-29,Prefer Not to Say,azaan.thaker912@yahoo.com,+919859146045,Building surveyor,2000000.0,2023-11-10,Low,Blocked,2026-08-03 12:12:08.859795,2026-08-03 12:12:08.859795,Enterprise System
CUST00005516,Teerth,Kala,2001-09-19,Female,teerth.kala704@yahoo.com,+919253338462,Film/video editor,2000000.0,2025-01-13,Low,Active,2026-08-03 12:12:08.859795,2026-08-03 12:12:08.859795,Enterprise System
CUST00005517,Hiral,Uppal,1996-06-18,Prefer Not to Say,hiral.uppal890@hotmail.com,+919338219385,Commissioning editor,300000.0,2016-02-24,High,Active,2026-08-03 12:12:08.859795,2026-08-03 12:12:08.859795,Enterprise System
CUST00005518,Gaurika,Balakrishnan,1989-03-21,Prefer Not to Say,gaurika.balakrishnan972@hotmail.com,+919648321768,Civil Service administrator,500000.0,2024-09-30,High,Active,2026-08-03 12:12:08.859795,2026-08-03 12:12:08.859795,Enterprise System
CUST00005519,Sara,Bobal,1964-07-03,Female,sara.bobal646@yahoo.com,+919446157753,Chartered loss adjuster,300000.0,2002-05-12,High,Dormant,2026-08-03 12:12:08.859795,2026-08-03 12:12:08.859795,Enterprise System
CUST00005520,Forum,Balakrishnan,1953-01-21,Non-Binary,forum.balakrishnan711@yahoo.com,+919762820215,"Buyer, retail",500000.0,2015-02-23,High,Active,2026-08-03 12:12:08.859795,2026-08-03 12:12:08.859795,Enterprise System
CUST00005521,Ethan,Lad,1979-08-23,Female,ethan.lad845@hotmail.com,+919964793614,Graphic designer,1200000.0,2006-06-21,Medium,Active,2026-08-03 12:12:08.859795,2026-08-03 12:12:08.859795,Enterprise System
CUST00005522,Simon,Chanda,2006-11-04,Female,simon.chanda570@hotmail.com,+919968909980,Commercial/residential surveyor,800000.0,2026-05-30,Medium,Active,2026-08-03 12:12:08.859795,2026-08-03 12:12:08.859795,Enterprise System
CUST00005523,Ranbir,Nayak,1956-01-19,Female,ranbir.nayak14@outlook.com,+919569710576,"Programmer, applications",3500000.0,1980-04-30,Low,Blocked,2026-08-03 12:12:08.859795,2026-08-03 12:12:08.859795,Enterprise System
CUST00005524,Ishaan,Kala,1961-08-18,Prefer Not to Say,ishaan.kala418@gmail.com,+919482197875,Systems analyst,1200000.0,1992-10-12,Medium,Active,2026-08-03 12:12:08.859795,2026-08-03 12:12:08.859795,Enterprise System
CUST00005525,Aditya,Dash,1952-03-15,Non-Binary,aditya.dash412@gmail.com,+919622177644,Commissioning editor,300000.0,1979-10-19,High,Active,2026-08-03 12:12:08.859795,2026-08-03 12:12:08.859795,Enterprise System
CUST00005526,Ikshita,Sinha,1951-08-13,Female,ikshita.sinha514@outlook.com,+919515956345,Medical secretary,300000.0,2003-11-10,High,Active,2026-08-03 12:12:08.859795,2026-08-03 12:12:08.859795,Enterprise System
CUST00005527,Zilmil,Chopra,1965-01-14,Prefer Not to Say,zilmil.chopra181@outlook.com,+919049782924,Automotive engineer,500000.0,1994-01-26,High,Active,2026-08-03 12:12:08.859795,2026-08-03 12:12:08.859795,Enterprise System
CUST00005528,Zinal,Bhardwaj,2005-08-04,Male,zinal.bhardwaj560@hotmail.com,+919037212019,"Development worker, community",800000.0,2025-01-23,Medium,Blocked,2026-08-03 12:12:08.859795,2026-08-03 12:12:08.859795,Enterprise System
CUST00005529,Ranveer,Biswas,1958-03-31,Female,ranveer.biswas982@outlook.com,+919874732824,Production engineer,800000.0,2007-10-27,Medium,Active,2026-08-03 12:12:08.859795,2026-08-03 12:12:08.859795,Enterprise System
CUST00005530,Oni,Bhargava,1969-03-30,Prefer Not to Say,oni.bhargava950@hotmail.com,+919375133500,"Loss adjuster, chartered",1200000.0,2024-07-17,Medium,Active,2026-08-03 12:12:08.859795,2026-08-03 12:12:08.859795,Enterprise System
CUST00005531,Sai,Mitter,1948-04-11,Prefer Not to Say,sai.mitter394@yahoo.com,+919958806979,Publishing rights manager,300000.0,1973-07-12,High,Active,2026-08-03 12:12:08.860389,2026-08-03 12:12:08.860389,Enterprise System
CUST00005532,Raghav,Parmar,2004-12-04,Non-Binary,raghav.parmar139@hotmail.com,+919492338182,"Scientist, physiological",300000.0,2023-11-24,High,Active,2026-08-03 12:12:08.860389,2026-08-03 12:12:08.860389,Enterprise System
CUST00005533,Hemang,Mahal,2004-04-04,Prefer Not to Say,hemang.mahal494@yahoo.com,+919946715218,Osteopath,300000.0,2022-07-10,High,Active,2026-08-03 12:12:08.860389,2026-08-03 12:12:08.860389,Enterprise System
CUST00005534,Janya,Nagarajan,1990-08-30,Female,janya.nagarajan164@gmail.com,+919741183687,Database administrator,300000.0,2011-08-27,High,Active,2026-08-03 12:12:08.860389,2026-08-03 12:12:08.860389,Enterprise System
CUST00005535,Luke,Chander,1983-07-23,Female,luke.chander574@gmail.com,+919661462067,Herbalist,300000.0,2008-11-27,High,Active,2026-08-03 12:12:08.860389,2026-08-03 12:12:08.860389,Enterprise System
CUST00005536,Dalbir,Dhar,1953-05-28,Non-Binary,dalbir.dhar298@gmail.com,+919288005989,"Teacher, special educational needs",500000.0,1975-07-28,High,Active,2026-08-03 12:12:08.860389,2026-08-03 12:12:08.860389,Enterprise System
CUST00005537,Unni,Sachdev,2001-04-09,Female,unni.sachdev113@outlook.com,+919029016853,Pension scheme manager,300000.0,2026-07-27,High,Active,2026-08-03 12:12:08.860389,2026-08-03 12:12:08.860389,Enterprise System
CUST00005538,Qarin,Kalita,1983-07-05,Male,qarin.kalita806@yahoo.com,+919862982842,Clinical biochemist,800000.0,2026-06-19,Medium,Blocked,2026-08-03 12:12:08.860389,2026-08-03 12:12:08.860389,Enterprise System
CUST00005539,Wriddhish,Sethi,1997-12-27,Female,wriddhish.sethi959@hotmail.com,+919629534735,Conference centre manager,300000.0,2017-09-03,High,Active,2026-08-03 12:12:08.860389,2026-08-03 12:12:08.860389,Enterprise System
CUST00005540,Osha,Narula,2002-04-24,Non-Binary,osha.narula91@yahoo.com,+919511111041,"Teacher, music",2000000.0,2025-06-20,Low,Closed,2026-08-03 12:12:08.860389,2026-08-03 12:12:08.860389,Enterprise System
CUST00005541,Vasatika,Bedi,1960-07-13,Male,vasatika.bedi285@outlook.com,+919750982939,"Engineer, automotive",300000.0,1998-06-09,High,Active,2026-08-03 12:12:08.860389,2026-08-03 12:12:08.860389,Enterprise System
CUST00005542,Jalsa,Saxena,1973-11-03,Prefer Not to Say,jalsa.saxena789@outlook.com,+919842575672,Sport and exercise psychologist,1200000.0,1991-11-13,Medium,Active,2026-08-03 12:12:08.860389,2026-08-03 12:12:08.860389,Enterprise System
CUST00005543,Harinakshi,Dara,1948-11-11,Non-Binary,harinakshi.dara818@hotmail.com,+919619140332,"Clinical scientist, histocompatibility and immunogenetics",800000.0,1977-05-23,Medium,Active,2026-08-03 12:12:08.860389,2026-08-03 12:12:08.860389,Enterprise System
CUST00005544,Kiaan,Goda,1970-10-13,Prefer Not to Say,kiaan.goda327@yahoo.com,+919195015283,Bookseller,300000.0,1999-10-25,High,Active,2026-08-03 12:12:08.860389,2026-08-03 12:12:08.860389,Enterprise System
CUST00005545,Sachi,Kuruvilla,1963-07-12,Non-Binary,sachi.kuruvilla536@hotmail.com,+919863462936,"Accountant, chartered certified",1200000.0,2016-01-20,Medium,Active,2026-08-03 12:12:08.860389,2026-08-03 12:12:08.860389,Enterprise System
CUST00005546,Upkaar,Modi,1967-05-24,Prefer Not to Say,upkaar.modi49@hotmail.com,+919415731666,Geophysical data processor,1200000.0,2011-12-16,Medium,Active,2026-08-03 12:12:08.860389,2026-08-03 12:12:08.860389,Enterprise System
CUST00005547,Urvashi,Chana,1995-03-09,Prefer Not to Say,urvashi.chana519@outlook.com,+919259543027,Quality manager,500000.0,2019-03-23,High,Active,2026-08-03 12:12:08.860389,2026-08-03 12:12:08.860389,Enterprise System
CUST00005548,Alexander,Mohan,2000-09-06,Female,alexander.mohan988@hotmail.com,+919290848589,Haematologist,300000.0,2023-06-13,High,Active,2026-08-03 12:12:08.860389,2026-08-03 12:12:08.860389,Enterprise System
CUST00005549,Raagini,Rattan,1972-07-02,Female,raagini.rattan798@gmail.com,+919335622118,"Investment banker, corporate",300000.0,2018-06-22,High,Active,2026-08-03 12:12:08.860389,2026-08-03 12:12:08.860389,Enterprise System
CUST00005550,Lucky,Contractor,1948-12-15,Non-Binary,lucky.contractor490@yahoo.com,+919038066191,Fish farm manager,2000000.0,2015-12-23,Low,Active,2026-08-03 12:12:08.860389,2026-08-03 12:12:08.860389,Enterprise System
CUST00005551,Rajata,Sathe,2003-12-06,Male,rajata.sathe701@outlook.com,+919428184635,"Designer, furniture",800000.0,2025-08-05,Medium,Active,2026-08-03 12:12:08.860389,2026-08-03 12:12:08.860389,Enterprise System
CUST00005552,Sachi,Ram,2003-05-13,Female,sachi.ram573@gmail.com,+919334204556,"Editor, commissioning",500000.0,2025-10-05,High,Active,2026-08-03 12:12:08.860389,2026-08-03 12:12:08.860389,Enterprise System
CUST00005553,Yashasvi,Morar,2003-04-29,Non-Binary,yashasvi.morar581@yahoo.com,+919856348625,"Editor, commissioning",300000.0,2025-07-26,High,Active,2026-08-03 12:12:08.860389,2026-08-03 12:12:08.860389,Enterprise System
CUST00005554,Varsha,Thaker,1953-06-06,Prefer Not to Say,varsha.thaker476@gmail.com,+919143450708,"Administrator, Civil Service",500000.0,1986-09-17,High,Active,2026-08-03 12:12:08.860389,2026-08-03 12:12:08.860389,Enterprise System
CUST00005555,Vincent,Kothari,1958-11-18,Male,vincent.kothari547@gmail.com,+919021921558,Education administrator,800000.0,1998-03-31,Medium,Active,2026-08-03 12:12:08.860389,2026-08-03 12:12:08.860389,Enterprise System
CUST00005556,Devika,Gara,1971-05-31,Male,devika.gara179@hotmail.com,+919572881679,Research scientist (life sciences),300000.0,1995-12-20,High,Active,2026-08-03 12:12:08.860389,2026-08-03 12:12:08.860389,Enterprise System
CUST00005557,Ekani,Mistry,1957-06-04,Male,ekani.mistry59@hotmail.com,+919528498438,Senior tax professional/tax inspector,1200000.0,1997-12-09,Medium,Active,2026-08-03 12:12:08.860389,2026-08-03 12:12:08.860389,Enterprise System
CUST00005558,Rachana,Mangat,1971-06-05,Male,rachana.mangat940@hotmail.com,+919943097880,Clinical cytogeneticist,300000.0,1992-06-29,High,Active,2026-08-03 12:12:08.860389,2026-08-03 12:12:08.860389,Enterprise System
CUST00005559,Ethan,Prabhakar,1965-10-27,Prefer Not to Say,ethan.prabhakar780@outlook.com,+919432013392,Translator,300000.0,2016-07-26,High,Active,2026-08-03 12:12:08.860389,2026-08-03 12:12:08.860389,Enterprise System
CUST00005560,Ansh,Patla,1970-10-02,Prefer Not to Say,ansh.patla318@hotmail.com,+919925016595,Aid worker,500000.0,2004-06-14,High,Active,2026-08-03 12:12:08.861482,2026-08-03 12:12:08.861482,Enterprise System
CUST00005561,Kevin,Ray,1965-01-18,Male,kevin.ray278@outlook.com,+919752786190,Art therapist,1200000.0,2017-08-19,Medium,Active,2026-08-03 12:12:08.861482,2026-08-03 12:12:08.861482,Enterprise System
CUST00005562,Yashodhara,Sha,1989-06-11,Prefer Not to Say,yashodhara.sha858@outlook.com,+919310916485,Science writer,500000.0,2008-01-13,High,Active,2026-08-03 12:12:08.861482,2026-08-03 12:12:08.861482,Enterprise System
CUST00005563,Darpan,Kibe,1985-12-23,Non-Binary,darpan.kibe884@hotmail.com,+919482289639,Press photographer,2000000.0,2010-10-11,Low,Active,2026-08-03 12:12:08.861482,2026-08-03 12:12:08.861482,Enterprise System
CUST00005564,Baghyawati,Bhakta,1951-11-29,Prefer Not to Say,baghyawati.bhakta27@yahoo.com,+919691495883,Photographer,3500000.0,2013-02-27,Low,Active,2026-08-03 12:12:08.861482,2026-08-03 12:12:08.861482,Enterprise System
CUST00005565,Madhavi,Nadkarni,1996-12-27,Non-Binary,madhavi.nadkarni658@hotmail.com,+919882945756,Advice worker,500000.0,2020-07-25,High,Active,2026-08-03 12:12:08.861482,2026-08-03 12:12:08.861482,Enterprise System
CUST00005566,Edhitha,Goel,2008-06-13,Female,edhitha.goel312@gmail.com,+919994362358,Lexicographer,300000.0,2026-07-28,High,Active,2026-08-03 12:12:08.861482,2026-08-03 12:12:08.861482,Enterprise System
CUST00005567,Matthew,Dugar,1967-01-08,Prefer Not to Say,matthew.dugar756@outlook.com,+919312151130,Landscape architect,300000.0,1993-05-26,High,Active,2026-08-03 12:12:08.861482,2026-08-03 12:12:08.861482,Enterprise System
CUST00005568,Ekapad,Minhas,1988-07-25,Female,ekapad.minhas362@outlook.com,+919092676238,"Accountant, chartered certified",300000.0,2021-05-31,High,Active,2026-08-03 12:12:08.861482,2026-08-03 12:12:08.861482,Enterprise System
CUST00005569,Avi,Sarkar,1996-02-01,Non-Binary,avi.sarkar988@yahoo.com,+919271120599,Hotel manager,500000.0,2015-05-22,High,Active,2026-08-03 12:12:08.861482,2026-08-03 12:12:08.861482,Enterprise System
CUST00005570,Veer,Vohra,1950-03-14,Prefer Not to Say,veer.vohra689@hotmail.com,+919346393611,Banker,800000.0,1968-07-27,Medium,Blocked,2026-08-03 12:12:08.861482,2026-08-03 12:12:08.861482,Enterprise System
CUST00005571,Nicholas,Sawhney,2002-04-20,Prefer Not to Say,nicholas.sawhney901@gmail.com,+919217552860,Museum education officer,300000.0,2023-02-16,High,Active,2026-08-03 12:12:08.861482,2026-08-03 12:12:08.861482,Enterprise System
CUST00005572,Ekansh,Naidu,1968-10-01,Prefer Not to Say,ekansh.naidu437@yahoo.com,+919532780163,Agricultural consultant,500000.0,2024-09-28,High,Active,2026-08-03 12:12:08.861482,2026-08-03 12:12:08.861482,Enterprise System
CUST00005573,Theodore,Jha,1970-01-13,Prefer Not to Say,theodore.jha777@hotmail.com,+919286735610,Mudlogger,300000.0,2011-11-16,High,Active,2026-08-03 12:12:08.861482,2026-08-03 12:12:08.861482,Enterprise System
CUST00005574,Ranbir,Parsa,1982-01-20,Female,ranbir.parsa665@hotmail.com,+919281323855,Trading standards officer,1200000.0,2024-02-22,Medium,Closed,2026-08-03 12:12:08.861482,2026-08-03 12:12:08.861482,Enterprise System
CUST00005575,Pranit,Gour,1990-12-24,Non-Binary,pranit.gour810@outlook.com,+919674997617,Investment analyst,300000.0,2015-07-04,High,Active,2026-08-03 12:12:08.861482,2026-08-03 12:12:08.861482,Enterprise System
CUST00005576,Bakhshi,Hora,1947-02-19,Non-Binary,bakhshi.hora973@outlook.com,+919193024243,Psychiatrist,300000.0,1995-12-19,High,Active,2026-08-03 12:12:08.861482,2026-08-03 12:12:08.861482,Enterprise System
CUST00005577,Hredhaan,Mitter,1971-06-29,Male,hredhaan.mitter158@yahoo.com,+919743660885,Press sub,2000000.0,2023-10-13,Low,Active,2026-08-03 12:12:08.861482,2026-08-03 12:12:08.861482,Enterprise System
CUST00005578,Abhimanyu,Gole,1958-03-05,Female,abhimanyu.gole566@gmail.com,+919492652871,"Designer, graphic",2000000.0,2008-09-06,Low,Active,2026-08-03 12:12:08.861482,2026-08-03 12:12:08.861482,Enterprise System
CUST00005579,Gabriel,Sankaran,1954-08-09,Prefer Not to Say,gabriel.sankaran590@yahoo.com,+919154175212,"Engineer, biomedical",500000.0,1994-01-07,High,Active,2026-08-03 12:12:08.861482,2026-08-03 12:12:08.861482,Enterprise System
CUST00005580,Hemang,Panchal,1958-09-04,Male,hemang.panchal33@outlook.com,+919454078304,"Geologist, wellsite",300000.0,2009-07-24,High,Active,2026-08-03 12:12:08.861482,2026-08-03 12:12:08.861482,Enterprise System
CUST00005581,Saksham,Sant,1981-03-28,Female,saksham.sant58@yahoo.com,+919964968292,Barrister,1200000.0,2018-10-03,Medium,Active,2026-08-03 12:12:08.861482,2026-08-03 12:12:08.861482,Enterprise System
CUST00005582,Chaitanya,Pai,1962-02-08,Prefer Not to Say,chaitanya.pai91@hotmail.com,+919275638694,Adult nurse,500000.0,2023-12-13,High,Blocked,2026-08-03 12:12:08.861482,2026-08-03 12:12:08.861482,Enterprise System
CUST00005583,Kashvi,Sarna,1967-11-06,Non-Binary,kashvi.sarna183@gmail.com,+919087465721,Oceanographer,500000.0,1998-04-18,High,Active,2026-08-03 12:12:08.861482,2026-08-03 12:12:08.861482,Enterprise System
CUST00005584,Harinakshi,Natt,1984-07-22,Female,harinakshi.natt433@yahoo.com,+919849765526,Sports administrator,500000.0,2011-02-12,High,Active,2026-08-03 12:12:08.861482,2026-08-03 12:12:08.861482,Enterprise System
CUST00005585,Damyanti,Nagarajan,2001-09-08,Male,damyanti.nagarajan411@yahoo.com,+919090887313,Tour manager,800000.0,2025-10-15,Medium,Active,2026-08-03 12:12:08.861482,2026-08-03 12:12:08.861482,Enterprise System
CUST00005586,Pooja,Chaudhuri,1975-07-24,Male,pooja.chaudhuri990@outlook.com,+919086810370,Advertising copywriter,500000.0,2010-01-23,High,Active,2026-08-03 12:12:08.861482,2026-08-03 12:12:08.861482,Enterprise System
CUST00005587,Kashvi,Nanda,1984-04-04,Female,kashvi.nanda808@outlook.com,+919137706658,"Surveyor, quantity",500000.0,2014-08-10,High,Active,2026-08-03 12:12:08.861482,2026-08-03 12:12:08.861482,Enterprise System
CUST00005588,Saumya,Doctor,1986-07-26,Non-Binary,saumya.doctor138@hotmail.com,+919032904221,Trade union research officer,300000.0,2022-12-08,High,Active,2026-08-03 12:12:08.862490,2026-08-03 12:12:08.862490,Enterprise System
CUST00005589,Manbir,Nath,1991-03-16,Non-Binary,manbir.nath267@gmail.com,+919191425399,Further education lecturer,300000.0,2011-08-16,High,Active,2026-08-03 12:12:08.862490,2026-08-03 12:12:08.862490,Enterprise System
CUST00005590,Hemangini,Khare,1964-11-24,Prefer Not to Say,hemangini.khare876@yahoo.com,+919915911563,"Journalist, magazine",300000.0,1987-12-31,High,Active,2026-08-03 12:12:08.862490,2026-08-03 12:12:08.862490,Enterprise System
CUST00005591,Tanay,Bora,1970-04-16,Female,tanay.bora301@yahoo.com,+919693334112,Manufacturing systems engineer,300000.0,2018-05-09,High,Active,2026-08-03 12:12:08.862490,2026-08-03 12:12:08.862490,Enterprise System
CUST00005592,Prisha,Ramachandran,1948-12-28,Non-Binary,prisha.ramachandran571@gmail.com,+919544113750,"Investment banker, corporate",500000.0,1977-08-30,High,Active,2026-08-03 12:12:08.862490,2026-08-03 12:12:08.862490,Enterprise System
CUST00005593,Ikbal,Merchant,1947-04-13,Non-Binary,ikbal.merchant436@hotmail.com,+919325100992,IT sales professional,300000.0,1966-08-27,High,Active,2026-08-03 12:12:08.862490,2026-08-03 12:12:08.862490,Enterprise System
CUST00005594,Raagini,Yohannan,1965-12-13,Non-Binary,raagini.yohannan68@yahoo.com,+919044290497,Technical sales engineer,300000.0,1992-05-06,High,Active,2026-08-03 12:12:08.862490,2026-08-03 12:12:08.862490,Enterprise System
CUST00005595,Jagrati,Rege,1974-05-07,Female,jagrati.rege649@outlook.com,+919637187036,Paediatric nurse,1200000.0,1999-03-12,Medium,Active,2026-08-03 12:12:08.862490,2026-08-03 12:12:08.862490,Enterprise System
CUST00005596,Dayamai,Merchant,1975-09-28,Female,dayamai.merchant826@gmail.com,+919614647216,Holiday representative,300000.0,2012-08-23,High,Active,2026-08-03 12:12:08.862490,2026-08-03 12:12:08.862490,Enterprise System
CUST00005597,Qadim,Sur,1994-04-16,Female,qadim.sur366@yahoo.com,+919464729522,"Engineer, chemical",500000.0,2019-09-21,High,Active,2026-08-03 12:12:08.862490,2026-08-03 12:12:08.862490,Enterprise System
CUST00005598,Eesha,Ganesh,1985-10-24,Male,eesha.ganesh528@gmail.com,+919595647364,Media planner,500000.0,2021-07-25,High,Active,2026-08-03 12:12:08.862490,2026-08-03 12:12:08.862490,Enterprise System
CUST00005599,Aarav,Prabhakar,1995-08-07,Prefer Not to Say,aarav.prabhakar655@yahoo.com,+919534700333,Sales executive,500000.0,2025-05-09,High,Active,2026-08-03 12:12:08.862490,2026-08-03 12:12:08.862490,Enterprise System
CUST00005600,Gunbir,Goyal,1950-09-23,Male,gunbir.goyal138@hotmail.com,+919439828958,"Psychologist, sport and exercise",300000.0,1973-05-20,High,Active,2026-08-03 12:12:08.862490,2026-08-03 12:12:08.862490,Enterprise System
CUST00005601,Vaishnavi,Oza,1954-02-16,Female,vaishnavi.oza315@gmail.com,+919490592668,Air traffic controller,300000.0,2011-12-31,High,Active,2026-08-03 12:12:08.862490,2026-08-03 12:12:08.862490,Enterprise System
CUST00005602,Raksha,Lad,1990-12-18,Male,raksha.lad943@outlook.com,+919127462769,Commercial horticulturist,1200000.0,2012-12-01,Medium,Active,2026-08-03 12:12:08.862490,2026-08-03 12:12:08.862490,Enterprise System
CUST00005603,Damyanti,Sagar,1991-02-19,Non-Binary,damyanti.sagar292@gmail.com,+919459835517,Electronics engineer,300000.0,2015-07-31,High,Active,2026-08-03 12:12:08.862490,2026-08-03 12:12:08.862490,Enterprise System
CUST00005604,Anita,Prasad,1992-12-09,Prefer Not to Say,anita.prasad805@yahoo.com,+919984844290,Materials engineer,500000.0,2017-08-08,High,Active,2026-08-03 12:12:08.862490,2026-08-03 12:12:08.862490,Enterprise System
CUST00005605,Saksham,Sami,1950-03-07,Male,saksham.sami316@gmail.com,+919957035245,Estate agent,300000.0,1972-02-22,High,Active,2026-08-03 12:12:08.862490,2026-08-03 12:12:08.862490,Enterprise System
CUST00005606,Arunima,Pandey,1982-03-16,Non-Binary,arunima.pandey796@gmail.com,+919717806321,Cabin crew,300000.0,2010-10-19,High,Active,2026-08-03 12:12:08.862490,2026-08-03 12:12:08.862490,Enterprise System
CUST00005607,Vinaya,Nazareth,1952-06-11,Prefer Not to Say,vinaya.nazareth230@outlook.com,+919189066809,Dentist,1200000.0,1998-12-23,Medium,Active,2026-08-03 12:12:08.862490,2026-08-03 12:12:08.862490,Enterprise System
CUST00005608,Harsh,Tandon,1990-10-21,Prefer Not to Say,harsh.tandon861@gmail.com,+919389412643,Health and safety inspector,300000.0,2013-01-08,High,Active,2026-08-03 12:12:08.862490,2026-08-03 12:12:08.862490,Enterprise System
CUST00005609,Yauvani,Dugal,1953-12-30,Female,yauvani.dugal377@yahoo.com,+919797692670,Art therapist,300000.0,1982-08-21,High,Active,2026-08-03 12:12:08.862490,2026-08-03 12:12:08.862490,Enterprise System
CUST00005610,Watika,Sawhney,1982-08-29,Male,watika.sawhney283@hotmail.com,+919595812997,"Development worker, international aid",3500000.0,2001-09-10,Low,Active,2026-08-03 12:12:08.862490,2026-08-03 12:12:08.862490,Enterprise System
CUST00005611,Deepa,Ravel,2007-09-30,Prefer Not to Say,deepa.ravel795@outlook.com,+919645029066,Advertising copywriter,500000.0,2026-06-05,High,Active,2026-08-03 12:12:08.862490,2026-08-03 12:12:08.862490,Enterprise System
CUST00005612,Urishilla,Desai,1969-04-08,Female,urishilla.desai11@hotmail.com,+919337415371,Banker,500000.0,1997-08-02,High,Active,2026-08-03 12:12:08.862490,2026-08-03 12:12:08.862490,Enterprise System
CUST00005613,Amruta,Natt,1961-07-25,Prefer Not to Say,amruta.natt31@gmail.com,+919578406677,Chartered certified accountant,300000.0,2018-08-05,High,Active,2026-08-03 12:12:08.862490,2026-08-03 12:12:08.862490,Enterprise System
CUST00005614,Bhavya,Bava,1948-12-22,Prefer Not to Say,bhavya.bava419@hotmail.com,+919013201789,Recruitment consultant,2000000.0,1971-06-18,Low,Active,2026-08-03 12:12:08.863482,2026-08-03 12:12:08.863482,Enterprise System
CUST00005615,Jonathan,Grover,1986-09-28,Prefer Not to Say,jonathan.grover814@hotmail.com,+919970788879,Early years teacher,500000.0,2007-11-19,High,Active,2026-08-03 12:12:08.863482,2026-08-03 12:12:08.863482,Enterprise System
CUST00005616,Timothy,Shere,1990-07-13,Non-Binary,timothy.shere191@outlook.com,+919869389431,Podiatrist,300000.0,2024-10-29,High,Active,2026-08-03 12:12:08.863482,2026-08-03 12:12:08.863482,Enterprise System
CUST00005617,Gaurav,Mutti,1950-03-03,Non-Binary,gaurav.mutti917@hotmail.com,+919862132507,Charity fundraiser,300000.0,2000-12-17,High,Active,2026-08-03 12:12:08.863482,2026-08-03 12:12:08.863482,Enterprise System
CUST00005618,Forum,Prabhu,1954-09-30,Male,forum.prabhu863@yahoo.com,+919948669283,Museum/gallery exhibitions officer,1200000.0,2021-12-11,Medium,Active,2026-08-03 12:12:08.863482,2026-08-03 12:12:08.863482,Enterprise System
CUST00005619,Jalsa,Gara,1996-05-24,Male,jalsa.gara805@yahoo.com,+919613554992,Health promotion specialist,500000.0,2024-11-26,High,Blocked,2026-08-03 12:12:08.863482,2026-08-03 12:12:08.863482,Enterprise System
CUST00005620,Harini,Gara,1958-09-18,Male,harini.gara57@yahoo.com,+919466467875,"Teacher, adult education",800000.0,1994-02-22,Medium,Active,2026-08-03 12:12:08.863482,2026-08-03 12:12:08.863482,Enterprise System
CUST00005621,Wriddhish,Vora,1958-10-04,Male,wriddhish.vora208@yahoo.com,+919579051494,"Administrator, charities/voluntary organisations",500000.0,2012-10-18,High,Active,2026-08-03 12:12:08.863482,2026-08-03 12:12:08.863482,Enterprise System
CUST00005622,Yashvi,Chopra,1991-10-20,Prefer Not to Say,yashvi.chopra844@outlook.com,+919270115080,Horticultural consultant,300000.0,2011-06-05,High,Active,2026-08-03 12:12:08.863482,2026-08-03 12:12:08.863482,Enterprise System
CUST00005623,Rudra,Ben,2001-11-01,Male,rudra.ben24@yahoo.com,+919433993500,Occupational psychologist,300000.0,2023-01-04,High,Active,2026-08-03 12:12:08.863482,2026-08-03 12:12:08.863482,Enterprise System
CUST00005624,Janaki,Palla,1978-11-16,Prefer Not to Say,janaki.palla590@gmail.com,+919924130667,Accommodation manager,500000.0,2011-06-22,High,Active,2026-08-03 12:12:08.863482,2026-08-03 12:12:08.863482,Enterprise System
CUST00005625,Varsha,Singhal,1970-02-08,Male,varsha.singhal990@outlook.com,+919812282739,Town planner,500000.0,1995-10-25,High,Active,2026-08-03 12:12:08.863482,2026-08-03 12:12:08.863482,Enterprise System
CUST00005626,Akshay,Rana,2001-04-07,Male,akshay.rana349@outlook.com,+919529144016,Psychiatrist,500000.0,2021-11-11,High,Active,2026-08-03 12:12:08.863482,2026-08-03 12:12:08.863482,Enterprise System
CUST00005627,Yatin,Choudhary,1998-01-23,Female,yatin.choudhary838@gmail.com,+919180504934,Music tutor,800000.0,2017-07-22,Medium,Active,2026-08-03 12:12:08.863482,2026-08-03 12:12:08.863482,Enterprise System
CUST00005628,Onkar,Brahmbhatt,2003-12-15,Female,onkar.brahmbhatt677@gmail.com,+919768065797,Veterinary surgeon,800000.0,2022-02-19,Medium,Active,2026-08-03 12:12:08.863482,2026-08-03 12:12:08.863482,Enterprise System
CUST00005629,Dhriti,Ghosh,1987-05-10,Non-Binary,dhriti.ghosh718@yahoo.com,+919673120648,Health service manager,300000.0,2020-02-02,High,Active,2026-08-03 12:12:08.863482,2026-08-03 12:12:08.863482,Enterprise System
CUST00005630,Vidhi,Choudhury,2006-01-28,Prefer Not to Say,vidhi.choudhury96@hotmail.com,+919041021457,Stage manager,300000.0,2026-05-21,High,Active,2026-08-03 12:12:08.863482,2026-08-03 12:12:08.863482,Enterprise System
CUST00005631,Eiravati,Borah,1985-12-09,Non-Binary,eiravati.borah168@yahoo.com,+919483653058,"Engineer, energy",300000.0,2019-03-17,High,Active,2026-08-03 12:12:08.863482,2026-08-03 12:12:08.863482,Enterprise System
CUST00005632,Lopa,Sant,1992-02-12,Prefer Not to Say,lopa.sant900@yahoo.com,+919117696300,Technical author,300000.0,2024-04-29,High,Active,2026-08-03 12:12:08.863482,2026-08-03 12:12:08.863482,Enterprise System
CUST00005633,Bahadurjit,Bawa,1989-07-24,Female,bahadurjit.bawa610@gmail.com,+919126340808,Armed forces training and education officer,800000.0,2014-02-05,Medium,Active,2026-08-03 12:12:08.863482,2026-08-03 12:12:08.863482,Enterprise System
CUST00005634,Chandran,Krishnamurthy,1991-05-23,Female,chandran.krishnamurthy396@outlook.com,+919795638344,Haematologist,2000000.0,2020-11-09,Low,Active,2026-08-03 12:12:08.863482,2026-08-03 12:12:08.863482,Enterprise System
CUST00005635,Chanakya,Dutt,1980-04-06,Female,chanakya.dutt391@outlook.com,+919599170441,Estate agent,300000.0,1998-10-14,High,Active,2026-08-03 12:12:08.863482,2026-08-03 12:12:08.863482,Enterprise System
CUST00005636,Edhitha,Manne,2006-06-10,Prefer Not to Say,edhitha.manne441@gmail.com,+919152160666,Medical technical officer,300000.0,2025-07-25,High,Active,2026-08-03 12:12:08.863482,2026-08-03 12:12:08.863482,Enterprise System
CUST00005637,Tara,Ahluwalia,1976-01-01,Male,tara.ahluwalia8@gmail.com,+919929014910,"Psychologist, counselling",500000.0,1996-02-02,High,Active,2026-08-03 12:12:08.863482,2026-08-03 12:12:08.863482,Enterprise System
CUST00005638,Libni,Chandra,1967-12-24,Female,libni.chandra971@yahoo.com,+919928817834,"Engineer, maintenance",300000.0,2022-11-28,High,Active,2026-08-03 12:12:08.863482,2026-08-03 12:12:08.863482,Enterprise System
CUST00005639,Teerth,Tank,1956-07-09,Male,teerth.tank13@outlook.com,+919199374406,Clinical molecular geneticist,800000.0,2015-06-17,Medium,Active,2026-08-03 12:12:08.863482,2026-08-03 12:12:08.863482,Enterprise System
CUST00005640,Fiyaz,Swamy,2006-07-19,Male,fiyaz.swamy883@hotmail.com,+919013225167,"Engineer, manufacturing",800000.0,2025-04-07,Medium,Active,2026-08-03 12:12:08.863482,2026-08-03 12:12:08.863482,Enterprise System
CUST00005641,Alexander,Wable,1995-07-20,Male,alexander.wable532@hotmail.com,+919248764704,Adult nurse,300000.0,2015-11-08,High,Active,2026-08-03 12:12:08.864490,2026-08-03 12:12:08.864490,Enterprise System
CUST00005642,Jagrati,Chadha,1952-07-30,Prefer Not to Say,jagrati.chadha130@outlook.com,+919822925585,Educational psychologist,800000.0,1978-12-19,Medium,Active,2026-08-03 12:12:08.864490,2026-08-03 12:12:08.864490,Enterprise System
CUST00005643,Nilima,Golla,1971-09-16,Female,nilima.golla468@hotmail.com,+919681441385,"Lighting technician, broadcasting/film/video",1200000.0,2007-09-15,Medium,Blocked,2026-08-03 12:12:08.864490,2026-08-03 12:12:08.864490,Enterprise System
CUST00005644,Mason,Ranganathan,1947-11-01,Female,mason.ranganathan398@yahoo.com,+919987168140,"Nurse, mental health",300000.0,2025-06-16,High,Active,2026-08-03 12:12:08.864490,2026-08-03 12:12:08.864490,Enterprise System
CUST00005645,Dalbir,Karan,1990-12-16,Male,dalbir.karan139@outlook.com,+919222308869,"Accountant, chartered management",5000000.0,2026-01-23,Low,Active,2026-08-03 12:12:08.864490,2026-08-03 12:12:08.864490,Enterprise System
CUST00005646,Faras,Jani,1999-01-17,Male,faras.jani952@gmail.com,+919418739822,Land/geomatics surveyor,1200000.0,2018-07-07,Medium,Dormant,2026-08-03 12:12:08.864490,2026-08-03 12:12:08.864490,Enterprise System
CUST00005647,Chaaya,Tara,1972-07-14,Prefer Not to Say,chaaya.tara524@gmail.com,+919350376653,Haematologist,300000.0,2010-02-21,High,Active,2026-08-03 12:12:08.864490,2026-08-03 12:12:08.864490,Enterprise System
CUST00005648,George,Batra,1999-03-31,Female,george.batra810@yahoo.com,+919922671974,"Embryologist, clinical",500000.0,2026-06-18,High,Active,2026-08-03 12:12:08.864490,2026-08-03 12:12:08.864490,Enterprise System
CUST00005649,Janaki,Pandit,1950-03-14,Prefer Not to Say,janaki.pandit470@hotmail.com,+919969659103,Holiday representative,300000.0,1990-12-20,High,Active,2026-08-03 12:12:08.864490,2026-08-03 12:12:08.864490,Enterprise System
CUST00005650,Anita,Morar,1990-07-25,Male,anita.morar462@yahoo.com,+919777976227,"Engineer, electronics",800000.0,2021-08-19,Medium,Active,2026-08-03 12:12:08.864490,2026-08-03 12:12:08.864490,Enterprise System
CUST00005651,Veer,Padmanabhan,1947-10-12,Female,veer.padmanabhan557@gmail.com,+919379691631,"Biochemist, clinical",500000.0,1999-12-06,High,Active,2026-08-03 12:12:08.864490,2026-08-03 12:12:08.864490,Enterprise System
CUST00005652,Gaurang,Sane,1966-09-02,Prefer Not to Say,gaurang.sane61@yahoo.com,+919230190049,Clinical cytogeneticist,800000.0,2009-04-09,Medium,Active,2026-08-03 12:12:08.864490,2026-08-03 12:12:08.864490,Enterprise System
CUST00005653,Xiti,Karan,1954-01-09,Female,xiti.karan267@hotmail.com,+919451770082,Armed forces logistics/support/administrative officer,800000.0,1994-08-17,Medium,Active,2026-08-03 12:12:08.864490,2026-08-03 12:12:08.864490,Enterprise System
CUST00005654,Ekaraj,Hans,1990-03-19,Non-Binary,ekaraj.hans739@hotmail.com,+919569848207,Mental health nurse,500000.0,2008-08-31,High,Active,2026-08-03 12:12:08.864490,2026-08-03 12:12:08.864490,Enterprise System
CUST00005655,Nirja,Mangal,1957-09-29,Female,nirja.mangal452@outlook.com,+919067108724,Investment analyst,300000.0,2022-02-18,High,Active,2026-08-03 12:12:08.864490,2026-08-03 12:12:08.864490,Enterprise System
CUST00005656,Ganga,Suresh,1978-02-24,Prefer Not to Say,ganga.suresh977@hotmail.com,+919796164881,Social researcher,500000.0,2023-02-16,High,Active,2026-08-03 12:12:08.864490,2026-08-03 12:12:08.864490,Enterprise System
CUST00005657,Finn,Varkey,1978-10-12,Prefer Not to Say,finn.varkey507@yahoo.com,+919714729176,Forensic scientist,500000.0,1999-02-25,High,Active,2026-08-03 12:12:08.864490,2026-08-03 12:12:08.864490,Enterprise System
CUST00005658,Rachit,Ratta,1991-09-30,Male,rachit.ratta704@outlook.com,+919675993512,Risk manager,500000.0,2012-05-30,High,Active,2026-08-03 12:12:08.864490,2026-08-03 12:12:08.864490,Enterprise System
CUST00005659,Ubika,Mandal,1992-04-22,Prefer Not to Say,ubika.mandal89@hotmail.com,+919099408561,"Surveyor, rural practice",2000000.0,2014-11-10,Low,Active,2026-08-03 12:12:08.864490,2026-08-03 12:12:08.864490,Enterprise System
CUST00005660,Vidhi,Tak,1981-04-12,Male,vidhi.tak269@hotmail.com,+919148747029,"Engineer, manufacturing systems",300000.0,2023-04-05,High,Closed,2026-08-03 12:12:08.864490,2026-08-03 12:12:08.864490,Enterprise System
CUST00005661,Dev,Mital,1998-01-07,Female,dev.mital618@outlook.com,+919782495429,Television floor manager,800000.0,2025-05-25,Medium,Active,2026-08-03 12:12:08.864490,2026-08-03 12:12:08.864490,Enterprise System
CUST00005662,Vrinda,Memon,1953-11-26,Non-Binary,vrinda.memon861@yahoo.com,+919833775064,Race relations officer,300000.0,1990-04-28,High,Active,2026-08-03 12:12:08.864490,2026-08-03 12:12:08.864490,Enterprise System
CUST00005663,Divya,Kumar,2002-04-20,Non-Binary,divya.kumar636@outlook.com,+919356828261,"Buyer, industrial",300000.0,2025-09-12,High,Active,2026-08-03 12:12:08.864490,2026-08-03 12:12:08.864490,Enterprise System
CUST00005664,Yoshita,Ranganathan,1981-05-22,Non-Binary,yoshita.ranganathan393@hotmail.com,+919592583185,"Administrator, sports",5000000.0,2015-06-18,Low,Active,2026-08-03 12:12:08.864490,2026-08-03 12:12:08.864490,Enterprise System
CUST00005665,Robert,Mital,1997-03-26,Prefer Not to Say,robert.mital691@gmail.com,+919576717750,Animator,800000.0,2018-10-03,Medium,Active,2026-08-03 12:12:08.864490,2026-08-03 12:12:08.864490,Enterprise System
CUST00005666,Aryan,Bail,1955-05-12,Non-Binary,aryan.bail981@hotmail.com,+919520725895,"Doctor, hospital",500000.0,2023-01-09,High,Active,2026-08-03 12:12:08.864490,2026-08-03 12:12:08.864490,Enterprise System
CUST00005667,Jalsa,Sampath,1988-07-04,Prefer Not to Say,jalsa.sampath704@outlook.com,+919910555183,Optometrist,500000.0,2018-01-14,High,Active,2026-08-03 12:12:08.864490,2026-08-03 12:12:08.864490,Enterprise System
CUST00005668,Aditya,Babu,1948-05-08,Male,aditya.babu846@yahoo.com,+919189560191,Field seismologist,2000000.0,2008-01-20,Low,Active,2026-08-03 12:12:08.865483,2026-08-03 12:12:08.865483,Enterprise System
CUST00005669,Mugdha,Apte,1980-03-31,Male,mugdha.apte774@gmail.com,+919431679425,Art gallery manager,300000.0,2013-11-19,High,Active,2026-08-03 12:12:08.865483,2026-08-03 12:12:08.865483,Enterprise System
CUST00005670,Yashica,Salvi,1957-10-20,Non-Binary,yashica.salvi836@outlook.com,+919583189179,"Teacher, secondary school",500000.0,2009-09-13,High,Active,2026-08-03 12:12:08.865483,2026-08-03 12:12:08.865483,Enterprise System
CUST00005671,Chandani,Kala,1970-12-03,Female,chandani.kala631@outlook.com,+919382585338,Garment/textile technologist,1200000.0,2023-02-02,Medium,Active,2026-08-03 12:12:08.865483,2026-08-03 12:12:08.865483,Enterprise System
CUST00005672,Wazir,Bera,1984-02-12,Female,wazir.bera816@gmail.com,+919973594132,Manufacturing systems engineer,800000.0,2017-09-13,Medium,Active,2026-08-03 12:12:08.865483,2026-08-03 12:12:08.865483,Enterprise System
CUST00005673,Isaac,Gupta,1984-01-25,Non-Binary,isaac.gupta480@hotmail.com,+919097175177,Field trials officer,500000.0,2021-11-12,High,Active,2026-08-03 12:12:08.865483,2026-08-03 12:12:08.865483,Enterprise System
CUST00005674,Qasim,Malhotra,1997-07-09,Non-Binary,qasim.malhotra410@gmail.com,+919430857376,Accounting technician,300000.0,2021-11-05,High,Active,2026-08-03 12:12:08.865483,2026-08-03 12:12:08.865483,Enterprise System
CUST00005675,Omisha,Devi,1970-02-26,Non-Binary,omisha.devi225@yahoo.com,+919167117551,Physiological scientist,1200000.0,2013-07-03,Medium,Closed,2026-08-03 12:12:08.865483,2026-08-03 12:12:08.865483,Enterprise System
CUST00005676,Yashoda,Badal,1975-02-23,Non-Binary,yashoda.badal626@hotmail.com,+919595160483,"Administrator, arts",2000000.0,2023-04-14,Low,Active,2026-08-03 12:12:08.865483,2026-08-03 12:12:08.865483,Enterprise System
CUST00005677,Zayyan,Agrawal,1971-09-05,Female,zayyan.agrawal786@hotmail.com,+919863869488,Pensions consultant,500000.0,1989-10-10,High,Blocked,2026-08-03 12:12:08.865483,2026-08-03 12:12:08.865483,Enterprise System
CUST00005678,Diya,Ramaswamy,1997-11-10,Prefer Not to Say,diya.ramaswamy651@yahoo.com,+919394532002,Research scientist (maths),500000.0,2025-12-28,High,Active,2026-08-03 12:12:08.865483,2026-08-03 12:12:08.865483,Enterprise System
CUST00005679,Ishita,Mitter,2003-04-01,Female,ishita.mitter481@gmail.com,+919872416183,Higher education careers adviser,300000.0,2023-11-11,High,Active,2026-08-03 12:12:08.865483,2026-08-03 12:12:08.865483,Enterprise System
CUST00005680,Janani,Vasa,1964-01-27,Male,janani.vasa482@outlook.com,+919614752924,Visual merchandiser,500000.0,1982-09-10,High,Active,2026-08-03 12:12:08.865483,2026-08-03 12:12:08.865483,Enterprise System
CUST00005681,Aditya,Joshi,1988-07-06,Female,aditya.joshi814@yahoo.com,+919081429489,Race relations officer,300000.0,2026-03-14,High,Active,2026-08-03 12:12:08.865483,2026-08-03 12:12:08.865483,Enterprise System
CUST00005682,Samaksh,Nagy,1996-04-03,Female,samaksh.nagy387@outlook.com,+919674477465,Science writer,300000.0,2023-04-13,High,Active,2026-08-03 12:12:08.865483,2026-08-03 12:12:08.865483,Enterprise System
CUST00005683,Girik,Soman,1978-11-18,Non-Binary,girik.soman902@hotmail.com,+919684379307,Futures trader,3500000.0,2003-01-07,Low,Active,2026-08-03 12:12:08.865483,2026-08-03 12:12:08.865483,Enterprise System
CUST00005684,Odika,Kade,1954-06-18,Prefer Not to Say,odika.kade623@outlook.com,+919968723583,Hydrologist,300000.0,1994-07-04,High,Active,2026-08-03 12:12:08.865483,2026-08-03 12:12:08.865483,Enterprise System
CUST00005685,Vincent,Chanda,1983-11-12,Non-Binary,vincent.chanda217@hotmail.com,+919134519746,Retail manager,5000000.0,2008-01-29,Low,Active,2026-08-03 12:12:08.865483,2026-08-03 12:12:08.865483,Enterprise System
CUST00005686,Imaran,Goda,1965-06-12,Prefer Not to Say,imaran.goda786@gmail.com,+919620857090,Paediatric nurse,2000000.0,1985-01-26,Low,Active,2026-08-03 12:12:08.865483,2026-08-03 12:12:08.865483,Enterprise System
CUST00005687,Laksh,Anand,1967-08-03,Non-Binary,laksh.anand3@hotmail.com,+919791232532,"Designer, multimedia",300000.0,2003-10-14,High,Active,2026-08-03 12:12:08.865483,2026-08-03 12:12:08.865483,Enterprise System
CUST00005688,Wridesh,Krishna,1996-01-12,Female,wridesh.krishna862@gmail.com,+919832279600,Educational psychologist,300000.0,2015-06-13,High,Active,2026-08-03 12:12:08.865483,2026-08-03 12:12:08.865483,Enterprise System
CUST00005689,Daksh,Basak,1997-03-12,Prefer Not to Say,daksh.basak591@gmail.com,+919425367695,Geophysicist/field seismologist,500000.0,2019-10-23,High,Blocked,2026-08-03 12:12:08.865483,2026-08-03 12:12:08.865483,Enterprise System
CUST00005690,Ekansh,Joshi,1994-11-19,Prefer Not to Say,ekansh.joshi379@outlook.com,+919395435875,Water engineer,800000.0,2023-02-28,Medium,Active,2026-08-03 12:12:08.865483,2026-08-03 12:12:08.865483,Enterprise System
CUST00005691,Balvan,Dhar,2001-03-16,Prefer Not to Say,balvan.dhar132@hotmail.com,+919171372913,Trading standards officer,500000.0,2019-11-20,High,Active,2026-08-03 12:12:08.865483,2026-08-03 12:12:08.865483,Enterprise System
CUST00005692,Manya,Banerjee,2006-05-08,Female,manya.banerjee604@outlook.com,+919821614691,Water engineer,5000000.0,2026-01-03,Low,Dormant,2026-08-03 12:12:08.865483,2026-08-03 12:12:08.865483,Enterprise System
CUST00005693,Ubika,Halder,2003-07-09,Prefer Not to Say,ubika.halder755@gmail.com,+919015986072,Museum/gallery conservator,1200000.0,2024-07-10,Medium,Active,2026-08-03 12:12:08.865483,2026-08-03 12:12:08.865483,Enterprise System
CUST00005694,David,Mital,1950-12-01,Prefer Not to Say,david.mital48@outlook.com,+919766701847,Audiological scientist,500000.0,2016-04-08,High,Active,2026-08-03 12:12:08.865483,2026-08-03 12:12:08.865483,Enterprise System
CUST00005695,Anay,Bains,1979-11-04,Prefer Not to Say,anay.bains115@yahoo.com,+919692363701,"Surveyor, mining",500000.0,2018-11-13,High,Active,2026-08-03 12:12:08.865483,2026-08-03 12:12:08.865483,Enterprise System
CUST00005696,Pavani,Narang,1993-04-11,Prefer Not to Say,pavani.narang809@gmail.com,+919655660380,"Conservator, museum/gallery",800000.0,2021-01-07,Medium,Active,2026-08-03 12:12:08.865483,2026-08-03 12:12:08.865483,Enterprise System
CUST00005697,Falguni,Tiwari,1996-12-16,Female,falguni.tiwari582@hotmail.com,+919084832188,Marketing executive,1200000.0,2022-11-14,Medium,Active,2026-08-03 12:12:08.865483,2026-08-03 12:12:08.865483,Enterprise System
CUST00005698,Dhruv,Magar,1991-10-17,Non-Binary,dhruv.magar936@outlook.com,+919361850621,"Copywriter, advertising",500000.0,2010-11-22,High,Active,2026-08-03 12:12:08.865483,2026-08-03 12:12:08.865483,Enterprise System
CUST00005699,Raagini,Sandal,1957-07-20,Female,raagini.sandal765@gmail.com,+919484095698,Materials engineer,300000.0,2015-12-03,High,Active,2026-08-03 12:12:08.865483,2026-08-03 12:12:08.865483,Enterprise System
CUST00005700,Joshua,Minhas,1978-09-28,Female,joshua.minhas487@gmail.com,+919124744536,Broadcast presenter,800000.0,2018-11-13,Medium,Active,2026-08-03 12:12:08.865483,2026-08-03 12:12:08.865483,Enterprise System
CUST00005701,Vedant,Lad,1992-08-06,Female,vedant.lad571@hotmail.com,+919369410353,Counsellor,500000.0,2025-01-31,High,Active,2026-08-03 12:12:08.865483,2026-08-03 12:12:08.865483,Enterprise System
CUST00005702,Rajeshri,Mistry,1950-10-17,Prefer Not to Say,rajeshri.mistry857@gmail.com,+919518464028,Museum/gallery curator,500000.0,2002-02-02,High,Active,2026-08-03 12:12:08.865483,2026-08-03 12:12:08.865483,Enterprise System
CUST00005703,Ronith,Seth,1983-05-27,Non-Binary,ronith.seth726@outlook.com,+919480768020,Accommodation manager,800000.0,2002-09-04,Medium,Active,2026-08-03 12:12:08.865483,2026-08-03 12:12:08.865483,Enterprise System
CUST00005704,Nimrat,Bava,1958-10-17,Female,nimrat.bava995@yahoo.com,+919042363585,Aid worker,300000.0,1984-02-16,High,Active,2026-08-03 12:12:08.865483,2026-08-03 12:12:08.865483,Enterprise System
CUST00005705,Quincy,Narasimhan,2001-10-04,Male,quincy.narasimhan939@yahoo.com,+919621923841,Licensed conveyancer,300000.0,2021-10-08,High,Active,2026-08-03 12:12:08.865483,2026-08-03 12:12:08.865483,Enterprise System
CUST00005706,Yatan,Subramanian,1976-01-15,Non-Binary,yatan.subramanian242@outlook.com,+919978736609,Video editor,800000.0,2009-08-31,Medium,Active,2026-08-03 12:12:08.865483,2026-08-03 12:12:08.865483,Enterprise System
CUST00005707,Warhi,Palla,1965-11-04,Non-Binary,warhi.palla897@yahoo.com,+919966017655,Control and instrumentation engineer,300000.0,2016-06-28,High,Active,2026-08-03 12:12:08.865483,2026-08-03 12:12:08.865483,Enterprise System
CUST00005708,Zehaan,Buch,1970-02-22,Male,zehaan.buch5@hotmail.com,+919118384693,Film/video editor,500000.0,2019-03-13,High,Active,2026-08-03 12:12:08.865483,2026-08-03 12:12:08.865483,Enterprise System
CUST00005709,Timothy,Dani,1999-05-30,Prefer Not to Say,timothy.dani984@yahoo.com,+919840329974,Risk manager,500000.0,2020-09-05,High,Active,2026-08-03 12:12:08.865483,2026-08-03 12:12:08.865483,Enterprise System
CUST00005710,Nirja,Vaidya,1999-10-16,Non-Binary,nirja.vaidya792@hotmail.com,+919761668338,Osteopath,500000.0,2018-07-19,High,Active,2026-08-03 12:12:08.867074,2026-08-03 12:12:08.867074,Enterprise System
CUST00005711,Libni,Kapadia,1983-04-03,Male,libni.kapadia962@yahoo.com,+919154352340,"Programme researcher, broadcasting/film/video",300000.0,2008-12-29,High,Active,2026-08-03 12:12:08.867074,2026-08-03 12:12:08.867074,Enterprise System
CUST00005712,Jhalak,Sarraf,1958-02-11,Female,jhalak.sarraf694@outlook.com,+919891853579,"Psychologist, clinical",800000.0,1982-08-20,Medium,Active,2026-08-03 12:12:08.867074,2026-08-03 12:12:08.867074,Enterprise System
CUST00005713,Warhi,Bhardwaj,1999-06-25,Non-Binary,warhi.bhardwaj598@hotmail.com,+919163103811,"Engineer, energy",500000.0,2025-01-24,High,Active,2026-08-03 12:12:08.867074,2026-08-03 12:12:08.867074,Enterprise System
CUST00005714,Ekaraj,Seth,1950-12-25,Prefer Not to Say,ekaraj.seth348@gmail.com,+919648401487,"Buyer, industrial",500000.0,2001-10-20,High,Active,2026-08-03 12:12:08.867074,2026-08-03 12:12:08.867074,Enterprise System
CUST00005715,Azaan,Pall,1996-09-13,Female,azaan.pall192@yahoo.com,+919485135073,Freight forwarder,800000.0,2014-10-05,Medium,Active,2026-08-03 12:12:08.867240,2026-08-03 12:12:08.867240,Enterprise System
CUST00005716,Umang,Sarraf,1955-02-20,Non-Binary,umang.sarraf804@hotmail.com,+919049703282,Legal executive,5000000.0,1995-08-15,Low,Active,2026-08-03 12:12:08.867240,2026-08-03 12:12:08.867240,Enterprise System
CUST00005717,Andrew,Ranganathan,1994-10-28,Non-Binary,andrew.ranganathan9@outlook.com,+919494277767,Materials engineer,1200000.0,2022-06-13,Medium,Active,2026-08-03 12:12:08.867240,2026-08-03 12:12:08.867240,Enterprise System
CUST00005718,Upasna,Dara,1953-05-20,Female,upasna.dara630@gmail.com,+919342030120,Chief Marketing Officer,500000.0,1984-11-18,High,Active,2026-08-03 12:12:08.867240,2026-08-03 12:12:08.867240,Enterprise System
CUST00005719,Wyatt,Bhargava,1958-10-30,Prefer Not to Say,wyatt.bhargava638@yahoo.com,+919089567844,Company secretary,300000.0,1976-12-21,High,Active,2026-08-03 12:12:08.867240,2026-08-03 12:12:08.867240,Enterprise System
CUST00005720,Sudiksha,Muni,1996-12-30,Non-Binary,sudiksha.muni196@outlook.com,+919272024898,Sub,800000.0,2022-11-22,Medium,Active,2026-08-03 12:12:08.867240,2026-08-03 12:12:08.867240,Enterprise System
CUST00005721,Vrinda,Narasimhan,2001-12-30,Male,vrinda.narasimhan903@yahoo.com,+919427058770,Purchasing manager,800000.0,2020-11-12,Medium,Active,2026-08-03 12:12:08.867240,2026-08-03 12:12:08.867240,Enterprise System
CUST00005722,Yashawini,Bakshi,2000-02-23,Female,yashawini.bakshi75@yahoo.com,+919138963995,Garment/textile technologist,300000.0,2025-09-13,High,Active,2026-08-03 12:12:08.867240,2026-08-03 12:12:08.867240,Enterprise System
CUST00005723,Sneha,Biswas,1958-08-21,Female,sneha.biswas724@hotmail.com,+919035851947,Magazine journalist,500000.0,2018-01-19,High,Active,2026-08-03 12:12:08.867240,2026-08-03 12:12:08.867240,Enterprise System
CUST00005724,Chanchal,Dubey,1986-10-28,Female,chanchal.dubey474@gmail.com,+919989770334,Industrial buyer,500000.0,2018-05-31,High,Active,2026-08-03 12:12:08.867240,2026-08-03 12:12:08.867240,Enterprise System
CUST00005725,Zansi,Ravi,2007-09-13,Non-Binary,zansi.ravi759@outlook.com,+919140899170,Personal assistant,3500000.0,2026-03-17,Low,Active,2026-08-03 12:12:08.867240,2026-08-03 12:12:08.867240,Enterprise System
CUST00005726,Darika,Chaudhary,2004-01-16,Prefer Not to Say,darika.chaudhary874@hotmail.com,+919916306764,Exhibition designer,2000000.0,2025-10-15,Low,Active,2026-08-03 12:12:08.867240,2026-08-03 12:12:08.867240,Enterprise System
CUST00005727,Gagan,Reddy,1969-03-03,Prefer Not to Say,gagan.reddy872@outlook.com,+919139091370,"Research officer, trade union",300000.0,2023-10-21,High,Closed,2026-08-03 12:12:08.867240,2026-08-03 12:12:08.867240,Enterprise System
CUST00005728,Bhavini,Mammen,1957-10-05,Prefer Not to Say,bhavini.mammen225@outlook.com,+919861548008,Diagnostic radiographer,2000000.0,2004-08-06,Low,Dormant,2026-08-03 12:12:08.867240,2026-08-03 12:12:08.867240,Enterprise System
CUST00005729,Aditya,Kala,1972-12-29,Prefer Not to Say,aditya.kala95@outlook.com,+919628003698,Theatre manager,800000.0,2022-07-16,Medium,Active,2026-08-03 12:12:08.867240,2026-08-03 12:12:08.867240,Enterprise System
CUST00005730,Jasmit,Oak,1947-08-12,Female,jasmit.oak22@hotmail.com,+919171202294,Multimedia specialist,3500000.0,1970-06-10,Low,Active,2026-08-03 12:12:08.867240,2026-08-03 12:12:08.867240,Enterprise System
CUST00005731,Neel,Babu,1955-04-21,Female,neel.babu351@hotmail.com,+919966844743,Paediatric nurse,300000.0,2008-09-12,High,Active,2026-08-03 12:12:08.867240,2026-08-03 12:12:08.867240,Enterprise System
CUST00005732,Avni,Suri,2001-12-09,Prefer Not to Say,avni.suri756@yahoo.com,+919913491031,Chief Strategy Officer,3500000.0,2025-05-11,Low,Active,2026-08-03 12:12:08.867240,2026-08-03 12:12:08.867240,Enterprise System
CUST00005733,Anjali,Rajagopalan,1957-06-26,Non-Binary,anjali.rajagopalan108@gmail.com,+919052118235,Dispensing optician,800000.0,1994-03-24,Medium,Active,2026-08-03 12:12:08.867240,2026-08-03 12:12:08.867240,Enterprise System
CUST00005734,Janaki,Barman,1972-01-06,Male,janaki.barman286@outlook.com,+919113455552,Freight forwarder,300000.0,2004-04-14,High,Active,2026-08-03 12:12:08.867240,2026-08-03 12:12:08.867240,Enterprise System
CUST00005735,Onveer,Sodhi,1967-06-02,Male,onveer.sodhi776@yahoo.com,+919684139441,Television floor manager,300000.0,1998-03-30,High,Active,2026-08-03 12:12:08.867240,2026-08-03 12:12:08.867240,Enterprise System
CUST00005736,Mason,Nayar,1971-01-24,Non-Binary,mason.nayar928@outlook.com,+919340777589,Chartered management accountant,300000.0,2007-06-26,High,Active,2026-08-03 12:12:08.867240,2026-08-03 12:12:08.867240,Enterprise System
CUST00005737,Wazir,Sankar,1985-12-21,Prefer Not to Say,wazir.sankar723@gmail.com,+919087618977,Armed forces logistics/support/administrative officer,800000.0,2006-04-07,Medium,Active,2026-08-03 12:12:08.867240,2026-08-03 12:12:08.867240,Enterprise System
CUST00005738,Oliver,Bava,1969-11-17,Male,oliver.bava364@yahoo.com,+919685996567,Herbalist,2000000.0,2011-02-17,Low,Active,2026-08-03 12:12:08.867240,2026-08-03 12:12:08.867240,Enterprise System
CUST00005739,Kabir,Shukla,1951-03-30,Male,kabir.shukla235@outlook.com,+919785295713,Psychotherapist,300000.0,1987-08-13,High,Active,2026-08-03 12:12:08.867240,2026-08-03 12:12:08.867240,Enterprise System
CUST00005740,Kevin,Malhotra,1983-06-26,Male,kevin.malhotra973@hotmail.com,+919347641284,Education administrator,800000.0,2002-02-20,Medium,Active,2026-08-03 12:12:08.868168,2026-08-03 12:12:08.868168,Enterprise System
CUST00005741,Daksha,Sachdeva,1975-07-01,Male,daksha.sachdeva69@yahoo.com,+919394606650,"Teacher, adult education",800000.0,2001-06-25,Medium,Active,2026-08-03 12:12:08.868168,2026-08-03 12:12:08.868168,Enterprise System
CUST00005742,Hritik,Subramaniam,1993-04-12,Prefer Not to Say,hritik.subramaniam532@hotmail.com,+919045395737,Product/process development scientist,800000.0,2021-09-14,Medium,Active,2026-08-03 12:12:08.868168,2026-08-03 12:12:08.868168,Enterprise System
CUST00005743,Manthan,Merchant,1970-06-22,Prefer Not to Say,manthan.merchant706@gmail.com,+919784364077,Exercise physiologist,500000.0,2016-02-06,High,Active,2026-08-03 12:12:08.868168,2026-08-03 12:12:08.868168,Enterprise System
CUST00005744,Raagini,Ganesan,2007-02-01,Non-Binary,raagini.ganesan753@gmail.com,+919583051384,"Nurse, learning disability",500000.0,2026-01-17,High,Active,2026-08-03 12:12:08.868168,2026-08-03 12:12:08.868168,Enterprise System
CUST00005745,Rajata,Biswas,2006-09-14,Female,rajata.biswas775@outlook.com,+919251373530,Pensions consultant,300000.0,2025-10-06,High,Active,2026-08-03 12:12:08.868168,2026-08-03 12:12:08.868168,Enterprise System
CUST00005746,Harish,Kakar,1972-06-28,Male,harish.kakar916@yahoo.com,+919755048526,Telecommunications researcher,800000.0,2016-01-14,Medium,Closed,2026-08-03 12:12:08.868168,2026-08-03 12:12:08.868168,Enterprise System
CUST00005747,Gavin,Ben,2001-11-22,Female,gavin.ben892@yahoo.com,+919682451635,Fitness centre manager,300000.0,2026-07-03,High,Blocked,2026-08-03 12:12:08.868168,2026-08-03 12:12:08.868168,Enterprise System
CUST00005748,Darika,Tripathi,1953-04-19,Non-Binary,darika.tripathi247@yahoo.com,+919942882177,Building surveyor,500000.0,2006-07-08,High,Active,2026-08-03 12:12:08.868168,2026-08-03 12:12:08.868168,Enterprise System
CUST00005749,Pooja,Dugal,1970-08-13,Male,pooja.dugal64@yahoo.com,+919575585136,Artist,1200000.0,1999-08-05,Medium,Dormant,2026-08-03 12:12:08.868168,2026-08-03 12:12:08.868168,Enterprise System
CUST00005750,Eesha,Suri,1989-05-03,Male,eesha.suri701@outlook.com,+919589288238,"Engineer, biomedical",300000.0,2011-10-13,High,Active,2026-08-03 12:12:08.868168,2026-08-03 12:12:08.868168,Enterprise System
CUST00005751,Bhavani,Goswami,2001-03-16,Prefer Not to Say,bhavani.goswami415@hotmail.com,+919758865287,"Designer, graphic",300000.0,2024-09-22,High,Active,2026-08-03 12:12:08.868168,2026-08-03 12:12:08.868168,Enterprise System
CUST00005752,Hiral,Madan,1969-03-04,Prefer Not to Say,hiral.madan868@hotmail.com,+919987875149,Heritage manager,300000.0,2016-09-02,High,Active,2026-08-03 12:12:08.868168,2026-08-03 12:12:08.868168,Enterprise System
CUST00005753,Raksha,Karpe,1968-02-14,Female,raksha.karpe117@outlook.com,+919328912281,"Doctor, hospital",3500000.0,2024-07-22,Low,Active,2026-08-03 12:12:08.868168,2026-08-03 12:12:08.868168,Enterprise System
CUST00005754,Rajata,Mohan,1989-12-30,Male,rajata.mohan171@gmail.com,+919726750298,Public relations officer,3500000.0,2026-07-30,Low,Blocked,2026-08-03 12:12:08.868168,2026-08-03 12:12:08.868168,Enterprise System
CUST00005755,Amrita,Halder,1981-08-07,Male,amrita.halder515@yahoo.com,+919685829475,Higher education careers adviser,300000.0,2004-03-18,High,Active,2026-08-03 12:12:08.868168,2026-08-03 12:12:08.868168,Enterprise System
CUST00005756,Anvi,Dugar,2001-02-21,Male,anvi.dugar576@yahoo.com,+919999585044,Travel agency manager,300000.0,2022-05-01,High,Closed,2026-08-03 12:12:08.868168,2026-08-03 12:12:08.868168,Enterprise System
CUST00005757,Darika,Dey,1993-01-07,Male,darika.dey489@gmail.com,+919327119973,Adult nurse,300000.0,2012-01-07,High,Active,2026-08-03 12:12:08.868168,2026-08-03 12:12:08.868168,Enterprise System
CUST00005758,Wakeeta,Edwin,1984-12-21,Female,wakeeta.edwin27@gmail.com,+919411598595,"Surveyor, commercial/residential",3500000.0,2012-08-22,Low,Active,2026-08-03 12:12:08.868168,2026-08-03 12:12:08.868168,Enterprise System
CUST00005759,Siddharth,Bera,1975-08-04,Non-Binary,siddharth.bera992@hotmail.com,+919656457489,"Presenter, broadcasting",3500000.0,2026-06-07,Low,Active,2026-08-03 12:12:08.868168,2026-08-03 12:12:08.868168,Enterprise System
CUST00005760,Naveen,Thaman,1980-09-25,Male,naveen.thaman451@outlook.com,+919049902612,"Engineer, land",300000.0,2015-06-09,High,Active,2026-08-03 12:12:08.868168,2026-08-03 12:12:08.868168,Enterprise System
CUST00005761,Vinaya,Thakur,1986-02-01,Male,vinaya.thakur591@yahoo.com,+919482719085,Operations geologist,1200000.0,2005-10-17,Medium,Active,2026-08-03 12:12:08.868168,2026-08-03 12:12:08.868168,Enterprise System
CUST00005762,Farhan,Patil,2008-05-26,Female,farhan.patil320@yahoo.com,+919430309859,"Librarian, academic",300000.0,2026-06-07,High,Active,2026-08-03 12:12:08.868168,2026-08-03 12:12:08.868168,Enterprise System
CUST00005763,Chavvi,Choudhury,1961-05-12,Prefer Not to Say,chavvi.choudhury768@yahoo.com,+919334545438,Environmental health practitioner,300000.0,2019-11-11,High,Closed,2026-08-03 12:12:08.868168,2026-08-03 12:12:08.868168,Enterprise System
CUST00005764,Ronith,Handa,1971-11-20,Prefer Not to Say,ronith.handa422@hotmail.com,+919263668786,Art gallery manager,500000.0,2010-04-27,High,Active,2026-08-03 12:12:08.868168,2026-08-03 12:12:08.868168,Enterprise System
CUST00005765,Chandran,Nayar,1997-05-10,Non-Binary,chandran.nayar986@hotmail.com,+919791265990,"Engineer, mining",500000.0,2025-07-29,High,Active,2026-08-03 12:12:08.868168,2026-08-03 12:12:08.868168,Enterprise System
CUST00005766,Matthew,Patla,1965-05-12,Male,matthew.patla816@yahoo.com,+919846332961,Pharmacologist,500000.0,2001-05-13,High,Active,2026-08-03 12:12:08.868168,2026-08-03 12:12:08.868168,Enterprise System
CUST00005767,Yachana,Parmer,2006-08-30,Non-Binary,yachana.parmer377@hotmail.com,+919876292709,"Social research officer, government",500000.0,2025-07-04,High,Active,2026-08-03 12:12:08.868168,2026-08-03 12:12:08.868168,Enterprise System
CUST00005768,Ikbal,Goswami,1948-10-23,Non-Binary,ikbal.goswami287@outlook.com,+919443771949,"Designer, exhibition/display",500000.0,1994-05-27,High,Active,2026-08-03 12:12:08.868168,2026-08-03 12:12:08.868168,Enterprise System
CUST00005769,Bahadurjit,Kara,1960-05-29,Non-Binary,bahadurjit.kara267@gmail.com,+919161214806,Field trials officer,500000.0,2025-02-11,High,Dormant,2026-08-03 12:12:08.868168,2026-08-03 12:12:08.868168,Enterprise System
CUST00005770,Rishi,Chawla,1963-08-12,Prefer Not to Say,rishi.chawla914@gmail.com,+919632614634,Sports coach,1200000.0,1985-09-21,Medium,Active,2026-08-03 12:12:08.868168,2026-08-03 12:12:08.868168,Enterprise System
CUST00005771,Nandini,Sahota,1963-08-27,Non-Binary,nandini.sahota771@hotmail.com,+919226330178,Structural engineer,500000.0,2016-03-18,High,Active,2026-08-03 12:12:08.868168,2026-08-03 12:12:08.868168,Enterprise System
CUST00005772,Ijaya,Kar,1981-12-20,Prefer Not to Say,ijaya.kar158@hotmail.com,+919443985741,Clothing/textile technologist,5000000.0,2008-12-03,Low,Active,2026-08-03 12:12:08.868168,2026-08-03 12:12:08.868168,Enterprise System
CUST00005773,Qarin,Pillay,2003-08-20,Prefer Not to Say,qarin.pillay889@outlook.com,+919414592532,Ranger/warden,300000.0,2024-07-18,High,Active,2026-08-03 12:12:08.868168,2026-08-03 12:12:08.868168,Enterprise System
CUST00005774,Vamakshi,Bail,1972-07-01,Non-Binary,vamakshi.bail61@yahoo.com,+919215565885,"Geneticist, molecular",1200000.0,2026-01-11,Medium,Active,2026-08-03 12:12:08.868168,2026-08-03 12:12:08.868168,Enterprise System
CUST00005775,Dalbir,Pau,1948-04-27,Male,dalbir.pau966@hotmail.com,+919827543255,"Engineer, technical sales",300000.0,1991-12-25,High,Active,2026-08-03 12:12:08.868168,2026-08-03 12:12:08.868168,Enterprise System
CUST00005776,Ijaya,Singh,2001-12-06,Female,ijaya.singh360@gmail.com,+919717361153,Land/geomatics surveyor,1200000.0,2022-08-31,Medium,Active,2026-08-03 12:12:08.868168,2026-08-03 12:12:08.868168,Enterprise System
CUST00005777,Chasmum,Raghavan,2004-09-05,Prefer Not to Say,chasmum.raghavan731@yahoo.com,+919496080816,Naval architect,500000.0,2024-05-19,High,Blocked,2026-08-03 12:12:08.868168,2026-08-03 12:12:08.868168,Enterprise System
CUST00005778,Shivansh,Devi,1983-01-09,Prefer Not to Say,shivansh.devi900@hotmail.com,+919534733492,Passenger transport manager,500000.0,2014-10-22,High,Active,2026-08-03 12:12:08.868168,2026-08-03 12:12:08.868168,Enterprise System
CUST00005779,Viraj,Mangal,2002-08-18,Prefer Not to Say,viraj.mangal309@outlook.com,+919140894244,Firefighter,300000.0,2024-09-30,High,Active,2026-08-03 12:12:08.869756,2026-08-03 12:12:08.869756,Enterprise System
CUST00005780,Simon,Wadhwa,1964-07-21,Male,simon.wadhwa445@yahoo.com,+919887898240,Geophysical data processor,300000.0,2005-10-21,High,Active,2026-08-03 12:12:08.869756,2026-08-03 12:12:08.869756,Enterprise System
CUST00005781,Triya,Batta,2004-02-11,Male,triya.batta260@hotmail.com,+919192590784,Hydrographic surveyor,800000.0,2024-09-24,Medium,Active,2026-08-03 12:12:08.869756,2026-08-03 12:12:08.869756,Enterprise System
CUST00005782,Ojas,Ramaswamy,1971-03-23,Prefer Not to Say,ojas.ramaswamy738@hotmail.com,+919147708674,Landscape architect,2000000.0,2005-10-27,Low,Active,2026-08-03 12:12:08.869756,2026-08-03 12:12:08.869756,Enterprise System
CUST00005783,Qadim,Sahni,1989-09-09,Female,qadim.sahni953@gmail.com,+919610770322,Osteopath,1200000.0,2011-06-03,Medium,Active,2026-08-03 12:12:08.869756,2026-08-03 12:12:08.869756,Enterprise System
CUST00005784,Noah,Khalsa,1983-06-06,Prefer Not to Say,noah.khalsa967@hotmail.com,+919859156878,Chartered accountant,2000000.0,2018-05-07,Low,Active,2026-08-03 12:12:08.869756,2026-08-03 12:12:08.869756,Enterprise System
CUST00005785,Reva,Dey,1993-02-17,Non-Binary,reva.dey568@yahoo.com,+919859034714,Dietitian,500000.0,2021-05-09,High,Active,2026-08-03 12:12:08.869756,2026-08-03 12:12:08.869756,Enterprise System
CUST00005786,Agastya,Koshy,1966-03-13,Prefer Not to Say,agastya.koshy521@yahoo.com,+919078595287,Computer games developer,300000.0,2014-06-16,High,Active,2026-08-03 12:12:08.869756,2026-08-03 12:12:08.869756,Enterprise System
CUST00005787,Hiral,Sane,1973-04-21,Prefer Not to Say,hiral.sane120@outlook.com,+919596192169,Learning mentor,500000.0,1995-07-25,High,Active,2026-08-03 12:12:08.869756,2026-08-03 12:12:08.869756,Enterprise System
CUST00005788,George,Borah,1995-03-09,Prefer Not to Say,george.borah836@hotmail.com,+919328813793,Food technologist,300000.0,2022-11-10,High,Active,2026-08-03 12:12:08.869756,2026-08-03 12:12:08.869756,Enterprise System
CUST00005789,Neelima,Bali,1960-09-11,Male,neelima.bali151@outlook.com,+919111576281,Training and development officer,1200000.0,1984-11-09,Medium,Dormant,2026-08-03 12:12:08.869756,2026-08-03 12:12:08.869756,Enterprise System
CUST00005790,George,Barman,1953-12-26,Prefer Not to Say,george.barman929@yahoo.com,+919221764146,"Engineer, water",2000000.0,2015-07-22,Low,Active,2026-08-03 12:12:08.869756,2026-08-03 12:12:08.869756,Enterprise System
CUST00005791,Yachana,Deshmukh,1966-06-20,Male,yachana.deshmukh995@gmail.com,+919927639831,"Scientist, physiological",500000.0,1987-06-23,High,Blocked,2026-08-03 12:12:08.869756,2026-08-03 12:12:08.869756,Enterprise System
CUST00005792,Gopal,Purohit,1957-08-08,Female,gopal.purohit835@yahoo.com,+919094351699,Technical author,300000.0,1985-04-25,High,Active,2026-08-03 12:12:08.869756,2026-08-03 12:12:08.869756,Enterprise System
CUST00005793,Chaman,Narasimhan,1986-07-14,Male,chaman.narasimhan320@yahoo.com,+919078462012,"Scientist, physiological",800000.0,2019-05-21,Medium,Active,2026-08-03 12:12:08.869756,2026-08-03 12:12:08.869756,Enterprise System
CUST00005794,Abhimanyu,Sule,1985-05-22,Male,abhimanyu.sule544@yahoo.com,+919739195777,Tree surgeon,1200000.0,2010-04-10,Medium,Active,2026-08-03 12:12:08.869756,2026-08-03 12:12:08.869756,Enterprise System
CUST00005795,Luke,Gill,1948-07-25,Non-Binary,luke.gill270@hotmail.com,+919530853683,Race relations officer,500000.0,2019-07-10,High,Active,2026-08-03 12:12:08.869756,2026-08-03 12:12:08.869756,Enterprise System
CUST00005796,Krishna,Rattan,1989-03-12,Female,krishna.rattan600@outlook.com,+919894701713,Radio producer,300000.0,2020-09-09,High,Active,2026-08-03 12:12:08.869756,2026-08-03 12:12:08.869756,Enterprise System
CUST00005797,Ucchal,Bose,1996-11-16,Female,ucchal.bose261@outlook.com,+919751662658,Music tutor,1200000.0,2022-09-25,Medium,Active,2026-08-03 12:12:08.869756,2026-08-03 12:12:08.869756,Enterprise System
CUST00005798,Ganga,Butala,2000-08-20,Female,ganga.butala940@outlook.com,+919691197494,Medical physicist,500000.0,2025-04-19,High,Active,2026-08-03 12:12:08.869756,2026-08-03 12:12:08.869756,Enterprise System
CUST00005799,Bhavya,Ahuja,1965-02-11,Female,bhavya.ahuja586@hotmail.com,+919689238261,Control and instrumentation engineer,800000.0,2002-09-12,Medium,Active,2026-08-03 12:12:08.870762,2026-08-03 12:12:08.870762,Enterprise System
CUST00005800,Upma,Pillay,1987-05-02,Female,upma.pillay39@hotmail.com,+919982681920,Horticultural consultant,300000.0,2016-08-02,High,Blocked,2026-08-03 12:12:08.870762,2026-08-03 12:12:08.870762,Enterprise System
CUST00005801,Widisha,Tailor,1978-05-31,Male,widisha.tailor64@outlook.com,+919573967701,Careers adviser,800000.0,2006-07-09,Medium,Dormant,2026-08-03 12:12:08.870762,2026-08-03 12:12:08.870762,Enterprise System
CUST00005802,Anusha,Nagar,1952-02-17,Female,anusha.nagar124@yahoo.com,+919244416701,Exhibition designer,300000.0,1996-01-29,High,Active,2026-08-03 12:12:08.870762,2026-08-03 12:12:08.870762,Enterprise System
CUST00005803,Nathaniel,Choudhury,1994-05-05,Prefer Not to Say,nathaniel.choudhury470@outlook.com,+919887251203,Exhibition designer,300000.0,2014-12-18,High,Dormant,2026-08-03 12:12:08.870762,2026-08-03 12:12:08.870762,Enterprise System
CUST00005804,Jagat,Srinivas,1953-12-02,Female,jagat.srinivas812@hotmail.com,+919358253639,Database administrator,500000.0,1973-06-17,High,Active,2026-08-03 12:12:08.870762,2026-08-03 12:12:08.870762,Enterprise System
CUST00005805,Charan,Johal,1971-09-06,Male,charan.johal149@outlook.com,+919311700778,Clinical embryologist,800000.0,2014-08-06,Medium,Active,2026-08-03 12:12:08.870762,2026-08-03 12:12:08.870762,Enterprise System
CUST00005806,Ati,Mannan,1947-09-20,Non-Binary,ati.mannan477@hotmail.com,+919946932840,Proofreader,1200000.0,2025-12-26,Medium,Active,2026-08-03 12:12:08.870762,2026-08-03 12:12:08.870762,Enterprise System
CUST00005807,Sanaya,Butala,1996-08-13,Male,sanaya.butala897@hotmail.com,+919461480989,Clinical molecular geneticist,2000000.0,2017-09-30,Low,Active,2026-08-03 12:12:08.870762,2026-08-03 12:12:08.870762,Enterprise System
CUST00005808,Sarthak,Dhar,1954-04-24,Non-Binary,sarthak.dhar161@outlook.com,+919856883368,Amenity horticulturist,2000000.0,2019-02-24,Low,Active,2026-08-03 12:12:08.870762,2026-08-03 12:12:08.870762,Enterprise System
CUST00005809,Anusha,Badal,1972-06-13,Non-Binary,anusha.badal585@yahoo.com,+919279793381,Radio broadcast assistant,300000.0,2013-07-27,High,Active,2026-08-03 12:12:08.870762,2026-08-03 12:12:08.870762,Enterprise System
CUST00005810,Saksham,Sarin,1961-08-26,Non-Binary,saksham.sarin252@hotmail.com,+919829146434,Hydrologist,500000.0,1989-07-17,High,Active,2026-08-03 12:12:08.870762,2026-08-03 12:12:08.870762,Enterprise System
CUST00005811,Gaurang,Mammen,1963-07-16,Non-Binary,gaurang.mammen498@outlook.com,+919646132625,Financial adviser,300000.0,1982-02-01,High,Active,2026-08-03 12:12:08.870762,2026-08-03 12:12:08.870762,Enterprise System
CUST00005812,Balveer,Mall,1955-02-03,Non-Binary,balveer.mall895@hotmail.com,+919130568811,Industrial/product designer,2000000.0,1985-03-18,Low,Active,2026-08-03 12:12:08.870762,2026-08-03 12:12:08.870762,Enterprise System
CUST00005813,Amara,Sidhu,1997-12-20,Female,amara.sidhu551@gmail.com,+919191211767,Barista,500000.0,2019-07-01,High,Active,2026-08-03 12:12:08.870762,2026-08-03 12:12:08.870762,Enterprise System
CUST00005814,Xavier,Soni,1999-04-30,Non-Binary,xavier.soni58@gmail.com,+919334804317,IT technical support officer,500000.0,2017-08-31,High,Active,2026-08-03 12:12:08.870762,2026-08-03 12:12:08.870762,Enterprise System
CUST00005815,Saumya,Hora,1950-03-22,Female,saumya.hora432@gmail.com,+919775888117,Radio broadcast assistant,500000.0,2017-03-12,High,Active,2026-08-03 12:12:08.870762,2026-08-03 12:12:08.870762,Enterprise System
CUST00005816,Chandran,Chowdhury,1974-12-11,Male,chandran.chowdhury144@yahoo.com,+919349084146,"Horticulturist, commercial",500000.0,2003-10-17,High,Active,2026-08-03 12:12:08.870762,2026-08-03 12:12:08.870762,Enterprise System
CUST00005817,Sara,Bal,2001-07-19,Prefer Not to Say,sara.bal61@yahoo.com,+919037462605,Manufacturing systems engineer,500000.0,2025-11-30,High,Active,2026-08-03 12:12:08.870762,2026-08-03 12:12:08.870762,Enterprise System
CUST00005818,Vrinda,Baria,1972-09-10,Male,vrinda.baria994@gmail.com,+919354143798,Office manager,500000.0,2002-11-20,High,Active,2026-08-03 12:12:08.870762,2026-08-03 12:12:08.870762,Enterprise System
CUST00005819,Vasudha,Sharaf,1948-10-12,Male,vasudha.sharaf515@gmail.com,+919531717691,Press photographer,1200000.0,2002-07-20,Medium,Active,2026-08-03 12:12:08.870762,2026-08-03 12:12:08.870762,Enterprise System
CUST00005820,Hemal,Basak,1982-03-18,Female,hemal.basak903@yahoo.com,+919347243218,"Social research officer, government",300000.0,2026-06-09,High,Active,2026-08-03 12:12:08.870762,2026-08-03 12:12:08.870762,Enterprise System
CUST00005821,Shivansh,Singhal,1980-01-23,Male,shivansh.singhal431@gmail.com,+919410427205,Psychiatric nurse,300000.0,2005-04-20,High,Active,2026-08-03 12:12:08.870762,2026-08-03 12:12:08.870762,Enterprise System
CUST00005822,Jyoti,Suresh,1969-03-20,Female,jyoti.suresh208@yahoo.com,+919987108905,Race relations officer,800000.0,2001-07-23,Medium,Active,2026-08-03 12:12:08.870762,2026-08-03 12:12:08.870762,Enterprise System
CUST00005823,Widisha,Oak,1955-05-28,Non-Binary,widisha.oak173@outlook.com,+919359009581,"Engineer, civil (consulting)",500000.0,1996-04-04,High,Active,2026-08-03 12:12:08.870762,2026-08-03 12:12:08.870762,Enterprise System
CUST00005824,Dhruv,Saini,1958-07-30,Female,dhruv.saini65@yahoo.com,+919614281185,Acupuncturist,800000.0,2019-02-01,Medium,Active,2026-08-03 12:12:08.870762,2026-08-03 12:12:08.870762,Enterprise System
CUST00005825,Jagrati,Sridhar,1963-10-05,Prefer Not to Say,jagrati.sridhar666@outlook.com,+919456686237,"Engineer, manufacturing systems",800000.0,2022-11-28,Medium,Active,2026-08-03 12:12:08.870762,2026-08-03 12:12:08.870762,Enterprise System
CUST00005826,Aarav,Char,1992-02-09,Male,aarav.char506@outlook.com,+919985813041,Local government officer,300000.0,2012-07-15,High,Active,2026-08-03 12:12:08.870762,2026-08-03 12:12:08.870762,Enterprise System
CUST00005827,Krishna,Nagar,1981-06-25,Female,krishna.nagar255@outlook.com,+919396237132,Dealer,500000.0,2002-09-14,High,Active,2026-08-03 12:12:08.870762,2026-08-03 12:12:08.870762,Enterprise System
CUST00005828,Andrew,Rajagopal,1957-11-10,Non-Binary,andrew.rajagopal769@gmail.com,+919834419143,Catering manager,500000.0,1983-09-27,High,Active,2026-08-03 12:12:08.870762,2026-08-03 12:12:08.870762,Enterprise System
CUST00005829,Noah,Madan,1984-03-03,Non-Binary,noah.madan565@outlook.com,+919347300041,Associate Professor,300000.0,2012-09-07,High,Active,2026-08-03 12:12:08.871846,2026-08-03 12:12:08.871846,Enterprise System
CUST00005830,Hemani,Mammen,1982-01-13,Non-Binary,hemani.mammen808@gmail.com,+919689487526,"Psychologist, prison and probation services",500000.0,2022-11-01,High,Active,2026-08-03 12:12:08.871846,2026-08-03 12:12:08.871846,Enterprise System
CUST00005831,Ucchal,Bawa,2005-08-07,Female,ucchal.bawa837@hotmail.com,+919192474352,Fisheries officer,300000.0,2025-11-05,High,Active,2026-08-03 12:12:08.871846,2026-08-03 12:12:08.871846,Enterprise System
CUST00005832,Lopa,Chaudry,1981-11-20,Non-Binary,lopa.chaudry256@yahoo.com,+919437196212,Agricultural engineer,300000.0,2018-09-28,High,Active,2026-08-03 12:12:08.871846,2026-08-03 12:12:08.871846,Enterprise System
CUST00005833,Gaurang,Nayak,1968-04-11,Prefer Not to Say,gaurang.nayak450@gmail.com,+919294688760,Ecologist,500000.0,1991-01-28,High,Active,2026-08-03 12:12:08.871846,2026-08-03 12:12:08.871846,Enterprise System
CUST00005834,Ubika,Modi,2002-12-17,Non-Binary,ubika.modi287@outlook.com,+919246216630,Homeopath,300000.0,2024-12-06,High,Dormant,2026-08-03 12:12:08.871846,2026-08-03 12:12:08.871846,Enterprise System
CUST00005835,Maanas,Lall,2007-11-01,Prefer Not to Say,maanas.lall780@yahoo.com,+919654959806,Transport planner,1200000.0,2026-06-14,Medium,Active,2026-08-03 12:12:08.871846,2026-08-03 12:12:08.871846,Enterprise System
CUST00005836,Faras,Bhandari,2008-07-03,Female,faras.bhandari250@outlook.com,+919836562780,Systems developer,300000.0,2026-08-01,High,Active,2026-08-03 12:12:08.871846,2026-08-03 12:12:08.871846,Enterprise System
CUST00005837,Lavanya,Mody,1954-12-19,Non-Binary,lavanya.mody425@hotmail.com,+919213927666,Forest/woodland manager,1200000.0,2004-06-18,Medium,Active,2026-08-03 12:12:08.871846,2026-08-03 12:12:08.871846,Enterprise System
CUST00005838,Yuvraj,Manne,1947-11-20,Male,yuvraj.manne339@yahoo.com,+919538385271,Product manager,800000.0,2018-12-01,Medium,Active,2026-08-03 12:12:08.871846,2026-08-03 12:12:08.871846,Enterprise System
CUST00005839,Imaran,Koshy,1979-02-12,Male,imaran.koshy139@yahoo.com,+919789150173,Ship broker,300000.0,2000-03-18,High,Active,2026-08-03 12:12:08.871846,2026-08-03 12:12:08.871846,Enterprise System
CUST00005840,Vritti,Dubey,1968-07-16,Female,vritti.dubey555@outlook.com,+919561416122,"Secretary, company",500000.0,1997-09-08,High,Active,2026-08-03 12:12:08.871846,2026-08-03 12:12:08.871846,Enterprise System
CUST00005841,Meera,Deep,1977-04-16,Male,meera.deep704@yahoo.com,+919854972170,Research scientist (maths),300000.0,2005-10-31,High,Blocked,2026-08-03 12:12:08.871846,2026-08-03 12:12:08.871846,Enterprise System
CUST00005842,Frederick,Choudhury,1969-06-19,Male,frederick.choudhury113@hotmail.com,+919984942627,Accommodation manager,2000000.0,2019-01-03,Low,Closed,2026-08-03 12:12:08.871846,2026-08-03 12:12:08.871846,Enterprise System
CUST00005843,Anika,Karpe,2005-07-13,Prefer Not to Say,anika.karpe591@hotmail.com,+919774348359,"Investment banker, operational",300000.0,2024-02-21,High,Active,2026-08-03 12:12:08.871846,2026-08-03 12:12:08.871846,Enterprise System
CUST00005844,Kritika,Mohanty,1973-06-19,Non-Binary,kritika.mohanty798@yahoo.com,+919643804680,"Engineer, civil (consulting)",800000.0,2024-10-11,Medium,Active,2026-08-03 12:12:08.871846,2026-08-03 12:12:08.871846,Enterprise System
CUST00005845,Lopa,Ahuja,1973-09-17,Female,lopa.ahuja541@outlook.com,+919961101370,Maintenance engineer,300000.0,2018-09-02,High,Active,2026-08-03 12:12:08.871846,2026-08-03 12:12:08.871846,Enterprise System
CUST00005846,Warda,Nagi,1982-03-28,Prefer Not to Say,warda.nagi682@hotmail.com,+919437843617,Health service manager,500000.0,2016-02-28,High,Active,2026-08-03 12:12:08.871846,2026-08-03 12:12:08.871846,Enterprise System
CUST00005847,Hemangini,Reddy,1947-05-15,Female,hemangini.reddy238@gmail.com,+919576882332,"Engineer, maintenance",2000000.0,1983-10-22,Low,Active,2026-08-03 12:12:08.871846,2026-08-03 12:12:08.871846,Enterprise System
CUST00005848,Ishanvi,Prashad,1953-09-28,Prefer Not to Say,ishanvi.prashad151@outlook.com,+919552050735,Pensions consultant,500000.0,1992-09-27,High,Active,2026-08-03 12:12:08.871846,2026-08-03 12:12:08.871846,Enterprise System
CUST00005849,Brijesh,Rattan,1958-03-05,Female,brijesh.rattan492@outlook.com,+919552760768,"Conservation officer, nature",500000.0,1994-01-03,High,Active,2026-08-03 12:12:08.871846,2026-08-03 12:12:08.871846,Enterprise System
CUST00005850,Udarsh,Modi,1946-08-03,Prefer Not to Say,udarsh.modi404@gmail.com,+919588178804,"Production assistant, radio",300000.0,1969-04-16,High,Dormant,2026-08-03 12:12:08.871846,2026-08-03 12:12:08.871846,Enterprise System
CUST00005851,Sneha,Banerjee,1959-08-04,Non-Binary,sneha.banerjee435@yahoo.com,+919986984103,"Engineer, energy",2000000.0,2003-07-20,Low,Active,2026-08-03 12:12:08.871846,2026-08-03 12:12:08.871846,Enterprise System
CUST00005852,Neelima,Babu,2002-09-02,Male,neelima.babu111@yahoo.com,+919566966939,Contracting civil engineer,2000000.0,2022-04-18,Low,Active,2026-08-03 12:12:08.871846,2026-08-03 12:12:08.871846,Enterprise System
CUST00005853,Umang,Pandit,1958-12-26,Prefer Not to Say,umang.pandit755@yahoo.com,+919917392088,Warden/ranger,800000.0,2016-11-28,Medium,Blocked,2026-08-03 12:12:08.871846,2026-08-03 12:12:08.871846,Enterprise System
CUST00005854,Nitara,Varty,1983-10-11,Male,nitara.varty224@gmail.com,+919019462405,Geographical information systems officer,500000.0,2024-06-13,High,Active,2026-08-03 12:12:08.871846,2026-08-03 12:12:08.871846,Enterprise System
CUST00005855,Janaki,Sule,1976-07-29,Prefer Not to Say,janaki.sule477@yahoo.com,+919742411424,Trading standards officer,500000.0,2021-01-13,High,Active,2026-08-03 12:12:08.871846,2026-08-03 12:12:08.871846,Enterprise System
CUST00005856,Leela,Salvi,1973-05-30,Female,leela.salvi814@yahoo.com,+919881253198,Materials engineer,500000.0,2009-11-06,High,Active,2026-08-03 12:12:08.872853,2026-08-03 12:12:08.872853,Enterprise System
CUST00005857,Deepa,Rana,1982-12-16,Female,deepa.rana270@yahoo.com,+919267194864,Clinical research associate,500000.0,2016-10-08,High,Closed,2026-08-03 12:12:08.872853,2026-08-03 12:12:08.872853,Enterprise System
CUST00005858,Vedika,Bhalla,1986-09-26,Prefer Not to Say,vedika.bhalla364@yahoo.com,+919983242257,Research scientist (maths),800000.0,2019-12-06,Medium,Active,2026-08-03 12:12:08.872853,2026-08-03 12:12:08.872853,Enterprise System
CUST00005859,Qarin,Subramaniam,1974-07-26,Female,qarin.subramaniam52@hotmail.com,+919115332680,Fitness centre manager,800000.0,2015-02-05,Medium,Dormant,2026-08-03 12:12:08.872853,2026-08-03 12:12:08.872853,Enterprise System
CUST00005860,Omkaar,Krishnan,2004-11-25,Prefer Not to Say,omkaar.krishnan7@yahoo.com,+919283787557,Research scientist (life sciences),300000.0,2024-12-05,High,Active,2026-08-03 12:12:08.872853,2026-08-03 12:12:08.872853,Enterprise System
CUST00005861,Vansha,Din,2001-10-19,Female,vansha.din34@gmail.com,+919359276089,Electrical engineer,500000.0,2020-05-15,High,Active,2026-08-03 12:12:08.872853,2026-08-03 12:12:08.872853,Enterprise System
CUST00005862,Vasana,Tata,1995-01-29,Non-Binary,vasana.tata598@hotmail.com,+919480417136,Exhibition designer,3500000.0,2022-02-08,Low,Blocked,2026-08-03 12:12:08.872853,2026-08-03 12:12:08.872853,Enterprise System
CUST00005863,Hamsini,Kanda,1959-06-15,Non-Binary,hamsini.kanda612@gmail.com,+919482053312,Armed forces training and education officer,300000.0,2010-05-24,High,Active,2026-08-03 12:12:08.872853,2026-08-03 12:12:08.872853,Enterprise System
CUST00005864,Jack,Bhattacharyya,1949-10-03,Male,jack.bhattacharyya84@hotmail.com,+919929945624,Tourism officer,2000000.0,1990-01-19,Low,Active,2026-08-03 12:12:08.872853,2026-08-03 12:12:08.872853,Enterprise System
CUST00005865,Yatin,Thakur,1987-09-06,Female,yatin.thakur101@yahoo.com,+919825170985,Chartered public finance accountant,800000.0,2014-09-18,Medium,Active,2026-08-03 12:12:08.872853,2026-08-03 12:12:08.872853,Enterprise System
CUST00005866,Hitesh,Dube,1969-07-25,Female,hitesh.dube901@hotmail.com,+919313723386,Fitness centre manager,500000.0,1996-05-19,High,Active,2026-08-03 12:12:08.872853,2026-08-03 12:12:08.872853,Enterprise System
CUST00005867,Harini,De,1983-03-04,Prefer Not to Say,harini.de723@outlook.com,+919678870575,Learning mentor,300000.0,2001-03-12,High,Active,2026-08-03 12:12:08.872853,2026-08-03 12:12:08.872853,Enterprise System
CUST00005868,Ekanta,Oommen,1984-08-09,Male,ekanta.oommen57@outlook.com,+919145110717,Theme park manager,300000.0,2010-03-06,High,Active,2026-08-03 12:12:08.872853,2026-08-03 12:12:08.872853,Enterprise System
CUST00005869,Sudiksha,Mital,2007-08-15,Prefer Not to Say,sudiksha.mital610@outlook.com,+919459936754,Retail merchandiser,2000000.0,2026-07-21,Low,Active,2026-08-03 12:12:08.872853,2026-08-03 12:12:08.872853,Enterprise System
CUST00005870,Forum,Arora,1972-03-08,Prefer Not to Say,forum.arora605@gmail.com,+919649031061,Sports administrator,500000.0,1992-07-08,High,Active,2026-08-03 12:12:08.872853,2026-08-03 12:12:08.872853,Enterprise System
CUST00005871,Balendra,Balay,1982-06-03,Male,balendra.balay103@yahoo.com,+919291281289,Medical physicist,300000.0,2008-04-08,High,Active,2026-08-03 12:12:08.872853,2026-08-03 12:12:08.872853,Enterprise System
CUST00005872,Falguni,Venkataraman,1996-11-23,Non-Binary,falguni.venkataraman853@yahoo.com,+919722240569,Ergonomist,3500000.0,2021-03-04,Low,Active,2026-08-03 12:12:08.872853,2026-08-03 12:12:08.872853,Enterprise System
CUST00005873,Daksh,Peri,1993-10-16,Male,daksh.peri358@gmail.com,+919067690773,Outdoor activities/education manager,500000.0,2013-04-12,High,Active,2026-08-03 12:12:08.872853,2026-08-03 12:12:08.872853,Enterprise System
CUST00005874,Urmi,Nadkarni,1980-02-20,Non-Binary,urmi.nadkarni875@hotmail.com,+919386255914,Multimedia programmer,2000000.0,2023-07-25,Low,Active,2026-08-03 12:12:08.872853,2026-08-03 12:12:08.872853,Enterprise System
CUST00005875,Gaurang,Raju,1975-09-02,Prefer Not to Say,gaurang.raju189@outlook.com,+919696927128,Osteopath,500000.0,2010-04-18,High,Active,2026-08-03 12:12:08.872853,2026-08-03 12:12:08.872853,Enterprise System
CUST00005876,Dipta,Gokhale,1999-08-18,Female,dipta.gokhale316@outlook.com,+919063201149,"Therapist, sports",300000.0,2018-06-16,High,Active,2026-08-03 12:12:08.872853,2026-08-03 12:12:08.872853,Enterprise System
CUST00005877,Kritika,Singh,1959-01-31,Female,kritika.singh609@yahoo.com,+919314776697,Firefighter,1200000.0,2013-02-19,Medium,Active,2026-08-03 12:12:08.872853,2026-08-03 12:12:08.872853,Enterprise System
CUST00005878,Pahal,Varughese,1970-08-25,Female,pahal.varughese186@gmail.com,+919828804627,Housing manager/officer,800000.0,1991-12-27,Medium,Active,2026-08-03 12:12:08.872853,2026-08-03 12:12:08.872853,Enterprise System
CUST00005879,Gaurika,Chahal,1972-11-16,Non-Binary,gaurika.chahal159@gmail.com,+919386581000,Tree surgeon,500000.0,2012-05-03,High,Active,2026-08-03 12:12:08.872853,2026-08-03 12:12:08.872853,Enterprise System
CUST00005880,Vritti,Parmar,1996-12-06,Prefer Not to Say,vritti.parmar117@hotmail.com,+919234807648,Town planner,300000.0,2015-09-26,High,Active,2026-08-03 12:12:08.872853,2026-08-03 12:12:08.872853,Enterprise System
CUST00005881,Patrick,Ganguly,2007-04-28,Female,patrick.ganguly450@gmail.com,+919929445361,Web designer,500000.0,2026-07-23,High,Active,2026-08-03 12:12:08.872853,2026-08-03 12:12:08.872853,Enterprise System
CUST00005882,Manan,Kapur,1999-09-05,Male,manan.kapur547@yahoo.com,+919629025234,"Engineer, agricultural",800000.0,2021-03-05,Medium,Active,2026-08-03 12:12:08.873852,2026-08-03 12:12:08.873852,Enterprise System
CUST00005883,Ijaya,Kata,1966-01-03,Prefer Not to Say,ijaya.kata829@yahoo.com,+919150544932,Outdoor activities/education manager,300000.0,1993-02-23,High,Blocked,2026-08-03 12:12:08.873852,2026-08-03 12:12:08.873852,Enterprise System
CUST00005884,Onkar,Krishnamurthy,1998-07-02,Female,onkar.krishnamurthy352@gmail.com,+919486688370,Agricultural consultant,500000.0,2021-06-15,High,Active,2026-08-03 12:12:08.873852,2026-08-03 12:12:08.873852,Enterprise System
CUST00005885,Yasti,Magar,1963-04-30,Male,yasti.magar412@outlook.com,+919112991869,Set designer,500000.0,1989-05-05,High,Dormant,2026-08-03 12:12:08.873852,2026-08-03 12:12:08.873852,Enterprise System
CUST00005886,Gabriel,Sunder,2003-10-18,Female,gabriel.sunder277@hotmail.com,+919294520502,"Buyer, retail",5000000.0,2024-04-20,Low,Active,2026-08-03 12:12:08.873852,2026-08-03 12:12:08.873852,Enterprise System
CUST00005887,Chaitanya,Bhargava,1983-04-06,Non-Binary,chaitanya.bhargava321@yahoo.com,+919789732825,Comptroller,300000.0,2009-03-25,High,Closed,2026-08-03 12:12:08.873852,2026-08-03 12:12:08.873852,Enterprise System
CUST00005888,Chaaya,Mall,1962-04-22,Prefer Not to Say,chaaya.mall113@yahoo.com,+919494258624,Information systems manager,5000000.0,2022-07-18,Low,Active,2026-08-03 12:12:08.873852,2026-08-03 12:12:08.873852,Enterprise System
CUST00005889,Falak,Pillai,1963-02-05,Prefer Not to Say,falak.pillai428@hotmail.com,+919923509241,"Surveyor, hydrographic",300000.0,1999-05-12,High,Active,2026-08-03 12:12:08.873852,2026-08-03 12:12:08.873852,Enterprise System
CUST00005890,Jairaj,Mody,1962-11-19,Prefer Not to Say,jairaj.mody414@yahoo.com,+919567942368,"Engineer, land",5000000.0,2024-11-22,Low,Active,2026-08-03 12:12:08.873852,2026-08-03 12:12:08.873852,Enterprise System
CUST00005891,Aarna,Sandal,1977-04-15,Male,aarna.sandal693@outlook.com,+919185993044,"Clinical scientist, histocompatibility and immunogenetics",300000.0,2010-01-02,High,Active,2026-08-03 12:12:08.873852,2026-08-03 12:12:08.873852,Enterprise System
CUST00005892,Mohammed,Vasa,1947-08-02,Non-Binary,mohammed.vasa913@hotmail.com,+919541609354,Lawyer,500000.0,2014-11-07,High,Active,2026-08-03 12:12:08.873852,2026-08-03 12:12:08.873852,Enterprise System
CUST00005893,Dominic,Parmer,1997-10-29,Non-Binary,dominic.parmer616@gmail.com,+919012849604,Freight forwarder,500000.0,2025-11-17,High,Active,2026-08-03 12:12:08.873852,2026-08-03 12:12:08.873852,Enterprise System
CUST00005894,Madhavi,Kothari,1996-09-27,Male,madhavi.kothari69@yahoo.com,+919992281972,"Engineer, biomedical",500000.0,2017-10-12,High,Active,2026-08-03 12:12:08.873852,2026-08-03 12:12:08.873852,Enterprise System
CUST00005895,Siddharth,Jain,1972-11-17,Male,siddharth.jain532@yahoo.com,+919214638293,"Investment banker, operational",300000.0,2014-02-16,High,Active,2026-08-03 12:12:08.873852,2026-08-03 12:12:08.873852,Enterprise System
CUST00005896,Qarin,Bahl,1991-06-29,Female,qarin.bahl643@hotmail.com,+919068701324,Animal nutritionist,3500000.0,2017-05-10,Low,Active,2026-08-03 12:12:08.873852,2026-08-03 12:12:08.873852,Enterprise System
CUST00005897,Chatura,Sani,1977-10-07,Prefer Not to Say,chatura.sani872@gmail.com,+919942820797,Editorial assistant,300000.0,2003-10-13,High,Blocked,2026-08-03 12:12:08.873852,2026-08-03 12:12:08.873852,Enterprise System
CUST00005898,Ishanvi,Morar,2008-04-02,Non-Binary,ishanvi.morar531@yahoo.com,+919536475043,Orthoptist,300000.0,2026-06-04,High,Active,2026-08-03 12:12:08.873852,2026-08-03 12:12:08.873852,Enterprise System
CUST00005899,Vritti,Sankar,1973-11-27,Non-Binary,vritti.sankar289@gmail.com,+919185488892,"Accountant, chartered public finance",3500000.0,2003-05-02,Low,Active,2026-08-03 12:12:08.873852,2026-08-03 12:12:08.873852,Enterprise System
CUST00005900,Yutika,Bera,1992-01-12,Prefer Not to Say,yutika.bera669@yahoo.com,+919824041642,Media planner,2000000.0,2014-07-23,Low,Active,2026-08-03 12:12:08.873852,2026-08-03 12:12:08.873852,Enterprise System
CUST00005901,Faraj,Rai,1993-11-20,Non-Binary,faraj.rai595@hotmail.com,+919163532725,Herbalist,1200000.0,2019-01-03,Medium,Active,2026-08-03 12:12:08.873852,2026-08-03 12:12:08.873852,Enterprise System
CUST00005902,Chasmum,Gour,1993-09-27,Prefer Not to Say,chasmum.gour124@yahoo.com,+919992446783,Community pharmacist,1200000.0,2017-02-26,Medium,Active,2026-08-03 12:12:08.873852,2026-08-03 12:12:08.873852,Enterprise System
CUST00005903,Gabriel,Desai,1987-11-04,Non-Binary,gabriel.desai51@gmail.com,+919478596547,Radiation protection practitioner,500000.0,2023-08-07,High,Active,2026-08-03 12:12:08.873852,2026-08-03 12:12:08.873852,Enterprise System
CUST00005904,Gaurika,Kapadia,1965-01-08,Prefer Not to Say,gaurika.kapadia882@gmail.com,+919579006443,Tax inspector,300000.0,2003-08-13,High,Active,2026-08-03 12:12:08.873852,2026-08-03 12:12:08.873852,Enterprise System
CUST00005905,Robert,Mohanty,1998-12-23,Female,robert.mohanty791@gmail.com,+919427471977,Learning disability nurse,800000.0,2017-05-06,Medium,Active,2026-08-03 12:12:08.873852,2026-08-03 12:12:08.873852,Enterprise System
CUST00005906,Chatresh,Acharya,2008-03-20,Prefer Not to Say,chatresh.acharya348@yahoo.com,+919886806710,"Sound technician, broadcasting/film/video",300000.0,2026-04-25,High,Active,2026-08-03 12:12:08.873852,2026-08-03 12:12:08.873852,Enterprise System
CUST00005907,Kalpit,Bal,1947-07-10,Non-Binary,kalpit.bal653@gmail.com,+919991442853,"Geologist, wellsite",300000.0,2008-07-02,High,Active,2026-08-03 12:12:08.873852,2026-08-03 12:12:08.873852,Enterprise System
CUST00005908,Bhavani,Dar,1969-08-22,Female,bhavani.dar966@gmail.com,+919799731002,Arts development officer,3500000.0,2012-11-22,Low,Active,2026-08-03 12:12:08.873852,2026-08-03 12:12:08.873852,Enterprise System
CUST00005909,Warhi,Bahri,1991-09-03,Prefer Not to Say,warhi.bahri854@gmail.com,+919122983639,"Programme researcher, broadcasting/film/video",2000000.0,2023-06-12,Low,Active,2026-08-03 12:12:08.874853,2026-08-03 12:12:08.874853,Enterprise System
CUST00005910,Bhavika,Das,1983-07-15,Male,bhavika.das542@gmail.com,+919180127226,Community education officer,800000.0,2007-01-05,Medium,Active,2026-08-03 12:12:08.874853,2026-08-03 12:12:08.874853,Enterprise System
CUST00005911,Aarush,Dar,1966-07-22,Male,aarush.dar796@hotmail.com,+919655929636,Community development worker,800000.0,1985-01-07,Medium,Active,2026-08-03 12:12:08.874853,2026-08-03 12:12:08.874853,Enterprise System
CUST00005912,Inaya,Khosla,1954-09-26,Prefer Not to Say,inaya.khosla427@yahoo.com,+919549293837,Communications engineer,1200000.0,1996-08-30,Medium,Active,2026-08-03 12:12:08.874853,2026-08-03 12:12:08.874853,Enterprise System
CUST00005913,Owen,Bhardwaj,1992-06-28,Prefer Not to Say,owen.bhardwaj909@yahoo.com,+919977456026,"Research officer, political party",300000.0,2023-08-01,High,Active,2026-08-03 12:12:08.874853,2026-08-03 12:12:08.874853,Enterprise System
CUST00005914,Meghana,Kapur,1955-09-07,Male,meghana.kapur939@hotmail.com,+919496242351,Theme park manager,800000.0,2009-04-14,Medium,Active,2026-08-03 12:12:08.874853,2026-08-03 12:12:08.874853,Enterprise System
CUST00005915,Ojas,Bath,1998-09-06,Female,ojas.bath643@hotmail.com,+919367537641,Advertising account executive,500000.0,2024-12-26,High,Active,2026-08-03 12:12:08.874853,2026-08-03 12:12:08.874853,Enterprise System
CUST00005916,Manya,Borra,1972-04-22,Female,manya.borra703@yahoo.com,+919628710508,Mental health nurse,500000.0,2006-06-20,High,Active,2026-08-03 12:12:08.874853,2026-08-03 12:12:08.874853,Enterprise System
CUST00005917,Hamsini,Ganesan,1990-01-18,Female,hamsini.ganesan674@outlook.com,+919011119565,"Administrator, education",3500000.0,2013-07-08,Low,Blocked,2026-08-03 12:12:08.874853,2026-08-03 12:12:08.874853,Enterprise System
CUST00005918,Anya,Seshadri,1994-07-14,Non-Binary,anya.seshadri611@outlook.com,+919568177625,Further education lecturer,3500000.0,2023-11-28,Low,Active,2026-08-03 12:12:08.874853,2026-08-03 12:12:08.874853,Enterprise System
CUST00005919,Yachana,Ray,2006-01-24,Non-Binary,yachana.ray680@gmail.com,+919687592683,Seismic interpreter,800000.0,2025-09-03,Medium,Active,2026-08-03 12:12:08.874853,2026-08-03 12:12:08.874853,Enterprise System
CUST00005920,Nakul,Kalita,1963-05-07,Female,nakul.kalita67@hotmail.com,+919714782916,"Research officer, government",300000.0,2017-07-23,High,Active,2026-08-03 12:12:08.874853,2026-08-03 12:12:08.874853,Enterprise System
CUST00005921,Frederick,Gour,1946-04-24,Non-Binary,frederick.gour117@hotmail.com,+919287692148,Naval architect,500000.0,1990-10-23,High,Active,2026-08-03 12:12:08.874853,2026-08-03 12:12:08.874853,Enterprise System
CUST00005922,Samarth,Dugar,1950-03-28,Male,samarth.dugar722@yahoo.com,+919698677059,"Psychologist, counselling",500000.0,2024-01-09,High,Active,2026-08-03 12:12:08.874853,2026-08-03 12:12:08.874853,Enterprise System
CUST00005923,Ayushman,Balay,1963-09-17,Female,ayushman.balay793@gmail.com,+919356016954,"Administrator, sports",500000.0,2016-05-18,High,Blocked,2026-08-03 12:12:08.874853,2026-08-03 12:12:08.874853,Enterprise System
CUST00005924,Sneha,Rege,1973-07-22,Male,sneha.rege461@gmail.com,+919144532482,"Pilot, airline",300000.0,1993-03-01,High,Active,2026-08-03 12:12:08.874853,2026-08-03 12:12:08.874853,Enterprise System
CUST00005925,Vrinda,Aggarwal,1972-06-27,Female,vrinda.aggarwal257@yahoo.com,+919281034714,Chiropodist,300000.0,2016-10-29,High,Active,2026-08-03 12:12:08.874853,2026-08-03 12:12:08.874853,Enterprise System
CUST00005926,Sneha,Pant,1947-07-07,Non-Binary,sneha.pant790@outlook.com,+919441740328,Manufacturing systems engineer,1200000.0,1969-02-14,Medium,Active,2026-08-03 12:12:08.874853,2026-08-03 12:12:08.874853,Enterprise System
CUST00005927,Quincy,Deshmukh,1946-12-02,Prefer Not to Say,quincy.deshmukh613@hotmail.com,+919481263266,Probation officer,500000.0,2015-03-10,High,Active,2026-08-03 12:12:08.874853,2026-08-03 12:12:08.874853,Enterprise System
CUST00005928,Faqid,Naik,1947-09-21,Female,faqid.naik820@yahoo.com,+919332527027,Investment analyst,800000.0,2016-12-30,Medium,Dormant,2026-08-03 12:12:08.874853,2026-08-03 12:12:08.874853,Enterprise System
CUST00005929,Radhika,Bhardwaj,1972-01-08,Female,radhika.bhardwaj338@yahoo.com,+919545082756,"Designer, ceramics/pottery",500000.0,2001-04-29,High,Dormant,2026-08-03 12:12:08.874853,2026-08-03 12:12:08.874853,Enterprise System
CUST00005930,Girik,Narasimhan,2000-04-28,Male,girik.narasimhan562@gmail.com,+919958957807,Catering manager,1200000.0,2026-02-25,Medium,Active,2026-08-03 12:12:08.874853,2026-08-03 12:12:08.874853,Enterprise System
CUST00005931,Bhavya,Chaudhari,2002-01-27,Male,bhavya.chaudhari940@gmail.com,+919843010928,Water quality scientist,1200000.0,2026-07-14,Medium,Active,2026-08-03 12:12:08.874853,2026-08-03 12:12:08.874853,Enterprise System
CUST00005932,Isaiah,Nayar,1961-12-10,Non-Binary,isaiah.nayar601@gmail.com,+919745630497,Adult nurse,300000.0,1981-09-24,High,Active,2026-08-03 12:12:08.874853,2026-08-03 12:12:08.874853,Enterprise System
CUST00005933,Harish,Bhakta,1966-10-11,Female,harish.bhakta456@yahoo.com,+919050010771,Petroleum engineer,3500000.0,2008-12-27,Low,Active,2026-08-03 12:12:08.874853,2026-08-03 12:12:08.874853,Enterprise System
CUST00005934,Netra,Narang,1953-12-08,Male,netra.narang443@gmail.com,+919356895608,TEFL teacher,800000.0,1985-09-27,Medium,Active,2026-08-03 12:12:08.874853,2026-08-03 12:12:08.874853,Enterprise System
CUST00005935,Bhavna,Mohanty,2005-01-13,Non-Binary,bhavna.mohanty362@gmail.com,+919572949616,"Scientist, audiological",300000.0,2026-03-20,High,Active,2026-08-03 12:12:08.875849,2026-08-03 12:12:08.875849,Enterprise System
CUST00005936,Arunima,Parekh,1977-08-01,Prefer Not to Say,arunima.parekh882@outlook.com,+919579635259,"Surveyor, mining",1200000.0,2023-08-01,Medium,Active,2026-08-03 12:12:08.875849,2026-08-03 12:12:08.875849,Enterprise System
CUST00005937,Madhav,Soman,1976-01-25,Non-Binary,madhav.soman919@gmail.com,+919348665750,"Clinical scientist, histocompatibility and immunogenetics",500000.0,2005-07-05,High,Active,2026-08-03 12:12:08.875849,2026-08-03 12:12:08.875849,Enterprise System
CUST00005938,Reyansh,Barad,1947-02-14,Non-Binary,reyansh.barad47@yahoo.com,+919917740616,"Journalist, magazine",2000000.0,1990-01-04,Low,Active,2026-08-03 12:12:08.875849,2026-08-03 12:12:08.875849,Enterprise System
CUST00005939,Praneel,Peri,1991-07-12,Prefer Not to Say,praneel.peri10@outlook.com,+919638783365,Teaching laboratory technician,1200000.0,2022-07-24,Medium,Active,2026-08-03 12:12:08.875849,2026-08-03 12:12:08.875849,Enterprise System
CUST00005940,Faraj,D’Alia,1952-10-01,Non-Binary,faraj.d’alia584@hotmail.com,+919328131673,Risk analyst,5000000.0,2017-11-03,Low,Dormant,2026-08-03 12:12:08.875849,2026-08-03 12:12:08.875849,Enterprise System
CUST00005941,Om,Bandi,1961-04-06,Male,om.bandi845@gmail.com,+919561130249,Adult guidance worker,800000.0,1981-10-18,Medium,Closed,2026-08-03 12:12:08.875849,2026-08-03 12:12:08.875849,Enterprise System
CUST00005942,Ishanvi,Krishna,1981-09-25,Male,ishanvi.krishna987@outlook.com,+919858024121,Commissioning editor,300000.0,2001-03-17,High,Blocked,2026-08-03 12:12:08.875849,2026-08-03 12:12:08.875849,Enterprise System
CUST00005943,Harini,Gala,1963-04-29,Prefer Not to Say,harini.gala764@hotmail.com,+919938476885,Learning disability nurse,300000.0,1991-01-07,High,Dormant,2026-08-03 12:12:08.875849,2026-08-03 12:12:08.875849,Enterprise System
CUST00005944,Nihal,Guha,2001-03-29,Non-Binary,nihal.guha796@hotmail.com,+919355140493,Sports development officer,300000.0,2023-09-14,High,Active,2026-08-03 12:12:08.875849,2026-08-03 12:12:08.875849,Enterprise System
CUST00005945,Isaac,Vohra,1990-08-03,Male,isaac.vohra818@hotmail.com,+919457586313,Video editor,2000000.0,2011-07-22,Low,Active,2026-08-03 12:12:08.875849,2026-08-03 12:12:08.875849,Enterprise System
CUST00005946,Omkaar,Behl,1956-12-01,Non-Binary,omkaar.behl952@hotmail.com,+919139591726,Retail buyer,3500000.0,2004-05-05,Low,Blocked,2026-08-03 12:12:08.875849,2026-08-03 12:12:08.875849,Enterprise System
CUST00005947,Oliver,Mall,2008-06-30,Female,oliver.mall4@gmail.com,+919379292677,"Lecturer, higher education",800000.0,2026-07-10,Medium,Active,2026-08-03 12:12:08.875849,2026-08-03 12:12:08.875849,Enterprise System
CUST00005948,Xavier,Singhal,1988-11-29,Male,xavier.singhal400@hotmail.com,+919269788676,Insurance claims handler,800000.0,2015-03-23,Medium,Active,2026-08-03 12:12:08.875849,2026-08-03 12:12:08.875849,Enterprise System
CUST00005949,Omya,Chander,1978-08-28,Male,omya.chander100@yahoo.com,+919763950693,"Surveyor, quantity",500000.0,2022-06-30,High,Active,2026-08-03 12:12:08.875849,2026-08-03 12:12:08.875849,Enterprise System
CUST00005950,Vihaan,Kala,1968-11-19,Non-Binary,vihaan.kala8@gmail.com,+919234573490,"Surveyor, building control",1200000.0,1994-10-26,Medium,Active,2026-08-03 12:12:08.875849,2026-08-03 12:12:08.875849,Enterprise System
CUST00005951,Bishakha,Gade,1968-02-04,Non-Binary,bishakha.gade565@hotmail.com,+919710179160,Sports therapist,500000.0,2008-08-14,High,Active,2026-08-03 12:12:08.875849,2026-08-03 12:12:08.875849,Enterprise System
CUST00005952,Omya,Subramaniam,1953-11-22,Female,omya.subramaniam368@outlook.com,+919217386968,Operations geologist,5000000.0,2025-09-05,Low,Dormant,2026-08-03 12:12:08.875849,2026-08-03 12:12:08.875849,Enterprise System
CUST00005953,Damyanti,Wable,1949-06-28,Male,damyanti.wable119@hotmail.com,+919477532978,Health service manager,500000.0,2008-08-06,High,Active,2026-08-03 12:12:08.875849,2026-08-03 12:12:08.875849,Enterprise System
CUST00005954,Victor,Chad,1994-10-05,Prefer Not to Say,victor.chad841@yahoo.com,+919618613778,Community development worker,500000.0,2021-12-04,High,Active,2026-08-03 12:12:08.875849,2026-08-03 12:12:08.875849,Enterprise System
CUST00005955,Lakshit,Choudhry,1961-11-22,Female,lakshit.choudhry343@yahoo.com,+919417507709,"Engineer, aeronautical",500000.0,2006-03-01,High,Active,2026-08-03 12:12:08.875849,2026-08-03 12:12:08.875849,Enterprise System
CUST00005956,Qabil,Agate,2008-06-11,Prefer Not to Say,qabil.agate782@gmail.com,+919062008402,Museum/gallery curator,800000.0,2026-06-20,Medium,Active,2026-08-03 12:12:08.875849,2026-08-03 12:12:08.875849,Enterprise System
CUST00005957,Noah,Misra,1992-04-22,Female,noah.misra136@yahoo.com,+919181316181,"Journalist, newspaper",2000000.0,2021-08-06,Low,Active,2026-08-03 12:12:08.875849,2026-08-03 12:12:08.875849,Enterprise System
CUST00005958,Wriddhish,Hans,1961-04-05,Prefer Not to Say,wriddhish.hans653@outlook.com,+919078195877,Planning and development surveyor,300000.0,2011-04-23,High,Active,2026-08-03 12:12:08.875849,2026-08-03 12:12:08.875849,Enterprise System
CUST00005959,Jack,Thakur,1966-12-18,Prefer Not to Say,jack.thakur398@gmail.com,+919253113855,Legal secretary,500000.0,2009-04-29,High,Active,2026-08-03 12:12:08.875849,2026-08-03 12:12:08.875849,Enterprise System
CUST00005960,Yashica,Bahri,1946-02-08,Female,yashica.bahri159@outlook.com,+919737935494,Clinical cytogeneticist,500000.0,2004-05-26,High,Active,2026-08-03 12:12:08.875849,2026-08-03 12:12:08.875849,Enterprise System
CUST00005961,Ekansh,Dhar,1948-04-24,Male,ekansh.dhar371@yahoo.com,+919494721250,"Doctor, general practice",800000.0,1983-03-11,Medium,Active,2026-08-03 12:12:08.875849,2026-08-03 12:12:08.875849,Enterprise System
CUST00005962,Lohit,Mani,1952-01-06,Non-Binary,lohit.mani986@hotmail.com,+919545889662,Environmental health practitioner,500000.0,1979-07-17,High,Active,2026-08-03 12:12:08.876857,2026-08-03 12:12:08.876857,Enterprise System
CUST00005963,Praneel,Bhatt,1946-05-29,Female,praneel.bhatt370@hotmail.com,+919768210845,"Surveyor, building control",800000.0,2004-11-11,Medium,Active,2026-08-03 12:12:08.876857,2026-08-03 12:12:08.876857,Enterprise System
CUST00005964,Sai,Amble,1977-02-08,Female,sai.amble502@outlook.com,+919087552943,Hospital doctor,300000.0,2019-04-05,High,Dormant,2026-08-03 12:12:08.876857,2026-08-03 12:12:08.876857,Enterprise System
CUST00005965,Atharv,Suri,1987-09-26,Female,atharv.suri635@hotmail.com,+919651404216,Television floor manager,2000000.0,2006-07-16,Low,Active,2026-08-03 12:12:08.876857,2026-08-03 12:12:08.876857,Enterprise System
CUST00005966,Sachi,Boase,1958-07-06,Prefer Not to Say,sachi.boase326@hotmail.com,+919677096421,"Scientist, physiological",500000.0,1979-04-26,High,Active,2026-08-03 12:12:08.876857,2026-08-03 12:12:08.876857,Enterprise System
CUST00005967,Shravya,Sunder,1965-03-29,Female,shravya.sunder426@gmail.com,+919945965179,"Secretary, company",300000.0,1990-08-27,High,Blocked,2026-08-03 12:12:08.876857,2026-08-03 12:12:08.876857,Enterprise System
CUST00005968,Madhavi,Date,1958-08-29,Prefer Not to Say,madhavi.date820@hotmail.com,+919381156854,Accommodation manager,500000.0,2019-06-16,High,Active,2026-08-03 12:12:08.876857,2026-08-03 12:12:08.876857,Enterprise System
CUST00005969,Gopal,Goda,1998-10-26,Male,gopal.goda276@outlook.com,+919997437843,"Programmer, multimedia",300000.0,2019-04-21,High,Active,2026-08-03 12:12:08.876857,2026-08-03 12:12:08.876857,Enterprise System
CUST00005970,Madhavi,Kar,2002-12-30,Female,madhavi.kar912@yahoo.com,+919159778196,Pharmacologist,3500000.0,2025-07-05,Low,Active,2026-08-03 12:12:08.876857,2026-08-03 12:12:08.876857,Enterprise System
CUST00005971,Yatan,Deshpande,1962-04-30,Non-Binary,yatan.deshpande542@outlook.com,+919545890116,"Librarian, academic",800000.0,2006-09-16,Medium,Active,2026-08-03 12:12:08.876857,2026-08-03 12:12:08.876857,Enterprise System
CUST00005972,Ekapad,Wason,1966-03-03,Non-Binary,ekapad.wason296@outlook.com,+919689779074,Control and instrumentation engineer,500000.0,1989-07-08,High,Active,2026-08-03 12:12:08.876857,2026-08-03 12:12:08.876857,Enterprise System
CUST00005973,Krishna,Sawhney,1951-10-30,Male,krishna.sawhney867@hotmail.com,+919242743815,Archaeologist,1200000.0,1987-12-31,Medium,Active,2026-08-03 12:12:08.876857,2026-08-03 12:12:08.876857,Enterprise System
CUST00005974,Banjeet,Butala,1988-03-01,Female,banjeet.butala997@gmail.com,+919023085544,Bookseller,300000.0,2017-06-02,High,Active,2026-08-03 12:12:08.876857,2026-08-03 12:12:08.876857,Enterprise System
CUST00005975,Samaksh,Sem,1980-05-14,Prefer Not to Say,samaksh.sem704@gmail.com,+919245645724,Accommodation manager,500000.0,2017-07-14,High,Active,2026-08-03 12:12:08.876857,2026-08-03 12:12:08.876857,Enterprise System
CUST00005976,Omaja,Mitra,1970-03-25,Female,omaja.mitra445@hotmail.com,+919013938018,"Merchandiser, retail",300000.0,1988-10-22,High,Active,2026-08-03 12:12:08.876857,2026-08-03 12:12:08.876857,Enterprise System
CUST00005977,Faraj,Dutta,1999-05-21,Non-Binary,faraj.dutta581@gmail.com,+919310966109,Claims inspector/assessor,800000.0,2022-09-12,Medium,Active,2026-08-03 12:12:08.876857,2026-08-03 12:12:08.876857,Enterprise System
CUST00005978,Girindra,Amble,1983-09-10,Prefer Not to Say,girindra.amble911@hotmail.com,+919623563464,"Programmer, multimedia",800000.0,2004-12-10,Medium,Active,2026-08-03 12:12:08.876857,2026-08-03 12:12:08.876857,Enterprise System
CUST00005979,Siya,Shanker,1972-12-14,Non-Binary,siya.shanker631@yahoo.com,+919280599052,"Producer, television/film/video",300000.0,1998-10-18,High,Active,2026-08-03 12:12:08.876857,2026-08-03 12:12:08.876857,Enterprise System
CUST00005980,Balhaar,Goyal,1989-09-28,Prefer Not to Say,balhaar.goyal98@hotmail.com,+919134235219,Speech and language therapist,500000.0,2014-05-06,High,Dormant,2026-08-03 12:12:08.876857,2026-08-03 12:12:08.876857,Enterprise System
CUST00005981,Hitesh,Seshadri,1999-11-23,Prefer Not to Say,hitesh.seshadri67@gmail.com,+919455393201,Contracting civil engineer,300000.0,2024-02-10,High,Active,2026-08-03 12:12:08.876857,2026-08-03 12:12:08.876857,Enterprise System
CUST00005982,Yashawini,Kota,1978-07-01,Prefer Not to Say,yashawini.kota747@hotmail.com,+919172618302,"Engineer, maintenance",800000.0,2010-09-09,Medium,Blocked,2026-08-03 12:12:08.876857,2026-08-03 12:12:08.876857,Enterprise System
CUST00005983,Pranav,Dada,1971-07-17,Female,pranav.dada642@outlook.com,+919758233962,Dealer,500000.0,2024-11-10,High,Active,2026-08-03 12:12:08.876857,2026-08-03 12:12:08.876857,Enterprise System
CUST00005984,Vasana,Bhargava,1985-01-22,Non-Binary,vasana.bhargava836@outlook.com,+919747597881,"Psychologist, prison and probation services",1200000.0,2015-09-29,Medium,Active,2026-08-03 12:12:08.876857,2026-08-03 12:12:08.876857,Enterprise System
CUST00005985,Matthew,Varughese,1961-03-26,Male,matthew.varughese320@gmail.com,+919480072445,Police officer,500000.0,2021-02-14,High,Active,2026-08-03 12:12:08.876857,2026-08-03 12:12:08.876857,Enterprise System
CUST00005986,Theodore,Lad,1974-09-01,Male,theodore.lad138@outlook.com,+919229102032,Insurance risk surveyor,800000.0,2004-02-13,Medium,Active,2026-08-03 12:12:08.876857,2026-08-03 12:12:08.876857,Enterprise System
CUST00005987,Laksh,Kibe,1974-07-20,Prefer Not to Say,laksh.kibe269@outlook.com,+919870476746,Operational investment banker,500000.0,2010-08-21,High,Active,2026-08-03 12:12:08.876857,2026-08-03 12:12:08.876857,Enterprise System
CUST00005988,Anvi,Sehgal,1967-02-03,Non-Binary,anvi.sehgal241@outlook.com,+919061809813,Retail manager,500000.0,2001-11-02,High,Active,2026-08-03 12:12:08.876857,2026-08-03 12:12:08.876857,Enterprise System
CUST00005989,Mohammed,Sastry,1961-09-20,Prefer Not to Say,mohammed.sastry667@gmail.com,+919058402493,"Physicist, medical",1200000.0,2019-07-22,Medium,Active,2026-08-03 12:12:08.877861,2026-08-03 12:12:08.877861,Enterprise System
CUST00005990,Mitali,Narula,1979-01-19,Female,mitali.narula682@gmail.com,+919360337489,"Pharmacist, community",800000.0,2014-09-18,Medium,Active,2026-08-03 12:12:08.877861,2026-08-03 12:12:08.877861,Enterprise System
CUST00005991,Reva,Deshmukh,1989-04-10,Female,reva.deshmukh496@outlook.com,+919568708002,Local government officer,800000.0,2009-05-18,Medium,Dormant,2026-08-03 12:12:08.877861,2026-08-03 12:12:08.877861,Enterprise System
CUST00005992,Radha,Yadav,1972-01-30,Female,radha.yadav305@yahoo.com,+919970320410,"Librarian, academic",300000.0,2023-09-24,High,Active,2026-08-03 12:12:08.877861,2026-08-03 12:12:08.877861,Enterprise System
CUST00005993,Nakul,Banik,1992-09-18,Prefer Not to Say,nakul.banik633@yahoo.com,+919487355776,Sports development officer,1200000.0,2022-12-07,Medium,Active,2026-08-03 12:12:08.877861,2026-08-03 12:12:08.877861,Enterprise System
CUST00005994,Aarush,Jayaraman,1961-02-20,Male,aarush.jayaraman619@yahoo.com,+919541128168,"Pilot, airline",800000.0,2012-08-02,Medium,Dormant,2026-08-03 12:12:08.877861,2026-08-03 12:12:08.877861,Enterprise System
CUST00005995,Naksh,Wason,1972-07-18,Male,naksh.wason831@outlook.com,+919875582463,Psychiatrist,500000.0,1996-05-24,High,Active,2026-08-03 12:12:08.877861,2026-08-03 12:12:08.877861,Enterprise System
CUST00005996,Bhavna,Acharya,1981-07-11,Prefer Not to Say,bhavna.acharya555@hotmail.com,+919220359354,Academic librarian,800000.0,2026-01-05,Medium,Active,2026-08-03 12:12:08.877861,2026-08-03 12:12:08.877861,Enterprise System
CUST00005997,Adweta,Sama,1981-05-06,Non-Binary,adweta.sama937@outlook.com,+919416149112,"Designer, industrial/product",500000.0,2009-02-25,High,Active,2026-08-03 12:12:08.877861,2026-08-03 12:12:08.877861,Enterprise System
CUST00005998,Wazir,Dyal,2000-03-25,Non-Binary,wazir.dyal568@outlook.com,+919220460767,"Doctor, general practice",3500000.0,2025-05-10,Low,Active,2026-08-03 12:12:08.877861,2026-08-03 12:12:08.877861,Enterprise System
CUST00005999,Daksha,Bhasin,1953-12-15,Prefer Not to Say,daksha.bhasin803@hotmail.com,+919494407197,Lawyer,300000.0,1990-02-22,High,Active,2026-08-03 12:12:08.877861,2026-08-03 12:12:08.877861,Enterprise System
CUST00006000,Atharv,Goel,1999-07-11,Non-Binary,atharv.goel45@hotmail.com,+919573619738,Insurance account manager,1200000.0,2020-08-27,Medium,Active,2026-08-03 12:12:08.877861,2026-08-03 12:12:08.877861,Enterprise System
