rate_date,currency,currency_symbol,rate_to_inr,source
2026-08-02,US Dollar,$,95.3859,Exchange Rate API
2026-08-01,US Dollar,$,95.1429,Exchange Rate API
2026-07-31,US Dollar,$,95.5365,Exchange Rate API
2026-07-30,US Dollar,$,95.472,Exchange Rate API
2026-07-29,US Dollar,$,95.5049,Exchange Rate API
2026-07-28,US Dollar,$,95.5636,Exchange Rate API
2026-07-27,US Dollar,$,95.3789,Exchange Rate API
2026-07-26,US Dollar,$,95.5386,Exchange Rate API
2026-07-25,US Dollar,$,95.9972,Exchange Rate API
2026-07-24,US Dollar,$,95.5041,Exchange Rate API
2026-07-23,US Dollar,$,95.5739,Exchange Rate API
2026-07-22,US Dollar,$,95.3033,Exchange Rate API
2026-07-21,US Dollar,$,95.4813,Exchange Rate API
2026-07-20,US Dollar,$,95.6227,Exchange Rate API
2026-07-19,US Dollar,$,95.1014,Exchange Rate API
2026-07-18,US Dollar,$,94.6596,Exchange Rate API
2026-07-17,US Dollar,$,94.6918,Exchange Rate API
2026-07-16,US Dollar,$,95.0993,Exchange Rate API
2026-07-15,US Dollar,$,95.439,Exchange Rate API
2026-07-14,US Dollar,$,95.8099,Exchange Rate API
2026-07-13,US Dollar,$,95.3926,Exchange Rate API
2026-07-12,US Dollar,$,95.2215,Exchange Rate API
2026-07-11,US Dollar,$,95.3094,Exchange Rate API
2026-07-10,US Dollar,$,95.1567,Exchange Rate API
2026-07-09,US Dollar,$,94.8491,Exchange Rate API
2026-07-08,US Dollar,$,95.3295,Exchange Rate API
2026-07-07,US Dollar,$,95.4842,Exchange Rate API
2026-07-06,US Dollar,$,95.3673,Exchange Rate API
2026-07-05,US Dollar,$,95.3399,Exchange Rate API
2026-07-04,US Dollar,$,95.5682,Exchange Rate API
2026-07-03,US Dollar,$,95.8656,Exchange Rate API
2026-07-02,US Dollar,$,96.1872,Exchange Rate API
2026-07-01,US Dollar,$,95.9961,Exchange Rate API
2026-06-30,US Dollar,$,96.5348,Exchange Rate API
2026-06-29,US Dollar,$,96.8395,Exchange Rate API
2026-06-28,US Dollar,$,96.5729,Exchange Rate API
2026-06-27,US Dollar,$,96.1928,Exchange Rate API
2026-06-26,US Dollar,$,96.1121,Exchange Rate API
2026-06-25,US Dollar,$,95.836,Exchange Rate API
2026-06-24,US Dollar,$,96.2702,Exchange Rate API
2026-06-23,US Dollar,$,95.7033,Exchange Rate API
2026-06-22,US Dollar,$,96.0685,Exchange Rate API
2026-06-21,US Dollar,$,95.6787,Exchange Rate API
2026-06-20,US Dollar,$,96.0367,Exchange Rate API
2026-06-19,US Dollar,$,95.9592,Exchange Rate API
2026-06-18,US Dollar,$,95.5352,Exchange Rate API
2026-06-17,US Dollar,$,96.0916,Exchange Rate API
2026-06-16,US Dollar,$,95.9982,Exchange Rate API
2026-06-15,US Dollar,$,96.5492,Exchange Rate API
2026-06-14,US Dollar,$,96.3435,Exchange Rate API
2026-06-13,US Dollar,$,96.0403,Exchange Rate API
2026-06-12,US Dollar,$,96.104,Exchange Rate API
2026-06-11,US Dollar,$,95.7519,Exchange Rate API
2026-06-10,US Dollar,$,95.8405,Exchange Rate API
2026-06-09,US Dollar,$,96.0788,Exchange Rate API
2026-06-08,US Dollar,$,96.2416,Exchange Rate API
2026-06-07,US Dollar,$,95.6709,Exchange Rate API
2026-06-06,US Dollar,$,95.8638,Exchange Rate API
2026-06-05,US Dollar,$,95.5969,Exchange Rate API
2026-06-04,US Dollar,$,95.5434,Exchange Rate API
2026-06-03,US Dollar,$,95.9539,Exchange Rate API
2026-06-02,US Dollar,$,96.3761,Exchange Rate API
2026-06-01,US Dollar,$,95.9504,Exchange Rate API
2026-05-31,US Dollar,$,95.4801,Exchange Rate API
2026-05-30,US Dollar,$,95.7705,Exchange Rate API
2026-05-29,US Dollar,$,95.6917,Exchange Rate API
2026-05-28,US Dollar,$,95.9301,Exchange Rate API
2026-05-27,US Dollar,$,96.099,Exchange Rate API
2026-05-26,US Dollar,$,96.6636,Exchange Rate API
2026-05-25,US Dollar,$,97.0814,Exchange Rate API
2026-05-24,US Dollar,$,97.658,Exchange Rate API
2026-05-23,US Dollar,$,98.1298,Exchange Rate API
2026-05-22,US Dollar,$,98.211,Exchange Rate API
2026-05-21,US Dollar,$,98.1015,Exchange Rate API
2026-05-20,US Dollar,$,97.7043,Exchange Rate API
2026-05-19,US Dollar,$,98.1027,Exchange Rate API
2026-05-18,US Dollar,$,98.0932,Exchange Rate API
2026-05-17,US Dollar,$,98.0763,Exchange Rate API
2026-05-16,US Dollar,$,97.8329,Exchange Rate API
2026-05-15,US Dollar,$,97.6338,Exchange Rate API
2026-05-14,US Dollar,$,97.6392,Exchange Rate API
2026-05-13,US Dollar,$,97.8067,Exchange Rate API
2026-05-12,US Dollar,$,97.5835,Exchange Rate API
2026-05-11,US Dollar,$,97.173,Exchange Rate API
2026-05-10,US Dollar,$,97.2839,Exchange Rate API
2026-05-09,US Dollar,$,97.8024,Exchange Rate API
2026-05-08,US Dollar,$,97.874,Exchange Rate API
2026-05-07,US Dollar,$,98.4362,Exchange Rate API
2026-05-06,US Dollar,$,98.059,Exchange Rate API
2026-05-05,US Dollar,$,98.4079,Exchange Rate API
2026-05-04,US Dollar,$,98.4526,Exchange Rate API
2026-05-03,US Dollar,$,97.8992,Exchange Rate API
2026-05-02,US Dollar,$,97.5171,Exchange Rate API
2026-05-01,US Dollar,$,97.7754,Exchange Rate API
2026-04-30,US Dollar,$,98.1491,Exchange Rate API
2026-04-29,US Dollar,$,97.7155,Exchange Rate API
2026-04-28,US Dollar,$,97.9303,Exchange Rate API
2026-04-27,US Dollar,$,98.3856,Exchange Rate API
2026-04-26,US Dollar,$,98.079,Exchange Rate API
2026-04-25,US Dollar,$,98.4661,Exchange Rate API
2026-04-24,US Dollar,$,98.0586,Exchange Rate API
2026-04-23,US Dollar,$,97.6328,Exchange Rate API
2026-04-22,US Dollar,$,97.9802,Exchange Rate API
2026-04-21,US Dollar,$,98.4343,Exchange Rate API
2026-04-20,US Dollar,$,98.67,Exchange Rate API
2026-04-19,US Dollar,$,98.6721,Exchange Rate API
2026-04-18,US Dollar,$,98.8569,Exchange Rate API
2026-04-17,US Dollar,$,98.9325,Exchange Rate API
2026-04-16,US Dollar,$,99.0593,Exchange Rate API
2026-04-15,US Dollar,$,99.5685,Exchange Rate API
2026-04-14,US Dollar,$,99.5378,Exchange Rate API
2026-04-13,US Dollar,$,99.2643,Exchange Rate API
2026-04-12,US Dollar,$,98.9296,Exchange Rate API
2026-04-11,US Dollar,$,98.9611,Exchange Rate API
2026-04-10,US Dollar,$,99.2708,Exchange Rate API
2026-04-09,US Dollar,$,99.1353,Exchange Rate API
2026-04-08,US Dollar,$,98.8546,Exchange Rate API
2026-04-07,US Dollar,$,98.4522,Exchange Rate API
2026-04-06,US Dollar,$,98.7124,Exchange Rate API
2026-04-05,US Dollar,$,98.1303,Exchange Rate API
2026-04-04,US Dollar,$,97.9646,Exchange Rate API
2026-04-03,US Dollar,$,97.5673,Exchange Rate API
2026-04-02,US Dollar,$,97.8294,Exchange Rate API
2026-04-01,US Dollar,$,98.1093,Exchange Rate API
2026-03-31,US Dollar,$,98.3291,Exchange Rate API
2026-03-30,US Dollar,$,97.8524,Exchange Rate API
2026-03-29,US Dollar,$,97.5784,Exchange Rate API
2026-03-28,US Dollar,$,97.3153,Exchange Rate API
2026-03-27,US Dollar,$,97.7929,Exchange Rate API
2026-03-26,US Dollar,$,98.3065,Exchange Rate API
2026-03-25,US Dollar,$,98.6354,Exchange Rate API
2026-03-24,US Dollar,$,98.7234,Exchange Rate API
2026-03-23,US Dollar,$,98.627,Exchange Rate API
2026-03-22,US Dollar,$,98.7317,Exchange Rate API
2026-03-21,US Dollar,$,98.7928,Exchange Rate API
2026-03-20,US Dollar,$,98.6432,Exchange Rate API
2026-03-19,US Dollar,$,98.2944,Exchange Rate API
2026-03-18,US Dollar,$,97.7719,Exchange Rate API
2026-03-17,US Dollar,$,97.491,Exchange Rate API
2026-03-16,US Dollar,$,97.0923,Exchange Rate API
2026-03-15,US Dollar,$,97.3566,Exchange Rate API
2026-03-14,US Dollar,$,97.7168,Exchange Rate API
2026-03-13,US Dollar,$,97.3179,Exchange Rate API
2026-03-12,US Dollar,$,97.7676,Exchange Rate API
2026-03-11,US Dollar,$,98.0803,Exchange Rate API
2026-03-10,US Dollar,$,97.9214,Exchange Rate API
2026-03-09,US Dollar,$,98.2033,Exchange Rate API
2026-03-08,US Dollar,$,98.1897,Exchange Rate API
2026-03-07,US Dollar,$,98.3731,Exchange Rate API
2026-03-06,US Dollar,$,98.6681,Exchange Rate API
2026-03-05,US Dollar,$,99.1688,Exchange Rate API
2026-03-04,US Dollar,$,99.2615,Exchange Rate API
2026-03-03,US Dollar,$,98.9246,Exchange Rate API
2026-03-02,US Dollar,$,99.0992,Exchange Rate API
2026-03-01,US Dollar,$,99.2883,Exchange Rate API
2026-02-28,US Dollar,$,99.287,Exchange Rate API
2026-02-27,US Dollar,$,99.1248,Exchange Rate API
2026-02-26,US Dollar,$,99.7157,Exchange Rate API
2026-02-25,US Dollar,$,100.2612,Exchange Rate API
2026-02-24,US Dollar,$,100.5773,Exchange Rate API
2026-02-23,US Dollar,$,100.566,Exchange Rate API
2026-02-22,US Dollar,$,100.7553,Exchange Rate API
2026-02-21,US Dollar,$,100.3682,Exchange Rate API
2026-02-20,US Dollar,$,99.828,Exchange Rate API
2026-02-19,US Dollar,$,99.5251,Exchange Rate API
2026-02-18,US Dollar,$,99.661,Exchange Rate API
2026-02-17,US Dollar,$,100.2164,Exchange Rate API
2026-02-16,US Dollar,$,100.5243,Exchange Rate API
2026-02-15,US Dollar,$,100.6989,Exchange Rate API
2026-02-14,US Dollar,$,100.2066,Exchange Rate API
2026-02-13,US Dollar,$,100.6033,Exchange Rate API
2026-02-12,US Dollar,$,100.062,Exchange Rate API
2026-02-11,US Dollar,$,99.7035,Exchange Rate API
2026-02-10,US Dollar,$,99.7813,Exchange Rate API
2026-02-09,US Dollar,$,100.1333,Exchange Rate API
2026-02-08,US Dollar,$,99.6017,Exchange Rate API
2026-02-07,US Dollar,$,99.9164,Exchange Rate API
2026-02-06,US Dollar,$,100.0893,Exchange Rate API
2026-02-05,US Dollar,$,100.2766,Exchange Rate API
2026-02-04,US Dollar,$,100.3611,Exchange Rate API
2026-02-03,US Dollar,$,100.9266,Exchange Rate API
2026-02-02,US Dollar,$,101.3414,Exchange Rate API
2026-02-01,US Dollar,$,100.774,Exchange Rate API
2026-01-31,US Dollar,$,101.2745,Exchange Rate API
2026-01-30,US Dollar,$,101.4621,Exchange Rate API
2026-01-29,US Dollar,$,102.043,Exchange Rate API
2026-01-28,US Dollar,$,102.5918,Exchange Rate API
2026-01-27,US Dollar,$,102.4812,Exchange Rate API
2026-01-26,US Dollar,$,102.0412,Exchange Rate API
2026-01-25,US Dollar,$,102.616,Exchange Rate API
2026-01-24,US Dollar,$,102.0311,Exchange Rate API
2026-01-23,US Dollar,$,101.6019,Exchange Rate API
2026-01-22,US Dollar,$,101.25,Exchange Rate API
2026-01-21,US Dollar,$,101.6276,Exchange Rate API
2026-01-20,US Dollar,$,101.2151,Exchange Rate API
2026-01-19,US Dollar,$,101.3586,Exchange Rate API
2026-01-18,US Dollar,$,101.0335,Exchange Rate API
2026-01-17,US Dollar,$,101.1774,Exchange Rate API
2026-01-16,US Dollar,$,101.08,Exchange Rate API
2026-01-15,US Dollar,$,101.4565,Exchange Rate API
2026-01-14,US Dollar,$,101.5856,Exchange Rate API
2026-01-13,US Dollar,$,102.1624,Exchange Rate API
2026-01-12,US Dollar,$,101.6737,Exchange Rate API
2026-01-11,US Dollar,$,101.1992,Exchange Rate API
2026-01-10,US Dollar,$,101.3022,Exchange Rate API
2026-01-09,US Dollar,$,101.6957,Exchange Rate API
2026-01-08,US Dollar,$,102.239,Exchange Rate API
2026-01-07,US Dollar,$,101.768,Exchange Rate API
2026-01-06,US Dollar,$,102.3377,Exchange Rate API
2026-01-05,US Dollar,$,102.257,Exchange Rate API
2026-01-04,US Dollar,$,102.7701,Exchange Rate API
2026-01-03,US Dollar,$,102.1818,Exchange Rate API
2026-01-02,US Dollar,$,102.0371,Exchange Rate API
2026-01-01,US Dollar,$,102.1111,Exchange Rate API
2025-12-31,US Dollar,$,102.4133,Exchange Rate API
2025-12-30,US Dollar,$,102.8013,Exchange Rate API
2025-12-29,US Dollar,$,102.3374,Exchange Rate API
2025-12-28,US Dollar,$,102.4094,Exchange Rate API
2025-12-27,US Dollar,$,101.9416,Exchange Rate API
2025-12-26,US Dollar,$,102.1895,Exchange Rate API
2025-12-25,US Dollar,$,101.6712,Exchange Rate API
2025-12-24,US Dollar,$,102.1571,Exchange Rate API
2025-12-23,US Dollar,$,102.0798,Exchange Rate API
2025-12-22,US Dollar,$,102.149,Exchange Rate API
2025-12-21,US Dollar,$,102.3344,Exchange Rate API
2025-12-20,US Dollar,$,101.8182,Exchange Rate API
2025-12-19,US Dollar,$,102.3149,Exchange Rate API
2025-12-18,US Dollar,$,102.3849,Exchange Rate API
2025-12-17,US Dollar,$,102.3722,Exchange Rate API
2025-12-16,US Dollar,$,102.6589,Exchange Rate API
2025-12-15,US Dollar,$,102.5845,Exchange Rate API
2025-12-14,US Dollar,$,103.13,Exchange Rate API
2025-12-13,US Dollar,$,102.5432,Exchange Rate API
2025-12-12,US Dollar,$,101.9984,Exchange Rate API
2025-12-11,US Dollar,$,102.1545,Exchange Rate API
2025-12-10,US Dollar,$,102.4459,Exchange Rate API
2025-12-09,US Dollar,$,102.7197,Exchange Rate API
2025-12-08,US Dollar,$,102.1845,Exchange Rate API
2025-12-07,US Dollar,$,101.8134,Exchange Rate API
2025-12-06,US Dollar,$,101.4956,Exchange Rate API
2025-12-05,US Dollar,$,101.9475,Exchange Rate API
2025-12-04,US Dollar,$,102.0867,Exchange Rate API
2025-12-03,US Dollar,$,101.8108,Exchange Rate API
2025-12-02,US Dollar,$,101.5174,Exchange Rate API
2025-12-01,US Dollar,$,101.7263,Exchange Rate API
2025-11-30,US Dollar,$,101.5337,Exchange Rate API
2025-11-29,US Dollar,$,101.2523,Exchange Rate API
2025-11-28,US Dollar,$,101.4871,Exchange Rate API
2025-11-27,US Dollar,$,101.114,Exchange Rate API
2025-11-26,US Dollar,$,100.9197,Exchange Rate API
2025-11-25,US Dollar,$,100.5266,Exchange Rate API
2025-11-24,US Dollar,$,100.2712,Exchange Rate API
2025-11-23,US Dollar,$,100.5291,Exchange Rate API
2025-11-22,US Dollar,$,100.0611,Exchange Rate API
2025-11-21,US Dollar,$,99.8782,Exchange Rate API
2025-11-20,US Dollar,$,99.7634,Exchange Rate API
2025-11-19,US Dollar,$,99.7027,Exchange Rate API
2025-11-18,US Dollar,$,99.5883,Exchange Rate API
2025-11-17,US Dollar,$,99.3644,Exchange Rate API
2025-11-16,US Dollar,$,99.1749,Exchange Rate API
2025-11-15,US Dollar,$,99.64,Exchange Rate API
2025-11-14,US Dollar,$,99.5291,Exchange Rate API
2025-11-13,US Dollar,$,99.3771,Exchange Rate API
2025-11-12,US Dollar,$,99.1211,Exchange Rate API
2025-11-11,US Dollar,$,99.2861,Exchange Rate API
2025-11-10,US Dollar,$,99.4505,Exchange Rate API
2025-11-09,US Dollar,$,99.9892,Exchange Rate API
2025-11-08,US Dollar,$,100.4948,Exchange Rate API
2025-11-07,US Dollar,$,100.6153,Exchange Rate API
2025-11-06,US Dollar,$,100.9631,Exchange Rate API
2025-11-05,US Dollar,$,100.3933,Exchange Rate API
2025-11-04,US Dollar,$,100.3954,Exchange Rate API
2025-11-03,US Dollar,$,100.4947,Exchange Rate API
2025-11-02,US Dollar,$,100.2474,Exchange Rate API
2025-11-01,US Dollar,$,100.7702,Exchange Rate API
2025-10-31,US Dollar,$,100.912,Exchange Rate API
2025-10-30,US Dollar,$,100.4265,Exchange Rate API
2025-10-29,US Dollar,$,100.5457,Exchange Rate API
2025-10-28,US Dollar,$,100.2324,Exchange Rate API
2025-10-27,US Dollar,$,99.9285,Exchange Rate API
2025-10-26,US Dollar,$,99.4593,Exchange Rate API
2025-10-25,US Dollar,$,99.5401,Exchange Rate API
2025-10-24,US Dollar,$,99.0819,Exchange Rate API
2025-10-23,US Dollar,$,98.9409,Exchange Rate API
2025-10-22,US Dollar,$,99.2359,Exchange Rate API
2025-10-21,US Dollar,$,99.6172,Exchange Rate API
2025-10-20,US Dollar,$,99.2977,Exchange Rate API
2025-10-19,US Dollar,$,99.3384,Exchange Rate API
2025-10-18,US Dollar,$,99.6346,Exchange Rate API
2025-10-17,US Dollar,$,99.0823,Exchange Rate API
2025-10-16,US Dollar,$,99.0587,Exchange Rate API
2025-10-15,US Dollar,$,99.2046,Exchange Rate API
2025-10-14,US Dollar,$,99.4775,Exchange Rate API
2025-10-13,US Dollar,$,99.6487,Exchange Rate API
2025-10-12,US Dollar,$,99.585,Exchange Rate API
2025-10-11,US Dollar,$,99.5514,Exchange Rate API
2025-10-10,US Dollar,$,99.6406,Exchange Rate API
2025-10-09,US Dollar,$,99.5887,Exchange Rate API
2025-10-08,US Dollar,$,99.0715,Exchange Rate API
2025-10-07,US Dollar,$,99.0598,Exchange Rate API
2025-10-06,US Dollar,$,99.0767,Exchange Rate API
2025-10-05,US Dollar,$,99.1705,Exchange Rate API
2025-10-04,US Dollar,$,99.4276,Exchange Rate API
2025-10-03,US Dollar,$,98.9098,Exchange Rate API
2025-10-02,US Dollar,$,98.8554,Exchange Rate API
2025-10-01,US Dollar,$,98.6281,Exchange Rate API
2025-09-30,US Dollar,$,98.6175,Exchange Rate API
2025-09-29,US Dollar,$,98.8694,Exchange Rate API
2025-09-28,US Dollar,$,99.0021,Exchange Rate API
2025-09-27,US Dollar,$,98.6436,Exchange Rate API
2025-09-26,US Dollar,$,98.9307,Exchange Rate API
2025-09-25,US Dollar,$,99.471,Exchange Rate API
2025-09-24,US Dollar,$,99.4106,Exchange Rate API
2025-09-23,US Dollar,$,99.1824,Exchange Rate API
2025-09-22,US Dollar,$,99.5681,Exchange Rate API
2025-09-21,US Dollar,$,99.5023,Exchange Rate API
2025-09-20,US Dollar,$,99.5389,Exchange Rate API
2025-09-19,US Dollar,$,99.3507,Exchange Rate API
2025-09-18,US Dollar,$,99.5042,Exchange Rate API
2025-09-17,US Dollar,$,99.2103,Exchange Rate API
2025-09-16,US Dollar,$,98.9124,Exchange Rate API
2025-09-15,US Dollar,$,99.3684,Exchange Rate API
2025-09-14,US Dollar,$,99.2925,Exchange Rate API
2025-09-13,US Dollar,$,99.6717,Exchange Rate API
2025-09-12,US Dollar,$,99.238,Exchange Rate API
2025-09-11,US Dollar,$,99.1195,Exchange Rate API
2025-09-10,US Dollar,$,98.9356,Exchange Rate API
2025-09-09,US Dollar,$,98.6797,Exchange Rate API
2025-09-08,US Dollar,$,98.6012,Exchange Rate API
2025-09-07,US Dollar,$,98.8779,Exchange Rate API
2025-09-06,US Dollar,$,99.2929,Exchange Rate API
2025-09-05,US Dollar,$,99.1343,Exchange Rate API
2025-09-04,US Dollar,$,99.5659,Exchange Rate API
2025-09-03,US Dollar,$,100.0527,Exchange Rate API
2025-09-02,US Dollar,$,100.4175,Exchange Rate API
2025-09-01,US Dollar,$,100.7538,Exchange Rate API
2025-08-31,US Dollar,$,100.6024,Exchange Rate API
2025-08-30,US Dollar,$,101.0051,Exchange Rate API
2025-08-29,US Dollar,$,100.4001,Exchange Rate API
2025-08-28,US Dollar,$,100.5666,Exchange Rate API
2025-08-27,US Dollar,$,100.621,Exchange Rate API
2025-08-26,US Dollar,$,100.1841,Exchange Rate API
2025-08-25,US Dollar,$,100.0701,Exchange Rate API
2025-08-24,US Dollar,$,99.5218,Exchange Rate API
2025-08-23,US Dollar,$,98.9957,Exchange Rate API
2025-08-22,US Dollar,$,98.6016,Exchange Rate API
2025-08-21,US Dollar,$,98.1516,Exchange Rate API
2025-08-20,US Dollar,$,98.541,Exchange Rate API
2025-08-19,US Dollar,$,98.2599,Exchange Rate API
2025-08-18,US Dollar,$,98.6231,Exchange Rate API
2025-08-17,US Dollar,$,98.5348,Exchange Rate API
2025-08-16,US Dollar,$,98.7321,Exchange Rate API
2025-08-15,US Dollar,$,99.1183,Exchange Rate API
2025-08-14,US Dollar,$,98.6092,Exchange Rate API
2025-08-13,US Dollar,$,98.0783,Exchange Rate API
2025-08-12,US Dollar,$,97.9352,Exchange Rate API
2025-08-11,US Dollar,$,97.9894,Exchange Rate API
2025-08-10,US Dollar,$,98.2165,Exchange Rate API
2025-08-09,US Dollar,$,97.7127,Exchange Rate API
2025-08-08,US Dollar,$,98.1234,Exchange Rate API
2025-08-07,US Dollar,$,97.6325,Exchange Rate API
2025-08-06,US Dollar,$,97.7556,Exchange Rate API
2025-08-05,US Dollar,$,97.1793,Exchange Rate API
2025-08-04,US Dollar,$,97.4228,Exchange Rate API
2026-08-03,Euro,€,109.9384,Exchange Rate API
2026-08-02,Euro,€,109.5376,Exchange Rate API
2026-08-01,Euro,€,109.5793,Exchange Rate API
2026-07-31,Euro,€,109.9961,Exchange Rate API
2026-07-30,Euro,€,109.4131,Exchange Rate API
2026-07-29,Euro,€,108.9776,Exchange Rate API
2026-07-28,Euro,€,108.6547,Exchange Rate API
2026-07-27,Euro,€,108.4578,Exchange Rate API
2026-07-26,Euro,€,108.4664,Exchange Rate API
2026-07-25,Euro,€,108.4819,Exchange Rate API
2026-07-24,Euro,€,108.1186,Exchange Rate API
2026-07-23,Euro,€,107.9855,Exchange Rate API
2026-07-22,Euro,€,107.5703,Exchange Rate API
2026-07-21,Euro,€,107.7262,Exchange Rate API
2026-07-20,Euro,€,108.1488,Exchange Rate API
2026-07-19,Euro,€,108.2396,Exchange Rate API
2026-07-18,Euro,€,107.707,Exchange Rate API
2026-07-17,Euro,€,107.0962,Exchange Rate API
2026-07-16,Euro,€,107.1075,Exchange Rate API
2026-07-15,Euro,€,106.6735,Exchange Rate API
2026-07-14,Euro,€,106.2808,Exchange Rate API
2026-07-13,Euro,€,106.0132,Exchange Rate API
2026-07-12,Euro,€,105.892,Exchange Rate API
2026-07-11,Euro,€,105.8397,Exchange Rate API
2026-07-10,Euro,€,105.5076,Exchange Rate API
2026-07-09,Euro,€,105.4566,Exchange Rate API
2026-07-08,Euro,€,105.2437,Exchange Rate API
2026-07-07,Euro,€,105.6402,Exchange Rate API
2026-07-06,Euro,€,105.3312,Exchange Rate API
2026-07-05,Euro,€,104.8409,Exchange Rate API
2026-07-04,Euro,€,105.3109,Exchange Rate API
2026-07-03,Euro,€,104.746,Exchange Rate API
2026-07-02,Euro,€,104.1959,Exchange Rate API
2026-07-01,Euro,€,104.713,Exchange Rate API
2026-06-30,Euro,€,104.207,Exchange Rate API
2026-06-29,Euro,€,104.7997,Exchange Rate API
2026-06-28,Euro,€,104.3382,Exchange Rate API
2026-06-27,Euro,€,104.1339,Exchange Rate API
2026-06-26,Euro,€,104.2789,Exchange Rate API
2026-06-25,Euro,€,104.5078,Exchange Rate API
2026-06-24,Euro,€,104.8102,Exchange Rate API
2026-06-23,Euro,€,104.9262,Exchange Rate API
2026-06-22,Euro,€,104.7688,Exchange Rate API
2026-06-21,Euro,€,104.6323,Exchange Rate API
2026-06-20,Euro,€,104.6573,Exchange Rate API
2026-06-19,Euro,€,105.0963,Exchange Rate API
2026-06-18,Euro,€,104.6319,Exchange Rate API
2026-06-17,Euro,€,104.7526,Exchange Rate API
2026-06-16,Euro,€,105.2633,Exchange Rate API
2026-06-15,Euro,€,105.4383,Exchange Rate API
2026-06-14,Euro,€,105.5296,Exchange Rate API
2026-06-13,Euro,€,105.3994,Exchange Rate API
2026-06-12,Euro,€,105.6076,Exchange Rate API
2026-06-11,Euro,€,106.217,Exchange Rate API
2026-06-10,Euro,€,106.3155,Exchange Rate API
2026-06-09,Euro,€,106.5418,Exchange Rate API
2026-06-08,Euro,€,106.0834,Exchange Rate API
2026-06-07,Euro,€,105.575,Exchange Rate API
2026-06-06,Euro,€,106.1574,Exchange Rate API
2026-06-05,Euro,€,105.7251,Exchange Rate API
2026-06-04,Euro,€,105.8024,Exchange Rate API
2026-06-03,Euro,€,105.7756,Exchange Rate API
2026-06-02,Euro,€,106.3247,Exchange Rate API
2026-06-01,Euro,€,106.4162,Exchange Rate API
2026-05-31,Euro,€,106.0266,Exchange Rate API
2026-05-30,Euro,€,105.6055,Exchange Rate API
2026-05-29,Euro,€,105.4834,Exchange Rate API
2026-05-28,Euro,€,105.8432,Exchange Rate API
2026-05-27,Euro,€,106.1962,Exchange Rate API
2026-05-26,Euro,€,106.7919,Exchange Rate API
2026-05-25,Euro,€,106.2532,Exchange Rate API
2026-05-24,Euro,€,106.5697,Exchange Rate API
2026-05-23,Euro,€,106.1953,Exchange Rate API
2026-05-22,Euro,€,105.7925,Exchange Rate API
2026-05-21,Euro,€,105.5389,Exchange Rate API
2026-05-20,Euro,€,105.1566,Exchange Rate API
2026-05-19,Euro,€,105.6497,Exchange Rate API
2026-05-18,Euro,€,105.6212,Exchange Rate API
2026-05-17,Euro,€,105.4492,Exchange Rate API
2026-05-16,Euro,€,104.8409,Exchange Rate API
2026-05-15,Euro,€,105.2039,Exchange Rate API
2026-05-14,Euro,€,104.7729,Exchange Rate API
2026-05-13,Euro,€,105.3184,Exchange Rate API
2026-05-12,Euro,€,104.869,Exchange Rate API
2026-05-11,Euro,€,105.0601,Exchange Rate API
2026-05-10,Euro,€,105.2237,Exchange Rate API
2026-05-09,Euro,€,105.7688,Exchange Rate API
2026-05-08,Euro,€,106.3832,Exchange Rate API
2026-05-07,Euro,€,106.9872,Exchange Rate API
2026-05-06,Euro,€,107.1865,Exchange Rate API
2026-05-05,Euro,€,107.4099,Exchange Rate API
2026-05-04,Euro,€,108.0117,Exchange Rate API
2026-05-03,Euro,€,107.5231,Exchange Rate API
2026-05-02,Euro,€,107.7719,Exchange Rate API
2026-05-01,Euro,€,108.1793,Exchange Rate API
2026-04-30,Euro,€,108.2188,Exchange Rate API
2026-04-29,Euro,€,108.6763,Exchange Rate API
2026-04-28,Euro,€,108.9082,Exchange Rate API
2026-04-27,Euro,€,108.7496,Exchange Rate API
2026-04-26,Euro,€,108.6335,Exchange Rate API
2026-04-25,Euro,€,109.1637,Exchange Rate API
2026-04-24,Euro,€,109.4255,Exchange Rate API
2026-04-23,Euro,€,110.0534,Exchange Rate API
2026-04-22,Euro,€,110.5497,Exchange Rate API
2026-04-21,Euro,€,110.492,Exchange Rate API
2026-04-20,Euro,€,110.8192,Exchange Rate API
2026-04-19,Euro,€,110.4569,Exchange Rate API
2026-04-18,Euro,€,111.0267,Exchange Rate API
2026-04-17,Euro,€,111.4264,Exchange Rate API
2026-04-16,Euro,€,111.5937,Exchange Rate API
2026-04-15,Euro,€,112.0262,Exchange Rate API
2026-04-14,Euro,€,111.6081,Exchange Rate API
2026-04-13,Euro,€,111.0723,Exchange Rate API
2026-04-12,Euro,€,111.5946,Exchange Rate API
2026-04-11,Euro,€,111.9104,Exchange Rate API
2026-04-10,Euro,€,111.4821,Exchange Rate API
2026-04-09,Euro,€,111.0576,Exchange Rate API
2026-04-08,Euro,€,110.6747,Exchange Rate API
2026-04-07,Euro,€,110.0305,Exchange Rate API
2026-04-06,Euro,€,110.6442,Exchange Rate API
2026-04-05,Euro,€,111.2133,Exchange Rate API
2026-04-04,Euro,€,110.6079,Exchange Rate API
2026-04-03,Euro,€,110.2107,Exchange Rate API
2026-04-02,Euro,€,110.2889,Exchange Rate API
2026-04-01,Euro,€,110.7175,Exchange Rate API
2026-03-31,Euro,€,110.3852,Exchange Rate API
2026-03-30,Euro,€,110.6289,Exchange Rate API
2026-03-29,Euro,€,110.1097,Exchange Rate API
2026-03-28,Euro,€,110.7135,Exchange Rate API
2026-03-27,Euro,€,111.3673,Exchange Rate API
2026-03-26,Euro,€,112.0267,Exchange Rate API
2026-03-25,Euro,€,112.6543,Exchange Rate API
2026-03-24,Euro,€,113.0789,Exchange Rate API
2026-03-23,Euro,€,112.606,Exchange Rate API
2026-03-22,Euro,€,112.8268,Exchange Rate API
2026-03-21,Euro,€,112.4687,Exchange Rate API
2026-03-20,Euro,€,111.971,Exchange Rate API
2026-03-19,Euro,€,112.1665,Exchange Rate API
2026-03-18,Euro,€,111.9894,Exchange Rate API
2026-03-17,Euro,€,111.8848,Exchange Rate API
2026-03-16,Euro,€,111.3133,Exchange Rate API
2026-03-15,Euro,€,111.6752,Exchange Rate API
2026-03-14,Euro,€,111.9528,Exchange Rate API
2026-03-13,Euro,€,112.4871,Exchange Rate API
2026-03-12,Euro,€,112.6671,Exchange Rate API
2026-03-11,Euro,€,112.024,Exchange Rate API
2026-03-10,Euro,€,112.4993,Exchange Rate API
2026-03-09,Euro,€,112.8564,Exchange Rate API
2026-03-08,Euro,€,113.4552,Exchange Rate API
2026-03-07,Euro,€,113.0105,Exchange Rate API
2026-03-06,Euro,€,112.7051,Exchange Rate API
2026-03-05,Euro,€,112.8919,Exchange Rate API
2026-03-04,Euro,€,113.3085,Exchange Rate API
2026-03-03,Euro,€,112.7498,Exchange Rate API
2026-03-02,Euro,€,112.6045,Exchange Rate API
2026-03-01,Euro,€,113.223,Exchange Rate API
2026-02-28,Euro,€,113.8354,Exchange Rate API
2026-02-27,Euro,€,114.4763,Exchange Rate API
2026-02-26,Euro,€,114.6731,Exchange Rate API
2026-02-25,Euro,€,114.8824,Exchange Rate API
2026-02-24,Euro,€,115.3826,Exchange Rate API
2026-02-23,Euro,€,115.8222,Exchange Rate API
2026-02-22,Euro,€,115.1919,Exchange Rate API
2026-02-21,Euro,€,115.2345,Exchange Rate API
2026-02-20,Euro,€,115.8072,Exchange Rate API
2026-02-19,Euro,€,116.3544,Exchange Rate API
2026-02-18,Euro,€,115.7056,Exchange Rate API
2026-02-17,Euro,€,115.0986,Exchange Rate API
2026-02-16,Euro,€,115.1423,Exchange Rate API
2026-02-15,Euro,€,115.6027,Exchange Rate API
2026-02-14,Euro,€,115.9941,Exchange Rate API
2026-02-13,Euro,€,116.1969,Exchange Rate API
2026-02-12,Euro,€,115.7055,Exchange Rate API
2026-02-11,Euro,€,115.5807,Exchange Rate API
2026-02-10,Euro,€,115.7453,Exchange Rate API
2026-02-09,Euro,€,115.4458,Exchange Rate API
2026-02-08,Euro,€,115.5601,Exchange Rate API
2026-02-07,Euro,€,115.3557,Exchange Rate API
2026-02-06,Euro,€,115.3589,Exchange Rate API
2026-02-05,Euro,€,115.2504,Exchange Rate API
2026-02-04,Euro,€,115.6206,Exchange Rate API
2026-02-03,Euro,€,116.1176,Exchange Rate API
2026-02-02,Euro,€,115.5094,Exchange Rate API
2026-02-01,Euro,€,115.1895,Exchange Rate API
2026-01-31,Euro,€,115.6277,Exchange Rate API
2026-01-30,Euro,€,116.3087,Exchange Rate API
2026-01-29,Euro,€,116.4842,Exchange Rate API
2026-01-28,Euro,€,116.957,Exchange Rate API
2026-01-27,Euro,€,117.4388,Exchange Rate API
2026-01-26,Euro,€,117.1095,Exchange Rate API
2026-01-25,Euro,€,117.2137,Exchange Rate API
2026-01-24,Euro,€,116.9796,Exchange Rate API
2026-01-23,Euro,€,116.4244,Exchange Rate API
2026-01-22,Euro,€,117.0495,Exchange Rate API
2026-01-21,Euro,€,117.0835,Exchange Rate API
2026-01-20,Euro,€,116.5206,Exchange Rate API
2026-01-19,Euro,€,116.5266,Exchange Rate API
2026-01-18,Euro,€,117.1818,Exchange Rate API
2026-01-17,Euro,€,117.5667,Exchange Rate API
2026-01-16,Euro,€,118.1449,Exchange Rate API
2026-01-15,Euro,€,118.6779,Exchange Rate API
2026-01-14,Euro,€,118.6731,Exchange Rate API
2026-01-13,Euro,€,118.0417,Exchange Rate API
2026-01-12,Euro,€,117.8785,Exchange Rate API
2026-01-11,Euro,€,118.0498,Exchange Rate API
2026-01-10,Euro,€,118.531,Exchange Rate API
2026-01-09,Euro,€,118.6217,Exchange Rate API
2026-01-08,Euro,€,118.2106,Exchange Rate API
2026-01-07,Euro,€,118.3043,Exchange Rate API
2026-01-06,Euro,€,118.7478,Exchange Rate API
2026-01-05,Euro,€,118.8565,Exchange Rate API
2026-01-04,Euro,€,118.2653,Exchange Rate API
2026-01-03,Euro,€,118.5705,Exchange Rate API
2026-01-02,Euro,€,118.7402,Exchange Rate API
2026-01-01,Euro,€,118.7113,Exchange Rate API
2025-12-31,Euro,€,118.3777,Exchange Rate API
2025-12-30,Euro,€,119.0096,Exchange Rate API
2025-12-29,Euro,€,118.5834,Exchange Rate API
2025-12-28,Euro,€,119.1887,Exchange Rate API
2025-12-27,Euro,€,118.7438,Exchange Rate API
2025-12-26,Euro,€,118.9438,Exchange Rate API
2025-12-25,Euro,€,118.4347,Exchange Rate API
2025-12-24,Euro,€,118.4081,Exchange Rate API
2025-12-23,Euro,€,118.929,Exchange Rate API
2025-12-22,Euro,€,118.5153,Exchange Rate API
2025-12-21,Euro,€,118.8765,Exchange Rate API
2025-12-20,Euro,€,119.2995,Exchange Rate API
2025-12-19,Euro,€,119.2657,Exchange Rate API
2025-12-18,Euro,€,119.7003,Exchange Rate API
2025-12-17,Euro,€,119.5313,Exchange Rate API
2025-12-16,Euro,€,120.2114,Exchange Rate API
2025-12-15,Euro,€,120.0295,Exchange Rate API
2025-12-14,Euro,€,119.6662,Exchange Rate API
2025-12-13,Euro,€,119.969,Exchange Rate API
2025-12-12,Euro,€,119.5613,Exchange Rate API
2025-12-11,Euro,€,119.4211,Exchange Rate API
2025-12-10,Euro,€,119.4183,Exchange Rate API
2025-12-09,Euro,€,119.4192,Exchange Rate API
2025-12-08,Euro,€,119.7717,Exchange Rate API
2025-12-07,Euro,€,119.4928,Exchange Rate API
2025-12-06,Euro,€,119.9636,Exchange Rate API
2025-12-05,Euro,€,119.7594,Exchange Rate API
2025-12-04,Euro,€,119.1036,Exchange Rate API
2025-12-03,Euro,€,118.8564,Exchange Rate API
2025-12-02,Euro,€,119.4199,Exchange Rate API
2025-12-01,Euro,€,119.6516,Exchange Rate API
2025-11-30,Euro,€,119.4689,Exchange Rate API
2025-11-29,Euro,€,119.7317,Exchange Rate API
2025-11-28,Euro,€,119.4135,Exchange Rate API
2025-11-27,Euro,€,118.82,Exchange Rate API
2025-11-26,Euro,€,119.142,Exchange Rate API
2025-11-25,Euro,€,119.726,Exchange Rate API
2025-11-24,Euro,€,120.3466,Exchange Rate API
2025-11-23,Euro,€,120.5206,Exchange Rate API
2025-11-22,Euro,€,120.1982,Exchange Rate API
2025-11-21,Euro,€,119.7418,Exchange Rate API
2025-11-20,Euro,€,119.9046,Exchange Rate API
2025-11-19,Euro,€,119.8241,Exchange Rate API
2025-11-18,Euro,€,119.4065,Exchange Rate API
2025-11-17,Euro,€,119.3129,Exchange Rate API
2025-11-16,Euro,€,118.7958,Exchange Rate API
2025-11-15,Euro,€,119.1903,Exchange Rate API
2025-11-14,Euro,€,118.8195,Exchange Rate API
2025-11-13,Euro,€,119.312,Exchange Rate API
2025-11-12,Euro,€,119.5556,Exchange Rate API
2025-11-11,Euro,€,119.6482,Exchange Rate API
2025-11-10,Euro,€,119.7602,Exchange Rate API
2025-11-09,Euro,€,120.4286,Exchange Rate API
2025-11-08,Euro,€,121.0008,Exchange Rate API
2025-11-07,Euro,€,120.4948,Exchange Rate API
2025-11-06,Euro,€,121.1121,Exchange Rate API
2025-11-05,Euro,€,120.6435,Exchange Rate API
2025-11-04,Euro,€,121.1867,Exchange Rate API
2025-11-03,Euro,€,120.4707,Exchange Rate API
2025-11-02,Euro,€,119.8382,Exchange Rate API
2025-11-01,Euro,€,119.7462,Exchange Rate API
2025-10-31,Euro,€,120.412,Exchange Rate API
2025-10-30,Euro,€,120.2418,Exchange Rate API
2025-10-29,Euro,€,120.4002,Exchange Rate API
2025-10-28,Euro,€,120.2556,Exchange Rate API
2025-10-27,Euro,€,119.9309,Exchange Rate API
2025-10-26,Euro,€,120.4557,Exchange Rate API
2025-10-25,Euro,€,120.4397,Exchange Rate API
2025-10-24,Euro,€,119.7875,Exchange Rate API
2025-10-23,Euro,€,120.0331,Exchange Rate API
2025-10-22,Euro,€,119.9688,Exchange Rate API
2025-10-21,Euro,€,120.0198,Exchange Rate API
2025-10-20,Euro,€,120.671,Exchange Rate API
2025-10-19,Euro,€,121.3292,Exchange Rate API
2025-10-18,Euro,€,121.364,Exchange Rate API
2025-10-17,Euro,€,120.7272,Exchange Rate API
2025-10-16,Euro,€,120.84,Exchange Rate API
2025-10-15,Euro,€,121.2077,Exchange Rate API
2025-10-14,Euro,€,121.5214,Exchange Rate API
2025-10-13,Euro,€,121.1936,Exchange Rate API
2025-10-12,Euro,€,121.5959,Exchange Rate API
2025-10-11,Euro,€,121.6744,Exchange Rate API
2025-10-10,Euro,€,121.283,Exchange Rate API
2025-10-09,Euro,€,120.6778,Exchange Rate API
2025-10-08,Euro,€,121.2934,Exchange Rate API
2025-10-07,Euro,€,121.8022,Exchange Rate API
2025-10-06,Euro,€,122.4317,Exchange Rate API
2025-10-05,Euro,€,122.4538,Exchange Rate API
2025-10-04,Euro,€,122.2843,Exchange Rate API
2025-10-03,Euro,€,122.6038,Exchange Rate API
2025-10-02,Euro,€,122.2207,Exchange Rate API
2025-10-01,Euro,€,122.7473,Exchange Rate API
2025-09-30,Euro,€,122.1349,Exchange Rate API
2025-09-29,Euro,€,121.5304,Exchange Rate API
2025-09-28,Euro,€,120.8992,Exchange Rate API
2025-09-27,Euro,€,120.3545,Exchange Rate API
2025-09-26,Euro,€,119.9224,Exchange Rate API
2025-09-25,Euro,€,119.2788,Exchange Rate API
2025-09-24,Euro,€,119.4734,Exchange Rate API
2025-09-23,Euro,€,120.0969,Exchange Rate API
2025-09-22,Euro,€,119.8069,Exchange Rate API
2025-09-21,Euro,€,119.1777,Exchange Rate API
2025-09-20,Euro,€,118.8788,Exchange Rate API
2025-09-19,Euro,€,119.4969,Exchange Rate API
2025-09-18,Euro,€,118.9223,Exchange Rate API
2025-09-17,Euro,€,119.3828,Exchange Rate API
2025-09-16,Euro,€,119.4458,Exchange Rate API
2025-09-15,Euro,€,119.8301,Exchange Rate API
2025-09-14,Euro,€,120.0177,Exchange Rate API
2025-09-13,Euro,€,120.4758,Exchange Rate API
2025-09-12,Euro,€,120.8752,Exchange Rate API
2025-09-11,Euro,€,121.578,Exchange Rate API
2025-09-10,Euro,€,122.1197,Exchange Rate API
2025-09-09,Euro,€,121.692,Exchange Rate API
2025-09-08,Euro,€,121.1874,Exchange Rate API
2025-09-07,Euro,€,121.6443,Exchange Rate API
2025-09-06,Euro,€,121.5488,Exchange Rate API
2025-09-05,Euro,€,120.8776,Exchange Rate API
2025-09-04,Euro,€,121.2402,Exchange Rate API
2025-09-03,Euro,€,120.7862,Exchange Rate API
2025-09-02,Euro,€,120.1257,Exchange Rate API
2025-09-01,Euro,€,119.6067,Exchange Rate API
2025-08-31,Euro,€,119.7466,Exchange Rate API
2025-08-30,Euro,€,119.1668,Exchange Rate API
2025-08-29,Euro,€,119.4727,Exchange Rate API
2025-08-28,Euro,€,119.8221,Exchange Rate API
2025-08-27,Euro,€,120.3577,Exchange Rate API
2025-08-26,Euro,€,120.3976,Exchange Rate API
2025-08-25,Euro,€,120.7805,Exchange Rate API
2025-08-24,Euro,€,121.4537,Exchange Rate API
2025-08-23,Euro,€,120.9469,Exchange Rate API
2025-08-22,Euro,€,121.2488,Exchange Rate API
2025-08-21,Euro,€,120.5711,Exchange Rate API
2025-08-20,Euro,€,120.6572,Exchange Rate API
2025-08-19,Euro,€,120.9542,Exchange Rate API
2025-08-18,Euro,€,121.3138,Exchange Rate API
2025-08-17,Euro,€,121.5219,Exchange Rate API
2025-08-16,Euro,€,121.5579,Exchange Rate API
2025-08-15,Euro,€,122.1356,Exchange Rate API
2025-08-14,Euro,€,121.9122,Exchange Rate API
2025-08-13,Euro,€,121.2003,Exchange Rate API
2025-08-12,Euro,€,121.8348,Exchange Rate API
2025-08-11,Euro,€,122.0449,Exchange Rate API
2025-08-10,Euro,€,121.5528,Exchange Rate API
2025-08-09,Euro,€,120.9852,Exchange Rate API
2025-08-08,Euro,€,120.5863,Exchange Rate API
2025-08-07,Euro,€,120.4751,Exchange Rate API
2025-08-06,Euro,€,120.2331,Exchange Rate API
2025-08-05,Euro,€,120.8167,Exchange Rate API
2025-08-04,Euro,€,120.5358,Exchange Rate API
2026-08-03,British Pound,£,128.2545,Exchange Rate API
2026-08-02,British Pound,£,128.4295,Exchange Rate API
2026-08-01,British Pound,£,128.126,Exchange Rate API
2026-07-31,British Pound,£,127.9253,Exchange Rate API
2026-07-30,British Pound,£,127.6211,Exchange Rate API
2026-07-29,British Pound,£,128.3671,Exchange Rate API
2026-07-28,British Pound,£,128.9391,Exchange Rate API
2026-07-27,British Pound,£,129.3172,Exchange Rate API
2026-07-26,British Pound,£,128.7915,Exchange Rate API
2026-07-25,British Pound,£,128.1321,Exchange Rate API
2026-07-24,British Pound,£,128.5451,Exchange Rate API
2026-07-23,British Pound,£,129.044,Exchange Rate API
2026-07-22,British Pound,£,129.6147,Exchange Rate API
2026-07-21,British Pound,£,129.3878,Exchange Rate API
2026-07-20,British Pound,£,129.7425,Exchange Rate API
2026-07-19,British Pound,£,129.0082,Exchange Rate API
2026-07-18,British Pound,£,128.2902,Exchange Rate API
2026-07-17,British Pound,£,127.9399,Exchange Rate API
2026-07-16,British Pound,£,128.2292,Exchange Rate API
2026-07-15,British Pound,£,128.8782,Exchange Rate API
2026-07-14,British Pound,£,128.3227,Exchange Rate API
2026-07-13,British Pound,£,128.2768,Exchange Rate API
2026-07-12,British Pound,£,128.1655,Exchange Rate API
2026-07-11,British Pound,£,127.539,Exchange Rate API
2026-07-10,British Pound,£,127.0525,Exchange Rate API
2026-07-09,British Pound,£,127.4478,Exchange Rate API
2026-07-08,British Pound,£,127.0164,Exchange Rate API
2026-07-07,British Pound,£,126.8048,Exchange Rate API
2026-07-06,British Pound,£,126.5276,Exchange Rate API
2026-07-05,British Pound,£,126.5577,Exchange Rate API
2026-07-04,British Pound,£,126.6037,Exchange Rate API
2026-07-03,British Pound,£,126.7277,Exchange Rate API
2026-07-02,British Pound,£,126.1245,Exchange Rate API
2026-07-01,British Pound,£,126.2397,Exchange Rate API
2026-06-30,British Pound,£,126.1847,Exchange Rate API
2026-06-29,British Pound,£,125.5004,Exchange Rate API
2026-06-28,British Pound,£,125.3161,Exchange Rate API
2026-06-27,British Pound,£,125.3711,Exchange Rate API
2026-06-26,British Pound,£,125.0116,Exchange Rate API
2026-06-25,British Pound,£,124.9897,Exchange Rate API
2026-06-24,British Pound,£,124.36,Exchange Rate API
2026-06-23,British Pound,£,123.6917,Exchange Rate API
2026-06-22,British Pound,£,123.3321,Exchange Rate API
2026-06-21,British Pound,£,122.618,Exchange Rate API
2026-06-20,British Pound,£,121.9365,Exchange Rate API
2026-06-19,British Pound,£,121.904,Exchange Rate API
2026-06-18,British Pound,£,121.9815,Exchange Rate API
2026-06-17,British Pound,£,121.5047,Exchange Rate API
2026-06-16,British Pound,£,122.0879,Exchange Rate API
2026-06-15,British Pound,£,122.4469,Exchange Rate API
2026-06-14,British Pound,£,122.7933,Exchange Rate API
2026-06-13,British Pound,£,123.0945,Exchange Rate API
2026-06-12,British Pound,£,122.8996,Exchange Rate API
2026-06-11,British Pound,£,122.3691,Exchange Rate API
2026-06-10,British Pound,£,122.9593,Exchange Rate API
2026-06-09,British Pound,£,123.2496,Exchange Rate API
2026-06-08,British Pound,£,122.6508,Exchange Rate API
2026-06-07,British Pound,£,122.4639,Exchange Rate API
2026-06-06,British Pound,£,122.4836,Exchange Rate API
2026-06-05,British Pound,£,121.7714,Exchange Rate API
2026-06-04,British Pound,£,121.8196,Exchange Rate API
2026-06-03,British Pound,£,122.4874,Exchange Rate API
2026-06-02,British Pound,£,122.791,Exchange Rate API
2026-06-01,British Pound,£,123.4655,Exchange Rate API
2026-05-31,British Pound,£,124.0115,Exchange Rate API
2026-05-30,British Pound,£,124.1936,Exchange Rate API
2026-05-29,British Pound,£,124.1753,Exchange Rate API
2026-05-28,British Pound,£,124.813,Exchange Rate API
2026-05-27,British Pound,£,124.5333,Exchange Rate API
2026-05-26,British Pound,£,123.7978,Exchange Rate API
2026-05-25,British Pound,£,123.9716,Exchange Rate API
2026-05-24,British Pound,£,124.0673,Exchange Rate API
2026-05-23,British Pound,£,124.3359,Exchange Rate API
2026-05-22,British Pound,£,124.7281,Exchange Rate API
2026-05-21,British Pound,£,124.2016,Exchange Rate API
2026-05-20,British Pound,£,124.1277,Exchange Rate API
2026-05-19,British Pound,£,123.3929,Exchange Rate API
2026-05-18,British Pound,£,123.3872,Exchange Rate API
2026-05-17,British Pound,£,122.7612,Exchange Rate API
2026-05-16,British Pound,£,122.9513,Exchange Rate API
2026-05-15,British Pound,£,123.3828,Exchange Rate API
2026-05-14,British Pound,£,122.8948,Exchange Rate API
2026-05-13,British Pound,£,122.554,Exchange Rate API
2026-05-12,British Pound,£,122.49,Exchange Rate API
2026-05-11,British Pound,£,122.0551,Exchange Rate API
2026-05-10,British Pound,£,121.3972,Exchange Rate API
2026-05-09,British Pound,£,121.2506,Exchange Rate API
2026-05-08,British Pound,£,121.6187,Exchange Rate API
2026-05-07,British Pound,£,122.0208,Exchange Rate API
2026-05-06,British Pound,£,121.8227,Exchange Rate API
2026-05-05,British Pound,£,121.2837,Exchange Rate API
2026-05-04,British Pound,£,121.2372,Exchange Rate API
2026-05-03,British Pound,£,121.6825,Exchange Rate API
2026-05-02,British Pound,£,121.661,Exchange Rate API
2026-05-01,British Pound,£,121.5096,Exchange Rate API
2026-04-30,British Pound,£,120.8481,Exchange Rate API
2026-04-29,British Pound,£,121.2452,Exchange Rate API
2026-04-28,British Pound,£,120.7975,Exchange Rate API
2026-04-27,British Pound,£,120.8887,Exchange Rate API
2026-04-26,British Pound,£,121.3172,Exchange Rate API
2026-04-25,British Pound,£,120.6611,Exchange Rate API
2026-04-24,British Pound,£,120.3241,Exchange Rate API
2026-04-23,British Pound,£,119.8246,Exchange Rate API
2026-04-22,British Pound,£,120.4376,Exchange Rate API
2026-04-21,British Pound,£,120.436,Exchange Rate API
2026-04-20,British Pound,£,120.9261,Exchange Rate API
2026-04-19,British Pound,£,121.1644,Exchange Rate API
2026-04-18,British Pound,£,121.7484,Exchange Rate API
2026-04-17,British Pound,£,121.3248,Exchange Rate API
2026-04-16,British Pound,£,121.5725,Exchange Rate API
2026-04-15,British Pound,£,121.8172,Exchange Rate API
2026-04-14,British Pound,£,121.9434,Exchange Rate API
2026-04-13,British Pound,£,121.6963,Exchange Rate API
2026-04-12,British Pound,£,122.2341,Exchange Rate API
2026-04-11,British Pound,£,121.7347,Exchange Rate API
2026-04-10,British Pound,£,121.0369,Exchange Rate API
2026-04-09,British Pound,£,121.402,Exchange Rate API
2026-04-08,British Pound,£,121.2745,Exchange Rate API
2026-04-07,British Pound,£,121.6851,Exchange Rate API
2026-04-06,British Pound,£,121.2252,Exchange Rate API
2026-04-05,British Pound,£,121.1688,Exchange Rate API
2026-04-04,British Pound,£,120.8935,Exchange Rate API
2026-04-03,British Pound,£,120.5718,Exchange Rate API
2026-04-02,British Pound,£,120.5618,Exchange Rate API
2026-04-01,British Pound,£,120.9313,Exchange Rate API
2026-03-31,British Pound,£,120.6707,Exchange Rate API
2026-03-30,British Pound,£,120.8592,Exchange Rate API
2026-03-29,British Pound,£,121.132,Exchange Rate API
2026-03-28,British Pound,£,120.8471,Exchange Rate API
2026-03-27,British Pound,£,121.2824,Exchange Rate API
2026-03-26,British Pound,£,121.5332,Exchange Rate API
2026-03-25,British Pound,£,121.4946,Exchange Rate API
2026-03-24,British Pound,£,121.5368,Exchange Rate API
2026-03-23,British Pound,£,121.8639,Exchange Rate API
2026-03-22,British Pound,£,122.565,Exchange Rate API
2026-03-21,British Pound,£,121.886,Exchange Rate API
2026-03-20,British Pound,£,121.3697,Exchange Rate API
2026-03-19,British Pound,£,121.3577,Exchange Rate API
2026-03-18,British Pound,£,120.642,Exchange Rate API
2026-03-17,British Pound,£,121.161,Exchange Rate API
2026-03-16,British Pound,£,121.3712,Exchange Rate API
2026-03-15,British Pound,£,121.5828,Exchange Rate API
2026-03-14,British Pound,£,120.9564,Exchange Rate API
2026-03-13,British Pound,£,121.3344,Exchange Rate API
2026-03-12,British Pound,£,121.0102,Exchange Rate API
2026-03-11,British Pound,£,121.2519,Exchange Rate API
2026-03-10,British Pound,£,121.9116,Exchange Rate API
2026-03-09,British Pound,£,122.0479,Exchange Rate API
2026-03-08,British Pound,£,122.2965,Exchange Rate API
2026-03-07,British Pound,£,121.6285,Exchange Rate API
2026-03-06,British Pound,£,121.1097,Exchange Rate API
2026-03-05,British Pound,£,121.2275,Exchange Rate API
2026-03-04,British Pound,£,121.033,Exchange Rate API
2026-03-03,British Pound,£,121.5807,Exchange Rate API
2026-03-02,British Pound,£,121.2408,Exchange Rate API
2026-03-01,British Pound,£,121.6133,Exchange Rate API
2026-02-28,British Pound,£,121.0856,Exchange Rate API
2026-02-27,British Pound,£,120.99,Exchange Rate API
2026-02-26,British Pound,£,121.0806,Exchange Rate API
2026-02-25,British Pound,£,121.7873,Exchange Rate API
2026-02-24,British Pound,£,121.2931,Exchange Rate API
2026-02-23,British Pound,£,120.6274,Exchange Rate API
2026-02-22,British Pound,£,120.611,Exchange Rate API
2026-02-21,British Pound,£,120.0786,Exchange Rate API
2026-02-20,British Pound,£,119.8839,Exchange Rate API
2026-02-19,British Pound,£,119.4107,Exchange Rate API
2026-02-18,British Pound,£,119.7424,Exchange Rate API
2026-02-17,British Pound,£,119.0311,Exchange Rate API
2026-02-16,British Pound,£,119.2038,Exchange Rate API
2026-02-15,British Pound,£,118.5064,Exchange Rate API
2026-02-14,British Pound,£,117.9082,Exchange Rate API
2026-02-13,British Pound,£,117.2247,Exchange Rate API
2026-02-12,British Pound,£,117.1853,Exchange Rate API
2026-02-11,British Pound,£,116.8343,Exchange Rate API
2026-02-10,British Pound,£,116.5227,Exchange Rate API
2026-02-09,British Pound,£,116.1904,Exchange Rate API
2026-02-08,British Pound,£,115.5888,Exchange Rate API
2026-02-07,British Pound,£,115.1931,Exchange Rate API
2026-02-06,British Pound,£,115.6255,Exchange Rate API
2026-02-05,British Pound,£,115.6581,Exchange Rate API
2026-02-04,British Pound,£,115.1529,Exchange Rate API
2026-02-03,British Pound,£,114.7137,Exchange Rate API
2026-02-02,British Pound,£,115.3316,Exchange Rate API
2026-02-01,British Pound,£,115.483,Exchange Rate API
2026-01-31,British Pound,£,114.9083,Exchange Rate API
2026-01-30,British Pound,£,115.1745,Exchange Rate API
2026-01-29,British Pound,£,114.6096,Exchange Rate API
2026-01-28,British Pound,£,114.3855,Exchange Rate API
2026-01-27,British Pound,£,114.4117,Exchange Rate API
2026-01-26,British Pound,£,114.8549,Exchange Rate API
2026-01-25,British Pound,£,114.281,Exchange Rate API
2026-01-24,British Pound,£,114.2424,Exchange Rate API
2026-01-23,British Pound,£,114.2754,Exchange Rate API
2026-01-22,British Pound,£,113.8166,Exchange Rate API
2026-01-21,British Pound,£,114.2775,Exchange Rate API
2026-01-20,British Pound,£,114.1316,Exchange Rate API
2026-01-19,British Pound,£,113.6612,Exchange Rate API
2026-01-18,British Pound,£,113.6538,Exchange Rate API
2026-01-17,British Pound,£,113.7533,Exchange Rate API
2026-01-16,British Pound,£,113.8237,Exchange Rate API
2026-01-15,British Pound,£,114.2415,Exchange Rate API
2026-01-14,British Pound,£,114.6548,Exchange Rate API
2026-01-13,British Pound,£,114.4087,Exchange Rate API
2026-01-12,British Pound,£,113.7562,Exchange Rate API
2026-01-11,British Pound,£,113.2114,Exchange Rate API
2026-01-10,British Pound,£,112.603,Exchange Rate API
2026-01-09,British Pound,£,112.0419,Exchange Rate API
2026-01-08,British Pound,£,111.7222,Exchange Rate API
2026-01-07,British Pound,£,112.2604,Exchange Rate API
2026-01-06,British Pound,£,112.6955,Exchange Rate API
2026-01-05,British Pound,£,113.1499,Exchange Rate API
2026-01-04,British Pound,£,112.5384,Exchange Rate API
2026-01-03,British Pound,£,112.7324,Exchange Rate API
2026-01-02,British Pound,£,112.4624,Exchange Rate API
2026-01-01,British Pound,£,112.6071,Exchange Rate API
2025-12-31,British Pound,£,113.0695,Exchange Rate API
2025-12-30,British Pound,£,112.7298,Exchange Rate API
2025-12-29,British Pound,£,112.9228,Exchange Rate API
2025-12-28,British Pound,£,112.9546,Exchange Rate API
2025-12-27,British Pound,£,113.4273,Exchange Rate API
2025-12-26,British Pound,£,112.7629,Exchange Rate API
2025-12-25,British Pound,£,112.2089,Exchange Rate API
2025-12-24,British Pound,£,111.8765,Exchange Rate API
2025-12-23,British Pound,£,111.4948,Exchange Rate API
2025-12-22,British Pound,£,111.0304,Exchange Rate API
2025-12-21,British Pound,£,111.5233,Exchange Rate API
2025-12-20,British Pound,£,111.6393,Exchange Rate API
2025-12-19,British Pound,£,111.6052,Exchange Rate API
2025-12-18,British Pound,£,111.5861,Exchange Rate API
2025-12-17,British Pound,£,111.1154,Exchange Rate API
2025-12-16,British Pound,£,111.0583,Exchange Rate API
2025-12-15,British Pound,£,111.5898,Exchange Rate API
2025-12-14,British Pound,£,111.5889,Exchange Rate API
2025-12-13,British Pound,£,111.6178,Exchange Rate API
2025-12-12,British Pound,£,111.4613,Exchange Rate API
2025-12-11,British Pound,£,111.6994,Exchange Rate API
2025-12-10,British Pound,£,112.1352,Exchange Rate API
2025-12-09,British Pound,£,112.0988,Exchange Rate API
2025-12-08,British Pound,£,112.4074,Exchange Rate API
2025-12-07,British Pound,£,112.5512,Exchange Rate API
2025-12-06,British Pound,£,112.3739,Exchange Rate API
2025-12-05,British Pound,£,112.1859,Exchange Rate API
2025-12-04,British Pound,£,112.1622,Exchange Rate API
2025-12-03,British Pound,£,112.6673,Exchange Rate API
2025-12-02,British Pound,£,112.2954,Exchange Rate API
2025-12-01,British Pound,£,112.6542,Exchange Rate API
2025-11-30,British Pound,£,112.8904,Exchange Rate API
2025-11-29,British Pound,£,112.8659,Exchange Rate API
2025-11-28,British Pound,£,113.2765,Exchange Rate API
2025-11-27,British Pound,£,113.0532,Exchange Rate API
2025-11-26,British Pound,£,112.7975,Exchange Rate API
2025-11-25,British Pound,£,113.3455,Exchange Rate API
2025-11-24,British Pound,£,113.6193,Exchange Rate API
2025-11-23,British Pound,£,113.3823,Exchange Rate API
2025-11-22,British Pound,£,113.2865,Exchange Rate API
2025-11-21,British Pound,£,112.7035,Exchange Rate API
2025-11-20,British Pound,£,112.8655,Exchange Rate API
2025-11-19,British Pound,£,113.1,Exchange Rate API
2025-11-18,British Pound,£,113.3992,Exchange Rate API
2025-11-17,British Pound,£,113.6379,Exchange Rate API
2025-11-16,British Pound,£,113.4858,Exchange Rate API
2025-11-15,British Pound,£,113.6114,Exchange Rate API
2025-11-14,British Pound,£,114.23,Exchange Rate API
2025-11-13,British Pound,£,113.8466,Exchange Rate API
2025-11-12,British Pound,£,113.9065,Exchange Rate API
2025-11-11,British Pound,£,113.395,Exchange Rate API
2025-11-10,British Pound,£,113.1009,Exchange Rate API
2025-11-09,British Pound,£,112.6112,Exchange Rate API
2025-11-08,British Pound,£,113.046,Exchange Rate API
2025-11-07,British Pound,£,113.4126,Exchange Rate API
2025-11-06,British Pound,£,112.8326,Exchange Rate API
2025-11-05,British Pound,£,112.7869,Exchange Rate API
2025-11-04,British Pound,£,112.3281,Exchange Rate API
2025-11-03,British Pound,£,112.0339,Exchange Rate API
2025-11-02,British Pound,£,112.2978,Exchange Rate API
2025-11-01,British Pound,£,112.2858,Exchange Rate API
2025-10-31,British Pound,£,112.4827,Exchange Rate API
2025-10-30,British Pound,£,112.4405,Exchange Rate API
2025-10-29,British Pound,£,112.922,Exchange Rate API
2025-10-28,British Pound,£,112.6899,Exchange Rate API
2025-10-27,British Pound,£,112.8144,Exchange Rate API
2025-10-26,British Pound,£,113.0952,Exchange Rate API
2025-10-25,British Pound,£,113.0304,Exchange Rate API
2025-10-24,British Pound,£,112.7531,Exchange Rate API
2025-10-23,British Pound,£,112.2269,Exchange Rate API
2025-10-22,British Pound,£,111.6701,Exchange Rate API
2025-10-21,British Pound,£,111.7533,Exchange Rate API
2025-10-20,British Pound,£,111.2078,Exchange Rate API
2025-10-19,British Pound,£,111.4923,Exchange Rate API
2025-10-18,British Pound,£,111.1103,Exchange Rate API
2025-10-17,British Pound,£,111.576,Exchange Rate API
2025-10-16,British Pound,£,111.5468,Exchange Rate API
2025-10-15,British Pound,£,111.4168,Exchange Rate API
2025-10-14,British Pound,£,111.8852,Exchange Rate API
2025-10-13,British Pound,£,111.8427,Exchange Rate API
2025-10-12,British Pound,£,112.4678,Exchange Rate API
2025-10-11,British Pound,£,111.8793,Exchange Rate API
2025-10-10,British Pound,£,111.3855,Exchange Rate API
2025-10-09,British Pound,£,111.5956,Exchange Rate API
2025-10-08,British Pound,£,111.5458,Exchange Rate API
2025-10-07,British Pound,£,111.838,Exchange Rate API
2025-10-06,British Pound,£,111.5289,Exchange Rate API
2025-10-05,British Pound,£,111.1723,Exchange Rate API
2025-10-04,British Pound,£,110.8825,Exchange Rate API
2025-10-03,British Pound,£,111.4313,Exchange Rate API
2025-10-02,British Pound,£,110.9742,Exchange Rate API
2025-10-01,British Pound,£,110.3652,Exchange Rate API
2025-09-30,British Pound,£,110.2112,Exchange Rate API
2025-09-29,British Pound,£,110.5161,Exchange Rate API
2025-09-28,British Pound,£,110.1708,Exchange Rate API
2025-09-27,British Pound,£,109.7561,Exchange Rate API
2025-09-26,British Pound,£,109.3706,Exchange Rate API
2025-09-25,British Pound,£,108.8949,Exchange Rate API
2025-09-24,British Pound,£,109.353,Exchange Rate API
2025-09-23,British Pound,£,109.5489,Exchange Rate API
2025-09-22,British Pound,£,108.9071,Exchange Rate API
2025-09-21,British Pound,£,108.9208,Exchange Rate API
2025-09-20,British Pound,£,108.6313,Exchange Rate API
2025-09-19,British Pound,£,108.8164,Exchange Rate API
2025-09-18,British Pound,£,109.3042,Exchange Rate API
2025-09-17,British Pound,£,109.8526,Exchange Rate API
2025-09-16,British Pound,£,109.5128,Exchange Rate API
2025-09-15,British Pound,£,109.202,Exchange Rate API
2025-09-14,British Pound,£,109.7884,Exchange Rate API
2025-09-13,British Pound,£,110.3945,Exchange Rate API
2025-09-12,British Pound,£,109.9966,Exchange Rate API
2025-09-11,British Pound,£,109.8049,Exchange Rate API
2025-09-10,British Pound,£,110.1498,Exchange Rate API
2025-09-09,British Pound,£,110.0625,Exchange Rate API
2025-09-08,British Pound,£,109.8958,Exchange Rate API
2025-09-07,British Pound,£,110.4265,Exchange Rate API
2025-09-06,British Pound,£,110.3859,Exchange Rate API
2025-09-05,British Pound,£,109.9104,Exchange Rate API
2025-09-04,British Pound,£,110.0527,Exchange Rate API
2025-09-03,British Pound,£,109.4769,Exchange Rate API
2025-09-02,British Pound,£,108.8415,Exchange Rate API
2025-09-01,British Pound,£,108.2434,Exchange Rate API
2025-08-31,British Pound,£,108.4263,Exchange Rate API
2025-08-30,British Pound,£,108.3357,Exchange Rate API
2025-08-29,British Pound,£,107.9263,Exchange Rate API
2025-08-28,British Pound,£,107.6787,Exchange Rate API
2025-08-27,British Pound,£,108.0368,Exchange Rate API
2025-08-26,British Pound,£,107.6402,Exchange Rate API
2025-08-25,British Pound,£,107.2574,Exchange Rate API
2025-08-24,British Pound,£,107.0398,Exchange Rate API
2025-08-23,British Pound,£,107.1748,Exchange Rate API
2025-08-22,British Pound,£,107.3138,Exchange Rate API
2025-08-21,British Pound,£,107.9249,Exchange Rate API
2025-08-20,British Pound,£,107.8313,Exchange Rate API
2025-08-19,British Pound,£,107.2643,Exchange Rate API
2025-08-18,British Pound,£,107.6825,Exchange Rate API
2025-08-17,British Pound,£,108.3147,Exchange Rate API
2025-08-16,British Pound,£,108.5054,Exchange Rate API
2025-08-15,British Pound,£,108.6896,Exchange Rate API
2025-08-14,British Pound,£,108.1124,Exchange Rate API
2025-08-13,British Pound,£,108.6831,Exchange Rate API
2025-08-12,British Pound,£,108.4959,Exchange Rate API
2025-08-11,British Pound,£,108.8865,Exchange Rate API
2025-08-10,British Pound,£,109.2971,Exchange Rate API
2025-08-09,British Pound,£,109.456,Exchange Rate API
2025-08-08,British Pound,£,109.7574,Exchange Rate API
2025-08-07,British Pound,£,109.3127,Exchange Rate API
2025-08-06,British Pound,£,109.878,Exchange Rate API
2025-08-05,British Pound,£,110.4349,Exchange Rate API
2025-08-04,British Pound,£,110.6142,Exchange Rate API
2026-08-03,Japanese Yen,¥,0.6004,Exchange Rate API
2026-08-02,Japanese Yen,¥,0.5978,Exchange Rate API
2026-08-01,Japanese Yen,¥,0.5953,Exchange Rate API
2026-07-31,Japanese Yen,¥,0.5984,Exchange Rate API
2026-07-30,Japanese Yen,¥,0.5971,Exchange Rate API
2026-07-29,Japanese Yen,¥,0.5953,Exchange Rate API
2026-07-28,Japanese Yen,¥,0.5952,Exchange Rate API
2026-07-27,Japanese Yen,¥,0.5948,Exchange Rate API
2026-07-26,Japanese Yen,¥,0.5932,Exchange Rate API
2026-07-25,Japanese Yen,¥,0.592,Exchange Rate API
2026-07-24,Japanese Yen,¥,0.591,Exchange Rate API
2026-07-23,Japanese Yen,¥,0.5945,Exchange Rate API
2026-07-22,Japanese Yen,¥,0.5972,Exchange Rate API
2026-07-21,Japanese Yen,¥,0.5944,Exchange Rate API
2026-07-20,Japanese Yen,¥,0.5957,Exchange Rate API
2026-07-19,Japanese Yen,¥,0.598,Exchange Rate API
2026-07-18,Japanese Yen,¥,0.5998,Exchange Rate API
2026-07-17,Japanese Yen,¥,0.5988,Exchange Rate API
2026-07-16,Japanese Yen,¥,0.5971,Exchange Rate API
2026-07-15,Japanese Yen,¥,0.5997,Exchange Rate API
2026-07-14,Japanese Yen,¥,0.5967,Exchange Rate API
2026-07-13,Japanese Yen,¥,0.5999,Exchange Rate API
2026-07-12,Japanese Yen,¥,0.6035,Exchange Rate API
2026-07-11,Japanese Yen,¥,0.6033,Exchange Rate API
2026-07-10,Japanese Yen,¥,0.6062,Exchange Rate API
2026-07-09,Japanese Yen,¥,0.6063,Exchange Rate API
2026-07-08,Japanese Yen,¥,0.6078,Exchange Rate API
2026-07-07,Japanese Yen,¥,0.6045,Exchange Rate API
2026-07-06,Japanese Yen,¥,0.6047,Exchange Rate API
2026-07-05,Japanese Yen,¥,0.603,Exchange Rate API
2026-07-04,Japanese Yen,¥,0.6046,Exchange Rate API
2026-07-03,Japanese Yen,¥,0.6014,Exchange Rate API
2026-07-02,Japanese Yen,¥,0.6027,Exchange Rate API
2026-07-01,Japanese Yen,¥,0.6006,Exchange Rate API
2026-06-30,Japanese Yen,¥,0.5979,Exchange Rate API
2026-06-29,Japanese Yen,¥,0.6013,Exchange Rate API
2026-06-28,Japanese Yen,¥,0.6002,Exchange Rate API
2026-06-27,Japanese Yen,¥,0.5984,Exchange Rate API
2026-06-26,Japanese Yen,¥,0.602,Exchange Rate API
2026-06-25,Japanese Yen,¥,0.6049,Exchange Rate API
2026-06-24,Japanese Yen,¥,0.6049,Exchange Rate API
2026-06-23,Japanese Yen,¥,0.6023,Exchange Rate API
2026-06-22,Japanese Yen,¥,0.6044,Exchange Rate API
2026-06-21,Japanese Yen,¥,0.6015,Exchange Rate API
2026-06-20,Japanese Yen,¥,0.602,Exchange Rate API
2026-06-19,Japanese Yen,¥,0.6047,Exchange Rate API
2026-06-18,Japanese Yen,¥,0.6041,Exchange Rate API
2026-06-17,Japanese Yen,¥,0.6022,Exchange Rate API
2026-06-16,Japanese Yen,¥,0.6021,Exchange Rate API
2026-06-15,Japanese Yen,¥,0.6054,Exchange Rate API
2026-06-14,Japanese Yen,¥,0.604,Exchange Rate API
2026-06-13,Japanese Yen,¥,0.6022,Exchange Rate API
2026-06-12,Japanese Yen,¥,0.6056,Exchange Rate API
2026-06-11,Japanese Yen,¥,0.602,Exchange Rate API
2026-06-10,Japanese Yen,¥,0.6015,Exchange Rate API
2026-06-09,Japanese Yen,¥,0.5998,Exchange Rate API
2026-06-08,Japanese Yen,¥,0.5977,Exchange Rate API
2026-06-07,Japanese Yen,¥,0.6008,Exchange Rate API
2026-06-06,Japanese Yen,¥,0.5986,Exchange Rate API
2026-06-05,Japanese Yen,¥,0.5968,Exchange Rate API
2026-06-04,Japanese Yen,¥,0.595,Exchange Rate API
2026-06-03,Japanese Yen,¥,0.5968,Exchange Rate API
2026-06-02,Japanese Yen,¥,0.5954,Exchange Rate API
2026-06-01,Japanese Yen,¥,0.5983,Exchange Rate API
2026-05-31,Japanese Yen,¥,0.5975,Exchange Rate API
2026-05-30,Japanese Yen,¥,0.5988,Exchange Rate API
2026-05-29,Japanese Yen,¥,0.5956,Exchange Rate API
2026-05-28,Japanese Yen,¥,0.598,Exchange Rate API
2026-05-27,Japanese Yen,¥,0.5984,Exchange Rate API
2026-05-26,Japanese Yen,¥,0.5976,Exchange Rate API
2026-05-25,Japanese Yen,¥,0.5981,Exchange Rate API
2026-05-24,Japanese Yen,¥,0.5955,Exchange Rate API
2026-05-23,Japanese Yen,¥,0.5926,Exchange Rate API
2026-05-22,Japanese Yen,¥,0.5941,Exchange Rate API
2026-05-21,Japanese Yen,¥,0.5957,Exchange Rate API
2026-05-20,Japanese Yen,¥,0.5926,Exchange Rate API
2026-05-19,Japanese Yen,¥,0.5907,Exchange Rate API
2026-05-18,Japanese Yen,¥,0.5911,Exchange Rate API
2026-05-17,Japanese Yen,¥,0.5934,Exchange Rate API
2026-05-16,Japanese Yen,¥,0.5926,Exchange Rate API
2026-05-15,Japanese Yen,¥,0.5944,Exchange Rate API
2026-05-14,Japanese Yen,¥,0.5922,Exchange Rate API
2026-05-13,Japanese Yen,¥,0.5894,Exchange Rate API
2026-05-12,Japanese Yen,¥,0.5866,Exchange Rate API
2026-05-11,Japanese Yen,¥,0.585,Exchange Rate API
2026-05-10,Japanese Yen,¥,0.5867,Exchange Rate API
2026-05-09,Japanese Yen,¥,0.5867,Exchange Rate API
2026-05-08,Japanese Yen,¥,0.5867,Exchange Rate API
2026-05-07,Japanese Yen,¥,0.59,Exchange Rate API
2026-05-06,Japanese Yen,¥,0.5933,Exchange Rate API
2026-05-05,Japanese Yen,¥,0.5962,Exchange Rate API
2026-05-04,Japanese Yen,¥,0.5986,Exchange Rate API
2026-05-03,Japanese Yen,¥,0.5997,Exchange Rate API
2026-05-02,Japanese Yen,¥,0.6005,Exchange Rate API
2026-05-01,Japanese Yen,¥,0.5972,Exchange Rate API
2026-04-30,Japanese Yen,¥,0.5989,Exchange Rate API
2026-04-29,Japanese Yen,¥,0.6002,Exchange Rate API
2026-04-28,Japanese Yen,¥,0.5989,Exchange Rate API
2026-04-27,Japanese Yen,¥,0.5993,Exchange Rate API
2026-04-26,Japanese Yen,¥,0.598,Exchange Rate API
2026-04-25,Japanese Yen,¥,0.5959,Exchange Rate API
2026-04-24,Japanese Yen,¥,0.5974,Exchange Rate API
2026-04-23,Japanese Yen,¥,0.5976,Exchange Rate API
2026-04-22,Japanese Yen,¥,0.5975,Exchange Rate API
2026-04-21,Japanese Yen,¥,0.5995,Exchange Rate API
2026-04-20,Japanese Yen,¥,0.6012,Exchange Rate API
2026-04-19,Japanese Yen,¥,0.5976,Exchange Rate API
2026-04-18,Japanese Yen,¥,0.5983,Exchange Rate API
2026-04-17,Japanese Yen,¥,0.5988,Exchange Rate API
2026-04-16,Japanese Yen,¥,0.6007,Exchange Rate API
2026-04-15,Japanese Yen,¥,0.5983,Exchange Rate API
2026-04-14,Japanese Yen,¥,0.5978,Exchange Rate API
2026-04-13,Japanese Yen,¥,0.6006,Exchange Rate API
2026-04-12,Japanese Yen,¥,0.5983,Exchange Rate API
2026-04-11,Japanese Yen,¥,0.5964,Exchange Rate API
2026-04-10,Japanese Yen,¥,0.5947,Exchange Rate API
2026-04-09,Japanese Yen,¥,0.5958,Exchange Rate API
2026-04-08,Japanese Yen,¥,0.5985,Exchange Rate API
2026-04-07,Japanese Yen,¥,0.5984,Exchange Rate API
2026-04-06,Japanese Yen,¥,0.5962,Exchange Rate API
2026-04-05,Japanese Yen,¥,0.5963,Exchange Rate API
2026-04-04,Japanese Yen,¥,0.5942,Exchange Rate API
2026-04-03,Japanese Yen,¥,0.5926,Exchange Rate API
2026-04-02,Japanese Yen,¥,0.5895,Exchange Rate API
2026-04-01,Japanese Yen,¥,0.5896,Exchange Rate API
2026-03-31,Japanese Yen,¥,0.5882,Exchange Rate API
2026-03-30,Japanese Yen,¥,0.5916,Exchange Rate API
2026-03-29,Japanese Yen,¥,0.5946,Exchange Rate API
2026-03-28,Japanese Yen,¥,0.5976,Exchange Rate API
2026-03-27,Japanese Yen,¥,0.6009,Exchange Rate API
2026-03-26,Japanese Yen,¥,0.6018,Exchange Rate API
2026-03-25,Japanese Yen,¥,0.602,Exchange Rate API
2026-03-24,Japanese Yen,¥,0.6016,Exchange Rate API
2026-03-23,Japanese Yen,¥,0.5987,Exchange Rate API
2026-03-22,Japanese Yen,¥,0.602,Exchange Rate API
2026-03-21,Japanese Yen,¥,0.5991,Exchange Rate API
2026-03-20,Japanese Yen,¥,0.5987,Exchange Rate API
2026-03-19,Japanese Yen,¥,0.6005,Exchange Rate API
2026-03-18,Japanese Yen,¥,0.5978,Exchange Rate API
2026-03-17,Japanese Yen,¥,0.6001,Exchange Rate API
2026-03-16,Japanese Yen,¥,0.6019,Exchange Rate API
2026-03-15,Japanese Yen,¥,0.6038,Exchange Rate API
2026-03-14,Japanese Yen,¥,0.6049,Exchange Rate API
2026-03-13,Japanese Yen,¥,0.6031,Exchange Rate API
2026-03-12,Japanese Yen,¥,0.6023,Exchange Rate API
2026-03-11,Japanese Yen,¥,0.6031,Exchange Rate API
2026-03-10,Japanese Yen,¥,0.6011,Exchange Rate API
2026-03-09,Japanese Yen,¥,0.6017,Exchange Rate API
2026-03-08,Japanese Yen,¥,0.6025,Exchange Rate API
2026-03-07,Japanese Yen,¥,0.6024,Exchange Rate API
2026-03-06,Japanese Yen,¥,0.6001,Exchange Rate API
2026-03-05,Japanese Yen,¥,0.5984,Exchange Rate API
2026-03-04,Japanese Yen,¥,0.5994,Exchange Rate API
2026-03-03,Japanese Yen,¥,0.5999,Exchange Rate API
2026-03-02,Japanese Yen,¥,0.5991,Exchange Rate API
2026-03-01,Japanese Yen,¥,0.5995,Exchange Rate API
2026-02-28,Japanese Yen,¥,0.6,Exchange Rate API
2026-02-27,Japanese Yen,¥,0.5981,Exchange Rate API
2026-02-26,Japanese Yen,¥,0.5999,Exchange Rate API
2026-02-25,Japanese Yen,¥,0.5976,Exchange Rate API
2026-02-24,Japanese Yen,¥,0.594,Exchange Rate API
2026-02-23,Japanese Yen,¥,0.5961,Exchange Rate API
2026-02-22,Japanese Yen,¥,0.5946,Exchange Rate API
2026-02-21,Japanese Yen,¥,0.595,Exchange Rate API
2026-02-20,Japanese Yen,¥,0.5926,Exchange Rate API
2026-02-19,Japanese Yen,¥,0.5925,Exchange Rate API
2026-02-18,Japanese Yen,¥,0.5913,Exchange Rate API
2026-02-17,Japanese Yen,¥,0.5941,Exchange Rate API
2026-02-16,Japanese Yen,¥,0.596,Exchange Rate API
2026-02-15,Japanese Yen,¥,0.5926,Exchange Rate API
2026-02-14,Japanese Yen,¥,0.596,Exchange Rate API
2026-02-13,Japanese Yen,¥,0.5972,Exchange Rate API
2026-02-12,Japanese Yen,¥,0.5958,Exchange Rate API
2026-02-11,Japanese Yen,¥,0.5964,Exchange Rate API
2026-02-10,Japanese Yen,¥,0.5981,Exchange Rate API
2026-02-09,Japanese Yen,¥,0.5982,Exchange Rate API
2026-02-08,Japanese Yen,¥,0.5973,Exchange Rate API
2026-02-07,Japanese Yen,¥,0.597,Exchange Rate API
2026-02-06,Japanese Yen,¥,0.594,Exchange Rate API
2026-02-05,Japanese Yen,¥,0.5905,Exchange Rate API
2026-02-04,Japanese Yen,¥,0.5904,Exchange Rate API
2026-02-03,Japanese Yen,¥,0.5902,Exchange Rate API
2026-02-02,Japanese Yen,¥,0.5892,Exchange Rate API
2026-02-01,Japanese Yen,¥,0.5893,Exchange Rate API
2026-01-31,Japanese Yen,¥,0.5879,Exchange Rate API
2026-01-30,Japanese Yen,¥,0.5866,Exchange Rate API
2026-01-29,Japanese Yen,¥,0.5852,Exchange Rate API
2026-01-28,Japanese Yen,¥,0.588,Exchange Rate API
2026-01-27,Japanese Yen,¥,0.5885,Exchange Rate API
2026-01-26,Japanese Yen,¥,0.5886,Exchange Rate API
2026-01-25,Japanese Yen,¥,0.5852,Exchange Rate API
2026-01-24,Japanese Yen,¥,0.5861,Exchange Rate API
2026-01-23,Japanese Yen,¥,0.5882,Exchange Rate API
2026-01-22,Japanese Yen,¥,0.5899,Exchange Rate API
2026-01-21,Japanese Yen,¥,0.5929,Exchange Rate API
2026-01-20,Japanese Yen,¥,0.5901,Exchange Rate API
2026-01-19,Japanese Yen,¥,0.5868,Exchange Rate API
2026-01-18,Japanese Yen,¥,0.5839,Exchange Rate API
2026-01-17,Japanese Yen,¥,0.582,Exchange Rate API
2026-01-16,Japanese Yen,¥,0.5831,Exchange Rate API
2026-01-15,Japanese Yen,¥,0.5799,Exchange Rate API
2026-01-14,Japanese Yen,¥,0.5791,Exchange Rate API
2026-01-13,Japanese Yen,¥,0.582,Exchange Rate API
2026-01-12,Japanese Yen,¥,0.5812,Exchange Rate API
2026-01-11,Japanese Yen,¥,0.5792,Exchange Rate API
2026-01-10,Japanese Yen,¥,0.5819,Exchange Rate API
2026-01-09,Japanese Yen,¥,0.5798,Exchange Rate API
2026-01-08,Japanese Yen,¥,0.578,Exchange Rate API
2026-01-07,Japanese Yen,¥,0.5769,Exchange Rate API
2026-01-06,Japanese Yen,¥,0.5759,Exchange Rate API
2026-01-05,Japanese Yen,¥,0.5747,Exchange Rate API
2026-01-04,Japanese Yen,¥,0.5749,Exchange Rate API
2026-01-03,Japanese Yen,¥,0.5783,Exchange Rate API
2026-01-02,Japanese Yen,¥,0.579,Exchange Rate API
2026-01-01,Japanese Yen,¥,0.5795,Exchange Rate API
2025-12-31,Japanese Yen,¥,0.5822,Exchange Rate API
2025-12-30,Japanese Yen,¥,0.5813,Exchange Rate API
2025-12-29,Japanese Yen,¥,0.5839,Exchange Rate API
2025-12-28,Japanese Yen,¥,0.585,Exchange Rate API
2025-12-27,Japanese Yen,¥,0.585,Exchange Rate API
2025-12-26,Japanese Yen,¥,0.5871,Exchange Rate API
2025-12-25,Japanese Yen,¥,0.5842,Exchange Rate API
2025-12-24,Japanese Yen,¥,0.5877,Exchange Rate API
2025-12-23,Japanese Yen,¥,0.5886,Exchange Rate API
2025-12-22,Japanese Yen,¥,0.5893,Exchange Rate API
2025-12-21,Japanese Yen,¥,0.5927,Exchange Rate API
2025-12-20,Japanese Yen,¥,0.5953,Exchange Rate API
2025-12-19,Japanese Yen,¥,0.597,Exchange Rate API
2025-12-18,Japanese Yen,¥,0.5953,Exchange Rate API
2025-12-17,Japanese Yen,¥,0.5948,Exchange Rate API
2025-12-16,Japanese Yen,¥,0.5974,Exchange Rate API
2025-12-15,Japanese Yen,¥,0.6008,Exchange Rate API
2025-12-14,Japanese Yen,¥,0.5977,Exchange Rate API
2025-12-13,Japanese Yen,¥,0.598,Exchange Rate API
2025-12-12,Japanese Yen,¥,0.6011,Exchange Rate API
2025-12-11,Japanese Yen,¥,0.6043,Exchange Rate API
2025-12-10,Japanese Yen,¥,0.602,Exchange Rate API
2025-12-09,Japanese Yen,¥,0.599,Exchange Rate API
2025-12-08,Japanese Yen,¥,0.5959,Exchange Rate API
2025-12-07,Japanese Yen,¥,0.5962,Exchange Rate API
2025-12-06,Japanese Yen,¥,0.5964,Exchange Rate API
2025-12-05,Japanese Yen,¥,0.5976,Exchange Rate API
2025-12-04,Japanese Yen,¥,0.5943,Exchange Rate API
2025-12-03,Japanese Yen,¥,0.593,Exchange Rate API
2025-12-02,Japanese Yen,¥,0.5914,Exchange Rate API
2025-12-01,Japanese Yen,¥,0.5884,Exchange Rate API
2025-11-30,Japanese Yen,¥,0.5894,Exchange Rate API
2025-11-29,Japanese Yen,¥,0.5864,Exchange Rate API
2025-11-28,Japanese Yen,¥,0.585,Exchange Rate API
2025-11-27,Japanese Yen,¥,0.5847,Exchange Rate API
2025-11-26,Japanese Yen,¥,0.5827,Exchange Rate API
2025-11-25,Japanese Yen,¥,0.5796,Exchange Rate API
2025-11-24,Japanese Yen,¥,0.5803,Exchange Rate API
2025-11-23,Japanese Yen,¥,0.582,Exchange Rate API
2025-11-22,Japanese Yen,¥,0.5811,Exchange Rate API
2025-11-21,Japanese Yen,¥,0.5845,Exchange Rate API
2025-11-20,Japanese Yen,¥,0.5873,Exchange Rate API
2025-11-19,Japanese Yen,¥,0.5888,Exchange Rate API
2025-11-18,Japanese Yen,¥,0.5869,Exchange Rate API
2025-11-17,Japanese Yen,¥,0.586,Exchange Rate API
2025-11-16,Japanese Yen,¥,0.5834,Exchange Rate API
2025-11-15,Japanese Yen,¥,0.5846,Exchange Rate API
2025-11-14,Japanese Yen,¥,0.5871,Exchange Rate API
2025-11-13,Japanese Yen,¥,0.5897,Exchange Rate API
2025-11-12,Japanese Yen,¥,0.5869,Exchange Rate API
2025-11-11,Japanese Yen,¥,0.5874,Exchange Rate API
2025-11-10,Japanese Yen,¥,0.5855,Exchange Rate API
2025-11-09,Japanese Yen,¥,0.5826,Exchange Rate API
2025-11-08,Japanese Yen,¥,0.5814,Exchange Rate API
2025-11-07,Japanese Yen,¥,0.5834,Exchange Rate API
2025-11-06,Japanese Yen,¥,0.5828,Exchange Rate API
2025-11-05,Japanese Yen,¥,0.5858,Exchange Rate API
2025-11-04,Japanese Yen,¥,0.586,Exchange Rate API
2025-11-03,Japanese Yen,¥,0.5859,Exchange Rate API
2025-11-02,Japanese Yen,¥,0.5886,Exchange Rate API
2025-11-01,Japanese Yen,¥,0.5885,Exchange Rate API
2025-10-31,Japanese Yen,¥,0.5863,Exchange Rate API
2025-10-30,Japanese Yen,¥,0.5882,Exchange Rate API
2025-10-29,Japanese Yen,¥,0.5893,Exchange Rate API
2025-10-28,Japanese Yen,¥,0.5899,Exchange Rate API
2025-10-27,Japanese Yen,¥,0.5899,Exchange Rate API
2025-10-26,Japanese Yen,¥,0.5878,Exchange Rate API
2025-10-25,Japanese Yen,¥,0.5878,Exchange Rate API
2025-10-24,Japanese Yen,¥,0.5913,Exchange Rate API
2025-10-23,Japanese Yen,¥,0.588,Exchange Rate API
2025-10-22,Japanese Yen,¥,0.5854,Exchange Rate API
2025-10-21,Japanese Yen,¥,0.5865,Exchange Rate API
2025-10-20,Japanese Yen,¥,0.5876,Exchange Rate API
2025-10-19,Japanese Yen,¥,0.5882,Exchange Rate API
2025-10-18,Japanese Yen,¥,0.5907,Exchange Rate API
2025-10-17,Japanese Yen,¥,0.5916,Exchange Rate API
2025-10-16,Japanese Yen,¥,0.5943,Exchange Rate API
2025-10-15,Japanese Yen,¥,0.5951,Exchange Rate API
2025-10-14,Japanese Yen,¥,0.5927,Exchange Rate API
2025-10-13,Japanese Yen,¥,0.5898,Exchange Rate API
2025-10-12,Japanese Yen,¥,0.5928,Exchange Rate API
2025-10-11,Japanese Yen,¥,0.5906,Exchange Rate API
2025-10-10,Japanese Yen,¥,0.5883,Exchange Rate API
2025-10-09,Japanese Yen,¥,0.5899,Exchange Rate API
2025-10-08,Japanese Yen,¥,0.5915,Exchange Rate API
2025-10-07,Japanese Yen,¥,0.5919,Exchange Rate API
2025-10-06,Japanese Yen,¥,0.5944,Exchange Rate API
2025-10-05,Japanese Yen,¥,0.5948,Exchange Rate API
2025-10-04,Japanese Yen,¥,0.5973,Exchange Rate API
2025-10-03,Japanese Yen,¥,0.5972,Exchange Rate API
2025-10-02,Japanese Yen,¥,0.5938,Exchange Rate API
2025-10-01,Japanese Yen,¥,0.5943,Exchange Rate API
2025-09-30,Japanese Yen,¥,0.5969,Exchange Rate API
2025-09-29,Japanese Yen,¥,0.5977,Exchange Rate API
2025-09-28,Japanese Yen,¥,0.5974,Exchange Rate API
2025-09-27,Japanese Yen,¥,0.5945,Exchange Rate API
2025-09-26,Japanese Yen,¥,0.5965,Exchange Rate API
2025-09-25,Japanese Yen,¥,0.5997,Exchange Rate API
2025-09-24,Japanese Yen,¥,0.5979,Exchange Rate API
2025-09-23,Japanese Yen,¥,0.6,Exchange Rate API
2025-09-22,Japanese Yen,¥,0.6015,Exchange Rate API
2025-09-21,Japanese Yen,¥,0.6019,Exchange Rate API
2025-09-20,Japanese Yen,¥,0.6007,Exchange Rate API
2025-09-19,Japanese Yen,¥,0.5978,Exchange Rate API
2025-09-18,Japanese Yen,¥,0.6007,Exchange Rate API
2025-09-17,Japanese Yen,¥,0.6043,Exchange Rate API
2025-09-16,Japanese Yen,¥,0.607,Exchange Rate API
2025-09-15,Japanese Yen,¥,0.6067,Exchange Rate API
2025-09-14,Japanese Yen,¥,0.6087,Exchange Rate API
2025-09-13,Japanese Yen,¥,0.6101,Exchange Rate API
2025-09-12,Japanese Yen,¥,0.6095,Exchange Rate API
2025-09-11,Japanese Yen,¥,0.6071,Exchange Rate API
2025-09-10,Japanese Yen,¥,0.6069,Exchange Rate API
2025-09-09,Japanese Yen,¥,0.6075,Exchange Rate API
2025-09-08,Japanese Yen,¥,0.6074,Exchange Rate API
2025-09-07,Japanese Yen,¥,0.6076,Exchange Rate API
2025-09-06,Japanese Yen,¥,0.6059,Exchange Rate API
2025-09-05,Japanese Yen,¥,0.6079,Exchange Rate API
2025-09-04,Japanese Yen,¥,0.608,Exchange Rate API
2025-09-03,Japanese Yen,¥,0.6055,Exchange Rate API
2025-09-02,Japanese Yen,¥,0.6048,Exchange Rate API
2025-09-01,Japanese Yen,¥,0.6079,Exchange Rate API
2025-08-31,Japanese Yen,¥,0.6057,Exchange Rate API
2025-08-30,Japanese Yen,¥,0.6078,Exchange Rate API
2025-08-29,Japanese Yen,¥,0.6111,Exchange Rate API
2025-08-28,Japanese Yen,¥,0.6144,Exchange Rate API
2025-08-27,Japanese Yen,¥,0.615,Exchange Rate API
2025-08-26,Japanese Yen,¥,0.6131,Exchange Rate API
2025-08-25,Japanese Yen,¥,0.61,Exchange Rate API
2025-08-24,Japanese Yen,¥,0.6073,Exchange Rate API
2025-08-23,Japanese Yen,¥,0.6084,Exchange Rate API
2025-08-22,Japanese Yen,¥,0.6111,Exchange Rate API
2025-08-21,Japanese Yen,¥,0.6122,Exchange Rate API
2025-08-20,Japanese Yen,¥,0.6137,Exchange Rate API
2025-08-19,Japanese Yen,¥,0.6102,Exchange Rate API
2025-08-18,Japanese Yen,¥,0.6071,Exchange Rate API
2025-08-17,Japanese Yen,¥,0.6055,Exchange Rate API
2025-08-16,Japanese Yen,¥,0.6063,Exchange Rate API
2025-08-15,Japanese Yen,¥,0.608,Exchange Rate API
2025-08-14,Japanese Yen,¥,0.6105,Exchange Rate API
2025-08-13,Japanese Yen,¥,0.6075,Exchange Rate API
2025-08-12,Japanese Yen,¥,0.6053,Exchange Rate API
2025-08-11,Japanese Yen,¥,0.6049,Exchange Rate API
2025-08-10,Japanese Yen,¥,0.6015,Exchange Rate API
2025-08-09,Japanese Yen,¥,0.6047,Exchange Rate API
2025-08-08,Japanese Yen,¥,0.6052,Exchange Rate API
2025-08-07,Japanese Yen,¥,0.6084,Exchange Rate API
2025-08-06,Japanese Yen,¥,0.6084,Exchange Rate API
2025-08-05,Japanese Yen,¥,0.6054,Exchange Rate API
2025-08-04,Japanese Yen,¥,0.6028,Exchange Rate API
2026-08-03,Australian Dollar,A$,67.1953,Exchange Rate API
2026-08-02,Australian Dollar,A$,67.527,Exchange Rate API
2026-08-01,Australian Dollar,A$,67.3054,Exchange Rate API
2026-07-31,Australian Dollar,A$,67.2988,Exchange Rate API
2026-07-30,Australian Dollar,A$,67.6241,Exchange Rate API
2026-07-29,Australian Dollar,A$,67.267,Exchange Rate API
2026-07-28,Australian Dollar,A$,67.0399,Exchange Rate API
2026-07-27,Australian Dollar,A$,67.326,Exchange Rate API
2026-07-26,Australian Dollar,A$,67.3191,Exchange Rate API
2026-07-25,Australian Dollar,A$,67.2602,Exchange Rate API
2026-07-24,Australian Dollar,A$,67.1678,Exchange Rate API
2026-07-23,Australian Dollar,A$,66.7978,Exchange Rate API
2026-07-22,Australian Dollar,A$,66.9159,Exchange Rate API
2026-07-21,Australian Dollar,A$,66.91,Exchange Rate API
2026-07-20,Australian Dollar,A$,66.5823,Exchange Rate API
2026-07-19,Australian Dollar,A$,66.8481,Exchange Rate API
2026-07-18,Australian Dollar,A$,67.2474,Exchange Rate API
2026-07-17,Australian Dollar,A$,67.025,Exchange Rate API
2026-07-16,Australian Dollar,A$,67.171,Exchange Rate API
2026-07-15,Australian Dollar,A$,67.2224,Exchange Rate API
2026-07-14,Australian Dollar,A$,67.4367,Exchange Rate API
2026-07-13,Australian Dollar,A$,67.419,Exchange Rate API
2026-07-12,Australian Dollar,A$,67.2508,Exchange Rate API
2026-07-11,Australian Dollar,A$,67.324,Exchange Rate API
2026-07-10,Australian Dollar,A$,67.6369,Exchange Rate API
2026-07-09,Australian Dollar,A$,67.2361,Exchange Rate API
2026-07-08,Australian Dollar,A$,67.1501,Exchange Rate API
2026-07-07,Australian Dollar,A$,67.475,Exchange Rate API
2026-07-06,Australian Dollar,A$,67.1766,Exchange Rate API
2026-07-05,Australian Dollar,A$,66.8289,Exchange Rate API
2026-07-04,Australian Dollar,A$,66.9925,Exchange Rate API
2026-07-03,Australian Dollar,A$,67.157,Exchange Rate API
2026-07-02,Australian Dollar,A$,67.5226,Exchange Rate API
2026-07-01,Australian Dollar,A$,67.5054,Exchange Rate API
2026-06-30,Australian Dollar,A$,67.8189,Exchange Rate API
2026-06-29,Australian Dollar,A$,68.1647,Exchange Rate API
2026-06-28,Australian Dollar,A$,68.1251,Exchange Rate API
2026-06-27,Australian Dollar,A$,68.295,Exchange Rate API
2026-06-26,Australian Dollar,A$,68.6495,Exchange Rate API
2026-06-25,Australian Dollar,A$,68.443,Exchange Rate API
2026-06-24,Australian Dollar,A$,68.2264,Exchange Rate API
2026-06-23,Australian Dollar,A$,68.4648,Exchange Rate API
2026-06-22,Australian Dollar,A$,68.2118,Exchange Rate API
2026-06-21,Australian Dollar,A$,68.2221,Exchange Rate API
2026-06-20,Australian Dollar,A$,67.8984,Exchange Rate API
2026-06-19,Australian Dollar,A$,67.5365,Exchange Rate API
2026-06-18,Australian Dollar,A$,67.5002,Exchange Rate API
2026-06-17,Australian Dollar,A$,67.5659,Exchange Rate API
2026-06-16,Australian Dollar,A$,67.9371,Exchange Rate API
2026-06-15,Australian Dollar,A$,68.2721,Exchange Rate API
2026-06-14,Australian Dollar,A$,68.0799,Exchange Rate API
2026-06-13,Australian Dollar,A$,68.3492,Exchange Rate API
2026-06-12,Australian Dollar,A$,68.3057,Exchange Rate API
2026-06-11,Australian Dollar,A$,67.9415,Exchange Rate API
2026-06-10,Australian Dollar,A$,67.8964,Exchange Rate API
2026-06-09,Australian Dollar,A$,67.8939,Exchange Rate API
2026-06-08,Australian Dollar,A$,68.2634,Exchange Rate API
2026-06-07,Australian Dollar,A$,68.383,Exchange Rate API
2026-06-06,Australian Dollar,A$,68.4742,Exchange Rate API
2026-06-05,Australian Dollar,A$,68.3077,Exchange Rate API
2026-06-04,Australian Dollar,A$,68.5677,Exchange Rate API
2026-06-03,Australian Dollar,A$,68.8993,Exchange Rate API
2026-06-02,Australian Dollar,A$,68.5764,Exchange Rate API
2026-06-01,Australian Dollar,A$,68.5242,Exchange Rate API
2026-05-31,Australian Dollar,A$,68.5226,Exchange Rate API
2026-05-30,Australian Dollar,A$,68.6032,Exchange Rate API
2026-05-29,Australian Dollar,A$,68.2051,Exchange Rate API
2026-05-28,Australian Dollar,A$,68.3275,Exchange Rate API
2026-05-27,Australian Dollar,A$,68.3283,Exchange Rate API
2026-05-26,Australian Dollar,A$,68.7145,Exchange Rate API
2026-05-25,Australian Dollar,A$,69.0546,Exchange Rate API
2026-05-24,Australian Dollar,A$,68.9567,Exchange Rate API
2026-05-23,Australian Dollar,A$,68.6208,Exchange Rate API
2026-05-22,Australian Dollar,A$,68.5997,Exchange Rate API
2026-05-21,Australian Dollar,A$,68.4541,Exchange Rate API
2026-05-20,Australian Dollar,A$,68.4826,Exchange Rate API
2026-05-19,Australian Dollar,A$,68.5052,Exchange Rate API
2026-05-18,Australian Dollar,A$,68.8938,Exchange Rate API
2026-05-17,Australian Dollar,A$,68.7162,Exchange Rate API
2026-05-16,Australian Dollar,A$,68.5712,Exchange Rate API
2026-05-15,Australian Dollar,A$,68.8347,Exchange Rate API
2026-05-14,Australian Dollar,A$,69.0844,Exchange Rate API
2026-05-13,Australian Dollar,A$,69.4295,Exchange Rate API
2026-05-12,Australian Dollar,A$,69.7641,Exchange Rate API
2026-05-11,Australian Dollar,A$,69.8828,Exchange Rate API
2026-05-10,Australian Dollar,A$,70.1438,Exchange Rate API
2026-05-09,Australian Dollar,A$,69.7826,Exchange Rate API
2026-05-08,Australian Dollar,A$,69.7738,Exchange Rate API
2026-05-07,Australian Dollar,A$,69.492,Exchange Rate API
2026-05-06,Australian Dollar,A$,69.2779,Exchange Rate API
2026-05-05,Australian Dollar,A$,69.1679,Exchange Rate API
2026-05-04,Australian Dollar,A$,69.0923,Exchange Rate API
2026-05-03,Australian Dollar,A$,69.1342,Exchange Rate API
2026-05-02,Australian Dollar,A$,69.5344,Exchange Rate API
2026-05-01,Australian Dollar,A$,69.6698,Exchange Rate API
2026-04-30,Australian Dollar,A$,69.3783,Exchange Rate API
2026-04-29,Australian Dollar,A$,69.179,Exchange Rate API
2026-04-28,Australian Dollar,A$,69.556,Exchange Rate API
2026-04-27,Australian Dollar,A$,69.9379,Exchange Rate API
2026-04-26,Australian Dollar,A$,69.6698,Exchange Rate API
2026-04-25,Australian Dollar,A$,69.3553,Exchange Rate API
2026-04-24,Australian Dollar,A$,69.2343,Exchange Rate API
2026-04-23,Australian Dollar,A$,69.3264,Exchange Rate API
2026-04-22,Australian Dollar,A$,68.9724,Exchange Rate API
2026-04-21,Australian Dollar,A$,69.2525,Exchange Rate API
2026-04-20,Australian Dollar,A$,69.1043,Exchange Rate API
2026-04-19,Australian Dollar,A$,69.2284,Exchange Rate API
2026-04-18,Australian Dollar,A$,69.6008,Exchange Rate API
2026-04-17,Australian Dollar,A$,69.3025,Exchange Rate API
2026-04-16,Australian Dollar,A$,69.5479,Exchange Rate API
2026-04-15,Australian Dollar,A$,69.8509,Exchange Rate API
2026-04-14,Australian Dollar,A$,70.2485,Exchange Rate API
2026-04-13,Australian Dollar,A$,70.5429,Exchange Rate API
2026-04-12,Australian Dollar,A$,70.662,Exchange Rate API
2026-04-11,Australian Dollar,A$,70.7881,Exchange Rate API
2026-04-10,Australian Dollar,A$,71.0191,Exchange Rate API
2026-04-09,Australian Dollar,A$,71.412,Exchange Rate API
2026-04-08,Australian Dollar,A$,71.0931,Exchange Rate API
2026-04-07,Australian Dollar,A$,71.2439,Exchange Rate API
2026-04-06,Australian Dollar,A$,71.4809,Exchange Rate API
2026-04-05,Australian Dollar,A$,71.4049,Exchange Rate API
2026-04-04,Australian Dollar,A$,71.8017,Exchange Rate API
2026-04-03,Australian Dollar,A$,71.39,Exchange Rate API
2026-04-02,Australian Dollar,A$,71.4037,Exchange Rate API
2026-04-01,Australian Dollar,A$,71.7611,Exchange Rate API
2026-03-31,Australian Dollar,A$,71.3787,Exchange Rate API
2026-03-30,Australian Dollar,A$,71.798,Exchange Rate API
2026-03-29,Australian Dollar,A$,71.8791,Exchange Rate API
2026-03-28,Australian Dollar,A$,71.6158,Exchange Rate API
2026-03-27,Australian Dollar,A$,71.6109,Exchange Rate API
2026-03-26,Australian Dollar,A$,71.7903,Exchange Rate API
2026-03-25,Australian Dollar,A$,71.9451,Exchange Rate API
2026-03-24,Australian Dollar,A$,72.2518,Exchange Rate API
2026-03-23,Australian Dollar,A$,72.5286,Exchange Rate API
2026-03-22,Australian Dollar,A$,72.7821,Exchange Rate API
2026-03-21,Australian Dollar,A$,73.1118,Exchange Rate API
2026-03-20,Australian Dollar,A$,73.0012,Exchange Rate API
2026-03-19,Australian Dollar,A$,73.0759,Exchange Rate API
2026-03-18,Australian Dollar,A$,73.39,Exchange Rate API
2026-03-17,Australian Dollar,A$,73.7088,Exchange Rate API
2026-03-16,Australian Dollar,A$,73.8771,Exchange Rate API
2026-03-15,Australian Dollar,A$,73.8635,Exchange Rate API
2026-03-14,Australian Dollar,A$,73.5176,Exchange Rate API
2026-03-13,Australian Dollar,A$,73.6619,Exchange Rate API
2026-03-12,Australian Dollar,A$,73.5514,Exchange Rate API
2026-03-11,Australian Dollar,A$,73.3358,Exchange Rate API
2026-03-10,Australian Dollar,A$,73.2657,Exchange Rate API
2026-03-09,Australian Dollar,A$,73.2571,Exchange Rate API
2026-03-08,Australian Dollar,A$,73.3174,Exchange Rate API
2026-03-07,Australian Dollar,A$,73.3173,Exchange Rate API
2026-03-06,Australian Dollar,A$,73.3181,Exchange Rate API
2026-03-05,Australian Dollar,A$,73.7237,Exchange Rate API
2026-03-04,Australian Dollar,A$,73.8096,Exchange Rate API
2026-03-03,Australian Dollar,A$,73.3739,Exchange Rate API
2026-03-02,Australian Dollar,A$,72.9985,Exchange Rate API
2026-03-01,Australian Dollar,A$,73.0943,Exchange Rate API
2026-02-28,Australian Dollar,A$,73.1176,Exchange Rate API
2026-02-27,Australian Dollar,A$,73.5077,Exchange Rate API
2026-02-26,Australian Dollar,A$,73.1408,Exchange Rate API
2026-02-25,Australian Dollar,A$,73.3894,Exchange Rate API
2026-02-24,Australian Dollar,A$,73.002,Exchange Rate API
2026-02-23,Australian Dollar,A$,72.7639,Exchange Rate API
2026-02-22,Australian Dollar,A$,72.3949,Exchange Rate API
2026-02-21,Australian Dollar,A$,72.3084,Exchange Rate API
2026-02-20,Australian Dollar,A$,72.2481,Exchange Rate API
2026-02-19,Australian Dollar,A$,72.3723,Exchange Rate API
2026-02-18,Australian Dollar,A$,72.3554,Exchange Rate API
2026-02-17,Australian Dollar,A$,72.775,Exchange Rate API
2026-02-16,Australian Dollar,A$,72.9626,Exchange Rate API
2026-02-15,Australian Dollar,A$,72.9729,Exchange Rate API
2026-02-14,Australian Dollar,A$,73.235,Exchange Rate API
2026-02-13,Australian Dollar,A$,73.5548,Exchange Rate API
2026-02-12,Australian Dollar,A$,73.9873,Exchange Rate API
2026-02-11,Australian Dollar,A$,73.7829,Exchange Rate API
2026-02-10,Australian Dollar,A$,74.1875,Exchange Rate API
2026-02-09,Australian Dollar,A$,73.7929,Exchange Rate API
2026-02-08,Australian Dollar,A$,73.3533,Exchange Rate API
2026-02-07,Australian Dollar,A$,73.6082,Exchange Rate API
2026-02-06,Australian Dollar,A$,73.879,Exchange Rate API
2026-02-05,Australian Dollar,A$,74.1381,Exchange Rate API
2026-02-04,Australian Dollar,A$,74.3194,Exchange Rate API
2026-02-03,Australian Dollar,A$,74.5122,Exchange Rate API
2026-02-02,Australian Dollar,A$,74.3007,Exchange Rate API
2026-02-01,Australian Dollar,A$,74.4731,Exchange Rate API
2026-01-31,Australian Dollar,A$,74.7944,Exchange Rate API
2026-01-30,Australian Dollar,A$,75.1605,Exchange Rate API
2026-01-29,Australian Dollar,A$,75.5018,Exchange Rate API
2026-01-28,Australian Dollar,A$,75.0767,Exchange Rate API
2026-01-27,Australian Dollar,A$,75.4009,Exchange Rate API
2026-01-26,Australian Dollar,A$,75.7661,Exchange Rate API
2026-01-25,Australian Dollar,A$,75.5958,Exchange Rate API
2026-01-24,Australian Dollar,A$,75.68,Exchange Rate API
2026-01-23,Australian Dollar,A$,75.4066,Exchange Rate API
2026-01-22,Australian Dollar,A$,74.9949,Exchange Rate API
2026-01-21,Australian Dollar,A$,75.2874,Exchange Rate API
2026-01-20,Australian Dollar,A$,75.148,Exchange Rate API
2026-01-19,Australian Dollar,A$,75.2028,Exchange Rate API
2026-01-18,Australian Dollar,A$,75.3929,Exchange Rate API
2026-01-17,Australian Dollar,A$,74.9802,Exchange Rate API
2026-01-16,Australian Dollar,A$,75.1503,Exchange Rate API
2026-01-15,Australian Dollar,A$,75.5873,Exchange Rate API
2026-01-14,Australian Dollar,A$,75.3906,Exchange Rate API
2026-01-13,Australian Dollar,A$,74.9604,Exchange Rate API
2026-01-12,Australian Dollar,A$,74.5807,Exchange Rate API
2026-01-11,Australian Dollar,A$,74.4844,Exchange Rate API
2026-01-10,Australian Dollar,A$,74.0504,Exchange Rate API
2026-01-09,Australian Dollar,A$,73.9125,Exchange Rate API
2026-01-08,Australian Dollar,A$,74.1688,Exchange Rate API
2026-01-07,Australian Dollar,A$,74.1885,Exchange Rate API
2026-01-06,Australian Dollar,A$,74.4133,Exchange Rate API
2026-01-05,Australian Dollar,A$,74.3067,Exchange Rate API
2026-01-04,Australian Dollar,A$,74.577,Exchange Rate API
2026-01-03,Australian Dollar,A$,74.2327,Exchange Rate API
2026-01-02,Australian Dollar,A$,74.1616,Exchange Rate API
2026-01-01,Australian Dollar,A$,73.7372,Exchange Rate API
2025-12-31,Australian Dollar,A$,73.7988,Exchange Rate API
2025-12-30,Australian Dollar,A$,73.5785,Exchange Rate API
2025-12-29,Australian Dollar,A$,73.3353,Exchange Rate API
2025-12-28,Australian Dollar,A$,73.6636,Exchange Rate API
2025-12-27,Australian Dollar,A$,73.924,Exchange Rate API
2025-12-26,Australian Dollar,A$,74.2498,Exchange Rate API
2025-12-25,Australian Dollar,A$,74.2023,Exchange Rate API
2025-12-24,Australian Dollar,A$,74.2979,Exchange Rate API
2025-12-23,Australian Dollar,A$,74.6878,Exchange Rate API
2025-12-22,Australian Dollar,A$,74.5504,Exchange Rate API
2025-12-21,Australian Dollar,A$,74.5797,Exchange Rate API
2025-12-20,Australian Dollar,A$,74.4307,Exchange Rate API
2025-12-19,Australian Dollar,A$,74.4508,Exchange Rate API
2025-12-18,Australian Dollar,A$,74.625,Exchange Rate API
2025-12-17,Australian Dollar,A$,74.8096,Exchange Rate API
2025-12-16,Australian Dollar,A$,74.8051,Exchange Rate API
2025-12-15,Australian Dollar,A$,74.3594,Exchange Rate API
2025-12-14,Australian Dollar,A$,74.3597,Exchange Rate API
2025-12-13,Australian Dollar,A$,74.7484,Exchange Rate API
2025-12-12,Australian Dollar,A$,75.1903,Exchange Rate API
2025-12-11,Australian Dollar,A$,74.9695,Exchange Rate API
2025-12-10,Australian Dollar,A$,75.087,Exchange Rate API
2025-12-09,Australian Dollar,A$,74.9524,Exchange Rate API
2025-12-08,Australian Dollar,A$,74.896,Exchange Rate API
2025-12-07,Australian Dollar,A$,74.8512,Exchange Rate API
2025-12-06,Australian Dollar,A$,75.1754,Exchange Rate API
2025-12-05,Australian Dollar,A$,74.9598,Exchange Rate API
2025-12-04,Australian Dollar,A$,75.1462,Exchange Rate API
2025-12-03,Australian Dollar,A$,75.0256,Exchange Rate API
2025-12-02,Australian Dollar,A$,75.4295,Exchange Rate API
2025-12-01,Australian Dollar,A$,75.472,Exchange Rate API
2025-11-30,Australian Dollar,A$,75.7876,Exchange Rate API
2025-11-29,Australian Dollar,A$,75.4676,Exchange Rate API
2025-11-28,Australian Dollar,A$,75.4908,Exchange Rate API
2025-11-27,Australian Dollar,A$,75.2074,Exchange Rate API
2025-11-26,Australian Dollar,A$,74.8719,Exchange Rate API
2025-11-25,Australian Dollar,A$,74.6098,Exchange Rate API
2025-11-24,Australian Dollar,A$,74.6875,Exchange Rate API
2025-11-23,Australian Dollar,A$,74.6733,Exchange Rate API
2025-11-22,Australian Dollar,A$,74.3149,Exchange Rate API
2025-11-21,Australian Dollar,A$,74.3235,Exchange Rate API
2025-11-20,Australian Dollar,A$,74.0087,Exchange Rate API
2025-11-19,Australian Dollar,A$,74.017,Exchange Rate API
2025-11-18,Australian Dollar,A$,73.9076,Exchange Rate API
2025-11-17,Australian Dollar,A$,73.9056,Exchange Rate API
2025-11-16,Australian Dollar,A$,74.2753,Exchange Rate API
2025-11-15,Australian Dollar,A$,74.39,Exchange Rate API
2025-11-14,Australian Dollar,A$,74.5889,Exchange Rate API
2025-11-13,Australian Dollar,A$,74.8438,Exchange Rate API
2025-11-12,Australian Dollar,A$,74.8618,Exchange Rate API
2025-11-11,Australian Dollar,A$,75.0898,Exchange Rate API
2025-11-10,Australian Dollar,A$,75.4353,Exchange Rate API
2025-11-09,Australian Dollar,A$,75.1391,Exchange Rate API
2025-11-08,Australian Dollar,A$,74.9037,Exchange Rate API
2025-11-07,Australian Dollar,A$,75.2592,Exchange Rate API
2025-11-06,Australian Dollar,A$,74.8889,Exchange Rate API
2025-11-05,Australian Dollar,A$,75.2769,Exchange Rate API
2025-11-04,Australian Dollar,A$,75.6351,Exchange Rate API
2025-11-03,Australian Dollar,A$,75.5276,Exchange Rate API
2025-11-02,Australian Dollar,A$,75.715,Exchange Rate API
2025-11-01,Australian Dollar,A$,75.3453,Exchange Rate API
2025-10-31,Australian Dollar,A$,75.1041,Exchange Rate API
2025-10-30,Australian Dollar,A$,75.1045,Exchange Rate API
2025-10-29,Australian Dollar,A$,75.3457,Exchange Rate API
2025-10-28,Australian Dollar,A$,75.5951,Exchange Rate API
2025-10-27,Australian Dollar,A$,75.9892,Exchange Rate API
2025-10-26,Australian Dollar,A$,75.9703,Exchange Rate API
2025-10-25,Australian Dollar,A$,76.346,Exchange Rate API
2025-10-24,Australian Dollar,A$,76.1502,Exchange Rate API
2025-10-23,Australian Dollar,A$,76.6037,Exchange Rate API
2025-10-22,Australian Dollar,A$,76.9955,Exchange Rate API
2025-10-21,Australian Dollar,A$,77.3605,Exchange Rate API
2025-10-20,Australian Dollar,A$,77.068,Exchange Rate API
2025-10-19,Australian Dollar,A$,77.0025,Exchange Rate API
2025-10-18,Australian Dollar,A$,77.0715,Exchange Rate API
2025-10-17,Australian Dollar,A$,76.8745,Exchange Rate API
2025-10-16,Australian Dollar,A$,77.2062,Exchange Rate API
2025-10-15,Australian Dollar,A$,77.5461,Exchange Rate API
2025-10-14,Australian Dollar,A$,77.4561,Exchange Rate API
2025-10-13,Australian Dollar,A$,77.3357,Exchange Rate API
2025-10-12,Australian Dollar,A$,77.1469,Exchange Rate API
2025-10-11,Australian Dollar,A$,76.7088,Exchange Rate API
2025-10-10,Australian Dollar,A$,77.0072,Exchange Rate API
2025-10-09,Australian Dollar,A$,77.398,Exchange Rate API
2025-10-08,Australian Dollar,A$,77.1533,Exchange Rate API
2025-10-07,Australian Dollar,A$,76.8372,Exchange Rate API
2025-10-06,Australian Dollar,A$,76.8193,Exchange Rate API
2025-10-05,Australian Dollar,A$,77.0437,Exchange Rate API
2025-10-04,Australian Dollar,A$,76.7248,Exchange Rate API
2025-10-03,Australian Dollar,A$,76.3017,Exchange Rate API
2025-10-02,Australian Dollar,A$,76.5457,Exchange Rate API
2025-10-01,Australian Dollar,A$,76.2019,Exchange Rate API
2025-09-30,Australian Dollar,A$,76.0971,Exchange Rate API
2025-09-29,Australian Dollar,A$,76.5335,Exchange Rate API
2025-09-28,Australian Dollar,A$,76.3101,Exchange Rate API
2025-09-27,Australian Dollar,A$,76.0187,Exchange Rate API
2025-09-26,Australian Dollar,A$,76.0475,Exchange Rate API
2025-09-25,Australian Dollar,A$,75.8603,Exchange Rate API
2025-09-24,Australian Dollar,A$,76.0341,Exchange Rate API
2025-09-23,Australian Dollar,A$,75.8293,Exchange Rate API
2025-09-22,Australian Dollar,A$,75.8819,Exchange Rate API
2025-09-21,Australian Dollar,A$,76.105,Exchange Rate API
2025-09-20,Australian Dollar,A$,76.0823,Exchange Rate API
2025-09-19,Australian Dollar,A$,75.6441,Exchange Rate API
2025-09-18,Australian Dollar,A$,75.2966,Exchange Rate API
2025-09-17,Australian Dollar,A$,75.5104,Exchange Rate API
2025-09-16,Australian Dollar,A$,75.0645,Exchange Rate API
2025-09-15,Australian Dollar,A$,74.6808,Exchange Rate API
2025-09-14,Australian Dollar,A$,74.2625,Exchange Rate API
2025-09-13,Australian Dollar,A$,74.1769,Exchange Rate API
2025-09-12,Australian Dollar,A$,74.5934,Exchange Rate API
2025-09-11,Australian Dollar,A$,74.8366,Exchange Rate API
2025-09-10,Australian Dollar,A$,74.701,Exchange Rate API
2025-09-09,Australian Dollar,A$,74.8093,Exchange Rate API
2025-09-08,Australian Dollar,A$,74.4776,Exchange Rate API
2025-09-07,Australian Dollar,A$,74.3054,Exchange Rate API
2025-09-06,Australian Dollar,A$,74.4091,Exchange Rate API
2025-09-05,Australian Dollar,A$,74.1355,Exchange Rate API
2025-09-04,Australian Dollar,A$,74.3876,Exchange Rate API
2025-09-03,Australian Dollar,A$,74.5823,Exchange Rate API
2025-09-02,Australian Dollar,A$,74.8013,Exchange Rate API
2025-09-01,Australian Dollar,A$,74.5631,Exchange Rate API
2025-08-31,Australian Dollar,A$,74.8238,Exchange Rate API
2025-08-30,Australian Dollar,A$,75.2154,Exchange Rate API
2025-08-29,Australian Dollar,A$,75.0195,Exchange Rate API
2025-08-28,Australian Dollar,A$,75.0244,Exchange Rate API
2025-08-27,Australian Dollar,A$,74.6002,Exchange Rate API
2025-08-26,Australian Dollar,A$,74.7876,Exchange Rate API
2025-08-25,Australian Dollar,A$,74.928,Exchange Rate API
2025-08-24,Australian Dollar,A$,75.0402,Exchange Rate API
2025-08-23,Australian Dollar,A$,74.6141,Exchange Rate API
2025-08-22,Australian Dollar,A$,74.3692,Exchange Rate API
2025-08-21,Australian Dollar,A$,74.5387,Exchange Rate API
2025-08-20,Australian Dollar,A$,74.1155,Exchange Rate API
2025-08-19,Australian Dollar,A$,73.9251,Exchange Rate API
2025-08-18,Australian Dollar,A$,73.5855,Exchange Rate API
2025-08-17,Australian Dollar,A$,73.7395,Exchange Rate API
2025-08-16,Australian Dollar,A$,73.6833,Exchange Rate API
2025-08-15,Australian Dollar,A$,74.1158,Exchange Rate API
2025-08-14,Australian Dollar,A$,74.5135,Exchange Rate API
2025-08-13,Australian Dollar,A$,74.7504,Exchange Rate API
2025-08-12,Australian Dollar,A$,74.4894,Exchange Rate API
2025-08-11,Australian Dollar,A$,74.4739,Exchange Rate API
2025-08-10,Australian Dollar,A$,74.7341,Exchange Rate API
2025-08-09,Australian Dollar,A$,74.4662,Exchange Rate API
2025-08-08,Australian Dollar,A$,74.7185,Exchange Rate API
2025-08-07,Australian Dollar,A$,74.639,Exchange Rate API
2025-08-06,Australian Dollar,A$,74.7104,Exchange Rate API
2025-08-05,Australian Dollar,A$,74.3859,Exchange Rate API
2025-08-04,Australian Dollar,A$,74.0537,Exchange Rate API
2026-08-03,Canadian Dollar,C$,68.0087,Exchange Rate API
2026-08-02,Canadian Dollar,C$,67.8292,Exchange Rate API
2026-08-01,Canadian Dollar,C$,68.0255,Exchange Rate API
2026-07-31,Canadian Dollar,C$,67.8302,Exchange Rate API
2026-07-30,Canadian Dollar,C$,67.8928,Exchange Rate API
2026-07-29,Canadian Dollar,C$,68.0803,Exchange Rate API
2026-07-28,Canadian Dollar,C$,68.2493,Exchange Rate API
2026-07-27,Canadian Dollar,C$,68.2182,Exchange Rate API
2026-07-26,Canadian Dollar,C$,68.0645,Exchange Rate API
2026-07-25,Canadian Dollar,C$,67.6994,Exchange Rate API
2026-07-24,Canadian Dollar,C$,67.5002,Exchange Rate API
2026-07-23,Canadian Dollar,C$,67.4813,Exchange Rate API
2026-07-22,Canadian Dollar,C$,67.1354,Exchange Rate API
2026-07-21,Canadian Dollar,C$,66.8982,Exchange Rate API
2026-07-20,Canadian Dollar,C$,66.8538,Exchange Rate API
2026-07-19,Canadian Dollar,C$,67.106,Exchange Rate API
2026-07-18,Canadian Dollar,C$,67.2391,Exchange Rate API
2026-07-17,Canadian Dollar,C$,67.6056,Exchange Rate API
2026-07-16,Canadian Dollar,C$,67.8613,Exchange Rate API
2026-07-15,Canadian Dollar,C$,67.844,Exchange Rate API
2026-07-14,Canadian Dollar,C$,67.6354,Exchange Rate API
2026-07-13,Canadian Dollar,C$,67.3835,Exchange Rate API
2026-07-12,Canadian Dollar,C$,67.1651,Exchange Rate API
2026-07-11,Canadian Dollar,C$,66.9734,Exchange Rate API
2026-07-10,Canadian Dollar,C$,67.1916,Exchange Rate API
2026-07-09,Canadian Dollar,C$,67.1601,Exchange Rate API
2026-07-08,Canadian Dollar,C$,67.3012,Exchange Rate API
2026-07-07,Canadian Dollar,C$,67.4374,Exchange Rate API
2026-07-06,Canadian Dollar,C$,67.7557,Exchange Rate API
2026-07-05,Canadian Dollar,C$,68.026,Exchange Rate API
2026-07-04,Canadian Dollar,C$,68.0617,Exchange Rate API
2026-07-03,Canadian Dollar,C$,68.3547,Exchange Rate API
2026-07-02,Canadian Dollar,C$,68.3261,Exchange Rate API
2026-07-01,Canadian Dollar,C$,68.0033,Exchange Rate API
2026-06-30,Canadian Dollar,C$,67.9212,Exchange Rate API
2026-06-29,Canadian Dollar,C$,67.6008,Exchange Rate API
2026-06-28,Canadian Dollar,C$,67.9576,Exchange Rate API
2026-06-27,Canadian Dollar,C$,67.7023,Exchange Rate API
2026-06-26,Canadian Dollar,C$,67.8262,Exchange Rate API
2026-06-25,Canadian Dollar,C$,67.4435,Exchange Rate API
2026-06-24,Canadian Dollar,C$,67.1483,Exchange Rate API
2026-06-23,Canadian Dollar,C$,67.4201,Exchange Rate API
2026-06-22,Canadian Dollar,C$,67.5219,Exchange Rate API
2026-06-21,Canadian Dollar,C$,67.8366,Exchange Rate API
2026-06-20,Canadian Dollar,C$,67.7042,Exchange Rate API
2026-06-19,Canadian Dollar,C$,68.0574,Exchange Rate API
2026-06-18,Canadian Dollar,C$,67.704,Exchange Rate API
2026-06-17,Canadian Dollar,C$,67.4385,Exchange Rate API
2026-06-16,Canadian Dollar,C$,67.6765,Exchange Rate API
2026-06-15,Canadian Dollar,C$,67.6076,Exchange Rate API
2026-06-14,Canadian Dollar,C$,67.5579,Exchange Rate API
2026-06-13,Canadian Dollar,C$,67.5128,Exchange Rate API
2026-06-12,Canadian Dollar,C$,67.5892,Exchange Rate API
2026-06-11,Canadian Dollar,C$,67.2361,Exchange Rate API
2026-06-10,Canadian Dollar,C$,67.2696,Exchange Rate API
2026-06-09,Canadian Dollar,C$,67.393,Exchange Rate API
2026-06-08,Canadian Dollar,C$,67.1261,Exchange Rate API
2026-06-07,Canadian Dollar,C$,67.2821,Exchange Rate API
2026-06-06,Canadian Dollar,C$,67.5744,Exchange Rate API
2026-06-05,Canadian Dollar,C$,67.2053,Exchange Rate API
2026-06-04,Canadian Dollar,C$,66.8793,Exchange Rate API
2026-06-03,Canadian Dollar,C$,66.6722,Exchange Rate API
2026-06-02,Canadian Dollar,C$,66.3046,Exchange Rate API
2026-06-01,Canadian Dollar,C$,66.3197,Exchange Rate API
2026-05-31,Canadian Dollar,C$,66.1382,Exchange Rate API
2026-05-30,Canadian Dollar,C$,65.9041,Exchange Rate API
2026-05-29,Canadian Dollar,C$,65.5932,Exchange Rate API
2026-05-28,Canadian Dollar,C$,65.914,Exchange Rate API
2026-05-27,Canadian Dollar,C$,66.0107,Exchange Rate API
2026-05-26,Canadian Dollar,C$,66.056,Exchange Rate API
2026-05-25,Canadian Dollar,C$,66.0936,Exchange Rate API
2026-05-24,Canadian Dollar,C$,66.3438,Exchange Rate API
2026-05-23,Canadian Dollar,C$,66.584,Exchange Rate API
2026-05-22,Canadian Dollar,C$,66.5007,Exchange Rate API
2026-05-21,Canadian Dollar,C$,66.286,Exchange Rate API
2026-05-20,Canadian Dollar,C$,66.1463,Exchange Rate API
2026-05-19,Canadian Dollar,C$,66.4991,Exchange Rate API
2026-05-18,Canadian Dollar,C$,66.6902,Exchange Rate API
2026-05-17,Canadian Dollar,C$,66.6011,Exchange Rate API
2026-05-16,Canadian Dollar,C$,66.3604,Exchange Rate API
2026-05-15,Canadian Dollar,C$,66.1381,Exchange Rate API
2026-05-14,Canadian Dollar,C$,66.4846,Exchange Rate API
2026-05-13,Canadian Dollar,C$,66.119,Exchange Rate API
2026-05-12,Canadian Dollar,C$,66.0929,Exchange Rate API
2026-05-11,Canadian Dollar,C$,66.0676,Exchange Rate API
2026-05-10,Canadian Dollar,C$,66.055,Exchange Rate API
2026-05-09,Canadian Dollar,C$,66.0741,Exchange Rate API
2026-05-08,Canadian Dollar,C$,66.3875,Exchange Rate API
2026-05-07,Canadian Dollar,C$,66.4571,Exchange Rate API
2026-05-06,Canadian Dollar,C$,66.0638,Exchange Rate API
2026-05-05,Canadian Dollar,C$,65.8304,Exchange Rate API
2026-05-04,Canadian Dollar,C$,65.6884,Exchange Rate API
2026-05-03,Canadian Dollar,C$,66.0027,Exchange Rate API
2026-05-02,Canadian Dollar,C$,65.9576,Exchange Rate API
2026-05-01,Canadian Dollar,C$,65.6641,Exchange Rate API
2026-04-30,Canadian Dollar,C$,65.9159,Exchange Rate API
2026-04-29,Canadian Dollar,C$,66.1365,Exchange Rate API
2026-04-28,Canadian Dollar,C$,66.0875,Exchange Rate API
2026-04-27,Canadian Dollar,C$,65.8913,Exchange Rate API
2026-04-26,Canadian Dollar,C$,66.2179,Exchange Rate API
2026-04-25,Canadian Dollar,C$,66.5871,Exchange Rate API
2026-04-24,Canadian Dollar,C$,66.5366,Exchange Rate API
2026-04-23,Canadian Dollar,C$,66.6032,Exchange Rate API
2026-04-22,Canadian Dollar,C$,66.9908,Exchange Rate API
2026-04-21,Canadian Dollar,C$,67.158,Exchange Rate API
2026-04-20,Canadian Dollar,C$,67.5189,Exchange Rate API
2026-04-19,Canadian Dollar,C$,67.7301,Exchange Rate API
2026-04-18,Canadian Dollar,C$,68.0712,Exchange Rate API
2026-04-17,Canadian Dollar,C$,67.7124,Exchange Rate API
2026-04-16,Canadian Dollar,C$,68.1047,Exchange Rate API
2026-04-15,Canadian Dollar,C$,68.2958,Exchange Rate API
2026-04-14,Canadian Dollar,C$,68.6911,Exchange Rate API
2026-04-13,Canadian Dollar,C$,68.4903,Exchange Rate API
2026-04-12,Canadian Dollar,C$,68.1489,Exchange Rate API
2026-04-11,Canadian Dollar,C$,68.5359,Exchange Rate API
2026-04-10,Canadian Dollar,C$,68.8092,Exchange Rate API
2026-04-09,Canadian Dollar,C$,68.3991,Exchange Rate API
2026-04-08,Canadian Dollar,C$,68.3501,Exchange Rate API
2026-04-07,Canadian Dollar,C$,67.9875,Exchange Rate API
2026-04-06,Canadian Dollar,C$,68.3677,Exchange Rate API
2026-04-05,Canadian Dollar,C$,68.2762,Exchange Rate API
2026-04-04,Canadian Dollar,C$,68.5803,Exchange Rate API
2026-04-03,Canadian Dollar,C$,68.4161,Exchange Rate API
2026-04-02,Canadian Dollar,C$,68.4153,Exchange Rate API
2026-04-01,Canadian Dollar,C$,68.3475,Exchange Rate API
2026-03-31,Canadian Dollar,C$,68.1608,Exchange Rate API
2026-03-30,Canadian Dollar,C$,68.3357,Exchange Rate API
2026-03-29,Canadian Dollar,C$,68.2688,Exchange Rate API
2026-03-28,Canadian Dollar,C$,68.1299,Exchange Rate API
2026-03-27,Canadian Dollar,C$,68.4951,Exchange Rate API
2026-03-26,Canadian Dollar,C$,68.2211,Exchange Rate API
2026-03-25,Canadian Dollar,C$,68.6236,Exchange Rate API
2026-03-24,Canadian Dollar,C$,68.5604,Exchange Rate API
2026-03-23,Canadian Dollar,C$,68.7601,Exchange Rate API
2026-03-22,Canadian Dollar,C$,68.9605,Exchange Rate API
2026-03-21,Canadian Dollar,C$,69.346,Exchange Rate API
2026-03-20,Canadian Dollar,C$,69.7288,Exchange Rate API
2026-03-19,Canadian Dollar,C$,69.5448,Exchange Rate API
2026-03-18,Canadian Dollar,C$,69.2133,Exchange Rate API
2026-03-17,Canadian Dollar,C$,69.0444,Exchange Rate API
2026-03-16,Canadian Dollar,C$,69.3437,Exchange Rate API
2026-03-15,Canadian Dollar,C$,69.6613,Exchange Rate API
2026-03-14,Canadian Dollar,C$,69.5545,Exchange Rate API
2026-03-13,Canadian Dollar,C$,69.7397,Exchange Rate API
2026-03-12,Canadian Dollar,C$,69.5126,Exchange Rate API
2026-03-11,Canadian Dollar,C$,69.9159,Exchange Rate API
2026-03-10,Canadian Dollar,C$,69.5608,Exchange Rate API
2026-03-09,Canadian Dollar,C$,69.8944,Exchange Rate API
2026-03-08,Canadian Dollar,C$,70.0681,Exchange Rate API
2026-03-07,Canadian Dollar,C$,69.7316,Exchange Rate API
2026-03-06,Canadian Dollar,C$,69.8384,Exchange Rate API
2026-03-05,Canadian Dollar,C$,70.2222,Exchange Rate API
2026-03-04,Canadian Dollar,C$,70.2617,Exchange Rate API
2026-03-03,Canadian Dollar,C$,70.1687,Exchange Rate API
2026-03-02,Canadian Dollar,C$,70.262,Exchange Rate API
2026-03-01,Canadian Dollar,C$,70.413,Exchange Rate API
2026-02-28,Canadian Dollar,C$,70.2298,Exchange Rate API
2026-02-27,Canadian Dollar,C$,69.8618,Exchange Rate API
2026-02-26,Canadian Dollar,C$,69.9483,Exchange Rate API
2026-02-25,Canadian Dollar,C$,70.2499,Exchange Rate API
2026-02-24,Canadian Dollar,C$,70.4973,Exchange Rate API
2026-02-23,Canadian Dollar,C$,70.6629,Exchange Rate API
2026-02-22,Canadian Dollar,C$,70.5919,Exchange Rate API
2026-02-21,Canadian Dollar,C$,70.9437,Exchange Rate API
2026-02-20,Canadian Dollar,C$,71.3302,Exchange Rate API
2026-02-19,Canadian Dollar,C$,70.9997,Exchange Rate API
2026-02-18,Canadian Dollar,C$,71.2498,Exchange Rate API
2026-02-17,Canadian Dollar,C$,70.8518,Exchange Rate API
2026-02-16,Canadian Dollar,C$,70.8926,Exchange Rate API
2026-02-15,Canadian Dollar,C$,70.7811,Exchange Rate API
2026-02-14,Canadian Dollar,C$,70.9196,Exchange Rate API
2026-02-13,Canadian Dollar,C$,70.8303,Exchange Rate API
2026-02-12,Canadian Dollar,C$,71.2321,Exchange Rate API
2026-02-11,Canadian Dollar,C$,70.986,Exchange Rate API
2026-02-10,Canadian Dollar,C$,71.3119,Exchange Rate API
2026-02-09,Canadian Dollar,C$,71.6709,Exchange Rate API
2026-02-08,Canadian Dollar,C$,71.5371,Exchange Rate API
2026-02-07,Canadian Dollar,C$,71.1935,Exchange Rate API
2026-02-06,Canadian Dollar,C$,71.401,Exchange Rate API
2026-02-05,Canadian Dollar,C$,71.6062,Exchange Rate API
2026-02-04,Canadian Dollar,C$,71.9992,Exchange Rate API
2026-02-03,Canadian Dollar,C$,71.6138,Exchange Rate API
2026-02-02,Canadian Dollar,C$,71.618,Exchange Rate API
2026-02-01,Canadian Dollar,C$,71.9258,Exchange Rate API
2026-01-31,Canadian Dollar,C$,72.0112,Exchange Rate API
2026-01-30,Canadian Dollar,C$,72.1788,Exchange Rate API
2026-01-29,Canadian Dollar,C$,72.4146,Exchange Rate API
2026-01-28,Canadian Dollar,C$,72.4014,Exchange Rate API
2026-01-27,Canadian Dollar,C$,72.5461,Exchange Rate API
2026-01-26,Canadian Dollar,C$,72.9262,Exchange Rate API
2026-01-25,Canadian Dollar,C$,72.977,Exchange Rate API
2026-01-24,Canadian Dollar,C$,73.2611,Exchange Rate API
2026-01-23,Canadian Dollar,C$,72.982,Exchange Rate API
2026-01-22,Canadian Dollar,C$,73.3134,Exchange Rate API
2026-01-21,Canadian Dollar,C$,73.3678,Exchange Rate API
2026-01-20,Canadian Dollar,C$,73.4959,Exchange Rate API
2026-01-19,Canadian Dollar,C$,73.8391,Exchange Rate API
2026-01-18,Canadian Dollar,C$,73.7461,Exchange Rate API
2026-01-17,Canadian Dollar,C$,73.809,Exchange Rate API
2026-01-16,Canadian Dollar,C$,73.5119,Exchange Rate API
2026-01-15,Canadian Dollar,C$,73.8504,Exchange Rate API
2026-01-14,Canadian Dollar,C$,73.4684,Exchange Rate API
2026-01-13,Canadian Dollar,C$,73.3346,Exchange Rate API
2026-01-12,Canadian Dollar,C$,73.2429,Exchange Rate API
2026-01-11,Canadian Dollar,C$,72.8923,Exchange Rate API
2026-01-10,Canadian Dollar,C$,72.5069,Exchange Rate API
2026-01-09,Canadian Dollar,C$,72.3612,Exchange Rate API
2026-01-08,Canadian Dollar,C$,72.7713,Exchange Rate API
2026-01-07,Canadian Dollar,C$,73.0865,Exchange Rate API
2026-01-06,Canadian Dollar,C$,73.0604,Exchange Rate API
2026-01-05,Canadian Dollar,C$,72.8634,Exchange Rate API
2026-01-04,Canadian Dollar,C$,73.2406,Exchange Rate API
2026-01-03,Canadian Dollar,C$,73.3235,Exchange Rate API
2026-01-02,Canadian Dollar,C$,73.0871,Exchange Rate API
2026-01-01,Canadian Dollar,C$,73.1039,Exchange Rate API
2025-12-31,Canadian Dollar,C$,73.196,Exchange Rate API
2025-12-30,Canadian Dollar,C$,72.904,Exchange Rate API
2025-12-29,Canadian Dollar,C$,73.2885,Exchange Rate API
2025-12-28,Canadian Dollar,C$,73.065,Exchange Rate API
2025-12-27,Canadian Dollar,C$,72.9627,Exchange Rate API
2025-12-26,Canadian Dollar,C$,72.9667,Exchange Rate API
2025-12-25,Canadian Dollar,C$,72.556,Exchange Rate API
2025-12-24,Canadian Dollar,C$,72.2986,Exchange Rate API
2025-12-23,Canadian Dollar,C$,71.9269,Exchange Rate API
2025-12-22,Canadian Dollar,C$,71.6801,Exchange Rate API
2025-12-21,Canadian Dollar,C$,71.7891,Exchange Rate API
2025-12-20,Canadian Dollar,C$,72.0331,Exchange Rate API
2025-12-19,Canadian Dollar,C$,72.2604,Exchange Rate API
2025-12-18,Canadian Dollar,C$,72.1274,Exchange Rate API
2025-12-17,Canadian Dollar,C$,72.136,Exchange Rate API
2025-12-16,Canadian Dollar,C$,71.7897,Exchange Rate API
2025-12-15,Canadian Dollar,C$,71.4608,Exchange Rate API
2025-12-14,Canadian Dollar,C$,71.8031,Exchange Rate API
2025-12-13,Canadian Dollar,C$,71.6601,Exchange Rate API
2025-12-12,Canadian Dollar,C$,71.2546,Exchange Rate API
2025-12-11,Canadian Dollar,C$,71.538,Exchange Rate API
2025-12-10,Canadian Dollar,C$,71.5514,Exchange Rate API
2025-12-09,Canadian Dollar,C$,71.5062,Exchange Rate API
2025-12-08,Canadian Dollar,C$,71.3157,Exchange Rate API
2025-12-07,Canadian Dollar,C$,71.1377,Exchange Rate API
2025-12-06,Canadian Dollar,C$,70.9924,Exchange Rate API
2025-12-05,Canadian Dollar,C$,70.66,Exchange Rate API
2025-12-04,Canadian Dollar,C$,70.8202,Exchange Rate API
2025-12-03,Canadian Dollar,C$,70.4578,Exchange Rate API
2025-12-02,Canadian Dollar,C$,70.2548,Exchange Rate API
2025-12-01,Canadian Dollar,C$,70.0524,Exchange Rate API
2025-11-30,Canadian Dollar,C$,69.8105,Exchange Rate API
2025-11-29,Canadian Dollar,C$,70.1457,Exchange Rate API
2025-11-28,Canadian Dollar,C$,69.8243,Exchange Rate API
2025-11-27,Canadian Dollar,C$,69.9984,Exchange Rate API
2025-11-26,Canadian Dollar,C$,70.0786,Exchange Rate API
2025-11-25,Canadian Dollar,C$,70.2997,Exchange Rate API
2025-11-24,Canadian Dollar,C$,70.1605,Exchange Rate API
2025-11-23,Canadian Dollar,C$,69.8174,Exchange Rate API
2025-11-22,Canadian Dollar,C$,69.8912,Exchange Rate API
2025-11-21,Canadian Dollar,C$,70.1843,Exchange Rate API
2025-11-20,Canadian Dollar,C$,69.9433,Exchange Rate API
2025-11-19,Canadian Dollar,C$,69.686,Exchange Rate API
2025-11-18,Canadian Dollar,C$,69.7405,Exchange Rate API
2025-11-17,Canadian Dollar,C$,70.0865,Exchange Rate API
2025-11-16,Canadian Dollar,C$,69.7704,Exchange Rate API
2025-11-15,Canadian Dollar,C$,69.47,Exchange Rate API
2025-11-14,Canadian Dollar,C$,69.8423,Exchange Rate API
2025-11-13,Canadian Dollar,C$,69.716,Exchange Rate API
2025-11-12,Canadian Dollar,C$,70.1308,Exchange Rate API
2025-11-11,Canadian Dollar,C$,70.1069,Exchange Rate API
2025-11-10,Canadian Dollar,C$,70.1098,Exchange Rate API
2025-11-09,Canadian Dollar,C$,69.9969,Exchange Rate API
2025-11-08,Canadian Dollar,C$,70.0131,Exchange Rate API
2025-11-07,Canadian Dollar,C$,69.8332,Exchange Rate API
2025-11-06,Canadian Dollar,C$,69.5502,Exchange Rate API
2025-11-05,Canadian Dollar,C$,69.803,Exchange Rate API
2025-11-04,Canadian Dollar,C$,69.8464,Exchange Rate API
2025-11-03,Canadian Dollar,C$,69.9598,Exchange Rate API
2025-11-02,Canadian Dollar,C$,70.2803,Exchange Rate API
2025-11-01,Canadian Dollar,C$,70.1533,Exchange Rate API
2025-10-31,Canadian Dollar,C$,69.8924,Exchange Rate API
2025-10-30,Canadian Dollar,C$,70.2107,Exchange Rate API
2025-10-29,Canadian Dollar,C$,69.8471,Exchange Rate API
2025-10-28,Canadian Dollar,C$,69.5839,Exchange Rate API
2025-10-27,Canadian Dollar,C$,69.5432,Exchange Rate API
2025-10-26,Canadian Dollar,C$,69.1755,Exchange Rate API
2025-10-25,Canadian Dollar,C$,69.2156,Exchange Rate API
2025-10-24,Canadian Dollar,C$,68.9673,Exchange Rate API
2025-10-23,Canadian Dollar,C$,68.5862,Exchange Rate API
2025-10-22,Canadian Dollar,C$,68.5674,Exchange Rate API
2025-10-21,Canadian Dollar,C$,68.6458,Exchange Rate API
2025-10-20,Canadian Dollar,C$,68.9732,Exchange Rate API
2025-10-19,Canadian Dollar,C$,69.0943,Exchange Rate API
2025-10-18,Canadian Dollar,C$,69.215,Exchange Rate API
2025-10-17,Canadian Dollar,C$,69.524,Exchange Rate API
2025-10-16,Canadian Dollar,C$,69.5399,Exchange Rate API
2025-10-15,Canadian Dollar,C$,69.6057,Exchange Rate API
2025-10-14,Canadian Dollar,C$,69.2747,Exchange Rate API
2025-10-13,Canadian Dollar,C$,69.087,Exchange Rate API
2025-10-12,Canadian Dollar,C$,68.6995,Exchange Rate API
2025-10-11,Canadian Dollar,C$,68.5883,Exchange Rate API
2025-10-10,Canadian Dollar,C$,68.7219,Exchange Rate API
2025-10-09,Canadian Dollar,C$,69.1089,Exchange Rate API
2025-10-08,Canadian Dollar,C$,69.4879,Exchange Rate API
2025-10-07,Canadian Dollar,C$,69.1903,Exchange Rate API
2025-10-06,Canadian Dollar,C$,69.3621,Exchange Rate API
2025-10-05,Canadian Dollar,C$,69.0236,Exchange Rate API
2025-10-04,Canadian Dollar,C$,68.7887,Exchange Rate API
2025-10-03,Canadian Dollar,C$,68.4238,Exchange Rate API
2025-10-02,Canadian Dollar,C$,68.6152,Exchange Rate API
2025-10-01,Canadian Dollar,C$,68.3204,Exchange Rate API
2025-09-30,Canadian Dollar,C$,67.9608,Exchange Rate API
2025-09-29,Canadian Dollar,C$,68.2461,Exchange Rate API
2025-09-28,Canadian Dollar,C$,68.2196,Exchange Rate API
2025-09-27,Canadian Dollar,C$,68.5038,Exchange Rate API
2025-09-26,Canadian Dollar,C$,68.8332,Exchange Rate API
2025-09-25,Canadian Dollar,C$,69.0961,Exchange Rate API
2025-09-24,Canadian Dollar,C$,69.4877,Exchange Rate API
2025-09-23,Canadian Dollar,C$,69.4178,Exchange Rate API
2025-09-22,Canadian Dollar,C$,69.1813,Exchange Rate API
2025-09-21,Canadian Dollar,C$,69.562,Exchange Rate API
2025-09-20,Canadian Dollar,C$,69.2341,Exchange Rate API
2025-09-19,Canadian Dollar,C$,69.3823,Exchange Rate API
2025-09-18,Canadian Dollar,C$,69.3431,Exchange Rate API
2025-09-17,Canadian Dollar,C$,69.0101,Exchange Rate API
2025-09-16,Canadian Dollar,C$,69.272,Exchange Rate API
2025-09-15,Canadian Dollar,C$,69.3715,Exchange Rate API
2025-09-14,Canadian Dollar,C$,69.5834,Exchange Rate API
2025-09-13,Canadian Dollar,C$,69.8619,Exchange Rate API
2025-09-12,Canadian Dollar,C$,70.1438,Exchange Rate API
2025-09-11,Canadian Dollar,C$,70.3302,Exchange Rate API
2025-09-10,Canadian Dollar,C$,70.5275,Exchange Rate API
2025-09-09,Canadian Dollar,C$,70.8729,Exchange Rate API
2025-09-08,Canadian Dollar,C$,70.911,Exchange Rate API
2025-09-07,Canadian Dollar,C$,70.528,Exchange Rate API
2025-09-06,Canadian Dollar,C$,70.8768,Exchange Rate API
2025-09-05,Canadian Dollar,C$,70.6157,Exchange Rate API
2025-09-04,Canadian Dollar,C$,70.5689,Exchange Rate API
2025-09-03,Canadian Dollar,C$,70.8894,Exchange Rate API
2025-09-02,Canadian Dollar,C$,70.9271,Exchange Rate API
2025-09-01,Canadian Dollar,C$,70.9929,Exchange Rate API
2025-08-31,Canadian Dollar,C$,70.6079,Exchange Rate API
2025-08-30,Canadian Dollar,C$,70.2801,Exchange Rate API
2025-08-29,Canadian Dollar,C$,70.5689,Exchange Rate API
2025-08-28,Canadian Dollar,C$,70.2583,Exchange Rate API
2025-08-27,Canadian Dollar,C$,70.4943,Exchange Rate API
2025-08-26,Canadian Dollar,C$,70.2204,Exchange Rate API
2025-08-25,Canadian Dollar,C$,70.3549,Exchange Rate API
2025-08-24,Canadian Dollar,C$,69.9879,Exchange Rate API
2025-08-23,Canadian Dollar,C$,69.7851,Exchange Rate API
2025-08-22,Canadian Dollar,C$,70.0104,Exchange Rate API
2025-08-21,Canadian Dollar,C$,69.5934,Exchange Rate API
2025-08-20,Canadian Dollar,C$,69.9496,Exchange Rate API
2025-08-19,Canadian Dollar,C$,69.7196,Exchange Rate API
2025-08-18,Canadian Dollar,C$,69.5556,Exchange Rate API
2025-08-17,Canadian Dollar,C$,69.8947,Exchange Rate API
2025-08-16,Canadian Dollar,C$,69.7011,Exchange Rate API
2025-08-15,Canadian Dollar,C$,69.8,Exchange Rate API
2025-08-14,Canadian Dollar,C$,70.0724,Exchange Rate API
2025-08-13,Canadian Dollar,C$,70.2648,Exchange Rate API
2025-08-12,Canadian Dollar,C$,70.2473,Exchange Rate API
2025-08-11,Canadian Dollar,C$,69.8383,Exchange Rate API
2025-08-10,Canadian Dollar,C$,69.6759,Exchange Rate API
2025-08-09,Canadian Dollar,C$,69.7277,Exchange Rate API
2025-08-08,Canadian Dollar,C$,70.0956,Exchange Rate API
2025-08-07,Canadian Dollar,C$,70.0374,Exchange Rate API
2025-08-06,Canadian Dollar,C$,69.9496,Exchange Rate API
2025-08-05,Canadian Dollar,C$,70.0644,Exchange Rate API
2025-08-04,Canadian Dollar,C$,70.46,Exchange Rate API
2026-08-03,Swiss Franc,CHF,117.9663,Exchange Rate API
2026-08-02,Swiss Franc,CHF,117.4205,Exchange Rate API
2026-08-01,Swiss Franc,CHF,117.7313,Exchange Rate API
2026-07-31,Swiss Franc,CHF,118.0132,Exchange Rate API
2026-07-30,Swiss Franc,CHF,118.2962,Exchange Rate API
2026-07-29,Swiss Franc,CHF,118.9804,Exchange Rate API
2026-07-28,Swiss Franc,CHF,118.8976,Exchange Rate API
2026-07-27,Swiss Franc,CHF,119.4075,Exchange Rate API
2026-07-26,Swiss Franc,CHF,119.6493,Exchange Rate API
2026-07-25,Swiss Franc,CHF,120.1802,Exchange Rate API
2026-07-24,Swiss Franc,CHF,119.6834,Exchange Rate API
2026-07-23,Swiss Franc,CHF,119.6021,Exchange Rate API
2026-07-22,Swiss Franc,CHF,120.103,Exchange Rate API
2026-07-21,Swiss Franc,CHF,120.309,Exchange Rate API
2026-07-20,Swiss Franc,CHF,120.5321,Exchange Rate API
2026-07-19,Swiss Franc,CHF,121.0729,Exchange Rate API
2026-07-18,Swiss Franc,CHF,121.2803,Exchange Rate API
2026-07-17,Swiss Franc,CHF,121.2886,Exchange Rate API
2026-07-16,Swiss Franc,CHF,121.0091,Exchange Rate API
2026-07-15,Swiss Franc,CHF,121.0094,Exchange Rate API
2026-07-14,Swiss Franc,CHF,120.9804,Exchange Rate API
2026-07-13,Swiss Franc,CHF,120.4218,Exchange Rate API
2026-07-12,Swiss Franc,CHF,119.7179,Exchange Rate API
2026-07-11,Swiss Franc,CHF,119.3332,Exchange Rate API
2026-07-10,Swiss Franc,CHF,118.9733,Exchange Rate API
2026-07-09,Swiss Franc,CHF,118.708,Exchange Rate API
2026-07-08,Swiss Franc,CHF,118.9564,Exchange Rate API
2026-07-07,Swiss Franc,CHF,118.4848,Exchange Rate API
2026-07-06,Swiss Franc,CHF,118.3134,Exchange Rate API
2026-07-05,Swiss Franc,CHF,117.7406,Exchange Rate API
2026-07-04,Swiss Franc,CHF,117.7338,Exchange Rate API
2026-07-03,Swiss Franc,CHF,117.9789,Exchange Rate API
2026-07-02,Swiss Franc,CHF,117.6952,Exchange Rate API
2026-07-01,Swiss Franc,CHF,118.3698,Exchange Rate API
2026-06-30,Swiss Franc,CHF,118.4122,Exchange Rate API
2026-06-29,Swiss Franc,CHF,118.3157,Exchange Rate API
2026-06-28,Swiss Franc,CHF,118.618,Exchange Rate API
2026-06-27,Swiss Franc,CHF,118.4468,Exchange Rate API
2026-06-26,Swiss Franc,CHF,117.8889,Exchange Rate API
2026-06-25,Swiss Franc,CHF,117.7057,Exchange Rate API
2026-06-24,Swiss Franc,CHF,117.4194,Exchange Rate API
2026-06-23,Swiss Franc,CHF,117.5714,Exchange Rate API
2026-06-22,Swiss Franc,CHF,118.1405,Exchange Rate API
2026-06-21,Swiss Franc,CHF,118.3235,Exchange Rate API
2026-06-20,Swiss Franc,CHF,118.1386,Exchange Rate API
2026-06-19,Swiss Franc,CHF,117.7571,Exchange Rate API
2026-06-18,Swiss Franc,CHF,118.3194,Exchange Rate API
2026-06-17,Swiss Franc,CHF,118.1874,Exchange Rate API
2026-06-16,Swiss Franc,CHF,118.5026,Exchange Rate API
2026-06-15,Swiss Franc,CHF,117.8609,Exchange Rate API
2026-06-14,Swiss Franc,CHF,117.8742,Exchange Rate API
2026-06-13,Swiss Franc,CHF,118.0785,Exchange Rate API
2026-06-12,Swiss Franc,CHF,118.0953,Exchange Rate API
2026-06-11,Swiss Franc,CHF,117.7308,Exchange Rate API
2026-06-10,Swiss Franc,CHF,117.8629,Exchange Rate API
2026-06-09,Swiss Franc,CHF,118.2705,Exchange Rate API
2026-06-08,Swiss Franc,CHF,118.8225,Exchange Rate API
2026-06-07,Swiss Franc,CHF,119.5184,Exchange Rate API
2026-06-06,Swiss Franc,CHF,120.0322,Exchange Rate API
2026-06-05,Swiss Franc,CHF,120.6451,Exchange Rate API
2026-06-04,Swiss Franc,CHF,120.0558,Exchange Rate API
2026-06-03,Swiss Franc,CHF,120.2514,Exchange Rate API
2026-06-02,Swiss Franc,CHF,120.0927,Exchange Rate API
2026-06-01,Swiss Franc,CHF,119.8298,Exchange Rate API
2026-05-31,Swiss Franc,CHF,119.5833,Exchange Rate API
2026-05-30,Swiss Franc,CHF,120.2844,Exchange Rate API
2026-05-29,Swiss Franc,CHF,119.8187,Exchange Rate API
2026-05-28,Swiss Franc,CHF,120.2583,Exchange Rate API
2026-05-27,Swiss Franc,CHF,120.0251,Exchange Rate API
2026-05-26,Swiss Franc,CHF,119.5219,Exchange Rate API
2026-05-25,Swiss Franc,CHF,119.0303,Exchange Rate API
2026-05-24,Swiss Franc,CHF,119.2094,Exchange Rate API
2026-05-23,Swiss Franc,CHF,119.4756,Exchange Rate API
2026-05-22,Swiss Franc,CHF,119.231,Exchange Rate API
2026-05-21,Swiss Franc,CHF,119.8738,Exchange Rate API
2026-05-20,Swiss Franc,CHF,119.253,Exchange Rate API
2026-05-19,Swiss Franc,CHF,119.9239,Exchange Rate API
2026-05-18,Swiss Franc,CHF,120.3626,Exchange Rate API
2026-05-17,Swiss Franc,CHF,120.2713,Exchange Rate API
2026-05-16,Swiss Franc,CHF,119.5553,Exchange Rate API
2026-05-15,Swiss Franc,CHF,120.14,Exchange Rate API
2026-05-14,Swiss Franc,CHF,120.2728,Exchange Rate API
2026-05-13,Swiss Franc,CHF,120.6518,Exchange Rate API
2026-05-12,Swiss Franc,CHF,121.0023,Exchange Rate API
2026-05-11,Swiss Franc,CHF,121.6269,Exchange Rate API
2026-05-10,Swiss Franc,CHF,121.9565,Exchange Rate API
2026-05-09,Swiss Franc,CHF,121.5597,Exchange Rate API
2026-05-08,Swiss Franc,CHF,121.7825,Exchange Rate API
2026-05-07,Swiss Franc,CHF,121.1508,Exchange Rate API
2026-05-06,Swiss Franc,CHF,120.4321,Exchange Rate API
2026-05-05,Swiss Franc,CHF,119.9439,Exchange Rate API
2026-05-04,Swiss Franc,CHF,120.6103,Exchange Rate API
2026-05-03,Swiss Franc,CHF,120.3699,Exchange Rate API
2026-05-02,Swiss Franc,CHF,119.7458,Exchange Rate API
2026-05-01,Swiss Franc,CHF,119.5165,Exchange Rate API
2026-04-30,Swiss Franc,CHF,120.1785,Exchange Rate API
2026-04-29,Swiss Franc,CHF,120.4857,Exchange Rate API
2026-04-28,Swiss Franc,CHF,120.9801,Exchange Rate API
2026-04-27,Swiss Franc,CHF,121.5682,Exchange Rate API
2026-04-26,Swiss Franc,CHF,121.6465,Exchange Rate API
2026-04-25,Swiss Franc,CHF,121.441,Exchange Rate API
2026-04-24,Swiss Franc,CHF,121.6017,Exchange Rate API
2026-04-23,Swiss Franc,CHF,121.8974,Exchange Rate API
2026-04-22,Swiss Franc,CHF,121.7166,Exchange Rate API
2026-04-21,Swiss Franc,CHF,122.1094,Exchange Rate API
2026-04-20,Swiss Franc,CHF,122.4155,Exchange Rate API
2026-04-19,Swiss Franc,CHF,122.593,Exchange Rate API
2026-04-18,Swiss Franc,CHF,122.6458,Exchange Rate API
2026-04-17,Swiss Franc,CHF,122.8013,Exchange Rate API
2026-04-16,Swiss Franc,CHF,122.3361,Exchange Rate API
2026-04-15,Swiss Franc,CHF,121.8842,Exchange Rate API
2026-04-14,Swiss Franc,CHF,122.5701,Exchange Rate API
2026-04-13,Swiss Franc,CHF,122.1251,Exchange Rate API
2026-04-12,Swiss Franc,CHF,122.0566,Exchange Rate API
2026-04-11,Swiss Franc,CHF,121.4811,Exchange Rate API
2026-04-10,Swiss Franc,CHF,121.1949,Exchange Rate API
2026-04-09,Swiss Franc,CHF,121.0213,Exchange Rate API
2026-04-08,Swiss Franc,CHF,120.9303,Exchange Rate API
2026-04-07,Swiss Franc,CHF,120.216,Exchange Rate API
2026-04-06,Swiss Franc,CHF,120.4475,Exchange Rate API
2026-04-05,Swiss Franc,CHF,120.8856,Exchange Rate API
2026-04-04,Swiss Franc,CHF,120.4218,Exchange Rate API
2026-04-03,Swiss Franc,CHF,120.3899,Exchange Rate API
2026-04-02,Swiss Franc,CHF,120.6944,Exchange Rate API
2026-04-01,Swiss Franc,CHF,120.0953,Exchange Rate API
2026-03-31,Swiss Franc,CHF,120.6645,Exchange Rate API
2026-03-30,Swiss Franc,CHF,120.1324,Exchange Rate API
2026-03-29,Swiss Franc,CHF,119.8655,Exchange Rate API
2026-03-28,Swiss Franc,CHF,120.5842,Exchange Rate API
2026-03-27,Swiss Franc,CHF,120.1408,Exchange Rate API
2026-03-26,Swiss Franc,CHF,119.9258,Exchange Rate API
2026-03-25,Swiss Franc,CHF,120.3571,Exchange Rate API
2026-03-24,Swiss Franc,CHF,120.0217,Exchange Rate API
2026-03-23,Swiss Franc,CHF,120.4745,Exchange Rate API
2026-03-22,Swiss Franc,CHF,120.509,Exchange Rate API
2026-03-21,Swiss Franc,CHF,120.8323,Exchange Rate API
2026-03-20,Swiss Franc,CHF,120.1719,Exchange Rate API
2026-03-19,Swiss Franc,CHF,119.8009,Exchange Rate API
2026-03-18,Swiss Franc,CHF,119.1075,Exchange Rate API
2026-03-17,Swiss Franc,CHF,119.0203,Exchange Rate API
2026-03-16,Swiss Franc,CHF,118.5677,Exchange Rate API
2026-03-15,Swiss Franc,CHF,118.7798,Exchange Rate API
2026-03-14,Swiss Franc,CHF,118.5513,Exchange Rate API
2026-03-13,Swiss Franc,CHF,118.6546,Exchange Rate API
2026-03-12,Swiss Franc,CHF,118.3014,Exchange Rate API
2026-03-11,Swiss Franc,CHF,118.615,Exchange Rate API
2026-03-10,Swiss Franc,CHF,118.359,Exchange Rate API
2026-03-09,Swiss Franc,CHF,118.67,Exchange Rate API
2026-03-08,Swiss Franc,CHF,118.5644,Exchange Rate API
2026-03-07,Swiss Franc,CHF,118.4797,Exchange Rate API
2026-03-06,Swiss Franc,CHF,117.7998,Exchange Rate API
2026-03-05,Swiss Franc,CHF,118.0728,Exchange Rate API
2026-03-04,Swiss Franc,CHF,118.1695,Exchange Rate API
2026-03-03,Swiss Franc,CHF,118.377,Exchange Rate API
2026-03-02,Swiss Franc,CHF,118.4494,Exchange Rate API
2026-03-01,Swiss Franc,CHF,118.9907,Exchange Rate API
2026-02-28,Swiss Franc,CHF,119.1366,Exchange Rate API
2026-02-27,Swiss Franc,CHF,119.4251,Exchange Rate API
2026-02-26,Swiss Franc,CHF,119.5753,Exchange Rate API
2026-02-25,Swiss Franc,CHF,119.0706,Exchange Rate API
2026-02-24,Swiss Franc,CHF,119.314,Exchange Rate API
2026-02-23,Swiss Franc,CHF,118.9676,Exchange Rate API
2026-02-22,Swiss Franc,CHF,118.7454,Exchange Rate API
2026-02-21,Swiss Franc,CHF,119.3853,Exchange Rate API
2026-02-20,Swiss Franc,CHF,119.6019,Exchange Rate API
2026-02-19,Swiss Franc,CHF,119.2273,Exchange Rate API
2026-02-18,Swiss Franc,CHF,118.6194,Exchange Rate API
2026-02-17,Swiss Franc,CHF,119.1624,Exchange Rate API
2026-02-16,Swiss Franc,CHF,119.727,Exchange Rate API
2026-02-15,Swiss Franc,CHF,120.2733,Exchange Rate API
2026-02-14,Swiss Franc,CHF,120.0756,Exchange Rate API
2026-02-13,Swiss Franc,CHF,119.8647,Exchange Rate API
2026-02-12,Swiss Franc,CHF,119.7605,Exchange Rate API
2026-02-11,Swiss Franc,CHF,119.6012,Exchange Rate API
2026-02-10,Swiss Franc,CHF,119.1089,Exchange Rate API
2026-02-09,Swiss Franc,CHF,119.2581,Exchange Rate API
2026-02-08,Swiss Franc,CHF,118.6987,Exchange Rate API
2026-02-07,Swiss Franc,CHF,118.407,Exchange Rate API
2026-02-06,Swiss Franc,CHF,117.7255,Exchange Rate API
2026-02-05,Swiss Franc,CHF,117.4722,Exchange Rate API
2026-02-04,Swiss Franc,CHF,118.1762,Exchange Rate API
2026-02-03,Swiss Franc,CHF,118.7333,Exchange Rate API
2026-02-02,Swiss Franc,CHF,118.4472,Exchange Rate API
2026-02-01,Swiss Franc,CHF,118.9402,Exchange Rate API
2026-01-31,Swiss Franc,CHF,118.7391,Exchange Rate API
2026-01-30,Swiss Franc,CHF,118.6288,Exchange Rate API
2026-01-29,Swiss Franc,CHF,119.2151,Exchange Rate API
2026-01-28,Swiss Franc,CHF,119.0876,Exchange Rate API
2026-01-27,Swiss Franc,CHF,118.7958,Exchange Rate API
2026-01-26,Swiss Franc,CHF,118.8755,Exchange Rate API
2026-01-25,Swiss Franc,CHF,118.4234,Exchange Rate API
2026-01-24,Swiss Franc,CHF,118.7299,Exchange Rate API
2026-01-23,Swiss Franc,CHF,118.298,Exchange Rate API
2026-01-22,Swiss Franc,CHF,118.039,Exchange Rate API
2026-01-21,Swiss Franc,CHF,118.1681,Exchange Rate API
2026-01-20,Swiss Franc,CHF,118.8231,Exchange Rate API
2026-01-19,Swiss Franc,CHF,118.6251,Exchange Rate API
2026-01-18,Swiss Franc,CHF,118.7414,Exchange Rate API
2026-01-17,Swiss Franc,CHF,118.0312,Exchange Rate API
2026-01-16,Swiss Franc,CHF,118.3639,Exchange Rate API
2026-01-15,Swiss Franc,CHF,118.6256,Exchange Rate API
2026-01-14,Swiss Franc,CHF,118.0524,Exchange Rate API
2026-01-13,Swiss Franc,CHF,117.4511,Exchange Rate API
2026-01-12,Swiss Franc,CHF,117.4047,Exchange Rate API
2026-01-11,Swiss Franc,CHF,117.6917,Exchange Rate API
2026-01-10,Swiss Franc,CHF,117.47,Exchange Rate API
2026-01-09,Swiss Franc,CHF,117.5914,Exchange Rate API
2026-01-08,Swiss Franc,CHF,118.1305,Exchange Rate API
2026-01-07,Swiss Franc,CHF,117.7893,Exchange Rate API
2026-01-06,Swiss Franc,CHF,117.2475,Exchange Rate API
2026-01-05,Swiss Franc,CHF,117.9309,Exchange Rate API
2026-01-04,Swiss Franc,CHF,117.389,Exchange Rate API
2026-01-03,Swiss Franc,CHF,117.7487,Exchange Rate API
2026-01-02,Swiss Franc,CHF,117.988,Exchange Rate API
2026-01-01,Swiss Franc,CHF,118.5705,Exchange Rate API
2025-12-31,Swiss Franc,CHF,118.1291,Exchange Rate API
2025-12-30,Swiss Franc,CHF,117.8055,Exchange Rate API
2025-12-29,Swiss Franc,CHF,118.372,Exchange Rate API
2025-12-28,Swiss Franc,CHF,118.6955,Exchange Rate API
2025-12-27,Swiss Franc,CHF,118.5167,Exchange Rate API
2025-12-26,Swiss Franc,CHF,118.3636,Exchange Rate API
2025-12-25,Swiss Franc,CHF,117.9399,Exchange Rate API
2025-12-24,Swiss Franc,CHF,117.3278,Exchange Rate API
2025-12-23,Swiss Franc,CHF,116.9449,Exchange Rate API
2025-12-22,Swiss Franc,CHF,116.6325,Exchange Rate API
2025-12-21,Swiss Franc,CHF,117.1316,Exchange Rate API
2025-12-20,Swiss Franc,CHF,117.1851,Exchange Rate API
2025-12-19,Swiss Franc,CHF,116.5873,Exchange Rate API
2025-12-18,Swiss Franc,CHF,116.5707,Exchange Rate API
2025-12-17,Swiss Franc,CHF,116.0123,Exchange Rate API
2025-12-16,Swiss Franc,CHF,115.5266,Exchange Rate API
2025-12-15,Swiss Franc,CHF,115.8516,Exchange Rate API
2025-12-14,Swiss Franc,CHF,115.8458,Exchange Rate API
2025-12-13,Swiss Franc,CHF,115.3236,Exchange Rate API
2025-12-12,Swiss Franc,CHF,115.34,Exchange Rate API
2025-12-11,Swiss Franc,CHF,114.819,Exchange Rate API
2025-12-10,Swiss Franc,CHF,114.1964,Exchange Rate API
2025-12-09,Swiss Franc,CHF,114.2349,Exchange Rate API
2025-12-08,Swiss Franc,CHF,114.8928,Exchange Rate API
2025-12-07,Swiss Franc,CHF,114.8883,Exchange Rate API
2025-12-06,Swiss Franc,CHF,114.95,Exchange Rate API
2025-12-05,Swiss Franc,CHF,114.4868,Exchange Rate API
2025-12-04,Swiss Franc,CHF,114.76,Exchange Rate API
2025-12-03,Swiss Franc,CHF,115.2434,Exchange Rate API
2025-12-02,Swiss Franc,CHF,115.9144,Exchange Rate API
2025-12-01,Swiss Franc,CHF,116.4453,Exchange Rate API
2025-11-30,Swiss Franc,CHF,116.6918,Exchange Rate API
2025-11-29,Swiss Franc,CHF,116.558,Exchange Rate API
2025-11-28,Swiss Franc,CHF,116.7702,Exchange Rate API
2025-11-27,Swiss Franc,CHF,117.4615,Exchange Rate API
2025-11-26,Swiss Franc,CHF,117.6936,Exchange Rate API
2025-11-25,Swiss Franc,CHF,118.0102,Exchange Rate API
2025-11-24,Swiss Franc,CHF,118.6845,Exchange Rate API
2025-11-23,Swiss Franc,CHF,118.1886,Exchange Rate API
2025-11-22,Swiss Franc,CHF,118.6354,Exchange Rate API
2025-11-21,Swiss Franc,CHF,119.3242,Exchange Rate API
2025-11-20,Swiss Franc,CHF,118.9935,Exchange Rate API
2025-11-19,Swiss Franc,CHF,118.6148,Exchange Rate API
2025-11-18,Swiss Franc,CHF,118.0243,Exchange Rate API
2025-11-17,Swiss Franc,CHF,117.7246,Exchange Rate API
2025-11-16,Swiss Franc,CHF,117.0886,Exchange Rate API
2025-11-15,Swiss Franc,CHF,117.5995,Exchange Rate API
2025-11-14,Swiss Franc,CHF,117.5854,Exchange Rate API
2025-11-13,Swiss Franc,CHF,117.1441,Exchange Rate API
2025-11-12,Swiss Franc,CHF,117.773,Exchange Rate API
2025-11-11,Swiss Franc,CHF,117.3111,Exchange Rate API
2025-11-10,Swiss Franc,CHF,116.9184,Exchange Rate API
2025-11-09,Swiss Franc,CHF,117.1435,Exchange Rate API
2025-11-08,Swiss Franc,CHF,117.0481,Exchange Rate API
2025-11-07,Swiss Franc,CHF,116.7901,Exchange Rate API
2025-11-06,Swiss Franc,CHF,117.3826,Exchange Rate API
2025-11-05,Swiss Franc,CHF,116.7947,Exchange Rate API
2025-11-04,Swiss Franc,CHF,116.8598,Exchange Rate API
2025-11-03,Swiss Franc,CHF,116.6802,Exchange Rate API
2025-11-02,Swiss Franc,CHF,116.9927,Exchange Rate API
2025-11-01,Swiss Franc,CHF,116.7979,Exchange Rate API
2025-10-31,Swiss Franc,CHF,117.3429,Exchange Rate API
2025-10-30,Swiss Franc,CHF,117.6902,Exchange Rate API
2025-10-29,Swiss Franc,CHF,117.3773,Exchange Rate API
2025-10-28,Swiss Franc,CHF,116.9111,Exchange Rate API
2025-10-27,Swiss Franc,CHF,116.4803,Exchange Rate API
2025-10-26,Swiss Franc,CHF,116.1397,Exchange Rate API
2025-10-25,Swiss Franc,CHF,116.5981,Exchange Rate API
2025-10-24,Swiss Franc,CHF,117.288,Exchange Rate API
2025-10-23,Swiss Franc,CHF,117.9595,Exchange Rate API
2025-10-22,Swiss Franc,CHF,118.5478,Exchange Rate API
2025-10-21,Swiss Franc,CHF,119.2139,Exchange Rate API
2025-10-20,Swiss Franc,CHF,118.7755,Exchange Rate API
2025-10-19,Swiss Franc,CHF,118.0808,Exchange Rate API
2025-10-18,Swiss Franc,CHF,117.5269,Exchange Rate API
2025-10-17,Swiss Franc,CHF,116.9576,Exchange Rate API
2025-10-16,Swiss Franc,CHF,116.534,Exchange Rate API
2025-10-15,Swiss Franc,CHF,116.9907,Exchange Rate API
2025-10-14,Swiss Franc,CHF,117.2633,Exchange Rate API
2025-10-13,Swiss Franc,CHF,117.1178,Exchange Rate API
2025-10-12,Swiss Franc,CHF,116.9235,Exchange Rate API
2025-10-11,Swiss Franc,CHF,116.7137,Exchange Rate API
2025-10-10,Swiss Franc,CHF,116.6148,Exchange Rate API
2025-10-09,Swiss Franc,CHF,115.9175,Exchange Rate API
2025-10-08,Swiss Franc,CHF,115.8892,Exchange Rate API
2025-10-07,Swiss Franc,CHF,115.6949,Exchange Rate API
2025-10-06,Swiss Franc,CHF,116.3319,Exchange Rate API
2025-10-05,Swiss Franc,CHF,116.4742,Exchange Rate API
2025-10-04,Swiss Franc,CHF,116.702,Exchange Rate API
2025-10-03,Swiss Franc,CHF,117.1476,Exchange Rate API
2025-10-02,Swiss Franc,CHF,117.0926,Exchange Rate API
2025-10-01,Swiss Franc,CHF,116.5445,Exchange Rate API
2025-09-30,Swiss Franc,CHF,116.9218,Exchange Rate API
2025-09-29,Swiss Franc,CHF,117.3238,Exchange Rate API
2025-09-28,Swiss Franc,CHF,117.1604,Exchange Rate API
2025-09-27,Swiss Franc,CHF,116.6967,Exchange Rate API
2025-09-26,Swiss Franc,CHF,116.1055,Exchange Rate API
2025-09-25,Swiss Franc,CHF,116.2481,Exchange Rate API
2025-09-24,Swiss Franc,CHF,116.6623,Exchange Rate API
2025-09-23,Swiss Franc,CHF,117.2235,Exchange Rate API
2025-09-22,Swiss Franc,CHF,116.5526,Exchange Rate API
2025-09-21,Swiss Franc,CHF,116.9341,Exchange Rate API
2025-09-20,Swiss Franc,CHF,117.5158,Exchange Rate API
2025-09-19,Swiss Franc,CHF,117.0564,Exchange Rate API
2025-09-18,Swiss Franc,CHF,116.9629,Exchange Rate API
2025-09-17,Swiss Franc,CHF,117.4409,Exchange Rate API
2025-09-16,Swiss Franc,CHF,117.1301,Exchange Rate API
2025-09-15,Swiss Franc,CHF,116.585,Exchange Rate API
2025-09-14,Swiss Franc,CHF,116.6494,Exchange Rate API
2025-09-13,Swiss Franc,CHF,116.7638,Exchange Rate API
2025-09-12,Swiss Franc,CHF,116.5102,Exchange Rate API
2025-09-11,Swiss Franc,CHF,116.6402,Exchange Rate API
2025-09-10,Swiss Franc,CHF,116.8585,Exchange Rate API
2025-09-09,Swiss Franc,CHF,116.7026,Exchange Rate API
2025-09-08,Swiss Franc,CHF,117.0558,Exchange Rate API
2025-09-07,Swiss Franc,CHF,117.7501,Exchange Rate API
2025-09-06,Swiss Franc,CHF,118.2251,Exchange Rate API
2025-09-05,Swiss Franc,CHF,118.3339,Exchange Rate API
2025-09-04,Swiss Franc,CHF,117.6712,Exchange Rate API
2025-09-03,Swiss Franc,CHF,117.035,Exchange Rate API
2025-09-02,Swiss Franc,CHF,116.6032,Exchange Rate API
2025-09-01,Swiss Franc,CHF,116.9364,Exchange Rate API
2025-08-31,Swiss Franc,CHF,116.3038,Exchange Rate API
2025-08-30,Swiss Franc,CHF,116.5983,Exchange Rate API
2025-08-29,Swiss Franc,CHF,116.8405,Exchange Rate API
2025-08-28,Swiss Franc,CHF,116.6126,Exchange Rate API
2025-08-27,Swiss Franc,CHF,116.7192,Exchange Rate API
2025-08-26,Swiss Franc,CHF,116.2412,Exchange Rate API
2025-08-25,Swiss Franc,CHF,115.5657,Exchange Rate API
2025-08-24,Swiss Franc,CHF,115.312,Exchange Rate API
2025-08-23,Swiss Franc,CHF,115.4436,Exchange Rate API
2025-08-22,Swiss Franc,CHF,115.9898,Exchange Rate API
2025-08-21,Swiss Franc,CHF,115.8041,Exchange Rate API
2025-08-20,Swiss Franc,CHF,116.4543,Exchange Rate API
2025-08-19,Swiss Franc,CHF,115.7626,Exchange Rate API
2025-08-18,Swiss Franc,CHF,115.1539,Exchange Rate API
2025-08-17,Swiss Franc,CHF,115.4722,Exchange Rate API
2025-08-16,Swiss Franc,CHF,114.9106,Exchange Rate API
2025-08-15,Swiss Franc,CHF,114.9698,Exchange Rate API
2025-08-14,Swiss Franc,CHF,115.0014,Exchange Rate API
2025-08-13,Swiss Franc,CHF,114.6114,Exchange Rate API
2025-08-12,Swiss Franc,CHF,114.6086,Exchange Rate API
2025-08-11,Swiss Franc,CHF,115.1205,Exchange Rate API
2025-08-10,Swiss Franc,CHF,115.2611,Exchange Rate API
2025-08-09,Swiss Franc,CHF,114.7216,Exchange Rate API
2025-08-08,Swiss Franc,CHF,114.9857,Exchange Rate API
2025-08-07,Swiss Franc,CHF,114.4106,Exchange Rate API
2025-08-06,Swiss Franc,CHF,114.954,Exchange Rate API
2025-08-05,Swiss Franc,CHF,114.7395,Exchange Rate API
2025-08-04,Swiss Franc,CHF,114.0718,Exchange Rate API
2026-08-03,Singapore Dollar,S$,74.3494,Exchange Rate API
2026-08-02,Singapore Dollar,S$,74.0249,Exchange Rate API
2026-08-01,Singapore Dollar,S$,73.5965,Exchange Rate API
2026-07-31,Singapore Dollar,S$,73.472,Exchange Rate API
2026-07-30,Singapore Dollar,S$,73.613,Exchange Rate API
2026-07-29,Singapore Dollar,S$,74.0066,Exchange Rate API
2026-07-28,Singapore Dollar,S$,73.6538,Exchange Rate API
2026-07-27,Singapore Dollar,S$,73.321,Exchange Rate API
2026-07-26,Singapore Dollar,S$,73.2409,Exchange Rate API
2026-07-25,Singapore Dollar,S$,72.9608,Exchange Rate API
2026-07-24,Singapore Dollar,S$,72.7547,Exchange Rate API
2026-07-23,Singapore Dollar,S$,73.0232,Exchange Rate API
2026-07-22,Singapore Dollar,S$,72.7166,Exchange Rate API
2026-07-21,Singapore Dollar,S$,72.3091,Exchange Rate API
2026-07-20,Singapore Dollar,S$,72.4845,Exchange Rate API
2026-07-19,Singapore Dollar,S$,72.3922,Exchange Rate API
2026-07-18,Singapore Dollar,S$,72.602,Exchange Rate API
2026-07-17,Singapore Dollar,S$,72.2169,Exchange Rate API
2026-07-16,Singapore Dollar,S$,71.9804,Exchange Rate API
2026-07-15,Singapore Dollar,S$,72.1767,Exchange Rate API
2026-07-14,Singapore Dollar,S$,72.3554,Exchange Rate API
2026-07-13,Singapore Dollar,S$,71.9886,Exchange Rate API
2026-07-12,Singapore Dollar,S$,71.7325,Exchange Rate API
2026-07-11,Singapore Dollar,S$,71.9197,Exchange Rate API
2026-07-10,Singapore Dollar,S$,71.7715,Exchange Rate API
2026-07-09,Singapore Dollar,S$,72.0454,Exchange Rate API
2026-07-08,Singapore Dollar,S$,72.0441,Exchange Rate API
2026-07-07,Singapore Dollar,S$,72.4576,Exchange Rate API
2026-07-06,Singapore Dollar,S$,72.8828,Exchange Rate API
2026-07-05,Singapore Dollar,S$,72.6858,Exchange Rate API
2026-07-04,Singapore Dollar,S$,72.3301,Exchange Rate API
2026-07-03,Singapore Dollar,S$,71.9364,Exchange Rate API
2026-07-02,Singapore Dollar,S$,72.1988,Exchange Rate API
2026-07-01,Singapore Dollar,S$,72.2357,Exchange Rate API
2026-06-30,Singapore Dollar,S$,72.549,Exchange Rate API
2026-06-29,Singapore Dollar,S$,72.421,Exchange Rate API
2026-06-28,Singapore Dollar,S$,72.2774,Exchange Rate API
2026-06-27,Singapore Dollar,S$,72.4181,Exchange Rate API
2026-06-26,Singapore Dollar,S$,72.22,Exchange Rate API
2026-06-25,Singapore Dollar,S$,72.3595,Exchange Rate API
2026-06-24,Singapore Dollar,S$,72.6804,Exchange Rate API
2026-06-23,Singapore Dollar,S$,72.9405,Exchange Rate API
2026-06-22,Singapore Dollar,S$,73.302,Exchange Rate API
2026-06-21,Singapore Dollar,S$,73.6465,Exchange Rate API
2026-06-20,Singapore Dollar,S$,73.7334,Exchange Rate API
2026-06-19,Singapore Dollar,S$,74.1665,Exchange Rate API
2026-06-18,Singapore Dollar,S$,74.2306,Exchange Rate API
2026-06-17,Singapore Dollar,S$,73.8139,Exchange Rate API
2026-06-16,Singapore Dollar,S$,74.1438,Exchange Rate API
2026-06-15,Singapore Dollar,S$,73.7774,Exchange Rate API
2026-06-14,Singapore Dollar,S$,73.609,Exchange Rate API
2026-06-13,Singapore Dollar,S$,73.4868,Exchange Rate API
2026-06-12,Singapore Dollar,S$,73.5745,Exchange Rate API
2026-06-11,Singapore Dollar,S$,73.5752,Exchange Rate API
2026-06-10,Singapore Dollar,S$,73.3342,Exchange Rate API
2026-06-09,Singapore Dollar,S$,73.1866,Exchange Rate API
2026-06-08,Singapore Dollar,S$,73.5354,Exchange Rate API
2026-06-07,Singapore Dollar,S$,73.2646,Exchange Rate API
2026-06-06,Singapore Dollar,S$,73.4614,Exchange Rate API
2026-06-05,Singapore Dollar,S$,73.3447,Exchange Rate API
2026-06-04,Singapore Dollar,S$,73.2659,Exchange Rate API
2026-06-03,Singapore Dollar,S$,73.077,Exchange Rate API
2026-06-02,Singapore Dollar,S$,73.4467,Exchange Rate API
2026-06-01,Singapore Dollar,S$,73.285,Exchange Rate API
2026-05-31,Singapore Dollar,S$,73.2755,Exchange Rate API
2026-05-30,Singapore Dollar,S$,73.5334,Exchange Rate API
2026-05-29,Singapore Dollar,S$,73.706,Exchange Rate API
2026-05-28,Singapore Dollar,S$,73.7366,Exchange Rate API
2026-05-27,Singapore Dollar,S$,73.3666,Exchange Rate API
2026-05-26,Singapore Dollar,S$,73.3558,Exchange Rate API
2026-05-25,Singapore Dollar,S$,73.139,Exchange Rate API
2026-05-24,Singapore Dollar,S$,73.5469,Exchange Rate API
2026-05-23,Singapore Dollar,S$,73.9406,Exchange Rate API
2026-05-22,Singapore Dollar,S$,74.25,Exchange Rate API
2026-05-21,Singapore Dollar,S$,74.4089,Exchange Rate API
2026-05-20,Singapore Dollar,S$,74.4142,Exchange Rate API
2026-05-19,Singapore Dollar,S$,74.2204,Exchange Rate API
2026-05-18,Singapore Dollar,S$,74.0141,Exchange Rate API
2026-05-17,Singapore Dollar,S$,74.0713,Exchange Rate API
2026-05-16,Singapore Dollar,S$,74.0658,Exchange Rate API
2026-05-15,Singapore Dollar,S$,74.4725,Exchange Rate API
2026-05-14,Singapore Dollar,S$,74.2127,Exchange Rate API
2026-05-13,Singapore Dollar,S$,74.0346,Exchange Rate API
2026-05-12,Singapore Dollar,S$,74.0809,Exchange Rate API
2026-05-11,Singapore Dollar,S$,74.0712,Exchange Rate API
2026-05-10,Singapore Dollar,S$,73.8875,Exchange Rate API
2026-05-09,Singapore Dollar,S$,74.2011,Exchange Rate API
2026-05-08,Singapore Dollar,S$,73.9971,Exchange Rate API
2026-05-07,Singapore Dollar,S$,73.9812,Exchange Rate API
2026-05-06,Singapore Dollar,S$,73.7631,Exchange Rate API
2026-05-05,Singapore Dollar,S$,73.8835,Exchange Rate API
2026-05-04,Singapore Dollar,S$,73.5051,Exchange Rate API
2026-05-03,Singapore Dollar,S$,73.9082,Exchange Rate API
2026-05-02,Singapore Dollar,S$,73.9314,Exchange Rate API
2026-05-01,Singapore Dollar,S$,73.502,Exchange Rate API
2026-04-30,Singapore Dollar,S$,73.8931,Exchange Rate API
2026-04-29,Singapore Dollar,S$,73.7161,Exchange Rate API
2026-04-28,Singapore Dollar,S$,73.4576,Exchange Rate API
2026-04-27,Singapore Dollar,S$,73.6709,Exchange Rate API
2026-04-26,Singapore Dollar,S$,73.2613,Exchange Rate API
2026-04-25,Singapore Dollar,S$,73.2808,Exchange Rate API
2026-04-24,Singapore Dollar,S$,72.863,Exchange Rate API
2026-04-23,Singapore Dollar,S$,73.2977,Exchange Rate API
2026-04-22,Singapore Dollar,S$,72.8768,Exchange Rate API
2026-04-21,Singapore Dollar,S$,73.078,Exchange Rate API
2026-04-20,Singapore Dollar,S$,73.1233,Exchange Rate API
2026-04-19,Singapore Dollar,S$,73.0557,Exchange Rate API
2026-04-18,Singapore Dollar,S$,72.9148,Exchange Rate API
2026-04-17,Singapore Dollar,S$,73.2404,Exchange Rate API
2026-04-16,Singapore Dollar,S$,73.67,Exchange Rate API
2026-04-15,Singapore Dollar,S$,73.2362,Exchange Rate API
2026-04-14,Singapore Dollar,S$,73.5323,Exchange Rate API
2026-04-13,Singapore Dollar,S$,73.8167,Exchange Rate API
2026-04-12,Singapore Dollar,S$,74.1784,Exchange Rate API
2026-04-11,Singapore Dollar,S$,74.6089,Exchange Rate API
2026-04-10,Singapore Dollar,S$,74.8698,Exchange Rate API
2026-04-09,Singapore Dollar,S$,74.4351,Exchange Rate API
2026-04-08,Singapore Dollar,S$,74.5361,Exchange Rate API
2026-04-07,Singapore Dollar,S$,74.6902,Exchange Rate API
2026-04-06,Singapore Dollar,S$,74.9332,Exchange Rate API
2026-04-05,Singapore Dollar,S$,75.3576,Exchange Rate API
2026-04-04,Singapore Dollar,S$,75.7364,Exchange Rate API
2026-04-03,Singapore Dollar,S$,75.2924,Exchange Rate API
2026-04-02,Singapore Dollar,S$,75.3008,Exchange Rate API
2026-04-01,Singapore Dollar,S$,74.8921,Exchange Rate API
2026-03-31,Singapore Dollar,S$,75.2919,Exchange Rate API
2026-03-30,Singapore Dollar,S$,75.2203,Exchange Rate API
2026-03-29,Singapore Dollar,S$,75.2188,Exchange Rate API
2026-03-28,Singapore Dollar,S$,75.2851,Exchange Rate API
2026-03-27,Singapore Dollar,S$,75.6826,Exchange Rate API
2026-03-26,Singapore Dollar,S$,75.5004,Exchange Rate API
2026-03-25,Singapore Dollar,S$,75.3847,Exchange Rate API
2026-03-24,Singapore Dollar,S$,75.5726,Exchange Rate API
2026-03-23,Singapore Dollar,S$,75.357,Exchange Rate API
2026-03-22,Singapore Dollar,S$,75.5524,Exchange Rate API
2026-03-21,Singapore Dollar,S$,75.6124,Exchange Rate API
2026-03-20,Singapore Dollar,S$,75.5747,Exchange Rate API
2026-03-19,Singapore Dollar,S$,75.8666,Exchange Rate API
2026-03-18,Singapore Dollar,S$,76.0609,Exchange Rate API
2026-03-17,Singapore Dollar,S$,75.778,Exchange Rate API
2026-03-16,Singapore Dollar,S$,75.8528,Exchange Rate API
2026-03-15,Singapore Dollar,S$,75.5663,Exchange Rate API
2026-03-14,Singapore Dollar,S$,75.8049,Exchange Rate API
2026-03-13,Singapore Dollar,S$,75.689,Exchange Rate API
2026-03-12,Singapore Dollar,S$,75.9548,Exchange Rate API
2026-03-11,Singapore Dollar,S$,76.1132,Exchange Rate API
2026-03-10,Singapore Dollar,S$,76.038,Exchange Rate API
2026-03-09,Singapore Dollar,S$,75.9112,Exchange Rate API
2026-03-08,Singapore Dollar,S$,75.8438,Exchange Rate API
2026-03-07,Singapore Dollar,S$,76.1683,Exchange Rate API
2026-03-06,Singapore Dollar,S$,75.7266,Exchange Rate API
2026-03-05,Singapore Dollar,S$,76.0775,Exchange Rate API
2026-03-04,Singapore Dollar,S$,76.1197,Exchange Rate API
2026-03-03,Singapore Dollar,S$,75.6668,Exchange Rate API
2026-03-02,Singapore Dollar,S$,75.2143,Exchange Rate API
2026-03-01,Singapore Dollar,S$,75.5705,Exchange Rate API
2026-02-28,Singapore Dollar,S$,75.4736,Exchange Rate API
2026-02-27,Singapore Dollar,S$,75.5608,Exchange Rate API
2026-02-26,Singapore Dollar,S$,75.5574,Exchange Rate API
2026-02-25,Singapore Dollar,S$,75.8807,Exchange Rate API
2026-02-24,Singapore Dollar,S$,75.7013,Exchange Rate API
2026-02-23,Singapore Dollar,S$,75.906,Exchange Rate API
2026-02-22,Singapore Dollar,S$,75.7098,Exchange Rate API
2026-02-21,Singapore Dollar,S$,75.7294,Exchange Rate API
2026-02-20,Singapore Dollar,S$,75.746,Exchange Rate API
2026-02-19,Singapore Dollar,S$,75.9828,Exchange Rate API
2026-02-18,Singapore Dollar,S$,76.0865,Exchange Rate API
2026-02-17,Singapore Dollar,S$,75.6386,Exchange Rate API
2026-02-16,Singapore Dollar,S$,75.7573,Exchange Rate API
2026-02-15,Singapore Dollar,S$,76.1006,Exchange Rate API
2026-02-14,Singapore Dollar,S$,76.2613,Exchange Rate API
2026-02-13,Singapore Dollar,S$,76.0979,Exchange Rate API
2026-02-12,Singapore Dollar,S$,76.1265,Exchange Rate API
2026-02-11,Singapore Dollar,S$,76.4407,Exchange Rate API
2026-02-10,Singapore Dollar,S$,76.0678,Exchange Rate API
2026-02-09,Singapore Dollar,S$,76.4422,Exchange Rate API
2026-02-08,Singapore Dollar,S$,76.6835,Exchange Rate API
2026-02-07,Singapore Dollar,S$,76.6736,Exchange Rate API
2026-02-06,Singapore Dollar,S$,76.4523,Exchange Rate API
2026-02-05,Singapore Dollar,S$,76.3727,Exchange Rate API
2026-02-04,Singapore Dollar,S$,76.7781,Exchange Rate API
2026-02-03,Singapore Dollar,S$,76.6161,Exchange Rate API
2026-02-02,Singapore Dollar,S$,76.3693,Exchange Rate API
2026-02-01,Singapore Dollar,S$,76.4266,Exchange Rate API
2026-01-31,Singapore Dollar,S$,76.4299,Exchange Rate API
2026-01-30,Singapore Dollar,S$,76.0718,Exchange Rate API
2026-01-29,Singapore Dollar,S$,75.7766,Exchange Rate API
2026-01-28,Singapore Dollar,S$,75.3438,Exchange Rate API
2026-01-27,Singapore Dollar,S$,75.5236,Exchange Rate API
2026-01-26,Singapore Dollar,S$,75.1949,Exchange Rate API
2026-01-25,Singapore Dollar,S$,74.7511,Exchange Rate API
2026-01-24,Singapore Dollar,S$,74.5427,Exchange Rate API
2026-01-23,Singapore Dollar,S$,74.3107,Exchange Rate API
2026-01-22,Singapore Dollar,S$,74.5663,Exchange Rate API
2026-01-21,Singapore Dollar,S$,74.7822,Exchange Rate API
2026-01-20,Singapore Dollar,S$,75.1105,Exchange Rate API
2026-01-19,Singapore Dollar,S$,75.2636,Exchange Rate API
2026-01-18,Singapore Dollar,S$,75.4344,Exchange Rate API
2026-01-17,Singapore Dollar,S$,75.655,Exchange Rate API
2026-01-16,Singapore Dollar,S$,75.2397,Exchange Rate API
2026-01-15,Singapore Dollar,S$,75.0339,Exchange Rate API
2026-01-14,Singapore Dollar,S$,74.8268,Exchange Rate API
2026-01-13,Singapore Dollar,S$,74.4392,Exchange Rate API
2026-01-12,Singapore Dollar,S$,74.6397,Exchange Rate API
2026-01-11,Singapore Dollar,S$,74.7459,Exchange Rate API
2026-01-10,Singapore Dollar,S$,74.3322,Exchange Rate API
2026-01-09,Singapore Dollar,S$,74.6153,Exchange Rate API
2026-01-08,Singapore Dollar,S$,75.04,Exchange Rate API
2026-01-07,Singapore Dollar,S$,74.9428,Exchange Rate API
2026-01-06,Singapore Dollar,S$,75.2962,Exchange Rate API
2026-01-05,Singapore Dollar,S$,75.1997,Exchange Rate API
2026-01-04,Singapore Dollar,S$,75.243,Exchange Rate API
2026-01-03,Singapore Dollar,S$,75.6485,Exchange Rate API
2026-01-02,Singapore Dollar,S$,75.3675,Exchange Rate API
2026-01-01,Singapore Dollar,S$,75.2362,Exchange Rate API
2025-12-31,Singapore Dollar,S$,75.4316,Exchange Rate API
2025-12-30,Singapore Dollar,S$,75.0352,Exchange Rate API
2025-12-29,Singapore Dollar,S$,74.6555,Exchange Rate API
2025-12-28,Singapore Dollar,S$,75.0117,Exchange Rate API
2025-12-27,Singapore Dollar,S$,75.3696,Exchange Rate API
2025-12-26,Singapore Dollar,S$,75.6853,Exchange Rate API
2025-12-25,Singapore Dollar,S$,75.9874,Exchange Rate API
2025-12-24,Singapore Dollar,S$,76.1258,Exchange Rate API
2025-12-23,Singapore Dollar,S$,76.4271,Exchange Rate API
2025-12-22,Singapore Dollar,S$,75.9883,Exchange Rate API
2025-12-21,Singapore Dollar,S$,76.0962,Exchange Rate API
2025-12-20,Singapore Dollar,S$,76.3483,Exchange Rate API
2025-12-19,Singapore Dollar,S$,76.5403,Exchange Rate API
2025-12-18,Singapore Dollar,S$,76.472,Exchange Rate API
2025-12-17,Singapore Dollar,S$,76.6563,Exchange Rate API
2025-12-16,Singapore Dollar,S$,76.8345,Exchange Rate API
2025-12-15,Singapore Dollar,S$,76.4947,Exchange Rate API
2025-12-14,Singapore Dollar,S$,76.3373,Exchange Rate API
2025-12-13,Singapore Dollar,S$,76.5708,Exchange Rate API
2025-12-12,Singapore Dollar,S$,76.4398,Exchange Rate API
2025-12-11,Singapore Dollar,S$,76.7649,Exchange Rate API
2025-12-10,Singapore Dollar,S$,77.1954,Exchange Rate API
2025-12-09,Singapore Dollar,S$,77.6566,Exchange Rate API
2025-12-08,Singapore Dollar,S$,78.0968,Exchange Rate API
2025-12-07,Singapore Dollar,S$,77.8833,Exchange Rate API
2025-12-06,Singapore Dollar,S$,78.0506,Exchange Rate API
2025-12-05,Singapore Dollar,S$,77.7104,Exchange Rate API
2025-12-04,Singapore Dollar,S$,77.9054,Exchange Rate API
2025-12-03,Singapore Dollar,S$,78.2991,Exchange Rate API
2025-12-02,Singapore Dollar,S$,78.2341,Exchange Rate API
2025-12-01,Singapore Dollar,S$,77.9297,Exchange Rate API
2025-11-30,Singapore Dollar,S$,77.797,Exchange Rate API
2025-11-29,Singapore Dollar,S$,77.8238,Exchange Rate API
2025-11-28,Singapore Dollar,S$,78.1022,Exchange Rate API
2025-11-27,Singapore Dollar,S$,78.0902,Exchange Rate API
2025-11-26,Singapore Dollar,S$,78.4772,Exchange Rate API
2025-11-25,Singapore Dollar,S$,78.6344,Exchange Rate API
2025-11-24,Singapore Dollar,S$,78.3776,Exchange Rate API
2025-11-23,Singapore Dollar,S$,78.5571,Exchange Rate API
2025-11-22,Singapore Dollar,S$,79.0055,Exchange Rate API
2025-11-21,Singapore Dollar,S$,79.0803,Exchange Rate API
2025-11-20,Singapore Dollar,S$,79.4833,Exchange Rate API
2025-11-19,Singapore Dollar,S$,79.423,Exchange Rate API
2025-11-18,Singapore Dollar,S$,79.2319,Exchange Rate API
2025-11-17,Singapore Dollar,S$,79.2219,Exchange Rate API
2025-11-16,Singapore Dollar,S$,78.9333,Exchange Rate API
2025-11-15,Singapore Dollar,S$,78.8876,Exchange Rate API
2025-11-14,Singapore Dollar,S$,78.9403,Exchange Rate API
2025-11-13,Singapore Dollar,S$,78.4678,Exchange Rate API
2025-11-12,Singapore Dollar,S$,78.3831,Exchange Rate API
2025-11-11,Singapore Dollar,S$,78.0953,Exchange Rate API
2025-11-10,Singapore Dollar,S$,77.6517,Exchange Rate API
2025-11-09,Singapore Dollar,S$,77.3594,Exchange Rate API
2025-11-08,Singapore Dollar,S$,77.6615,Exchange Rate API
2025-11-07,Singapore Dollar,S$,78.0305,Exchange Rate API
2025-11-06,Singapore Dollar,S$,77.8815,Exchange Rate API
2025-11-05,Singapore Dollar,S$,77.6435,Exchange Rate API
2025-11-04,Singapore Dollar,S$,77.5946,Exchange Rate API
2025-11-03,Singapore Dollar,S$,78.0074,Exchange Rate API
2025-11-02,Singapore Dollar,S$,78.0029,Exchange Rate API
2025-11-01,Singapore Dollar,S$,77.8135,Exchange Rate API
2025-10-31,Singapore Dollar,S$,77.4728,Exchange Rate API
2025-10-30,Singapore Dollar,S$,77.5127,Exchange Rate API
2025-10-29,Singapore Dollar,S$,77.9115,Exchange Rate API
2025-10-28,Singapore Dollar,S$,77.5196,Exchange Rate API
2025-10-27,Singapore Dollar,S$,77.4791,Exchange Rate API
2025-10-26,Singapore Dollar,S$,77.7163,Exchange Rate API
2025-10-25,Singapore Dollar,S$,78.1127,Exchange Rate API
2025-10-24,Singapore Dollar,S$,78.4545,Exchange Rate API
2025-10-23,Singapore Dollar,S$,78.8669,Exchange Rate API
2025-10-22,Singapore Dollar,S$,78.6031,Exchange Rate API
2025-10-21,Singapore Dollar,S$,78.87,Exchange Rate API
2025-10-20,Singapore Dollar,S$,79.1453,Exchange Rate API
2025-10-19,Singapore Dollar,S$,79.2159,Exchange Rate API
2025-10-18,Singapore Dollar,S$,79.3728,Exchange Rate API
2025-10-17,Singapore Dollar,S$,79.3786,Exchange Rate API
2025-10-16,Singapore Dollar,S$,79.3893,Exchange Rate API
2025-10-15,Singapore Dollar,S$,78.9562,Exchange Rate API
2025-10-14,Singapore Dollar,S$,78.8695,Exchange Rate API
2025-10-13,Singapore Dollar,S$,78.7622,Exchange Rate API
2025-10-12,Singapore Dollar,S$,78.8128,Exchange Rate API
2025-10-11,Singapore Dollar,S$,78.5555,Exchange Rate API
2025-10-10,Singapore Dollar,S$,78.7459,Exchange Rate API
2025-10-09,Singapore Dollar,S$,79.0461,Exchange Rate API
2025-10-08,Singapore Dollar,S$,79.1225,Exchange Rate API
2025-10-07,Singapore Dollar,S$,79.5221,Exchange Rate API
2025-10-06,Singapore Dollar,S$,79.4644,Exchange Rate API
2025-10-05,Singapore Dollar,S$,79.0792,Exchange Rate API
2025-10-04,Singapore Dollar,S$,79.0426,Exchange Rate API
2025-10-03,Singapore Dollar,S$,79.1728,Exchange Rate API
2025-10-02,Singapore Dollar,S$,79.2711,Exchange Rate API
2025-10-01,Singapore Dollar,S$,78.8506,Exchange Rate API
2025-09-30,Singapore Dollar,S$,78.9116,Exchange Rate API
2025-09-29,Singapore Dollar,S$,79.0559,Exchange Rate API
2025-09-28,Singapore Dollar,S$,79.0053,Exchange Rate API
2025-09-27,Singapore Dollar,S$,78.7249,Exchange Rate API
2025-09-26,Singapore Dollar,S$,79.1482,Exchange Rate API
2025-09-25,Singapore Dollar,S$,78.7486,Exchange Rate API
2025-09-24,Singapore Dollar,S$,78.3452,Exchange Rate API
2025-09-23,Singapore Dollar,S$,77.9042,Exchange Rate API
2025-09-22,Singapore Dollar,S$,77.7625,Exchange Rate API
2025-09-21,Singapore Dollar,S$,78.0947,Exchange Rate API
2025-09-20,Singapore Dollar,S$,78.4181,Exchange Rate API
2025-09-19,Singapore Dollar,S$,78.1596,Exchange Rate API
2025-09-18,Singapore Dollar,S$,78.1035,Exchange Rate API
2025-09-17,Singapore Dollar,S$,77.9447,Exchange Rate API
2025-09-16,Singapore Dollar,S$,78.2039,Exchange Rate API
2025-09-15,Singapore Dollar,S$,78.2663,Exchange Rate API
2025-09-14,Singapore Dollar,S$,78.1696,Exchange Rate API
2025-09-13,Singapore Dollar,S$,78.2321,Exchange Rate API
2025-09-12,Singapore Dollar,S$,78.5203,Exchange Rate API
2025-09-11,Singapore Dollar,S$,78.491,Exchange Rate API
2025-09-10,Singapore Dollar,S$,78.128,Exchange Rate API
2025-09-09,Singapore Dollar,S$,78.4943,Exchange Rate API
2025-09-08,Singapore Dollar,S$,78.6672,Exchange Rate API
2025-09-07,Singapore Dollar,S$,78.924,Exchange Rate API
2025-09-06,Singapore Dollar,S$,78.506,Exchange Rate API
2025-09-05,Singapore Dollar,S$,78.0371,Exchange Rate API
2025-09-04,Singapore Dollar,S$,78.106,Exchange Rate API
2025-09-03,Singapore Dollar,S$,78.0621,Exchange Rate API
2025-09-02,Singapore Dollar,S$,78.2078,Exchange Rate API
2025-09-01,Singapore Dollar,S$,78.4476,Exchange Rate API
2025-08-31,Singapore Dollar,S$,78.7412,Exchange Rate API
2025-08-30,Singapore Dollar,S$,79.1832,Exchange Rate API
2025-08-29,Singapore Dollar,S$,79.5656,Exchange Rate API
2025-08-28,Singapore Dollar,S$,79.402,Exchange Rate API
2025-08-27,Singapore Dollar,S$,79.7443,Exchange Rate API
2025-08-26,Singapore Dollar,S$,79.9292,Exchange Rate API
2025-08-25,Singapore Dollar,S$,79.9356,Exchange Rate API
2025-08-24,Singapore Dollar,S$,80.2251,Exchange Rate API
2025-08-23,Singapore Dollar,S$,80.5561,Exchange Rate API
2025-08-22,Singapore Dollar,S$,81.0096,Exchange Rate API
2025-08-21,Singapore Dollar,S$,81.4861,Exchange Rate API
2025-08-20,Singapore Dollar,S$,81.4401,Exchange Rate API
2025-08-19,Singapore Dollar,S$,81.8819,Exchange Rate API
2025-08-18,Singapore Dollar,S$,81.9888,Exchange Rate API
2025-08-17,Singapore Dollar,S$,82.1659,Exchange Rate API
2025-08-16,Singapore Dollar,S$,81.9669,Exchange Rate API
2025-08-15,Singapore Dollar,S$,82.0711,Exchange Rate API
2025-08-14,Singapore Dollar,S$,82.4009,Exchange Rate API
2025-08-13,Singapore Dollar,S$,82.418,Exchange Rate API
2025-08-12,Singapore Dollar,S$,82.3247,Exchange Rate API
2025-08-11,Singapore Dollar,S$,82.7489,Exchange Rate API
2025-08-10,Singapore Dollar,S$,82.668,Exchange Rate API
2025-08-09,Singapore Dollar,S$,82.9119,Exchange Rate API
2025-08-08,Singapore Dollar,S$,83.088,Exchange Rate API
2025-08-07,Singapore Dollar,S$,83.426,Exchange Rate API
2025-08-06,Singapore Dollar,S$,83.6602,Exchange Rate API
2025-08-05,Singapore Dollar,S$,83.2577,Exchange Rate API
2025-08-04,Singapore Dollar,S$,83.6682,Exchange Rate API
2026-08-03,UAE Dirham,د.إ,25.997,Exchange Rate API
2026-08-02,UAE Dirham,د.إ,25.8683,Exchange Rate API
2026-08-01,UAE Dirham,د.إ,25.8396,Exchange Rate API
2026-07-31,UAE Dirham,د.إ,25.8516,Exchange Rate API
2026-07-30,UAE Dirham,د.إ,25.8499,Exchange Rate API
2026-07-29,UAE Dirham,د.إ,25.9901,Exchange Rate API
2026-07-28,UAE Dirham,د.إ,26.0621,Exchange Rate API
2026-07-27,UAE Dirham,د.إ,25.9931,Exchange Rate API
2026-07-26,UAE Dirham,د.إ,25.9694,Exchange Rate API
2026-07-25,UAE Dirham,د.إ,26.0775,Exchange Rate API
2026-07-24,UAE Dirham,د.إ,26.1965,Exchange Rate API
2026-07-23,UAE Dirham,د.إ,26.2637,Exchange Rate API
2026-07-22,UAE Dirham,د.إ,26.3266,Exchange Rate API
2026-07-21,UAE Dirham,د.إ,26.2959,Exchange Rate API
2026-07-20,UAE Dirham,د.إ,26.3236,Exchange Rate API
2026-07-19,UAE Dirham,د.إ,26.273,Exchange Rate API
2026-07-18,UAE Dirham,د.إ,26.1378,Exchange Rate API
2026-07-17,UAE Dirham,د.إ,26.2452,Exchange Rate API
2026-07-16,UAE Dirham,د.إ,26.1386,Exchange Rate API
2026-07-15,UAE Dirham,د.إ,26.2735,Exchange Rate API
2026-07-14,UAE Dirham,د.إ,26.1209,Exchange Rate API
2026-07-13,UAE Dirham,د.إ,26.2454,Exchange Rate API
2026-07-12,UAE Dirham,د.إ,26.2172,Exchange Rate API
2026-07-11,UAE Dirham,د.إ,26.214,Exchange Rate API
2026-07-10,UAE Dirham,د.إ,26.2577,Exchange Rate API
2026-07-09,UAE Dirham,د.إ,26.1309,Exchange Rate API
2026-07-08,UAE Dirham,د.إ,26.2573,Exchange Rate API
2026-07-07,UAE Dirham,د.إ,26.1858,Exchange Rate API
2026-07-06,UAE Dirham,د.إ,26.0836,Exchange Rate API
2026-07-05,UAE Dirham,د.إ,26.1364,Exchange Rate API
2026-07-04,UAE Dirham,د.إ,26.1455,Exchange Rate API
2026-07-03,UAE Dirham,د.إ,26.1021,Exchange Rate API
2026-07-02,UAE Dirham,د.إ,26.0671,Exchange Rate API
2026-07-01,UAE Dirham,د.إ,25.9907,Exchange Rate API
2026-06-30,UAE Dirham,د.إ,26.0464,Exchange Rate API
2026-06-29,UAE Dirham,د.إ,26.0376,Exchange Rate API
2026-06-28,UAE Dirham,د.إ,25.9403,Exchange Rate API
2026-06-27,UAE Dirham,د.إ,25.9919,Exchange Rate API
2026-06-26,UAE Dirham,د.إ,25.8826,Exchange Rate API
2026-06-25,UAE Dirham,د.إ,25.8436,Exchange Rate API
2026-06-24,UAE Dirham,د.إ,25.716,Exchange Rate API
2026-06-23,UAE Dirham,د.إ,25.6949,Exchange Rate API
2026-06-22,UAE Dirham,د.إ,25.7576,Exchange Rate API
2026-06-21,UAE Dirham,د.إ,25.624,Exchange Rate API
2026-06-20,UAE Dirham,د.إ,25.7344,Exchange Rate API
2026-06-19,UAE Dirham,د.إ,25.5934,Exchange Rate API
2026-06-18,UAE Dirham,د.إ,25.6922,Exchange Rate API
2026-06-17,UAE Dirham,د.إ,25.6481,Exchange Rate API
2026-06-16,UAE Dirham,د.إ,25.7435,Exchange Rate API
2026-06-15,UAE Dirham,د.إ,25.6286,Exchange Rate API
2026-06-14,UAE Dirham,د.إ,25.6632,Exchange Rate API
2026-06-13,UAE Dirham,د.إ,25.7898,Exchange Rate API
2026-06-12,UAE Dirham,د.إ,25.6608,Exchange Rate API
2026-06-11,UAE Dirham,د.إ,25.651,Exchange Rate API
2026-06-10,UAE Dirham,د.إ,25.7178,Exchange Rate API
2026-06-09,UAE Dirham,د.إ,25.7354,Exchange Rate API
2026-06-08,UAE Dirham,د.إ,25.6367,Exchange Rate API
2026-06-07,UAE Dirham,د.إ,25.7151,Exchange Rate API
2026-06-06,UAE Dirham,د.إ,25.6888,Exchange Rate API
2026-06-05,UAE Dirham,د.إ,25.6702,Exchange Rate API
2026-06-04,UAE Dirham,د.إ,25.7795,Exchange Rate API
2026-06-03,UAE Dirham,د.إ,25.8346,Exchange Rate API
2026-06-02,UAE Dirham,د.إ,25.9599,Exchange Rate API
2026-06-01,UAE Dirham,د.إ,25.9542,Exchange Rate API
2026-05-31,UAE Dirham,د.إ,25.9895,Exchange Rate API
2026-05-30,UAE Dirham,د.إ,26.1062,Exchange Rate API
2026-05-29,UAE Dirham,د.إ,26.09,Exchange Rate API
2026-05-28,UAE Dirham,د.إ,25.9801,Exchange Rate API
2026-05-27,UAE Dirham,د.إ,25.9164,Exchange Rate API
2026-05-26,UAE Dirham,د.إ,25.8872,Exchange Rate API
2026-05-25,UAE Dirham,د.إ,25.8657,Exchange Rate API
2026-05-24,UAE Dirham,د.إ,25.991,Exchange Rate API
2026-05-23,UAE Dirham,د.إ,25.9575,Exchange Rate API
2026-05-22,UAE Dirham,د.إ,25.9747,Exchange Rate API
2026-05-21,UAE Dirham,د.إ,25.8404,Exchange Rate API
2026-05-20,UAE Dirham,د.إ,25.8421,Exchange Rate API
2026-05-19,UAE Dirham,د.إ,25.9404,Exchange Rate API
2026-05-18,UAE Dirham,د.إ,25.816,Exchange Rate API
2026-05-17,UAE Dirham,د.إ,25.7265,Exchange Rate API
2026-05-16,UAE Dirham,د.إ,25.8536,Exchange Rate API
2026-05-15,UAE Dirham,د.إ,25.8787,Exchange Rate API
2026-05-14,UAE Dirham,د.إ,25.7396,Exchange Rate API
2026-05-13,UAE Dirham,د.إ,25.8257,Exchange Rate API
2026-05-12,UAE Dirham,د.إ,25.7662,Exchange Rate API
2026-05-11,UAE Dirham,د.إ,25.8488,Exchange Rate API
2026-05-10,UAE Dirham,د.إ,25.7289,Exchange Rate API
2026-05-09,UAE Dirham,د.إ,25.7344,Exchange Rate API
2026-05-08,UAE Dirham,د.إ,25.8348,Exchange Rate API
2026-05-07,UAE Dirham,د.إ,25.8118,Exchange Rate API
2026-05-06,UAE Dirham,د.إ,25.9603,Exchange Rate API
2026-05-05,UAE Dirham,د.إ,26.0385,Exchange Rate API
2026-05-04,UAE Dirham,د.إ,25.8978,Exchange Rate API
2026-05-03,UAE Dirham,د.إ,25.8946,Exchange Rate API
2026-05-02,UAE Dirham,د.إ,25.9477,Exchange Rate API
2026-05-01,UAE Dirham,د.إ,26.0556,Exchange Rate API
2026-04-30,UAE Dirham,د.إ,25.9597,Exchange Rate API
2026-04-29,UAE Dirham,د.إ,25.8926,Exchange Rate API
2026-04-28,UAE Dirham,د.إ,25.9912,Exchange Rate API
2026-04-27,UAE Dirham,د.إ,25.8842,Exchange Rate API
2026-04-26,UAE Dirham,د.إ,26.0388,Exchange Rate API
2026-04-25,UAE Dirham,د.إ,26.0612,Exchange Rate API
2026-04-24,UAE Dirham,د.إ,26.013,Exchange Rate API
2026-04-23,UAE Dirham,د.إ,25.9651,Exchange Rate API
2026-04-22,UAE Dirham,د.إ,25.8973,Exchange Rate API
2026-04-21,UAE Dirham,د.إ,25.9328,Exchange Rate API
2026-04-20,UAE Dirham,د.إ,25.9864,Exchange Rate API
2026-04-19,UAE Dirham,د.إ,26.0177,Exchange Rate API
2026-04-18,UAE Dirham,د.إ,26.1568,Exchange Rate API
2026-04-17,UAE Dirham,د.إ,26.1772,Exchange Rate API
2026-04-16,UAE Dirham,د.إ,26.0735,Exchange Rate API
2026-04-15,UAE Dirham,د.إ,26.0534,Exchange Rate API
2026-04-14,UAE Dirham,د.إ,26.1011,Exchange Rate API
2026-04-13,UAE Dirham,د.إ,26.2286,Exchange Rate API
2026-04-12,UAE Dirham,د.إ,26.3163,Exchange Rate API
2026-04-11,UAE Dirham,د.إ,26.3571,Exchange Rate API
2026-04-10,UAE Dirham,د.إ,26.4417,Exchange Rate API
2026-04-09,UAE Dirham,د.إ,26.3681,Exchange Rate API
2026-04-08,UAE Dirham,د.إ,26.3773,Exchange Rate API
2026-04-07,UAE Dirham,د.إ,26.5221,Exchange Rate API
2026-04-06,UAE Dirham,د.إ,26.6492,Exchange Rate API
2026-04-05,UAE Dirham,د.إ,26.5802,Exchange Rate API
2026-04-04,UAE Dirham,د.إ,26.6504,Exchange Rate API
2026-04-03,UAE Dirham,د.إ,26.5783,Exchange Rate API
2026-04-02,UAE Dirham,د.إ,26.6792,Exchange Rate API
2026-04-01,UAE Dirham,د.إ,26.8388,Exchange Rate API
2026-03-31,UAE Dirham,د.إ,26.8736,Exchange Rate API
2026-03-30,UAE Dirham,د.إ,26.7576,Exchange Rate API
2026-03-29,UAE Dirham,د.إ,26.8962,Exchange Rate API
2026-03-28,UAE Dirham,د.إ,26.7408,Exchange Rate API
2026-03-27,UAE Dirham,د.إ,26.8676,Exchange Rate API
2026-03-26,UAE Dirham,د.إ,26.7584,Exchange Rate API
2026-03-25,UAE Dirham,د.إ,26.8831,Exchange Rate API
2026-03-24,UAE Dirham,د.إ,26.9012,Exchange Rate API
2026-03-23,UAE Dirham,د.إ,26.9802,Exchange Rate API
2026-03-22,UAE Dirham,د.إ,27.0908,Exchange Rate API
2026-03-21,UAE Dirham,د.إ,26.9454,Exchange Rate API
2026-03-20,UAE Dirham,د.إ,27.0959,Exchange Rate API
2026-03-19,UAE Dirham,د.إ,26.9856,Exchange Rate API
2026-03-18,UAE Dirham,د.إ,26.9869,Exchange Rate API
2026-03-17,UAE Dirham,د.إ,26.9841,Exchange Rate API
2026-03-16,UAE Dirham,د.إ,26.9803,Exchange Rate API
2026-03-15,UAE Dirham,د.إ,27.0118,Exchange Rate API
2026-03-14,UAE Dirham,د.إ,27.0426,Exchange Rate API
2026-03-13,UAE Dirham,د.إ,27.0115,Exchange Rate API
2026-03-12,UAE Dirham,د.إ,27.0424,Exchange Rate API
2026-03-11,UAE Dirham,د.إ,26.9056,Exchange Rate API
2026-03-10,UAE Dirham,د.إ,27.0126,Exchange Rate API
2026-03-09,UAE Dirham,د.إ,27.1497,Exchange Rate API
2026-03-08,UAE Dirham,د.إ,27.0973,Exchange Rate API
2026-03-07,UAE Dirham,د.إ,26.9712,Exchange Rate API
2026-03-06,UAE Dirham,د.إ,27.0021,Exchange Rate API
2026-03-05,UAE Dirham,د.إ,26.9039,Exchange Rate API
2026-03-04,UAE Dirham,د.إ,26.8672,Exchange Rate API
2026-03-03,UAE Dirham,د.إ,26.9534,Exchange Rate API
2026-03-02,UAE Dirham,د.إ,26.8076,Exchange Rate API
2026-03-01,UAE Dirham,د.إ,26.9647,Exchange Rate API
2026-02-28,UAE Dirham,د.إ,27.0491,Exchange Rate API
2026-02-27,UAE Dirham,د.إ,27.1559,Exchange Rate API
2026-02-26,UAE Dirham,د.إ,27.2208,Exchange Rate API
2026-02-25,UAE Dirham,د.إ,27.1763,Exchange Rate API
2026-02-24,UAE Dirham,د.إ,27.2896,Exchange Rate API
2026-02-23,UAE Dirham,د.إ,27.2126,Exchange Rate API
2026-02-22,UAE Dirham,د.إ,27.1877,Exchange Rate API
2026-02-21,UAE Dirham,د.إ,27.1416,Exchange Rate API
2026-02-20,UAE Dirham,د.إ,27.2711,Exchange Rate API
2026-02-19,UAE Dirham,د.إ,27.2821,Exchange Rate API
2026-02-18,UAE Dirham,د.إ,27.3695,Exchange Rate API
2026-02-17,UAE Dirham,د.إ,27.2208,Exchange Rate API
2026-02-16,UAE Dirham,د.إ,27.1076,Exchange Rate API
2026-02-15,UAE Dirham,د.إ,27.1441,Exchange Rate API
2026-02-14,UAE Dirham,د.إ,27.0522,Exchange Rate API
2026-02-13,UAE Dirham,د.إ,27.1181,Exchange Rate API
2026-02-12,UAE Dirham,د.إ,27.0186,Exchange Rate API
2026-02-11,UAE Dirham,د.إ,27.153,Exchange Rate API
2026-02-10,UAE Dirham,د.إ,27.0764,Exchange Rate API
2026-02-09,UAE Dirham,د.إ,27.0914,Exchange Rate API
2026-02-08,UAE Dirham,د.إ,27.224,Exchange Rate API
2026-02-07,UAE Dirham,د.إ,27.1972,Exchange Rate API
2026-02-06,UAE Dirham,د.إ,27.1998,Exchange Rate API
2026-02-05,UAE Dirham,د.إ,27.1501,Exchange Rate API
2026-02-04,UAE Dirham,د.إ,27.1614,Exchange Rate API
2026-02-03,UAE Dirham,د.إ,27.2786,Exchange Rate API
2026-02-02,UAE Dirham,د.إ,27.3176,Exchange Rate API
2026-02-01,UAE Dirham,د.إ,27.2744,Exchange Rate API
2026-01-31,UAE Dirham,د.إ,27.2233,Exchange Rate API
2026-01-30,UAE Dirham,د.إ,27.3256,Exchange Rate API
2026-01-29,UAE Dirham,د.إ,27.3176,Exchange Rate API
2026-01-28,UAE Dirham,د.إ,27.4367,Exchange Rate API
2026-01-27,UAE Dirham,د.إ,27.279,Exchange Rate API
2026-01-26,UAE Dirham,د.إ,27.4066,Exchange Rate API
2026-01-25,UAE Dirham,د.إ,27.4139,Exchange Rate API
2026-01-24,UAE Dirham,د.إ,27.4953,Exchange Rate API
2026-01-23,UAE Dirham,د.إ,27.3495,Exchange Rate API
2026-01-22,UAE Dirham,د.إ,27.4975,Exchange Rate API
2026-01-21,UAE Dirham,د.إ,27.6374,Exchange Rate API
2026-01-20,UAE Dirham,د.إ,27.5432,Exchange Rate API
2026-01-19,UAE Dirham,د.إ,27.493,Exchange Rate API
2026-01-18,UAE Dirham,د.إ,27.6012,Exchange Rate API
2026-01-17,UAE Dirham,د.إ,27.5445,Exchange Rate API
2026-01-16,UAE Dirham,د.إ,27.4791,Exchange Rate API
2026-01-15,UAE Dirham,د.إ,27.4393,Exchange Rate API
2026-01-14,UAE Dirham,د.إ,27.4075,Exchange Rate API
2026-01-13,UAE Dirham,د.إ,27.4958,Exchange Rate API
2026-01-12,UAE Dirham,د.إ,27.6458,Exchange Rate API
2026-01-11,UAE Dirham,د.إ,27.5497,Exchange Rate API
2026-01-10,UAE Dirham,د.إ,27.4302,Exchange Rate API
2026-01-09,UAE Dirham,د.إ,27.5402,Exchange Rate API
2026-01-08,UAE Dirham,د.إ,27.509,Exchange Rate API
2026-01-07,UAE Dirham,د.إ,27.6055,Exchange Rate API
2026-01-06,UAE Dirham,د.إ,27.6743,Exchange Rate API
2026-01-05,UAE Dirham,د.إ,27.5856,Exchange Rate API
2026-01-04,UAE Dirham,د.إ,27.5146,Exchange Rate API
2026-01-03,UAE Dirham,د.إ,27.5099,Exchange Rate API
2026-01-02,UAE Dirham,د.إ,27.6182,Exchange Rate API
2026-01-01,UAE Dirham,د.إ,27.6613,Exchange Rate API
2025-12-31,UAE Dirham,د.إ,27.5879,Exchange Rate API
2025-12-30,UAE Dirham,د.إ,27.5116,Exchange Rate API
2025-12-29,UAE Dirham,د.إ,27.6069,Exchange Rate API
2025-12-28,UAE Dirham,د.إ,27.4568,Exchange Rate API
2025-12-27,UAE Dirham,د.إ,27.5361,Exchange Rate API
2025-12-26,UAE Dirham,د.إ,27.4731,Exchange Rate API
2025-12-25,UAE Dirham,د.إ,27.4069,Exchange Rate API
2025-12-24,UAE Dirham,د.إ,27.2972,Exchange Rate API
2025-12-23,UAE Dirham,د.إ,27.2568,Exchange Rate API
2025-12-22,UAE Dirham,د.إ,27.3422,Exchange Rate API
2025-12-21,UAE Dirham,د.إ,27.4066,Exchange Rate API
2025-12-20,UAE Dirham,د.إ,27.3025,Exchange Rate API
2025-12-19,UAE Dirham,د.إ,27.2754,Exchange Rate API
2025-12-18,UAE Dirham,د.إ,27.1478,Exchange Rate API
2025-12-17,UAE Dirham,د.إ,27.2476,Exchange Rate API
2025-12-16,UAE Dirham,د.إ,27.2814,Exchange Rate API
2025-12-15,UAE Dirham,د.إ,27.3887,Exchange Rate API
2025-12-14,UAE Dirham,د.إ,27.4038,Exchange Rate API
2025-12-13,UAE Dirham,د.إ,27.4222,Exchange Rate API
2025-12-12,UAE Dirham,د.إ,27.2853,Exchange Rate API
2025-12-11,UAE Dirham,د.إ,27.3928,Exchange Rate API
2025-12-10,UAE Dirham,د.إ,27.5494,Exchange Rate API
2025-12-09,UAE Dirham,د.إ,27.6151,Exchange Rate API
2025-12-08,UAE Dirham,د.إ,27.6626,Exchange Rate API
2025-12-07,UAE Dirham,د.إ,27.5009,Exchange Rate API
2025-12-06,UAE Dirham,د.إ,27.4358,Exchange Rate API
2025-12-05,UAE Dirham,د.إ,27.5866,Exchange Rate API
2025-12-04,UAE Dirham,د.إ,27.6853,Exchange Rate API
2025-12-03,UAE Dirham,د.إ,27.661,Exchange Rate API
2025-12-02,UAE Dirham,د.إ,27.8053,Exchange Rate API
2025-12-01,UAE Dirham,د.إ,27.8602,Exchange Rate API
2025-11-30,UAE Dirham,د.إ,27.9274,Exchange Rate API
2025-11-29,UAE Dirham,د.إ,28.037,Exchange Rate API
2025-11-28,UAE Dirham,د.إ,28.1012,Exchange Rate API
2025-11-27,UAE Dirham,د.إ,28.114,Exchange Rate API
2025-11-26,UAE Dirham,د.إ,27.9766,Exchange Rate API
2025-11-25,UAE Dirham,د.إ,28.0534,Exchange Rate API
2025-11-24,UAE Dirham,د.إ,27.9696,Exchange Rate API
2025-11-23,UAE Dirham,د.إ,28.0061,Exchange Rate API
2025-11-22,UAE Dirham,د.إ,27.9127,Exchange Rate API
2025-11-21,UAE Dirham,د.إ,27.9487,Exchange Rate API
2025-11-20,UAE Dirham,د.إ,27.7949,Exchange Rate API
2025-11-19,UAE Dirham,د.إ,27.9185,Exchange Rate API
2025-11-18,UAE Dirham,د.إ,27.8236,Exchange Rate API
2025-11-17,UAE Dirham,د.إ,27.9443,Exchange Rate API
2025-11-16,UAE Dirham,د.إ,27.8795,Exchange Rate API
2025-11-15,UAE Dirham,د.إ,27.8858,Exchange Rate API
2025-11-14,UAE Dirham,د.إ,27.9171,Exchange Rate API
2025-11-13,UAE Dirham,د.إ,27.876,Exchange Rate API
2025-11-12,UAE Dirham,د.إ,27.7566,Exchange Rate API
2025-11-11,UAE Dirham,د.إ,27.7822,Exchange Rate API
2025-11-10,UAE Dirham,د.إ,27.725,Exchange Rate API
2025-11-09,UAE Dirham,د.إ,27.7752,Exchange Rate API
2025-11-08,UAE Dirham,د.إ,27.9289,Exchange Rate API
2025-11-07,UAE Dirham,د.إ,27.7638,Exchange Rate API
2025-11-06,UAE Dirham,د.إ,27.7585,Exchange Rate API
2025-11-05,UAE Dirham,د.إ,27.6595,Exchange Rate API
2025-11-04,UAE Dirham,د.إ,27.7627,Exchange Rate API
2025-11-03,UAE Dirham,د.إ,27.8556,Exchange Rate API
2025-11-02,UAE Dirham,د.إ,27.8949,Exchange Rate API
2025-11-01,UAE Dirham,د.إ,28.0485,Exchange Rate API
2025-10-31,UAE Dirham,د.إ,28.1615,Exchange Rate API
2025-10-30,UAE Dirham,د.إ,28.2025,Exchange Rate API
2025-10-29,UAE Dirham,د.إ,28.0927,Exchange Rate API
2025-10-28,UAE Dirham,د.إ,28.1866,Exchange Rate API
2025-10-27,UAE Dirham,د.إ,28.1806,Exchange Rate API
2025-10-26,UAE Dirham,د.إ,28.2329,Exchange Rate API
2025-10-25,UAE Dirham,د.إ,28.2586,Exchange Rate API
2025-10-24,UAE Dirham,د.إ,28.2695,Exchange Rate API
2025-10-23,UAE Dirham,د.إ,28.228,Exchange Rate API
2025-10-22,UAE Dirham,د.إ,28.3729,Exchange Rate API
2025-10-21,UAE Dirham,د.إ,28.3391,Exchange Rate API
2025-10-20,UAE Dirham,د.إ,28.3041,Exchange Rate API
2025-10-19,UAE Dirham,د.إ,28.2991,Exchange Rate API
2025-10-18,UAE Dirham,د.إ,28.4566,Exchange Rate API
2025-10-17,UAE Dirham,د.إ,28.5432,Exchange Rate API
2025-10-16,UAE Dirham,د.إ,28.6496,Exchange Rate API
2025-10-15,UAE Dirham,د.إ,28.6098,Exchange Rate API
2025-10-14,UAE Dirham,د.إ,28.4666,Exchange Rate API
2025-10-13,UAE Dirham,د.إ,28.5639,Exchange Rate API
2025-10-12,UAE Dirham,د.إ,28.5172,Exchange Rate API
2025-10-11,UAE Dirham,د.إ,28.5821,Exchange Rate API
2025-10-10,UAE Dirham,د.إ,28.509,Exchange Rate API
2025-10-09,UAE Dirham,د.إ,28.3844,Exchange Rate API
2025-10-08,UAE Dirham,د.إ,28.4956,Exchange Rate API
2025-10-07,UAE Dirham,د.إ,28.4855,Exchange Rate API
2025-10-06,UAE Dirham,د.إ,28.5243,Exchange Rate API
2025-10-05,UAE Dirham,د.إ,28.4665,Exchange Rate API
2025-10-04,UAE Dirham,د.إ,28.4657,Exchange Rate API
2025-10-03,UAE Dirham,د.إ,28.5029,Exchange Rate API
2025-10-02,UAE Dirham,د.إ,28.4969,Exchange Rate API
2025-10-01,UAE Dirham,د.إ,28.3524,Exchange Rate API
2025-09-30,UAE Dirham,د.إ,28.4352,Exchange Rate API
2025-09-29,UAE Dirham,د.إ,28.3733,Exchange Rate API
2025-09-28,UAE Dirham,د.إ,28.2358,Exchange Rate API
2025-09-27,UAE Dirham,د.إ,28.145,Exchange Rate API
2025-09-26,UAE Dirham,د.إ,28.1979,Exchange Rate API
2025-09-25,UAE Dirham,د.إ,28.2955,Exchange Rate API
2025-09-24,UAE Dirham,د.إ,28.369,Exchange Rate API
2025-09-23,UAE Dirham,د.إ,28.2779,Exchange Rate API
2025-09-22,UAE Dirham,د.إ,28.2709,Exchange Rate API
2025-09-21,UAE Dirham,د.إ,28.109,Exchange Rate API
2025-09-20,UAE Dirham,د.إ,28.2458,Exchange Rate API
2025-09-19,UAE Dirham,د.إ,28.266,Exchange Rate API
2025-09-18,UAE Dirham,د.إ,28.1669,Exchange Rate API
2025-09-17,UAE Dirham,د.إ,28.2221,Exchange Rate API
2025-09-16,UAE Dirham,د.إ,28.1768,Exchange Rate API
2025-09-15,UAE Dirham,د.إ,28.1994,Exchange Rate API
2025-09-14,UAE Dirham,د.إ,28.1284,Exchange Rate API
2025-09-13,UAE Dirham,د.إ,28.2586,Exchange Rate API
2025-09-12,UAE Dirham,د.إ,28.2861,Exchange Rate API
2025-09-11,UAE Dirham,د.إ,28.2676,Exchange Rate API
2025-09-10,UAE Dirham,د.إ,28.3524,Exchange Rate API
2025-09-09,UAE Dirham,د.إ,28.2196,Exchange Rate API
2025-09-08,UAE Dirham,د.إ,28.1205,Exchange Rate API
2025-09-07,UAE Dirham,د.إ,27.9996,Exchange Rate API
2025-09-06,UAE Dirham,د.إ,28.0629,Exchange Rate API
2025-09-05,UAE Dirham,د.إ,28.1568,Exchange Rate API
2025-09-04,UAE Dirham,د.إ,27.9991,Exchange Rate API
2025-09-03,UAE Dirham,د.إ,27.923,Exchange Rate API
2025-09-02,UAE Dirham,د.إ,27.7611,Exchange Rate API
2025-09-01,UAE Dirham,د.إ,27.9054,Exchange Rate API
2025-08-31,UAE Dirham,د.إ,27.8518,Exchange Rate API
2025-08-30,UAE Dirham,د.إ,27.752,Exchange Rate API
2025-08-29,UAE Dirham,د.إ,27.8573,Exchange Rate API
2025-08-28,UAE Dirham,د.إ,27.7691,Exchange Rate API
2025-08-27,UAE Dirham,د.إ,27.8787,Exchange Rate API
2025-08-26,UAE Dirham,د.إ,28.0014,Exchange Rate API
2025-08-25,UAE Dirham,د.إ,27.9343,Exchange Rate API
2025-08-24,UAE Dirham,د.إ,28.0932,Exchange Rate API
2025-08-23,UAE Dirham,د.إ,28.0189,Exchange Rate API
2025-08-22,UAE Dirham,د.إ,27.8536,Exchange Rate API
2025-08-21,UAE Dirham,د.إ,27.9274,Exchange Rate API
2025-08-20,UAE Dirham,د.إ,28.0406,Exchange Rate API
2025-08-19,UAE Dirham,د.إ,27.8858,Exchange Rate API
2025-08-18,UAE Dirham,د.إ,27.7652,Exchange Rate API
2025-08-17,UAE Dirham,د.إ,27.8227,Exchange Rate API
2025-08-16,UAE Dirham,د.إ,27.7451,Exchange Rate API
2025-08-15,UAE Dirham,د.إ,27.8427,Exchange Rate API
2025-08-14,UAE Dirham,د.إ,27.832,Exchange Rate API
2025-08-13,UAE Dirham,د.إ,27.7345,Exchange Rate API
2025-08-12,UAE Dirham,د.إ,27.6489,Exchange Rate API
2025-08-11,UAE Dirham,د.إ,27.745,Exchange Rate API
2025-08-10,UAE Dirham,د.إ,27.5854,Exchange Rate API
2025-08-09,UAE Dirham,د.إ,27.6579,Exchange Rate API
2025-08-08,UAE Dirham,د.إ,27.7568,Exchange Rate API
2025-08-07,UAE Dirham,د.إ,27.7982,Exchange Rate API
2025-08-06,UAE Dirham,د.إ,27.6973,Exchange Rate API
2025-08-05,UAE Dirham,د.إ,27.7704,Exchange Rate API
2025-08-04,UAE Dirham,د.إ,27.6203,Exchange Rate API
2026-08-03,Chinese Yuan,¥,14.1713,Exchange Rate API
2026-08-02,Chinese Yuan,¥,14.1406,Exchange Rate API
2026-08-01,Chinese Yuan,¥,14.1507,Exchange Rate API
2026-07-31,Chinese Yuan,¥,14.1418,Exchange Rate API
2026-07-30,Chinese Yuan,¥,14.1965,Exchange Rate API
2026-07-29,Chinese Yuan,¥,14.1717,Exchange Rate API
2026-07-28,Chinese Yuan,¥,14.1756,Exchange Rate API
2026-07-27,Chinese Yuan,¥,14.25,Exchange Rate API
2026-07-26,Chinese Yuan,¥,14.1713,Exchange Rate API
2026-07-25,Chinese Yuan,¥,14.1168,Exchange Rate API
2026-07-24,Chinese Yuan,¥,14.1596,Exchange Rate API
2026-07-23,Chinese Yuan,¥,14.1527,Exchange Rate API
2026-07-22,Chinese Yuan,¥,14.1571,Exchange Rate API
2026-07-21,Chinese Yuan,¥,14.1304,Exchange Rate API
2026-07-20,Chinese Yuan,¥,14.1685,Exchange Rate API
2026-07-19,Chinese Yuan,¥,14.175,Exchange Rate API
2026-07-18,Chinese Yuan,¥,14.1807,Exchange Rate API
2026-07-17,Chinese Yuan,¥,14.1756,Exchange Rate API
2026-07-16,Chinese Yuan,¥,14.1268,Exchange Rate API
2026-07-15,Chinese Yuan,¥,14.1046,Exchange Rate API
2026-07-14,Chinese Yuan,¥,14.1028,Exchange Rate API
2026-07-13,Chinese Yuan,¥,14.1519,Exchange Rate API
2026-07-12,Chinese Yuan,¥,14.2308,Exchange Rate API
2026-07-11,Chinese Yuan,¥,14.2278,Exchange Rate API
2026-07-10,Chinese Yuan,¥,14.2574,Exchange Rate API
2026-07-09,Chinese Yuan,¥,14.3034,Exchange Rate API
2026-07-08,Chinese Yuan,¥,14.2423,Exchange Rate API
2026-07-07,Chinese Yuan,¥,14.1907,Exchange Rate API
2026-07-06,Chinese Yuan,¥,14.2689,Exchange Rate API
2026-07-05,Chinese Yuan,¥,14.2552,Exchange Rate API
2026-07-04,Chinese Yuan,¥,14.2766,Exchange Rate API
2026-07-03,Chinese Yuan,¥,14.3468,Exchange Rate API
2026-07-02,Chinese Yuan,¥,14.3225,Exchange Rate API
2026-07-01,Chinese Yuan,¥,14.2825,Exchange Rate API
2026-06-30,Chinese Yuan,¥,14.3005,Exchange Rate API
2026-06-29,Chinese Yuan,¥,14.2506,Exchange Rate API
2026-06-28,Chinese Yuan,¥,14.3086,Exchange Rate API
2026-06-27,Chinese Yuan,¥,14.3576,Exchange Rate API
2026-06-26,Chinese Yuan,¥,14.2881,Exchange Rate API
2026-06-25,Chinese Yuan,¥,14.227,Exchange Rate API
2026-06-24,Chinese Yuan,¥,14.1648,Exchange Rate API
2026-06-23,Chinese Yuan,¥,14.1339,Exchange Rate API
2026-06-22,Chinese Yuan,¥,14.0652,Exchange Rate API
2026-06-21,Chinese Yuan,¥,14.0061,Exchange Rate API
2026-06-20,Chinese Yuan,¥,13.9251,Exchange Rate API
2026-06-19,Chinese Yuan,¥,13.8717,Exchange Rate API
2026-06-18,Chinese Yuan,¥,13.9531,Exchange Rate API
2026-06-17,Chinese Yuan,¥,13.8972,Exchange Rate API
2026-06-16,Chinese Yuan,¥,13.859,Exchange Rate API
2026-06-15,Chinese Yuan,¥,13.8273,Exchange Rate API
2026-06-14,Chinese Yuan,¥,13.8016,Exchange Rate API
2026-06-13,Chinese Yuan,¥,13.7652,Exchange Rate API
2026-06-12,Chinese Yuan,¥,13.7934,Exchange Rate API
2026-06-11,Chinese Yuan,¥,13.8529,Exchange Rate API
2026-06-10,Chinese Yuan,¥,13.8469,Exchange Rate API
2026-06-09,Chinese Yuan,¥,13.9145,Exchange Rate API
2026-06-08,Chinese Yuan,¥,13.9783,Exchange Rate API
2026-06-07,Chinese Yuan,¥,13.9362,Exchange Rate API
2026-06-06,Chinese Yuan,¥,13.9177,Exchange Rate API
2026-06-05,Chinese Yuan,¥,13.9413,Exchange Rate API
2026-06-04,Chinese Yuan,¥,13.9807,Exchange Rate API
2026-06-03,Chinese Yuan,¥,13.9968,Exchange Rate API
2026-06-02,Chinese Yuan,¥,14.0024,Exchange Rate API
2026-06-01,Chinese Yuan,¥,13.9227,Exchange Rate API
2026-05-31,Chinese Yuan,¥,13.9677,Exchange Rate API
2026-05-30,Chinese Yuan,¥,13.9812,Exchange Rate API
2026-05-29,Chinese Yuan,¥,13.9122,Exchange Rate API
2026-05-28,Chinese Yuan,¥,13.989,Exchange Rate API
2026-05-27,Chinese Yuan,¥,14.0548,Exchange Rate API
2026-05-26,Chinese Yuan,¥,14.0913,Exchange Rate API
2026-05-25,Chinese Yuan,¥,14.0187,Exchange Rate API
2026-05-24,Chinese Yuan,¥,14.0126,Exchange Rate API
2026-05-23,Chinese Yuan,¥,14.0703,Exchange Rate API
2026-05-22,Chinese Yuan,¥,14.0345,Exchange Rate API
2026-05-21,Chinese Yuan,¥,14.0925,Exchange Rate API
2026-05-20,Chinese Yuan,¥,14.1626,Exchange Rate API
2026-05-19,Chinese Yuan,¥,14.2353,Exchange Rate API
2026-05-18,Chinese Yuan,¥,14.2538,Exchange Rate API
2026-05-17,Chinese Yuan,¥,14.1781,Exchange Rate API
2026-05-16,Chinese Yuan,¥,14.2114,Exchange Rate API
2026-05-15,Chinese Yuan,¥,14.1914,Exchange Rate API
2026-05-14,Chinese Yuan,¥,14.1297,Exchange Rate API
2026-05-13,Chinese Yuan,¥,14.0881,Exchange Rate API
2026-05-12,Chinese Yuan,¥,14.0529,Exchange Rate API
2026-05-11,Chinese Yuan,¥,14.1232,Exchange Rate API
2026-05-10,Chinese Yuan,¥,14.1142,Exchange Rate API
2026-05-09,Chinese Yuan,¥,14.0713,Exchange Rate API
2026-05-08,Chinese Yuan,¥,14.1528,Exchange Rate API
2026-05-07,Chinese Yuan,¥,14.2368,Exchange Rate API
2026-05-06,Chinese Yuan,¥,14.2351,Exchange Rate API
2026-05-05,Chinese Yuan,¥,14.1761,Exchange Rate API
2026-05-04,Chinese Yuan,¥,14.1189,Exchange Rate API
2026-05-03,Chinese Yuan,¥,14.1009,Exchange Rate API
2026-05-02,Chinese Yuan,¥,14.0386,Exchange Rate API
2026-05-01,Chinese Yuan,¥,14.0066,Exchange Rate API
2026-04-30,Chinese Yuan,¥,14.031,Exchange Rate API
2026-04-29,Chinese Yuan,¥,14.0672,Exchange Rate API
2026-04-28,Chinese Yuan,¥,14.1377,Exchange Rate API
2026-04-27,Chinese Yuan,¥,14.1124,Exchange Rate API
2026-04-26,Chinese Yuan,¥,14.1646,Exchange Rate API
2026-04-25,Chinese Yuan,¥,14.0798,Exchange Rate API
2026-04-24,Chinese Yuan,¥,14.1321,Exchange Rate API
2026-04-23,Chinese Yuan,¥,14.1967,Exchange Rate API
2026-04-22,Chinese Yuan,¥,14.1658,Exchange Rate API
2026-04-21,Chinese Yuan,¥,14.1331,Exchange Rate API
2026-04-20,Chinese Yuan,¥,14.2065,Exchange Rate API
2026-04-19,Chinese Yuan,¥,14.2516,Exchange Rate API
2026-04-18,Chinese Yuan,¥,14.289,Exchange Rate API
2026-04-17,Chinese Yuan,¥,14.3469,Exchange Rate API
2026-04-16,Chinese Yuan,¥,14.3278,Exchange Rate API
2026-04-15,Chinese Yuan,¥,14.3129,Exchange Rate API
2026-04-14,Chinese Yuan,¥,14.3748,Exchange Rate API
2026-04-13,Chinese Yuan,¥,14.349,Exchange Rate API
2026-04-12,Chinese Yuan,¥,14.4098,Exchange Rate API
2026-04-11,Chinese Yuan,¥,14.4832,Exchange Rate API
2026-04-10,Chinese Yuan,¥,14.4521,Exchange Rate API
2026-04-09,Chinese Yuan,¥,14.4466,Exchange Rate API
2026-04-08,Chinese Yuan,¥,14.522,Exchange Rate API
2026-04-07,Chinese Yuan,¥,14.506,Exchange Rate API
2026-04-06,Chinese Yuan,¥,14.4662,Exchange Rate API
2026-04-05,Chinese Yuan,¥,14.5379,Exchange Rate API
2026-04-04,Chinese Yuan,¥,14.5566,Exchange Rate API
2026-04-03,Chinese Yuan,¥,14.5895,Exchange Rate API
2026-04-02,Chinese Yuan,¥,14.5229,Exchange Rate API
2026-04-01,Chinese Yuan,¥,14.4896,Exchange Rate API
2026-03-31,Chinese Yuan,¥,14.4752,Exchange Rate API
2026-03-30,Chinese Yuan,¥,14.4828,Exchange Rate API
2026-03-29,Chinese Yuan,¥,14.428,Exchange Rate API
2026-03-28,Chinese Yuan,¥,14.3638,Exchange Rate API
2026-03-27,Chinese Yuan,¥,14.3301,Exchange Rate API
2026-03-26,Chinese Yuan,¥,14.256,Exchange Rate API
2026-03-25,Chinese Yuan,¥,14.2473,Exchange Rate API
2026-03-24,Chinese Yuan,¥,14.1677,Exchange Rate API
2026-03-23,Chinese Yuan,¥,14.1476,Exchange Rate API
2026-03-22,Chinese Yuan,¥,14.0975,Exchange Rate API
2026-03-21,Chinese Yuan,¥,14.0809,Exchange Rate API
2026-03-20,Chinese Yuan,¥,14.1382,Exchange Rate API
2026-03-19,Chinese Yuan,¥,14.086,Exchange Rate API
2026-03-18,Chinese Yuan,¥,14.1107,Exchange Rate API
2026-03-17,Chinese Yuan,¥,14.0859,Exchange Rate API
2026-03-16,Chinese Yuan,¥,14.1006,Exchange Rate API
2026-03-15,Chinese Yuan,¥,14.1521,Exchange Rate API
2026-03-14,Chinese Yuan,¥,14.1372,Exchange Rate API
2026-03-13,Chinese Yuan,¥,14.1399,Exchange Rate API
2026-03-12,Chinese Yuan,¥,14.1682,Exchange Rate API
2026-03-11,Chinese Yuan,¥,14.2472,Exchange Rate API
2026-03-10,Chinese Yuan,¥,14.2236,Exchange Rate API
2026-03-09,Chinese Yuan,¥,14.216,Exchange Rate API
2026-03-08,Chinese Yuan,¥,14.2872,Exchange Rate API
2026-03-07,Chinese Yuan,¥,14.3136,Exchange Rate API
2026-03-06,Chinese Yuan,¥,14.3432,Exchange Rate API
2026-03-05,Chinese Yuan,¥,14.3275,Exchange Rate API
2026-03-04,Chinese Yuan,¥,14.4032,Exchange Rate API
2026-03-03,Chinese Yuan,¥,14.3706,Exchange Rate API
2026-03-02,Chinese Yuan,¥,14.3791,Exchange Rate API
2026-03-01,Chinese Yuan,¥,14.3731,Exchange Rate API
2026-02-28,Chinese Yuan,¥,14.3062,Exchange Rate API
2026-02-27,Chinese Yuan,¥,14.23,Exchange Rate API
2026-02-26,Chinese Yuan,¥,14.2209,Exchange Rate API
2026-02-25,Chinese Yuan,¥,14.167,Exchange Rate API
2026-02-24,Chinese Yuan,¥,14.1639,Exchange Rate API
2026-02-23,Chinese Yuan,¥,14.1352,Exchange Rate API
2026-02-22,Chinese Yuan,¥,14.0792,Exchange Rate API
2026-02-21,Chinese Yuan,¥,14.1577,Exchange Rate API
2026-02-20,Chinese Yuan,¥,14.2208,Exchange Rate API
2026-02-19,Chinese Yuan,¥,14.2649,Exchange Rate API
2026-02-18,Chinese Yuan,¥,14.2609,Exchange Rate API
2026-02-17,Chinese Yuan,¥,14.2942,Exchange Rate API
2026-02-16,Chinese Yuan,¥,14.3501,Exchange Rate API
2026-02-15,Chinese Yuan,¥,14.3966,Exchange Rate API
2026-02-14,Chinese Yuan,¥,14.4223,Exchange Rate API
2026-02-13,Chinese Yuan,¥,14.4776,Exchange Rate API
2026-02-12,Chinese Yuan,¥,14.5531,Exchange Rate API
2026-02-11,Chinese Yuan,¥,14.5586,Exchange Rate API
2026-02-10,Chinese Yuan,¥,14.6028,Exchange Rate API
2026-02-09,Chinese Yuan,¥,14.6289,Exchange Rate API
2026-02-08,Chinese Yuan,¥,14.6889,Exchange Rate API
2026-02-07,Chinese Yuan,¥,14.748,Exchange Rate API
2026-02-06,Chinese Yuan,¥,14.8135,Exchange Rate API
2026-02-05,Chinese Yuan,¥,14.7848,Exchange Rate API
2026-02-04,Chinese Yuan,¥,14.735,Exchange Rate API
2026-02-03,Chinese Yuan,¥,14.7322,Exchange Rate API
2026-02-02,Chinese Yuan,¥,14.6643,Exchange Rate API
2026-02-01,Chinese Yuan,¥,14.5871,Exchange Rate API
2026-01-31,Chinese Yuan,¥,14.6658,Exchange Rate API
2026-01-30,Chinese Yuan,¥,14.6922,Exchange Rate API
2026-01-29,Chinese Yuan,¥,14.7487,Exchange Rate API
2026-01-28,Chinese Yuan,¥,14.7038,Exchange Rate API
2026-01-27,Chinese Yuan,¥,14.7882,Exchange Rate API
2026-01-26,Chinese Yuan,¥,14.7467,Exchange Rate API
2026-01-25,Chinese Yuan,¥,14.8216,Exchange Rate API
2026-01-24,Chinese Yuan,¥,14.7515,Exchange Rate API
2026-01-23,Chinese Yuan,¥,14.7254,Exchange Rate API
2026-01-22,Chinese Yuan,¥,14.6814,Exchange Rate API
2026-01-21,Chinese Yuan,¥,14.7619,Exchange Rate API
2026-01-20,Chinese Yuan,¥,14.7336,Exchange Rate API
2026-01-19,Chinese Yuan,¥,14.7428,Exchange Rate API
2026-01-18,Chinese Yuan,¥,14.7132,Exchange Rate API
2026-01-17,Chinese Yuan,¥,14.6817,Exchange Rate API
2026-01-16,Chinese Yuan,¥,14.6946,Exchange Rate API
2026-01-15,Chinese Yuan,¥,14.7104,Exchange Rate API
2026-01-14,Chinese Yuan,¥,14.7238,Exchange Rate API
2026-01-13,Chinese Yuan,¥,14.7965,Exchange Rate API
2026-01-12,Chinese Yuan,¥,14.7973,Exchange Rate API
2026-01-11,Chinese Yuan,¥,14.7107,Exchange Rate API
2026-01-10,Chinese Yuan,¥,14.6285,Exchange Rate API
2026-01-09,Chinese Yuan,¥,14.547,Exchange Rate API
2026-01-08,Chinese Yuan,¥,14.5542,Exchange Rate API
2026-01-07,Chinese Yuan,¥,14.5072,Exchange Rate API
2026-01-06,Chinese Yuan,¥,14.4773,Exchange Rate API
2026-01-05,Chinese Yuan,¥,14.4806,Exchange Rate API
2026-01-04,Chinese Yuan,¥,14.458,Exchange Rate API
2026-01-03,Chinese Yuan,¥,14.381,Exchange Rate API
2026-01-02,Chinese Yuan,¥,14.358,Exchange Rate API
2026-01-01,Chinese Yuan,¥,14.2871,Exchange Rate API
2025-12-31,Chinese Yuan,¥,14.2823,Exchange Rate API
2025-12-30,Chinese Yuan,¥,14.2836,Exchange Rate API
2025-12-29,Chinese Yuan,¥,14.2626,Exchange Rate API
2025-12-28,Chinese Yuan,¥,14.3251,Exchange Rate API
2025-12-27,Chinese Yuan,¥,14.3055,Exchange Rate API
2025-12-26,Chinese Yuan,¥,14.3036,Exchange Rate API
2025-12-25,Chinese Yuan,¥,14.3695,Exchange Rate API
2025-12-24,Chinese Yuan,¥,14.4211,Exchange Rate API
2025-12-23,Chinese Yuan,¥,14.4259,Exchange Rate API
2025-12-22,Chinese Yuan,¥,14.3703,Exchange Rate API
2025-12-21,Chinese Yuan,¥,14.2926,Exchange Rate API
2025-12-20,Chinese Yuan,¥,14.3058,Exchange Rate API
2025-12-19,Chinese Yuan,¥,14.324,Exchange Rate API
2025-12-18,Chinese Yuan,¥,14.2721,Exchange Rate API
2025-12-17,Chinese Yuan,¥,14.2289,Exchange Rate API
2025-12-16,Chinese Yuan,¥,14.2663,Exchange Rate API
2025-12-15,Chinese Yuan,¥,14.2437,Exchange Rate API
2025-12-14,Chinese Yuan,¥,14.2089,Exchange Rate API
2025-12-13,Chinese Yuan,¥,14.1807,Exchange Rate API
2025-12-12,Chinese Yuan,¥,14.2504,Exchange Rate API
2025-12-11,Chinese Yuan,¥,14.2335,Exchange Rate API
2025-12-10,Chinese Yuan,¥,14.2524,Exchange Rate API
2025-12-09,Chinese Yuan,¥,14.2948,Exchange Rate API
2025-12-08,Chinese Yuan,¥,14.2932,Exchange Rate API
2025-12-07,Chinese Yuan,¥,14.3369,Exchange Rate API
2025-12-06,Chinese Yuan,¥,14.4171,Exchange Rate API
2025-12-05,Chinese Yuan,¥,14.4778,Exchange Rate API
2025-12-04,Chinese Yuan,¥,14.4971,Exchange Rate API
2025-12-03,Chinese Yuan,¥,14.5097,Exchange Rate API
2025-12-02,Chinese Yuan,¥,14.5806,Exchange Rate API
2025-12-01,Chinese Yuan,¥,14.6253,Exchange Rate API
2025-11-30,Chinese Yuan,¥,14.6465,Exchange Rate API
2025-11-29,Chinese Yuan,¥,14.732,Exchange Rate API
2025-11-28,Chinese Yuan,¥,14.6832,Exchange Rate API
2025-11-27,Chinese Yuan,¥,14.7352,Exchange Rate API
2025-11-26,Chinese Yuan,¥,14.6833,Exchange Rate API
2025-11-25,Chinese Yuan,¥,14.7233,Exchange Rate API
2025-11-24,Chinese Yuan,¥,14.676,Exchange Rate API
2025-11-23,Chinese Yuan,¥,14.6116,Exchange Rate API
2025-11-22,Chinese Yuan,¥,14.5958,Exchange Rate API
2025-11-21,Chinese Yuan,¥,14.5381,Exchange Rate API
2025-11-20,Chinese Yuan,¥,14.5865,Exchange Rate API
2025-11-19,Chinese Yuan,¥,14.5034,Exchange Rate API
2025-11-18,Chinese Yuan,¥,14.5514,Exchange Rate API
2025-11-17,Chinese Yuan,¥,14.5116,Exchange Rate API
2025-11-16,Chinese Yuan,¥,14.4451,Exchange Rate API
2025-11-15,Chinese Yuan,¥,14.5224,Exchange Rate API
2025-11-14,Chinese Yuan,¥,14.541,Exchange Rate API
2025-11-13,Chinese Yuan,¥,14.5588,Exchange Rate API
2025-11-12,Chinese Yuan,¥,14.5887,Exchange Rate API
2025-11-11,Chinese Yuan,¥,14.6509,Exchange Rate API
2025-11-10,Chinese Yuan,¥,14.576,Exchange Rate API
2025-11-09,Chinese Yuan,¥,14.4989,Exchange Rate API
2025-11-08,Chinese Yuan,¥,14.4527,Exchange Rate API
2025-11-07,Chinese Yuan,¥,14.3877,Exchange Rate API
2025-11-06,Chinese Yuan,¥,14.4526,Exchange Rate API
2025-11-05,Chinese Yuan,¥,14.5163,Exchange Rate API
2025-11-04,Chinese Yuan,¥,14.472,Exchange Rate API
2025-11-03,Chinese Yuan,¥,14.5285,Exchange Rate API
2025-11-02,Chinese Yuan,¥,14.5759,Exchange Rate API
2025-11-01,Chinese Yuan,¥,14.5422,Exchange Rate API
2025-10-31,Chinese Yuan,¥,14.5191,Exchange Rate API
2025-10-30,Chinese Yuan,¥,14.4788,Exchange Rate API
2025-10-29,Chinese Yuan,¥,14.519,Exchange Rate API
2025-10-28,Chinese Yuan,¥,14.4851,Exchange Rate API
2025-10-27,Chinese Yuan,¥,14.4424,Exchange Rate API
2025-10-26,Chinese Yuan,¥,14.492,Exchange Rate API
2025-10-25,Chinese Yuan,¥,14.5606,Exchange Rate API
2025-10-24,Chinese Yuan,¥,14.5475,Exchange Rate API
2025-10-23,Chinese Yuan,¥,14.5358,Exchange Rate API
2025-10-22,Chinese Yuan,¥,14.4757,Exchange Rate API
2025-10-21,Chinese Yuan,¥,14.3939,Exchange Rate API
2025-10-20,Chinese Yuan,¥,14.4738,Exchange Rate API
2025-10-19,Chinese Yuan,¥,14.3984,Exchange Rate API
2025-10-18,Chinese Yuan,¥,14.4718,Exchange Rate API
2025-10-17,Chinese Yuan,¥,14.5183,Exchange Rate API
2025-10-16,Chinese Yuan,¥,14.5531,Exchange Rate API
2025-10-15,Chinese Yuan,¥,14.534,Exchange Rate API
2025-10-14,Chinese Yuan,¥,14.5779,Exchange Rate API
2025-10-13,Chinese Yuan,¥,14.5218,Exchange Rate API
2025-10-12,Chinese Yuan,¥,14.4684,Exchange Rate API
2025-10-11,Chinese Yuan,¥,14.5294,Exchange Rate API
2025-10-10,Chinese Yuan,¥,14.4775,Exchange Rate API
2025-10-09,Chinese Yuan,¥,14.45,Exchange Rate API
2025-10-08,Chinese Yuan,¥,14.4729,Exchange Rate API
2025-10-07,Chinese Yuan,¥,14.4181,Exchange Rate API
2025-10-06,Chinese Yuan,¥,14.335,Exchange Rate API
2025-10-05,Chinese Yuan,¥,14.2888,Exchange Rate API
2025-10-04,Chinese Yuan,¥,14.209,Exchange Rate API
2025-10-03,Chinese Yuan,¥,14.197,Exchange Rate API
2025-10-02,Chinese Yuan,¥,14.152,Exchange Rate API
2025-10-01,Chinese Yuan,¥,14.1277,Exchange Rate API
2025-09-30,Chinese Yuan,¥,14.199,Exchange Rate API
2025-09-29,Chinese Yuan,¥,14.1729,Exchange Rate API
2025-09-28,Chinese Yuan,¥,14.1713,Exchange Rate API
2025-09-27,Chinese Yuan,¥,14.157,Exchange Rate API
2025-09-26,Chinese Yuan,¥,14.073,Exchange Rate API
2025-09-25,Chinese Yuan,¥,13.9976,Exchange Rate API
2025-09-24,Chinese Yuan,¥,13.9584,Exchange Rate API
2025-09-23,Chinese Yuan,¥,13.9352,Exchange Rate API
2025-09-22,Chinese Yuan,¥,13.9152,Exchange Rate API
2025-09-21,Chinese Yuan,¥,13.9017,Exchange Rate API
2025-09-20,Chinese Yuan,¥,13.8652,Exchange Rate API
2025-09-19,Chinese Yuan,¥,13.8126,Exchange Rate API
2025-09-18,Chinese Yuan,¥,13.7826,Exchange Rate API
2025-09-17,Chinese Yuan,¥,13.8259,Exchange Rate API
2025-09-16,Chinese Yuan,¥,13.9051,Exchange Rate API
2025-09-15,Chinese Yuan,¥,13.9253,Exchange Rate API
2025-09-14,Chinese Yuan,¥,13.929,Exchange Rate API
2025-09-13,Chinese Yuan,¥,13.9621,Exchange Rate API
2025-09-12,Chinese Yuan,¥,13.9156,Exchange Rate API
2025-09-11,Chinese Yuan,¥,13.9649,Exchange Rate API
2025-09-10,Chinese Yuan,¥,14.0016,Exchange Rate API
2025-09-09,Chinese Yuan,¥,14.013,Exchange Rate API
2025-09-08,Chinese Yuan,¥,13.9805,Exchange Rate API
2025-09-07,Chinese Yuan,¥,14.0122,Exchange Rate API
2025-09-06,Chinese Yuan,¥,13.9838,Exchange Rate API
2025-09-05,Chinese Yuan,¥,14.0097,Exchange Rate API
2025-09-04,Chinese Yuan,¥,14.0543,Exchange Rate API
2025-09-03,Chinese Yuan,¥,14.1118,Exchange Rate API
2025-09-02,Chinese Yuan,¥,14.1942,Exchange Rate API
2025-09-01,Chinese Yuan,¥,14.2658,Exchange Rate API
2025-08-31,Chinese Yuan,¥,14.3313,Exchange Rate API
2025-08-30,Chinese Yuan,¥,14.4042,Exchange Rate API
2025-08-29,Chinese Yuan,¥,14.4784,Exchange Rate API
2025-08-28,Chinese Yuan,¥,14.4931,Exchange Rate API
2025-08-27,Chinese Yuan,¥,14.4111,Exchange Rate API
2025-08-26,Chinese Yuan,¥,14.3709,Exchange Rate API
2025-08-25,Chinese Yuan,¥,14.4456,Exchange Rate API
2025-08-24,Chinese Yuan,¥,14.5042,Exchange Rate API
2025-08-23,Chinese Yuan,¥,14.4787,Exchange Rate API
2025-08-22,Chinese Yuan,¥,14.4008,Exchange Rate API
2025-08-21,Chinese Yuan,¥,14.4,Exchange Rate API
2025-08-20,Chinese Yuan,¥,14.4306,Exchange Rate API
2025-08-19,Chinese Yuan,¥,14.5057,Exchange Rate API
2025-08-18,Chinese Yuan,¥,14.4978,Exchange Rate API
2025-08-17,Chinese Yuan,¥,14.4606,Exchange Rate API
2025-08-16,Chinese Yuan,¥,14.4706,Exchange Rate API
2025-08-15,Chinese Yuan,¥,14.5286,Exchange Rate API
2025-08-14,Chinese Yuan,¥,14.442,Exchange Rate API
2025-08-13,Chinese Yuan,¥,14.4087,Exchange Rate API
2025-08-12,Chinese Yuan,¥,14.3433,Exchange Rate API
2025-08-11,Chinese Yuan,¥,14.3176,Exchange Rate API
2025-08-10,Chinese Yuan,¥,14.273,Exchange Rate API
2025-08-09,Chinese Yuan,¥,14.3334,Exchange Rate API
2025-08-08,Chinese Yuan,¥,14.3811,Exchange Rate API
2025-08-07,Chinese Yuan,¥,14.325,Exchange Rate API
2025-08-06,Chinese Yuan,¥,14.3575,Exchange Rate API
2025-08-05,Chinese Yuan,¥,14.4022,Exchange Rate API
2025-08-04,Chinese Yuan,¥,14.3841,Exchange Rate API
2026-08-03,Hong Kong Dollar,HK$,12.1584,Exchange Rate API
2026-08-02,Hong Kong Dollar,HK$,12.1713,Exchange Rate API
2026-08-01,Hong Kong Dollar,HK$,12.1227,Exchange Rate API
2026-07-31,Hong Kong Dollar,HK$,12.1635,Exchange Rate API
2026-07-30,Hong Kong Dollar,HK$,12.2225,Exchange Rate API
2026-07-29,Hong Kong Dollar,HK$,12.2209,Exchange Rate API
2026-07-28,Hong Kong Dollar,HK$,12.2613,Exchange Rate API
2026-07-27,Hong Kong Dollar,HK$,12.2875,Exchange Rate API
2026-07-26,Hong Kong Dollar,HK$,12.335,Exchange Rate API
2026-07-25,Hong Kong Dollar,HK$,12.2639,Exchange Rate API
2026-07-24,Hong Kong Dollar,HK$,12.2774,Exchange Rate API
2026-07-23,Hong Kong Dollar,HK$,12.3224,Exchange Rate API
2026-07-22,Hong Kong Dollar,HK$,12.3065,Exchange Rate API
2026-07-21,Hong Kong Dollar,HK$,12.3701,Exchange Rate API
2026-07-20,Hong Kong Dollar,HK$,12.3504,Exchange Rate API
2026-07-19,Hong Kong Dollar,HK$,12.3265,Exchange Rate API
2026-07-18,Hong Kong Dollar,HK$,12.3492,Exchange Rate API
2026-07-17,Hong Kong Dollar,HK$,12.3851,Exchange Rate API
2026-07-16,Hong Kong Dollar,HK$,12.4068,Exchange Rate API
2026-07-15,Hong Kong Dollar,HK$,12.3734,Exchange Rate API
2026-07-14,Hong Kong Dollar,HK$,12.41,Exchange Rate API
2026-07-13,Hong Kong Dollar,HK$,12.4817,Exchange Rate API
2026-07-12,Hong Kong Dollar,HK$,12.5145,Exchange Rate API
2026-07-11,Hong Kong Dollar,HK$,12.5452,Exchange Rate API
2026-07-10,Hong Kong Dollar,HK$,12.5941,Exchange Rate API
2026-07-09,Hong Kong Dollar,HK$,12.5576,Exchange Rate API
2026-07-08,Hong Kong Dollar,HK$,12.5786,Exchange Rate API
2026-07-07,Hong Kong Dollar,HK$,12.6035,Exchange Rate API
2026-07-06,Hong Kong Dollar,HK$,12.6714,Exchange Rate API
2026-07-05,Hong Kong Dollar,HK$,12.7305,Exchange Rate API
2026-07-04,Hong Kong Dollar,HK$,12.7714,Exchange Rate API
2026-07-03,Hong Kong Dollar,HK$,12.8136,Exchange Rate API
2026-07-02,Hong Kong Dollar,HK$,12.8181,Exchange Rate API
2026-07-01,Hong Kong Dollar,HK$,12.8656,Exchange Rate API
2026-06-30,Hong Kong Dollar,HK$,12.9244,Exchange Rate API
2026-06-29,Hong Kong Dollar,HK$,12.8873,Exchange Rate API
2026-06-28,Hong Kong Dollar,HK$,12.8923,Exchange Rate API
2026-06-27,Hong Kong Dollar,HK$,12.8281,Exchange Rate API
2026-06-26,Hong Kong Dollar,HK$,12.8632,Exchange Rate API
2026-06-25,Hong Kong Dollar,HK$,12.7877,Exchange Rate API
2026-06-24,Hong Kong Dollar,HK$,12.7704,Exchange Rate API
2026-06-23,Hong Kong Dollar,HK$,12.8064,Exchange Rate API
2026-06-22,Hong Kong Dollar,HK$,12.7536,Exchange Rate API
2026-06-21,Hong Kong Dollar,HK$,12.8292,Exchange Rate API
2026-06-20,Hong Kong Dollar,HK$,12.8234,Exchange Rate API
2026-06-19,Hong Kong Dollar,HK$,12.7514,Exchange Rate API
2026-06-18,Hong Kong Dollar,HK$,12.7529,Exchange Rate API
2026-06-17,Hong Kong Dollar,HK$,12.8051,Exchange Rate API
2026-06-16,Hong Kong Dollar,HK$,12.8645,Exchange Rate API
2026-06-15,Hong Kong Dollar,HK$,12.8504,Exchange Rate API
2026-06-14,Hong Kong Dollar,HK$,12.863,Exchange Rate API
2026-06-13,Hong Kong Dollar,HK$,12.9087,Exchange Rate API
2026-06-12,Hong Kong Dollar,HK$,12.907,Exchange Rate API
2026-06-11,Hong Kong Dollar,HK$,12.8908,Exchange Rate API
2026-06-10,Hong Kong Dollar,HK$,12.8964,Exchange Rate API
2026-06-09,Hong Kong Dollar,HK$,12.9705,Exchange Rate API
2026-06-08,Hong Kong Dollar,HK$,12.953,Exchange Rate API
2026-06-07,Hong Kong Dollar,HK$,13.0022,Exchange Rate API
2026-06-06,Hong Kong Dollar,HK$,12.9949,Exchange Rate API
2026-06-05,Hong Kong Dollar,HK$,13.0654,Exchange Rate API
2026-06-04,Hong Kong Dollar,HK$,12.9954,Exchange Rate API
2026-06-03,Hong Kong Dollar,HK$,12.9465,Exchange Rate API
2026-06-02,Hong Kong Dollar,HK$,12.8899,Exchange Rate API
2026-06-01,Hong Kong Dollar,HK$,12.9269,Exchange Rate API
2026-05-31,Hong Kong Dollar,HK$,12.861,Exchange Rate API
2026-05-30,Hong Kong Dollar,HK$,12.7887,Exchange Rate API
2026-05-29,Hong Kong Dollar,HK$,12.8519,Exchange Rate API
2026-05-28,Hong Kong Dollar,HK$,12.9128,Exchange Rate API
2026-05-27,Hong Kong Dollar,HK$,12.8443,Exchange Rate API
2026-05-26,Hong Kong Dollar,HK$,12.8855,Exchange Rate API
2026-05-25,Hong Kong Dollar,HK$,12.9347,Exchange Rate API
2026-05-24,Hong Kong Dollar,HK$,12.9683,Exchange Rate API
2026-05-23,Hong Kong Dollar,HK$,12.905,Exchange Rate API
2026-05-22,Hong Kong Dollar,HK$,12.8785,Exchange Rate API
2026-05-21,Hong Kong Dollar,HK$,12.9437,Exchange Rate API
2026-05-20,Hong Kong Dollar,HK$,13.0134,Exchange Rate API
2026-05-19,Hong Kong Dollar,HK$,12.9803,Exchange Rate API
2026-05-18,Hong Kong Dollar,HK$,13.0377,Exchange Rate API
2026-05-17,Hong Kong Dollar,HK$,12.9749,Exchange Rate API
2026-05-16,Hong Kong Dollar,HK$,13.0155,Exchange Rate API
2026-05-15,Hong Kong Dollar,HK$,12.955,Exchange Rate API
2026-05-14,Hong Kong Dollar,HK$,12.9823,Exchange Rate API
2026-05-13,Hong Kong Dollar,HK$,12.9568,Exchange Rate API
2026-05-12,Hong Kong Dollar,HK$,12.8832,Exchange Rate API
2026-05-11,Hong Kong Dollar,HK$,12.8087,Exchange Rate API
2026-05-10,Hong Kong Dollar,HK$,12.867,Exchange Rate API
2026-05-09,Hong Kong Dollar,HK$,12.7983,Exchange Rate API
2026-05-08,Hong Kong Dollar,HK$,12.7693,Exchange Rate API
2026-05-07,Hong Kong Dollar,HK$,12.7472,Exchange Rate API
2026-05-06,Hong Kong Dollar,HK$,12.7537,Exchange Rate API
2026-05-05,Hong Kong Dollar,HK$,12.7389,Exchange Rate API
2026-05-04,Hong Kong Dollar,HK$,12.6812,Exchange Rate API
2026-05-03,Hong Kong Dollar,HK$,12.7385,Exchange Rate API
2026-05-02,Hong Kong Dollar,HK$,12.7965,Exchange Rate API
2026-05-01,Hong Kong Dollar,HK$,12.8087,Exchange Rate API
2026-04-30,Hong Kong Dollar,HK$,12.8663,Exchange Rate API
2026-04-29,Hong Kong Dollar,HK$,12.8365,Exchange Rate API
2026-04-28,Hong Kong Dollar,HK$,12.8751,Exchange Rate API
2026-04-27,Hong Kong Dollar,HK$,12.9085,Exchange Rate API
2026-04-26,Hong Kong Dollar,HK$,12.8741,Exchange Rate API
2026-04-25,Hong Kong Dollar,HK$,12.8695,Exchange Rate API
2026-04-24,Hong Kong Dollar,HK$,12.9456,Exchange Rate API
2026-04-23,Hong Kong Dollar,HK$,12.8906,Exchange Rate API
2026-04-22,Hong Kong Dollar,HK$,12.9553,Exchange Rate API
2026-04-21,Hong Kong Dollar,HK$,12.9472,Exchange Rate API
2026-04-20,Hong Kong Dollar,HK$,12.9875,Exchange Rate API
2026-04-19,Hong Kong Dollar,HK$,12.9397,Exchange Rate API
2026-04-18,Hong Kong Dollar,HK$,12.9918,Exchange Rate API
2026-04-17,Hong Kong Dollar,HK$,12.9174,Exchange Rate API
2026-04-16,Hong Kong Dollar,HK$,12.8903,Exchange Rate API
2026-04-15,Hong Kong Dollar,HK$,12.9367,Exchange Rate API
2026-04-14,Hong Kong Dollar,HK$,12.9161,Exchange Rate API
2026-04-13,Hong Kong Dollar,HK$,12.9432,Exchange Rate API
2026-04-12,Hong Kong Dollar,HK$,12.955,Exchange Rate API
2026-04-11,Hong Kong Dollar,HK$,13.0277,Exchange Rate API
2026-04-10,Hong Kong Dollar,HK$,12.966,Exchange Rate API
2026-04-09,Hong Kong Dollar,HK$,12.9668,Exchange Rate API
2026-04-08,Hong Kong Dollar,HK$,12.9151,Exchange Rate API
2026-04-07,Hong Kong Dollar,HK$,12.9232,Exchange Rate API
2026-04-06,Hong Kong Dollar,HK$,12.851,Exchange Rate API
2026-04-05,Hong Kong Dollar,HK$,12.8094,Exchange Rate API
2026-04-04,Hong Kong Dollar,HK$,12.7352,Exchange Rate API
2026-04-03,Hong Kong Dollar,HK$,12.6971,Exchange Rate API
2026-04-02,Hong Kong Dollar,HK$,12.6276,Exchange Rate API
2026-04-01,Hong Kong Dollar,HK$,12.6034,Exchange Rate API
2026-03-31,Hong Kong Dollar,HK$,12.5527,Exchange Rate API
2026-03-30,Hong Kong Dollar,HK$,12.4989,Exchange Rate API
2026-03-29,Hong Kong Dollar,HK$,12.519,Exchange Rate API
2026-03-28,Hong Kong Dollar,HK$,12.4685,Exchange Rate API
2026-03-27,Hong Kong Dollar,HK$,12.4218,Exchange Rate API
2026-03-26,Hong Kong Dollar,HK$,12.4257,Exchange Rate API
2026-03-25,Hong Kong Dollar,HK$,12.4328,Exchange Rate API
2026-03-24,Hong Kong Dollar,HK$,12.4408,Exchange Rate API
2026-03-23,Hong Kong Dollar,HK$,12.4649,Exchange Rate API
2026-03-22,Hong Kong Dollar,HK$,12.498,Exchange Rate API
2026-03-21,Hong Kong Dollar,HK$,12.4485,Exchange Rate API
2026-03-20,Hong Kong Dollar,HK$,12.3814,Exchange Rate API
2026-03-19,Hong Kong Dollar,HK$,12.3714,Exchange Rate API
2026-03-18,Hong Kong Dollar,HK$,12.322,Exchange Rate API
2026-03-17,Hong Kong Dollar,HK$,12.3848,Exchange Rate API
2026-03-16,Hong Kong Dollar,HK$,12.4147,Exchange Rate API
2026-03-15,Hong Kong Dollar,HK$,12.4402,Exchange Rate API
2026-03-14,Hong Kong Dollar,HK$,12.4017,Exchange Rate API
2026-03-13,Hong Kong Dollar,HK$,12.422,Exchange Rate API
2026-03-12,Hong Kong Dollar,HK$,12.3839,Exchange Rate API
2026-03-11,Hong Kong Dollar,HK$,12.4339,Exchange Rate API
2026-03-10,Hong Kong Dollar,HK$,12.3732,Exchange Rate API
2026-03-09,Hong Kong Dollar,HK$,12.4118,Exchange Rate API
2026-03-08,Hong Kong Dollar,HK$,12.4212,Exchange Rate API
2026-03-07,Hong Kong Dollar,HK$,12.4621,Exchange Rate API
2026-03-06,Hong Kong Dollar,HK$,12.4194,Exchange Rate API
2026-03-05,Hong Kong Dollar,HK$,12.3623,Exchange Rate API
2026-03-04,Hong Kong Dollar,HK$,12.3314,Exchange Rate API
2026-03-03,Hong Kong Dollar,HK$,12.3064,Exchange Rate API
2026-03-02,Hong Kong Dollar,HK$,12.3136,Exchange Rate API
2026-03-01,Hong Kong Dollar,HK$,12.3109,Exchange Rate API
2026-02-28,Hong Kong Dollar,HK$,12.3538,Exchange Rate API
2026-02-27,Hong Kong Dollar,HK$,12.4172,Exchange Rate API
2026-02-26,Hong Kong Dollar,HK$,12.4736,Exchange Rate API
2026-02-25,Hong Kong Dollar,HK$,12.5299,Exchange Rate API
2026-02-24,Hong Kong Dollar,HK$,12.5009,Exchange Rate API
2026-02-23,Hong Kong Dollar,HK$,12.4345,Exchange Rate API
2026-02-22,Hong Kong Dollar,HK$,12.4531,Exchange Rate API
2026-02-21,Hong Kong Dollar,HK$,12.4201,Exchange Rate API
2026-02-20,Hong Kong Dollar,HK$,12.4343,Exchange Rate API
2026-02-19,Hong Kong Dollar,HK$,12.4675,Exchange Rate API
2026-02-18,Hong Kong Dollar,HK$,12.5036,Exchange Rate API
2026-02-17,Hong Kong Dollar,HK$,12.4468,Exchange Rate API
2026-02-16,Hong Kong Dollar,HK$,12.5023,Exchange Rate API
2026-02-15,Hong Kong Dollar,HK$,12.4439,Exchange Rate API
2026-02-14,Hong Kong Dollar,HK$,12.4269,Exchange Rate API
2026-02-13,Hong Kong Dollar,HK$,12.4755,Exchange Rate API
2026-02-12,Hong Kong Dollar,HK$,12.4962,Exchange Rate API
2026-02-11,Hong Kong Dollar,HK$,12.5107,Exchange Rate API
2026-02-10,Hong Kong Dollar,HK$,12.5743,Exchange Rate API
2026-02-09,Hong Kong Dollar,HK$,12.5195,Exchange Rate API
2026-02-08,Hong Kong Dollar,HK$,12.5251,Exchange Rate API
2026-02-07,Hong Kong Dollar,HK$,12.4748,Exchange Rate API
2026-02-06,Hong Kong Dollar,HK$,12.4446,Exchange Rate API
2026-02-05,Hong Kong Dollar,HK$,12.4691,Exchange Rate API
2026-02-04,Hong Kong Dollar,HK$,12.4301,Exchange Rate API
2026-02-03,Hong Kong Dollar,HK$,12.3899,Exchange Rate API
2026-02-02,Hong Kong Dollar,HK$,12.3794,Exchange Rate API
2026-02-01,Hong Kong Dollar,HK$,12.4516,Exchange Rate API
2026-01-31,Hong Kong Dollar,HK$,12.503,Exchange Rate API
2026-01-30,Hong Kong Dollar,HK$,12.4751,Exchange Rate API
2026-01-29,Hong Kong Dollar,HK$,12.4506,Exchange Rate API
2026-01-28,Hong Kong Dollar,HK$,12.5013,Exchange Rate API
2026-01-27,Hong Kong Dollar,HK$,12.4293,Exchange Rate API
2026-01-26,Hong Kong Dollar,HK$,12.4431,Exchange Rate API
2026-01-25,Hong Kong Dollar,HK$,12.3846,Exchange Rate API
2026-01-24,Hong Kong Dollar,HK$,12.436,Exchange Rate API
2026-01-23,Hong Kong Dollar,HK$,12.3825,Exchange Rate API
2026-01-22,Hong Kong Dollar,HK$,12.3451,Exchange Rate API
2026-01-21,Hong Kong Dollar,HK$,12.3786,Exchange Rate API
2026-01-20,Hong Kong Dollar,HK$,12.4451,Exchange Rate API
2026-01-19,Hong Kong Dollar,HK$,12.5105,Exchange Rate API
2026-01-18,Hong Kong Dollar,HK$,12.5741,Exchange Rate API
2026-01-17,Hong Kong Dollar,HK$,12.5129,Exchange Rate API
2026-01-16,Hong Kong Dollar,HK$,12.4589,Exchange Rate API
2026-01-15,Hong Kong Dollar,HK$,12.4891,Exchange Rate API
2026-01-14,Hong Kong Dollar,HK$,12.4411,Exchange Rate API
2026-01-13,Hong Kong Dollar,HK$,12.4524,Exchange Rate API
2026-01-12,Hong Kong Dollar,HK$,12.3795,Exchange Rate API
2026-01-11,Hong Kong Dollar,HK$,12.4348,Exchange Rate API
2026-01-10,Hong Kong Dollar,HK$,12.4807,Exchange Rate API
2026-01-09,Hong Kong Dollar,HK$,12.5449,Exchange Rate API
2026-01-08,Hong Kong Dollar,HK$,12.6004,Exchange Rate API
2026-01-07,Hong Kong Dollar,HK$,12.6375,Exchange Rate API
2026-01-06,Hong Kong Dollar,HK$,12.5627,Exchange Rate API
2026-01-05,Hong Kong Dollar,HK$,12.5944,Exchange Rate API
2026-01-04,Hong Kong Dollar,HK$,12.6352,Exchange Rate API
2026-01-03,Hong Kong Dollar,HK$,12.6899,Exchange Rate API
2026-01-02,Hong Kong Dollar,HK$,12.6177,Exchange Rate API
2026-01-01,Hong Kong Dollar,HK$,12.6931,Exchange Rate API
2025-12-31,Hong Kong Dollar,HK$,12.7197,Exchange Rate API
2025-12-30,Hong Kong Dollar,HK$,12.7181,Exchange Rate API
2025-12-29,Hong Kong Dollar,HK$,12.6455,Exchange Rate API
2025-12-28,Hong Kong Dollar,HK$,12.637,Exchange Rate API
2025-12-27,Hong Kong Dollar,HK$,12.59,Exchange Rate API
2025-12-26,Hong Kong Dollar,HK$,12.5929,Exchange Rate API
2025-12-25,Hong Kong Dollar,HK$,12.6363,Exchange Rate API
2025-12-24,Hong Kong Dollar,HK$,12.6043,Exchange Rate API
2025-12-23,Hong Kong Dollar,HK$,12.5452,Exchange Rate API
2025-12-22,Hong Kong Dollar,HK$,12.6135,Exchange Rate API
2025-12-21,Hong Kong Dollar,HK$,12.6176,Exchange Rate API
2025-12-20,Hong Kong Dollar,HK$,12.6305,Exchange Rate API
2025-12-19,Hong Kong Dollar,HK$,12.5739,Exchange Rate API
2025-12-18,Hong Kong Dollar,HK$,12.5934,Exchange Rate API
2025-12-17,Hong Kong Dollar,HK$,12.5324,Exchange Rate API
2025-12-16,Hong Kong Dollar,HK$,12.4836,Exchange Rate API
2025-12-15,Hong Kong Dollar,HK$,12.5117,Exchange Rate API
2025-12-14,Hong Kong Dollar,HK$,12.5051,Exchange Rate API
2025-12-13,Hong Kong Dollar,HK$,12.4638,Exchange Rate API
2025-12-12,Hong Kong Dollar,HK$,12.5132,Exchange Rate API
2025-12-11,Hong Kong Dollar,HK$,12.5802,Exchange Rate API
2025-12-10,Hong Kong Dollar,HK$,12.5418,Exchange Rate API
2025-12-09,Hong Kong Dollar,HK$,12.5036,Exchange Rate API
2025-12-08,Hong Kong Dollar,HK$,12.4794,Exchange Rate API
2025-12-07,Hong Kong Dollar,HK$,12.5323,Exchange Rate API
2025-12-06,Hong Kong Dollar,HK$,12.4674,Exchange Rate API
2025-12-05,Hong Kong Dollar,HK$,12.5099,Exchange Rate API
2025-12-04,Hong Kong Dollar,HK$,12.5212,Exchange Rate API
2025-12-03,Hong Kong Dollar,HK$,12.4915,Exchange Rate API
2025-12-02,Hong Kong Dollar,HK$,12.5536,Exchange Rate API
2025-12-01,Hong Kong Dollar,HK$,12.4986,Exchange Rate API
2025-11-30,Hong Kong Dollar,HK$,12.4902,Exchange Rate API
2025-11-29,Hong Kong Dollar,HK$,12.4553,Exchange Rate API
2025-11-28,Hong Kong Dollar,HK$,12.5058,Exchange Rate API
2025-11-27,Hong Kong Dollar,HK$,12.5425,Exchange Rate API
2025-11-26,Hong Kong Dollar,HK$,12.6079,Exchange Rate API
2025-11-25,Hong Kong Dollar,HK$,12.6728,Exchange Rate API
2025-11-24,Hong Kong Dollar,HK$,12.6919,Exchange Rate API
2025-11-23,Hong Kong Dollar,HK$,12.6662,Exchange Rate API
2025-11-22,Hong Kong Dollar,HK$,12.7367,Exchange Rate API
2025-11-21,Hong Kong Dollar,HK$,12.7956,Exchange Rate API
2025-11-20,Hong Kong Dollar,HK$,12.75,Exchange Rate API
2025-11-19,Hong Kong Dollar,HK$,12.8137,Exchange Rate API
2025-11-18,Hong Kong Dollar,HK$,12.8447,Exchange Rate API
2025-11-17,Hong Kong Dollar,HK$,12.8464,Exchange Rate API
2025-11-16,Hong Kong Dollar,HK$,12.7695,Exchange Rate API
2025-11-15,Hong Kong Dollar,HK$,12.8023,Exchange Rate API
2025-11-14,Hong Kong Dollar,HK$,12.7717,Exchange Rate API
2025-11-13,Hong Kong Dollar,HK$,12.6964,Exchange Rate API
2025-11-12,Hong Kong Dollar,HK$,12.6319,Exchange Rate API
2025-11-11,Hong Kong Dollar,HK$,12.6431,Exchange Rate API
2025-11-10,Hong Kong Dollar,HK$,12.6872,Exchange Rate API
2025-11-09,Hong Kong Dollar,HK$,12.6273,Exchange Rate API
2025-11-08,Hong Kong Dollar,HK$,12.5527,Exchange Rate API
2025-11-07,Hong Kong Dollar,HK$,12.4918,Exchange Rate API
2025-11-06,Hong Kong Dollar,HK$,12.5579,Exchange Rate API
2025-11-05,Hong Kong Dollar,HK$,12.5506,Exchange Rate API
2025-11-04,Hong Kong Dollar,HK$,12.5359,Exchange Rate API
2025-11-03,Hong Kong Dollar,HK$,12.478,Exchange Rate API
2025-11-02,Hong Kong Dollar,HK$,12.4086,Exchange Rate API
2025-11-01,Hong Kong Dollar,HK$,12.4308,Exchange Rate API
2025-10-31,Hong Kong Dollar,HK$,12.4526,Exchange Rate API
2025-10-30,Hong Kong Dollar,HK$,12.3938,Exchange Rate API
2025-10-29,Hong Kong Dollar,HK$,12.4381,Exchange Rate API
2025-10-28,Hong Kong Dollar,HK$,12.4181,Exchange Rate API
2025-10-27,Hong Kong Dollar,HK$,12.4655,Exchange Rate API
2025-10-26,Hong Kong Dollar,HK$,12.4277,Exchange Rate API
2025-10-25,Hong Kong Dollar,HK$,12.4154,Exchange Rate API
2025-10-24,Hong Kong Dollar,HK$,12.3674,Exchange Rate API
2025-10-23,Hong Kong Dollar,HK$,12.3739,Exchange Rate API
2025-10-22,Hong Kong Dollar,HK$,12.317,Exchange Rate API
2025-10-21,Hong Kong Dollar,HK$,12.2995,Exchange Rate API
2025-10-20,Hong Kong Dollar,HK$,12.3334,Exchange Rate API
2025-10-19,Hong Kong Dollar,HK$,12.3571,Exchange Rate API
2025-10-18,Hong Kong Dollar,HK$,12.3542,Exchange Rate API
2025-10-17,Hong Kong Dollar,HK$,12.3661,Exchange Rate API
2025-10-16,Hong Kong Dollar,HK$,12.3611,Exchange Rate API
2025-10-15,Hong Kong Dollar,HK$,12.3637,Exchange Rate API
2025-10-14,Hong Kong Dollar,HK$,12.3809,Exchange Rate API
2025-10-13,Hong Kong Dollar,HK$,12.3393,Exchange Rate API
2025-10-12,Hong Kong Dollar,HK$,12.3285,Exchange Rate API
2025-10-11,Hong Kong Dollar,HK$,12.3547,Exchange Rate API
2025-10-10,Hong Kong Dollar,HK$,12.3009,Exchange Rate API
2025-10-09,Hong Kong Dollar,HK$,12.2899,Exchange Rate API
2025-10-08,Hong Kong Dollar,HK$,12.302,Exchange Rate API
2025-10-07,Hong Kong Dollar,HK$,12.2675,Exchange Rate API
2025-10-06,Hong Kong Dollar,HK$,12.2919,Exchange Rate API
2025-10-05,Hong Kong Dollar,HK$,12.2586,Exchange Rate API
2025-10-04,Hong Kong Dollar,HK$,12.2506,Exchange Rate API
2025-10-03,Hong Kong Dollar,HK$,12.2695,Exchange Rate API
2025-10-02,Hong Kong Dollar,HK$,12.2942,Exchange Rate API
2025-10-01,Hong Kong Dollar,HK$,12.2948,Exchange Rate API
2025-09-30,Hong Kong Dollar,HK$,12.2861,Exchange Rate API
2025-09-29,Hong Kong Dollar,HK$,12.3155,Exchange Rate API
2025-09-28,Hong Kong Dollar,HK$,12.3845,Exchange Rate API
2025-09-27,Hong Kong Dollar,HK$,12.3694,Exchange Rate API
2025-09-26,Hong Kong Dollar,HK$,12.3682,Exchange Rate API
2025-09-25,Hong Kong Dollar,HK$,12.3565,Exchange Rate API
2025-09-24,Hong Kong Dollar,HK$,12.3474,Exchange Rate API
2025-09-23,Hong Kong Dollar,HK$,12.3684,Exchange Rate API
2025-09-22,Hong Kong Dollar,HK$,12.3453,Exchange Rate API
2025-09-21,Hong Kong Dollar,HK$,12.4164,Exchange Rate API
2025-09-20,Hong Kong Dollar,HK$,12.4518,Exchange Rate API
2025-09-19,Hong Kong Dollar,HK$,12.4791,Exchange Rate API
2025-09-18,Hong Kong Dollar,HK$,12.5269,Exchange Rate API
2025-09-17,Hong Kong Dollar,HK$,12.5103,Exchange Rate API
2025-09-16,Hong Kong Dollar,HK$,12.5095,Exchange Rate API
2025-09-15,Hong Kong Dollar,HK$,12.4582,Exchange Rate API
2025-09-14,Hong Kong Dollar,HK$,12.3887,Exchange Rate API
2025-09-13,Hong Kong Dollar,HK$,12.4212,Exchange Rate API
2025-09-12,Hong Kong Dollar,HK$,12.4944,Exchange Rate API
2025-09-11,Hong Kong Dollar,HK$,12.5225,Exchange Rate API
2025-09-10,Hong Kong Dollar,HK$,12.4817,Exchange Rate API
2025-09-09,Hong Kong Dollar,HK$,12.4805,Exchange Rate API
2025-09-08,Hong Kong Dollar,HK$,12.5404,Exchange Rate API
2025-09-07,Hong Kong Dollar,HK$,12.4888,Exchange Rate API
2025-09-06,Hong Kong Dollar,HK$,12.4732,Exchange Rate API
2025-09-05,Hong Kong Dollar,HK$,12.4673,Exchange Rate API
2025-09-04,Hong Kong Dollar,HK$,12.4922,Exchange Rate API
2025-09-03,Hong Kong Dollar,HK$,12.5022,Exchange Rate API
2025-09-02,Hong Kong Dollar,HK$,12.4272,Exchange Rate API
2025-09-01,Hong Kong Dollar,HK$,12.4688,Exchange Rate API
2025-08-31,Hong Kong Dollar,HK$,12.5409,Exchange Rate API
2025-08-30,Hong Kong Dollar,HK$,12.529,Exchange Rate API
2025-08-29,Hong Kong Dollar,HK$,12.4972,Exchange Rate API
2025-08-28,Hong Kong Dollar,HK$,12.4459,Exchange Rate API
2025-08-27,Hong Kong Dollar,HK$,12.4553,Exchange Rate API
2025-08-26,Hong Kong Dollar,HK$,12.4161,Exchange Rate API
2025-08-25,Hong Kong Dollar,HK$,12.4315,Exchange Rate API
2025-08-24,Hong Kong Dollar,HK$,12.4988,Exchange Rate API
2025-08-23,Hong Kong Dollar,HK$,12.5497,Exchange Rate API
2025-08-22,Hong Kong Dollar,HK$,12.6057,Exchange Rate API
2025-08-21,Hong Kong Dollar,HK$,12.6331,Exchange Rate API
2025-08-20,Hong Kong Dollar,HK$,12.5665,Exchange Rate API
2025-08-19,Hong Kong Dollar,HK$,12.5314,Exchange Rate API
2025-08-18,Hong Kong Dollar,HK$,12.5911,Exchange Rate API
2025-08-17,Hong Kong Dollar,HK$,12.5654,Exchange Rate API
2025-08-16,Hong Kong Dollar,HK$,12.6323,Exchange Rate API
2025-08-15,Hong Kong Dollar,HK$,12.6767,Exchange Rate API
2025-08-14,Hong Kong Dollar,HK$,12.6287,Exchange Rate API
2025-08-13,Hong Kong Dollar,HK$,12.5996,Exchange Rate API
2025-08-12,Hong Kong Dollar,HK$,12.6528,Exchange Rate API
2025-08-11,Hong Kong Dollar,HK$,12.6345,Exchange Rate API
2025-08-10,Hong Kong Dollar,HK$,12.6116,Exchange Rate API
2025-08-09,Hong Kong Dollar,HK$,12.5695,Exchange Rate API
2025-08-08,Hong Kong Dollar,HK$,12.5937,Exchange Rate API
2025-08-07,Hong Kong Dollar,HK$,12.6424,Exchange Rate API
2025-08-06,Hong Kong Dollar,HK$,12.6247,Exchange Rate API
2025-08-05,Hong Kong Dollar,HK$,12.66,Exchange Rate API
2025-08-04,Hong Kong Dollar,HK$,12.7213,Exchange Rate API
2026-08-03,New Zealand Dollar,NZ$,56.2493,Exchange Rate API
2026-08-02,New Zealand Dollar,NZ$,56.4432,Exchange Rate API
2026-08-01,New Zealand Dollar,NZ$,56.5725,Exchange Rate API
2026-07-31,New Zealand Dollar,NZ$,56.5046,Exchange Rate API
2026-07-30,New Zealand Dollar,NZ$,56.1998,Exchange Rate API
2026-07-29,New Zealand Dollar,NZ$,56.1978,Exchange Rate API
2026-07-28,New Zealand Dollar,NZ$,56.345,Exchange Rate API
2026-07-27,New Zealand Dollar,NZ$,56.5864,Exchange Rate API
2026-07-26,New Zealand Dollar,NZ$,56.8972,Exchange Rate API
2026-07-25,New Zealand Dollar,NZ$,57.0875,Exchange Rate API
2026-07-24,New Zealand Dollar,NZ$,57.0112,Exchange Rate API
2026-07-23,New Zealand Dollar,NZ$,56.8428,Exchange Rate API
2026-07-22,New Zealand Dollar,NZ$,56.5563,Exchange Rate API
2026-07-21,New Zealand Dollar,NZ$,56.3986,Exchange Rate API
2026-07-20,New Zealand Dollar,NZ$,56.2843,Exchange Rate API
2026-07-19,New Zealand Dollar,NZ$,56.4106,Exchange Rate API
2026-07-18,New Zealand Dollar,NZ$,56.1251,Exchange Rate API
2026-07-17,New Zealand Dollar,NZ$,56.0766,Exchange Rate API
2026-07-16,New Zealand Dollar,NZ$,56.3472,Exchange Rate API
2026-07-15,New Zealand Dollar,NZ$,56.435,Exchange Rate API
2026-07-14,New Zealand Dollar,NZ$,56.6556,Exchange Rate API
2026-07-13,New Zealand Dollar,NZ$,56.8462,Exchange Rate API
2026-07-12,New Zealand Dollar,NZ$,56.7246,Exchange Rate API
2026-07-11,New Zealand Dollar,NZ$,56.7365,Exchange Rate API
2026-07-10,New Zealand Dollar,NZ$,56.9548,Exchange Rate API
2026-07-09,New Zealand Dollar,NZ$,56.8232,Exchange Rate API
2026-07-08,New Zealand Dollar,NZ$,56.8982,Exchange Rate API
2026-07-07,New Zealand Dollar,NZ$,56.6145,Exchange Rate API
2026-07-06,New Zealand Dollar,NZ$,56.7881,Exchange Rate API
2026-07-05,New Zealand Dollar,NZ$,57.0874,Exchange Rate API
2026-07-04,New Zealand Dollar,NZ$,57.3063,Exchange Rate API
2026-07-03,New Zealand Dollar,NZ$,57.2185,Exchange Rate API
2026-07-02,New Zealand Dollar,NZ$,56.9861,Exchange Rate API
2026-07-01,New Zealand Dollar,NZ$,56.785,Exchange Rate API
2026-06-30,New Zealand Dollar,NZ$,56.9306,Exchange Rate API
2026-06-29,New Zealand Dollar,NZ$,56.818,Exchange Rate API
2026-06-28,New Zealand Dollar,NZ$,57.0331,Exchange Rate API
2026-06-27,New Zealand Dollar,NZ$,57.3709,Exchange Rate API
2026-06-26,New Zealand Dollar,NZ$,57.5168,Exchange Rate API
2026-06-25,New Zealand Dollar,NZ$,57.4372,Exchange Rate API
2026-06-24,New Zealand Dollar,NZ$,57.6106,Exchange Rate API
2026-06-23,New Zealand Dollar,NZ$,57.8361,Exchange Rate API
2026-06-22,New Zealand Dollar,NZ$,57.6565,Exchange Rate API
2026-06-21,New Zealand Dollar,NZ$,57.7839,Exchange Rate API
2026-06-20,New Zealand Dollar,NZ$,57.7166,Exchange Rate API
2026-06-19,New Zealand Dollar,NZ$,57.8753,Exchange Rate API
2026-06-18,New Zealand Dollar,NZ$,57.9036,Exchange Rate API
2026-06-17,New Zealand Dollar,NZ$,57.6543,Exchange Rate API
2026-06-16,New Zealand Dollar,NZ$,57.4367,Exchange Rate API
2026-06-15,New Zealand Dollar,NZ$,57.641,Exchange Rate API
2026-06-14,New Zealand Dollar,NZ$,57.885,Exchange Rate API
2026-06-13,New Zealand Dollar,NZ$,58.211,Exchange Rate API
2026-06-12,New Zealand Dollar,NZ$,58.1927,Exchange Rate API
2026-06-11,New Zealand Dollar,NZ$,58.4193,Exchange Rate API
2026-06-10,New Zealand Dollar,NZ$,58.5825,Exchange Rate API
2026-06-09,New Zealand Dollar,NZ$,58.5603,Exchange Rate API
2026-06-08,New Zealand Dollar,NZ$,58.6669,Exchange Rate API
2026-06-07,New Zealand Dollar,NZ$,58.5837,Exchange Rate API
2026-06-06,New Zealand Dollar,NZ$,58.6888,Exchange Rate API
2026-06-05,New Zealand Dollar,NZ$,58.4146,Exchange Rate API
2026-06-04,New Zealand Dollar,NZ$,58.5539,Exchange Rate API
2026-06-03,New Zealand Dollar,NZ$,58.7763,Exchange Rate API
2026-06-02,New Zealand Dollar,NZ$,58.7058,Exchange Rate API
2026-06-01,New Zealand Dollar,NZ$,58.5874,Exchange Rate API
2026-05-31,New Zealand Dollar,NZ$,58.2452,Exchange Rate API
2026-05-30,New Zealand Dollar,NZ$,58.4406,Exchange Rate API
2026-05-29,New Zealand Dollar,NZ$,58.2665,Exchange Rate API
2026-05-28,New Zealand Dollar,NZ$,58.0701,Exchange Rate API
2026-05-27,New Zealand Dollar,NZ$,58.176,Exchange Rate API
2026-05-26,New Zealand Dollar,NZ$,58.205,Exchange Rate API
2026-05-25,New Zealand Dollar,NZ$,58.153,Exchange Rate API
2026-05-24,New Zealand Dollar,NZ$,58.2249,Exchange Rate API
2026-05-23,New Zealand Dollar,NZ$,58.266,Exchange Rate API
2026-05-22,New Zealand Dollar,NZ$,58.1393,Exchange Rate API
2026-05-21,New Zealand Dollar,NZ$,58.2838,Exchange Rate API
2026-05-20,New Zealand Dollar,NZ$,58.1395,Exchange Rate API
2026-05-19,New Zealand Dollar,NZ$,58.3589,Exchange Rate API
2026-05-18,New Zealand Dollar,NZ$,58.2588,Exchange Rate API
2026-05-17,New Zealand Dollar,NZ$,58.2615,Exchange Rate API
2026-05-16,New Zealand Dollar,NZ$,58.4105,Exchange Rate API
2026-05-15,New Zealand Dollar,NZ$,58.5389,Exchange Rate API
2026-05-14,New Zealand Dollar,NZ$,58.3202,Exchange Rate API
2026-05-13,New Zealand Dollar,NZ$,58.3188,Exchange Rate API
2026-05-12,New Zealand Dollar,NZ$,58.6327,Exchange Rate API
2026-05-11,New Zealand Dollar,NZ$,58.9295,Exchange Rate API
2026-05-10,New Zealand Dollar,NZ$,58.9582,Exchange Rate API
2026-05-09,New Zealand Dollar,NZ$,58.9564,Exchange Rate API
2026-05-08,New Zealand Dollar,NZ$,59.3074,Exchange Rate API
2026-05-07,New Zealand Dollar,NZ$,59.2087,Exchange Rate API
2026-05-06,New Zealand Dollar,NZ$,59.3009,Exchange Rate API
2026-05-05,New Zealand Dollar,NZ$,59.2911,Exchange Rate API
2026-05-04,New Zealand Dollar,NZ$,58.9561,Exchange Rate API
2026-05-03,New Zealand Dollar,NZ$,58.9344,Exchange Rate API
2026-05-02,New Zealand Dollar,NZ$,58.5994,Exchange Rate API
2026-05-01,New Zealand Dollar,NZ$,58.6509,Exchange Rate API
2026-04-30,New Zealand Dollar,NZ$,58.6948,Exchange Rate API
2026-04-29,New Zealand Dollar,NZ$,59.0335,Exchange Rate API
2026-04-28,New Zealand Dollar,NZ$,59.0126,Exchange Rate API
2026-04-27,New Zealand Dollar,NZ$,58.8195,Exchange Rate API
2026-04-26,New Zealand Dollar,NZ$,58.4916,Exchange Rate API
2026-04-25,New Zealand Dollar,NZ$,58.4384,Exchange Rate API
2026-04-24,New Zealand Dollar,NZ$,58.5491,Exchange Rate API
2026-04-23,New Zealand Dollar,NZ$,58.3021,Exchange Rate API
2026-04-22,New Zealand Dollar,NZ$,58.198,Exchange Rate API
2026-04-21,New Zealand Dollar,NZ$,58.2622,Exchange Rate API
2026-04-20,New Zealand Dollar,NZ$,58.284,Exchange Rate API
2026-04-19,New Zealand Dollar,NZ$,58.171,Exchange Rate API
2026-04-18,New Zealand Dollar,NZ$,57.9358,Exchange Rate API
2026-04-17,New Zealand Dollar,NZ$,58.0705,Exchange Rate API
2026-04-16,New Zealand Dollar,NZ$,58.177,Exchange Rate API
2026-04-15,New Zealand Dollar,NZ$,57.9999,Exchange Rate API
2026-04-14,New Zealand Dollar,NZ$,58.2412,Exchange Rate API
2026-04-13,New Zealand Dollar,NZ$,58.1445,Exchange Rate API
2026-04-12,New Zealand Dollar,NZ$,58.4576,Exchange Rate API
2026-04-11,New Zealand Dollar,NZ$,58.7047,Exchange Rate API
2026-04-10,New Zealand Dollar,NZ$,58.8449,Exchange Rate API
2026-04-09,New Zealand Dollar,NZ$,58.7143,Exchange Rate API
2026-04-08,New Zealand Dollar,NZ$,58.9655,Exchange Rate API
2026-04-07,New Zealand Dollar,NZ$,58.8843,Exchange Rate API
2026-04-06,New Zealand Dollar,NZ$,58.6681,Exchange Rate API
2026-04-05,New Zealand Dollar,NZ$,58.8582,Exchange Rate API
2026-04-04,New Zealand Dollar,NZ$,58.731,Exchange Rate API
2026-04-03,New Zealand Dollar,NZ$,58.6527,Exchange Rate API
2026-04-02,New Zealand Dollar,NZ$,59.0023,Exchange Rate API
2026-04-01,New Zealand Dollar,NZ$,58.7359,Exchange Rate API
2026-03-31,New Zealand Dollar,NZ$,58.4725,Exchange Rate API
2026-03-30,New Zealand Dollar,NZ$,58.8117,Exchange Rate API
2026-03-29,New Zealand Dollar,NZ$,58.6402,Exchange Rate API
2026-03-28,New Zealand Dollar,NZ$,58.597,Exchange Rate API
2026-03-27,New Zealand Dollar,NZ$,58.9181,Exchange Rate API
2026-03-26,New Zealand Dollar,NZ$,58.6341,Exchange Rate API
2026-03-25,New Zealand Dollar,NZ$,58.9055,Exchange Rate API
2026-03-24,New Zealand Dollar,NZ$,58.8549,Exchange Rate API
2026-03-23,New Zealand Dollar,NZ$,59.0313,Exchange Rate API
2026-03-22,New Zealand Dollar,NZ$,58.7224,Exchange Rate API
2026-03-21,New Zealand Dollar,NZ$,58.8523,Exchange Rate API
2026-03-20,New Zealand Dollar,NZ$,58.5563,Exchange Rate API
2026-03-19,New Zealand Dollar,NZ$,58.7407,Exchange Rate API
2026-03-18,New Zealand Dollar,NZ$,58.6266,Exchange Rate API
2026-03-17,New Zealand Dollar,NZ$,58.2767,Exchange Rate API
2026-03-16,New Zealand Dollar,NZ$,58.2547,Exchange Rate API
2026-03-15,New Zealand Dollar,NZ$,58.4404,Exchange Rate API
2026-03-14,New Zealand Dollar,NZ$,58.2438,Exchange Rate API
2026-03-13,New Zealand Dollar,NZ$,57.9181,Exchange Rate API
2026-03-12,New Zealand Dollar,NZ$,57.7331,Exchange Rate API
2026-03-11,New Zealand Dollar,NZ$,57.769,Exchange Rate API
2026-03-10,New Zealand Dollar,NZ$,58.0574,Exchange Rate API
2026-03-09,New Zealand Dollar,NZ$,58.2491,Exchange Rate API
2026-03-08,New Zealand Dollar,NZ$,58.4082,Exchange Rate API
2026-03-07,New Zealand Dollar,NZ$,58.3319,Exchange Rate API
2026-03-06,New Zealand Dollar,NZ$,58.2863,Exchange Rate API
2026-03-05,New Zealand Dollar,NZ$,58.4514,Exchange Rate API
2026-03-04,New Zealand Dollar,NZ$,58.1333,Exchange Rate API
2026-03-03,New Zealand Dollar,NZ$,57.8644,Exchange Rate API
2026-03-02,New Zealand Dollar,NZ$,57.5449,Exchange Rate API
2026-03-01,New Zealand Dollar,NZ$,57.5803,Exchange Rate API
2026-02-28,New Zealand Dollar,NZ$,57.5182,Exchange Rate API
2026-02-27,New Zealand Dollar,NZ$,57.2652,Exchange Rate API
2026-02-26,New Zealand Dollar,NZ$,57.5734,Exchange Rate API
2026-02-25,New Zealand Dollar,NZ$,57.5784,Exchange Rate API
2026-02-24,New Zealand Dollar,NZ$,57.5096,Exchange Rate API
2026-02-23,New Zealand Dollar,NZ$,57.5932,Exchange Rate API
2026-02-22,New Zealand Dollar,NZ$,57.3364,Exchange Rate API
2026-02-21,New Zealand Dollar,NZ$,57.3144,Exchange Rate API
2026-02-20,New Zealand Dollar,NZ$,57.285,Exchange Rate API
2026-02-19,New Zealand Dollar,NZ$,57.3988,Exchange Rate API
2026-02-18,New Zealand Dollar,NZ$,57.0687,Exchange Rate API
2026-02-17,New Zealand Dollar,NZ$,57.1186,Exchange Rate API
2026-02-16,New Zealand Dollar,NZ$,57.1801,Exchange Rate API
2026-02-15,New Zealand Dollar,NZ$,57.4865,Exchange Rate API
2026-02-14,New Zealand Dollar,NZ$,57.1668,Exchange Rate API
2026-02-13,New Zealand Dollar,NZ$,56.8832,Exchange Rate API
2026-02-12,New Zealand Dollar,NZ$,56.9103,Exchange Rate API
2026-02-11,New Zealand Dollar,NZ$,57.09,Exchange Rate API
2026-02-10,New Zealand Dollar,NZ$,57.1492,Exchange Rate API
2026-02-09,New Zealand Dollar,NZ$,57.1243,Exchange Rate API
2026-02-08,New Zealand Dollar,NZ$,57.2723,Exchange Rate API
2026-02-07,New Zealand Dollar,NZ$,57.3492,Exchange Rate API
2026-02-06,New Zealand Dollar,NZ$,57.4072,Exchange Rate API
2026-02-05,New Zealand Dollar,NZ$,57.3585,Exchange Rate API
2026-02-04,New Zealand Dollar,NZ$,57.6476,Exchange Rate API
2026-02-03,New Zealand Dollar,NZ$,57.3336,Exchange Rate API
2026-02-02,New Zealand Dollar,NZ$,57.4415,Exchange Rate API
2026-02-01,New Zealand Dollar,NZ$,57.5481,Exchange Rate API
2026-01-31,New Zealand Dollar,NZ$,57.676,Exchange Rate API
2026-01-30,New Zealand Dollar,NZ$,57.9877,Exchange Rate API
2026-01-29,New Zealand Dollar,NZ$,57.728,Exchange Rate API
2026-01-28,New Zealand Dollar,NZ$,57.9132,Exchange Rate API
2026-01-27,New Zealand Dollar,NZ$,57.8235,Exchange Rate API
2026-01-26,New Zealand Dollar,NZ$,57.8023,Exchange Rate API
2026-01-25,New Zealand Dollar,NZ$,57.934,Exchange Rate API
2026-01-24,New Zealand Dollar,NZ$,57.7249,Exchange Rate API
2026-01-23,New Zealand Dollar,NZ$,57.8036,Exchange Rate API
2026-01-22,New Zealand Dollar,NZ$,58.0942,Exchange Rate API
2026-01-21,New Zealand Dollar,NZ$,57.9349,Exchange Rate API
2026-01-20,New Zealand Dollar,NZ$,58.1364,Exchange Rate API
2026-01-19,New Zealand Dollar,NZ$,58.2875,Exchange Rate API
2026-01-18,New Zealand Dollar,NZ$,58.5872,Exchange Rate API
2026-01-17,New Zealand Dollar,NZ$,58.9099,Exchange Rate API
2026-01-16,New Zealand Dollar,NZ$,58.7969,Exchange Rate API
2026-01-15,New Zealand Dollar,NZ$,58.8298,Exchange Rate API
2026-01-14,New Zealand Dollar,NZ$,58.5222,Exchange Rate API
2026-01-13,New Zealand Dollar,NZ$,58.337,Exchange Rate API
2026-01-12,New Zealand Dollar,NZ$,58.2523,Exchange Rate API
2026-01-11,New Zealand Dollar,NZ$,58.4451,Exchange Rate API
2026-01-10,New Zealand Dollar,NZ$,58.4855,Exchange Rate API
2026-01-09,New Zealand Dollar,NZ$,58.2826,Exchange Rate API
2026-01-08,New Zealand Dollar,NZ$,57.9752,Exchange Rate API
2026-01-07,New Zealand Dollar,NZ$,58.2629,Exchange Rate API
2026-01-06,New Zealand Dollar,NZ$,58.0337,Exchange Rate API
2026-01-05,New Zealand Dollar,NZ$,58.3153,Exchange Rate API
2026-01-04,New Zealand Dollar,NZ$,57.9746,Exchange Rate API
2026-01-03,New Zealand Dollar,NZ$,57.8317,Exchange Rate API
2026-01-02,New Zealand Dollar,NZ$,57.6309,Exchange Rate API
2026-01-01,New Zealand Dollar,NZ$,57.6783,Exchange Rate API
2025-12-31,New Zealand Dollar,NZ$,57.3954,Exchange Rate API
2025-12-30,New Zealand Dollar,NZ$,57.7148,Exchange Rate API
2025-12-29,New Zealand Dollar,NZ$,57.5892,Exchange Rate API
2025-12-28,New Zealand Dollar,NZ$,57.7598,Exchange Rate API
2025-12-27,New Zealand Dollar,NZ$,57.8433,Exchange Rate API
2025-12-26,New Zealand Dollar,NZ$,57.8258,Exchange Rate API
2025-12-25,New Zealand Dollar,NZ$,57.9282,Exchange Rate API
2025-12-24,New Zealand Dollar,NZ$,58.0887,Exchange Rate API
2025-12-23,New Zealand Dollar,NZ$,58.2604,Exchange Rate API
2025-12-22,New Zealand Dollar,NZ$,58.314,Exchange Rate API
2025-12-21,New Zealand Dollar,NZ$,58.2356,Exchange Rate API
2025-12-20,New Zealand Dollar,NZ$,58.5477,Exchange Rate API
2025-12-19,New Zealand Dollar,NZ$,58.7012,Exchange Rate API
2025-12-18,New Zealand Dollar,NZ$,58.7417,Exchange Rate API
2025-12-17,New Zealand Dollar,NZ$,58.6829,Exchange Rate API
2025-12-16,New Zealand Dollar,NZ$,58.7389,Exchange Rate API
2025-12-15,New Zealand Dollar,NZ$,58.7593,Exchange Rate API
2025-12-14,New Zealand Dollar,NZ$,58.726,Exchange Rate API
2025-12-13,New Zealand Dollar,NZ$,58.3972,Exchange Rate API
2025-12-12,New Zealand Dollar,NZ$,58.5964,Exchange Rate API
2025-12-11,New Zealand Dollar,NZ$,58.2892,Exchange Rate API
2025-12-10,New Zealand Dollar,NZ$,57.9653,Exchange Rate API
2025-12-09,New Zealand Dollar,NZ$,58.0788,Exchange Rate API
2025-12-08,New Zealand Dollar,NZ$,58.2244,Exchange Rate API
2025-12-07,New Zealand Dollar,NZ$,58.1073,Exchange Rate API
2025-12-06,New Zealand Dollar,NZ$,58.1263,Exchange Rate API
2025-12-05,New Zealand Dollar,NZ$,58.1425,Exchange Rate API
2025-12-04,New Zealand Dollar,NZ$,58.1311,Exchange Rate API
2025-12-03,New Zealand Dollar,NZ$,58.4732,Exchange Rate API
2025-12-02,New Zealand Dollar,NZ$,58.5734,Exchange Rate API
2025-12-01,New Zealand Dollar,NZ$,58.6609,Exchange Rate API
2025-11-30,New Zealand Dollar,NZ$,58.8585,Exchange Rate API
2025-11-29,New Zealand Dollar,NZ$,58.6232,Exchange Rate API
2025-11-28,New Zealand Dollar,NZ$,58.9563,Exchange Rate API
2025-11-27,New Zealand Dollar,NZ$,59.2506,Exchange Rate API
2025-11-26,New Zealand Dollar,NZ$,59.2679,Exchange Rate API
2025-11-25,New Zealand Dollar,NZ$,59.3697,Exchange Rate API
2025-11-24,New Zealand Dollar,NZ$,59.5222,Exchange Rate API
2025-11-23,New Zealand Dollar,NZ$,59.3494,Exchange Rate API
2025-11-22,New Zealand Dollar,NZ$,59.6751,Exchange Rate API
2025-11-21,New Zealand Dollar,NZ$,59.7359,Exchange Rate API
2025-11-20,New Zealand Dollar,NZ$,59.8394,Exchange Rate API
2025-11-19,New Zealand Dollar,NZ$,59.7324,Exchange Rate API
2025-11-18,New Zealand Dollar,NZ$,59.8693,Exchange Rate API
2025-11-17,New Zealand Dollar,NZ$,59.8931,Exchange Rate API
2025-11-16,New Zealand Dollar,NZ$,59.683,Exchange Rate API
2025-11-15,New Zealand Dollar,NZ$,59.6917,Exchange Rate API
2025-11-14,New Zealand Dollar,NZ$,60.0391,Exchange Rate API
2025-11-13,New Zealand Dollar,NZ$,60.0616,Exchange Rate API
2025-11-12,New Zealand Dollar,NZ$,60.332,Exchange Rate API
2025-11-11,New Zealand Dollar,NZ$,60.6871,Exchange Rate API
2025-11-10,New Zealand Dollar,NZ$,60.8245,Exchange Rate API
2025-11-09,New Zealand Dollar,NZ$,60.7642,Exchange Rate API
2025-11-08,New Zealand Dollar,NZ$,60.5225,Exchange Rate API
2025-11-07,New Zealand Dollar,NZ$,60.5596,Exchange Rate API
2025-11-06,New Zealand Dollar,NZ$,60.2816,Exchange Rate API
2025-11-05,New Zealand Dollar,NZ$,60.3289,Exchange Rate API
2025-11-04,New Zealand Dollar,NZ$,60.3687,Exchange Rate API
2025-11-03,New Zealand Dollar,NZ$,60.0517,Exchange Rate API
2025-11-02,New Zealand Dollar,NZ$,60.3693,Exchange Rate API
2025-11-01,New Zealand Dollar,NZ$,60.431,Exchange Rate API
2025-10-31,New Zealand Dollar,NZ$,60.7853,Exchange Rate API
2025-10-30,New Zealand Dollar,NZ$,60.6221,Exchange Rate API
2025-10-29,New Zealand Dollar,NZ$,60.2737,Exchange Rate API
2025-10-28,New Zealand Dollar,NZ$,60.0085,Exchange Rate API
2025-10-27,New Zealand Dollar,NZ$,60.0139,Exchange Rate API
2025-10-26,New Zealand Dollar,NZ$,59.8383,Exchange Rate API
2025-10-25,New Zealand Dollar,NZ$,59.7919,Exchange Rate API
2025-10-24,New Zealand Dollar,NZ$,59.5643,Exchange Rate API
2025-10-23,New Zealand Dollar,NZ$,59.2714,Exchange Rate API
2025-10-22,New Zealand Dollar,NZ$,59.0415,Exchange Rate API
2025-10-21,New Zealand Dollar,NZ$,58.7478,Exchange Rate API
2025-10-20,New Zealand Dollar,NZ$,58.8787,Exchange Rate API
2025-10-19,New Zealand Dollar,NZ$,58.7685,Exchange Rate API
2025-10-18,New Zealand Dollar,NZ$,58.9136,Exchange Rate API
2025-10-17,New Zealand Dollar,NZ$,58.7937,Exchange Rate API
2025-10-16,New Zealand Dollar,NZ$,58.9624,Exchange Rate API
2025-10-15,New Zealand Dollar,NZ$,59.1123,Exchange Rate API
2025-10-14,New Zealand Dollar,NZ$,59.2377,Exchange Rate API
2025-10-13,New Zealand Dollar,NZ$,59.5112,Exchange Rate API
2025-10-12,New Zealand Dollar,NZ$,59.1588,Exchange Rate API
2025-10-11,New Zealand Dollar,NZ$,59.2368,Exchange Rate API
2025-10-10,New Zealand Dollar,NZ$,59.2042,Exchange Rate API
2025-10-09,New Zealand Dollar,NZ$,59.2296,Exchange Rate API
2025-10-08,New Zealand Dollar,NZ$,59.0845,Exchange Rate API
2025-10-07,New Zealand Dollar,NZ$,59.2457,Exchange Rate API
2025-10-06,New Zealand Dollar,NZ$,59.5178,Exchange Rate API
2025-10-05,New Zealand Dollar,NZ$,59.4433,Exchange Rate API
2025-10-04,New Zealand Dollar,NZ$,59.6752,Exchange Rate API
2025-10-03,New Zealand Dollar,NZ$,59.3173,Exchange Rate API
2025-10-02,New Zealand Dollar,NZ$,59.2033,Exchange Rate API
2025-10-01,New Zealand Dollar,NZ$,59.385,Exchange Rate API
2025-09-30,New Zealand Dollar,NZ$,59.2326,Exchange Rate API
2025-09-29,New Zealand Dollar,NZ$,59.5014,Exchange Rate API
2025-09-28,New Zealand Dollar,NZ$,59.5671,Exchange Rate API
2025-09-27,New Zealand Dollar,NZ$,59.3436,Exchange Rate API
2025-09-26,New Zealand Dollar,NZ$,59.6386,Exchange Rate API
2025-09-25,New Zealand Dollar,NZ$,59.6814,Exchange Rate API
2025-09-24,New Zealand Dollar,NZ$,59.8025,Exchange Rate API
2025-09-23,New Zealand Dollar,NZ$,59.7926,Exchange Rate API
2025-09-22,New Zealand Dollar,NZ$,60.0529,Exchange Rate API
2025-09-21,New Zealand Dollar,NZ$,60.2579,Exchange Rate API
2025-09-20,New Zealand Dollar,NZ$,60.2982,Exchange Rate API
2025-09-19,New Zealand Dollar,NZ$,60.4019,Exchange Rate API
2025-09-18,New Zealand Dollar,NZ$,60.2539,Exchange Rate API
2025-09-17,New Zealand Dollar,NZ$,59.9799,Exchange Rate API
2025-09-16,New Zealand Dollar,NZ$,59.948,Exchange Rate API
2025-09-15,New Zealand Dollar,NZ$,59.5941,Exchange Rate API
2025-09-14,New Zealand Dollar,NZ$,59.7488,Exchange Rate API
2025-09-13,New Zealand Dollar,NZ$,59.5615,Exchange Rate API
2025-09-12,New Zealand Dollar,NZ$,59.4383,Exchange Rate API
2025-09-11,New Zealand Dollar,NZ$,59.5818,Exchange Rate API
2025-09-10,New Zealand Dollar,NZ$,59.7624,Exchange Rate API
2025-09-09,New Zealand Dollar,NZ$,59.7502,Exchange Rate API
2025-09-08,New Zealand Dollar,NZ$,59.8918,Exchange Rate API
2025-09-07,New Zealand Dollar,NZ$,59.6904,Exchange Rate API
2025-09-06,New Zealand Dollar,NZ$,59.3366,Exchange Rate API
2025-09-05,New Zealand Dollar,NZ$,59.283,Exchange Rate API
2025-09-04,New Zealand Dollar,NZ$,59.0971,Exchange Rate API
2025-09-03,New Zealand Dollar,NZ$,58.9881,Exchange Rate API
2025-09-02,New Zealand Dollar,NZ$,58.9452,Exchange Rate API
2025-09-01,New Zealand Dollar,NZ$,59.0001,Exchange Rate API
2025-08-31,New Zealand Dollar,NZ$,59.0868,Exchange Rate API
2025-08-30,New Zealand Dollar,NZ$,59.389,Exchange Rate API
2025-08-29,New Zealand Dollar,NZ$,59.2361,Exchange Rate API
2025-08-28,New Zealand Dollar,NZ$,59.3021,Exchange Rate API
2025-08-27,New Zealand Dollar,NZ$,59.1521,Exchange Rate API
2025-08-26,New Zealand Dollar,NZ$,59.158,Exchange Rate API
2025-08-25,New Zealand Dollar,NZ$,58.9388,Exchange Rate API
2025-08-24,New Zealand Dollar,NZ$,58.947,Exchange Rate API
2025-08-23,New Zealand Dollar,NZ$,58.7502,Exchange Rate API
2025-08-22,New Zealand Dollar,NZ$,58.7235,Exchange Rate API
2025-08-21,New Zealand Dollar,NZ$,58.7727,Exchange Rate API
2025-08-20,New Zealand Dollar,NZ$,58.907,Exchange Rate API
2025-08-19,New Zealand Dollar,NZ$,59.1764,Exchange Rate API
2025-08-18,New Zealand Dollar,NZ$,59.0462,Exchange Rate API
2025-08-17,New Zealand Dollar,NZ$,59.3925,Exchange Rate API
2025-08-16,New Zealand Dollar,NZ$,59.5469,Exchange Rate API
2025-08-15,New Zealand Dollar,NZ$,59.2804,Exchange Rate API
2025-08-14,New Zealand Dollar,NZ$,59.377,Exchange Rate API
2025-08-13,New Zealand Dollar,NZ$,59.4544,Exchange Rate API
2025-08-12,New Zealand Dollar,NZ$,59.1938,Exchange Rate API
2025-08-11,New Zealand Dollar,NZ$,58.8902,Exchange Rate API
2025-08-10,New Zealand Dollar,NZ$,59.0825,Exchange Rate API
2025-08-09,New Zealand Dollar,NZ$,59.0997,Exchange Rate API
2025-08-08,New Zealand Dollar,NZ$,59.2328,Exchange Rate API
2025-08-07,New Zealand Dollar,NZ$,59.1882,Exchange Rate API
2025-08-06,New Zealand Dollar,NZ$,59.2813,Exchange Rate API
2025-08-05,New Zealand Dollar,NZ$,59.4281,Exchange Rate API
2025-08-04,New Zealand Dollar,NZ$,59.5076,Exchange Rate API
