customer_id,first_name,last_name,dob,gender,email,phone,occupation,annual_income,customer_since,risk_rating,customer_status,created_at,updated_at,source_system
CUST00006001,Advay,Som,1990-01-11,Male,advay.som486@yahoo.com,+919166447353,Illustrator,3500000.0,2025-10-27,Low,Active,2026-08-03 12:22:13.087360,2026-08-03 12:22:13.087360,Enterprise System
CUST00006002,Osha,Kashyap,1952-01-08,Male,osha.kashyap346@yahoo.com,+919037812171,Water engineer,300000.0,1995-07-03,High,Active,2026-08-03 12:22:13.087360,2026-08-03 12:22:13.087360,Enterprise System
CUST00006003,Ekansh,Nazareth,1989-05-11,Male,ekansh.nazareth952@outlook.com,+919314072909,"Teacher, secondary school",500000.0,2016-01-14,High,Blocked,2026-08-03 12:22:13.087360,2026-08-03 12:22:13.087360,Enterprise System
CUST00006004,Sarthak,Bains,1997-03-29,Female,sarthak.bains192@gmail.com,+919036303113,"Engineer, materials",500000.0,2024-12-20,High,Active,2026-08-03 12:22:13.087360,2026-08-03 12:22:13.087360,Enterprise System
CUST00006005,Chatura,Devan,1971-10-06,Prefer Not to Say,chatura.devan129@gmail.com,+919680510096,"Designer, furniture",500000.0,1991-10-25,High,Active,2026-08-03 12:22:13.087360,2026-08-03 12:22:13.087360,Enterprise System
CUST00006006,Lekha,Koshy,1958-04-13,Female,lekha.koshy563@hotmail.com,+919410704359,Volunteer coordinator,300000.0,1982-08-31,High,Active,2026-08-03 12:22:13.087360,2026-08-03 12:22:13.087360,Enterprise System
CUST00006007,Rohan,Kamdar,1975-10-23,Non-Binary,rohan.kamdar1@gmail.com,+919184418010,Musician,300000.0,2000-01-30,High,Active,2026-08-03 12:22:13.087360,2026-08-03 12:22:13.087360,Enterprise System
CUST00006008,Jeremiah,Bhatnagar,1998-09-02,Non-Binary,jeremiah.bhatnagar488@yahoo.com,+919678948770,"Scientist, water quality",500000.0,2020-04-21,High,Active,2026-08-03 12:22:13.087360,2026-08-03 12:22:13.087360,Enterprise System
CUST00006009,Pranit,Gupta,1957-07-17,Male,pranit.gupta699@outlook.com,+919756114060,Stage manager,500000.0,1984-09-20,High,Active,2026-08-03 12:22:13.087360,2026-08-03 12:22:13.087360,Enterprise System
CUST00006010,Watika,Patel,1945-12-11,Male,watika.patel196@yahoo.com,+919788218386,Animal nutritionist,500000.0,2008-09-06,High,Active,2026-08-03 12:22:13.087360,2026-08-03 12:22:13.087360,Enterprise System
CUST00006011,Jyoti,Acharya,2005-01-05,Female,jyoti.acharya31@yahoo.com,+919131854045,Academic librarian,300000.0,2025-06-01,High,Active,2026-08-03 12:22:13.087360,2026-08-03 12:22:13.087360,Enterprise System
CUST00006012,Guneet,Tara,1971-10-17,Non-Binary,guneet.tara619@hotmail.com,+919617650155,Publishing copy,300000.0,2014-03-31,High,Active,2026-08-03 12:22:13.087360,2026-08-03 12:22:13.087360,Enterprise System
CUST00006013,Kamya,Hari,1980-07-18,Non-Binary,kamya.hari626@outlook.com,+919897878520,Statistician,800000.0,2014-05-05,Medium,Active,2026-08-03 12:22:13.087360,2026-08-03 12:22:13.087360,Enterprise System
CUST00006014,Xalak,Basu,1992-01-09,Female,xalak.basu682@outlook.com,+919195834075,"Engineer, mining",500000.0,2025-04-20,High,Active,2026-08-03 12:22:13.087360,2026-08-03 12:22:13.087360,Enterprise System
CUST00006015,Pratyush,Oza,1999-06-01,Male,pratyush.oza698@hotmail.com,+919524339763,Customer service manager,300000.0,2025-05-10,High,Active,2026-08-03 12:22:13.087360,2026-08-03 12:22:13.087360,Enterprise System
CUST00006016,Aditya,Halder,1966-03-07,Female,aditya.halder788@gmail.com,+919341193429,Television floor manager,300000.0,1993-10-08,High,Active,2026-08-03 12:22:13.087360,2026-08-03 12:22:13.087360,Enterprise System
CUST00006017,Zayan,Shenoy,1946-04-01,Non-Binary,zayan.shenoy138@outlook.com,+919125011552,"Conservator, furniture",300000.0,2026-04-11,High,Blocked,2026-08-03 12:22:13.087360,2026-08-03 12:22:13.087360,Enterprise System
CUST00006018,Ayushman,Master,2004-04-21,Prefer Not to Say,ayushman.master733@gmail.com,+919641911455,Sales executive,500000.0,2023-09-04,High,Blocked,2026-08-03 12:22:13.088446,2026-08-03 12:22:13.088446,Enterprise System
CUST00006019,Gautam,Bawa,2008-07-26,Male,gautam.bawa962@outlook.com,+919916065556,Homeopath,300000.0,2026-07-29,High,Active,2026-08-03 12:22:13.088446,2026-08-03 12:22:13.088446,Enterprise System
CUST00006020,Mekhala,Kohli,1994-05-08,Non-Binary,mekhala.kohli923@outlook.com,+919094517552,Scientific laboratory technician,500000.0,2013-04-22,High,Blocked,2026-08-03 12:22:13.088446,2026-08-03 12:22:13.088446,Enterprise System
CUST00006021,Vasudha,Yohannan,1966-01-29,Prefer Not to Say,vasudha.yohannan818@outlook.com,+919878676733,"Engineer, water",500000.0,2025-08-11,High,Active,2026-08-03 12:22:13.088446,2026-08-03 12:22:13.088446,Enterprise System
CUST00006022,Dakshesh,Sabharwal,1954-08-18,Male,dakshesh.sabharwal357@hotmail.com,+919051276463,Wellsite geologist,1200000.0,1983-10-23,Medium,Active,2026-08-03 12:22:13.088446,2026-08-03 12:22:13.088446,Enterprise System
CUST00006023,Luke,Virk,1989-02-08,Prefer Not to Say,luke.virk856@yahoo.com,+919251338690,Architectural technologist,500000.0,2007-10-23,High,Active,2026-08-03 12:22:13.088446,2026-08-03 12:22:13.088446,Enterprise System
CUST00006024,Balvan,Sunder,1963-05-17,Male,balvan.sunder731@hotmail.com,+919968380138,Sales executive,800000.0,1988-08-18,Medium,Active,2026-08-03 12:22:13.088446,2026-08-03 12:22:13.088446,Enterprise System
CUST00006025,Krish,Bath,1963-01-13,Female,krish.bath915@gmail.com,+919328207507,Television camera operator,300000.0,1991-03-05,High,Active,2026-08-03 12:22:13.088446,2026-08-03 12:22:13.088446,Enterprise System
CUST00006026,Ishwar,Ravel,1994-09-16,Male,ishwar.ravel803@yahoo.com,+919870466683,"Engineer, maintenance (IT)",2000000.0,2016-08-25,Low,Active,2026-08-03 12:22:13.088446,2026-08-03 12:22:13.088446,Enterprise System
CUST00006027,Imaran,Murthy,1954-09-10,Non-Binary,imaran.murthy8@gmail.com,+919232763597,"Conservator, museum/gallery",1200000.0,2009-04-14,Medium,Active,2026-08-03 12:22:13.088446,2026-08-03 12:22:13.088446,Enterprise System
CUST00006028,Isaac,Kata,1974-03-10,Male,isaac.kata927@outlook.com,+919468609800,Clinical cytogeneticist,300000.0,2019-04-24,High,Active,2026-08-03 12:22:13.088446,2026-08-03 12:22:13.088446,Enterprise System
CUST00006029,Rishi,Khanna,1965-03-04,Female,rishi.khanna575@hotmail.com,+919010903220,Trade mark attorney,500000.0,1990-04-07,High,Dormant,2026-08-03 12:22:13.088446,2026-08-03 12:22:13.088446,Enterprise System
CUST00006030,Faris,Handa,1953-09-10,Female,faris.handa143@hotmail.com,+919225147723,"Pilot, airline",5000000.0,1974-10-03,Low,Active,2026-08-03 12:22:13.088446,2026-08-03 12:22:13.088446,Enterprise System
CUST00006031,Bhavani,Dhar,2003-01-28,Non-Binary,bhavani.dhar27@outlook.com,+919062155938,Special educational needs teacher,2000000.0,2025-11-08,Low,Closed,2026-08-03 12:22:13.088446,2026-08-03 12:22:13.088446,Enterprise System
CUST00006032,Krisha,Rau,1999-11-26,Prefer Not to Say,krisha.rau588@yahoo.com,+919649952033,Biomedical engineer,500000.0,2022-01-12,High,Active,2026-08-03 12:22:13.088446,2026-08-03 12:22:13.088446,Enterprise System
CUST00006033,Yasti,Sengupta,1967-12-22,Male,yasti.sengupta52@gmail.com,+919216286519,Community development worker,800000.0,2011-09-24,Medium,Active,2026-08-03 12:22:13.088446,2026-08-03 12:22:13.088446,Enterprise System
CUST00006034,Ijaya,Radhakrishnan,1984-10-05,Male,ijaya.radhakrishnan995@yahoo.com,+919146464050,Chiropodist,800000.0,2013-03-18,Medium,Active,2026-08-03 12:22:13.088446,2026-08-03 12:22:13.088446,Enterprise System
CUST00006035,Sneha,Date,1974-11-11,Non-Binary,sneha.date214@outlook.com,+919448079938,Waste management officer,800000.0,2026-07-27,Medium,Active,2026-08-03 12:22:13.088446,2026-08-03 12:22:13.088446,Enterprise System
CUST00006036,Jalsa,Sharaf,1966-07-19,Non-Binary,jalsa.sharaf969@outlook.com,+919594109149,Ship broker,500000.0,1997-07-16,High,Active,2026-08-03 12:22:13.088446,2026-08-03 12:22:13.088446,Enterprise System
CUST00006037,Ansh,Sankaran,1951-03-22,Prefer Not to Say,ansh.sankaran789@hotmail.com,+919591937636,Air cabin crew,1200000.0,1998-10-22,Medium,Active,2026-08-03 12:22:13.088446,2026-08-03 12:22:13.088446,Enterprise System
CUST00006038,Bhavna,Lal,1987-08-02,Female,bhavna.lal991@outlook.com,+919458810174,Armed forces logistics/support/administrative officer,1200000.0,2013-07-09,Medium,Active,2026-08-03 12:22:13.088446,2026-08-03 12:22:13.088446,Enterprise System
CUST00006039,Nikita,Deshmukh,1960-01-31,Female,nikita.deshmukh288@hotmail.com,+919614471144,"Investment banker, operational",300000.0,2004-12-07,High,Active,2026-08-03 12:22:13.088446,2026-08-03 12:22:13.088446,Enterprise System
CUST00006040,Imaran,Kumer,1949-02-18,Non-Binary,imaran.kumer23@gmail.com,+919433642229,Technical author,300000.0,1997-10-11,High,Blocked,2026-08-03 12:22:13.088446,2026-08-03 12:22:13.088446,Enterprise System
CUST00006041,Tristan,Parikh,1946-01-30,Female,tristan.parikh554@gmail.com,+919512823555,Agricultural engineer,800000.0,2016-11-03,Medium,Blocked,2026-08-03 12:22:13.088446,2026-08-03 12:22:13.088446,Enterprise System
CUST00006042,Udyati,Gara,1974-07-24,Female,udyati.gara537@yahoo.com,+919933013452,Water engineer,1200000.0,2009-02-11,Medium,Closed,2026-08-03 12:22:13.088446,2026-08-03 12:22:13.088446,Enterprise System
CUST00006043,Girindra,Dugar,1969-08-18,Prefer Not to Say,girindra.dugar882@gmail.com,+919681936546,"Embryologist, clinical",500000.0,2017-05-01,High,Active,2026-08-03 12:22:13.088446,2026-08-03 12:22:13.088446,Enterprise System
CUST00006044,Vansha,Natt,1954-09-04,Male,vansha.natt35@gmail.com,+919849948363,TEFL teacher,300000.0,2010-11-09,High,Active,2026-08-03 12:22:13.089448,2026-08-03 12:22:13.089448,Enterprise System
CUST00006045,Suhani,Ahuja,2007-09-07,Prefer Not to Say,suhani.ahuja229@hotmail.com,+919376147932,Orthoptist,300000.0,2026-07-28,High,Blocked,2026-08-03 12:22:13.089448,2026-08-03 12:22:13.089448,Enterprise System
CUST00006046,Tejas,Dewan,1996-01-18,Male,tejas.dewan258@yahoo.com,+919320328060,Public affairs consultant,800000.0,2026-01-07,Medium,Active,2026-08-03 12:22:13.089448,2026-08-03 12:22:13.089448,Enterprise System
CUST00006047,Watika,Chowdhury,1960-01-17,Female,watika.chowdhury53@yahoo.com,+919912492591,Company secretary,300000.0,2010-02-01,High,Active,2026-08-03 12:22:13.089448,2026-08-03 12:22:13.089448,Enterprise System
CUST00006048,Kavya,Bal,1961-07-31,Male,kavya.bal442@outlook.com,+919193495616,Network engineer,1200000.0,2021-10-29,Medium,Active,2026-08-03 12:22:13.089448,2026-08-03 12:22:13.089448,Enterprise System
CUST00006049,Ekani,Subramanian,1949-12-16,Female,ekani.subramanian890@hotmail.com,+919230326782,"Optician, dispensing",5000000.0,2012-02-04,Low,Active,2026-08-03 12:22:13.089448,2026-08-03 12:22:13.089448,Enterprise System
CUST00006050,Ekantika,Kapur,2001-04-14,Non-Binary,ekantika.kapur280@hotmail.com,+919214524080,Public house manager,2000000.0,2021-10-20,Low,Active,2026-08-03 12:22:13.089448,2026-08-03 12:22:13.089448,Enterprise System
CUST00006051,Gagan,Bedi,1952-08-13,Prefer Not to Say,gagan.bedi47@outlook.com,+919727819426,Armed forces training and education officer,800000.0,2003-11-28,Medium,Closed,2026-08-03 12:22:13.089448,2026-08-03 12:22:13.089448,Enterprise System
CUST00006052,Jalsa,Dar,2006-09-17,Prefer Not to Say,jalsa.dar896@outlook.com,+919990260231,Site engineer,3500000.0,2025-05-16,Low,Active,2026-08-03 12:22:13.089448,2026-08-03 12:22:13.089448,Enterprise System
CUST00006053,Anita,Parmer,1964-03-18,Male,anita.parmer159@yahoo.com,+919954160599,"Embryologist, clinical",300000.0,1996-05-21,High,Active,2026-08-03 12:22:13.089448,2026-08-03 12:22:13.089448,Enterprise System
CUST00006054,Gautami,Mander,1955-11-30,Non-Binary,gautami.mander536@gmail.com,+919491710369,Structural engineer,300000.0,2025-02-06,High,Active,2026-08-03 12:22:13.089448,2026-08-03 12:22:13.089448,Enterprise System
CUST00006055,Wazir,Mannan,1959-10-29,Male,wazir.mannan379@hotmail.com,+919013918602,Industrial buyer,300000.0,2023-02-03,High,Active,2026-08-03 12:22:13.089448,2026-08-03 12:22:13.089448,Enterprise System
CUST00006056,Maya,Sridhar,1971-06-21,Male,maya.sridhar895@outlook.com,+919511529106,"Radiographer, diagnostic",300000.0,2025-09-19,High,Closed,2026-08-03 12:22:13.089448,2026-08-03 12:22:13.089448,Enterprise System
CUST00006057,Charvi,Balasubramanian,2003-05-08,Prefer Not to Say,charvi.balasubramanian891@outlook.com,+919281410074,Dance movement psychotherapist,5000000.0,2022-10-07,Low,Active,2026-08-03 12:22:13.089448,2026-08-03 12:22:13.089448,Enterprise System
CUST00006058,Dhriti,Patla,1954-03-06,Male,dhriti.patla138@gmail.com,+919950552869,Call centre manager,300000.0,1981-02-20,High,Active,2026-08-03 12:22:13.089448,2026-08-03 12:22:13.089448,Enterprise System
CUST00006059,Wridesh,Mand,2000-12-23,Prefer Not to Say,wridesh.mand503@yahoo.com,+919250032277,Outdoor activities/education manager,300000.0,2026-06-10,High,Dormant,2026-08-03 12:22:13.090040,2026-08-03 12:22:13.090040,Enterprise System
CUST00006060,Ranbir,Bandi,1953-04-17,Female,ranbir.bandi191@outlook.com,+919074833298,Furniture designer,300000.0,1976-05-14,High,Active,2026-08-03 12:22:13.090040,2026-08-03 12:22:13.090040,Enterprise System
CUST00006061,Yatan,Narula,1947-01-29,Female,yatan.narula736@hotmail.com,+919770510262,Sports coach,1200000.0,2000-05-22,Medium,Active,2026-08-03 12:22:13.090040,2026-08-03 12:22:13.090040,Enterprise System
CUST00006062,Guneet,Patel,1957-07-29,Non-Binary,guneet.patel631@hotmail.com,+919579554307,Pathologist,800000.0,2003-12-18,Medium,Active,2026-08-03 12:22:13.090040,2026-08-03 12:22:13.090040,Enterprise System
CUST00006063,Vedant,Zachariah,1953-09-13,Non-Binary,vedant.zachariah29@yahoo.com,+919776163413,Health physicist,500000.0,2023-03-06,High,Active,2026-08-03 12:22:13.090040,2026-08-03 12:22:13.090040,Enterprise System
CUST00006064,Ansh,Dyal,1981-04-09,Prefer Not to Say,ansh.dyal110@yahoo.com,+919082352687,"Buyer, industrial",5000000.0,2007-10-12,Low,Dormant,2026-08-03 12:22:13.090040,2026-08-03 12:22:13.090040,Enterprise System
CUST00006065,Onveer,Nazareth,1992-08-28,Male,onveer.nazareth852@hotmail.com,+919581027267,Advertising account executive,3500000.0,2017-09-24,Low,Dormant,2026-08-03 12:22:13.090040,2026-08-03 12:22:13.090040,Enterprise System
CUST00006066,Viraj,Wason,1956-08-11,Non-Binary,viraj.wason514@gmail.com,+919030118866,Warden/ranger,500000.0,1985-01-02,High,Active,2026-08-03 12:22:13.090040,2026-08-03 12:22:13.090040,Enterprise System
CUST00006067,Andrew,Bandi,1988-11-30,Female,andrew.bandi18@gmail.com,+919765734905,Art gallery manager,2000000.0,2010-01-03,Low,Active,2026-08-03 12:22:13.090040,2026-08-03 12:22:13.090040,Enterprise System
CUST00006068,Chameli,Datta,1954-12-05,Prefer Not to Say,chameli.datta326@outlook.com,+919528470994,Town planner,1200000.0,1983-09-01,Medium,Active,2026-08-03 12:22:13.090040,2026-08-03 12:22:13.090040,Enterprise System
CUST00006069,Pushti,Kapoor,1974-05-16,Female,pushti.kapoor657@yahoo.com,+919231791308,"Research officer, government",500000.0,2018-04-18,High,Active,2026-08-03 12:22:13.090040,2026-08-03 12:22:13.090040,Enterprise System
CUST00006070,Aarav,Krishnamurthy,1994-10-21,Male,aarav.krishnamurthy664@gmail.com,+919142632172,"Horticulturist, amenity",300000.0,2023-07-03,High,Blocked,2026-08-03 12:22:13.090040,2026-08-03 12:22:13.090040,Enterprise System
CUST00006071,Rachana,Bose,1948-05-14,Non-Binary,rachana.bose932@gmail.com,+919521195438,"Editor, magazine features",500000.0,1980-10-19,High,Active,2026-08-03 12:22:13.090040,2026-08-03 12:22:13.090040,Enterprise System
CUST00006072,Tanmayi,Dhar,1949-01-26,Non-Binary,tanmayi.dhar42@yahoo.com,+919141071975,Clinical psychologist,800000.0,1988-03-19,Medium,Active,2026-08-03 12:22:13.090040,2026-08-03 12:22:13.090040,Enterprise System
CUST00006073,Anirudh,Grover,1959-05-03,Male,anirudh.grover892@yahoo.com,+919362741577,Plant breeder/geneticist,500000.0,1985-03-02,High,Active,2026-08-03 12:22:13.090040,2026-08-03 12:22:13.090040,Enterprise System
CUST00006074,Qadim,Vaidya,1987-12-03,Non-Binary,qadim.vaidya285@yahoo.com,+919495271172,Field trials officer,300000.0,2010-11-10,High,Active,2026-08-03 12:22:13.090040,2026-08-03 12:22:13.090040,Enterprise System
CUST00006075,Prisha,Srivastava,1999-11-28,Male,prisha.srivastava775@yahoo.com,+919163932553,Sales executive,1200000.0,2020-06-21,Medium,Active,2026-08-03 12:22:13.090040,2026-08-03 12:22:13.090040,Enterprise System
CUST00006076,Anvi,Mahajan,1988-05-12,Female,anvi.mahajan139@hotmail.com,+919334353495,Research scientist (physical sciences),800000.0,2021-06-27,Medium,Active,2026-08-03 12:22:13.090040,2026-08-03 12:22:13.090040,Enterprise System
CUST00006077,Bahadurjit,Jhaveri,1988-06-24,Prefer Not to Say,bahadurjit.jhaveri414@hotmail.com,+919172995002,Phytotherapist,500000.0,2017-07-17,High,Active,2026-08-03 12:22:13.090040,2026-08-03 12:22:13.090040,Enterprise System
CUST00006078,Chakradev,Doctor,1994-04-18,Non-Binary,chakradev.doctor329@gmail.com,+919469882427,Consulting civil engineer,800000.0,2015-01-18,Medium,Blocked,2026-08-03 12:22:13.090040,2026-08-03 12:22:13.090040,Enterprise System
CUST00006079,Aarav,Thakkar,1973-10-14,Female,aarav.thakkar916@hotmail.com,+919476197312,Chiropodist,500000.0,2002-06-14,High,Active,2026-08-03 12:22:13.090040,2026-08-03 12:22:13.090040,Enterprise System
CUST00006080,Aayush,Dasgupta,1956-02-19,Female,aayush.dasgupta277@hotmail.com,+919779576634,Government social research officer,500000.0,2016-09-21,High,Active,2026-08-03 12:22:13.090040,2026-08-03 12:22:13.090040,Enterprise System
CUST00006081,Ishaan,Narasimhan,1946-03-29,Prefer Not to Say,ishaan.narasimhan303@outlook.com,+919826680379,Geophysical data processor,3500000.0,1964-07-06,Low,Closed,2026-08-03 12:22:13.090040,2026-08-03 12:22:13.090040,Enterprise System
CUST00006082,Yadavi,Kumar,1981-03-13,Non-Binary,yadavi.kumar302@gmail.com,+919081134482,Marketing executive,500000.0,2000-10-08,High,Active,2026-08-03 12:22:13.090040,2026-08-03 12:22:13.090040,Enterprise System
CUST00006083,Zaid,Bajwa,1953-07-27,Prefer Not to Say,zaid.bajwa297@hotmail.com,+919640032352,Archaeologist,300000.0,1984-09-20,High,Active,2026-08-03 12:22:13.090040,2026-08-03 12:22:13.090040,Enterprise System
CUST00006084,Kala,Sani,1985-12-26,Non-Binary,kala.sani235@yahoo.com,+919573744364,Call centre manager,500000.0,2004-12-18,High,Active,2026-08-03 12:22:13.090040,2026-08-03 12:22:13.090040,Enterprise System
CUST00006085,Farhan,Khare,1964-11-24,Male,farhan.khare539@outlook.com,+919788100933,Intelligence analyst,2000000.0,1983-08-30,Low,Dormant,2026-08-03 12:22:13.090040,2026-08-03 12:22:13.090040,Enterprise System
CUST00006086,Nandini,Thaker,1959-02-24,Female,nandini.thaker695@outlook.com,+919798285024,Ship broker,800000.0,2007-08-03,Medium,Blocked,2026-08-03 12:22:13.090040,2026-08-03 12:22:13.090040,Enterprise System
CUST00006087,Maanav,Lad,1996-10-31,Non-Binary,maanav.lad962@outlook.com,+919447560204,Contractor,500000.0,2014-11-11,High,Active,2026-08-03 12:22:13.091133,2026-08-03 12:22:13.091133,Enterprise System
CUST00006088,Azaan,Bhatnagar,1966-02-23,Male,azaan.bhatnagar162@yahoo.com,+919430249495,Human resources officer,300000.0,2012-02-24,High,Active,2026-08-03 12:22:13.091133,2026-08-03 12:22:13.091133,Enterprise System
CUST00006089,Yatan,Sen,1978-12-16,Non-Binary,yatan.sen670@hotmail.com,+919392425562,Publishing copy,300000.0,2008-10-09,High,Active,2026-08-03 12:22:13.091133,2026-08-03 12:22:13.091133,Enterprise System
CUST00006090,Chanchal,Iyer,1962-09-16,Female,chanchal.iyer183@gmail.com,+919148522166,Farm manager,3500000.0,2015-01-20,Low,Active,2026-08-03 12:22:13.091133,2026-08-03 12:22:13.091133,Enterprise System
CUST00006091,Quincy,Khalsa,1988-10-11,Female,quincy.khalsa500@hotmail.com,+919222506266,Historic buildings inspector/conservation officer,300000.0,2023-03-15,High,Active,2026-08-03 12:22:13.091133,2026-08-03 12:22:13.091133,Enterprise System
CUST00006092,Maanas,Sane,1954-05-03,Prefer Not to Say,maanas.sane929@outlook.com,+919893353775,"Production designer, theatre/television/film",800000.0,2021-07-07,Medium,Active,2026-08-03 12:22:13.091133,2026-08-03 12:22:13.091133,Enterprise System
CUST00006093,Vansha,Nath,1988-03-04,Non-Binary,vansha.nath351@gmail.com,+919025072046,Warden/ranger,800000.0,2015-01-22,Medium,Active,2026-08-03 12:22:13.091133,2026-08-03 12:22:13.091133,Enterprise System
CUST00006094,Omisha,Modi,1980-11-07,Female,omisha.modi20@yahoo.com,+919757054125,Chief Strategy Officer,300000.0,2013-07-21,High,Active,2026-08-03 12:22:13.091133,2026-08-03 12:22:13.091133,Enterprise System
CUST00006095,Yatin,Patil,1947-07-05,Female,yatin.patil744@outlook.com,+919815263739,Ecologist,800000.0,1982-09-03,Medium,Active,2026-08-03 12:22:13.091133,2026-08-03 12:22:13.091133,Enterprise System
CUST00006096,Waida,Som,1952-11-20,Prefer Not to Say,waida.som435@yahoo.com,+919535034551,"Librarian, academic",300000.0,2021-09-12,High,Active,2026-08-03 12:22:13.091133,2026-08-03 12:22:13.091133,Enterprise System
CUST00006097,Andrew,Talwar,1964-11-01,Female,andrew.talwar51@yahoo.com,+919355095096,Estate manager/land agent,300000.0,2018-11-01,High,Active,2026-08-03 12:22:13.091133,2026-08-03 12:22:13.091133,Enterprise System
CUST00006098,Yahvi,Nayar,1979-09-07,Female,yahvi.nayar163@hotmail.com,+919499905276,Animal nutritionist,300000.0,2017-08-01,High,Active,2026-08-03 12:22:13.091133,2026-08-03 12:22:13.091133,Enterprise System
CUST00006099,Mason,Srivastava,2006-01-14,Female,mason.srivastava656@gmail.com,+919049583486,Copy,800000.0,2026-03-29,Medium,Active,2026-08-03 12:22:13.091133,2026-08-03 12:22:13.091133,Enterprise System
CUST00006100,Anay,Borra,2005-07-08,Non-Binary,anay.borra586@outlook.com,+919871260468,"Editor, magazine features",800000.0,2026-05-04,Medium,Active,2026-08-03 12:22:13.091133,2026-08-03 12:22:13.091133,Enterprise System
CUST00006101,Ojasvi,Wali,2003-12-07,Female,ojasvi.wali962@outlook.com,+919623407244,"Presenter, broadcasting",800000.0,2022-07-21,Medium,Active,2026-08-03 12:22:13.091133,2026-08-03 12:22:13.091133,Enterprise System
CUST00006102,Eesha,Gala,2007-06-25,Female,eesha.gala646@gmail.com,+919988856927,"Copywriter, advertising",3500000.0,2026-01-07,Low,Closed,2026-08-03 12:22:13.091133,2026-08-03 12:22:13.091133,Enterprise System
CUST00006103,Bimala,Srivastava,1998-12-24,Female,bimala.srivastava336@hotmail.com,+919682912694,Veterinary surgeon,500000.0,2020-08-05,High,Active,2026-08-03 12:22:13.091133,2026-08-03 12:22:13.091133,Enterprise System
CUST00006104,Abha,Savant,1956-08-20,Male,abha.savant233@yahoo.com,+919482298708,"Editor, film/video",300000.0,1993-09-28,High,Blocked,2026-08-03 12:22:13.091133,2026-08-03 12:22:13.091133,Enterprise System
CUST00006105,Anita,Badami,1989-08-24,Male,anita.badami735@outlook.com,+919688505122,"Surveyor, insurance",300000.0,2010-03-29,High,Active,2026-08-03 12:22:13.091133,2026-08-03 12:22:13.091133,Enterprise System
CUST00006106,Xavier,Solanki,1977-07-05,Male,xavier.solanki437@outlook.com,+919794289878,Claims inspector/assessor,500000.0,2005-01-19,High,Active,2026-08-03 12:22:13.091133,2026-08-03 12:22:13.091133,Enterprise System
CUST00006107,Amruta,Chacko,1972-06-14,Non-Binary,amruta.chacko470@hotmail.com,+919272004823,Architect,800000.0,2014-11-06,Medium,Dormant,2026-08-03 12:22:13.091133,2026-08-03 12:22:13.091133,Enterprise System
CUST00006108,Anita,Yadav,1996-07-27,Male,anita.yadav908@hotmail.com,+919384466511,Exhibition designer,500000.0,2026-04-06,High,Active,2026-08-03 12:22:13.091133,2026-08-03 12:22:13.091133,Enterprise System
CUST00006109,Falak,Raj,1971-02-10,Prefer Not to Say,falak.raj270@gmail.com,+919421532179,Medical illustrator,300000.0,1994-05-28,High,Active,2026-08-03 12:22:13.091133,2026-08-03 12:22:13.091133,Enterprise System
CUST00006110,Megha,Ramaswamy,1989-06-11,Non-Binary,megha.ramaswamy95@hotmail.com,+919445539840,Teaching laboratory technician,500000.0,2009-02-04,High,Active,2026-08-03 12:22:13.091133,2026-08-03 12:22:13.091133,Enterprise System
CUST00006111,Dayamai,Mall,1965-10-21,Prefer Not to Say,dayamai.mall622@yahoo.com,+919582080697,Health physicist,300000.0,2005-02-17,High,Active,2026-08-03 12:22:13.091133,2026-08-03 12:22:13.091133,Enterprise System
CUST00006112,Omkaar,Chadha,1997-01-19,Male,omkaar.chadha158@gmail.com,+919579485546,Hydrologist,300000.0,2025-10-07,High,Active,2026-08-03 12:22:13.091133,2026-08-03 12:22:13.091133,Enterprise System
CUST00006113,Neelima,Shan,2008-06-27,Female,neelima.shan285@gmail.com,+919790066723,"Exhibitions officer, museum/gallery",300000.0,2026-07-25,High,Dormant,2026-08-03 12:22:13.091133,2026-08-03 12:22:13.091133,Enterprise System
CUST00006114,Kai,Deshmukh,1978-12-19,Male,kai.deshmukh554@hotmail.com,+919144646144,"Education officer, community",500000.0,2010-10-29,High,Active,2026-08-03 12:22:13.092133,2026-08-03 12:22:13.092133,Enterprise System
CUST00006115,Suhani,Solanki,1973-01-30,Non-Binary,suhani.solanki922@outlook.com,+919890048933,Sales executive,3500000.0,2019-04-22,Low,Active,2026-08-03 12:22:13.092133,2026-08-03 12:22:13.092133,Enterprise System
CUST00006116,Upasna,Viswanathan,1969-08-31,Non-Binary,upasna.viswanathan750@yahoo.com,+919987226496,IT sales professional,500000.0,2004-12-25,High,Active,2026-08-03 12:22:13.092133,2026-08-03 12:22:13.092133,Enterprise System
CUST00006117,Balvan,Nanda,1975-12-13,Prefer Not to Say,balvan.nanda488@gmail.com,+919451593567,"Optician, dispensing",300000.0,2025-07-05,High,Active,2026-08-03 12:22:13.092133,2026-08-03 12:22:13.092133,Enterprise System
CUST00006118,William,Hans,2006-05-29,Non-Binary,william.hans876@hotmail.com,+919284436195,Lawyer,500000.0,2026-04-27,High,Dormant,2026-08-03 12:22:13.092133,2026-08-03 12:22:13.092133,Enterprise System
CUST00006119,Wakeeta,Pandya,1953-04-06,Male,wakeeta.pandya624@hotmail.com,+919726105168,Call centre manager,800000.0,2000-04-15,Medium,Active,2026-08-03 12:22:13.092133,2026-08-03 12:22:13.092133,Enterprise System
CUST00006120,Rishi,Madan,1992-09-05,Female,rishi.madan585@gmail.com,+919072507512,"Scientist, clinical (histocompatibility and immunogenetics)",500000.0,2022-07-11,High,Active,2026-08-03 12:22:13.092133,2026-08-03 12:22:13.092133,Enterprise System
CUST00006121,Unnati,Divan,1980-11-11,Non-Binary,unnati.divan828@gmail.com,+919751633605,Nature conservation officer,800000.0,2024-02-12,Medium,Active,2026-08-03 12:22:13.092133,2026-08-03 12:22:13.092133,Enterprise System
CUST00006122,Sanaya,Merchant,1983-08-04,Female,sanaya.merchant593@outlook.com,+919448570235,Energy manager,300000.0,2020-06-07,High,Closed,2026-08-03 12:22:13.092133,2026-08-03 12:22:13.092133,Enterprise System
CUST00006123,Balveer,Dash,1989-04-21,Female,balveer.dash843@gmail.com,+919545302322,Information systems manager,500000.0,2022-03-25,High,Active,2026-08-03 12:22:13.092133,2026-08-03 12:22:13.092133,Enterprise System
CUST00006124,Chaitaly,Cherian,1986-11-12,Non-Binary,chaitaly.cherian894@gmail.com,+919928947417,Legal executive,2000000.0,2022-11-19,Low,Active,2026-08-03 12:22:13.092133,2026-08-03 12:22:13.092133,Enterprise System
CUST00006125,Eta,Talwar,1965-04-27,Female,eta.talwar547@hotmail.com,+919033326582,"Engineer, agricultural",500000.0,2017-03-04,High,Active,2026-08-03 12:22:13.092133,2026-08-03 12:22:13.092133,Enterprise System
CUST00006126,Udarsh,Sundaram,1990-01-01,Prefer Not to Say,udarsh.sundaram858@gmail.com,+919917392345,Estate manager/land agent,300000.0,2018-04-03,High,Active,2026-08-03 12:22:13.092133,2026-08-03 12:22:13.092133,Enterprise System
CUST00006127,Bhavna,Modi,1993-09-18,Male,bhavna.modi49@outlook.com,+919266510411,Purchasing manager,2000000.0,2019-10-13,Low,Active,2026-08-03 12:22:13.092133,2026-08-03 12:22:13.092133,Enterprise System
CUST00006128,Januja,Agarwal,1981-05-14,Non-Binary,januja.agarwal625@yahoo.com,+919699368521,Education administrator,300000.0,2019-06-07,High,Active,2026-08-03 12:22:13.092133,2026-08-03 12:22:13.092133,Enterprise System
CUST00006129,Lucky,Ratti,1995-04-26,Non-Binary,lucky.ratti906@gmail.com,+919755310343,Customer service manager,300000.0,2015-08-30,High,Active,2026-08-03 12:22:13.092133,2026-08-03 12:22:13.092133,Enterprise System
CUST00006130,Wahab,Dixit,1990-05-08,Male,wahab.dixit650@yahoo.com,+919656613010,"Surveyor, building",300000.0,2022-02-11,High,Active,2026-08-03 12:22:13.092133,2026-08-03 12:22:13.092133,Enterprise System
CUST00006131,Baghyawati,Dayal,2005-04-23,Non-Binary,baghyawati.dayal295@hotmail.com,+919554141778,Materials engineer,300000.0,2026-05-17,High,Active,2026-08-03 12:22:13.092133,2026-08-03 12:22:13.092133,Enterprise System
CUST00006132,Ati,Naik,1969-01-17,Female,ati.naik565@gmail.com,+919486927200,"Designer, industrial/product",300000.0,1990-06-01,High,Active,2026-08-03 12:22:13.092133,2026-08-03 12:22:13.092133,Enterprise System
CUST00006133,Eiravati,Parikh,1955-11-08,Non-Binary,eiravati.parikh100@outlook.com,+919990056098,Automotive engineer,300000.0,1997-01-18,High,Active,2026-08-03 12:22:13.093157,2026-08-03 12:22:13.093157,Enterprise System
CUST00006134,Wridesh,Mandal,1990-02-06,Non-Binary,wridesh.mandal545@yahoo.com,+919234363106,Pathologist,500000.0,2023-10-15,High,Active,2026-08-03 12:22:13.093157,2026-08-03 12:22:13.093157,Enterprise System
CUST00006135,Xiti,Narayan,2001-04-28,Prefer Not to Say,xiti.narayan408@hotmail.com,+919794039998,"Editor, magazine features",1200000.0,2021-02-10,Medium,Active,2026-08-03 12:22:13.093157,2026-08-03 12:22:13.093157,Enterprise System
CUST00006136,Falan,Mangat,1969-02-25,Prefer Not to Say,falan.mangat809@gmail.com,+919439048130,Ceramics designer,1200000.0,2025-03-15,Medium,Active,2026-08-03 12:22:13.093157,2026-08-03 12:22:13.093157,Enterprise System
CUST00006137,Aadi,Gala,1978-10-20,Non-Binary,aadi.gala711@outlook.com,+919956145002,"Programmer, systems",3500000.0,2023-08-25,Low,Active,2026-08-03 12:22:13.093157,2026-08-03 12:22:13.093157,Enterprise System
CUST00006138,Warda,Chander,1986-06-20,Male,warda.chander792@gmail.com,+919931124044,"Surveyor, land/geomatics",1200000.0,2004-10-19,Medium,Closed,2026-08-03 12:22:13.093157,2026-08-03 12:22:13.093157,Enterprise System
CUST00006139,Omaja,Hora,1990-09-24,Male,omaja.hora833@yahoo.com,+919768634611,Web designer,300000.0,2009-03-10,High,Active,2026-08-03 12:22:13.093157,2026-08-03 12:22:13.093157,Enterprise System
CUST00006140,Dayita,Nath,1968-11-14,Prefer Not to Say,dayita.nath535@gmail.com,+919845223134,Warehouse manager,800000.0,1994-10-24,Medium,Active,2026-08-03 12:22:13.093157,2026-08-03 12:22:13.093157,Enterprise System
CUST00006141,Isaac,Narayan,1990-06-25,Non-Binary,isaac.narayan540@outlook.com,+919795985798,Lexicographer,300000.0,2018-01-06,High,Dormant,2026-08-03 12:22:13.093157,2026-08-03 12:22:13.093157,Enterprise System
CUST00006142,Manthan,Bahl,1995-07-20,Prefer Not to Say,manthan.bahl860@hotmail.com,+919339337532,Ecologist,300000.0,2018-10-06,High,Active,2026-08-03 12:22:13.093157,2026-08-03 12:22:13.093157,Enterprise System
CUST00006143,Inaya,Barad,1988-01-29,Male,inaya.barad559@outlook.com,+919241259823,"Editor, magazine features",500000.0,2013-10-29,High,Active,2026-08-03 12:22:13.093157,2026-08-03 12:22:13.093157,Enterprise System
CUST00006144,Bakhshi,Baral,1993-02-16,Non-Binary,bakhshi.baral233@gmail.com,+919112446109,Community arts worker,500000.0,2024-01-12,High,Active,2026-08-03 12:22:13.093157,2026-08-03 12:22:13.093157,Enterprise System
CUST00006145,Ekani,Shroff,1974-06-30,Male,ekani.shroff356@hotmail.com,+919694477111,Forensic psychologist,500000.0,2014-01-29,High,Active,2026-08-03 12:22:13.093157,2026-08-03 12:22:13.093157,Enterprise System
CUST00006146,Quincy,Chakraborty,1976-03-04,Non-Binary,quincy.chakraborty883@gmail.com,+919739423443,Financial adviser,800000.0,2004-05-14,Medium,Active,2026-08-03 12:22:13.093157,2026-08-03 12:22:13.093157,Enterprise System
CUST00006147,Zinal,Warrior,1991-08-13,Female,zinal.warrior374@hotmail.com,+919795511596,Artist,2000000.0,2012-02-01,Low,Active,2026-08-03 12:22:13.093157,2026-08-03 12:22:13.093157,Enterprise System
CUST00006148,Indali,Ramachandran,2007-07-19,Male,indali.ramachandran326@gmail.com,+919311002690,Catering manager,300000.0,2025-11-21,High,Active,2026-08-03 12:22:13.093157,2026-08-03 12:22:13.093157,Enterprise System
CUST00006149,Liam,Gulati,1999-05-11,Non-Binary,liam.gulati380@outlook.com,+919049875719,Environmental manager,1200000.0,2026-04-16,Medium,Active,2026-08-03 12:22:13.093157,2026-08-03 12:22:13.093157,Enterprise System
CUST00006150,Nathan,Saxena,1993-11-17,Female,nathan.saxena338@yahoo.com,+919180725559,Automotive engineer,500000.0,2017-12-14,High,Dormant,2026-08-03 12:22:13.093157,2026-08-03 12:22:13.093157,Enterprise System
CUST00006151,Pahal,D’Alia,1956-02-06,Prefer Not to Say,pahal.d’alia951@yahoo.com,+919895501421,Chartered management accountant,1200000.0,2017-08-28,Medium,Active,2026-08-03 12:22:13.093157,2026-08-03 12:22:13.093157,Enterprise System
CUST00006152,Chaitaly,Arya,2006-02-24,Prefer Not to Say,chaitaly.arya214@yahoo.com,+919821855038,Medical technical officer,800000.0,2026-01-05,Medium,Active,2026-08-03 12:22:13.093157,2026-08-03 12:22:13.093157,Enterprise System
CUST00006153,Rehaan,Barad,1976-08-24,Female,rehaan.barad441@gmail.com,+919920821995,Graphic designer,1200000.0,2003-11-09,Medium,Active,2026-08-03 12:22:13.093157,2026-08-03 12:22:13.093157,Enterprise System
CUST00006154,Aarini,Dhillon,1958-09-03,Female,aarini.dhillon580@hotmail.com,+919261958058,Firefighter,3500000.0,2020-05-13,Low,Active,2026-08-03 12:22:13.093157,2026-08-03 12:22:13.093157,Enterprise System
CUST00006155,Harish,Ramachandran,1985-06-18,Non-Binary,harish.ramachandran638@outlook.com,+919615337032,"Buyer, industrial",300000.0,2008-03-08,High,Active,2026-08-03 12:22:13.093157,2026-08-03 12:22:13.093157,Enterprise System
CUST00006156,Jairaj,Sastry,1956-06-02,Female,jairaj.sastry712@hotmail.com,+919644818990,Ranger/warden,300000.0,1996-09-11,High,Active,2026-08-03 12:22:13.093157,2026-08-03 12:22:13.093157,Enterprise System
CUST00006157,Ranveer,Balan,1945-08-28,Female,ranveer.balan942@gmail.com,+919969502243,Technical author,300000.0,1969-01-28,High,Active,2026-08-03 12:22:13.093157,2026-08-03 12:22:13.093157,Enterprise System
CUST00006158,Chaitanya,Karan,1964-06-30,Male,chaitanya.karan792@outlook.com,+919121479063,Solicitor,800000.0,2007-09-13,Medium,Blocked,2026-08-03 12:22:13.094129,2026-08-03 12:22:13.094129,Enterprise System
CUST00006159,Yug,Pall,1977-01-11,Female,yug.pall164@hotmail.com,+919680418403,Diagnostic radiographer,300000.0,1999-01-31,High,Active,2026-08-03 12:22:13.094129,2026-08-03 12:22:13.094129,Enterprise System
CUST00006160,Samarth,Chowdhury,1960-03-09,Female,samarth.chowdhury417@gmail.com,+919437349538,Careers adviser,300000.0,2012-03-10,High,Active,2026-08-03 12:22:13.094129,2026-08-03 12:22:13.094129,Enterprise System
CUST00006161,Pooja,Konda,1955-10-21,Prefer Not to Say,pooja.konda546@gmail.com,+919667265937,IT sales professional,500000.0,2016-07-11,High,Active,2026-08-03 12:22:13.094129,2026-08-03 12:22:13.094129,Enterprise System
CUST00006162,Anjali,Shanker,1978-07-23,Female,anjali.shanker960@gmail.com,+919061353989,Prison officer,800000.0,2025-11-01,Medium,Active,2026-08-03 12:22:13.094129,2026-08-03 12:22:13.094129,Enterprise System
CUST00006163,Turvi,Gara,1975-11-02,Male,turvi.gara763@yahoo.com,+919073766991,Armed forces technical officer,3500000.0,2008-02-27,Low,Active,2026-08-03 12:22:13.094129,2026-08-03 12:22:13.094129,Enterprise System
CUST00006164,Ridhi,Sabharwal,1983-05-06,Female,ridhi.sabharwal938@outlook.com,+919155582304,Civil Service fast streamer,800000.0,2022-12-28,Medium,Active,2026-08-03 12:22:13.094129,2026-08-03 12:22:13.094129,Enterprise System
CUST00006165,Vivaan,Sura,1979-02-12,Prefer Not to Say,vivaan.sura653@yahoo.com,+919373438727,"Runner, broadcasting/film/video",300000.0,2006-01-23,High,Active,2026-08-03 12:22:13.094129,2026-08-03 12:22:13.094129,Enterprise System
CUST00006166,Avi,Pandey,1951-06-08,Prefer Not to Say,avi.pandey653@gmail.com,+919161956719,Quantity surveyor,1200000.0,1979-08-31,Medium,Dormant,2026-08-03 12:22:13.094129,2026-08-03 12:22:13.094129,Enterprise System
CUST00006167,Kala,Palan,1951-11-08,Non-Binary,kala.palan274@outlook.com,+919985658260,Meteorologist,800000.0,2002-12-20,Medium,Active,2026-08-03 12:22:13.094129,2026-08-03 12:22:13.094129,Enterprise System
CUST00006168,Alka,Bora,1951-02-14,Female,alka.bora542@outlook.com,+919764921447,Pension scheme manager,3500000.0,2022-07-25,Low,Active,2026-08-03 12:22:13.094129,2026-08-03 12:22:13.094129,Enterprise System
CUST00006169,Adya,Maharaj,1998-11-16,Female,adya.maharaj995@yahoo.com,+919111415534,Chief Marketing Officer,800000.0,2025-12-31,Medium,Active,2026-08-03 12:22:13.094129,2026-08-03 12:22:13.094129,Enterprise System
CUST00006170,Sachi,Chaudhuri,1971-10-15,Prefer Not to Say,sachi.chaudhuri379@yahoo.com,+919671392770,"Designer, exhibition/display",300000.0,1994-10-07,High,Dormant,2026-08-03 12:22:13.094129,2026-08-03 12:22:13.094129,Enterprise System
CUST00006171,Indrajit,Mishra,1980-10-25,Female,indrajit.mishra195@hotmail.com,+919640578966,IT consultant,5000000.0,2013-03-24,Low,Active,2026-08-03 12:22:13.094129,2026-08-03 12:22:13.094129,Enterprise System
CUST00006172,Dhruv,Dhar,1964-06-20,Prefer Not to Say,dhruv.dhar669@outlook.com,+919894832177,"Conservation officer, nature",3500000.0,1989-04-25,Low,Closed,2026-08-03 12:22:13.094129,2026-08-03 12:22:13.094129,Enterprise System
CUST00006173,Aahana,Reddy,1952-11-28,Prefer Not to Say,aahana.reddy498@outlook.com,+919559356315,Agricultural engineer,800000.0,2020-07-09,Medium,Active,2026-08-03 12:22:13.094129,2026-08-03 12:22:13.094129,Enterprise System
CUST00006174,Mahika,Toor,1963-02-25,Male,mahika.toor575@hotmail.com,+919925658161,Location manager,500000.0,1997-01-29,High,Active,2026-08-03 12:22:13.094129,2026-08-03 12:22:13.094129,Enterprise System
CUST00006175,Qadim,Bhandari,1991-04-18,Female,qadim.bhandari223@gmail.com,+919458791590,"Scientist, forensic",300000.0,2026-07-22,High,Active,2026-08-03 12:22:13.094129,2026-08-03 12:22:13.094129,Enterprise System
CUST00006176,Zaitra,Lala,1995-05-27,Female,zaitra.lala132@yahoo.com,+919897116248,Health and safety adviser,500000.0,2023-02-27,High,Active,2026-08-03 12:22:13.094129,2026-08-03 12:22:13.094129,Enterprise System
CUST00006177,Girindra,Butala,1963-09-14,Non-Binary,girindra.butala31@gmail.com,+919466222422,Solicitor,300000.0,1987-02-13,High,Active,2026-08-03 12:22:13.094129,2026-08-03 12:22:13.094129,Enterprise System
CUST00006178,Sneha,Soni,1945-11-26,Female,sneha.soni437@yahoo.com,+919226757390,Insurance claims handler,3500000.0,1988-06-20,Low,Active,2026-08-03 12:22:13.094129,2026-08-03 12:22:13.094129,Enterprise System
CUST00006179,Dhruv,Mahajan,1975-10-19,Non-Binary,dhruv.mahajan973@yahoo.com,+919544435568,Horticultural consultant,300000.0,2013-08-28,High,Dormant,2026-08-03 12:22:13.094129,2026-08-03 12:22:13.094129,Enterprise System
CUST00006180,Widisha,Subramaniam,1983-04-30,Female,widisha.subramaniam288@hotmail.com,+919172034569,Accounting technician,800000.0,2009-11-20,Medium,Active,2026-08-03 12:22:13.094129,2026-08-03 12:22:13.094129,Enterprise System
CUST00006181,Jagat,Sridhar,1958-02-09,Female,jagat.sridhar594@outlook.com,+919084307191,Financial manager,500000.0,1984-04-05,High,Active,2026-08-03 12:22:13.094129,2026-08-03 12:22:13.094129,Enterprise System
CUST00006182,Guneet,Deshmukh,1984-05-28,Prefer Not to Say,guneet.deshmukh623@gmail.com,+919273221767,"Therapist, sports",500000.0,2004-07-25,High,Active,2026-08-03 12:22:13.094129,2026-08-03 12:22:13.094129,Enterprise System
CUST00006183,Udyati,Ahuja,1949-05-11,Prefer Not to Say,udyati.ahuja544@outlook.com,+919113287693,Soil scientist,1200000.0,2018-02-24,Medium,Active,2026-08-03 12:22:13.095132,2026-08-03 12:22:13.095132,Enterprise System
CUST00006184,Edhitha,Chad,1955-06-28,Prefer Not to Say,edhitha.chad932@hotmail.com,+919919810064,Jewellery designer,300000.0,1994-08-01,High,Active,2026-08-03 12:22:13.095132,2026-08-03 12:22:13.095132,Enterprise System
CUST00006185,Baljiwan,Raj,1959-06-27,Male,baljiwan.raj325@gmail.com,+919291928045,Sales promotion account executive,500000.0,2016-11-15,High,Active,2026-08-03 12:22:13.095132,2026-08-03 12:22:13.095132,Enterprise System
CUST00006186,Ranveer,Narula,1998-07-25,Non-Binary,ranveer.narula455@yahoo.com,+919273131430,Restaurant manager,2000000.0,2021-06-09,Low,Active,2026-08-03 12:22:13.095132,2026-08-03 12:22:13.095132,Enterprise System
CUST00006187,Aadi,Golla,2001-08-07,Prefer Not to Say,aadi.golla63@gmail.com,+919040365304,Health visitor,300000.0,2019-08-29,High,Active,2026-08-03 12:22:13.095132,2026-08-03 12:22:13.095132,Enterprise System
CUST00006188,Adya,Balasubramanian,1970-09-12,Male,adya.balasubramanian35@gmail.com,+919947654166,Clinical psychologist,800000.0,1989-05-06,Medium,Active,2026-08-03 12:22:13.095132,2026-08-03 12:22:13.095132,Enterprise System
CUST00006189,Lohit,Parmar,1968-12-11,Non-Binary,lohit.parmar214@outlook.com,+919913978641,"Social research officer, government",300000.0,1998-08-19,High,Active,2026-08-03 12:22:13.095132,2026-08-03 12:22:13.095132,Enterprise System
CUST00006190,Saanvi,Ghose,1971-05-27,Female,saanvi.ghose409@hotmail.com,+919420331983,Financial controller,300000.0,1991-01-31,High,Active,2026-08-03 12:22:13.095132,2026-08-03 12:22:13.095132,Enterprise System
CUST00006191,Dayamai,Sastry,2002-07-30,Female,dayamai.sastry416@hotmail.com,+919489002148,Brewing technologist,5000000.0,2021-07-05,Low,Active,2026-08-03 12:22:13.095132,2026-08-03 12:22:13.095132,Enterprise System
CUST00006192,Christopher,Vyas,2004-02-24,Female,christopher.vyas689@hotmail.com,+919298977052,Art gallery manager,300000.0,2022-06-17,High,Active,2026-08-03 12:22:13.095132,2026-08-03 12:22:13.095132,Enterprise System
CUST00006193,Karan,Tata,1974-03-28,Male,karan.tata952@yahoo.com,+919572719821,Air traffic controller,3500000.0,2009-05-15,Low,Active,2026-08-03 12:22:13.095132,2026-08-03 12:22:13.095132,Enterprise System
CUST00006194,Girish,Parsa,1987-02-12,Male,girish.parsa11@outlook.com,+919980274448,Fisheries officer,300000.0,2014-02-17,High,Dormant,2026-08-03 12:22:13.095132,2026-08-03 12:22:13.095132,Enterprise System
CUST00006195,Nitesh,Patil,2005-10-09,Non-Binary,nitesh.patil62@outlook.com,+919533843367,"Teacher, secondary school",500000.0,2026-04-25,High,Active,2026-08-03 12:22:13.095132,2026-08-03 12:22:13.095132,Enterprise System
CUST00006196,Aarush,Ganguly,1968-07-23,Female,aarush.ganguly222@gmail.com,+919599031678,Multimedia specialist,500000.0,1996-02-13,High,Active,2026-08-03 12:22:13.095132,2026-08-03 12:22:13.095132,Enterprise System
CUST00006197,Nathan,Krishnamurthy,1952-10-02,Female,nathan.krishnamurthy530@gmail.com,+919022945081,"Lighting technician, broadcasting/film/video",500000.0,2013-12-07,High,Active,2026-08-03 12:22:13.095132,2026-08-03 12:22:13.095132,Enterprise System
CUST00006198,Sathvik,Palan,2000-05-12,Prefer Not to Say,sathvik.palan344@gmail.com,+919143055316,Financial manager,300000.0,2025-02-05,High,Dormant,2026-08-03 12:22:13.095132,2026-08-03 12:22:13.095132,Enterprise System
CUST00006199,Janaki,Mani,1997-06-28,Female,janaki.mani541@outlook.com,+919426127751,Geographical information systems officer,800000.0,2023-12-01,Medium,Active,2026-08-03 12:22:13.095132,2026-08-03 12:22:13.095132,Enterprise System
CUST00006200,Falguni,Palla,1959-12-17,Female,falguni.palla31@hotmail.com,+919116336312,"Engineer, civil (contracting)",300000.0,2021-06-13,High,Active,2026-08-03 12:22:13.095132,2026-08-03 12:22:13.095132,Enterprise System
CUST00006201,Atharv,Oak,1984-08-03,Female,atharv.oak845@gmail.com,+919071525120,Brewing technologist,300000.0,2019-01-24,High,Dormant,2026-08-03 12:22:13.095132,2026-08-03 12:22:13.095132,Enterprise System
CUST00006202,Ekantika,Chatterjee,1960-07-23,Prefer Not to Say,ekantika.chatterjee641@gmail.com,+919947965222,"Therapist, occupational",500000.0,1986-10-14,High,Active,2026-08-03 12:22:13.095132,2026-08-03 12:22:13.095132,Enterprise System
CUST00006203,Daksh,Raman,1982-06-19,Prefer Not to Say,daksh.raman585@hotmail.com,+919887026860,Ship broker,1200000.0,2011-06-25,Medium,Active,2026-08-03 12:22:13.095132,2026-08-03 12:22:13.095132,Enterprise System
CUST00006204,Bhanumati,Shetty,1957-12-09,Female,bhanumati.shetty625@yahoo.com,+919518964363,Chief of Staff,300000.0,2009-05-18,High,Active,2026-08-03 12:22:13.095132,2026-08-03 12:22:13.095132,Enterprise System
CUST00006205,Tara,Rao,1978-04-15,Prefer Not to Say,tara.rao89@hotmail.com,+919121891179,Illustrator,300000.0,2002-01-15,High,Active,2026-08-03 12:22:13.095132,2026-08-03 12:22:13.095132,Enterprise System
CUST00006206,Libni,Bhavsar,1968-11-16,Prefer Not to Say,libni.bhavsar970@outlook.com,+919997372245,Records manager,500000.0,2001-08-04,High,Active,2026-08-03 12:22:13.095132,2026-08-03 12:22:13.095132,Enterprise System
CUST00006207,Chavvi,Mahajan,1968-01-02,Non-Binary,chavvi.mahajan643@gmail.com,+919989627585,Charity officer,1200000.0,1995-03-23,Medium,Active,2026-08-03 12:22:13.095132,2026-08-03 12:22:13.095132,Enterprise System
CUST00006208,Hemangini,Singh,2000-06-24,Male,hemangini.singh214@hotmail.com,+919718387777,Science writer,300000.0,2019-10-08,High,Blocked,2026-08-03 12:22:13.095132,2026-08-03 12:22:13.095132,Enterprise System
CUST00006209,Harsh,Comar,1951-05-04,Non-Binary,harsh.comar507@hotmail.com,+919854696662,Trading standards officer,300000.0,1980-01-13,High,Active,2026-08-03 12:22:13.096129,2026-08-03 12:22:13.096129,Enterprise System
CUST00006210,Azaan,Boase,2000-11-24,Female,azaan.boase310@yahoo.com,+919497131481,Dealer,1200000.0,2021-02-20,Medium,Dormant,2026-08-03 12:22:13.096129,2026-08-03 12:22:13.096129,Enterprise System
CUST00006211,Rajeshri,Pillay,1976-06-05,Female,rajeshri.pillay840@hotmail.com,+919241854441,Chief Executive Officer,500000.0,2012-02-29,High,Active,2026-08-03 12:22:13.096129,2026-08-03 12:22:13.096129,Enterprise System
CUST00006212,Ayush,Lala,1954-12-27,Male,ayush.lala113@outlook.com,+919716408150,Geoscientist,800000.0,1989-05-11,Medium,Active,2026-08-03 12:22:13.096129,2026-08-03 12:22:13.096129,Enterprise System
CUST00006213,Baghyawati,Menon,1981-05-29,Female,baghyawati.menon857@hotmail.com,+919053043875,"Conservator, furniture",3500000.0,2006-08-10,Low,Active,2026-08-03 12:22:13.096129,2026-08-03 12:22:13.096129,Enterprise System
CUST00006214,Abhiram,Sarkar,2002-09-04,Female,abhiram.sarkar427@yahoo.com,+919675659714,Nature conservation officer,300000.0,2024-01-20,High,Active,2026-08-03 12:22:13.096129,2026-08-03 12:22:13.096129,Enterprise System
CUST00006215,Tejas,Saini,1950-05-10,Female,tejas.saini174@yahoo.com,+919078960048,Petroleum engineer,300000.0,2006-07-21,High,Active,2026-08-03 12:22:13.096129,2026-08-03 12:22:13.096129,Enterprise System
CUST00006216,Baljiwan,Korpal,1976-07-07,Female,baljiwan.korpal997@outlook.com,+919470052389,Optometrist,800000.0,2002-06-05,Medium,Blocked,2026-08-03 12:22:13.096129,2026-08-03 12:22:13.096129,Enterprise System
CUST00006217,Yoshita,Kade,1968-12-15,Male,yoshita.kade384@gmail.com,+919117106072,"Administrator, sports",500000.0,2002-05-21,High,Active,2026-08-03 12:22:13.096129,2026-08-03 12:22:13.096129,Enterprise System
CUST00006218,Andrew,Dua,1981-11-30,Prefer Not to Say,andrew.dua258@gmail.com,+919152766449,Academic librarian,800000.0,2000-02-04,Medium,Dormant,2026-08-03 12:22:13.096129,2026-08-03 12:22:13.096129,Enterprise System
CUST00006219,Idika,Ramesh,2003-09-29,Male,idika.ramesh398@outlook.com,+919364478225,Fashion designer,800000.0,2023-08-08,Medium,Active,2026-08-03 12:22:13.096129,2026-08-03 12:22:13.096129,Enterprise System
CUST00006220,Samuel,Pillay,2004-03-24,Female,samuel.pillay735@hotmail.com,+919259983618,Diagnostic radiographer,1200000.0,2022-04-30,Medium,Active,2026-08-03 12:22:13.096129,2026-08-03 12:22:13.096129,Enterprise System
CUST00006221,Theodore,Karnik,1955-05-02,Prefer Not to Say,theodore.karnik356@hotmail.com,+919643999930,Educational psychologist,300000.0,2026-03-09,High,Active,2026-08-03 12:22:13.096129,2026-08-03 12:22:13.096129,Enterprise System
CUST00006222,Janya,Shetty,1956-04-19,Non-Binary,janya.shetty429@gmail.com,+919363252184,Medical physicist,300000.0,2022-10-06,High,Closed,2026-08-03 12:22:13.096129,2026-08-03 12:22:13.096129,Enterprise System
CUST00006223,Ria,Anne,1956-09-07,Male,ria.anne976@hotmail.com,+919899386950,"Investment banker, corporate",500000.0,1979-03-02,High,Active,2026-08-03 12:22:13.096129,2026-08-03 12:22:13.096129,Enterprise System
CUST00006224,George,Rege,1946-02-04,Prefer Not to Say,george.rege618@gmail.com,+919266111104,Community education officer,300000.0,1993-06-23,High,Active,2026-08-03 12:22:13.096129,2026-08-03 12:22:13.096129,Enterprise System
CUST00006225,Falak,Madan,1970-10-31,Female,falak.madan118@hotmail.com,+919833936573,Warehouse manager,500000.0,2002-06-16,High,Active,2026-08-03 12:22:13.096129,2026-08-03 12:22:13.096129,Enterprise System
CUST00006226,Chameli,Kant,1974-12-22,Female,chameli.kant552@gmail.com,+919831965615,Landscape architect,1200000.0,2000-09-05,Medium,Active,2026-08-03 12:22:13.096129,2026-08-03 12:22:13.096129,Enterprise System
CUST00006227,Chaitaly,Vyas,2007-10-03,Prefer Not to Say,chaitaly.vyas386@yahoo.com,+919739466098,Passenger transport manager,300000.0,2026-03-27,High,Active,2026-08-03 12:22:13.096129,2026-08-03 12:22:13.096129,Enterprise System
CUST00006228,Damyanti,Balakrishnan,1997-07-22,Prefer Not to Say,damyanti.balakrishnan79@hotmail.com,+919385752690,Database administrator,300000.0,2026-05-19,High,Active,2026-08-03 12:22:13.096129,2026-08-03 12:22:13.096129,Enterprise System
CUST00006229,Onkar,Sarna,1959-10-18,Male,onkar.sarna17@outlook.com,+919780314954,Geochemist,500000.0,2023-05-21,High,Blocked,2026-08-03 12:22:13.096129,2026-08-03 12:22:13.096129,Enterprise System
CUST00006230,David,Chakrabarti,1945-08-13,Non-Binary,david.chakrabarti71@hotmail.com,+919239803306,Firefighter,1200000.0,2019-05-13,Medium,Active,2026-08-03 12:22:13.096129,2026-08-03 12:22:13.096129,Enterprise System
CUST00006231,Qushi,Behl,1951-02-07,Male,qushi.behl13@hotmail.com,+919592443493,Location manager,300000.0,1974-07-30,High,Active,2026-08-03 12:22:13.096129,2026-08-03 12:22:13.096129,Enterprise System
CUST00006232,Arin,Kala,1984-02-12,Female,arin.kala826@hotmail.com,+919212005384,"Research officer, government",300000.0,2016-07-28,High,Active,2026-08-03 12:22:13.096129,2026-08-03 12:22:13.096129,Enterprise System
CUST00006233,Lila,Rajagopal,1987-07-07,Female,lila.rajagopal119@hotmail.com,+919763373663,Sub,300000.0,2014-09-21,High,Dormant,2026-08-03 12:22:13.096129,2026-08-03 12:22:13.096129,Enterprise System
CUST00006234,Harita,Hora,1958-12-04,Male,harita.hora151@outlook.com,+919471988264,Air cabin crew,500000.0,1979-08-14,High,Active,2026-08-03 12:22:13.096129,2026-08-03 12:22:13.096129,Enterprise System
CUST00006235,Arya,Khosla,1992-11-18,Male,arya.khosla387@gmail.com,+919958147436,"Engineer, civil (contracting)",500000.0,2018-05-05,High,Active,2026-08-03 12:22:13.096129,2026-08-03 12:22:13.096129,Enterprise System
CUST00006236,Aashi,Mallick,1970-08-07,Female,aashi.mallick941@hotmail.com,+919389701487,"Designer, graphic",300000.0,2005-07-06,High,Active,2026-08-03 12:22:13.097135,2026-08-03 12:22:13.097135,Enterprise System
CUST00006237,Quincy,Bera,1950-08-18,Non-Binary,quincy.bera878@yahoo.com,+919579233896,Probation officer,5000000.0,2022-08-27,Low,Active,2026-08-03 12:22:13.097135,2026-08-03 12:22:13.097135,Enterprise System
CUST00006238,Jasmit,Apte,1998-03-05,Male,jasmit.apte917@gmail.com,+919771149403,Senior tax professional/tax inspector,500000.0,2026-01-15,High,Active,2026-08-03 12:22:13.097135,2026-08-03 12:22:13.097135,Enterprise System
CUST00006239,Ronith,Thakkar,1951-05-29,Non-Binary,ronith.thakkar313@outlook.com,+919452952007,Graphic designer,300000.0,1980-12-12,High,Active,2026-08-03 12:22:13.097135,2026-08-03 12:22:13.097135,Enterprise System
CUST00006240,Balveer,Desai,1956-06-05,Female,balveer.desai424@hotmail.com,+919764256604,"Engineer, biomedical",500000.0,2003-01-15,High,Active,2026-08-03 12:22:13.097135,2026-08-03 12:22:13.097135,Enterprise System
CUST00006241,Rudra,Bansal,1996-09-09,Prefer Not to Say,rudra.bansal633@gmail.com,+919663424848,Optometrist,500000.0,2018-07-31,High,Active,2026-08-03 12:22:13.097135,2026-08-03 12:22:13.097135,Enterprise System
CUST00006242,Jacob,Nagar,1959-06-15,Non-Binary,jacob.nagar49@hotmail.com,+919246267671,Fitness centre manager,2000000.0,2018-08-02,Low,Active,2026-08-03 12:22:13.097135,2026-08-03 12:22:13.097135,Enterprise System
CUST00006243,Zinal,Gala,1974-05-06,Female,zinal.gala497@gmail.com,+919638686278,"Engineer, materials",500000.0,1993-01-21,High,Active,2026-08-03 12:22:13.097135,2026-08-03 12:22:13.097135,Enterprise System
CUST00006244,Pooja,Mistry,1993-07-10,Female,pooja.mistry799@outlook.com,+919994336462,Environmental consultant,800000.0,2026-04-16,Medium,Active,2026-08-03 12:22:13.097135,2026-08-03 12:22:13.097135,Enterprise System
CUST00006245,Chandran,Raja,1956-08-18,Non-Binary,chandran.raja607@yahoo.com,+919524050990,Civil Service fast streamer,500000.0,2009-12-22,High,Active,2026-08-03 12:22:13.097135,2026-08-03 12:22:13.097135,Enterprise System
CUST00006246,Ganga,Soman,1946-09-02,Prefer Not to Say,ganga.soman663@hotmail.com,+919272399194,"Engineer, civil (contracting)",300000.0,2006-01-24,High,Active,2026-08-03 12:22:13.097135,2026-08-03 12:22:13.097135,Enterprise System
CUST00006247,Jonathan,Desai,1982-01-08,Prefer Not to Say,jonathan.desai917@gmail.com,+919664577045,IT sales professional,2000000.0,2011-07-25,Low,Active,2026-08-03 12:22:13.097135,2026-08-03 12:22:13.097135,Enterprise System
CUST00006248,Geetika,Kanda,2002-11-12,Male,geetika.kanda430@outlook.com,+919121273834,Naval architect,500000.0,2025-12-28,High,Active,2026-08-03 12:22:13.097135,2026-08-03 12:22:13.097135,Enterprise System
CUST00006249,Harini,Sachdeva,1977-10-01,Non-Binary,harini.sachdeva945@hotmail.com,+919121963672,Bonds trader,800000.0,2023-05-27,Medium,Active,2026-08-03 12:22:13.097135,2026-08-03 12:22:13.097135,Enterprise System
CUST00006250,Parth,Subramanian,1988-12-21,Prefer Not to Say,parth.subramanian60@outlook.com,+919015039882,"Secretary, company",3500000.0,2010-06-06,Low,Active,2026-08-03 12:22:13.097135,2026-08-03 12:22:13.097135,Enterprise System
CUST00006251,Lila,Boase,1995-08-26,Male,lila.boase908@gmail.com,+919516832321,Investment analyst,300000.0,2014-01-05,High,Active,2026-08-03 12:22:13.097135,2026-08-03 12:22:13.097135,Enterprise System
CUST00006252,Amara,Kota,1952-08-28,Male,amara.kota828@hotmail.com,+919319980412,"Copywriter, advertising",300000.0,2009-01-01,High,Active,2026-08-03 12:22:13.097135,2026-08-03 12:22:13.097135,Enterprise System
CUST00006253,Manbir,Pathak,1961-03-04,Female,manbir.pathak943@hotmail.com,+919527895563,"Scientist, product/process development",2000000.0,2015-02-27,Low,Active,2026-08-03 12:22:13.097135,2026-08-03 12:22:13.097135,Enterprise System
CUST00006254,Lucky,Ganesan,1973-06-07,Male,lucky.ganesan814@outlook.com,+919511739248,"Administrator, Civil Service",500000.0,1992-08-22,High,Active,2026-08-03 12:22:13.097135,2026-08-03 12:22:13.097135,Enterprise System
CUST00006255,Samuel,Mani,1981-07-01,Female,samuel.mani730@hotmail.com,+919991874997,Barrister,300000.0,1999-11-05,High,Active,2026-08-03 12:22:13.097135,2026-08-03 12:22:13.097135,Enterprise System
CUST00006256,Samaksh,Karnik,1991-10-31,Prefer Not to Say,samaksh.karnik623@hotmail.com,+919231225297,Merchant navy officer,300000.0,2017-04-20,High,Active,2026-08-03 12:22:13.097135,2026-08-03 12:22:13.097135,Enterprise System
CUST00006257,Ekaja,Kaul,1976-09-18,Female,ekaja.kaul842@gmail.com,+919923141058,"Engineer, maintenance",300000.0,2023-10-22,High,Active,2026-08-03 12:22:13.097135,2026-08-03 12:22:13.097135,Enterprise System
CUST00006258,Chavvi,Koshy,1958-06-28,Female,chavvi.koshy663@hotmail.com,+919090060756,"Engineer, manufacturing",300000.0,2002-09-12,High,Active,2026-08-03 12:22:13.097135,2026-08-03 12:22:13.097135,Enterprise System
CUST00006259,Vedant,Deep,1985-02-27,Non-Binary,vedant.deep505@hotmail.com,+919858817125,Farm manager,800000.0,2019-10-21,Medium,Active,2026-08-03 12:22:13.097135,2026-08-03 12:22:13.097135,Enterprise System
CUST00006260,Andrew,Rastogi,1978-08-27,Male,andrew.rastogi877@hotmail.com,+919947959214,Graphic designer,300000.0,2004-08-15,High,Active,2026-08-03 12:22:13.097135,2026-08-03 12:22:13.097135,Enterprise System
CUST00006261,Jhalak,Kade,1979-05-06,Non-Binary,jhalak.kade232@gmail.com,+919384107985,Charity fundraiser,300000.0,2001-05-08,High,Active,2026-08-03 12:22:13.097135,2026-08-03 12:22:13.097135,Enterprise System
CUST00006262,Mekhala,Chauhan,1953-07-11,Female,mekhala.chauhan134@hotmail.com,+919788338636,Financial manager,300000.0,1980-04-30,High,Active,2026-08-03 12:22:13.097135,2026-08-03 12:22:13.097135,Enterprise System
CUST00006263,Samesh,Kalla,1947-11-14,Female,samesh.kalla37@outlook.com,+919640041778,Lawyer,1200000.0,2015-07-05,Medium,Active,2026-08-03 12:22:13.098138,2026-08-03 12:22:13.098138,Enterprise System
CUST00006264,Januja,Tella,1999-07-04,Female,januja.tella580@yahoo.com,+919422325598,Statistician,300000.0,2021-04-19,High,Active,2026-08-03 12:22:13.098138,2026-08-03 12:22:13.098138,Enterprise System
CUST00006265,Teerth,Dave,2008-03-02,Female,teerth.dave634@yahoo.com,+919167704439,Interior and spatial designer,300000.0,2026-07-15,High,Blocked,2026-08-03 12:22:13.098138,2026-08-03 12:22:13.098138,Enterprise System
CUST00006266,Anirudh,Kalita,1976-09-18,Male,anirudh.kalita336@hotmail.com,+919977636138,Air traffic controller,300000.0,2007-05-24,High,Active,2026-08-03 12:22:13.098138,2026-08-03 12:22:13.098138,Enterprise System
CUST00006267,Anay,Nagarajan,1974-02-03,Male,anay.nagarajan250@hotmail.com,+919026460355,Television floor manager,500000.0,2019-06-09,High,Active,2026-08-03 12:22:13.098138,2026-08-03 12:22:13.098138,Enterprise System
CUST00006268,Oliver,Sandhu,1996-01-16,Non-Binary,oliver.sandhu407@hotmail.com,+919856682754,"Teacher, adult education",800000.0,2024-11-23,Medium,Active,2026-08-03 12:22:13.098138,2026-08-03 12:22:13.098138,Enterprise System
CUST00006269,Janaki,Sunder,1996-10-11,Non-Binary,janaki.sunder702@yahoo.com,+919793819513,Air cabin crew,1200000.0,2016-11-20,Medium,Active,2026-08-03 12:22:13.098138,2026-08-03 12:22:13.098138,Enterprise System
CUST00006270,Omkaar,Ranganathan,1992-12-01,Non-Binary,omkaar.ranganathan427@outlook.com,+919285936608,Local government officer,300000.0,2026-03-17,High,Active,2026-08-03 12:22:13.098138,2026-08-03 12:22:13.098138,Enterprise System
CUST00006271,Janya,Kurian,1994-09-29,Prefer Not to Say,janya.kurian39@yahoo.com,+919640900895,Film/video editor,300000.0,2017-02-04,High,Active,2026-08-03 12:22:13.098138,2026-08-03 12:22:13.098138,Enterprise System
CUST00006272,Nakul,Goswami,1964-09-14,Non-Binary,nakul.goswami269@yahoo.com,+919722816927,"Surveyor, minerals",300000.0,2016-07-11,High,Active,2026-08-03 12:22:13.098138,2026-08-03 12:22:13.098138,Enterprise System
CUST00006273,Turvi,Ranganathan,1973-12-08,Male,turvi.ranganathan992@hotmail.com,+919055678259,"Engineer, maintenance (IT)",300000.0,2026-01-05,High,Active,2026-08-03 12:22:13.098138,2026-08-03 12:22:13.098138,Enterprise System
CUST00006274,Samaksh,Tank,1979-02-23,Non-Binary,samaksh.tank879@gmail.com,+919130400845,Records manager,2000000.0,2013-11-19,Low,Active,2026-08-03 12:22:13.098138,2026-08-03 12:22:13.098138,Enterprise System
CUST00006275,Yashica,Bumb,1988-06-19,Female,yashica.bumb798@gmail.com,+919813639984,Public affairs consultant,500000.0,2022-07-06,High,Active,2026-08-03 12:22:13.098138,2026-08-03 12:22:13.098138,Enterprise System
CUST00006276,Meghana,Khanna,1997-09-26,Male,meghana.khanna486@outlook.com,+919531371638,"Radiographer, therapeutic",500000.0,2016-07-09,High,Active,2026-08-03 12:22:13.098138,2026-08-03 12:22:13.098138,Enterprise System
CUST00006277,Yug,Wadhwa,2003-11-14,Non-Binary,yug.wadhwa902@hotmail.com,+919069024942,Sports coach,800000.0,2022-01-24,Medium,Active,2026-08-03 12:22:13.098138,2026-08-03 12:22:13.098138,Enterprise System
CUST00006278,Peter,Om,1975-03-10,Prefer Not to Say,peter.om119@yahoo.com,+919038812456,Museum/gallery conservator,500000.0,2024-02-14,High,Active,2026-08-03 12:22:13.098138,2026-08-03 12:22:13.098138,Enterprise System
CUST00006279,Ekapad,Bora,1990-09-27,Male,ekapad.bora291@outlook.com,+919563064248,Scientific laboratory technician,300000.0,2010-02-03,High,Active,2026-08-03 12:22:13.098138,2026-08-03 12:22:13.098138,Enterprise System
CUST00006280,Dev,Nadig,1951-05-26,Prefer Not to Say,dev.nadig805@gmail.com,+919038715891,Radio producer,500000.0,2023-10-27,High,Active,2026-08-03 12:22:13.098138,2026-08-03 12:22:13.098138,Enterprise System
CUST00006281,Hiral,Basak,2004-01-12,Male,hiral.basak196@yahoo.com,+919818538275,Manufacturing systems engineer,5000000.0,2023-03-03,Low,Dormant,2026-08-03 12:22:13.098138,2026-08-03 12:22:13.098138,Enterprise System
CUST00006282,Sachi,Lal,1991-06-12,Non-Binary,sachi.lal919@outlook.com,+919057388767,"Psychotherapist, dance movement",300000.0,2026-01-04,High,Active,2026-08-03 12:22:13.098138,2026-08-03 12:22:13.098138,Enterprise System
CUST00006283,Daniel,Chander,2005-02-15,Male,daniel.chander469@yahoo.com,+919440811765,"Psychotherapist, child",300000.0,2026-03-12,High,Blocked,2026-08-03 12:22:13.098138,2026-08-03 12:22:13.098138,Enterprise System
CUST00006284,Darsh,Apte,2003-08-01,Female,darsh.apte638@outlook.com,+919346045816,Purchasing manager,300000.0,2023-06-29,High,Active,2026-08-03 12:22:13.098138,2026-08-03 12:22:13.098138,Enterprise System
CUST00006285,Maanas,Chaudhuri,1951-12-13,Prefer Not to Say,maanas.chaudhuri479@gmail.com,+919639153014,Astronomer,800000.0,1972-03-14,Medium,Active,2026-08-03 12:22:13.098138,2026-08-03 12:22:13.098138,Enterprise System
CUST00006286,Gunbir,Mand,1946-02-15,Non-Binary,gunbir.mand99@yahoo.com,+919298655016,Chief Marketing Officer,500000.0,2005-03-19,High,Active,2026-08-03 12:22:13.098138,2026-08-03 12:22:13.098138,Enterprise System
CUST00006287,Atharv,Vig,1969-10-24,Prefer Not to Say,atharv.vig258@hotmail.com,+919661715797,Electrical engineer,500000.0,2001-12-28,High,Active,2026-08-03 12:22:13.098138,2026-08-03 12:22:13.098138,Enterprise System
CUST00006288,Faris,Balan,1966-02-13,Non-Binary,faris.balan695@gmail.com,+919315833018,Electronics engineer,300000.0,2013-04-11,High,Active,2026-08-03 12:22:13.098138,2026-08-03 12:22:13.098138,Enterprise System
CUST00006289,Samar,Rastogi,1976-03-28,Male,samar.rastogi101@outlook.com,+919321950442,Camera operator,300000.0,2005-03-16,High,Active,2026-08-03 12:22:13.098138,2026-08-03 12:22:13.098138,Enterprise System
CUST00006290,Siya,Mallick,1984-02-28,Non-Binary,siya.mallick765@yahoo.com,+919588453474,Theme park manager,800000.0,2022-11-09,Medium,Active,2026-08-03 12:22:13.099137,2026-08-03 12:22:13.099137,Enterprise System
CUST00006291,Tanish,Ravi,1977-10-07,Male,tanish.ravi619@yahoo.com,+919240636961,Intelligence analyst,800000.0,2018-01-04,Medium,Active,2026-08-03 12:22:13.099137,2026-08-03 12:22:13.099137,Enterprise System
CUST00006292,Meera,Bail,1956-12-11,Male,meera.bail21@hotmail.com,+919755263185,"Production assistant, television",800000.0,2020-09-09,Medium,Active,2026-08-03 12:22:13.099137,2026-08-03 12:22:13.099137,Enterprise System
CUST00006293,Warhi,Garg,1958-07-04,Male,warhi.garg395@hotmail.com,+919882255992,"Scientist, forensic",800000.0,2007-03-23,Medium,Active,2026-08-03 12:22:13.099137,2026-08-03 12:22:13.099137,Enterprise System
CUST00006294,Falan,Palan,1963-11-18,Male,falan.palan658@yahoo.com,+919435310845,Airline pilot,500000.0,2013-08-31,High,Active,2026-08-03 12:22:13.099137,2026-08-03 12:22:13.099137,Enterprise System
CUST00006295,Wakeeta,Mittal,1986-02-01,Prefer Not to Say,wakeeta.mittal563@hotmail.com,+919780105894,Commercial horticulturist,300000.0,2025-03-12,High,Active,2026-08-03 12:22:13.099137,2026-08-03 12:22:13.099137,Enterprise System
CUST00006296,Advaith,Zacharia,1961-12-24,Non-Binary,advaith.zacharia544@yahoo.com,+919912916552,"Scientist, research (physical sciences)",1200000.0,1987-05-11,Medium,Active,2026-08-03 12:22:13.099137,2026-08-03 12:22:13.099137,Enterprise System
CUST00006297,Madhavi,Mukhopadhyay,1998-11-11,Non-Binary,madhavi.mukhopadhyay786@yahoo.com,+919097989394,Best boy,500000.0,2022-09-27,High,Active,2026-08-03 12:22:13.099137,2026-08-03 12:22:13.099137,Enterprise System
CUST00006298,Warjas,Kunda,1957-09-04,Prefer Not to Say,warjas.kunda956@gmail.com,+919566924126,Multimedia programmer,500000.0,2015-09-29,High,Active,2026-08-03 12:22:13.099137,2026-08-03 12:22:13.099137,Enterprise System
CUST00006299,Pushti,Ganesan,1960-04-22,Prefer Not to Say,pushti.ganesan212@outlook.com,+919227878853,Immigration officer,500000.0,1981-08-28,High,Active,2026-08-03 12:22:13.099137,2026-08-03 12:22:13.099137,Enterprise System
CUST00006300,Bhavani,Rao,2004-10-10,Female,bhavani.rao418@yahoo.com,+919721726016,Control and instrumentation engineer,300000.0,2025-08-20,High,Active,2026-08-03 12:22:13.099137,2026-08-03 12:22:13.099137,Enterprise System
CUST00006301,Zansi,Bedi,1985-08-15,Non-Binary,zansi.bedi658@gmail.com,+919388208448,IT technical support officer,2000000.0,2006-11-21,Low,Active,2026-08-03 12:22:13.099137,2026-08-03 12:22:13.099137,Enterprise System
CUST00006302,Zaid,Zachariah,2007-06-04,Female,zaid.zachariah197@gmail.com,+919536125166,Legal executive,3500000.0,2026-05-15,Low,Active,2026-08-03 12:22:13.099137,2026-08-03 12:22:13.099137,Enterprise System
CUST00006303,Benjamin,Thakur,2004-04-16,Non-Binary,benjamin.thakur884@yahoo.com,+919753611694,Firefighter,2000000.0,2024-05-16,Low,Active,2026-08-03 12:22:13.099137,2026-08-03 12:22:13.099137,Enterprise System
CUST00006304,Thomas,Wable,1961-05-05,Female,thomas.wable861@outlook.com,+919262391184,Community arts worker,300000.0,2002-05-08,High,Active,2026-08-03 12:22:13.099137,2026-08-03 12:22:13.099137,Enterprise System
CUST00006305,Ucchal,Jani,1972-09-04,Prefer Not to Say,ucchal.jani883@hotmail.com,+919543031499,Air traffic controller,3500000.0,2005-01-07,Low,Active,2026-08-03 12:22:13.099137,2026-08-03 12:22:13.099137,Enterprise System
CUST00006306,Sachi,Virk,2000-02-01,Prefer Not to Say,sachi.virk926@hotmail.com,+919543990319,"Accountant, chartered public finance",300000.0,2018-11-16,High,Active,2026-08-03 12:22:13.099137,2026-08-03 12:22:13.099137,Enterprise System
CUST00006307,Meghana,Butala,2000-09-28,Male,meghana.butala878@yahoo.com,+919825905928,Accounting technician,500000.0,2020-02-25,High,Active,2026-08-03 12:22:13.099137,2026-08-03 12:22:13.099137,Enterprise System
CUST00006308,Tara,Swamy,1970-05-06,Male,tara.swamy355@yahoo.com,+919420206845,"Psychotherapist, child",500000.0,1988-08-03,High,Active,2026-08-03 12:22:13.099137,2026-08-03 12:22:13.099137,Enterprise System
CUST00006309,Dhruv,Chaudhari,1964-11-01,Male,dhruv.chaudhari171@yahoo.com,+919665900986,"Teacher, English as a foreign language",1200000.0,1997-08-31,Medium,Active,2026-08-03 12:22:13.099137,2026-08-03 12:22:13.099137,Enterprise System
CUST00006310,Vyanjana,Rajan,1946-12-18,Male,vyanjana.rajan661@yahoo.com,+919683489836,Community pharmacist,2000000.0,2004-01-02,Low,Active,2026-08-03 12:22:13.099137,2026-08-03 12:22:13.099137,Enterprise System
CUST00006311,Avi,Kapur,1987-02-06,Female,avi.kapur301@gmail.com,+919552079491,Information officer,800000.0,2022-10-27,Medium,Active,2026-08-03 12:22:13.099137,2026-08-03 12:22:13.099137,Enterprise System
CUST00006312,Aishani,Bhavsar,1992-11-17,Male,aishani.bhavsar245@outlook.com,+919096189653,Garment/textile technologist,1200000.0,2025-04-26,Medium,Active,2026-08-03 12:22:13.099137,2026-08-03 12:22:13.099137,Enterprise System
CUST00006313,Unni,Sagar,1951-06-16,Non-Binary,unni.sagar533@gmail.com,+919748378276,"Surveyor, minerals",300000.0,2000-06-10,High,Active,2026-08-03 12:22:13.099137,2026-08-03 12:22:13.099137,Enterprise System
CUST00006314,Gaurang,Raju,2006-06-09,Male,gaurang.raju389@outlook.com,+919096294785,Dispensing optician,800000.0,2026-01-19,Medium,Blocked,2026-08-03 12:22:13.099137,2026-08-03 12:22:13.099137,Enterprise System
CUST00006315,Gagan,Talwar,1997-12-08,Prefer Not to Say,gagan.talwar258@yahoo.com,+919776617655,Health physicist,300000.0,2021-08-06,High,Active,2026-08-03 12:22:13.099137,2026-08-03 12:22:13.099137,Enterprise System
CUST00006316,Andrew,Brar,1985-12-16,Male,andrew.brar997@outlook.com,+919899895295,"Investment banker, corporate",1200000.0,2012-06-22,Medium,Active,2026-08-03 12:22:13.099137,2026-08-03 12:22:13.099137,Enterprise System
CUST00006317,Fiyaz,Joshi,1996-01-13,Non-Binary,fiyaz.joshi577@hotmail.com,+919631447350,Dentist,300000.0,2021-05-25,High,Closed,2026-08-03 12:22:13.099137,2026-08-03 12:22:13.099137,Enterprise System
CUST00006318,David,Naidu,1987-01-24,Prefer Not to Say,david.naidu364@hotmail.com,+919685877444,"Research officer, trade union",300000.0,2014-07-23,High,Active,2026-08-03 12:22:13.099137,2026-08-03 12:22:13.099137,Enterprise System
CUST00006319,Ubika,Bhardwaj,2003-04-08,Female,ubika.bhardwaj420@hotmail.com,+919330535543,Water quality scientist,300000.0,2024-02-01,High,Active,2026-08-03 12:22:13.100402,2026-08-03 12:22:13.100402,Enterprise System
CUST00006320,Fiyaz,Rout,1960-10-03,Female,fiyaz.rout499@outlook.com,+919695454177,Sports development officer,1200000.0,1999-04-29,Medium,Active,2026-08-03 12:22:13.100402,2026-08-03 12:22:13.100402,Enterprise System
CUST00006321,Aarini,Patel,1989-10-06,Non-Binary,aarini.patel549@hotmail.com,+919497170493,"Psychologist, prison and probation services",500000.0,2024-05-17,High,Closed,2026-08-03 12:22:13.100402,2026-08-03 12:22:13.100402,Enterprise System
CUST00006322,Qasim,Goyal,2001-05-17,Prefer Not to Say,qasim.goyal327@yahoo.com,+919984989256,Race relations officer,300000.0,2023-08-12,High,Active,2026-08-03 12:22:13.100402,2026-08-03 12:22:13.100402,Enterprise System
CUST00006323,Wazir,Kota,1993-10-18,Prefer Not to Say,wazir.kota390@outlook.com,+919128451320,Theatre director,300000.0,2013-04-30,High,Active,2026-08-03 12:22:13.100402,2026-08-03 12:22:13.100402,Enterprise System
CUST00006324,Jagdish,Choudhary,2005-08-27,Male,jagdish.choudhary965@yahoo.com,+919192409020,Dentist,500000.0,2024-05-31,High,Active,2026-08-03 12:22:13.100402,2026-08-03 12:22:13.100402,Enterprise System
CUST00006325,Champak,Ganesh,1992-08-01,Female,champak.ganesh579@yahoo.com,+919786365528,Cytogeneticist,300000.0,2018-01-01,High,Active,2026-08-03 12:22:13.100402,2026-08-03 12:22:13.100402,Enterprise System
CUST00006326,Nirja,Nagi,1978-04-21,Prefer Not to Say,nirja.nagi122@outlook.com,+919965862145,Insurance risk surveyor,2000000.0,2026-04-11,Low,Active,2026-08-03 12:22:13.100402,2026-08-03 12:22:13.100402,Enterprise System
CUST00006327,Jason,Handa,1973-11-24,Female,jason.handa85@yahoo.com,+919279488581,Ergonomist,800000.0,2012-01-30,Medium,Active,2026-08-03 12:22:13.100402,2026-08-03 12:22:13.100402,Enterprise System
CUST00006328,Vrinda,Rout,1947-11-07,Prefer Not to Say,vrinda.rout883@gmail.com,+919861422930,"Engineer, manufacturing systems",800000.0,1998-08-24,Medium,Active,2026-08-03 12:22:13.100402,2026-08-03 12:22:13.100402,Enterprise System
CUST00006329,Omkaar,Parikh,1986-08-28,Non-Binary,omkaar.parikh107@hotmail.com,+919698243240,Recruitment consultant,300000.0,2022-02-15,High,Active,2026-08-03 12:22:13.100402,2026-08-03 12:22:13.100402,Enterprise System
CUST00006330,Omya,Dayal,1960-01-12,Non-Binary,omya.dayal249@outlook.com,+919512607629,Product/process development scientist,300000.0,2001-09-28,High,Blocked,2026-08-03 12:22:13.100402,2026-08-03 12:22:13.100402,Enterprise System
CUST00006331,Faris,Prasad,1948-05-10,Female,faris.prasad243@outlook.com,+919299049497,"Surveyor, building",300000.0,2009-05-09,High,Active,2026-08-03 12:22:13.100402,2026-08-03 12:22:13.100402,Enterprise System
CUST00006332,Chatresh,Sarkar,1962-09-23,Prefer Not to Say,chatresh.sarkar501@outlook.com,+919731051762,"Scientist, research (maths)",800000.0,1986-08-03,Medium,Active,2026-08-03 12:22:13.100402,2026-08-03 12:22:13.100402,Enterprise System
CUST00006333,Eiravati,Pant,1993-08-22,Male,eiravati.pant652@hotmail.com,+919860831389,Arboriculturist,500000.0,2020-06-30,High,Active,2026-08-03 12:22:13.100402,2026-08-03 12:22:13.100402,Enterprise System
CUST00006334,Lipika,Gopal,1972-03-03,Female,lipika.gopal264@outlook.com,+919885737257,Quality manager,1200000.0,2017-10-11,Medium,Active,2026-08-03 12:22:13.100402,2026-08-03 12:22:13.100402,Enterprise System
CUST00006335,Fariq,Gaba,1994-06-06,Male,fariq.gaba949@hotmail.com,+919161421289,Proofreader,2000000.0,2024-01-11,Low,Active,2026-08-03 12:22:13.100402,2026-08-03 12:22:13.100402,Enterprise System
CUST00006336,Sai,Pradhan,2002-06-03,Male,sai.pradhan492@hotmail.com,+919910604646,"Engineer, petroleum",500000.0,2026-08-01,High,Active,2026-08-03 12:22:13.100402,2026-08-03 12:22:13.100402,Enterprise System
CUST00006337,Priya,Palan,1977-08-25,Non-Binary,priya.palan683@gmail.com,+919525618611,Estate manager/land agent,1200000.0,2021-10-30,Medium,Active,2026-08-03 12:22:13.100402,2026-08-03 12:22:13.100402,Enterprise System
CUST00006338,Zehaan,Om,2004-02-29,Male,zehaan.om746@hotmail.com,+919698669620,Pensions consultant,3500000.0,2024-03-13,Low,Active,2026-08-03 12:22:13.100402,2026-08-03 12:22:13.100402,Enterprise System
CUST00006339,Dhriti,Sahota,1946-05-01,Prefer Not to Say,dhriti.sahota411@gmail.com,+919480455972,Occupational psychologist,800000.0,1991-06-17,Medium,Dormant,2026-08-03 12:22:13.100402,2026-08-03 12:22:13.100402,Enterprise System
CUST00006340,Kala,Ranganathan,1949-01-04,Non-Binary,kala.ranganathan462@hotmail.com,+919641300641,Print production planner,1200000.0,2006-11-26,Medium,Active,2026-08-03 12:22:13.100402,2026-08-03 12:22:13.100402,Enterprise System
CUST00006341,Ansh,Dutt,1947-12-13,Male,ansh.dutt492@gmail.com,+919721014754,Toxicologist,300000.0,1993-12-28,High,Active,2026-08-03 12:22:13.100402,2026-08-03 12:22:13.100402,Enterprise System
CUST00006342,Ekavir,Sawhney,1974-01-13,Male,ekavir.sawhney939@yahoo.com,+919231689095,Analytical chemist,300000.0,2025-03-10,High,Closed,2026-08-03 12:22:13.100402,2026-08-03 12:22:13.100402,Enterprise System
CUST00006343,Wazir,Contractor,2007-01-16,Female,wazir.contractor911@gmail.com,+919530481165,"Administrator, Civil Service",1200000.0,2026-01-16,Medium,Active,2026-08-03 12:22:13.100402,2026-08-03 12:22:13.100402,Enterprise System
CUST00006344,Pranav,Vasa,1997-02-02,Male,pranav.vasa795@gmail.com,+919211467631,"Engineer, site",2000000.0,2025-11-08,Low,Active,2026-08-03 12:22:13.100402,2026-08-03 12:22:13.100402,Enterprise System
CUST00006345,Bahadurjit,Bahl,1956-09-21,Prefer Not to Say,bahadurjit.bahl351@yahoo.com,+919152976926,Veterinary surgeon,5000000.0,1978-03-28,Low,Active,2026-08-03 12:22:13.100402,2026-08-03 12:22:13.100402,Enterprise System
CUST00006346,Champak,Shan,1971-03-24,Non-Binary,champak.shan532@gmail.com,+919293876934,Haematologist,1200000.0,2024-07-14,Medium,Dormant,2026-08-03 12:22:13.101419,2026-08-03 12:22:13.101419,Enterprise System
CUST00006347,Lakshit,Kanda,1982-08-15,Prefer Not to Say,lakshit.kanda526@outlook.com,+919030386989,English as a second language teacher,1200000.0,2024-08-01,Medium,Active,2026-08-03 12:22:13.101419,2026-08-03 12:22:13.101419,Enterprise System
CUST00006348,Vedika,Bose,1972-12-06,Prefer Not to Say,vedika.bose337@outlook.com,+919067003550,"Surveyor, rural practice",3500000.0,2019-12-02,Low,Active,2026-08-03 12:22:13.101419,2026-08-03 12:22:13.101419,Enterprise System
CUST00006349,Indali,Salvi,2005-07-28,Prefer Not to Say,indali.salvi672@gmail.com,+919444871654,"Administrator, sports",3500000.0,2023-11-18,Low,Active,2026-08-03 12:22:13.101419,2026-08-03 12:22:13.101419,Enterprise System
CUST00006350,Nicholas,Goel,1981-03-28,Non-Binary,nicholas.goel312@outlook.com,+919750969208,"Surveyor, rural practice",2000000.0,2026-01-03,Low,Active,2026-08-03 12:22:13.101419,2026-08-03 12:22:13.101419,Enterprise System
CUST00006351,Ekaja,Biswas,1973-12-11,Non-Binary,ekaja.biswas530@hotmail.com,+919134449170,Environmental education officer,500000.0,2023-06-29,High,Active,2026-08-03 12:22:13.101419,2026-08-03 12:22:13.101419,Enterprise System
CUST00006352,Nathaniel,Dara,1982-08-31,Female,nathaniel.dara548@hotmail.com,+919794498345,"Administrator, charities/voluntary organisations",500000.0,2003-10-09,High,Closed,2026-08-03 12:22:13.101695,2026-08-03 12:22:13.101695,Enterprise System
CUST00006353,Nidra,Lalla,1987-05-22,Male,nidra.lalla225@outlook.com,+919331359185,"Embryologist, clinical",500000.0,2007-03-20,High,Active,2026-08-03 12:22:13.101695,2026-08-03 12:22:13.101695,Enterprise System
CUST00006354,Ranveer,Swamy,1992-08-17,Male,ranveer.swamy563@outlook.com,+919087156552,"Psychologist, forensic",800000.0,2023-09-23,Medium,Active,2026-08-03 12:22:13.101695,2026-08-03 12:22:13.101695,Enterprise System
CUST00006355,Alexander,Bhattacharyya,1952-08-11,Male,alexander.bhattacharyya948@yahoo.com,+919341615229,Equities trader,800000.0,1994-08-07,Medium,Active,2026-08-03 12:22:13.101695,2026-08-03 12:22:13.101695,Enterprise System
CUST00006356,Jack,Sawhney,1957-12-13,Non-Binary,jack.sawhney889@outlook.com,+919860317051,"Engineer, petroleum",800000.0,2002-12-31,Medium,Dormant,2026-08-03 12:22:13.101695,2026-08-03 12:22:13.101695,Enterprise System
CUST00006357,Balhaar,Din,1958-10-24,Prefer Not to Say,balhaar.din646@hotmail.com,+919923198564,"Psychologist, clinical",800000.0,2001-09-11,Medium,Active,2026-08-03 12:22:13.101695,2026-08-03 12:22:13.101695,Enterprise System
CUST00006358,Tripti,Nayar,1951-11-19,Male,tripti.nayar691@yahoo.com,+919313255391,Armed forces operational officer,500000.0,1995-07-21,High,Active,2026-08-03 12:22:13.101695,2026-08-03 12:22:13.101695,Enterprise System
CUST00006359,Gopal,Parmer,1959-07-17,Male,gopal.parmer256@outlook.com,+919637078529,Banker,3500000.0,2017-07-08,Low,Active,2026-08-03 12:22:13.101695,2026-08-03 12:22:13.101695,Enterprise System
CUST00006360,Bhavini,Dutt,2008-02-13,Male,bhavini.dutt280@gmail.com,+919469901992,Musician,500000.0,2026-05-10,High,Active,2026-08-03 12:22:13.101695,2026-08-03 12:22:13.101695,Enterprise System
CUST00006361,Yauvani,Keer,1968-09-08,Prefer Not to Say,yauvani.keer385@yahoo.com,+919815735988,Hospital pharmacist,300000.0,2009-12-17,High,Active,2026-08-03 12:22:13.101695,2026-08-03 12:22:13.101695,Enterprise System
CUST00006362,Zaitra,Pau,1975-11-23,Female,zaitra.pau285@hotmail.com,+919229373574,"Presenter, broadcasting",500000.0,2006-06-08,High,Active,2026-08-03 12:22:13.101695,2026-08-03 12:22:13.101695,Enterprise System
CUST00006363,Ayushman,Chawla,1996-02-23,Non-Binary,ayushman.chawla999@outlook.com,+919957832628,"Programmer, applications",500000.0,2016-11-12,High,Active,2026-08-03 12:22:13.101695,2026-08-03 12:22:13.101695,Enterprise System
CUST00006364,Aahana,Kurian,1966-04-28,Non-Binary,aahana.kurian778@gmail.com,+919081496657,IT technical support officer,500000.0,2001-03-04,High,Active,2026-08-03 12:22:13.101695,2026-08-03 12:22:13.101695,Enterprise System
CUST00006365,Ekaja,Pradhan,1975-09-18,Female,ekaja.pradhan482@gmail.com,+919721615882,"Conservator, museum/gallery",2000000.0,2020-04-07,Low,Active,2026-08-03 12:22:13.101695,2026-08-03 12:22:13.101695,Enterprise System
CUST00006366,Odika,Roy,2008-07-09,Female,odika.roy784@yahoo.com,+919248624917,Operations geologist,800000.0,2026-07-11,Medium,Active,2026-08-03 12:22:13.101695,2026-08-03 12:22:13.101695,Enterprise System
CUST00006367,Suhani,Tara,1991-08-27,Female,suhani.tara221@yahoo.com,+919039015830,Operational investment banker,500000.0,2020-03-31,High,Active,2026-08-03 12:22:13.101695,2026-08-03 12:22:13.101695,Enterprise System
CUST00006368,Yamini,Choudhary,2000-03-13,Female,yamini.choudhary67@yahoo.com,+919544337031,"Engineer, electrical",500000.0,2025-06-24,High,Active,2026-08-03 12:22:13.101695,2026-08-03 12:22:13.101695,Enterprise System
CUST00006369,Mitali,Pingle,2004-08-24,Female,mitali.pingle225@gmail.com,+919198887339,Horticultural therapist,500000.0,2025-11-06,High,Active,2026-08-03 12:22:13.101695,2026-08-03 12:22:13.101695,Enterprise System
CUST00006370,Champak,Puri,1977-12-22,Non-Binary,champak.puri607@outlook.com,+919328743765,Wellsite geologist,2000000.0,2005-02-26,Low,Active,2026-08-03 12:22:13.101695,2026-08-03 12:22:13.101695,Enterprise System
CUST00006371,Rachana,Dugar,1978-07-23,Non-Binary,rachana.dugar389@yahoo.com,+919588673870,Claims inspector/assessor,500000.0,2018-01-31,High,Active,2026-08-03 12:22:13.101695,2026-08-03 12:22:13.101695,Enterprise System
CUST00006372,Thomas,Kala,1972-06-27,Female,thomas.kala813@hotmail.com,+919677177215,"Engineer, control and instrumentation",1200000.0,2005-06-25,Medium,Active,2026-08-03 12:22:13.101695,2026-08-03 12:22:13.101695,Enterprise System
CUST00006373,Falan,Raj,1965-11-02,Non-Binary,falan.raj981@outlook.com,+919633147626,Magazine features editor,300000.0,2024-10-29,High,Active,2026-08-03 12:22:13.101695,2026-08-03 12:22:13.101695,Enterprise System
CUST00006374,Kamala,Krishnan,1952-09-17,Non-Binary,kamala.krishnan894@yahoo.com,+919165356288,"Surveyor, quantity",800000.0,1995-11-30,Medium,Active,2026-08-03 12:22:13.101695,2026-08-03 12:22:13.101695,Enterprise System
CUST00006375,Teerth,Minhas,1979-12-31,Female,teerth.minhas200@yahoo.com,+919369128304,Tourist information centre manager,800000.0,2012-07-01,Medium,Active,2026-08-03 12:22:13.101695,2026-08-03 12:22:13.101695,Enterprise System
CUST00006376,Tripti,Sodhi,1977-03-23,Non-Binary,tripti.sodhi840@yahoo.com,+919895165020,"Copywriter, advertising",2000000.0,2002-03-10,Low,Active,2026-08-03 12:22:13.101695,2026-08-03 12:22:13.101695,Enterprise System
CUST00006377,Mekhala,Chanda,2000-04-20,Prefer Not to Say,mekhala.chanda807@yahoo.com,+919327922136,Emergency planning/management officer,800000.0,2025-07-25,Medium,Active,2026-08-03 12:22:13.101695,2026-08-03 12:22:13.101695,Enterprise System
CUST00006378,Niharika,Gopal,1951-03-08,Non-Binary,niharika.gopal710@gmail.com,+919255880960,Actor,300000.0,1993-07-27,High,Active,2026-08-03 12:22:13.101695,2026-08-03 12:22:13.101695,Enterprise System
CUST00006379,Oni,Date,1982-10-19,Non-Binary,oni.date425@outlook.com,+919768951186,Diplomatic Services operational officer,500000.0,2003-08-23,High,Active,2026-08-03 12:22:13.101695,2026-08-03 12:22:13.101695,Enterprise System
CUST00006380,Bina,Solanki,1982-10-05,Male,bina.solanki929@yahoo.com,+919482768541,TEFL teacher,300000.0,2003-10-12,High,Active,2026-08-03 12:22:13.101695,2026-08-03 12:22:13.101695,Enterprise System
CUST00006381,Oviya,Bhardwaj,2006-04-28,Prefer Not to Say,oviya.bhardwaj516@gmail.com,+919835293174,Travel agency manager,300000.0,2024-12-26,High,Active,2026-08-03 12:22:13.102802,2026-08-03 12:22:13.102802,Enterprise System
CUST00006382,Baljiwan,Bajwa,1979-11-02,Female,baljiwan.bajwa324@outlook.com,+919872347443,Systems developer,300000.0,2008-12-08,High,Active,2026-08-03 12:22:13.102802,2026-08-03 12:22:13.102802,Enterprise System
CUST00006383,Chakradhar,D’Alia,1962-09-18,Non-Binary,chakradhar.d’alia48@gmail.com,+919788805647,"Designer, interior/spatial",2000000.0,1984-03-01,Low,Active,2026-08-03 12:22:13.102802,2026-08-03 12:22:13.102802,Enterprise System
CUST00006384,Faqid,Rajagopalan,1996-10-20,Male,faqid.rajagopalan800@gmail.com,+919291792565,Cabin crew,300000.0,2021-05-30,High,Active,2026-08-03 12:22:13.102802,2026-08-03 12:22:13.102802,Enterprise System
CUST00006385,Ekansh,Gandhi,1960-11-29,Non-Binary,ekansh.gandhi707@gmail.com,+919223787230,Illustrator,300000.0,2010-02-10,High,Active,2026-08-03 12:22:13.102802,2026-08-03 12:22:13.102802,Enterprise System
CUST00006386,Kiaan,Nadig,1977-10-28,Female,kiaan.nadig9@outlook.com,+919030112818,Glass blower/designer,300000.0,2013-12-29,High,Active,2026-08-03 12:22:13.102802,2026-08-03 12:22:13.102802,Enterprise System
CUST00006387,David,Ghose,1965-03-21,Male,david.ghose761@gmail.com,+919660765618,"Designer, industrial/product",300000.0,1984-02-02,High,Active,2026-08-03 12:22:13.102802,2026-08-03 12:22:13.102802,Enterprise System
CUST00006388,Amol,Char,1957-11-24,Non-Binary,amol.char401@gmail.com,+919714787257,Planning and development surveyor,300000.0,2024-05-07,High,Active,2026-08-03 12:22:13.102802,2026-08-03 12:22:13.102802,Enterprise System
CUST00006389,Henry,Ravi,1981-06-28,Male,henry.ravi579@yahoo.com,+919491873192,"Therapist, occupational",300000.0,2009-01-30,High,Active,2026-08-03 12:22:13.102802,2026-08-03 12:22:13.102802,Enterprise System
CUST00006390,Neelima,Warrior,1972-03-25,Female,neelima.warrior660@outlook.com,+919127428894,"Designer, industrial/product",300000.0,2020-08-22,High,Active,2026-08-03 12:22:13.102802,2026-08-03 12:22:13.102802,Enterprise System
CUST00006391,Rohan,Deo,2001-07-08,Female,rohan.deo840@outlook.com,+919780410109,Community arts worker,800000.0,2020-04-26,Medium,Dormant,2026-08-03 12:22:13.102802,2026-08-03 12:22:13.102802,Enterprise System
CUST00006392,Guneet,Agate,1965-12-25,Male,guneet.agate126@gmail.com,+919980444491,Electrical engineer,2000000.0,2022-01-24,Low,Blocked,2026-08-03 12:22:13.102802,2026-08-03 12:22:13.102802,Enterprise System
CUST00006393,Urmi,Shenoy,2001-01-06,Non-Binary,urmi.shenoy788@yahoo.com,+919468541305,Manufacturing systems engineer,500000.0,2024-07-30,High,Active,2026-08-03 12:22:13.102802,2026-08-03 12:22:13.102802,Enterprise System
CUST00006394,Waida,Reddy,1948-03-15,Non-Binary,waida.reddy247@outlook.com,+919884339605,Medical physicist,300000.0,2022-05-04,High,Active,2026-08-03 12:22:13.102802,2026-08-03 12:22:13.102802,Enterprise System
CUST00006395,Jeremiah,Bava,1978-01-16,Male,jeremiah.bava935@outlook.com,+919681715779,Personal assistant,3500000.0,1999-08-21,Low,Active,2026-08-03 12:22:13.102802,2026-08-03 12:22:13.102802,Enterprise System
CUST00006396,Ekansh,Mandal,1968-06-27,Male,ekansh.mandal806@hotmail.com,+919179243064,Hospital doctor,300000.0,1993-06-24,High,Active,2026-08-03 12:22:13.102802,2026-08-03 12:22:13.102802,Enterprise System
CUST00006397,Upkaar,Banerjee,1972-05-24,Prefer Not to Say,upkaar.banerjee763@outlook.com,+919070648360,Catering manager,800000.0,1998-11-20,Medium,Active,2026-08-03 12:22:13.102802,2026-08-03 12:22:13.102802,Enterprise System
CUST00006398,Ekbal,Choudhury,1961-09-13,Non-Binary,ekbal.choudhury302@outlook.com,+919632468876,Public relations officer,300000.0,1988-07-25,High,Active,2026-08-03 12:22:13.102802,2026-08-03 12:22:13.102802,Enterprise System
CUST00006399,Matthew,Kumar,1991-06-07,Non-Binary,matthew.kumar354@outlook.com,+919561045170,Animal technologist,300000.0,2015-03-17,High,Active,2026-08-03 12:22:13.102802,2026-08-03 12:22:13.102802,Enterprise System
CUST00006400,Timothy,Kalita,1960-10-26,Female,timothy.kalita442@yahoo.com,+919226358937,Advice worker,300000.0,1989-07-21,High,Active,2026-08-03 12:22:13.102802,2026-08-03 12:22:13.102802,Enterprise System
CUST00006401,Shaurya,Mand,1967-11-23,Non-Binary,shaurya.mand283@hotmail.com,+919667631009,Careers adviser,300000.0,1992-02-17,High,Active,2026-08-03 12:22:13.102802,2026-08-03 12:22:13.102802,Enterprise System
CUST00006402,Forum,Bobal,2003-01-20,Female,forum.bobal876@outlook.com,+919266572057,Water engineer,1200000.0,2022-12-24,Medium,Active,2026-08-03 12:22:13.102802,2026-08-03 12:22:13.102802,Enterprise System
CUST00006403,Eesha,Vig,1974-11-05,Female,eesha.vig466@yahoo.com,+919844787271,Chemical engineer,5000000.0,2025-05-31,Low,Active,2026-08-03 12:22:13.102802,2026-08-03 12:22:13.102802,Enterprise System
CUST00006404,Imaran,Batta,1967-11-24,Prefer Not to Say,imaran.batta30@gmail.com,+919126665735,Chartered legal executive (England and Wales),300000.0,2017-01-03,High,Dormant,2026-08-03 12:22:13.102802,2026-08-03 12:22:13.102802,Enterprise System
CUST00006405,Yamini,Wali,1957-06-24,Male,yamini.wali785@hotmail.com,+919756897057,Community development worker,800000.0,2002-10-26,Medium,Active,2026-08-03 12:22:13.102802,2026-08-03 12:22:13.102802,Enterprise System
CUST00006406,Ekapad,Kohli,1999-05-20,Female,ekapad.kohli329@outlook.com,+919681786594,Town planner,500000.0,2024-01-16,High,Active,2026-08-03 12:22:13.102802,2026-08-03 12:22:13.102802,Enterprise System
CUST00006407,Jason,Mutti,1991-05-24,Male,jason.mutti726@hotmail.com,+919041851093,Occupational psychologist,300000.0,2018-06-03,High,Blocked,2026-08-03 12:22:13.103808,2026-08-03 12:22:13.103808,Enterprise System
CUST00006408,Tamanna,Bassi,1993-07-20,Prefer Not to Say,tamanna.bassi250@outlook.com,+919446786328,Private music teacher,300000.0,2017-06-15,High,Blocked,2026-08-03 12:22:13.103808,2026-08-03 12:22:13.103808,Enterprise System
CUST00006409,Yauvani,Verma,1969-05-01,Female,yauvani.verma89@outlook.com,+919769414220,"Conservation officer, historic buildings",800000.0,2004-11-25,Medium,Active,2026-08-03 12:22:13.103808,2026-08-03 12:22:13.103808,Enterprise System
CUST00006410,Ekalinga,Ghosh,2006-08-20,Non-Binary,ekalinga.ghosh720@yahoo.com,+919539936898,Pension scheme manager,500000.0,2025-05-17,High,Active,2026-08-03 12:22:13.103808,2026-08-03 12:22:13.103808,Enterprise System
CUST00006411,Wyatt,Sem,1984-02-02,Female,wyatt.sem696@hotmail.com,+919950591363,Systems analyst,1200000.0,2011-11-24,Medium,Active,2026-08-03 12:22:13.103808,2026-08-03 12:22:13.103808,Enterprise System
CUST00006412,Lakshmi,Barad,1990-02-05,Male,lakshmi.barad358@outlook.com,+919341814586,"Engineer, electronics",500000.0,2020-02-15,High,Active,2026-08-03 12:22:13.103808,2026-08-03 12:22:13.103808,Enterprise System
CUST00006413,Victor,Doshi,1987-02-17,Non-Binary,victor.doshi125@gmail.com,+919956550271,"Geneticist, molecular",500000.0,2010-03-18,High,Active,2026-08-03 12:22:13.103808,2026-08-03 12:22:13.103808,Enterprise System
CUST00006414,Adweta,Parmer,1956-09-05,Female,adweta.parmer805@outlook.com,+919440242348,IT consultant,500000.0,1981-03-01,High,Active,2026-08-03 12:22:13.103808,2026-08-03 12:22:13.103808,Enterprise System
CUST00006415,Wriddhish,Chatterjee,1980-05-15,Female,wriddhish.chatterjee781@gmail.com,+919794258949,Warden/ranger,800000.0,2012-01-09,Medium,Active,2026-08-03 12:22:13.103808,2026-08-03 12:22:13.103808,Enterprise System
CUST00006416,Harini,Gara,1961-02-17,Non-Binary,harini.gara671@yahoo.com,+919831530532,Gaffer,500000.0,2022-06-08,High,Active,2026-08-03 12:22:13.103808,2026-08-03 12:22:13.103808,Enterprise System
CUST00006417,Anirudh,Doshi,1982-08-18,Prefer Not to Say,anirudh.doshi490@yahoo.com,+919626430091,"Psychologist, clinical",300000.0,2012-07-15,High,Active,2026-08-03 12:22:13.103808,2026-08-03 12:22:13.103808,Enterprise System
CUST00006418,Maanas,Choudhury,1947-05-27,Female,maanas.choudhury319@outlook.com,+919289791209,Chief Operating Officer,500000.0,1967-03-26,High,Active,2026-08-03 12:22:13.103808,2026-08-03 12:22:13.103808,Enterprise System
CUST00006419,Maya,Joshi,1951-05-01,Non-Binary,maya.joshi355@gmail.com,+919355478933,"Designer, exhibition/display",500000.0,2001-08-04,High,Blocked,2026-08-03 12:22:13.103808,2026-08-03 12:22:13.103808,Enterprise System
CUST00006420,Anvi,Dutta,1976-04-05,Male,anvi.dutta137@yahoo.com,+919743338814,"Geologist, wellsite",800000.0,2002-05-26,Medium,Active,2026-08-03 12:22:13.103808,2026-08-03 12:22:13.103808,Enterprise System
CUST00006421,Tripti,Sarraf,1946-04-15,Male,tripti.sarraf228@hotmail.com,+919023854724,"Surveyor, quantity",500000.0,1989-02-20,High,Active,2026-08-03 12:22:13.103808,2026-08-03 12:22:13.103808,Enterprise System
CUST00006422,Lila,D’Alia,1968-09-08,Prefer Not to Say,lila.d’alia488@gmail.com,+919738125320,"Engineer, manufacturing",300000.0,2001-04-13,High,Dormant,2026-08-03 12:22:13.103808,2026-08-03 12:22:13.103808,Enterprise System
CUST00006423,Advaith,Datta,1952-08-27,Prefer Not to Say,advaith.datta554@yahoo.com,+919626848722,"Civil engineer, consulting",300000.0,2008-10-23,High,Active,2026-08-03 12:22:13.103808,2026-08-03 12:22:13.103808,Enterprise System
CUST00006424,Bhanumati,Issac,1965-06-04,Non-Binary,bhanumati.issac557@yahoo.com,+919461324764,Psychiatric nurse,500000.0,2010-04-25,High,Active,2026-08-03 12:22:13.103808,2026-08-03 12:22:13.103808,Enterprise System
CUST00006425,Jhalak,Tata,1999-01-09,Male,jhalak.tata600@gmail.com,+919153755200,Web designer,800000.0,2017-10-25,Medium,Active,2026-08-03 12:22:13.103808,2026-08-03 12:22:13.103808,Enterprise System
CUST00006426,Tanish,Dara,1958-07-24,Prefer Not to Say,tanish.dara407@outlook.com,+919129117687,Artist,1200000.0,2001-05-12,Medium,Active,2026-08-03 12:22:13.103808,2026-08-03 12:22:13.103808,Enterprise System
CUST00006427,Devansh,Chakrabarti,1952-04-22,Non-Binary,devansh.chakrabarti893@gmail.com,+919671061551,Health and safety inspector,2000000.0,1976-09-18,Low,Active,2026-08-03 12:22:13.103808,2026-08-03 12:22:13.103808,Enterprise System
CUST00006428,Reyansh,Pandit,1968-07-29,Female,reyansh.pandit278@hotmail.com,+919932900717,Commercial horticulturist,3500000.0,1987-03-20,Low,Blocked,2026-08-03 12:22:13.103808,2026-08-03 12:22:13.103808,Enterprise System
CUST00006429,Ethan,Shankar,1966-02-25,Male,ethan.shankar473@gmail.com,+919457662127,Event organiser,1200000.0,2008-06-06,Medium,Active,2026-08-03 12:22:13.103808,2026-08-03 12:22:13.103808,Enterprise System
CUST00006430,Ayush,Aurora,1984-04-14,Female,ayush.aurora141@hotmail.com,+919539240650,Comptroller,300000.0,2025-12-27,High,Active,2026-08-03 12:22:13.103808,2026-08-03 12:22:13.103808,Enterprise System
CUST00006431,Robert,Rege,1963-11-12,Male,robert.rege454@gmail.com,+919868198345,Marketing executive,800000.0,2020-05-12,Medium,Active,2026-08-03 12:22:13.103808,2026-08-03 12:22:13.103808,Enterprise System
CUST00006432,Nitara,Sibal,1985-02-09,Prefer Not to Say,nitara.sibal426@yahoo.com,+919611468055,Broadcast engineer,1200000.0,2023-12-29,Medium,Dormant,2026-08-03 12:22:13.103808,2026-08-03 12:22:13.103808,Enterprise System
CUST00006433,Ronith,Kalla,1964-05-27,Prefer Not to Say,ronith.kalla336@yahoo.com,+919882593415,Graphic designer,300000.0,2020-04-29,High,Dormant,2026-08-03 12:22:13.103808,2026-08-03 12:22:13.103808,Enterprise System
CUST00006434,Zashil,Char,1965-07-05,Female,zashil.char394@hotmail.com,+919656065376,"Engineer, communications",3500000.0,2016-09-06,Low,Active,2026-08-03 12:22:13.104819,2026-08-03 12:22:13.104819,Enterprise System
CUST00006435,Ekta,Patla,2002-02-13,Male,ekta.patla202@hotmail.com,+919140833512,Food technologist,800000.0,2023-08-02,Medium,Active,2026-08-03 12:22:13.104819,2026-08-03 12:22:13.104819,Enterprise System
CUST00006436,Vaishnavi,Guha,1971-10-22,Prefer Not to Say,vaishnavi.guha955@hotmail.com,+919551839556,Ceramics designer,300000.0,2017-12-23,High,Active,2026-08-03 12:22:13.104819,2026-08-03 12:22:13.104819,Enterprise System
CUST00006437,Samar,Mitter,1991-09-27,Male,samar.mitter986@gmail.com,+919581952778,Oncologist,1200000.0,2010-01-09,Medium,Active,2026-08-03 12:22:13.104819,2026-08-03 12:22:13.104819,Enterprise System
CUST00006438,Caleb,Chopra,1952-12-02,Female,caleb.chopra144@hotmail.com,+919061353367,Brewing technologist,500000.0,1976-01-18,High,Active,2026-08-03 12:22:13.104819,2026-08-03 12:22:13.104819,Enterprise System
CUST00006439,Guneet,Golla,1994-03-15,Prefer Not to Say,guneet.golla681@gmail.com,+919415980928,Chartered public finance accountant,300000.0,2019-05-15,High,Active,2026-08-03 12:22:13.104819,2026-08-03 12:22:13.104819,Enterprise System
CUST00006440,Wahab,Raghavan,2000-09-08,Male,wahab.raghavan517@outlook.com,+919695012076,"Lecturer, further education",1200000.0,2021-08-28,Medium,Active,2026-08-03 12:22:13.104819,2026-08-03 12:22:13.104819,Enterprise System
CUST00006441,Chakrika,Barad,1981-12-14,Female,chakrika.barad924@hotmail.com,+919121750944,Banker,3500000.0,2021-05-26,Low,Active,2026-08-03 12:22:13.104819,2026-08-03 12:22:13.104819,Enterprise System
CUST00006442,Chaman,Sharaf,1961-02-13,Male,chaman.sharaf36@hotmail.com,+919317373820,Teaching laboratory technician,800000.0,2025-07-08,Medium,Active,2026-08-03 12:22:13.104819,2026-08-03 12:22:13.104819,Enterprise System
CUST00006443,Lucky,Choudhry,1946-12-19,Prefer Not to Say,lucky.choudhry667@hotmail.com,+919573325895,Curator,300000.0,1994-05-09,High,Active,2026-08-03 12:22:13.104819,2026-08-03 12:22:13.104819,Enterprise System
CUST00006444,Geetika,Hayre,1991-06-14,Prefer Not to Say,geetika.hayre548@outlook.com,+919572166172,Archivist,300000.0,2023-02-03,High,Active,2026-08-03 12:22:13.104819,2026-08-03 12:22:13.104819,Enterprise System
CUST00006445,Lekha,Saini,1948-08-14,Female,lekha.saini805@outlook.com,+919110772189,Publishing copy,300000.0,2003-03-29,High,Active,2026-08-03 12:22:13.104819,2026-08-03 12:22:13.104819,Enterprise System
CUST00006446,Fitan,Narang,1969-10-06,Non-Binary,fitan.narang198@outlook.com,+919887604511,"Pharmacist, hospital",800000.0,2000-08-01,Medium,Active,2026-08-03 12:22:13.104819,2026-08-03 12:22:13.104819,Enterprise System
CUST00006447,Indrajit,Rastogi,1982-12-28,Male,indrajit.rastogi146@yahoo.com,+919673641036,Purchasing manager,300000.0,2018-05-13,High,Active,2026-08-03 12:22:13.104819,2026-08-03 12:22:13.104819,Enterprise System
CUST00006448,Praneel,Vig,1959-10-06,Female,praneel.vig851@outlook.com,+919885167934,Set designer,800000.0,1998-06-05,Medium,Active,2026-08-03 12:22:13.104819,2026-08-03 12:22:13.104819,Enterprise System
CUST00006449,Gayathri,Chandra,1947-01-25,Prefer Not to Say,gayathri.chandra450@hotmail.com,+919920444193,Sports administrator,300000.0,1986-12-11,High,Active,2026-08-03 12:22:13.104819,2026-08-03 12:22:13.104819,Enterprise System
CUST00006450,Upma,Dora,1966-10-24,Non-Binary,upma.dora488@gmail.com,+919928642743,Trade union research officer,1200000.0,2006-03-20,Medium,Dormant,2026-08-03 12:22:13.104819,2026-08-03 12:22:13.104819,Enterprise System
CUST00006451,Shravya,Pandya,1949-07-29,Female,shravya.pandya534@hotmail.com,+919026011311,Communications engineer,800000.0,1995-03-18,Medium,Active,2026-08-03 12:22:13.104819,2026-08-03 12:22:13.104819,Enterprise System
CUST00006452,Aradhana,Samra,1971-06-07,Female,aradhana.samra509@gmail.com,+919366780226,Photographer,500000.0,2013-08-25,High,Active,2026-08-03 12:22:13.104819,2026-08-03 12:22:13.104819,Enterprise System
CUST00006453,Samuel,Ganguly,2007-03-12,Male,samuel.ganguly741@hotmail.com,+919993756905,Contracting civil engineer,500000.0,2026-03-25,High,Blocked,2026-08-03 12:22:13.104819,2026-08-03 12:22:13.104819,Enterprise System
CUST00006454,Tanveer,Saraf,1954-07-28,Male,tanveer.saraf819@outlook.com,+919418717185,"Journalist, broadcasting",500000.0,2000-04-24,High,Active,2026-08-03 12:22:13.104819,2026-08-03 12:22:13.104819,Enterprise System
CUST00006455,Qadim,Chahal,1963-07-25,Prefer Not to Say,qadim.chahal552@hotmail.com,+919777884325,Games developer,1200000.0,2025-10-03,Medium,Active,2026-08-03 12:22:13.104819,2026-08-03 12:22:13.104819,Enterprise System
CUST00006456,Indrajit,Raval,1985-03-29,Non-Binary,indrajit.raval760@yahoo.com,+919084829302,Civil Service fast streamer,2000000.0,2006-03-09,Low,Closed,2026-08-03 12:22:13.104819,2026-08-03 12:22:13.104819,Enterprise System
CUST00006457,Kevin,Handa,1980-12-12,Prefer Not to Say,kevin.handa399@gmail.com,+919068215776,Health physicist,300000.0,2001-07-21,High,Active,2026-08-03 12:22:13.104819,2026-08-03 12:22:13.104819,Enterprise System
CUST00006458,Robert,Pandit,1980-03-14,Non-Binary,robert.pandit429@gmail.com,+919549713226,"Secretary, company",300000.0,2007-01-08,High,Active,2026-08-03 12:22:13.104819,2026-08-03 12:22:13.104819,Enterprise System
CUST00006459,Darika,Patel,1957-03-08,Prefer Not to Say,darika.patel201@yahoo.com,+919313028652,Sports development officer,300000.0,1997-04-13,High,Active,2026-08-03 12:22:13.104819,2026-08-03 12:22:13.104819,Enterprise System
CUST00006460,Dev,Wagle,1982-02-28,Male,dev.wagle17@gmail.com,+919134136635,"Doctor, hospital",800000.0,2006-04-06,Medium,Active,2026-08-03 12:22:13.104819,2026-08-03 12:22:13.104819,Enterprise System
CUST00006461,Raksha,Ramakrishnan,1998-03-06,Non-Binary,raksha.ramakrishnan18@outlook.com,+919018389844,Multimedia programmer,1200000.0,2023-09-09,Medium,Active,2026-08-03 12:22:13.105816,2026-08-03 12:22:13.105816,Enterprise System
CUST00006462,Advika,Koshy,1999-08-21,Male,advika.koshy360@outlook.com,+919545853216,Community pharmacist,300000.0,2023-08-05,High,Active,2026-08-03 12:22:13.105816,2026-08-03 12:22:13.105816,Enterprise System
CUST00006463,Nilima,Ramakrishnan,2007-01-31,Female,nilima.ramakrishnan55@hotmail.com,+919929571773,"Geneticist, molecular",300000.0,2025-12-17,High,Active,2026-08-03 12:22:13.105816,2026-08-03 12:22:13.105816,Enterprise System
CUST00006464,Zehaan,Verma,1976-09-07,Male,zehaan.verma217@yahoo.com,+919076386450,Company secretary,500000.0,2014-12-15,High,Dormant,2026-08-03 12:22:13.105816,2026-08-03 12:22:13.105816,Enterprise System
CUST00006465,Chaman,Banerjee,1992-12-18,Male,chaman.banerjee143@yahoo.com,+919287856785,Environmental education officer,3500000.0,2012-12-19,Low,Active,2026-08-03 12:22:13.105816,2026-08-03 12:22:13.105816,Enterprise System
CUST00006466,Vedika,Sathe,1951-02-02,Male,vedika.sathe83@yahoo.com,+919665560248,Jewellery designer,800000.0,1992-08-28,Medium,Active,2026-08-03 12:22:13.105816,2026-08-03 12:22:13.105816,Enterprise System
CUST00006467,Ishita,Borra,1959-12-11,Male,ishita.borra258@yahoo.com,+919753652497,Systems analyst,3500000.0,2018-05-16,Low,Active,2026-08-03 12:22:13.105816,2026-08-03 12:22:13.105816,Enterprise System
CUST00006468,Chakradhar,Ganesan,1981-10-17,Prefer Not to Say,chakradhar.ganesan465@outlook.com,+919066741045,"Engineer, petroleum",500000.0,2009-07-02,High,Active,2026-08-03 12:22:13.105816,2026-08-03 12:22:13.105816,Enterprise System
CUST00006469,Omaja,Salvi,2007-06-30,Female,omaja.salvi888@yahoo.com,+919261416355,"Accountant, chartered management",500000.0,2025-07-28,High,Active,2026-08-03 12:22:13.105816,2026-08-03 12:22:13.105816,Enterprise System
CUST00006470,Gaurika,Karpe,2005-05-31,Non-Binary,gaurika.karpe973@hotmail.com,+919493567380,Sports development officer,300000.0,2026-04-04,High,Active,2026-08-03 12:22:13.105816,2026-08-03 12:22:13.105816,Enterprise System
CUST00006471,Warhi,Chander,1991-04-17,Male,warhi.chander617@outlook.com,+919299692774,Hospital doctor,300000.0,2017-08-18,High,Active,2026-08-03 12:22:13.105816,2026-08-03 12:22:13.105816,Enterprise System
CUST00006472,Gunbir,Manne,1966-12-03,Female,gunbir.manne324@hotmail.com,+919589476595,Retail merchandiser,800000.0,1987-01-25,Medium,Active,2026-08-03 12:22:13.105816,2026-08-03 12:22:13.105816,Enterprise System
CUST00006473,Wriddhish,Buch,1961-11-10,Male,wriddhish.buch477@gmail.com,+919064342176,Tourism officer,800000.0,1990-07-14,Medium,Active,2026-08-03 12:22:13.105816,2026-08-03 12:22:13.105816,Enterprise System
CUST00006474,Udyati,Chakrabarti,1946-01-07,Non-Binary,udyati.chakrabarti116@yahoo.com,+919069267177,"Scientist, product/process development",300000.0,1983-11-30,High,Active,2026-08-03 12:22:13.105816,2026-08-03 12:22:13.105816,Enterprise System
CUST00006475,Falan,Edwin,1994-08-30,Prefer Not to Say,falan.edwin629@gmail.com,+919066370080,Dealer,500000.0,2017-07-06,High,Active,2026-08-03 12:22:13.105816,2026-08-03 12:22:13.105816,Enterprise System
CUST00006476,Sanya,Sawhney,1999-10-29,Prefer Not to Say,sanya.sawhney718@yahoo.com,+919981530506,Museum education officer,500000.0,2018-12-25,High,Active,2026-08-03 12:22:13.105816,2026-08-03 12:22:13.105816,Enterprise System
CUST00006477,Udarsh,Khosla,1961-04-09,Non-Binary,udarsh.khosla295@outlook.com,+919370597343,Prison officer,300000.0,2009-02-05,High,Active,2026-08-03 12:22:13.105816,2026-08-03 12:22:13.105816,Enterprise System
CUST00006478,Zayan,Wali,1969-12-09,Male,zayan.wali47@yahoo.com,+919895994723,Research scientist (maths),2000000.0,1997-07-14,Low,Active,2026-08-03 12:22:13.105816,2026-08-03 12:22:13.105816,Enterprise System
CUST00006479,Balvan,Kala,1947-09-11,Prefer Not to Say,balvan.kala188@outlook.com,+919144199235,"Buyer, industrial",500000.0,2011-04-05,High,Active,2026-08-03 12:22:13.105816,2026-08-03 12:22:13.105816,Enterprise System
CUST00006480,Lucky,Pingle,1965-12-25,Male,lucky.pingle578@outlook.com,+919682079707,Osteopath,3500000.0,2022-04-04,Low,Active,2026-08-03 12:22:13.105816,2026-08-03 12:22:13.105816,Enterprise System
CUST00006481,Samesh,Dutta,1958-06-24,Male,samesh.dutta295@hotmail.com,+919774788980,Management consultant,500000.0,1993-06-10,High,Active,2026-08-03 12:22:13.105816,2026-08-03 12:22:13.105816,Enterprise System
CUST00006482,Turvi,Pant,1976-10-18,Male,turvi.pant684@outlook.com,+919169841250,Systems analyst,300000.0,2001-04-20,High,Active,2026-08-03 12:22:13.105816,2026-08-03 12:22:13.105816,Enterprise System
CUST00006483,Kamya,Mane,1967-01-06,Non-Binary,kamya.mane494@gmail.com,+919455645376,"Engineer, broadcasting (operations)",300000.0,2005-12-25,High,Active,2026-08-03 12:22:13.105816,2026-08-03 12:22:13.105816,Enterprise System
CUST00006484,Nimrat,Tak,1975-04-11,Male,nimrat.tak682@gmail.com,+919665271230,"Designer, fashion/clothing",500000.0,1998-06-20,High,Active,2026-08-03 12:22:13.105816,2026-08-03 12:22:13.105816,Enterprise System
CUST00006485,Mason,Sur,1996-10-19,Female,mason.sur784@gmail.com,+919042218573,"Engineer, civil (consulting)",1200000.0,2018-03-25,Medium,Active,2026-08-03 12:22:13.105816,2026-08-03 12:22:13.105816,Enterprise System
CUST00006486,Faraj,Singh,2001-11-16,Male,faraj.singh737@yahoo.com,+919391299632,Holiday representative,500000.0,2024-11-11,High,Active,2026-08-03 12:22:13.105816,2026-08-03 12:22:13.105816,Enterprise System
CUST00006487,Rachana,Parsa,1989-10-13,Prefer Not to Say,rachana.parsa84@gmail.com,+919822554542,Armed forces technical officer,300000.0,2016-01-13,High,Active,2026-08-03 12:22:13.106811,2026-08-03 12:22:13.106811,Enterprise System
CUST00006488,Rajata,Nagar,1986-05-25,Non-Binary,rajata.nagar863@yahoo.com,+919667393056,Clinical molecular geneticist,3500000.0,2015-01-26,Low,Dormant,2026-08-03 12:22:13.106811,2026-08-03 12:22:13.106811,Enterprise System
CUST00006489,Orinder,Modi,1950-03-26,Prefer Not to Say,orinder.modi856@yahoo.com,+919642452539,Museum/gallery conservator,2000000.0,1994-09-05,Low,Active,2026-08-03 12:22:13.106811,2026-08-03 12:22:13.106811,Enterprise System
CUST00006490,Laban,Verma,1996-11-30,Prefer Not to Say,laban.verma581@hotmail.com,+919598922754,"Production assistant, television",500000.0,2017-03-29,High,Closed,2026-08-03 12:22:13.106811,2026-08-03 12:22:13.106811,Enterprise System
CUST00006491,Veer,Sangha,2003-05-07,Non-Binary,veer.sangha492@gmail.com,+919061397162,Interpreter,300000.0,2022-03-01,High,Active,2026-08-03 12:22:13.106811,2026-08-03 12:22:13.106811,Enterprise System
CUST00006492,Daksh,Kade,1948-09-28,Non-Binary,daksh.kade336@gmail.com,+919179114575,"Scientist, biomedical",500000.0,2005-03-30,High,Active,2026-08-03 12:22:13.106811,2026-08-03 12:22:13.106811,Enterprise System
CUST00006493,Wyatt,Mani,1957-04-25,Prefer Not to Say,wyatt.mani601@yahoo.com,+919335718249,"Administrator, charities/voluntary organisations",300000.0,2014-01-07,High,Dormant,2026-08-03 12:22:13.106811,2026-08-03 12:22:13.106811,Enterprise System
CUST00006494,Dhriti,Sachdev,1953-08-29,Non-Binary,dhriti.sachdev878@gmail.com,+919079095375,"Education officer, museum",300000.0,2024-08-31,High,Active,2026-08-03 12:22:13.106811,2026-08-03 12:22:13.106811,Enterprise System
CUST00006495,Girindra,Saha,1946-10-30,Female,girindra.saha783@yahoo.com,+919410483637,Web designer,500000.0,2004-10-14,High,Active,2026-08-03 12:22:13.106811,2026-08-03 12:22:13.106811,Enterprise System
CUST00006496,Kabir,Gera,1951-03-06,Prefer Not to Say,kabir.gera859@yahoo.com,+919652509451,Prison officer,1200000.0,1989-05-12,Medium,Active,2026-08-03 12:22:13.106811,2026-08-03 12:22:13.106811,Enterprise System
CUST00006497,Zarna,Ray,1990-12-12,Non-Binary,zarna.ray846@gmail.com,+919999566414,Biomedical engineer,300000.0,2022-05-24,High,Active,2026-08-03 12:22:13.106811,2026-08-03 12:22:13.106811,Enterprise System
CUST00006498,Atharv,Rajagopal,1985-03-06,Male,atharv.rajagopal82@hotmail.com,+919850559055,Government social research officer,500000.0,2013-11-15,High,Active,2026-08-03 12:22:13.106811,2026-08-03 12:22:13.106811,Enterprise System
CUST00006499,Anika,Chawla,1993-04-05,Female,anika.chawla427@yahoo.com,+919396451559,Financial controller,2000000.0,2018-08-29,Low,Active,2026-08-03 12:22:13.106811,2026-08-03 12:22:13.106811,Enterprise System
CUST00006500,Nathaniel,Khosla,1970-09-13,Prefer Not to Say,nathaniel.khosla458@hotmail.com,+919921283027,Financial manager,2000000.0,2007-04-16,Low,Dormant,2026-08-03 12:22:13.106811,2026-08-03 12:22:13.106811,Enterprise System
CUST00006501,Orinder,Kuruvilla,1946-11-28,Prefer Not to Say,orinder.kuruvilla722@outlook.com,+919527253901,Barista,2000000.0,1974-05-29,Low,Active,2026-08-03 12:22:13.106811,2026-08-03 12:22:13.106811,Enterprise System
CUST00006502,Mitesh,Khalsa,1983-07-08,Male,mitesh.khalsa374@gmail.com,+919995136589,"Research officer, government",300000.0,2007-06-08,High,Active,2026-08-03 12:22:13.106811,2026-08-03 12:22:13.106811,Enterprise System
CUST00006503,Sai,Saraf,1978-11-15,Non-Binary,sai.saraf220@yahoo.com,+919186210496,"Engineer, materials",800000.0,2021-05-15,Medium,Active,2026-08-03 12:22:13.106811,2026-08-03 12:22:13.106811,Enterprise System
CUST00006504,Lakshit,Dugar,2002-08-29,Prefer Not to Say,lakshit.dugar450@yahoo.com,+919659049330,Retail merchandiser,2000000.0,2023-01-27,Low,Active,2026-08-03 12:22:13.106811,2026-08-03 12:22:13.106811,Enterprise System
CUST00006505,Fariq,Sehgal,1948-11-04,Non-Binary,fariq.sehgal862@yahoo.com,+919719843180,Multimedia specialist,800000.0,2016-09-06,Medium,Active,2026-08-03 12:22:13.106811,2026-08-03 12:22:13.106811,Enterprise System
CUST00006506,Radhika,Wable,1998-12-10,Non-Binary,radhika.wable624@hotmail.com,+919696789174,Furniture designer,2000000.0,2021-01-16,Low,Dormant,2026-08-03 12:22:13.106811,2026-08-03 12:22:13.106811,Enterprise System
CUST00006507,Zinal,Dewan,1947-12-20,Non-Binary,zinal.dewan667@hotmail.com,+919580625319,"Surveyor, rural practice",300000.0,2023-10-14,High,Active,2026-08-03 12:22:13.106811,2026-08-03 12:22:13.106811,Enterprise System
CUST00006508,Inaya,Balakrishnan,1973-05-16,Non-Binary,inaya.balakrishnan851@yahoo.com,+919533322093,Music therapist,500000.0,2025-12-03,High,Active,2026-08-03 12:22:13.106811,2026-08-03 12:22:13.106811,Enterprise System
CUST00006509,Nilima,Mani,1983-06-29,Female,nilima.mani154@outlook.com,+919579859262,Quantity surveyor,300000.0,2003-07-22,High,Closed,2026-08-03 12:22:13.106811,2026-08-03 12:22:13.106811,Enterprise System
CUST00006510,Osha,Chacko,1945-11-22,Female,osha.chacko9@yahoo.com,+919643438179,"Engineer, agricultural",1200000.0,2009-11-27,Medium,Active,2026-08-03 12:22:13.106811,2026-08-03 12:22:13.106811,Enterprise System
CUST00006511,Ekantika,Barad,1966-08-07,Non-Binary,ekantika.barad924@yahoo.com,+919583462412,Location manager,500000.0,1992-07-03,High,Active,2026-08-03 12:22:13.106811,2026-08-03 12:22:13.106811,Enterprise System
CUST00006512,Amol,Bali,1995-02-16,Non-Binary,amol.bali427@outlook.com,+919023218992,Speech and language therapist,2000000.0,2024-06-17,Low,Active,2026-08-03 12:22:13.106811,2026-08-03 12:22:13.106811,Enterprise System
CUST00006513,Lila,Keer,1990-07-18,Male,lila.keer863@yahoo.com,+919449123615,Paramedic,300000.0,2026-05-19,High,Active,2026-08-03 12:22:13.107814,2026-08-03 12:22:13.107814,Enterprise System
CUST00006514,Nandini,Contractor,1968-07-03,Prefer Not to Say,nandini.contractor366@yahoo.com,+919980156474,"Administrator, education",800000.0,2022-03-19,Medium,Active,2026-08-03 12:22:13.107814,2026-08-03 12:22:13.107814,Enterprise System
CUST00006515,Jyoti,Seshadri,1987-01-09,Female,jyoti.seshadri680@hotmail.com,+919422029864,"Engineer, energy",800000.0,2018-03-25,Medium,Active,2026-08-03 12:22:13.107814,2026-08-03 12:22:13.107814,Enterprise System
CUST00006516,Viraj,Dhingra,2005-08-19,Prefer Not to Say,viraj.dhingra560@hotmail.com,+919599096737,Quantity surveyor,3500000.0,2024-01-26,Low,Active,2026-08-03 12:22:13.107814,2026-08-03 12:22:13.107814,Enterprise System
CUST00006517,Jeet,Golla,1951-03-04,Non-Binary,jeet.golla456@hotmail.com,+919629350396,"Copywriter, advertising",500000.0,2017-06-15,High,Active,2026-08-03 12:22:13.107814,2026-08-03 12:22:13.107814,Enterprise System
CUST00006518,Agastya,Shetty,2008-04-04,Male,agastya.shetty666@yahoo.com,+919859020236,Tax adviser,300000.0,2026-04-16,High,Active,2026-08-03 12:22:13.107814,2026-08-03 12:22:13.107814,Enterprise System
CUST00006519,Kala,Saxena,1956-08-01,Female,kala.saxena476@hotmail.com,+919458237378,"Surveyor, commercial/residential",500000.0,2008-11-01,High,Active,2026-08-03 12:22:13.107814,2026-08-03 12:22:13.107814,Enterprise System
CUST00006520,Timothy,Batta,1965-07-29,Male,timothy.batta975@yahoo.com,+919910830736,"Pilot, airline",500000.0,1993-12-11,High,Active,2026-08-03 12:22:13.107814,2026-08-03 12:22:13.107814,Enterprise System
CUST00006521,Hritik,Borde,1998-05-11,Prefer Not to Say,hritik.borde859@outlook.com,+919460928704,"Programmer, applications",800000.0,2016-12-27,Medium,Active,2026-08-03 12:22:13.107814,2026-08-03 12:22:13.107814,Enterprise System
CUST00006522,Advay,Seth,1968-11-24,Male,advay.seth688@outlook.com,+919064487461,Sports therapist,300000.0,2010-04-15,High,Active,2026-08-03 12:22:13.107814,2026-08-03 12:22:13.107814,Enterprise System
CUST00006523,Ekaja,Vohra,1996-04-19,Female,ekaja.vohra419@gmail.com,+919871776527,"Scientist, physiological",1200000.0,2020-06-17,Medium,Closed,2026-08-03 12:22:13.107814,2026-08-03 12:22:13.107814,Enterprise System
CUST00006524,Chaitanya,Shetty,2005-10-15,Prefer Not to Say,chaitanya.shetty869@outlook.com,+919286832648,Charity officer,1200000.0,2026-06-07,Medium,Active,2026-08-03 12:22:13.107814,2026-08-03 12:22:13.107814,Enterprise System
CUST00006525,Dhruv,Varma,1980-04-02,Prefer Not to Say,dhruv.varma193@yahoo.com,+919928921379,Scientific laboratory technician,2000000.0,2011-08-20,Low,Active,2026-08-03 12:22:13.107814,2026-08-03 12:22:13.107814,Enterprise System
CUST00006526,Xavier,Doshi,1975-09-11,Non-Binary,xavier.doshi231@yahoo.com,+919993944182,Physiotherapist,800000.0,2026-06-28,Medium,Active,2026-08-03 12:22:13.107814,2026-08-03 12:22:13.107814,Enterprise System
CUST00006527,Falguni,Dugar,1987-07-14,Prefer Not to Say,falguni.dugar169@gmail.com,+919353833937,Plant breeder/geneticist,300000.0,2019-12-21,High,Active,2026-08-03 12:22:13.107814,2026-08-03 12:22:13.107814,Enterprise System
CUST00006528,Chatura,Ranganathan,1990-03-19,Prefer Not to Say,chatura.ranganathan341@hotmail.com,+919568830608,Scientific laboratory technician,800000.0,2025-05-30,Medium,Active,2026-08-03 12:22:13.107814,2026-08-03 12:22:13.107814,Enterprise System
CUST00006529,Aarav,Natarajan,1963-04-08,Prefer Not to Say,aarav.natarajan740@outlook.com,+919982106309,"Engineer, maintenance",800000.0,2024-03-07,Medium,Active,2026-08-03 12:22:13.107814,2026-08-03 12:22:13.107814,Enterprise System
CUST00006530,Vihaan,Narayanan,1966-04-11,Non-Binary,vihaan.narayanan842@hotmail.com,+919291430927,Curator,500000.0,1994-12-19,High,Active,2026-08-03 12:22:13.107814,2026-08-03 12:22:13.107814,Enterprise System
CUST00006531,Dalaja,Parikh,1983-07-06,Female,dalaja.parikh624@outlook.com,+919879800067,"Scientist, forensic",800000.0,2012-04-25,Medium,Active,2026-08-03 12:22:13.107814,2026-08-03 12:22:13.107814,Enterprise System
CUST00006532,Maya,Gopal,1949-04-11,Male,maya.gopal680@gmail.com,+919282342004,"Therapist, nutritional",300000.0,2000-08-13,High,Active,2026-08-03 12:22:13.107814,2026-08-03 12:22:13.107814,Enterprise System
CUST00006533,Baghyawati,Doshi,1981-12-27,Non-Binary,baghyawati.doshi926@outlook.com,+919643556103,Counselling psychologist,500000.0,2014-06-02,High,Dormant,2026-08-03 12:22:13.107814,2026-08-03 12:22:13.107814,Enterprise System
CUST00006534,Pooja,Bhasin,1995-07-02,Prefer Not to Say,pooja.bhasin7@hotmail.com,+919478785163,Chartered legal executive (England and Wales),300000.0,2025-08-22,High,Active,2026-08-03 12:22:13.107814,2026-08-03 12:22:13.107814,Enterprise System
CUST00006535,Theodore,Venkataraman,1958-01-16,Female,theodore.venkataraman445@gmail.com,+919820838466,"Designer, interior/spatial",500000.0,2005-05-26,High,Active,2026-08-03 12:22:13.107814,2026-08-03 12:22:13.107814,Enterprise System
CUST00006536,Amaira,Naidu,1991-10-12,Non-Binary,amaira.naidu3@gmail.com,+919752319562,Charity fundraiser,800000.0,2024-07-27,Medium,Blocked,2026-08-03 12:22:13.107814,2026-08-03 12:22:13.107814,Enterprise System
CUST00006537,Pranit,Chaudhuri,1970-09-21,Female,pranit.chaudhuri525@hotmail.com,+919371875795,"Scientist, marine",300000.0,2003-01-14,High,Active,2026-08-03 12:22:13.107814,2026-08-03 12:22:13.107814,Enterprise System
CUST00006538,Jason,Pandit,1988-06-01,Prefer Not to Say,jason.pandit32@gmail.com,+919643095731,Fashion designer,300000.0,2021-04-12,High,Dormant,2026-08-03 12:22:13.107814,2026-08-03 12:22:13.107814,Enterprise System
CUST00006539,Jai,Prabhu,2004-08-09,Male,jai.prabhu723@hotmail.com,+919521075277,Corporate treasurer,500000.0,2024-11-26,High,Active,2026-08-03 12:22:13.107814,2026-08-03 12:22:13.107814,Enterprise System
CUST00006540,Banjeet,Prasad,2007-03-16,Female,banjeet.prasad845@yahoo.com,+919096088379,Land,500000.0,2025-08-28,High,Closed,2026-08-03 12:22:13.107814,2026-08-03 12:22:13.107814,Enterprise System
CUST00006541,Pahal,Raman,1998-10-21,Female,pahal.raman641@yahoo.com,+919753426063,Chief Technology Officer,500000.0,2018-11-06,High,Active,2026-08-03 12:22:13.107814,2026-08-03 12:22:13.107814,Enterprise System
CUST00006542,Jagdish,Lad,1970-03-29,Non-Binary,jagdish.lad963@gmail.com,+919472710262,Civil Service administrator,500000.0,2023-02-08,High,Active,2026-08-03 12:22:13.107814,2026-08-03 12:22:13.107814,Enterprise System
CUST00006543,Damyanti,Sant,1947-03-28,Prefer Not to Say,damyanti.sant640@yahoo.com,+919976688841,Chief Technology Officer,800000.0,1965-11-30,Medium,Active,2026-08-03 12:22:13.107814,2026-08-03 12:22:13.107814,Enterprise System
CUST00006544,Baghyawati,Chakraborty,1962-08-01,Female,baghyawati.chakraborty822@gmail.com,+919611111639,Financial risk analyst,2000000.0,2025-03-29,Low,Active,2026-08-03 12:22:13.107814,2026-08-03 12:22:13.107814,Enterprise System
CUST00006545,Vedant,Jaggi,1952-09-23,Prefer Not to Say,vedant.jaggi321@yahoo.com,+919753103323,"Scientist, biomedical",3500000.0,2012-04-06,Low,Active,2026-08-03 12:22:13.107814,2026-08-03 12:22:13.107814,Enterprise System
CUST00006546,Netra,Borah,1964-03-05,Female,netra.borah846@yahoo.com,+919691158950,Learning mentor,5000000.0,1988-08-17,Low,Active,2026-08-03 12:22:13.109437,2026-08-03 12:22:13.109437,Enterprise System
CUST00006547,Sanya,Jayaraman,1963-09-17,Female,sanya.jayaraman132@yahoo.com,+919675772270,Recruitment consultant,300000.0,1984-01-30,High,Active,2026-08-03 12:22:13.109437,2026-08-03 12:22:13.109437,Enterprise System
CUST00006548,Keya,Mannan,1946-10-16,Non-Binary,keya.mannan224@yahoo.com,+919978148983,Patent attorney,800000.0,1967-09-07,Medium,Active,2026-08-03 12:22:13.109437,2026-08-03 12:22:13.109437,Enterprise System
CUST00006549,Urmi,Dyal,1964-07-08,Prefer Not to Say,urmi.dyal265@outlook.com,+919818804116,"Psychologist, clinical",3500000.0,2025-12-17,Low,Active,2026-08-03 12:22:13.109437,2026-08-03 12:22:13.109437,Enterprise System
CUST00006550,Shivani,Dhawan,1969-05-31,Male,shivani.dhawan800@yahoo.com,+919762939031,Social researcher,300000.0,2014-04-26,High,Active,2026-08-03 12:22:13.109437,2026-08-03 12:22:13.109437,Enterprise System
CUST00006551,Ekantika,Halder,1951-08-11,Prefer Not to Say,ekantika.halder425@gmail.com,+919650012536,Market researcher,1200000.0,2019-09-19,Medium,Active,2026-08-03 12:22:13.109437,2026-08-03 12:22:13.109437,Enterprise System
CUST00006552,Bhavya,Trivedi,1978-05-04,Male,bhavya.trivedi166@yahoo.com,+919686498118,Retail merchandiser,300000.0,2008-06-03,High,Active,2026-08-03 12:22:13.109437,2026-08-03 12:22:13.109437,Enterprise System
CUST00006553,Anmol,Walia,1962-03-02,Female,anmol.walia840@outlook.com,+919118185365,Drilling engineer,5000000.0,2015-09-19,Low,Active,2026-08-03 12:22:13.109437,2026-08-03 12:22:13.109437,Enterprise System
CUST00006554,Mason,Singhal,1989-10-02,Prefer Not to Say,mason.singhal522@gmail.com,+919760207926,Electrical engineer,500000.0,2008-07-09,High,Active,2026-08-03 12:22:13.109437,2026-08-03 12:22:13.109437,Enterprise System
CUST00006555,Gabriel,Issac,2003-09-23,Prefer Not to Say,gabriel.issac177@yahoo.com,+919517960646,Emergency planning/management officer,300000.0,2026-02-25,High,Active,2026-08-03 12:22:13.109437,2026-08-03 12:22:13.109437,Enterprise System
CUST00006556,Jagrati,Subramanian,1965-03-03,Non-Binary,jagrati.subramanian426@gmail.com,+919421069232,Chief Technology Officer,500000.0,2022-12-02,High,Active,2026-08-03 12:22:13.109437,2026-08-03 12:22:13.109437,Enterprise System
CUST00006557,Saumya,Kala,1960-04-01,Female,saumya.kala562@yahoo.com,+919577799224,Therapeutic radiographer,300000.0,1996-06-21,High,Dormant,2026-08-03 12:22:13.109437,2026-08-03 12:22:13.109437,Enterprise System
CUST00006558,Tarak,Viswanathan,1982-03-31,Prefer Not to Say,tarak.viswanathan291@gmail.com,+919717150053,Bookseller,300000.0,2004-09-13,High,Active,2026-08-03 12:22:13.109437,2026-08-03 12:22:13.109437,Enterprise System
CUST00006559,Arunima,Krishna,1962-12-30,Female,arunima.krishna381@yahoo.com,+919982121150,Financial adviser,300000.0,2018-06-13,High,Active,2026-08-03 12:22:13.109437,2026-08-03 12:22:13.109437,Enterprise System
CUST00006560,Yashawini,Walia,1955-07-18,Prefer Not to Say,yashawini.walia326@yahoo.com,+919617400957,Television production assistant,800000.0,1988-06-18,Medium,Active,2026-08-03 12:22:13.109437,2026-08-03 12:22:13.109437,Enterprise System
CUST00006561,Imaran,Walla,1990-08-27,Male,imaran.walla791@yahoo.com,+919247945407,Manufacturing systems engineer,800000.0,2010-10-16,Medium,Active,2026-08-03 12:22:13.109437,2026-08-03 12:22:13.109437,Enterprise System
CUST00006562,Nicholas,Rajagopalan,1955-02-03,Female,nicholas.rajagopalan374@yahoo.com,+919143225944,Higher education careers adviser,300000.0,2025-11-08,High,Active,2026-08-03 12:22:13.109437,2026-08-03 12:22:13.109437,Enterprise System
CUST00006563,Lila,Mangat,1971-05-23,Prefer Not to Say,lila.mangat15@outlook.com,+919917893684,Historic buildings inspector/conservation officer,1200000.0,2010-07-18,Medium,Active,2026-08-03 12:22:13.109437,2026-08-03 12:22:13.109437,Enterprise System
CUST00006564,Manbir,Kothari,1999-07-31,Male,manbir.kothari80@gmail.com,+919339641610,"Engineer, automotive",300000.0,2025-03-12,High,Closed,2026-08-03 12:22:13.109437,2026-08-03 12:22:13.109437,Enterprise System
CUST00006565,Xiti,Dani,1968-10-16,Female,xiti.dani951@yahoo.com,+919185955031,Heritage manager,1200000.0,1997-08-20,Medium,Active,2026-08-03 12:22:13.109437,2026-08-03 12:22:13.109437,Enterprise System
CUST00006566,Kabir,Khanna,1957-04-28,Non-Binary,kabir.khanna124@gmail.com,+919876190270,Insurance claims handler,500000.0,1989-12-15,High,Active,2026-08-03 12:22:13.109437,2026-08-03 12:22:13.109437,Enterprise System
CUST00006567,Aachal,Walia,1973-08-27,Female,aachal.walia419@hotmail.com,+919567848912,"Engineer, manufacturing systems",500000.0,2008-10-03,High,Active,2026-08-03 12:22:13.109437,2026-08-03 12:22:13.109437,Enterprise System
CUST00006568,Robert,Mukhopadhyay,1971-05-11,Non-Binary,robert.mukhopadhyay358@gmail.com,+919142510667,"Engineer, electronics",300000.0,2019-04-28,High,Active,2026-08-03 12:22:13.109437,2026-08-03 12:22:13.109437,Enterprise System
CUST00006569,Abha,Om,1980-11-22,Male,abha.om776@gmail.com,+919126417445,Insurance claims handler,1200000.0,2021-10-29,Medium,Active,2026-08-03 12:22:13.109437,2026-08-03 12:22:13.109437,Enterprise System
CUST00006570,Barkha,Babu,1994-02-01,Male,barkha.babu903@gmail.com,+919824373551,Quality manager,300000.0,2026-08-01,High,Dormant,2026-08-03 12:22:13.109437,2026-08-03 12:22:13.109437,Enterprise System
CUST00006571,Wishi,Patla,1971-02-26,Female,wishi.patla729@hotmail.com,+919762867336,"Radiographer, diagnostic",800000.0,1998-03-24,Medium,Active,2026-08-03 12:22:13.109437,2026-08-03 12:22:13.109437,Enterprise System
CUST00006572,Dalaja,Mani,1974-05-06,Non-Binary,dalaja.mani843@gmail.com,+919410415966,Travel agency manager,800000.0,2009-09-04,Medium,Active,2026-08-03 12:22:13.109437,2026-08-03 12:22:13.109437,Enterprise System
CUST00006573,Balendra,Sridhar,1991-08-12,Non-Binary,balendra.sridhar23@yahoo.com,+919356020403,Insurance risk surveyor,500000.0,2015-06-01,High,Active,2026-08-03 12:22:13.110548,2026-08-03 12:22:13.110548,Enterprise System
CUST00006574,Vamakshi,Badami,1967-10-26,Male,vamakshi.badami147@outlook.com,+919935700279,Corporate treasurer,500000.0,2014-01-03,High,Active,2026-08-03 12:22:13.110548,2026-08-03 12:22:13.110548,Enterprise System
CUST00006575,Ojas,Sarna,1968-07-28,Female,ojas.sarna545@yahoo.com,+919611031775,"Engineer, electrical",1200000.0,2023-05-03,Medium,Active,2026-08-03 12:22:13.110548,2026-08-03 12:22:13.110548,Enterprise System
CUST00006576,Jagat,Prabhu,1968-07-15,Female,jagat.prabhu845@outlook.com,+919431050273,Product manager,3500000.0,2023-06-02,Low,Active,2026-08-03 12:22:13.110548,2026-08-03 12:22:13.110548,Enterprise System
CUST00006577,Isaiah,Sami,1976-07-09,Prefer Not to Say,isaiah.sami273@hotmail.com,+919058001650,"Surveyor, minerals",300000.0,2011-08-20,High,Active,2026-08-03 12:22:13.110548,2026-08-03 12:22:13.110548,Enterprise System
CUST00006578,Chatura,Bhalla,2001-02-20,Male,chatura.bhalla156@yahoo.com,+919517507168,Marketing executive,300000.0,2020-09-23,High,Active,2026-08-03 12:22:13.110548,2026-08-03 12:22:13.110548,Enterprise System
CUST00006579,Yash,Tiwari,1960-10-13,Non-Binary,yash.tiwari594@gmail.com,+919322519122,Tax adviser,500000.0,2000-04-08,High,Blocked,2026-08-03 12:22:13.110548,2026-08-03 12:22:13.110548,Enterprise System
CUST00006580,Wridesh,Bansal,1977-03-13,Female,wridesh.bansal382@yahoo.com,+919472589062,"Surveyor, hydrographic",500000.0,2020-05-10,High,Active,2026-08-03 12:22:13.110548,2026-08-03 12:22:13.110548,Enterprise System
CUST00006581,Anya,Batra,1947-03-07,Non-Binary,anya.batra558@hotmail.com,+919993582480,Theatre manager,1200000.0,1974-04-20,Medium,Active,2026-08-03 12:22:13.110548,2026-08-03 12:22:13.110548,Enterprise System
CUST00006582,Yashica,Goda,1954-11-12,Male,yashica.goda754@gmail.com,+919546064967,Chief Operating Officer,300000.0,1975-05-05,High,Active,2026-08-03 12:22:13.110548,2026-08-03 12:22:13.110548,Enterprise System
CUST00006583,Brijesh,Sheth,1987-01-21,Non-Binary,brijesh.sheth481@gmail.com,+919457436288,Chartered certified accountant,500000.0,2017-06-30,High,Active,2026-08-03 12:22:13.110548,2026-08-03 12:22:13.110548,Enterprise System
CUST00006584,Krishna,Pal,1992-07-10,Female,krishna.pal791@outlook.com,+919418014884,Actuary,800000.0,2020-01-15,Medium,Active,2026-08-03 12:22:13.110548,2026-08-03 12:22:13.110548,Enterprise System
CUST00006585,Vansha,Chauhan,1985-08-17,Prefer Not to Say,vansha.chauhan266@outlook.com,+919341844456,Marketing executive,800000.0,2015-05-09,Medium,Active,2026-08-03 12:22:13.110548,2026-08-03 12:22:13.110548,Enterprise System
CUST00006586,Rushil,Anand,1960-10-13,Female,rushil.anand989@hotmail.com,+919658811894,Dealer,300000.0,2020-05-07,High,Active,2026-08-03 12:22:13.110548,2026-08-03 12:22:13.110548,Enterprise System
CUST00006587,Chakrika,Aurora,1996-02-22,Male,chakrika.aurora802@yahoo.com,+919334732369,"Exhibitions officer, museum/gallery",300000.0,2015-06-24,High,Active,2026-08-03 12:22:13.110548,2026-08-03 12:22:13.110548,Enterprise System
CUST00006588,Kritika,Nair,1951-06-21,Female,kritika.nair803@gmail.com,+919824278464,Hotel manager,300000.0,1999-09-20,High,Active,2026-08-03 12:22:13.110548,2026-08-03 12:22:13.110548,Enterprise System
CUST00006589,Mahika,Bajwa,2004-05-28,Male,mahika.bajwa358@outlook.com,+919114343755,Animal technologist,800000.0,2023-01-05,Medium,Active,2026-08-03 12:22:13.110548,2026-08-03 12:22:13.110548,Enterprise System
CUST00006590,Triveni,Dave,1965-06-29,Male,triveni.dave104@gmail.com,+919998560729,Systems analyst,500000.0,1983-07-10,High,Active,2026-08-03 12:22:13.110548,2026-08-03 12:22:13.110548,Enterprise System
CUST00006591,Hemal,Pandit,1987-02-05,Male,hemal.pandit812@hotmail.com,+919160971027,Sports administrator,500000.0,2005-02-10,High,Active,2026-08-03 12:22:13.110548,2026-08-03 12:22:13.110548,Enterprise System
CUST00006592,Laban,Gour,1982-05-25,Female,laban.gour529@gmail.com,+919962702632,Financial planner,500000.0,2004-10-19,High,Closed,2026-08-03 12:22:13.110548,2026-08-03 12:22:13.110548,Enterprise System
CUST00006593,Nilima,Puri,2000-01-02,Female,nilima.puri616@outlook.com,+919553913076,"Doctor, hospital",500000.0,2021-09-28,High,Active,2026-08-03 12:22:13.110548,2026-08-03 12:22:13.110548,Enterprise System
CUST00006594,Laban,Vohra,2004-12-11,Female,laban.vohra34@outlook.com,+919076583984,"Teacher, adult education",500000.0,2024-09-14,High,Active,2026-08-03 12:22:13.110548,2026-08-03 12:22:13.110548,Enterprise System
CUST00006595,Aadi,Das,1982-07-06,Non-Binary,aadi.das66@outlook.com,+919665856805,Camera operator,800000.0,2002-08-13,Medium,Active,2026-08-03 12:22:13.110548,2026-08-03 12:22:13.110548,Enterprise System
CUST00006596,Oviya,Kumer,1997-12-11,Male,oviya.kumer184@yahoo.com,+919451837339,Medical illustrator,500000.0,2021-12-21,High,Active,2026-08-03 12:22:13.110548,2026-08-03 12:22:13.110548,Enterprise System
CUST00006597,Rajata,Bhatnagar,1974-11-28,Non-Binary,rajata.bhatnagar808@gmail.com,+919756201718,Graphic designer,1200000.0,2013-11-23,Medium,Active,2026-08-03 12:22:13.110548,2026-08-03 12:22:13.110548,Enterprise System
CUST00006598,Wridesh,Jhaveri,1947-05-15,Female,wridesh.jhaveri184@hotmail.com,+919694842172,"Surveyor, building",500000.0,2016-07-16,High,Dormant,2026-08-03 12:22:13.110548,2026-08-03 12:22:13.110548,Enterprise System
CUST00006599,Xalak,Lall,1981-08-16,Male,xalak.lall184@yahoo.com,+919475237021,Educational psychologist,300000.0,2000-01-05,High,Active,2026-08-03 12:22:13.111547,2026-08-03 12:22:13.111547,Enterprise System
CUST00006600,Rohan,Warrior,1993-07-06,Female,rohan.warrior947@yahoo.com,+919015889406,"Engineer, building services",500000.0,2021-12-18,High,Active,2026-08-03 12:22:13.111547,2026-08-03 12:22:13.111547,Enterprise System
CUST00006601,Jason,Bedi,1999-02-11,Female,jason.bedi973@outlook.com,+919562677449,"Scientist, marine",300000.0,2023-11-28,High,Dormant,2026-08-03 12:22:13.111547,2026-08-03 12:22:13.111547,Enterprise System
CUST00006602,Zaitra,Savant,1975-08-13,Prefer Not to Say,zaitra.savant596@gmail.com,+919820152936,Museum/gallery curator,300000.0,2016-12-31,High,Active,2026-08-03 12:22:13.111547,2026-08-03 12:22:13.111547,Enterprise System
CUST00006603,Panini,Konda,1986-07-18,Prefer Not to Say,panini.konda732@outlook.com,+919870005769,"Surveyor, minerals",500000.0,2019-11-27,High,Active,2026-08-03 12:22:13.111547,2026-08-03 12:22:13.111547,Enterprise System
CUST00006604,Hemani,Bali,1961-10-26,Prefer Not to Say,hemani.bali106@outlook.com,+919767789978,International aid/development worker,300000.0,2017-04-10,High,Active,2026-08-03 12:22:13.111547,2026-08-03 12:22:13.111547,Enterprise System
CUST00006605,Chaitaly,Dutt,2006-06-26,Prefer Not to Say,chaitaly.dutt828@yahoo.com,+919210322146,Diplomatic Services operational officer,300000.0,2024-11-27,High,Active,2026-08-03 12:22:13.111547,2026-08-03 12:22:13.111547,Enterprise System
CUST00006606,Daksh,Bhat,1978-03-14,Male,daksh.bhat740@outlook.com,+919188986837,Location manager,500000.0,2007-01-03,High,Active,2026-08-03 12:22:13.111547,2026-08-03 12:22:13.111547,Enterprise System
CUST00006607,Raghav,Krishnan,1971-06-20,Non-Binary,raghav.krishnan216@yahoo.com,+919654876673,Best boy,1200000.0,2006-11-07,Medium,Active,2026-08-03 12:22:13.111547,2026-08-03 12:22:13.111547,Enterprise System
CUST00006608,Aadi,Kale,1974-12-02,Non-Binary,aadi.kale207@gmail.com,+919019851138,"Radiographer, therapeutic",300000.0,2004-06-09,High,Active,2026-08-03 12:22:13.111547,2026-08-03 12:22:13.111547,Enterprise System
CUST00006609,Jairaj,Barman,1958-11-19,Prefer Not to Say,jairaj.barman22@gmail.com,+919147569173,Sales promotion account executive,1200000.0,1989-11-02,Medium,Dormant,2026-08-03 12:22:13.111547,2026-08-03 12:22:13.111547,Enterprise System
CUST00006610,Hemani,Majumdar,1975-09-01,Male,hemani.majumdar113@yahoo.com,+919388091037,"Pilot, airline",3500000.0,2000-06-09,Low,Active,2026-08-03 12:22:13.111547,2026-08-03 12:22:13.111547,Enterprise System
CUST00006611,Hemang,Gara,2003-10-16,Male,hemang.gara42@yahoo.com,+919465024854,Records manager,2000000.0,2023-07-19,Low,Active,2026-08-03 12:22:13.111547,2026-08-03 12:22:13.111547,Enterprise System
CUST00006612,Oviya,Rama,1946-12-05,Female,oviya.rama66@outlook.com,+919434398974,Equities trader,300000.0,1990-08-24,High,Active,2026-08-03 12:22:13.111547,2026-08-03 12:22:13.111547,Enterprise System
CUST00006613,Suhani,Natarajan,1946-12-09,Prefer Not to Say,suhani.natarajan477@outlook.com,+919571756035,Futures trader,1200000.0,2020-12-26,Medium,Active,2026-08-03 12:22:13.111547,2026-08-03 12:22:13.111547,Enterprise System
CUST00006614,Dakshesh,Nair,1968-06-07,Non-Binary,dakshesh.nair13@outlook.com,+919875870756,Air cabin crew,500000.0,2014-05-13,High,Active,2026-08-03 12:22:13.111547,2026-08-03 12:22:13.111547,Enterprise System
CUST00006615,Abhiram,Dash,2003-10-04,Male,abhiram.dash300@gmail.com,+919470537111,Youth worker,5000000.0,2023-10-25,Low,Active,2026-08-03 12:22:13.111547,2026-08-03 12:22:13.111547,Enterprise System
CUST00006616,Ekapad,Shah,1954-03-24,Male,ekapad.shah873@hotmail.com,+919856266702,Biomedical engineer,300000.0,1995-12-28,High,Active,2026-08-03 12:22:13.111547,2026-08-03 12:22:13.111547,Enterprise System
CUST00006617,Pallavi,Desai,1967-06-11,Non-Binary,pallavi.desai857@gmail.com,+919659224978,English as a foreign language teacher,500000.0,1994-03-10,High,Active,2026-08-03 12:22:13.111547,2026-08-03 12:22:13.111547,Enterprise System
CUST00006618,Sanaya,Palan,1968-02-06,Female,sanaya.palan631@gmail.com,+919852445353,"Production assistant, radio",800000.0,1988-11-13,Medium,Active,2026-08-03 12:22:13.111547,2026-08-03 12:22:13.111547,Enterprise System
CUST00006619,Wazir,Mitter,1953-04-27,Prefer Not to Say,wazir.mitter106@gmail.com,+919818654278,Musician,300000.0,2023-12-03,High,Active,2026-08-03 12:22:13.111547,2026-08-03 12:22:13.111547,Enterprise System
CUST00006620,Yagnesh,Grover,1969-02-02,Male,yagnesh.grover512@yahoo.com,+919351169542,Speech and language therapist,300000.0,2005-09-23,High,Active,2026-08-03 12:22:13.111547,2026-08-03 12:22:13.111547,Enterprise System
CUST00006621,Peter,Chadha,2005-12-12,Prefer Not to Say,peter.chadha426@hotmail.com,+919638723837,Copy,1200000.0,2024-12-23,Medium,Active,2026-08-03 12:22:13.111547,2026-08-03 12:22:13.111547,Enterprise System
CUST00006622,Saanvi,Comar,1945-11-09,Female,saanvi.comar821@gmail.com,+919212316914,Chiropractor,300000.0,1990-02-08,High,Active,2026-08-03 12:22:13.111547,2026-08-03 12:22:13.111547,Enterprise System
CUST00006623,Aashi,Merchant,1965-09-14,Male,aashi.merchant476@yahoo.com,+919027670763,English as a foreign language teacher,300000.0,1998-11-13,High,Active,2026-08-03 12:22:13.111547,2026-08-03 12:22:13.111547,Enterprise System
CUST00006624,Yashoda,Kashyap,1991-10-22,Male,yashoda.kashyap720@hotmail.com,+919731704183,"Production designer, theatre/television/film",800000.0,2018-06-19,Medium,Active,2026-08-03 12:22:13.111547,2026-08-03 12:22:13.111547,Enterprise System
CUST00006625,Ethan,Mittal,1976-09-20,Female,ethan.mittal182@gmail.com,+919021403996,Systems developer,500000.0,2007-02-26,High,Dormant,2026-08-03 12:22:13.112544,2026-08-03 12:22:13.112544,Enterprise System
CUST00006626,Saanvi,Bumb,1969-05-06,Female,saanvi.bumb32@gmail.com,+919282461997,Pharmacologist,500000.0,1999-11-18,High,Active,2026-08-03 12:22:13.112544,2026-08-03 12:22:13.112544,Enterprise System
CUST00006627,Warjas,Lala,1963-06-27,Non-Binary,warjas.lala810@outlook.com,+919133882841,Waste management officer,1200000.0,2013-12-23,Medium,Active,2026-08-03 12:22:13.112544,2026-08-03 12:22:13.112544,Enterprise System
CUST00006628,Ati,Dara,1991-01-03,Female,ati.dara460@hotmail.com,+919542695149,Communications engineer,800000.0,2011-07-13,Medium,Dormant,2026-08-03 12:22:13.112544,2026-08-03 12:22:13.112544,Enterprise System
CUST00006629,Idika,Sunder,1984-09-15,Female,idika.sunder845@hotmail.com,+919091705220,"Exhibitions officer, museum/gallery",500000.0,2009-11-28,High,Active,2026-08-03 12:22:13.112544,2026-08-03 12:22:13.112544,Enterprise System
CUST00006630,Ijaya,Kar,1955-05-17,Female,ijaya.kar251@yahoo.com,+919937808359,Physiotherapist,300000.0,1977-10-16,High,Active,2026-08-03 12:22:13.112544,2026-08-03 12:22:13.112544,Enterprise System
CUST00006631,Naveen,Bajwa,1998-10-02,Male,naveen.bajwa667@gmail.com,+919610969892,"Radiographer, diagnostic",300000.0,2019-11-28,High,Active,2026-08-03 12:22:13.112544,2026-08-03 12:22:13.112544,Enterprise System
CUST00006632,Mohammed,Sanghvi,1976-11-29,Non-Binary,mohammed.sanghvi671@yahoo.com,+919451517495,Learning mentor,2000000.0,2006-01-09,Low,Active,2026-08-03 12:22:13.112544,2026-08-03 12:22:13.112544,Enterprise System
CUST00006633,Ayush,Dyal,1957-10-16,Male,ayush.dyal740@outlook.com,+919478924809,Clinical embryologist,800000.0,2011-04-09,Medium,Dormant,2026-08-03 12:22:13.112544,2026-08-03 12:22:13.112544,Enterprise System
CUST00006634,Rushil,Sahni,1978-02-23,Female,rushil.sahni347@outlook.com,+919111214438,Herpetologist,2000000.0,2015-06-16,Low,Active,2026-08-03 12:22:13.112544,2026-08-03 12:22:13.112544,Enterprise System
CUST00006635,Warinder,Das,1962-01-11,Prefer Not to Say,warinder.das539@yahoo.com,+919393488192,Museum/gallery exhibitions officer,300000.0,1990-04-19,High,Active,2026-08-03 12:22:13.112544,2026-08-03 12:22:13.112544,Enterprise System
CUST00006636,Radha,Dass,1966-10-13,Prefer Not to Say,radha.dass503@hotmail.com,+919224033605,Print production planner,300000.0,2001-05-31,High,Active,2026-08-03 12:22:13.112544,2026-08-03 12:22:13.112544,Enterprise System
CUST00006637,Shaurya,Bhatt,1985-04-11,Female,shaurya.bhatt327@hotmail.com,+919663265009,Location manager,500000.0,2018-10-07,High,Active,2026-08-03 12:22:13.112544,2026-08-03 12:22:13.112544,Enterprise System
CUST00006638,Hiral,Buch,1973-06-14,Female,hiral.buch569@yahoo.com,+919628745433,"Producer, radio",500000.0,2014-07-01,High,Active,2026-08-03 12:22:13.112544,2026-08-03 12:22:13.112544,Enterprise System
CUST00006639,Siya,Bora,1954-09-07,Non-Binary,siya.bora882@hotmail.com,+919752631740,"Scientist, biomedical",500000.0,2018-02-22,High,Active,2026-08-03 12:22:13.112544,2026-08-03 12:22:13.112544,Enterprise System
CUST00006640,Chavvi,Gara,1962-06-28,Male,chavvi.gara303@hotmail.com,+919177911963,Osteopath,300000.0,1998-01-28,High,Active,2026-08-03 12:22:13.112544,2026-08-03 12:22:13.112544,Enterprise System
CUST00006641,Oeshi,Choudhury,1960-09-12,Non-Binary,oeshi.choudhury34@yahoo.com,+919894452558,Technical sales engineer,300000.0,2004-07-04,High,Active,2026-08-03 12:22:13.112544,2026-08-03 12:22:13.112544,Enterprise System
CUST00006642,Harshil,Boase,1958-07-24,Non-Binary,harshil.boase448@gmail.com,+919424300844,Physiotherapist,800000.0,1990-05-14,Medium,Active,2026-08-03 12:22:13.112544,2026-08-03 12:22:13.112544,Enterprise System
CUST00006643,Pushti,Soni,1990-10-05,Male,pushti.soni872@outlook.com,+919824773013,Dietitian,1200000.0,2010-12-21,Medium,Active,2026-08-03 12:22:13.112544,2026-08-03 12:22:13.112544,Enterprise System
CUST00006644,Shaurya,Sandhu,1966-05-30,Female,shaurya.sandhu355@hotmail.com,+919511797006,Music therapist,300000.0,2021-11-06,High,Active,2026-08-03 12:22:13.112544,2026-08-03 12:22:13.112544,Enterprise System
CUST00006645,Amaira,Kant,1999-07-28,Prefer Not to Say,amaira.kant138@outlook.com,+919373308505,Print production planner,300000.0,2019-09-11,High,Active,2026-08-03 12:22:13.112544,2026-08-03 12:22:13.112544,Enterprise System
CUST00006646,Widisha,Patla,1982-07-21,Male,widisha.patla179@hotmail.com,+919137003370,"Teacher, English as a foreign language",300000.0,2018-03-03,High,Active,2026-08-03 12:22:13.112544,2026-08-03 12:22:13.112544,Enterprise System
CUST00006647,Gayathri,Padmanabhan,1971-08-11,Female,gayathri.padmanabhan368@yahoo.com,+919556399204,Holiday representative,300000.0,1995-07-16,High,Active,2026-08-03 12:22:13.112544,2026-08-03 12:22:13.112544,Enterprise System
CUST00006648,Fitan,Dani,1980-03-20,Prefer Not to Say,fitan.dani909@outlook.com,+919684172450,Water quality scientist,500000.0,2009-04-18,High,Dormant,2026-08-03 12:22:13.112544,2026-08-03 12:22:13.112544,Enterprise System
CUST00006649,Saanvi,Sachdev,1972-08-10,Non-Binary,saanvi.sachdev814@hotmail.com,+919130003593,Retail buyer,300000.0,2006-02-10,High,Active,2026-08-03 12:22:13.112544,2026-08-03 12:22:13.112544,Enterprise System
CUST00006650,Lucky,Misra,1965-03-11,Non-Binary,lucky.misra858@hotmail.com,+919058269379,"Engineer, control and instrumentation",300000.0,1987-04-10,High,Active,2026-08-03 12:22:13.113544,2026-08-03 12:22:13.113544,Enterprise System
CUST00006651,Suhani,Jhaveri,2004-08-19,Male,suhani.jhaveri897@yahoo.com,+919925592195,Field seismologist,800000.0,2024-06-05,Medium,Active,2026-08-03 12:22:13.113544,2026-08-03 12:22:13.113544,Enterprise System
CUST00006652,Anika,Ratti,1951-01-30,Female,anika.ratti731@hotmail.com,+919628096425,Medical secretary,5000000.0,1980-09-04,Low,Active,2026-08-03 12:22:13.113544,2026-08-03 12:22:13.113544,Enterprise System
CUST00006653,Balvan,Shenoy,1948-09-12,Female,balvan.shenoy345@hotmail.com,+919598080354,Marine scientist,1200000.0,1989-03-27,Medium,Active,2026-08-03 12:22:13.113544,2026-08-03 12:22:13.113544,Enterprise System
CUST00006654,Avni,Bansal,1957-07-20,Non-Binary,avni.bansal365@gmail.com,+919075040210,Optometrist,300000.0,1984-11-22,High,Active,2026-08-03 12:22:13.113544,2026-08-03 12:22:13.113544,Enterprise System
CUST00006655,Zehaan,Kamdar,1953-06-24,Prefer Not to Say,zehaan.kamdar752@outlook.com,+919770457159,Senior tax professional/tax inspector,500000.0,2021-08-27,High,Active,2026-08-03 12:22:13.113544,2026-08-03 12:22:13.113544,Enterprise System
CUST00006656,Baljiwan,Savant,2006-09-02,Female,baljiwan.savant16@yahoo.com,+919034146396,Banker,1200000.0,2025-11-16,Medium,Active,2026-08-03 12:22:13.113544,2026-08-03 12:22:13.113544,Enterprise System
CUST00006657,Azad,Saraf,1985-01-30,Non-Binary,azad.saraf709@gmail.com,+919036112782,Trade mark attorney,300000.0,2019-08-30,High,Dormant,2026-08-03 12:22:13.113544,2026-08-03 12:22:13.113544,Enterprise System
CUST00006658,Sai,Sagar,1968-03-05,Prefer Not to Say,sai.sagar169@gmail.com,+919117151559,"Administrator, arts",2000000.0,1998-12-15,Low,Active,2026-08-03 12:22:13.113544,2026-08-03 12:22:13.113544,Enterprise System
CUST00006659,Adweta,Sami,1967-11-20,Non-Binary,adweta.sami710@yahoo.com,+919629729939,Aeronautical engineer,3500000.0,2009-11-09,Low,Blocked,2026-08-03 12:22:13.113544,2026-08-03 12:22:13.113544,Enterprise System
CUST00006660,Oscar,Rajagopalan,1978-09-10,Male,oscar.rajagopalan637@outlook.com,+919421776346,Lobbyist,300000.0,2004-10-03,High,Dormant,2026-08-03 12:22:13.113544,2026-08-03 12:22:13.113544,Enterprise System
CUST00006661,Ethan,Mutti,1992-05-24,Non-Binary,ethan.mutti85@hotmail.com,+919484537060,Chartered public finance accountant,5000000.0,2016-04-15,Low,Active,2026-08-03 12:22:13.113544,2026-08-03 12:22:13.113544,Enterprise System
CUST00006662,Ronith,Srinivasan,1980-10-14,Prefer Not to Say,ronith.srinivasan698@outlook.com,+919822103704,"Programme researcher, broadcasting/film/video",1200000.0,2006-08-03,Medium,Active,2026-08-03 12:22:13.113544,2026-08-03 12:22:13.113544,Enterprise System
CUST00006663,Dipta,Krish,1947-12-23,Female,dipta.krish757@gmail.com,+919846941607,"Physicist, medical",800000.0,1993-12-05,Medium,Active,2026-08-03 12:22:13.113544,2026-08-03 12:22:13.113544,Enterprise System
CUST00006664,Brinda,Muni,1960-05-17,Non-Binary,brinda.muni755@hotmail.com,+919921238689,Tax inspector,300000.0,1984-07-06,High,Active,2026-08-03 12:22:13.113544,2026-08-03 12:22:13.113544,Enterprise System
CUST00006665,Jeet,Yadav,1952-02-11,Female,jeet.yadav605@hotmail.com,+919227615035,Social worker,500000.0,1990-08-18,High,Active,2026-08-03 12:22:13.113544,2026-08-03 12:22:13.113544,Enterprise System
CUST00006666,Sudiksha,Sangha,1971-08-20,Prefer Not to Say,sudiksha.sangha232@gmail.com,+919139505726,Tourism officer,300000.0,2026-01-07,High,Active,2026-08-03 12:22:13.113544,2026-08-03 12:22:13.113544,Enterprise System
CUST00006667,Rayaan,Dey,2004-09-23,Female,rayaan.dey855@yahoo.com,+919548710170,Web designer,500000.0,2024-11-02,High,Active,2026-08-03 12:22:13.113544,2026-08-03 12:22:13.113544,Enterprise System
CUST00006668,Lavanya,Samra,1995-02-23,Female,lavanya.samra86@gmail.com,+919622024296,Food technologist,300000.0,2014-08-04,High,Active,2026-08-03 12:22:13.113544,2026-08-03 12:22:13.113544,Enterprise System
CUST00006669,Rachana,Bansal,1967-06-17,Female,rachana.bansal532@yahoo.com,+919858291634,Airline pilot,500000.0,1988-06-23,High,Active,2026-08-03 12:22:13.113544,2026-08-03 12:22:13.113544,Enterprise System
CUST00006670,Caleb,Venkataraman,1946-01-03,Male,caleb.venkataraman174@yahoo.com,+919482130004,Field seismologist,800000.0,1998-04-23,Medium,Active,2026-08-03 12:22:13.113544,2026-08-03 12:22:13.113544,Enterprise System
CUST00006671,Wridesh,Sehgal,1970-07-29,Male,wridesh.sehgal76@yahoo.com,+919027259520,Quality manager,5000000.0,1999-02-17,Low,Active,2026-08-03 12:22:13.113544,2026-08-03 12:22:13.113544,Enterprise System
CUST00006672,Yutika,Chahal,1998-08-15,Non-Binary,yutika.chahal369@hotmail.com,+919960489013,Call centre manager,800000.0,2018-08-11,Medium,Active,2026-08-03 12:22:13.113544,2026-08-03 12:22:13.113544,Enterprise System
CUST00006673,Bakhshi,Tara,1972-02-11,Female,bakhshi.tara875@gmail.com,+919979851108,"Journalist, magazine",300000.0,1993-11-02,High,Active,2026-08-03 12:22:13.113544,2026-08-03 12:22:13.113544,Enterprise System
CUST00006674,Garima,Sandhu,1989-11-22,Non-Binary,garima.sandhu737@gmail.com,+919761194222,"Horticulturist, commercial",3500000.0,2021-09-29,Low,Active,2026-08-03 12:22:13.114446,2026-08-03 12:22:13.114446,Enterprise System
CUST00006675,Urmi,Chatterjee,1991-04-11,Male,urmi.chatterjee129@outlook.com,+919577265935,Leisure centre manager,500000.0,2009-10-20,High,Active,2026-08-03 12:22:13.114446,2026-08-03 12:22:13.114446,Enterprise System
CUST00006676,Libni,Warrior,1961-06-07,Male,libni.warrior592@hotmail.com,+919370008703,"Psychologist, educational",300000.0,1999-02-16,High,Active,2026-08-03 12:22:13.114446,2026-08-03 12:22:13.114446,Enterprise System
CUST00006677,Xalak,Jhaveri,1961-10-08,Prefer Not to Say,xalak.jhaveri694@outlook.com,+919775110210,Emergency planning/management officer,300000.0,1999-03-03,High,Active,2026-08-03 12:22:13.114446,2026-08-03 12:22:13.114446,Enterprise System
CUST00006678,Tanveer,Ahluwalia,2001-09-14,Prefer Not to Say,tanveer.ahluwalia331@gmail.com,+919833058106,Retail manager,300000.0,2020-02-23,High,Blocked,2026-08-03 12:22:13.114446,2026-08-03 12:22:13.114446,Enterprise System
CUST00006679,Bhavya,Hans,1960-04-02,Non-Binary,bhavya.hans828@gmail.com,+919383072994,Technical sales engineer,2000000.0,1978-04-25,Low,Active,2026-08-03 12:22:13.114446,2026-08-03 12:22:13.114446,Enterprise System
CUST00006680,Faras,Kota,1955-03-23,Prefer Not to Say,faras.kota326@hotmail.com,+919978144283,Adult nurse,500000.0,2021-10-31,High,Active,2026-08-03 12:22:13.114446,2026-08-03 12:22:13.114446,Enterprise System
CUST00006681,Lucky,Master,1999-09-29,Prefer Not to Say,lucky.master666@hotmail.com,+919895066606,Public relations account executive,500000.0,2021-07-07,High,Active,2026-08-03 12:22:13.114446,2026-08-03 12:22:13.114446,Enterprise System
CUST00006682,Ubika,Tank,1992-03-15,Prefer Not to Say,ubika.tank998@outlook.com,+919456500914,Computer games developer,500000.0,2011-10-24,High,Active,2026-08-03 12:22:13.114446,2026-08-03 12:22:13.114446,Enterprise System
CUST00006683,Vincent,Baria,1983-09-12,Female,vincent.baria641@gmail.com,+919366739771,"Biochemist, clinical",3500000.0,2002-12-13,Low,Active,2026-08-03 12:22:13.114446,2026-08-03 12:22:13.114446,Enterprise System
CUST00006684,Hema,Purohit,1975-06-22,Prefer Not to Say,hema.purohit30@yahoo.com,+919682865784,Clinical cytogeneticist,300000.0,2006-05-01,High,Active,2026-08-03 12:22:13.114446,2026-08-03 12:22:13.114446,Enterprise System
CUST00006685,Faras,Dani,2002-10-12,Female,faras.dani489@hotmail.com,+919197302061,TEFL teacher,800000.0,2026-04-27,Medium,Active,2026-08-03 12:22:13.114446,2026-08-03 12:22:13.114446,Enterprise System
CUST00006686,Jyoti,Soni,1950-04-12,Non-Binary,jyoti.soni183@outlook.com,+919294761342,Corporate treasurer,800000.0,1976-08-30,Medium,Active,2026-08-03 12:22:13.114446,2026-08-03 12:22:13.114446,Enterprise System
CUST00006687,Veda,Kala,1981-01-12,Prefer Not to Say,veda.kala178@gmail.com,+919345768168,Special effects artist,500000.0,2024-07-18,High,Active,2026-08-03 12:22:13.114446,2026-08-03 12:22:13.114446,Enterprise System
CUST00006688,Meghana,Dar,1972-09-01,Prefer Not to Say,meghana.dar532@hotmail.com,+919711266217,Theatre stage manager,800000.0,2022-05-18,Medium,Active,2026-08-03 12:22:13.114446,2026-08-03 12:22:13.114446,Enterprise System
CUST00006689,Charvi,Khare,1979-05-12,Female,charvi.khare850@hotmail.com,+919612469804,Astronomer,3500000.0,2018-06-07,Low,Active,2026-08-03 12:22:13.114446,2026-08-03 12:22:13.114446,Enterprise System
CUST00006690,Lakshmi,Sampath,1975-05-28,Prefer Not to Say,lakshmi.sampath188@yahoo.com,+919641456558,"Teacher, early years/pre",800000.0,2000-09-23,Medium,Active,2026-08-03 12:22:13.114446,2026-08-03 12:22:13.114446,Enterprise System
CUST00006691,Kavya,Ahluwalia,1994-10-20,Prefer Not to Say,kavya.ahluwalia45@outlook.com,+919733015158,Patent attorney,300000.0,2025-08-31,High,Active,2026-08-03 12:22:13.114446,2026-08-03 12:22:13.114446,Enterprise System
CUST00006692,Dhruv,Chaudhry,1980-07-10,Non-Binary,dhruv.chaudhry923@gmail.com,+919930274681,Aid worker,300000.0,2009-07-06,High,Active,2026-08-03 12:22:13.114446,2026-08-03 12:22:13.114446,Enterprise System
CUST00006693,Upkaar,Pandit,1950-01-03,Female,upkaar.pandit800@yahoo.com,+919858722648,"Copywriter, advertising",500000.0,2003-10-01,High,Active,2026-08-03 12:22:13.114446,2026-08-03 12:22:13.114446,Enterprise System
CUST00006694,Sachi,Prashad,1982-03-20,Male,sachi.prashad891@hotmail.com,+919719904806,"Embryologist, clinical",300000.0,2016-11-30,High,Active,2026-08-03 12:22:13.114446,2026-08-03 12:22:13.114446,Enterprise System
CUST00006695,Yashasvi,Ahuja,1967-08-05,Prefer Not to Say,yashasvi.ahuja445@outlook.com,+919629610013,Systems developer,300000.0,2010-09-12,High,Active,2026-08-03 12:22:13.114446,2026-08-03 12:22:13.114446,Enterprise System
CUST00006696,Eta,Mitter,1981-11-27,Non-Binary,eta.mitter792@hotmail.com,+919380071067,Neurosurgeon,300000.0,2015-05-26,High,Active,2026-08-03 12:22:13.114446,2026-08-03 12:22:13.114446,Enterprise System
CUST00006697,Faqid,Saraf,1966-09-16,Female,faqid.saraf329@gmail.com,+919590526629,Building surveyor,500000.0,1987-01-18,High,Closed,2026-08-03 12:22:13.114446,2026-08-03 12:22:13.114446,Enterprise System
CUST00006698,Eta,Sahota,1998-12-05,Female,eta.sahota375@yahoo.com,+919128549176,Forensic psychologist,800000.0,2017-11-05,Medium,Active,2026-08-03 12:22:13.114446,2026-08-03 12:22:13.114446,Enterprise System
CUST00006699,Chakrika,Lala,1987-12-25,Prefer Not to Say,chakrika.lala891@gmail.com,+919572830736,Agricultural consultant,500000.0,2015-06-27,High,Active,2026-08-03 12:22:13.114446,2026-08-03 12:22:13.114446,Enterprise System
CUST00006700,Nilima,Hayre,1963-10-08,Prefer Not to Say,nilima.hayre990@hotmail.com,+919817992995,Advice worker,800000.0,2008-06-13,Medium,Active,2026-08-03 12:22:13.114446,2026-08-03 12:22:13.114446,Enterprise System
CUST00006701,Sachi,Nagarajan,1991-04-03,Prefer Not to Say,sachi.nagarajan184@yahoo.com,+919922760710,"Administrator, sports",500000.0,2011-08-14,High,Active,2026-08-03 12:22:13.114446,2026-08-03 12:22:13.114446,Enterprise System
CUST00006702,Chaitanya,Gole,1978-10-10,Non-Binary,chaitanya.gole472@gmail.com,+919289447135,Marine scientist,1200000.0,2021-06-14,Medium,Blocked,2026-08-03 12:22:13.114446,2026-08-03 12:22:13.114446,Enterprise System
CUST00006703,Anay,Walia,2005-03-08,Prefer Not to Say,anay.walia363@yahoo.com,+919557723918,Visual merchandiser,300000.0,2023-12-18,High,Active,2026-08-03 12:22:13.115532,2026-08-03 12:22:13.115532,Enterprise System
CUST00006704,Dev,Doctor,1994-09-30,Prefer Not to Say,dev.doctor770@outlook.com,+919938004810,Make,800000.0,2013-07-03,Medium,Closed,2026-08-03 12:22:13.115532,2026-08-03 12:22:13.115532,Enterprise System
CUST00006705,Logan,Madan,1997-04-25,Non-Binary,logan.madan846@yahoo.com,+919672216328,Health visitor,500000.0,2019-11-05,High,Active,2026-08-03 12:22:13.115532,2026-08-03 12:22:13.115532,Enterprise System
CUST00006706,Kabir,Agate,1994-04-08,Male,kabir.agate837@hotmail.com,+919013681468,"Engineer, water",800000.0,2020-11-09,Medium,Active,2026-08-03 12:22:13.115532,2026-08-03 12:22:13.115532,Enterprise System
CUST00006707,Chatresh,Sawhney,1950-10-12,Non-Binary,chatresh.sawhney955@hotmail.com,+919393622550,"Conservation officer, nature",2000000.0,1978-09-09,Low,Active,2026-08-03 12:22:13.115532,2026-08-03 12:22:13.115532,Enterprise System
CUST00006708,Ikbal,Biswas,1959-12-25,Male,ikbal.biswas490@hotmail.com,+919475068438,Lawyer,500000.0,2025-08-02,High,Dormant,2026-08-03 12:22:13.115532,2026-08-03 12:22:13.115532,Enterprise System
CUST00006709,Warda,Gandhi,1949-12-13,Non-Binary,warda.gandhi162@gmail.com,+919315028615,Corporate treasurer,500000.0,1971-05-13,High,Active,2026-08-03 12:22:13.115532,2026-08-03 12:22:13.115532,Enterprise System
CUST00006710,Gaurangi,Shenoy,1985-01-22,Non-Binary,gaurangi.shenoy518@gmail.com,+919885662083,Architectural technologist,500000.0,2021-08-10,High,Active,2026-08-03 12:22:13.115532,2026-08-03 12:22:13.115532,Enterprise System
CUST00006711,Faris,Kulkarni,1997-04-01,Female,faris.kulkarni439@gmail.com,+919755656650,Patent attorney,500000.0,2019-06-05,High,Active,2026-08-03 12:22:13.115532,2026-08-03 12:22:13.115532,Enterprise System
CUST00006712,Bahadurjit,Krishnamurthy,1969-02-11,Male,bahadurjit.krishnamurthy405@yahoo.com,+919338757135,"Journalist, magazine",300000.0,1996-11-15,High,Dormant,2026-08-03 12:22:13.115532,2026-08-03 12:22:13.115532,Enterprise System
CUST00006713,Jalsa,Nayak,1976-03-29,Male,jalsa.nayak89@hotmail.com,+919786551914,Professor Emeritus,300000.0,2007-09-27,High,Active,2026-08-03 12:22:13.115532,2026-08-03 12:22:13.115532,Enterprise System
CUST00006714,Tristan,Sami,1945-12-25,Male,tristan.sami769@outlook.com,+919329945010,Solicitor,800000.0,2005-07-05,Medium,Dormant,2026-08-03 12:22:13.115532,2026-08-03 12:22:13.115532,Enterprise System
CUST00006715,Jatin,Iyengar,2004-07-18,Non-Binary,jatin.iyengar690@hotmail.com,+919189816511,Records manager,2000000.0,2023-12-29,Low,Dormant,2026-08-03 12:22:13.115532,2026-08-03 12:22:13.115532,Enterprise System
CUST00006716,Leela,Nori,1990-07-27,Female,leela.nori299@outlook.com,+919984350074,Geophysical data processor,300000.0,2013-09-30,High,Blocked,2026-08-03 12:22:13.115532,2026-08-03 12:22:13.115532,Enterprise System
CUST00006717,Xalak,Palla,1992-05-03,Prefer Not to Say,xalak.palla753@outlook.com,+919230047232,Merchant navy officer,300000.0,2020-11-30,High,Active,2026-08-03 12:22:13.115532,2026-08-03 12:22:13.115532,Enterprise System
CUST00006718,Aadi,Wable,1949-08-09,Female,aadi.wable117@gmail.com,+919545299345,Ecologist,2000000.0,2008-07-15,Low,Active,2026-08-03 12:22:13.115532,2026-08-03 12:22:13.115532,Enterprise System
CUST00006719,Varsha,Mitter,1996-02-05,Non-Binary,varsha.mitter844@outlook.com,+919714363621,Fine artist,300000.0,2024-07-12,High,Active,2026-08-03 12:22:13.115532,2026-08-03 12:22:13.115532,Enterprise System
CUST00006720,Diya,Rajagopal,1962-12-18,Male,diya.rajagopal804@hotmail.com,+919468665410,Pharmacologist,300000.0,2021-03-30,High,Active,2026-08-03 12:22:13.115532,2026-08-03 12:22:13.115532,Enterprise System
CUST00006721,Chanakya,Shroff,1992-02-29,Non-Binary,chanakya.shroff827@hotmail.com,+919357119627,"Teacher, adult education",500000.0,2011-08-03,High,Active,2026-08-03 12:22:13.115532,2026-08-03 12:22:13.115532,Enterprise System
CUST00006722,Nidhi,Kaur,1990-04-09,Female,nidhi.kaur494@gmail.com,+919264123720,Herpetologist,3500000.0,2012-02-17,Low,Active,2026-08-03 12:22:13.115532,2026-08-03 12:22:13.115532,Enterprise System
CUST00006723,Isaiah,Varghese,1967-11-16,Prefer Not to Say,isaiah.varghese993@outlook.com,+919918884654,"Designer, jewellery",1200000.0,2015-11-29,Medium,Active,2026-08-03 12:22:13.115532,2026-08-03 12:22:13.115532,Enterprise System
CUST00006724,Rohan,Soni,1987-05-13,Prefer Not to Say,rohan.soni241@gmail.com,+919862697370,"Therapist, occupational",300000.0,2006-02-07,High,Active,2026-08-03 12:22:13.115532,2026-08-03 12:22:13.115532,Enterprise System
CUST00006725,Osha,Sami,1986-05-03,Female,osha.sami873@yahoo.com,+919257289358,Naval architect,500000.0,2022-07-30,High,Active,2026-08-03 12:22:13.115532,2026-08-03 12:22:13.115532,Enterprise System
CUST00006726,Janaki,Bobal,2007-02-14,Non-Binary,janaki.bobal497@hotmail.com,+919956758068,"Producer, radio",300000.0,2026-03-29,High,Active,2026-08-03 12:22:13.116448,2026-08-03 12:22:13.116448,Enterprise System
CUST00006727,Neel,Bajaj,1983-05-30,Non-Binary,neel.bajaj305@outlook.com,+919085693896,Holiday representative,300000.0,2011-11-01,High,Active,2026-08-03 12:22:13.116448,2026-08-03 12:22:13.116448,Enterprise System
CUST00006728,Naksh,Samra,1976-04-23,Non-Binary,naksh.samra747@outlook.com,+919749271493,Broadcast presenter,800000.0,2022-10-08,Medium,Active,2026-08-03 12:22:13.116448,2026-08-03 12:22:13.116448,Enterprise System
CUST00006729,Chakradev,Walia,1963-02-23,Non-Binary,chakradev.walia245@outlook.com,+919839844204,"Conservator, museum/gallery",1200000.0,1983-01-02,Medium,Active,2026-08-03 12:22:13.116448,2026-08-03 12:22:13.116448,Enterprise System
CUST00006730,Pushti,Virk,2000-03-05,Prefer Not to Say,pushti.virk376@outlook.com,+919942951762,"Education officer, museum",3500000.0,2021-08-01,Low,Active,2026-08-03 12:22:13.116448,2026-08-03 12:22:13.116448,Enterprise System
CUST00006731,Qarin,Kumar,1985-01-22,Non-Binary,qarin.kumar59@outlook.com,+919276699843,Chief Technology Officer,500000.0,2014-05-10,High,Active,2026-08-03 12:22:13.116448,2026-08-03 12:22:13.116448,Enterprise System
CUST00006732,Lakshit,Kothari,1996-01-25,Non-Binary,lakshit.kothari467@yahoo.com,+919929879895,"Engineer, broadcasting (operations)",300000.0,2023-03-11,High,Active,2026-08-03 12:22:13.116448,2026-08-03 12:22:13.116448,Enterprise System
CUST00006733,Yutika,Raja,1946-04-16,Male,yutika.raja620@hotmail.com,+919734478440,"Scientist, research (maths)",1200000.0,1983-11-14,Medium,Dormant,2026-08-03 12:22:13.116448,2026-08-03 12:22:13.116448,Enterprise System
CUST00006734,Vidhi,Dayal,1978-06-08,Non-Binary,vidhi.dayal816@outlook.com,+919197009840,Warehouse manager,500000.0,2000-11-20,High,Blocked,2026-08-03 12:22:13.116448,2026-08-03 12:22:13.116448,Enterprise System
CUST00006735,Chandresh,Batra,1991-01-16,Non-Binary,chandresh.batra647@yahoo.com,+919516979265,"Surveyor, mining",500000.0,2014-06-28,High,Active,2026-08-03 12:22:13.116448,2026-08-03 12:22:13.116448,Enterprise System
CUST00006736,Sanaya,Bahl,1991-04-08,Non-Binary,sanaya.bahl438@yahoo.com,+919016456734,Race relations officer,500000.0,2018-05-18,High,Active,2026-08-03 12:22:13.116448,2026-08-03 12:22:13.116448,Enterprise System
CUST00006737,Charan,Nayar,1968-09-23,Prefer Not to Say,charan.nayar385@gmail.com,+919824009574,Personnel officer,500000.0,2001-06-11,High,Active,2026-08-03 12:22:13.116448,2026-08-03 12:22:13.116448,Enterprise System
CUST00006738,Urvi,Banik,1999-02-26,Prefer Not to Say,urvi.banik211@outlook.com,+919816152253,Biomedical scientist,800000.0,2017-04-28,Medium,Active,2026-08-03 12:22:13.116448,2026-08-03 12:22:13.116448,Enterprise System
CUST00006739,Ranveer,Sabharwal,1995-04-20,Female,ranveer.sabharwal541@yahoo.com,+919485888314,Accounting technician,300000.0,2016-09-20,High,Active,2026-08-03 12:22:13.116448,2026-08-03 12:22:13.116448,Enterprise System
CUST00006740,Xiti,Keer,1997-08-26,Non-Binary,xiti.keer953@outlook.com,+919092161365,Television camera operator,300000.0,2017-06-26,High,Active,2026-08-03 12:22:13.116448,2026-08-03 12:22:13.116448,Enterprise System
CUST00006741,Wriddhish,Mistry,1986-03-29,Female,wriddhish.mistry383@outlook.com,+919946229367,IT technical support officer,2000000.0,2006-04-03,Low,Active,2026-08-03 12:22:13.116448,2026-08-03 12:22:13.116448,Enterprise System
CUST00006742,Radhika,Doctor,1959-12-26,Male,radhika.doctor977@outlook.com,+919118223279,Video editor,3500000.0,1987-12-03,Low,Active,2026-08-03 12:22:13.116448,2026-08-03 12:22:13.116448,Enterprise System
CUST00006743,Triveni,Bumb,1992-09-29,Non-Binary,triveni.bumb352@gmail.com,+919158072037,Air broker,2000000.0,2012-03-24,Low,Blocked,2026-08-03 12:22:13.116448,2026-08-03 12:22:13.116448,Enterprise System
CUST00006744,Girik,Sengupta,2004-08-02,Female,girik.sengupta748@gmail.com,+919369217880,Warden/ranger,2000000.0,2024-02-27,Low,Active,2026-08-03 12:22:13.116448,2026-08-03 12:22:13.116448,Enterprise System
CUST00006745,Darika,Halder,1974-09-08,Non-Binary,darika.halder376@outlook.com,+919337515763,Customer service manager,300000.0,2023-08-26,High,Active,2026-08-03 12:22:13.116448,2026-08-03 12:22:13.116448,Enterprise System
CUST00006746,Nisha,Prabhu,1961-09-23,Non-Binary,nisha.prabhu54@outlook.com,+919558620517,Press sub,300000.0,1996-03-02,High,Active,2026-08-03 12:22:13.116448,2026-08-03 12:22:13.116448,Enterprise System
CUST00006747,Sneha,Sachar,1963-04-21,Non-Binary,sneha.sachar722@hotmail.com,+919383581206,Sales executive,800000.0,2026-05-17,Medium,Active,2026-08-03 12:22:13.116448,2026-08-03 12:22:13.116448,Enterprise System
CUST00006748,Rishi,Murthy,1978-03-29,Non-Binary,rishi.murthy44@yahoo.com,+919995108510,"Social research officer, government",300000.0,2013-10-29,High,Active,2026-08-03 12:22:13.116448,2026-08-03 12:22:13.116448,Enterprise System
CUST00006749,Zaitra,Barman,1987-03-12,Non-Binary,zaitra.barman825@gmail.com,+919699305859,"Accountant, chartered public finance",300000.0,2018-03-17,High,Active,2026-08-03 12:22:13.116448,2026-08-03 12:22:13.116448,Enterprise System
CUST00006750,Sai,Madan,1967-11-23,Prefer Not to Say,sai.madan33@hotmail.com,+919543796769,Careers adviser,300000.0,2020-03-23,High,Active,2026-08-03 12:22:13.116448,2026-08-03 12:22:13.116448,Enterprise System
