rate_date,currency,currency_symbol,rate_to_inr,source
2026-08-03,US Dollar,$,95.4836,Exchange Rate API
2026-08-02,US Dollar,$,96.0175,Exchange Rate API
2026-08-01,US Dollar,$,96.0864,Exchange Rate API
2026-07-31,US Dollar,$,96.056,Exchange Rate API
2026-07-30,US Dollar,$,96.0828,Exchange Rate API
2026-07-29,US Dollar,$,96.3914,Exchange Rate API
2026-07-28,US Dollar,$,96.9566,Exchange Rate API
2026-07-27,US Dollar,$,96.8642,Exchange Rate API
2026-07-26,US Dollar,$,96.5514,Exchange Rate API
2026-07-25,US Dollar,$,96.4062,Exchange Rate API
2026-07-24,US Dollar,$,95.9061,Exchange Rate API
2026-07-23,US Dollar,$,96.0709,Exchange Rate API
2026-07-22,US Dollar,$,96.6388,Exchange Rate API
2026-07-21,US Dollar,$,96.2993,Exchange Rate API
2026-07-20,US Dollar,$,96.5987,Exchange Rate API
2026-07-19,US Dollar,$,96.2636,Exchange Rate API
2026-07-18,US Dollar,$,96.7599,Exchange Rate API
2026-07-17,US Dollar,$,96.8261,Exchange Rate API
2026-07-16,US Dollar,$,96.6921,Exchange Rate API
2026-07-15,US Dollar,$,96.1472,Exchange Rate API
2026-07-14,US Dollar,$,95.7499,Exchange Rate API
2026-07-13,US Dollar,$,96.2117,Exchange Rate API
2026-07-12,US Dollar,$,95.8498,Exchange Rate API
2026-07-11,US Dollar,$,95.982,Exchange Rate API
2026-07-10,US Dollar,$,96.0496,Exchange Rate API
2026-07-09,US Dollar,$,95.9852,Exchange Rate API
2026-07-08,US Dollar,$,96.2312,Exchange Rate API
2026-07-07,US Dollar,$,95.7989,Exchange Rate API
2026-07-06,US Dollar,$,95.9952,Exchange Rate API
2026-07-05,US Dollar,$,95.4922,Exchange Rate API
2026-07-04,US Dollar,$,95.1651,Exchange Rate API
2026-07-03,US Dollar,$,95.3651,Exchange Rate API
2026-07-02,US Dollar,$,95.0104,Exchange Rate API
2026-07-01,US Dollar,$,94.5943,Exchange Rate API
2026-06-30,US Dollar,$,94.5907,Exchange Rate API
2026-06-29,US Dollar,$,94.7496,Exchange Rate API
2026-06-28,US Dollar,$,94.1871,Exchange Rate API
2026-06-27,US Dollar,$,94.3845,Exchange Rate API
2026-06-26,US Dollar,$,94.4789,Exchange Rate API
2026-06-25,US Dollar,$,93.9129,Exchange Rate API
2026-06-24,US Dollar,$,93.9894,Exchange Rate API
2026-06-23,US Dollar,$,93.4266,Exchange Rate API
2026-06-22,US Dollar,$,93.4877,Exchange Rate API
2026-06-21,US Dollar,$,93.6112,Exchange Rate API
2026-06-20,US Dollar,$,93.4821,Exchange Rate API
2026-06-19,US Dollar,$,93.3246,Exchange Rate API
2026-06-18,US Dollar,$,93.6528,Exchange Rate API
2026-06-17,US Dollar,$,93.3087,Exchange Rate API
2026-06-16,US Dollar,$,93.2691,Exchange Rate API
2026-06-15,US Dollar,$,93.2682,Exchange Rate API
2026-06-14,US Dollar,$,92.7579,Exchange Rate API
2026-06-13,US Dollar,$,93.202,Exchange Rate API
2026-06-12,US Dollar,$,92.8449,Exchange Rate API
2026-06-11,US Dollar,$,93.1691,Exchange Rate API
2026-06-10,US Dollar,$,93.1328,Exchange Rate API
2026-06-09,US Dollar,$,92.5848,Exchange Rate API
2026-06-08,US Dollar,$,92.3655,Exchange Rate API
2026-06-07,US Dollar,$,92.4572,Exchange Rate API
2026-06-06,US Dollar,$,92.414,Exchange Rate API
2026-06-05,US Dollar,$,92.8706,Exchange Rate API
2026-06-04,US Dollar,$,92.3466,Exchange Rate API
2026-06-03,US Dollar,$,92.7116,Exchange Rate API
2026-06-02,US Dollar,$,93.1153,Exchange Rate API
2026-06-01,US Dollar,$,92.7385,Exchange Rate API
2026-05-31,US Dollar,$,92.7483,Exchange Rate API
2026-05-30,US Dollar,$,92.2467,Exchange Rate API
2026-05-29,US Dollar,$,92.3344,Exchange Rate API
2026-05-28,US Dollar,$,92.5495,Exchange Rate API
2026-05-27,US Dollar,$,92.3152,Exchange Rate API
2026-05-26,US Dollar,$,92.6321,Exchange Rate API
2026-05-25,US Dollar,$,92.347,Exchange Rate API
2026-05-24,US Dollar,$,91.8561,Exchange Rate API
2026-05-23,US Dollar,$,91.8373,Exchange Rate API
2026-05-22,US Dollar,$,92.1076,Exchange Rate API
2026-05-21,US Dollar,$,91.8878,Exchange Rate API
2026-05-20,US Dollar,$,91.5755,Exchange Rate API
2026-05-19,US Dollar,$,91.7456,Exchange Rate API
2026-05-18,US Dollar,$,91.9316,Exchange Rate API
2026-05-17,US Dollar,$,91.5266,Exchange Rate API
2026-05-16,US Dollar,$,91.1581,Exchange Rate API
2026-05-15,US Dollar,$,91.2909,Exchange Rate API
2026-05-14,US Dollar,$,91.6091,Exchange Rate API
2026-05-13,US Dollar,$,91.2172,Exchange Rate API
2026-05-12,US Dollar,$,91.3699,Exchange Rate API
2026-05-11,US Dollar,$,91.5452,Exchange Rate API
2026-05-10,US Dollar,$,91.0412,Exchange Rate API
2026-05-09,US Dollar,$,91.2395,Exchange Rate API
2026-05-08,US Dollar,$,91.2244,Exchange Rate API
2026-05-07,US Dollar,$,90.794,Exchange Rate API
2026-05-06,US Dollar,$,90.3958,Exchange Rate API
2026-05-05,US Dollar,$,90.1316,Exchange Rate API
2026-05-04,US Dollar,$,90.3538,Exchange Rate API
2026-05-03,US Dollar,$,89.9735,Exchange Rate API
2026-05-02,US Dollar,$,90.0616,Exchange Rate API
2026-05-01,US Dollar,$,90.4589,Exchange Rate API
2026-04-30,US Dollar,$,90.5312,Exchange Rate API
2026-04-29,US Dollar,$,90.74,Exchange Rate API
2026-04-28,US Dollar,$,90.321,Exchange Rate API
2026-04-27,US Dollar,$,90.819,Exchange Rate API
2026-04-26,US Dollar,$,91.3069,Exchange Rate API
2026-04-25,US Dollar,$,91.7007,Exchange Rate API
2026-04-24,US Dollar,$,91.4062,Exchange Rate API
2026-04-23,US Dollar,$,91.5058,Exchange Rate API
2026-04-22,US Dollar,$,91.7819,Exchange Rate API
2026-04-21,US Dollar,$,91.3786,Exchange Rate API
2026-04-20,US Dollar,$,90.9747,Exchange Rate API
2026-04-19,US Dollar,$,91.411,Exchange Rate API
2026-04-18,US Dollar,$,91.4769,Exchange Rate API
2026-04-17,US Dollar,$,91.9392,Exchange Rate API
2026-04-16,US Dollar,$,91.8513,Exchange Rate API
2026-04-15,US Dollar,$,92.3348,Exchange Rate API
2026-04-14,US Dollar,$,92.5737,Exchange Rate API
2026-04-13,US Dollar,$,92.2333,Exchange Rate API
2026-04-12,US Dollar,$,91.9431,Exchange Rate API
2026-04-11,US Dollar,$,92.4236,Exchange Rate API
2026-04-10,US Dollar,$,91.9849,Exchange Rate API
2026-04-09,US Dollar,$,92.4984,Exchange Rate API
2026-04-08,US Dollar,$,92.6567,Exchange Rate API
2026-04-07,US Dollar,$,93.1453,Exchange Rate API
2026-04-06,US Dollar,$,92.8007,Exchange Rate API
2026-04-05,US Dollar,$,92.2942,Exchange Rate API
2026-04-04,US Dollar,$,92.7744,Exchange Rate API
2026-04-03,US Dollar,$,92.815,Exchange Rate API
2026-04-02,US Dollar,$,92.5748,Exchange Rate API
2026-04-01,US Dollar,$,92.6918,Exchange Rate API
2026-03-31,US Dollar,$,92.2945,Exchange Rate API
2026-03-30,US Dollar,$,92.5148,Exchange Rate API
2026-03-29,US Dollar,$,92.6588,Exchange Rate API
2026-03-28,US Dollar,$,92.8326,Exchange Rate API
2026-03-27,US Dollar,$,92.6953,Exchange Rate API
2026-03-26,US Dollar,$,92.5875,Exchange Rate API
2026-03-25,US Dollar,$,92.3027,Exchange Rate API
2026-03-24,US Dollar,$,91.8174,Exchange Rate API
2026-03-23,US Dollar,$,91.8303,Exchange Rate API
2026-03-22,US Dollar,$,91.6418,Exchange Rate API
2026-03-21,US Dollar,$,91.5084,Exchange Rate API
2026-03-20,US Dollar,$,91.0928,Exchange Rate API
2026-03-19,US Dollar,$,91.3807,Exchange Rate API
2026-03-18,US Dollar,$,91.4637,Exchange Rate API
2026-03-17,US Dollar,$,91.025,Exchange Rate API
2026-03-16,US Dollar,$,90.9734,Exchange Rate API
2026-03-15,US Dollar,$,90.8972,Exchange Rate API
2026-03-14,US Dollar,$,91.2635,Exchange Rate API
2026-03-13,US Dollar,$,91.1108,Exchange Rate API
2026-03-12,US Dollar,$,90.9009,Exchange Rate API
2026-03-11,US Dollar,$,90.9355,Exchange Rate API
2026-03-10,US Dollar,$,91.311,Exchange Rate API
2026-03-09,US Dollar,$,90.7863,Exchange Rate API
2026-03-08,US Dollar,$,91.2806,Exchange Rate API
2026-03-07,US Dollar,$,90.8236,Exchange Rate API
2026-03-06,US Dollar,$,90.3098,Exchange Rate API
2026-03-05,US Dollar,$,90.0508,Exchange Rate API
2026-03-04,US Dollar,$,90.2629,Exchange Rate API
2026-03-03,US Dollar,$,90.6884,Exchange Rate API
2026-03-02,US Dollar,$,90.5883,Exchange Rate API
2026-03-01,US Dollar,$,90.1922,Exchange Rate API
2026-02-28,US Dollar,$,90.0783,Exchange Rate API
2026-02-27,US Dollar,$,89.8826,Exchange Rate API
2026-02-26,US Dollar,$,89.9177,Exchange Rate API
2026-02-25,US Dollar,$,89.4968,Exchange Rate API
2026-02-24,US Dollar,$,89.7356,Exchange Rate API
2026-02-23,US Dollar,$,90.117,Exchange Rate API
2026-02-22,US Dollar,$,89.8521,Exchange Rate API
2026-02-21,US Dollar,$,89.7987,Exchange Rate API
2026-02-20,US Dollar,$,90.3282,Exchange Rate API
2026-02-19,US Dollar,$,90.0266,Exchange Rate API
2026-02-18,US Dollar,$,89.4943,Exchange Rate API
2026-02-17,US Dollar,$,89.6839,Exchange Rate API
2026-02-16,US Dollar,$,89.6464,Exchange Rate API
2026-02-15,US Dollar,$,89.5665,Exchange Rate API
2026-02-14,US Dollar,$,89.2908,Exchange Rate API
2026-02-13,US Dollar,$,89.4176,Exchange Rate API
2026-02-12,US Dollar,$,89.8523,Exchange Rate API
2026-02-11,US Dollar,$,90.1616,Exchange Rate API
2026-02-10,US Dollar,$,90.0029,Exchange Rate API
2026-02-09,US Dollar,$,89.6653,Exchange Rate API
2026-02-08,US Dollar,$,89.6411,Exchange Rate API
2026-02-07,US Dollar,$,90.1104,Exchange Rate API
2026-02-06,US Dollar,$,90.1766,Exchange Rate API
2026-02-05,US Dollar,$,90.263,Exchange Rate API
2026-02-04,US Dollar,$,90.3801,Exchange Rate API
2026-02-03,US Dollar,$,90.8275,Exchange Rate API
2026-02-02,US Dollar,$,91.3592,Exchange Rate API
2026-02-01,US Dollar,$,91.0502,Exchange Rate API
2026-01-31,US Dollar,$,91.3141,Exchange Rate API
2026-01-30,US Dollar,$,91.5382,Exchange Rate API
2026-01-29,US Dollar,$,91.5067,Exchange Rate API
2026-01-28,US Dollar,$,91.7236,Exchange Rate API
2026-01-27,US Dollar,$,91.2975,Exchange Rate API
2026-01-26,US Dollar,$,91.2658,Exchange Rate API
2026-01-25,US Dollar,$,90.8546,Exchange Rate API
2026-01-24,US Dollar,$,90.3377,Exchange Rate API
2026-01-23,US Dollar,$,90.4689,Exchange Rate API
2026-01-22,US Dollar,$,90.9824,Exchange Rate API
2026-01-21,US Dollar,$,90.9639,Exchange Rate API
2026-01-20,US Dollar,$,91.1263,Exchange Rate API
2026-01-19,US Dollar,$,91.2066,Exchange Rate API
2026-01-18,US Dollar,$,90.9044,Exchange Rate API
2026-01-17,US Dollar,$,90.6837,Exchange Rate API
2026-01-16,US Dollar,$,90.8096,Exchange Rate API
2026-01-15,US Dollar,$,90.8823,Exchange Rate API
2026-01-14,US Dollar,$,90.3916,Exchange Rate API
2026-01-13,US Dollar,$,90.3801,Exchange Rate API
2026-01-12,US Dollar,$,90.4217,Exchange Rate API
2026-01-11,US Dollar,$,90.61,Exchange Rate API
2026-01-10,US Dollar,$,90.1967,Exchange Rate API
2026-01-09,US Dollar,$,90.6277,Exchange Rate API
2026-01-08,US Dollar,$,90.6629,Exchange Rate API
2026-01-07,US Dollar,$,90.9437,Exchange Rate API
2026-01-06,US Dollar,$,91.2045,Exchange Rate API
2026-01-05,US Dollar,$,90.9568,Exchange Rate API
2026-01-04,US Dollar,$,90.615,Exchange Rate API
2026-01-03,US Dollar,$,90.3798,Exchange Rate API
2026-01-02,US Dollar,$,90.6536,Exchange Rate API
2026-01-01,US Dollar,$,90.3687,Exchange Rate API
2025-12-31,US Dollar,$,90.8521,Exchange Rate API
2025-12-30,US Dollar,$,91.0324,Exchange Rate API
2025-12-29,US Dollar,$,91.1708,Exchange Rate API
2025-12-28,US Dollar,$,91.0534,Exchange Rate API
2025-12-27,US Dollar,$,91.0295,Exchange Rate API
2025-12-26,US Dollar,$,91.3247,Exchange Rate API
2025-12-25,US Dollar,$,91.3087,Exchange Rate API
2025-12-24,US Dollar,$,91.7043,Exchange Rate API
2025-12-23,US Dollar,$,92.2334,Exchange Rate API
2025-12-22,US Dollar,$,92.2977,Exchange Rate API
2025-12-21,US Dollar,$,92.6841,Exchange Rate API
2025-12-20,US Dollar,$,92.3149,Exchange Rate API
2025-12-19,US Dollar,$,91.922,Exchange Rate API
2025-12-18,US Dollar,$,91.7716,Exchange Rate API
2025-12-17,US Dollar,$,92.2245,Exchange Rate API
2025-12-16,US Dollar,$,91.7546,Exchange Rate API
2025-12-15,US Dollar,$,91.5131,Exchange Rate API
2025-12-14,US Dollar,$,91.9292,Exchange Rate API
2025-12-13,US Dollar,$,91.586,Exchange Rate API
2025-12-12,US Dollar,$,91.1609,Exchange Rate API
2025-12-11,US Dollar,$,90.8959,Exchange Rate API
2025-12-10,US Dollar,$,90.7118,Exchange Rate API
2025-12-09,US Dollar,$,90.7326,Exchange Rate API
2025-12-08,US Dollar,$,90.7831,Exchange Rate API
2025-12-07,US Dollar,$,90.6314,Exchange Rate API
2025-12-06,US Dollar,$,91.1298,Exchange Rate API
2025-12-05,US Dollar,$,91.3582,Exchange Rate API
2025-12-04,US Dollar,$,91.6891,Exchange Rate API
2025-12-03,US Dollar,$,91.967,Exchange Rate API
2025-12-02,US Dollar,$,92.0117,Exchange Rate API
2025-12-01,US Dollar,$,92.2951,Exchange Rate API
2025-11-30,US Dollar,$,92.595,Exchange Rate API
2025-11-29,US Dollar,$,93.068,Exchange Rate API
2025-11-28,US Dollar,$,93.3997,Exchange Rate API
2025-11-27,US Dollar,$,93.6517,Exchange Rate API
2025-11-26,US Dollar,$,94.1932,Exchange Rate API
2025-11-25,US Dollar,$,94.2501,Exchange Rate API
2025-11-24,US Dollar,$,93.8661,Exchange Rate API
2025-11-23,US Dollar,$,93.585,Exchange Rate API
2025-11-22,US Dollar,$,94.1075,Exchange Rate API
2025-11-21,US Dollar,$,93.7365,Exchange Rate API
2025-11-20,US Dollar,$,94.0575,Exchange Rate API
2025-11-19,US Dollar,$,93.8738,Exchange Rate API
2025-11-18,US Dollar,$,93.7799,Exchange Rate API
2025-11-17,US Dollar,$,93.239,Exchange Rate API
2025-11-16,US Dollar,$,93.2792,Exchange Rate API
2025-11-15,US Dollar,$,93.6617,Exchange Rate API
2025-11-14,US Dollar,$,93.9582,Exchange Rate API
2025-11-13,US Dollar,$,93.4147,Exchange Rate API
2025-11-12,US Dollar,$,93.5679,Exchange Rate API
2025-11-11,US Dollar,$,93.9107,Exchange Rate API
2025-11-10,US Dollar,$,93.6827,Exchange Rate API
2025-11-09,US Dollar,$,93.2639,Exchange Rate API
2025-11-08,US Dollar,$,92.8812,Exchange Rate API
2025-11-07,US Dollar,$,92.9723,Exchange Rate API
2025-11-06,US Dollar,$,92.6631,Exchange Rate API
2025-11-05,US Dollar,$,92.5309,Exchange Rate API
2025-11-04,US Dollar,$,93.049,Exchange Rate API
2025-11-03,US Dollar,$,93.161,Exchange Rate API
2025-11-02,US Dollar,$,93.1896,Exchange Rate API
2025-11-01,US Dollar,$,92.9116,Exchange Rate API
2025-10-31,US Dollar,$,93.0561,Exchange Rate API
2025-10-30,US Dollar,$,93.3568,Exchange Rate API
2025-10-29,US Dollar,$,93.2803,Exchange Rate API
2025-10-28,US Dollar,$,93.6688,Exchange Rate API
2025-10-27,US Dollar,$,93.1527,Exchange Rate API
2025-10-26,US Dollar,$,92.7931,Exchange Rate API
2025-10-25,US Dollar,$,92.9489,Exchange Rate API
2025-10-24,US Dollar,$,92.5494,Exchange Rate API
2025-10-23,US Dollar,$,92.9893,Exchange Rate API
2025-10-22,US Dollar,$,92.7783,Exchange Rate API
2025-10-21,US Dollar,$,93.2008,Exchange Rate API
2025-10-20,US Dollar,$,92.6624,Exchange Rate API
2025-10-19,US Dollar,$,92.3311,Exchange Rate API
2025-10-18,US Dollar,$,92.5953,Exchange Rate API
2025-10-17,US Dollar,$,92.5183,Exchange Rate API
2025-10-16,US Dollar,$,92.678,Exchange Rate API
2025-10-15,US Dollar,$,92.3255,Exchange Rate API
2025-10-14,US Dollar,$,92.4608,Exchange Rate API
2025-10-13,US Dollar,$,92.9113,Exchange Rate API
2025-10-12,US Dollar,$,92.5161,Exchange Rate API
2025-10-11,US Dollar,$,92.9253,Exchange Rate API
2025-10-10,US Dollar,$,93.4766,Exchange Rate API
2025-10-09,US Dollar,$,93.7482,Exchange Rate API
2025-10-08,US Dollar,$,94.0837,Exchange Rate API
2025-10-07,US Dollar,$,94.0944,Exchange Rate API
2025-10-06,US Dollar,$,94.506,Exchange Rate API
2025-10-05,US Dollar,$,94.7231,Exchange Rate API
2025-10-04,US Dollar,$,94.4646,Exchange Rate API
2025-10-03,US Dollar,$,94.7249,Exchange Rate API
2025-10-02,US Dollar,$,94.7233,Exchange Rate API
2025-10-01,US Dollar,$,95.077,Exchange Rate API
2025-09-30,US Dollar,$,95.2257,Exchange Rate API
2025-09-29,US Dollar,$,95.6389,Exchange Rate API
2025-09-28,US Dollar,$,95.1173,Exchange Rate API
2025-09-27,US Dollar,$,95.3636,Exchange Rate API
2025-09-26,US Dollar,$,94.9433,Exchange Rate API
2025-09-25,US Dollar,$,94.3748,Exchange Rate API
2025-09-24,US Dollar,$,94.4359,Exchange Rate API
2025-09-23,US Dollar,$,94.3389,Exchange Rate API
2025-09-22,US Dollar,$,93.9505,Exchange Rate API
2025-09-21,US Dollar,$,94.061,Exchange Rate API
2025-09-20,US Dollar,$,94.5168,Exchange Rate API
2025-09-19,US Dollar,$,94.6385,Exchange Rate API
2025-09-18,US Dollar,$,94.2113,Exchange Rate API
2025-09-17,US Dollar,$,94.3538,Exchange Rate API
2025-09-16,US Dollar,$,94.8876,Exchange Rate API
2025-09-15,US Dollar,$,94.4473,Exchange Rate API
2025-09-14,US Dollar,$,93.8915,Exchange Rate API
2025-09-13,US Dollar,$,93.6309,Exchange Rate API
2025-09-12,US Dollar,$,93.3548,Exchange Rate API
2025-09-11,US Dollar,$,92.8469,Exchange Rate API
2025-09-10,US Dollar,$,92.687,Exchange Rate API
2025-09-09,US Dollar,$,92.4082,Exchange Rate API
2025-09-08,US Dollar,$,91.9838,Exchange Rate API
2025-09-07,US Dollar,$,92.1936,Exchange Rate API
2025-09-06,US Dollar,$,92.0495,Exchange Rate API
2025-09-05,US Dollar,$,92.153,Exchange Rate API
2025-09-04,US Dollar,$,91.6324,Exchange Rate API
2025-09-03,US Dollar,$,91.8879,Exchange Rate API
2025-09-02,US Dollar,$,92.072,Exchange Rate API
2025-09-01,US Dollar,$,92.3626,Exchange Rate API
2025-08-31,US Dollar,$,92.7768,Exchange Rate API
2025-08-30,US Dollar,$,93.2759,Exchange Rate API
2025-08-29,US Dollar,$,93.0339,Exchange Rate API
2025-08-28,US Dollar,$,93.5597,Exchange Rate API
2025-08-27,US Dollar,$,94.1208,Exchange Rate API
2025-08-26,US Dollar,$,94.0094,Exchange Rate API
2025-08-25,US Dollar,$,94.537,Exchange Rate API
2025-08-24,US Dollar,$,94.5384,Exchange Rate API
2025-08-23,US Dollar,$,94.4788,Exchange Rate API
2025-08-22,US Dollar,$,94.0766,Exchange Rate API
2025-08-21,US Dollar,$,93.8056,Exchange Rate API
2025-08-20,US Dollar,$,94.1345,Exchange Rate API
2025-08-19,US Dollar,$,94.6951,Exchange Rate API
2025-08-18,US Dollar,$,94.1623,Exchange Rate API
2025-08-17,US Dollar,$,93.9387,Exchange Rate API
2025-08-16,US Dollar,$,94.2115,Exchange Rate API
2025-08-15,US Dollar,$,93.9234,Exchange Rate API
2025-08-14,US Dollar,$,93.9126,Exchange Rate API
2025-08-13,US Dollar,$,94.2223,Exchange Rate API
2025-08-12,US Dollar,$,94.1953,Exchange Rate API
2025-08-11,US Dollar,$,94.5934,Exchange Rate API
2025-08-10,US Dollar,$,94.2538,Exchange Rate API
2025-08-09,US Dollar,$,94.2593,Exchange Rate API
2025-08-08,US Dollar,$,94.7883,Exchange Rate API
2025-08-07,US Dollar,$,94.487,Exchange Rate API
2025-08-06,US Dollar,$,94.8072,Exchange Rate API
2025-08-05,US Dollar,$,95.0308,Exchange Rate API
2025-08-04,US Dollar,$,95.1844,Exchange Rate API
2026-08-03,Euro,€,109.9384,Exchange Rate API
2026-08-02,Euro,€,109.657,Exchange Rate API
2026-08-01,Euro,€,110.0721,Exchange Rate API
2026-07-31,Euro,€,110.6437,Exchange Rate API
2026-07-30,Euro,€,111.024,Exchange Rate API
2026-07-29,Euro,€,111.315,Exchange Rate API
2026-07-28,Euro,€,110.8188,Exchange Rate API
2026-07-27,Euro,€,110.7534,Exchange Rate API
2026-07-26,Euro,€,110.7224,Exchange Rate API
2026-07-25,Euro,€,110.5009,Exchange Rate API
2026-07-24,Euro,€,110.8179,Exchange Rate API
2026-07-23,Euro,€,110.5009,Exchange Rate API
2026-07-22,Euro,€,110.391,Exchange Rate API
2026-07-21,Euro,€,110.4151,Exchange Rate API
2026-07-20,Euro,€,109.8815,Exchange Rate API
2026-07-19,Euro,€,109.5468,Exchange Rate API
2026-07-18,Euro,€,108.9266,Exchange Rate API
2026-07-17,Euro,€,109.1102,Exchange Rate API
2026-07-16,Euro,€,109.6611,Exchange Rate API
2026-07-15,Euro,€,109.9629,Exchange Rate API
2026-07-14,Euro,€,110.607,Exchange Rate API
2026-07-13,Euro,€,110.9389,Exchange Rate API
2026-07-12,Euro,€,110.9044,Exchange Rate API
2026-07-11,Euro,€,111.2329,Exchange Rate API
2026-07-10,Euro,€,111.5103,Exchange Rate API
2026-07-09,Euro,€,111.6663,Exchange Rate API
2026-07-08,Euro,€,112.2271,Exchange Rate API
2026-07-07,Euro,€,112.8279,Exchange Rate API
2026-07-06,Euro,€,113.3907,Exchange Rate API
2026-07-05,Euro,€,113.8423,Exchange Rate API
2026-07-04,Euro,€,114.3687,Exchange Rate API
2026-07-03,Euro,€,114.0707,Exchange Rate API
2026-07-02,Euro,€,114.5682,Exchange Rate API
2026-07-01,Euro,€,114.5731,Exchange Rate API
2026-06-30,Euro,€,114.348,Exchange Rate API
2026-06-29,Euro,€,114.4651,Exchange Rate API
2026-06-28,Euro,€,113.8255,Exchange Rate API
2026-06-27,Euro,€,113.3473,Exchange Rate API
2026-06-26,Euro,€,113.8755,Exchange Rate API
2026-06-25,Euro,€,113.9043,Exchange Rate API
2026-06-24,Euro,€,113.2447,Exchange Rate API
2026-06-23,Euro,€,113.762,Exchange Rate API
2026-06-22,Euro,€,114.2381,Exchange Rate API
2026-06-21,Euro,€,113.7973,Exchange Rate API
2026-06-20,Euro,€,113.6816,Exchange Rate API
2026-06-19,Euro,€,114.1691,Exchange Rate API
2026-06-18,Euro,€,113.5862,Exchange Rate API
2026-06-17,Euro,€,113.3385,Exchange Rate API
2026-06-16,Euro,€,113.6434,Exchange Rate API
2026-06-15,Euro,€,113.8491,Exchange Rate API
2026-06-14,Euro,€,114.4086,Exchange Rate API
2026-06-13,Euro,€,115.0193,Exchange Rate API
2026-06-12,Euro,€,114.7293,Exchange Rate API
2026-06-11,Euro,€,114.7033,Exchange Rate API
2026-06-10,Euro,€,114.3087,Exchange Rate API
2026-06-09,Euro,€,114.4625,Exchange Rate API
2026-06-08,Euro,€,114.3842,Exchange Rate API
2026-06-07,Euro,€,114.0836,Exchange Rate API
2026-06-06,Euro,€,113.7715,Exchange Rate API
2026-06-05,Euro,€,113.1138,Exchange Rate API
2026-06-04,Euro,€,112.5392,Exchange Rate API
2026-06-03,Euro,€,112.6171,Exchange Rate API
2026-06-02,Euro,€,113.1963,Exchange Rate API
2026-06-01,Euro,€,113.1599,Exchange Rate API
2026-05-31,Euro,€,112.8623,Exchange Rate API
2026-05-30,Euro,€,112.3289,Exchange Rate API
2026-05-29,Euro,€,111.7674,Exchange Rate API
2026-05-28,Euro,€,111.9906,Exchange Rate API
2026-05-27,Euro,€,112.6213,Exchange Rate API
2026-05-26,Euro,€,112.4304,Exchange Rate API
2026-05-25,Euro,€,113.0369,Exchange Rate API
2026-05-24,Euro,€,112.7278,Exchange Rate API
2026-05-23,Euro,€,113.0649,Exchange Rate API
2026-05-22,Euro,€,113.32,Exchange Rate API
2026-05-21,Euro,€,113.7654,Exchange Rate API
2026-05-20,Euro,€,113.6034,Exchange Rate API
2026-05-19,Euro,€,113.0281,Exchange Rate API
2026-05-18,Euro,€,112.8403,Exchange Rate API
2026-05-17,Euro,€,112.6981,Exchange Rate API
2026-05-16,Euro,€,112.5533,Exchange Rate API
2026-05-15,Euro,€,113.1332,Exchange Rate API
2026-05-14,Euro,€,113.2364,Exchange Rate API
2026-05-13,Euro,€,112.9343,Exchange Rate API
2026-05-12,Euro,€,113.2456,Exchange Rate API
2026-05-11,Euro,€,112.9923,Exchange Rate API
2026-05-10,Euro,€,112.6916,Exchange Rate API
2026-05-09,Euro,€,113.0767,Exchange Rate API
2026-05-08,Euro,€,113.2819,Exchange Rate API
2026-05-07,Euro,€,113.6303,Exchange Rate API
2026-05-06,Euro,€,113.3583,Exchange Rate API
2026-05-05,Euro,€,113.3995,Exchange Rate API
2026-05-04,Euro,€,113.2659,Exchange Rate API
2026-05-03,Euro,€,113.8427,Exchange Rate API
2026-05-02,Euro,€,113.4778,Exchange Rate API
2026-05-01,Euro,€,114.1359,Exchange Rate API
2026-04-30,Euro,€,113.636,Exchange Rate API
2026-04-29,Euro,€,113.5102,Exchange Rate API
2026-04-28,Euro,€,113.86,Exchange Rate API
2026-04-27,Euro,€,114.0338,Exchange Rate API
2026-04-26,Euro,€,113.9722,Exchange Rate API
2026-04-25,Euro,€,114.4262,Exchange Rate API
2026-04-24,Euro,€,114.2944,Exchange Rate API
2026-04-23,Euro,€,114.3069,Exchange Rate API
2026-04-22,Euro,€,114.8208,Exchange Rate API
2026-04-21,Euro,€,114.7786,Exchange Rate API
2026-04-20,Euro,€,114.5773,Exchange Rate API
2026-04-19,Euro,€,115.1012,Exchange Rate API
2026-04-18,Euro,€,114.8543,Exchange Rate API
2026-04-17,Euro,€,115.5038,Exchange Rate API
2026-04-16,Euro,€,115.4292,Exchange Rate API
2026-04-15,Euro,€,115.7383,Exchange Rate API
2026-04-14,Euro,€,115.3751,Exchange Rate API
2026-04-13,Euro,€,114.9505,Exchange Rate API
2026-04-12,Euro,€,114.8853,Exchange Rate API
2026-04-11,Euro,€,115.4356,Exchange Rate API
2026-04-10,Euro,€,115.4262,Exchange Rate API
2026-04-09,Euro,€,114.8899,Exchange Rate API
2026-04-08,Euro,€,114.3049,Exchange Rate API
2026-04-07,Euro,€,114.426,Exchange Rate API
2026-04-06,Euro,€,114.5598,Exchange Rate API
2026-04-05,Euro,€,114.2441,Exchange Rate API
2026-04-04,Euro,€,114.5144,Exchange Rate API
2026-04-03,Euro,€,114.4678,Exchange Rate API
2026-04-02,Euro,€,114.4931,Exchange Rate API
2026-04-01,Euro,€,114.3364,Exchange Rate API
2026-03-31,Euro,€,114.6099,Exchange Rate API
2026-03-30,Euro,€,115.0798,Exchange Rate API
2026-03-29,Euro,€,115.1381,Exchange Rate API
2026-03-28,Euro,€,114.856,Exchange Rate API
2026-03-27,Euro,€,114.9366,Exchange Rate API
2026-03-26,Euro,€,114.5084,Exchange Rate API
2026-03-25,Euro,€,113.9921,Exchange Rate API
2026-03-24,Euro,€,114.1869,Exchange Rate API
2026-03-23,Euro,€,114.5305,Exchange Rate API
2026-03-22,Euro,€,114.2482,Exchange Rate API
2026-03-21,Euro,€,113.7079,Exchange Rate API
2026-03-20,Euro,€,114.1882,Exchange Rate API
2026-03-19,Euro,€,114.4959,Exchange Rate API
2026-03-18,Euro,€,114.2693,Exchange Rate API
2026-03-17,Euro,€,114.0317,Exchange Rate API
2026-03-16,Euro,€,114.025,Exchange Rate API
2026-03-15,Euro,€,114.4505,Exchange Rate API
2026-03-14,Euro,€,114.9437,Exchange Rate API
2026-03-13,Euro,€,114.5187,Exchange Rate API
2026-03-12,Euro,€,114.9011,Exchange Rate API
2026-03-11,Euro,€,114.8806,Exchange Rate API
2026-03-10,Euro,€,114.6072,Exchange Rate API
2026-03-09,Euro,€,114.3152,Exchange Rate API
2026-03-08,Euro,€,114.5995,Exchange Rate API
2026-03-07,Euro,€,114.5698,Exchange Rate API
2026-03-06,Euro,€,115.1403,Exchange Rate API
2026-03-05,Euro,€,114.4519,Exchange Rate API
2026-03-04,Euro,€,114.9891,Exchange Rate API
2026-03-03,Euro,€,114.5476,Exchange Rate API
2026-03-02,Euro,€,114.0553,Exchange Rate API
2026-03-01,Euro,€,114.6166,Exchange Rate API
2026-02-28,Euro,€,114.934,Exchange Rate API
2026-02-27,Euro,€,114.4411,Exchange Rate API
2026-02-26,Euro,€,114.4719,Exchange Rate API
2026-02-25,Euro,€,115.156,Exchange Rate API
2026-02-24,Euro,€,115.8441,Exchange Rate API
2026-02-23,Euro,€,116.4897,Exchange Rate API
2026-02-22,Euro,€,116.3568,Exchange Rate API
2026-02-21,Euro,€,116.0517,Exchange Rate API
2026-02-20,Euro,€,115.5355,Exchange Rate API
2026-02-19,Euro,€,115.8463,Exchange Rate API
2026-02-18,Euro,€,116.5345,Exchange Rate API
2026-02-17,Euro,€,116.2266,Exchange Rate API
2026-02-16,Euro,€,116.8972,Exchange Rate API
2026-02-15,Euro,€,116.6794,Exchange Rate API
2026-02-14,Euro,€,116.0489,Exchange Rate API
2026-02-13,Euro,€,116.3251,Exchange Rate API
2026-02-12,Euro,€,116.1256,Exchange Rate API
2026-02-11,Euro,€,115.9042,Exchange Rate API
2026-02-10,Euro,€,115.5436,Exchange Rate API
2026-02-09,Euro,€,115.2425,Exchange Rate API
2026-02-08,Euro,€,115.1892,Exchange Rate API
2026-02-07,Euro,€,115.3469,Exchange Rate API
2026-02-06,Euro,€,115.347,Exchange Rate API
2026-02-05,Euro,€,115.1115,Exchange Rate API
2026-02-04,Euro,€,114.7136,Exchange Rate API
2026-02-03,Euro,€,114.1281,Exchange Rate API
2026-02-02,Euro,€,113.8364,Exchange Rate API
2026-02-01,Euro,€,113.9175,Exchange Rate API
2026-01-31,Euro,€,113.2347,Exchange Rate API
2026-01-30,Euro,€,113.2185,Exchange Rate API
2026-01-29,Euro,€,113.1603,Exchange Rate API
2026-01-28,Euro,€,113.1532,Exchange Rate API
2026-01-27,Euro,€,113.29,Exchange Rate API
2026-01-26,Euro,€,113.5876,Exchange Rate API
2026-01-25,Euro,€,113.668,Exchange Rate API
2026-01-24,Euro,€,114.2229,Exchange Rate API
2026-01-23,Euro,€,114.4468,Exchange Rate API
2026-01-22,Euro,€,114.613,Exchange Rate API
2026-01-21,Euro,€,114.7614,Exchange Rate API
2026-01-20,Euro,€,114.8939,Exchange Rate API
2026-01-19,Euro,€,114.6763,Exchange Rate API
2026-01-18,Euro,€,115.2458,Exchange Rate API
2026-01-17,Euro,€,115.8235,Exchange Rate API
2026-01-16,Euro,€,115.9856,Exchange Rate API
2026-01-15,Euro,€,115.7484,Exchange Rate API
2026-01-14,Euro,€,115.4437,Exchange Rate API
2026-01-13,Euro,€,115.9303,Exchange Rate API
2026-01-12,Euro,€,115.4422,Exchange Rate API
2026-01-11,Euro,€,115.7667,Exchange Rate API
2026-01-10,Euro,€,115.3149,Exchange Rate API
2026-01-09,Euro,€,114.6748,Exchange Rate API
2026-01-08,Euro,€,114.8745,Exchange Rate API
2026-01-07,Euro,€,114.4997,Exchange Rate API
2026-01-06,Euro,€,114.058,Exchange Rate API
2026-01-05,Euro,€,114.605,Exchange Rate API
2026-01-04,Euro,€,113.9713,Exchange Rate API
2026-01-03,Euro,€,114.3258,Exchange Rate API
2026-01-02,Euro,€,114.0795,Exchange Rate API
2026-01-01,Euro,€,113.9766,Exchange Rate API
2025-12-31,Euro,€,114.556,Exchange Rate API
2025-12-30,Euro,€,115.1548,Exchange Rate API
2025-12-29,Euro,€,115.5437,Exchange Rate API
2025-12-28,Euro,€,115.1091,Exchange Rate API
2025-12-27,Euro,€,115.0393,Exchange Rate API
2025-12-26,Euro,€,114.6812,Exchange Rate API
2025-12-25,Euro,€,115.3647,Exchange Rate API
2025-12-24,Euro,€,115.7851,Exchange Rate API
2025-12-23,Euro,€,115.8331,Exchange Rate API
2025-12-22,Euro,€,115.3411,Exchange Rate API
2025-12-21,Euro,€,115.9748,Exchange Rate API
2025-12-20,Euro,€,115.7682,Exchange Rate API
2025-12-19,Euro,€,116.3225,Exchange Rate API
2025-12-18,Euro,€,116.8955,Exchange Rate API
2025-12-17,Euro,€,116.3075,Exchange Rate API
2025-12-16,Euro,€,115.8737,Exchange Rate API
2025-12-15,Euro,€,115.9095,Exchange Rate API
2025-12-14,Euro,€,115.4348,Exchange Rate API
2025-12-13,Euro,€,115.3581,Exchange Rate API
2025-12-12,Euro,€,115.1613,Exchange Rate API
2025-12-11,Euro,€,114.5459,Exchange Rate API
2025-12-10,Euro,€,114.8387,Exchange Rate API
2025-12-09,Euro,€,114.3626,Exchange Rate API
2025-12-08,Euro,€,113.7978,Exchange Rate API
2025-12-07,Euro,€,114.109,Exchange Rate API
2025-12-06,Euro,€,114.4325,Exchange Rate API
2025-12-05,Euro,€,114.1509,Exchange Rate API
2025-12-04,Euro,€,114.6851,Exchange Rate API
2025-12-03,Euro,€,114.6045,Exchange Rate API
2025-12-02,Euro,€,114.4214,Exchange Rate API
2025-12-01,Euro,€,113.998,Exchange Rate API
2025-11-30,Euro,€,113.3665,Exchange Rate API
2025-11-29,Euro,€,113.0551,Exchange Rate API
2025-11-28,Euro,€,113.2937,Exchange Rate API
2025-11-27,Euro,€,113.9731,Exchange Rate API
2025-11-26,Euro,€,114.1827,Exchange Rate API
2025-11-25,Euro,€,113.6962,Exchange Rate API
2025-11-24,Euro,€,113.2764,Exchange Rate API
2025-11-23,Euro,€,112.9335,Exchange Rate API
2025-11-22,Euro,€,113.2684,Exchange Rate API
2025-11-21,Euro,€,113.9117,Exchange Rate API
2025-11-20,Euro,€,113.4185,Exchange Rate API
2025-11-19,Euro,€,112.8365,Exchange Rate API
2025-11-18,Euro,€,112.3244,Exchange Rate API
2025-11-17,Euro,€,112.9607,Exchange Rate API
2025-11-16,Euro,€,112.8809,Exchange Rate API
2025-11-15,Euro,€,112.4192,Exchange Rate API
2025-11-14,Euro,€,112.4028,Exchange Rate API
2025-11-13,Euro,€,111.985,Exchange Rate API
2025-11-12,Euro,€,111.3533,Exchange Rate API
2025-11-11,Euro,€,110.7919,Exchange Rate API
2025-11-10,Euro,€,110.8537,Exchange Rate API
2025-11-09,Euro,€,110.4901,Exchange Rate API
2025-11-08,Euro,€,111.092,Exchange Rate API
2025-11-07,Euro,€,110.9194,Exchange Rate API
2025-11-06,Euro,€,111.4823,Exchange Rate API
2025-11-05,Euro,€,111.2796,Exchange Rate API
2025-11-04,Euro,€,110.7715,Exchange Rate API
2025-11-03,Euro,€,110.3266,Exchange Rate API
2025-11-02,Euro,€,110.8791,Exchange Rate API
2025-11-01,Euro,€,110.364,Exchange Rate API
2025-10-31,Euro,€,110.3638,Exchange Rate API
2025-10-30,Euro,€,110.8532,Exchange Rate API
2025-10-29,Euro,€,110.7549,Exchange Rate API
2025-10-28,Euro,€,110.4156,Exchange Rate API
2025-10-27,Euro,€,110.5852,Exchange Rate API
2025-10-26,Euro,€,110.9049,Exchange Rate API
2025-10-25,Euro,€,110.6658,Exchange Rate API
2025-10-24,Euro,€,110.364,Exchange Rate API
2025-10-23,Euro,€,110.3435,Exchange Rate API
2025-10-22,Euro,€,110.2651,Exchange Rate API
2025-10-21,Euro,€,110.7624,Exchange Rate API
2025-10-20,Euro,€,110.6887,Exchange Rate API
2025-10-19,Euro,€,110.0853,Exchange Rate API
2025-10-18,Euro,€,110.5031,Exchange Rate API
2025-10-17,Euro,€,110.4248,Exchange Rate API
2025-10-16,Euro,€,110.4974,Exchange Rate API
2025-10-15,Euro,€,109.974,Exchange Rate API
2025-10-14,Euro,€,109.9576,Exchange Rate API
2025-10-13,Euro,€,109.6453,Exchange Rate API
2025-10-12,Euro,€,109.6545,Exchange Rate API
2025-10-11,Euro,€,109.9722,Exchange Rate API
2025-10-10,Euro,€,110.1416,Exchange Rate API
2025-10-09,Euro,€,110.7727,Exchange Rate API
2025-10-08,Euro,€,110.5762,Exchange Rate API
2025-10-07,Euro,€,110.1125,Exchange Rate API
2025-10-06,Euro,€,109.9406,Exchange Rate API
2025-10-05,Euro,€,110.3003,Exchange Rate API
2025-10-04,Euro,€,109.7604,Exchange Rate API
2025-10-03,Euro,€,109.5914,Exchange Rate API
2025-10-02,Euro,€,109.2821,Exchange Rate API
2025-10-01,Euro,€,108.7199,Exchange Rate API
2025-09-30,Euro,€,109.0924,Exchange Rate API
2025-09-29,Euro,€,108.9832,Exchange Rate API
2025-09-28,Euro,€,109.0572,Exchange Rate API
2025-09-27,Euro,€,108.7468,Exchange Rate API
2025-09-26,Euro,€,109.1162,Exchange Rate API
2025-09-25,Euro,€,109.1647,Exchange Rate API
2025-09-24,Euro,€,109.091,Exchange Rate API
2025-09-23,Euro,€,108.9405,Exchange Rate API
2025-09-22,Euro,€,109.5573,Exchange Rate API
2025-09-21,Euro,€,109.6792,Exchange Rate API
2025-09-20,Euro,€,109.2234,Exchange Rate API
2025-09-19,Euro,€,108.9574,Exchange Rate API
2025-09-18,Euro,€,108.8579,Exchange Rate API
2025-09-17,Euro,€,108.2891,Exchange Rate API
2025-09-16,Euro,€,108.8469,Exchange Rate API
2025-09-15,Euro,€,108.379,Exchange Rate API
2025-09-14,Euro,€,108.817,Exchange Rate API
2025-09-13,Euro,€,108.2957,Exchange Rate API
2025-09-12,Euro,€,108.6983,Exchange Rate API
2025-09-11,Euro,€,108.2155,Exchange Rate API
2025-09-10,Euro,€,108.7019,Exchange Rate API
2025-09-09,Euro,€,108.581,Exchange Rate API
2025-09-08,Euro,€,108.8797,Exchange Rate API
2025-09-07,Euro,€,108.9326,Exchange Rate API
2025-09-06,Euro,€,108.9409,Exchange Rate API
2025-09-05,Euro,€,108.5935,Exchange Rate API
2025-09-04,Euro,€,109.1665,Exchange Rate API
2025-09-03,Euro,€,109.5153,Exchange Rate API
2025-09-02,Euro,€,109.3124,Exchange Rate API
2025-09-01,Euro,€,108.8965,Exchange Rate API
2025-08-31,Euro,€,109.1208,Exchange Rate API
2025-08-30,Euro,€,109.1309,Exchange Rate API
2025-08-29,Euro,€,109.1539,Exchange Rate API
2025-08-28,Euro,€,109.1756,Exchange Rate API
2025-08-27,Euro,€,109.4796,Exchange Rate API
2025-08-26,Euro,€,109.5772,Exchange Rate API
2025-08-25,Euro,€,109.0442,Exchange Rate API
2025-08-24,Euro,€,109.4673,Exchange Rate API
2025-08-23,Euro,€,109.1602,Exchange Rate API
2025-08-22,Euro,€,109.2113,Exchange Rate API
2025-08-21,Euro,€,109.3653,Exchange Rate API
2025-08-20,Euro,€,109.334,Exchange Rate API
2025-08-19,Euro,€,109.1519,Exchange Rate API
2025-08-18,Euro,€,109.6219,Exchange Rate API
2025-08-17,Euro,€,109.0493,Exchange Rate API
2025-08-16,Euro,€,108.976,Exchange Rate API
2025-08-15,Euro,€,109.3386,Exchange Rate API
2025-08-14,Euro,€,109.8048,Exchange Rate API
2025-08-13,Euro,€,110.3041,Exchange Rate API
2025-08-12,Euro,€,110.5908,Exchange Rate API
2025-08-11,Euro,€,110.5869,Exchange Rate API
2025-08-10,Euro,€,110.6593,Exchange Rate API
2025-08-09,Euro,€,110.33,Exchange Rate API
2025-08-08,Euro,€,109.6768,Exchange Rate API
2025-08-07,Euro,€,109.8197,Exchange Rate API
2025-08-06,Euro,€,110.1581,Exchange Rate API
2025-08-05,Euro,€,110.1293,Exchange Rate API
2025-08-04,Euro,€,110.6733,Exchange Rate API
2026-08-03,British Pound,£,128.2545,Exchange Rate API
2026-08-02,British Pound,£,127.6354,Exchange Rate API
2026-08-01,British Pound,£,127.9494,Exchange Rate API
2026-07-31,British Pound,£,127.389,Exchange Rate API
2026-07-30,British Pound,£,126.7223,Exchange Rate API
2026-07-29,British Pound,£,126.6702,Exchange Rate API
2026-07-28,British Pound,£,125.9944,Exchange Rate API
2026-07-27,British Pound,£,126.0508,Exchange Rate API
2026-07-26,British Pound,£,126.5173,Exchange Rate API
2026-07-25,British Pound,£,126.6786,Exchange Rate API
2026-07-24,British Pound,£,126.1397,Exchange Rate API
2026-07-23,British Pound,£,125.8524,Exchange Rate API
2026-07-22,British Pound,£,126.2116,Exchange Rate API
2026-07-21,British Pound,£,126.0318,Exchange Rate API
2026-07-20,British Pound,£,126.1513,Exchange Rate API
2026-07-19,British Pound,£,126.1686,Exchange Rate API
2026-07-18,British Pound,£,125.9138,Exchange Rate API
2026-07-17,British Pound,£,126.412,Exchange Rate API
2026-07-16,British Pound,£,127.1507,Exchange Rate API
2026-07-15,British Pound,£,127.1492,Exchange Rate API
2026-07-14,British Pound,£,127.6353,Exchange Rate API
2026-07-13,British Pound,£,127.1465,Exchange Rate API
2026-07-12,British Pound,£,126.3967,Exchange Rate API
2026-07-11,British Pound,£,126.0373,Exchange Rate API
2026-07-10,British Pound,£,126.4045,Exchange Rate API
2026-07-09,British Pound,£,125.6921,Exchange Rate API
2026-07-08,British Pound,£,126.2542,Exchange Rate API
2026-07-07,British Pound,£,126.6205,Exchange Rate API
2026-07-06,British Pound,£,126.0285,Exchange Rate API
2026-07-05,British Pound,£,126.2674,Exchange Rate API
2026-07-04,British Pound,£,126.0526,Exchange Rate API
2026-07-03,British Pound,£,125.5563,Exchange Rate API
2026-07-02,British Pound,£,125.9789,Exchange Rate API
2026-07-01,British Pound,£,126.1495,Exchange Rate API
2026-06-30,British Pound,£,126.749,Exchange Rate API
2026-06-29,British Pound,£,126.5654,Exchange Rate API
2026-06-28,British Pound,£,126.1725,Exchange Rate API
2026-06-27,British Pound,£,126.8731,Exchange Rate API
2026-06-26,British Pound,£,126.7833,Exchange Rate API
2026-06-25,British Pound,£,126.1919,Exchange Rate API
2026-06-24,British Pound,£,125.5182,Exchange Rate API
2026-06-23,British Pound,£,126.2158,Exchange Rate API
2026-06-22,British Pound,£,126.6697,Exchange Rate API
2026-06-21,British Pound,£,127.041,Exchange Rate API
2026-06-20,British Pound,£,126.3507,Exchange Rate API
2026-06-19,British Pound,£,126.942,Exchange Rate API
2026-06-18,British Pound,£,126.8217,Exchange Rate API
2026-06-17,British Pound,£,127.2051,Exchange Rate API
2026-06-16,British Pound,£,126.5875,Exchange Rate API
2026-06-15,British Pound,£,126.755,Exchange Rate API
2026-06-14,British Pound,£,127.0711,Exchange Rate API
2026-06-13,British Pound,£,127.4346,Exchange Rate API
2026-06-12,British Pound,£,127.5286,Exchange Rate API
2026-06-11,British Pound,£,127.015,Exchange Rate API
2026-06-10,British Pound,£,126.8065,Exchange Rate API
2026-06-09,British Pound,£,126.9603,Exchange Rate API
2026-06-08,British Pound,£,126.2044,Exchange Rate API
2026-06-07,British Pound,£,125.9584,Exchange Rate API
2026-06-06,British Pound,£,125.7741,Exchange Rate API
2026-06-05,British Pound,£,125.3984,Exchange Rate API
2026-06-04,British Pound,£,124.8044,Exchange Rate API
2026-06-03,British Pound,£,124.5679,Exchange Rate API
2026-06-02,British Pound,£,124.3396,Exchange Rate API
2026-06-01,British Pound,£,124.7774,Exchange Rate API
2026-05-31,British Pound,£,125.0104,Exchange Rate API
2026-05-30,British Pound,£,124.8031,Exchange Rate API
2026-05-29,British Pound,£,125.1966,Exchange Rate API
2026-05-28,British Pound,£,125.1906,Exchange Rate API
2026-05-27,British Pound,£,125.8732,Exchange Rate API
2026-05-26,British Pound,£,125.6147,Exchange Rate API
2026-05-25,British Pound,£,125.3877,Exchange Rate API
2026-05-24,British Pound,£,125.5972,Exchange Rate API
2026-05-23,British Pound,£,125.6744,Exchange Rate API
2026-05-22,British Pound,£,125.4336,Exchange Rate API
2026-05-21,British Pound,£,125.4105,Exchange Rate API
2026-05-20,British Pound,£,124.7577,Exchange Rate API
2026-05-19,British Pound,£,125.1433,Exchange Rate API
2026-05-18,British Pound,£,124.5384,Exchange Rate API
2026-05-17,British Pound,£,123.9721,Exchange Rate API
2026-05-16,British Pound,£,123.3116,Exchange Rate API
2026-05-15,British Pound,£,123.1501,Exchange Rate API
2026-05-14,British Pound,£,122.8902,Exchange Rate API
2026-05-13,British Pound,£,123.5453,Exchange Rate API
2026-05-12,British Pound,£,123.2247,Exchange Rate API
2026-05-11,British Pound,£,122.7538,Exchange Rate API
2026-05-10,British Pound,£,123.1675,Exchange Rate API
2026-05-09,British Pound,£,122.5695,Exchange Rate API
2026-05-08,British Pound,£,122.5079,Exchange Rate API
2026-05-07,British Pound,£,122.4793,Exchange Rate API
2026-05-06,British Pound,£,122.6647,Exchange Rate API
2026-05-05,British Pound,£,123.3459,Exchange Rate API
2026-05-04,British Pound,£,123.7102,Exchange Rate API
2026-05-03,British Pound,£,124.0226,Exchange Rate API
2026-05-02,British Pound,£,124.4535,Exchange Rate API
2026-05-01,British Pound,£,124.2179,Exchange Rate API
2026-04-30,British Pound,£,123.7952,Exchange Rate API
2026-04-29,British Pound,£,123.5028,Exchange Rate API
2026-04-28,British Pound,£,123.1666,Exchange Rate API
2026-04-27,British Pound,£,123.4527,Exchange Rate API
2026-04-26,British Pound,£,124.0507,Exchange Rate API
2026-04-25,British Pound,£,123.4302,Exchange Rate API
2026-04-24,British Pound,£,123.7967,Exchange Rate API
2026-04-23,British Pound,£,123.5647,Exchange Rate API
2026-04-22,British Pound,£,123.5196,Exchange Rate API
2026-04-21,British Pound,£,123.0053,Exchange Rate API
2026-04-20,British Pound,£,123.0474,Exchange Rate API
2026-04-19,British Pound,£,123.4501,Exchange Rate API
2026-04-18,British Pound,£,124.0999,Exchange Rate API
2026-04-17,British Pound,£,123.5897,Exchange Rate API
2026-04-16,British Pound,£,123.7463,Exchange Rate API
2026-04-15,British Pound,£,124.1151,Exchange Rate API
2026-04-14,British Pound,£,124.581,Exchange Rate API
2026-04-13,British Pound,£,125.3254,Exchange Rate API
2026-04-12,British Pound,£,126.0065,Exchange Rate API
2026-04-11,British Pound,£,126.511,Exchange Rate API
2026-04-10,British Pound,£,126.7557,Exchange Rate API
2026-04-09,British Pound,£,126.6845,Exchange Rate API
2026-04-08,British Pound,£,126.0654,Exchange Rate API
2026-04-07,British Pound,£,126.4066,Exchange Rate API
2026-04-06,British Pound,£,125.8577,Exchange Rate API
2026-04-05,British Pound,£,125.5123,Exchange Rate API
2026-04-04,British Pound,£,125.863,Exchange Rate API
2026-04-03,British Pound,£,126.4527,Exchange Rate API
2026-04-02,British Pound,£,126.4928,Exchange Rate API
2026-04-01,British Pound,£,126.8845,Exchange Rate API
2026-03-31,British Pound,£,127.0986,Exchange Rate API
2026-03-30,British Pound,£,127.5335,Exchange Rate API
2026-03-29,British Pound,£,128.2524,Exchange Rate API
2026-03-28,British Pound,£,128.1556,Exchange Rate API
2026-03-27,British Pound,£,128.5706,Exchange Rate API
2026-03-26,British Pound,£,128.3948,Exchange Rate API
2026-03-25,British Pound,£,128.2711,Exchange Rate API
2026-03-24,British Pound,£,128.3658,Exchange Rate API
2026-03-23,British Pound,£,128.6254,Exchange Rate API
2026-03-22,British Pound,£,127.911,Exchange Rate API
2026-03-21,British Pound,£,127.5202,Exchange Rate API
2026-03-20,British Pound,£,127.1115,Exchange Rate API
2026-03-19,British Pound,£,127.2373,Exchange Rate API
2026-03-18,British Pound,£,126.7953,Exchange Rate API
2026-03-17,British Pound,£,126.3798,Exchange Rate API
2026-03-16,British Pound,£,126.4356,Exchange Rate API
2026-03-15,British Pound,£,126.6173,Exchange Rate API
2026-03-14,British Pound,£,126.6687,Exchange Rate API
2026-03-13,British Pound,£,125.9095,Exchange Rate API
2026-03-12,British Pound,£,126.0491,Exchange Rate API
2026-03-11,British Pound,£,125.8892,Exchange Rate API
2026-03-10,British Pound,£,126.2924,Exchange Rate API
2026-03-09,British Pound,£,126.4885,Exchange Rate API
2026-03-08,British Pound,£,126.0883,Exchange Rate API
2026-03-07,British Pound,£,125.6444,Exchange Rate API
2026-03-06,British Pound,£,125.447,Exchange Rate API
2026-03-05,British Pound,£,125.9915,Exchange Rate API
2026-03-04,British Pound,£,126.4195,Exchange Rate API
2026-03-03,British Pound,£,125.9115,Exchange Rate API
2026-03-02,British Pound,£,125.4873,Exchange Rate API
2026-03-01,British Pound,£,124.95,Exchange Rate API
2026-02-28,British Pound,£,125.3651,Exchange Rate API
2026-02-27,British Pound,£,125.1618,Exchange Rate API
2026-02-26,British Pound,£,125.1084,Exchange Rate API
2026-02-25,British Pound,£,125.609,Exchange Rate API
2026-02-24,British Pound,£,125.8157,Exchange Rate API
2026-02-23,British Pound,£,125.7253,Exchange Rate API
2026-02-22,British Pound,£,125.217,Exchange Rate API
2026-02-21,British Pound,£,124.9428,Exchange Rate API
2026-02-20,British Pound,£,125.5652,Exchange Rate API
2026-02-19,British Pound,£,124.8231,Exchange Rate API
2026-02-18,British Pound,£,124.258,Exchange Rate API
2026-02-17,British Pound,£,124.0006,Exchange Rate API
2026-02-16,British Pound,£,123.6594,Exchange Rate API
2026-02-15,British Pound,£,123.9432,Exchange Rate API
2026-02-14,British Pound,£,124.1161,Exchange Rate API
2026-02-13,British Pound,£,123.8139,Exchange Rate API
2026-02-12,British Pound,£,124.5046,Exchange Rate API
2026-02-11,British Pound,£,125.2368,Exchange Rate API
2026-02-10,British Pound,£,124.9807,Exchange Rate API
2026-02-09,British Pound,£,125.0486,Exchange Rate API
2026-02-08,British Pound,£,125.089,Exchange Rate API
2026-02-07,British Pound,£,125.0349,Exchange Rate API
2026-02-06,British Pound,£,125.73,Exchange Rate API
2026-02-05,British Pound,£,125.5986,Exchange Rate API
2026-02-04,British Pound,£,125.938,Exchange Rate API
2026-02-03,British Pound,£,126.5863,Exchange Rate API
2026-02-02,British Pound,£,126.9868,Exchange Rate API
2026-02-01,British Pound,£,126.4519,Exchange Rate API
2026-01-31,British Pound,£,126.6784,Exchange Rate API
2026-01-30,British Pound,£,126.585,Exchange Rate API
2026-01-29,British Pound,£,126.8435,Exchange Rate API
2026-01-28,British Pound,£,127.4939,Exchange Rate API
2026-01-27,British Pound,£,126.8242,Exchange Rate API
2026-01-26,British Pound,£,126.0639,Exchange Rate API
2026-01-25,British Pound,£,126.4673,Exchange Rate API
2026-01-24,British Pound,£,126.084,Exchange Rate API
2026-01-23,British Pound,£,125.4058,Exchange Rate API
2026-01-22,British Pound,£,124.7753,Exchange Rate API
2026-01-21,British Pound,£,124.5432,Exchange Rate API
2026-01-20,British Pound,£,125.1974,Exchange Rate API
2026-01-19,British Pound,£,124.7664,Exchange Rate API
2026-01-18,British Pound,£,124.6546,Exchange Rate API
2026-01-17,British Pound,£,124.4857,Exchange Rate API
2026-01-16,British Pound,£,124.6591,Exchange Rate API
2026-01-15,British Pound,£,124.738,Exchange Rate API
2026-01-14,British Pound,£,124.9209,Exchange Rate API
2026-01-13,British Pound,£,125.3907,Exchange Rate API
2026-01-12,British Pound,£,126.0652,Exchange Rate API
2026-01-11,British Pound,£,125.369,Exchange Rate API
2026-01-10,British Pound,£,125.6179,Exchange Rate API
2026-01-09,British Pound,£,125.2841,Exchange Rate API
2026-01-08,British Pound,£,124.8938,Exchange Rate API
2026-01-07,British Pound,£,124.8029,Exchange Rate API
2026-01-06,British Pound,£,124.4426,Exchange Rate API
2026-01-05,British Pound,£,124.2448,Exchange Rate API
2026-01-04,British Pound,£,123.7334,Exchange Rate API
2026-01-03,British Pound,£,124.356,Exchange Rate API
2026-01-02,British Pound,£,124.6365,Exchange Rate API
2026-01-01,British Pound,£,123.9995,Exchange Rate API
2025-12-31,British Pound,£,124.4371,Exchange Rate API
2025-12-30,British Pound,£,124.2373,Exchange Rate API
2025-12-29,British Pound,£,124.4768,Exchange Rate API
2025-12-28,British Pound,£,125.1753,Exchange Rate API
2025-12-27,British Pound,£,125.5851,Exchange Rate API
2025-12-26,British Pound,£,125.6303,Exchange Rate API
2025-12-25,British Pound,£,125.1729,Exchange Rate API
2025-12-24,British Pound,£,125.1772,Exchange Rate API
2025-12-23,British Pound,£,125.8165,Exchange Rate API
2025-12-22,British Pound,£,125.4757,Exchange Rate API
2025-12-21,British Pound,£,124.9257,Exchange Rate API
2025-12-20,British Pound,£,125.6085,Exchange Rate API
2025-12-19,British Pound,£,125.147,Exchange Rate API
2025-12-18,British Pound,£,125.5061,Exchange Rate API
2025-12-17,British Pound,£,125.0516,Exchange Rate API
2025-12-16,British Pound,£,125.4282,Exchange Rate API
2025-12-15,British Pound,£,125.021,Exchange Rate API
2025-12-14,British Pound,£,125.6388,Exchange Rate API
2025-12-13,British Pound,£,125.3655,Exchange Rate API
2025-12-12,British Pound,£,124.9199,Exchange Rate API
2025-12-11,British Pound,£,124.5456,Exchange Rate API
2025-12-10,British Pound,£,124.0439,Exchange Rate API
2025-12-09,British Pound,£,124.0928,Exchange Rate API
2025-12-08,British Pound,£,124.3875,Exchange Rate API
2025-12-07,British Pound,£,124.5883,Exchange Rate API
2025-12-06,British Pound,£,125.2931,Exchange Rate API
2025-12-05,British Pound,£,125.625,Exchange Rate API
2025-12-04,British Pound,£,125.9332,Exchange Rate API
2025-12-03,British Pound,£,126.2732,Exchange Rate API
2025-12-02,British Pound,£,126.9358,Exchange Rate API
2025-12-01,British Pound,£,127.5481,Exchange Rate API
2025-11-30,British Pound,£,127.8419,Exchange Rate API
2025-11-29,British Pound,£,127.6618,Exchange Rate API
2025-11-28,British Pound,£,128.3579,Exchange Rate API
2025-11-27,British Pound,£,128.3881,Exchange Rate API
2025-11-26,British Pound,£,127.7798,Exchange Rate API
2025-11-25,British Pound,£,127.9089,Exchange Rate API
2025-11-24,British Pound,£,127.6482,Exchange Rate API
2025-11-23,British Pound,£,127.8435,Exchange Rate API
2025-11-22,British Pound,£,128.4697,Exchange Rate API
2025-11-21,British Pound,£,128.8925,Exchange Rate API
2025-11-20,British Pound,£,128.1437,Exchange Rate API
2025-11-19,British Pound,£,128.3106,Exchange Rate API
2025-11-18,British Pound,£,128.5444,Exchange Rate API
2025-11-17,British Pound,£,129.185,Exchange Rate API
2025-11-16,British Pound,£,129.2399,Exchange Rate API
2025-11-15,British Pound,£,128.9912,Exchange Rate API
2025-11-14,British Pound,£,129.4322,Exchange Rate API
2025-11-13,British Pound,£,128.9959,Exchange Rate API
2025-11-12,British Pound,£,129.3646,Exchange Rate API
2025-11-11,British Pound,£,129.5263,Exchange Rate API
2025-11-10,British Pound,£,129.3509,Exchange Rate API
2025-11-09,British Pound,£,129.6978,Exchange Rate API
2025-11-08,British Pound,£,130.0265,Exchange Rate API
2025-11-07,British Pound,£,129.9838,Exchange Rate API
2025-11-06,British Pound,£,129.3038,Exchange Rate API
2025-11-05,British Pound,£,128.7997,Exchange Rate API
2025-11-04,British Pound,£,129.0123,Exchange Rate API
2025-11-03,British Pound,£,129.0549,Exchange Rate API
2025-11-02,British Pound,£,129.6724,Exchange Rate API
2025-11-01,British Pound,£,130.0392,Exchange Rate API
2025-10-31,British Pound,£,130.793,Exchange Rate API
2025-10-30,British Pound,£,130.4269,Exchange Rate API
2025-10-29,British Pound,£,129.8069,Exchange Rate API
2025-10-28,British Pound,£,129.2414,Exchange Rate API
2025-10-27,British Pound,£,129.9139,Exchange Rate API
2025-10-26,British Pound,£,129.4914,Exchange Rate API
2025-10-25,British Pound,£,129.5232,Exchange Rate API
2025-10-24,British Pound,£,130.1828,Exchange Rate API
2025-10-23,British Pound,£,130.4131,Exchange Rate API
2025-10-22,British Pound,£,130.7247,Exchange Rate API
2025-10-21,British Pound,£,130.5823,Exchange Rate API
2025-10-20,British Pound,£,129.8195,Exchange Rate API
2025-10-19,British Pound,£,130.2244,Exchange Rate API
2025-10-18,British Pound,£,130.9601,Exchange Rate API
2025-10-17,British Pound,£,130.6278,Exchange Rate API
2025-10-16,British Pound,£,131.3982,Exchange Rate API
2025-10-15,British Pound,£,131.6075,Exchange Rate API
2025-10-14,British Pound,£,131.1382,Exchange Rate API
2025-10-13,British Pound,£,131.4207,Exchange Rate API
2025-10-12,British Pound,£,131.2157,Exchange Rate API
2025-10-11,British Pound,£,130.7948,Exchange Rate API
2025-10-10,British Pound,£,131.3526,Exchange Rate API
2025-10-09,British Pound,£,132.1144,Exchange Rate API
2025-10-08,British Pound,£,131.713,Exchange Rate API
2025-10-07,British Pound,£,132.1771,Exchange Rate API
2025-10-06,British Pound,£,132.8211,Exchange Rate API
2025-10-05,British Pound,£,132.3873,Exchange Rate API
2025-10-04,British Pound,£,133.09,Exchange Rate API
2025-10-03,British Pound,£,132.5012,Exchange Rate API
2025-10-02,British Pound,£,132.4847,Exchange Rate API
2025-10-01,British Pound,£,132.0626,Exchange Rate API
2025-09-30,British Pound,£,132.3195,Exchange Rate API
2025-09-29,British Pound,£,132.5292,Exchange Rate API
2025-09-28,British Pound,£,133.3149,Exchange Rate API
2025-09-27,British Pound,£,134.0285,Exchange Rate API
2025-09-26,British Pound,£,134.2187,Exchange Rate API
2025-09-25,British Pound,£,134.0565,Exchange Rate API
2025-09-24,British Pound,£,133.6295,Exchange Rate API
2025-09-23,British Pound,£,133.2667,Exchange Rate API
2025-09-22,British Pound,£,133.6163,Exchange Rate API
2025-09-21,British Pound,£,133.61,Exchange Rate API
2025-09-20,British Pound,£,132.9413,Exchange Rate API
2025-09-19,British Pound,£,133.4523,Exchange Rate API
2025-09-18,British Pound,£,134.0048,Exchange Rate API
2025-09-17,British Pound,£,134.6386,Exchange Rate API
2025-09-16,British Pound,£,134.0193,Exchange Rate API
2025-09-15,British Pound,£,134.7133,Exchange Rate API
2025-09-14,British Pound,£,135.52,Exchange Rate API
2025-09-13,British Pound,£,135.0604,Exchange Rate API
2025-09-12,British Pound,£,135.4326,Exchange Rate API
2025-09-11,British Pound,£,135.2108,Exchange Rate API
2025-09-10,British Pound,£,135.6851,Exchange Rate API
2025-09-09,British Pound,£,135.2353,Exchange Rate API
2025-09-08,British Pound,£,135.2995,Exchange Rate API
2025-09-07,British Pound,£,134.6966,Exchange Rate API
2025-09-06,British Pound,£,135.05,Exchange Rate API
2025-09-05,British Pound,£,135.8536,Exchange Rate API
2025-09-04,British Pound,£,136.1557,Exchange Rate API
2025-09-03,British Pound,£,136.718,Exchange Rate API
2025-09-02,British Pound,£,136.2533,Exchange Rate API
2025-09-01,British Pound,£,136.0456,Exchange Rate API
2025-08-31,British Pound,£,135.2571,Exchange Rate API
2025-08-30,British Pound,£,135.9185,Exchange Rate API
2025-08-29,British Pound,£,135.7862,Exchange Rate API
2025-08-28,British Pound,£,136.5314,Exchange Rate API
2025-08-27,British Pound,£,136.6664,Exchange Rate API
2025-08-26,British Pound,£,136.5449,Exchange Rate API
2025-08-25,British Pound,£,137.0869,Exchange Rate API
2025-08-24,British Pound,£,137.8114,Exchange Rate API
2025-08-23,British Pound,£,137.5822,Exchange Rate API
2025-08-22,British Pound,£,137.9987,Exchange Rate API
2025-08-21,British Pound,£,137.2183,Exchange Rate API
2025-08-20,British Pound,£,136.6747,Exchange Rate API
2025-08-19,British Pound,£,136.9954,Exchange Rate API
2025-08-18,British Pound,£,137.8097,Exchange Rate API
2025-08-17,British Pound,£,138.3043,Exchange Rate API
2025-08-16,British Pound,£,139.0503,Exchange Rate API
2025-08-15,British Pound,£,139.8422,Exchange Rate API
2025-08-14,British Pound,£,140.1182,Exchange Rate API
2025-08-13,British Pound,£,139.7098,Exchange Rate API
2025-08-12,British Pound,£,139.3017,Exchange Rate API
2025-08-11,British Pound,£,138.8663,Exchange Rate API
2025-08-10,British Pound,£,138.2957,Exchange Rate API
2025-08-09,British Pound,£,137.9321,Exchange Rate API
2025-08-08,British Pound,£,138.4894,Exchange Rate API
2025-08-07,British Pound,£,138.4266,Exchange Rate API
2025-08-06,British Pound,£,138.2881,Exchange Rate API
2025-08-05,British Pound,£,138.3306,Exchange Rate API
2025-08-04,British Pound,£,138.8288,Exchange Rate API
2026-08-03,Japanese Yen,¥,0.6004,Exchange Rate API
2026-08-02,Japanese Yen,¥,0.6004,Exchange Rate API
2026-08-01,Japanese Yen,¥,0.5983,Exchange Rate API
2026-07-31,Japanese Yen,¥,0.5962,Exchange Rate API
2026-07-30,Japanese Yen,¥,0.5966,Exchange Rate API
2026-07-29,Japanese Yen,¥,0.5966,Exchange Rate API
2026-07-28,Japanese Yen,¥,0.5985,Exchange Rate API
2026-07-27,Japanese Yen,¥,0.5993,Exchange Rate API
2026-07-26,Japanese Yen,¥,0.5994,Exchange Rate API
2026-07-25,Japanese Yen,¥,0.6003,Exchange Rate API
2026-07-24,Japanese Yen,¥,0.6001,Exchange Rate API
2026-07-23,Japanese Yen,¥,0.6015,Exchange Rate API
2026-07-22,Japanese Yen,¥,0.6013,Exchange Rate API
2026-07-21,Japanese Yen,¥,0.5994,Exchange Rate API
2026-07-20,Japanese Yen,¥,0.5961,Exchange Rate API
2026-07-19,Japanese Yen,¥,0.5996,Exchange Rate API
2026-07-18,Japanese Yen,¥,0.5978,Exchange Rate API
2026-07-17,Japanese Yen,¥,0.6004,Exchange Rate API
2026-07-16,Japanese Yen,¥,0.6007,Exchange Rate API
2026-07-15,Japanese Yen,¥,0.5984,Exchange Rate API
2026-07-14,Japanese Yen,¥,0.5979,Exchange Rate API
2026-07-13,Japanese Yen,¥,0.601,Exchange Rate API
2026-07-12,Japanese Yen,¥,0.6021,Exchange Rate API
2026-07-11,Japanese Yen,¥,0.6055,Exchange Rate API
2026-07-10,Japanese Yen,¥,0.6067,Exchange Rate API
2026-07-09,Japanese Yen,¥,0.6068,Exchange Rate API
2026-07-08,Japanese Yen,¥,0.6097,Exchange Rate API
2026-07-07,Japanese Yen,¥,0.6131,Exchange Rate API
2026-07-06,Japanese Yen,¥,0.6133,Exchange Rate API
2026-07-05,Japanese Yen,¥,0.612,Exchange Rate API
2026-07-04,Japanese Yen,¥,0.6142,Exchange Rate API
2026-07-03,Japanese Yen,¥,0.6177,Exchange Rate API
2026-07-02,Japanese Yen,¥,0.6185,Exchange Rate API
2026-07-01,Japanese Yen,¥,0.6151,Exchange Rate API
2026-06-30,Japanese Yen,¥,0.6124,Exchange Rate API
2026-06-29,Japanese Yen,¥,0.612,Exchange Rate API
2026-06-28,Japanese Yen,¥,0.6102,Exchange Rate API
2026-06-27,Japanese Yen,¥,0.6101,Exchange Rate API
2026-06-26,Japanese Yen,¥,0.6069,Exchange Rate API
2026-06-25,Japanese Yen,¥,0.6039,Exchange Rate API
2026-06-24,Japanese Yen,¥,0.6055,Exchange Rate API
2026-06-23,Japanese Yen,¥,0.6023,Exchange Rate API
2026-06-22,Japanese Yen,¥,0.5988,Exchange Rate API
2026-06-21,Japanese Yen,¥,0.5996,Exchange Rate API
2026-06-20,Japanese Yen,¥,0.5976,Exchange Rate API
2026-06-19,Japanese Yen,¥,0.5951,Exchange Rate API
2026-06-18,Japanese Yen,¥,0.5922,Exchange Rate API
2026-06-17,Japanese Yen,¥,0.5889,Exchange Rate API
2026-06-16,Japanese Yen,¥,0.5861,Exchange Rate API
2026-06-15,Japanese Yen,¥,0.5826,Exchange Rate API
2026-06-14,Japanese Yen,¥,0.5798,Exchange Rate API
2026-06-13,Japanese Yen,¥,0.5813,Exchange Rate API
2026-06-12,Japanese Yen,¥,0.5803,Exchange Rate API
2026-06-11,Japanese Yen,¥,0.5814,Exchange Rate API
2026-06-10,Japanese Yen,¥,0.5792,Exchange Rate API
2026-06-09,Japanese Yen,¥,0.5759,Exchange Rate API
2026-06-08,Japanese Yen,¥,0.5754,Exchange Rate API
2026-06-07,Japanese Yen,¥,0.5764,Exchange Rate API
2026-06-06,Japanese Yen,¥,0.5771,Exchange Rate API
2026-06-05,Japanese Yen,¥,0.5764,Exchange Rate API
2026-06-04,Japanese Yen,¥,0.5752,Exchange Rate API
2026-06-03,Japanese Yen,¥,0.5761,Exchange Rate API
2026-06-02,Japanese Yen,¥,0.5795,Exchange Rate API
2026-06-01,Japanese Yen,¥,0.58,Exchange Rate API
2026-05-31,Japanese Yen,¥,0.5808,Exchange Rate API
2026-05-30,Japanese Yen,¥,0.5788,Exchange Rate API
2026-05-29,Japanese Yen,¥,0.5786,Exchange Rate API
2026-05-28,Japanese Yen,¥,0.5773,Exchange Rate API
2026-05-27,Japanese Yen,¥,0.5787,Exchange Rate API
2026-05-26,Japanese Yen,¥,0.5793,Exchange Rate API
2026-05-25,Japanese Yen,¥,0.5786,Exchange Rate API
2026-05-24,Japanese Yen,¥,0.582,Exchange Rate API
2026-05-23,Japanese Yen,¥,0.5797,Exchange Rate API
2026-05-22,Japanese Yen,¥,0.5794,Exchange Rate API
2026-05-21,Japanese Yen,¥,0.5805,Exchange Rate API
2026-05-20,Japanese Yen,¥,0.5783,Exchange Rate API
2026-05-19,Japanese Yen,¥,0.578,Exchange Rate API
2026-05-18,Japanese Yen,¥,0.575,Exchange Rate API
2026-05-17,Japanese Yen,¥,0.5739,Exchange Rate API
2026-05-16,Japanese Yen,¥,0.5723,Exchange Rate API
2026-05-15,Japanese Yen,¥,0.5691,Exchange Rate API
2026-05-14,Japanese Yen,¥,0.5677,Exchange Rate API
2026-05-13,Japanese Yen,¥,0.5685,Exchange Rate API
2026-05-12,Japanese Yen,¥,0.5652,Exchange Rate API
2026-05-11,Japanese Yen,¥,0.5655,Exchange Rate API
2026-05-10,Japanese Yen,¥,0.5628,Exchange Rate API
2026-05-09,Japanese Yen,¥,0.5653,Exchange Rate API
2026-05-08,Japanese Yen,¥,0.5646,Exchange Rate API
2026-05-07,Japanese Yen,¥,0.5665,Exchange Rate API
2026-05-06,Japanese Yen,¥,0.5635,Exchange Rate API
2026-05-05,Japanese Yen,¥,0.5617,Exchange Rate API
2026-05-04,Japanese Yen,¥,0.5595,Exchange Rate API
2026-05-03,Japanese Yen,¥,0.5628,Exchange Rate API
2026-05-02,Japanese Yen,¥,0.5623,Exchange Rate API
2026-05-01,Japanese Yen,¥,0.5604,Exchange Rate API
2026-04-30,Japanese Yen,¥,0.5626,Exchange Rate API
2026-04-29,Japanese Yen,¥,0.5613,Exchange Rate API
2026-04-28,Japanese Yen,¥,0.5624,Exchange Rate API
2026-04-27,Japanese Yen,¥,0.5609,Exchange Rate API
2026-04-26,Japanese Yen,¥,0.5634,Exchange Rate API
2026-04-25,Japanese Yen,¥,0.5609,Exchange Rate API
2026-04-24,Japanese Yen,¥,0.5579,Exchange Rate API
2026-04-23,Japanese Yen,¥,0.5552,Exchange Rate API
2026-04-22,Japanese Yen,¥,0.5581,Exchange Rate API
2026-04-21,Japanese Yen,¥,0.5602,Exchange Rate API
2026-04-20,Japanese Yen,¥,0.5631,Exchange Rate API
2026-04-19,Japanese Yen,¥,0.5628,Exchange Rate API
2026-04-18,Japanese Yen,¥,0.5644,Exchange Rate API
2026-04-17,Japanese Yen,¥,0.5654,Exchange Rate API
2026-04-16,Japanese Yen,¥,0.5679,Exchange Rate API
2026-04-15,Japanese Yen,¥,0.5706,Exchange Rate API
2026-04-14,Japanese Yen,¥,0.5722,Exchange Rate API
2026-04-13,Japanese Yen,¥,0.5703,Exchange Rate API
2026-04-12,Japanese Yen,¥,0.5685,Exchange Rate API
2026-04-11,Japanese Yen,¥,0.5659,Exchange Rate API
2026-04-10,Japanese Yen,¥,0.5667,Exchange Rate API
2026-04-09,Japanese Yen,¥,0.566,Exchange Rate API
2026-04-08,Japanese Yen,¥,0.5665,Exchange Rate API
2026-04-07,Japanese Yen,¥,0.5645,Exchange Rate API
2026-04-06,Japanese Yen,¥,0.5649,Exchange Rate API
2026-04-05,Japanese Yen,¥,0.5651,Exchange Rate API
2026-04-04,Japanese Yen,¥,0.5647,Exchange Rate API
2026-04-03,Japanese Yen,¥,0.5667,Exchange Rate API
2026-04-02,Japanese Yen,¥,0.5633,Exchange Rate API
2026-04-01,Japanese Yen,¥,0.5605,Exchange Rate API
2026-03-31,Japanese Yen,¥,0.5583,Exchange Rate API
2026-03-30,Japanese Yen,¥,0.555,Exchange Rate API
2026-03-29,Japanese Yen,¥,0.5547,Exchange Rate API
2026-03-28,Japanese Yen,¥,0.5546,Exchange Rate API
2026-03-27,Japanese Yen,¥,0.5513,Exchange Rate API
2026-03-26,Japanese Yen,¥,0.5511,Exchange Rate API
2026-03-25,Japanese Yen,¥,0.5482,Exchange Rate API
2026-03-24,Japanese Yen,¥,0.5468,Exchange Rate API
2026-03-23,Japanese Yen,¥,0.545,Exchange Rate API
2026-03-22,Japanese Yen,¥,0.5476,Exchange Rate API
2026-03-21,Japanese Yen,¥,0.5501,Exchange Rate API
2026-03-20,Japanese Yen,¥,0.5522,Exchange Rate API
2026-03-19,Japanese Yen,¥,0.5527,Exchange Rate API
2026-03-18,Japanese Yen,¥,0.5495,Exchange Rate API
2026-03-17,Japanese Yen,¥,0.5507,Exchange Rate API
2026-03-16,Japanese Yen,¥,0.5476,Exchange Rate API
2026-03-15,Japanese Yen,¥,0.5458,Exchange Rate API
2026-03-14,Japanese Yen,¥,0.5459,Exchange Rate API
2026-03-13,Japanese Yen,¥,0.5486,Exchange Rate API
2026-03-12,Japanese Yen,¥,0.5507,Exchange Rate API
2026-03-11,Japanese Yen,¥,0.5491,Exchange Rate API
2026-03-10,Japanese Yen,¥,0.5504,Exchange Rate API
2026-03-09,Japanese Yen,¥,0.5488,Exchange Rate API
2026-03-08,Japanese Yen,¥,0.5482,Exchange Rate API
2026-03-07,Japanese Yen,¥,0.5479,Exchange Rate API
2026-03-06,Japanese Yen,¥,0.5483,Exchange Rate API
2026-03-05,Japanese Yen,¥,0.5488,Exchange Rate API
2026-03-04,Japanese Yen,¥,0.548,Exchange Rate API
2026-03-03,Japanese Yen,¥,0.5495,Exchange Rate API
2026-03-02,Japanese Yen,¥,0.5524,Exchange Rate API
2026-03-01,Japanese Yen,¥,0.5502,Exchange Rate API
2026-02-28,Japanese Yen,¥,0.5513,Exchange Rate API
2026-02-27,Japanese Yen,¥,0.5486,Exchange Rate API
2026-02-26,Japanese Yen,¥,0.5493,Exchange Rate API
2026-02-25,Japanese Yen,¥,0.5511,Exchange Rate API
2026-02-24,Japanese Yen,¥,0.5496,Exchange Rate API
2026-02-23,Japanese Yen,¥,0.5528,Exchange Rate API
2026-02-22,Japanese Yen,¥,0.5496,Exchange Rate API
2026-02-21,Japanese Yen,¥,0.5502,Exchange Rate API
2026-02-20,Japanese Yen,¥,0.5522,Exchange Rate API
2026-02-19,Japanese Yen,¥,0.551,Exchange Rate API
2026-02-18,Japanese Yen,¥,0.5517,Exchange Rate API
2026-02-17,Japanese Yen,¥,0.5489,Exchange Rate API
2026-02-16,Japanese Yen,¥,0.5505,Exchange Rate API
2026-02-15,Japanese Yen,¥,0.5482,Exchange Rate API
2026-02-14,Japanese Yen,¥,0.5503,Exchange Rate API
2026-02-13,Japanese Yen,¥,0.5533,Exchange Rate API
2026-02-12,Japanese Yen,¥,0.5521,Exchange Rate API
2026-02-11,Japanese Yen,¥,0.5506,Exchange Rate API
2026-02-10,Japanese Yen,¥,0.551,Exchange Rate API
2026-02-09,Japanese Yen,¥,0.5533,Exchange Rate API
2026-02-08,Japanese Yen,¥,0.5531,Exchange Rate API
2026-02-07,Japanese Yen,¥,0.5554,Exchange Rate API
2026-02-06,Japanese Yen,¥,0.5562,Exchange Rate API
2026-02-05,Japanese Yen,¥,0.5582,Exchange Rate API
2026-02-04,Japanese Yen,¥,0.5563,Exchange Rate API
2026-02-03,Japanese Yen,¥,0.5566,Exchange Rate API
2026-02-02,Japanese Yen,¥,0.555,Exchange Rate API
2026-02-01,Japanese Yen,¥,0.556,Exchange Rate API
2026-01-31,Japanese Yen,¥,0.5559,Exchange Rate API
2026-01-30,Japanese Yen,¥,0.5538,Exchange Rate API
2026-01-29,Japanese Yen,¥,0.5559,Exchange Rate API
2026-01-28,Japanese Yen,¥,0.5558,Exchange Rate API
2026-01-27,Japanese Yen,¥,0.5568,Exchange Rate API
2026-01-26,Japanese Yen,¥,0.5582,Exchange Rate API
2026-01-25,Japanese Yen,¥,0.5588,Exchange Rate API
2026-01-24,Japanese Yen,¥,0.5563,Exchange Rate API
2026-01-23,Japanese Yen,¥,0.5589,Exchange Rate API
2026-01-22,Japanese Yen,¥,0.5566,Exchange Rate API
2026-01-21,Japanese Yen,¥,0.5544,Exchange Rate API
2026-01-20,Japanese Yen,¥,0.5575,Exchange Rate API
2026-01-19,Japanese Yen,¥,0.5591,Exchange Rate API
2026-01-18,Japanese Yen,¥,0.5567,Exchange Rate API
2026-01-17,Japanese Yen,¥,0.5599,Exchange Rate API
2026-01-16,Japanese Yen,¥,0.5603,Exchange Rate API
2026-01-15,Japanese Yen,¥,0.5619,Exchange Rate API
2026-01-14,Japanese Yen,¥,0.5607,Exchange Rate API
2026-01-13,Japanese Yen,¥,0.5633,Exchange Rate API
2026-01-12,Japanese Yen,¥,0.5607,Exchange Rate API
2026-01-11,Japanese Yen,¥,0.5601,Exchange Rate API
2026-01-10,Japanese Yen,¥,0.5603,Exchange Rate API
2026-01-09,Japanese Yen,¥,0.5589,Exchange Rate API
2026-01-08,Japanese Yen,¥,0.5588,Exchange Rate API
2026-01-07,Japanese Yen,¥,0.5582,Exchange Rate API
2026-01-06,Japanese Yen,¥,0.5581,Exchange Rate API
2026-01-05,Japanese Yen,¥,0.5559,Exchange Rate API
2026-01-04,Japanese Yen,¥,0.5566,Exchange Rate API
2026-01-03,Japanese Yen,¥,0.5567,Exchange Rate API
2026-01-02,Japanese Yen,¥,0.5594,Exchange Rate API
2026-01-01,Japanese Yen,¥,0.5589,Exchange Rate API
2025-12-31,Japanese Yen,¥,0.5621,Exchange Rate API
2025-12-30,Japanese Yen,¥,0.5652,Exchange Rate API
2025-12-29,Japanese Yen,¥,0.5664,Exchange Rate API
2025-12-28,Japanese Yen,¥,0.5695,Exchange Rate API
2025-12-27,Japanese Yen,¥,0.5701,Exchange Rate API
2025-12-26,Japanese Yen,¥,0.5725,Exchange Rate API
2025-12-25,Japanese Yen,¥,0.5732,Exchange Rate API
2025-12-24,Japanese Yen,¥,0.5703,Exchange Rate API
2025-12-23,Japanese Yen,¥,0.5672,Exchange Rate API
2025-12-22,Japanese Yen,¥,0.5676,Exchange Rate API
2025-12-21,Japanese Yen,¥,0.5688,Exchange Rate API
2025-12-20,Japanese Yen,¥,0.5697,Exchange Rate API
2025-12-19,Japanese Yen,¥,0.5693,Exchange Rate API
2025-12-18,Japanese Yen,¥,0.5665,Exchange Rate API
2025-12-17,Japanese Yen,¥,0.5682,Exchange Rate API
2025-12-16,Japanese Yen,¥,0.567,Exchange Rate API
2025-12-15,Japanese Yen,¥,0.566,Exchange Rate API
2025-12-14,Japanese Yen,¥,0.5661,Exchange Rate API
2025-12-13,Japanese Yen,¥,0.5653,Exchange Rate API
2025-12-12,Japanese Yen,¥,0.5631,Exchange Rate API
2025-12-11,Japanese Yen,¥,0.5625,Exchange Rate API
2025-12-10,Japanese Yen,¥,0.5632,Exchange Rate API
2025-12-09,Japanese Yen,¥,0.5604,Exchange Rate API
2025-12-08,Japanese Yen,¥,0.5581,Exchange Rate API
2025-12-07,Japanese Yen,¥,0.5612,Exchange Rate API
2025-12-06,Japanese Yen,¥,0.5609,Exchange Rate API
2025-12-05,Japanese Yen,¥,0.5605,Exchange Rate API
2025-12-04,Japanese Yen,¥,0.5628,Exchange Rate API
2025-12-03,Japanese Yen,¥,0.5609,Exchange Rate API
2025-12-02,Japanese Yen,¥,0.5604,Exchange Rate API
2025-12-01,Japanese Yen,¥,0.5602,Exchange Rate API
2025-11-30,Japanese Yen,¥,0.5584,Exchange Rate API
2025-11-29,Japanese Yen,¥,0.5573,Exchange Rate API
2025-11-28,Japanese Yen,¥,0.5556,Exchange Rate API
2025-11-27,Japanese Yen,¥,0.5577,Exchange Rate API
2025-11-26,Japanese Yen,¥,0.56,Exchange Rate API
2025-11-25,Japanese Yen,¥,0.5595,Exchange Rate API
2025-11-24,Japanese Yen,¥,0.5588,Exchange Rate API
2025-11-23,Japanese Yen,¥,0.562,Exchange Rate API
2025-11-22,Japanese Yen,¥,0.5611,Exchange Rate API
2025-11-21,Japanese Yen,¥,0.5581,Exchange Rate API
2025-11-20,Japanese Yen,¥,0.5587,Exchange Rate API
2025-11-19,Japanese Yen,¥,0.5601,Exchange Rate API
2025-11-18,Japanese Yen,¥,0.5569,Exchange Rate API
2025-11-17,Japanese Yen,¥,0.5579,Exchange Rate API
2025-11-16,Japanese Yen,¥,0.5548,Exchange Rate API
2025-11-15,Japanese Yen,¥,0.5542,Exchange Rate API
2025-11-14,Japanese Yen,¥,0.5513,Exchange Rate API
2025-11-13,Japanese Yen,¥,0.5508,Exchange Rate API
2025-11-12,Japanese Yen,¥,0.5477,Exchange Rate API
2025-11-11,Japanese Yen,¥,0.5482,Exchange Rate API
2025-11-10,Japanese Yen,¥,0.5465,Exchange Rate API
2025-11-09,Japanese Yen,¥,0.5491,Exchange Rate API
2025-11-08,Japanese Yen,¥,0.5501,Exchange Rate API
2025-11-07,Japanese Yen,¥,0.5469,Exchange Rate API
2025-11-06,Japanese Yen,¥,0.5474,Exchange Rate API
2025-11-05,Japanese Yen,¥,0.5491,Exchange Rate API
2025-11-04,Japanese Yen,¥,0.5512,Exchange Rate API
2025-11-03,Japanese Yen,¥,0.5493,Exchange Rate API
2025-11-02,Japanese Yen,¥,0.552,Exchange Rate API
2025-11-01,Japanese Yen,¥,0.5545,Exchange Rate API
2025-10-31,Japanese Yen,¥,0.5577,Exchange Rate API
2025-10-30,Japanese Yen,¥,0.5545,Exchange Rate API
2025-10-29,Japanese Yen,¥,0.5523,Exchange Rate API
2025-10-28,Japanese Yen,¥,0.553,Exchange Rate API
2025-10-27,Japanese Yen,¥,0.555,Exchange Rate API
2025-10-26,Japanese Yen,¥,0.5557,Exchange Rate API
2025-10-25,Japanese Yen,¥,0.5554,Exchange Rate API
2025-10-24,Japanese Yen,¥,0.5555,Exchange Rate API
2025-10-23,Japanese Yen,¥,0.5531,Exchange Rate API
2025-10-22,Japanese Yen,¥,0.5534,Exchange Rate API
2025-10-21,Japanese Yen,¥,0.5515,Exchange Rate API
2025-10-20,Japanese Yen,¥,0.5514,Exchange Rate API
2025-10-19,Japanese Yen,¥,0.5508,Exchange Rate API
2025-10-18,Japanese Yen,¥,0.5512,Exchange Rate API
2025-10-17,Japanese Yen,¥,0.5502,Exchange Rate API
2025-10-16,Japanese Yen,¥,0.5527,Exchange Rate API
2025-10-15,Japanese Yen,¥,0.5495,Exchange Rate API
2025-10-14,Japanese Yen,¥,0.5503,Exchange Rate API
2025-10-13,Japanese Yen,¥,0.5516,Exchange Rate API
2025-10-12,Japanese Yen,¥,0.5518,Exchange Rate API
2025-10-11,Japanese Yen,¥,0.5537,Exchange Rate API
2025-10-10,Japanese Yen,¥,0.557,Exchange Rate API
2025-10-09,Japanese Yen,¥,0.5588,Exchange Rate API
2025-10-08,Japanese Yen,¥,0.5559,Exchange Rate API
2025-10-07,Japanese Yen,¥,0.5557,Exchange Rate API
2025-10-06,Japanese Yen,¥,0.5568,Exchange Rate API
2025-10-05,Japanese Yen,¥,0.5543,Exchange Rate API
2025-10-04,Japanese Yen,¥,0.5546,Exchange Rate API
2025-10-03,Japanese Yen,¥,0.5514,Exchange Rate API
2025-10-02,Japanese Yen,¥,0.5522,Exchange Rate API
2025-10-01,Japanese Yen,¥,0.5516,Exchange Rate API
2025-09-30,Japanese Yen,¥,0.5524,Exchange Rate API
2025-09-29,Japanese Yen,¥,0.5494,Exchange Rate API
2025-09-28,Japanese Yen,¥,0.5499,Exchange Rate API
2025-09-27,Japanese Yen,¥,0.5519,Exchange Rate API
2025-09-26,Japanese Yen,¥,0.5532,Exchange Rate API
2025-09-25,Japanese Yen,¥,0.553,Exchange Rate API
2025-09-24,Japanese Yen,¥,0.5498,Exchange Rate API
2025-09-23,Japanese Yen,¥,0.5528,Exchange Rate API
2025-09-22,Japanese Yen,¥,0.5518,Exchange Rate API
2025-09-21,Japanese Yen,¥,0.55,Exchange Rate API
2025-09-20,Japanese Yen,¥,0.5496,Exchange Rate API
2025-09-19,Japanese Yen,¥,0.5489,Exchange Rate API
2025-09-18,Japanese Yen,¥,0.547,Exchange Rate API
2025-09-17,Japanese Yen,¥,0.548,Exchange Rate API
2025-09-16,Japanese Yen,¥,0.5494,Exchange Rate API
2025-09-15,Japanese Yen,¥,0.5471,Exchange Rate API
2025-09-14,Japanese Yen,¥,0.5462,Exchange Rate API
2025-09-13,Japanese Yen,¥,0.5471,Exchange Rate API
2025-09-12,Japanese Yen,¥,0.5468,Exchange Rate API
2025-09-11,Japanese Yen,¥,0.5441,Exchange Rate API
2025-09-10,Japanese Yen,¥,0.5411,Exchange Rate API
2025-09-09,Japanese Yen,¥,0.5426,Exchange Rate API
2025-09-08,Japanese Yen,¥,0.5407,Exchange Rate API
2025-09-07,Japanese Yen,¥,0.5378,Exchange Rate API
2025-09-06,Japanese Yen,¥,0.5356,Exchange Rate API
2025-09-05,Japanese Yen,¥,0.5354,Exchange Rate API
2025-09-04,Japanese Yen,¥,0.5385,Exchange Rate API
2025-09-03,Japanese Yen,¥,0.5397,Exchange Rate API
2025-09-02,Japanese Yen,¥,0.5428,Exchange Rate API
2025-09-01,Japanese Yen,¥,0.5418,Exchange Rate API
2025-08-31,Japanese Yen,¥,0.5408,Exchange Rate API
2025-08-30,Japanese Yen,¥,0.5433,Exchange Rate API
2025-08-29,Japanese Yen,¥,0.5424,Exchange Rate API
2025-08-28,Japanese Yen,¥,0.5415,Exchange Rate API
2025-08-27,Japanese Yen,¥,0.5384,Exchange Rate API
2025-08-26,Japanese Yen,¥,0.5358,Exchange Rate API
2025-08-25,Japanese Yen,¥,0.5336,Exchange Rate API
2025-08-24,Japanese Yen,¥,0.5348,Exchange Rate API
2025-08-23,Japanese Yen,¥,0.5332,Exchange Rate API
2025-08-22,Japanese Yen,¥,0.5342,Exchange Rate API
2025-08-21,Japanese Yen,¥,0.5326,Exchange Rate API
2025-08-20,Japanese Yen,¥,0.531,Exchange Rate API
2025-08-19,Japanese Yen,¥,0.5299,Exchange Rate API
2025-08-18,Japanese Yen,¥,0.5307,Exchange Rate API
2025-08-17,Japanese Yen,¥,0.5303,Exchange Rate API
2025-08-16,Japanese Yen,¥,0.528,Exchange Rate API
2025-08-15,Japanese Yen,¥,0.53,Exchange Rate API
2025-08-14,Japanese Yen,¥,0.5327,Exchange Rate API
2025-08-13,Japanese Yen,¥,0.5321,Exchange Rate API
2025-08-12,Japanese Yen,¥,0.5318,Exchange Rate API
2025-08-11,Japanese Yen,¥,0.5329,Exchange Rate API
2025-08-10,Japanese Yen,¥,0.5344,Exchange Rate API
2025-08-09,Japanese Yen,¥,0.5338,Exchange Rate API
2025-08-08,Japanese Yen,¥,0.5338,Exchange Rate API
2025-08-07,Japanese Yen,¥,0.5354,Exchange Rate API
2025-08-06,Japanese Yen,¥,0.5373,Exchange Rate API
2025-08-05,Japanese Yen,¥,0.5378,Exchange Rate API
2025-08-04,Japanese Yen,¥,0.5406,Exchange Rate API
2026-08-03,Australian Dollar,A$,67.1953,Exchange Rate API
2026-08-02,Australian Dollar,A$,67.5613,Exchange Rate API
2026-08-01,Australian Dollar,A$,67.4786,Exchange Rate API
2026-07-31,Australian Dollar,A$,67.373,Exchange Rate API
2026-07-30,Australian Dollar,A$,67.7234,Exchange Rate API
2026-07-29,Australian Dollar,A$,68.0998,Exchange Rate API
2026-07-28,Australian Dollar,A$,67.9288,Exchange Rate API
2026-07-27,Australian Dollar,A$,67.8277,Exchange Rate API
2026-07-26,Australian Dollar,A$,68.213,Exchange Rate API
2026-07-25,Australian Dollar,A$,68.3521,Exchange Rate API
2026-07-24,Australian Dollar,A$,68.2963,Exchange Rate API
2026-07-23,Australian Dollar,A$,68.0152,Exchange Rate API
2026-07-22,Australian Dollar,A$,68.1238,Exchange Rate API
2026-07-21,Australian Dollar,A$,68.3884,Exchange Rate API
2026-07-20,Australian Dollar,A$,68.1588,Exchange Rate API
2026-07-19,Australian Dollar,A$,68.0732,Exchange Rate API
2026-07-18,Australian Dollar,A$,68.2705,Exchange Rate API
2026-07-17,Australian Dollar,A$,68.4891,Exchange Rate API
2026-07-16,Australian Dollar,A$,68.2594,Exchange Rate API
2026-07-15,Australian Dollar,A$,68.0144,Exchange Rate API
2026-07-14,Australian Dollar,A$,68.1192,Exchange Rate API
2026-07-13,Australian Dollar,A$,68.3789,Exchange Rate API
2026-07-12,Australian Dollar,A$,68.2128,Exchange Rate API
2026-07-11,Australian Dollar,A$,68.3733,Exchange Rate API
2026-07-10,Australian Dollar,A$,68.4491,Exchange Rate API
2026-07-09,Australian Dollar,A$,68.3428,Exchange Rate API
2026-07-08,Australian Dollar,A$,68.0186,Exchange Rate API
2026-07-07,Australian Dollar,A$,68.0703,Exchange Rate API
2026-07-06,Australian Dollar,A$,67.9037,Exchange Rate API
2026-07-05,Australian Dollar,A$,67.8439,Exchange Rate API
2026-07-04,Australian Dollar,A$,67.9259,Exchange Rate API
2026-07-03,Australian Dollar,A$,67.9031,Exchange Rate API
2026-07-02,Australian Dollar,A$,67.6628,Exchange Rate API
2026-07-01,Australian Dollar,A$,67.9661,Exchange Rate API
2026-06-30,Australian Dollar,A$,68.0675,Exchange Rate API
2026-06-29,Australian Dollar,A$,68.3899,Exchange Rate API
2026-06-28,Australian Dollar,A$,68.6394,Exchange Rate API
2026-06-27,Australian Dollar,A$,68.9971,Exchange Rate API
2026-06-26,Australian Dollar,A$,69.1694,Exchange Rate API
2026-06-25,Australian Dollar,A$,69.0919,Exchange Rate API
2026-06-24,Australian Dollar,A$,68.7455,Exchange Rate API
2026-06-23,Australian Dollar,A$,68.9362,Exchange Rate API
2026-06-22,Australian Dollar,A$,68.8692,Exchange Rate API
2026-06-21,Australian Dollar,A$,68.9079,Exchange Rate API
2026-06-20,Australian Dollar,A$,68.5639,Exchange Rate API
2026-06-19,Australian Dollar,A$,68.29,Exchange Rate API
2026-06-18,Australian Dollar,A$,68.4496,Exchange Rate API
2026-06-17,Australian Dollar,A$,68.7967,Exchange Rate API
2026-06-16,Australian Dollar,A$,68.7749,Exchange Rate API
2026-06-15,Australian Dollar,A$,68.4358,Exchange Rate API
2026-06-14,Australian Dollar,A$,68.8262,Exchange Rate API
2026-06-13,Australian Dollar,A$,68.88,Exchange Rate API
2026-06-12,Australian Dollar,A$,69.1177,Exchange Rate API
2026-06-11,Australian Dollar,A$,69.4837,Exchange Rate API
2026-06-10,Australian Dollar,A$,69.4181,Exchange Rate API
2026-06-09,Australian Dollar,A$,69.7451,Exchange Rate API
2026-06-08,Australian Dollar,A$,69.8373,Exchange Rate API
2026-06-07,Australian Dollar,A$,69.4383,Exchange Rate API
2026-06-06,Australian Dollar,A$,69.2939,Exchange Rate API
2026-06-05,Australian Dollar,A$,69.349,Exchange Rate API
2026-06-04,Australian Dollar,A$,69.6706,Exchange Rate API
2026-06-03,Australian Dollar,A$,69.3495,Exchange Rate API
2026-06-02,Australian Dollar,A$,68.9758,Exchange Rate API
2026-06-01,Australian Dollar,A$,69.2733,Exchange Rate API
2026-05-31,Australian Dollar,A$,69.3728,Exchange Rate API
2026-05-30,Australian Dollar,A$,69.6296,Exchange Rate API
2026-05-29,Australian Dollar,A$,69.8407,Exchange Rate API
2026-05-28,Australian Dollar,A$,70.2185,Exchange Rate API
2026-05-27,Australian Dollar,A$,70.2473,Exchange Rate API
2026-05-26,Australian Dollar,A$,70.5464,Exchange Rate API
2026-05-25,Australian Dollar,A$,70.3138,Exchange Rate API
2026-05-24,Australian Dollar,A$,70.2789,Exchange Rate API
2026-05-23,Australian Dollar,A$,69.9697,Exchange Rate API
2026-05-22,Australian Dollar,A$,69.9476,Exchange Rate API
2026-05-21,Australian Dollar,A$,69.7566,Exchange Rate API
2026-05-20,Australian Dollar,A$,70.0035,Exchange Rate API
2026-05-19,Australian Dollar,A$,70.251,Exchange Rate API
2026-05-18,Australian Dollar,A$,70.0727,Exchange Rate API
2026-05-17,Australian Dollar,A$,69.6632,Exchange Rate API
2026-05-16,Australian Dollar,A$,69.9487,Exchange Rate API
2026-05-15,Australian Dollar,A$,69.6093,Exchange Rate API
2026-05-14,Australian Dollar,A$,69.7866,Exchange Rate API
2026-05-13,Australian Dollar,A$,70.0023,Exchange Rate API
2026-05-12,Australian Dollar,A$,69.6702,Exchange Rate API
2026-05-11,Australian Dollar,A$,69.7622,Exchange Rate API
2026-05-10,Australian Dollar,A$,69.7853,Exchange Rate API
2026-05-09,Australian Dollar,A$,69.8655,Exchange Rate API
2026-05-08,Australian Dollar,A$,69.9557,Exchange Rate API
2026-05-07,Australian Dollar,A$,70.2873,Exchange Rate API
2026-05-06,Australian Dollar,A$,70.1958,Exchange Rate API
2026-05-05,Australian Dollar,A$,69.9078,Exchange Rate API
2026-05-04,Australian Dollar,A$,70.0222,Exchange Rate API
2026-05-03,Australian Dollar,A$,70.1728,Exchange Rate API
2026-05-02,Australian Dollar,A$,69.8634,Exchange Rate API
2026-05-01,Australian Dollar,A$,69.5246,Exchange Rate API
2026-04-30,Australian Dollar,A$,69.7248,Exchange Rate API
2026-04-29,Australian Dollar,A$,69.3089,Exchange Rate API
2026-04-28,Australian Dollar,A$,69.1423,Exchange Rate API
2026-04-27,Australian Dollar,A$,69.3365,Exchange Rate API
2026-04-26,Australian Dollar,A$,69.5674,Exchange Rate API
2026-04-25,Australian Dollar,A$,69.6901,Exchange Rate API
2026-04-24,Australian Dollar,A$,69.6669,Exchange Rate API
2026-04-23,Australian Dollar,A$,69.7476,Exchange Rate API
2026-04-22,Australian Dollar,A$,70.0109,Exchange Rate API
2026-04-21,Australian Dollar,A$,70.3614,Exchange Rate API
2026-04-20,Australian Dollar,A$,70.3554,Exchange Rate API
2026-04-19,Australian Dollar,A$,70.5348,Exchange Rate API
2026-04-18,Australian Dollar,A$,70.1441,Exchange Rate API
2026-04-17,Australian Dollar,A$,70.4178,Exchange Rate API
2026-04-16,Australian Dollar,A$,70.6075,Exchange Rate API
2026-04-15,Australian Dollar,A$,70.2248,Exchange Rate API
2026-04-14,Australian Dollar,A$,69.8928,Exchange Rate API
2026-04-13,Australian Dollar,A$,69.8246,Exchange Rate API
2026-04-12,Australian Dollar,A$,69.4623,Exchange Rate API
2026-04-11,Australian Dollar,A$,69.6875,Exchange Rate API
2026-04-10,Australian Dollar,A$,69.5059,Exchange Rate API
2026-04-09,Australian Dollar,A$,69.726,Exchange Rate API
2026-04-08,Australian Dollar,A$,70.1063,Exchange Rate API
2026-04-07,Australian Dollar,A$,69.8762,Exchange Rate API
2026-04-06,Australian Dollar,A$,69.7873,Exchange Rate API
2026-04-05,Australian Dollar,A$,69.4732,Exchange Rate API
2026-04-04,Australian Dollar,A$,69.1164,Exchange Rate API
2026-04-03,Australian Dollar,A$,68.8981,Exchange Rate API
2026-04-02,Australian Dollar,A$,69.1841,Exchange Rate API
2026-04-01,Australian Dollar,A$,69.3857,Exchange Rate API
2026-03-31,Australian Dollar,A$,69.7434,Exchange Rate API
2026-03-30,Australian Dollar,A$,70.145,Exchange Rate API
2026-03-29,Australian Dollar,A$,70.2154,Exchange Rate API
2026-03-28,Australian Dollar,A$,70.3617,Exchange Rate API
2026-03-27,Australian Dollar,A$,70.6778,Exchange Rate API
2026-03-26,Australian Dollar,A$,70.3981,Exchange Rate API
2026-03-25,Australian Dollar,A$,70.1628,Exchange Rate API
2026-03-24,Australian Dollar,A$,69.9303,Exchange Rate API
2026-03-23,Australian Dollar,A$,70.1047,Exchange Rate API
2026-03-22,Australian Dollar,A$,70.4794,Exchange Rate API
2026-03-21,Australian Dollar,A$,70.535,Exchange Rate API
2026-03-20,Australian Dollar,A$,70.3892,Exchange Rate API
2026-03-19,Australian Dollar,A$,70.0327,Exchange Rate API
2026-03-18,Australian Dollar,A$,69.6718,Exchange Rate API
2026-03-17,Australian Dollar,A$,69.4445,Exchange Rate API
2026-03-16,Australian Dollar,A$,69.4642,Exchange Rate API
2026-03-15,Australian Dollar,A$,69.7594,Exchange Rate API
2026-03-14,Australian Dollar,A$,69.7007,Exchange Rate API
2026-03-13,Australian Dollar,A$,69.358,Exchange Rate API
2026-03-12,Australian Dollar,A$,69.7538,Exchange Rate API
2026-03-11,Australian Dollar,A$,69.9406,Exchange Rate API
2026-03-10,Australian Dollar,A$,69.5609,Exchange Rate API
2026-03-09,Australian Dollar,A$,69.5253,Exchange Rate API
2026-03-08,Australian Dollar,A$,69.5286,Exchange Rate API
2026-03-07,Australian Dollar,A$,69.2572,Exchange Rate API
2026-03-06,Australian Dollar,A$,68.9425,Exchange Rate API
2026-03-05,Australian Dollar,A$,69.0789,Exchange Rate API
2026-03-04,Australian Dollar,A$,68.7215,Exchange Rate API
2026-03-03,Australian Dollar,A$,68.9611,Exchange Rate API
2026-03-02,Australian Dollar,A$,69.3492,Exchange Rate API
2026-03-01,Australian Dollar,A$,69.4344,Exchange Rate API
2026-02-28,Australian Dollar,A$,69.12,Exchange Rate API
2026-02-27,Australian Dollar,A$,69.2636,Exchange Rate API
2026-02-26,Australian Dollar,A$,69.513,Exchange Rate API
2026-02-25,Australian Dollar,A$,69.3176,Exchange Rate API
2026-02-24,Australian Dollar,A$,69.6289,Exchange Rate API
2026-02-23,Australian Dollar,A$,69.957,Exchange Rate API
2026-02-22,Australian Dollar,A$,70.1289,Exchange Rate API
2026-02-21,Australian Dollar,A$,70.0008,Exchange Rate API
2026-02-20,Australian Dollar,A$,70.3133,Exchange Rate API
2026-02-19,Australian Dollar,A$,70.3235,Exchange Rate API
2026-02-18,Australian Dollar,A$,70.196,Exchange Rate API
2026-02-17,Australian Dollar,A$,69.9925,Exchange Rate API
2026-02-16,Australian Dollar,A$,70.2596,Exchange Rate API
2026-02-15,Australian Dollar,A$,70.3304,Exchange Rate API
2026-02-14,Australian Dollar,A$,69.965,Exchange Rate API
2026-02-13,Australian Dollar,A$,70.2984,Exchange Rate API
2026-02-12,Australian Dollar,A$,70.2283,Exchange Rate API
2026-02-11,Australian Dollar,A$,70.1844,Exchange Rate API
2026-02-10,Australian Dollar,A$,70.4542,Exchange Rate API
2026-02-09,Australian Dollar,A$,70.2756,Exchange Rate API
2026-02-08,Australian Dollar,A$,70.3612,Exchange Rate API
2026-02-07,Australian Dollar,A$,70.3937,Exchange Rate API
2026-02-06,Australian Dollar,A$,70.0033,Exchange Rate API
2026-02-05,Australian Dollar,A$,69.8805,Exchange Rate API
2026-02-04,Australian Dollar,A$,69.6317,Exchange Rate API
2026-02-03,Australian Dollar,A$,69.3412,Exchange Rate API
2026-02-02,Australian Dollar,A$,69.0497,Exchange Rate API
2026-02-01,Australian Dollar,A$,68.8542,Exchange Rate API
2026-01-31,Australian Dollar,A$,68.7378,Exchange Rate API
2026-01-30,Australian Dollar,A$,68.4041,Exchange Rate API
2026-01-29,Australian Dollar,A$,68.5189,Exchange Rate API
2026-01-28,Australian Dollar,A$,68.5638,Exchange Rate API
2026-01-27,Australian Dollar,A$,68.9487,Exchange Rate API
2026-01-26,Australian Dollar,A$,69.237,Exchange Rate API
2026-01-25,Australian Dollar,A$,69.3566,Exchange Rate API
2026-01-24,Australian Dollar,A$,69.4532,Exchange Rate API
2026-01-23,Australian Dollar,A$,69.1774,Exchange Rate API
2026-01-22,Australian Dollar,A$,69.4705,Exchange Rate API
2026-01-21,Australian Dollar,A$,69.8156,Exchange Rate API
2026-01-20,Australian Dollar,A$,69.6151,Exchange Rate API
2026-01-19,Australian Dollar,A$,69.2129,Exchange Rate API
2026-01-18,Australian Dollar,A$,68.9239,Exchange Rate API
2026-01-17,Australian Dollar,A$,69.1539,Exchange Rate API
2026-01-16,Australian Dollar,A$,69.1215,Exchange Rate API
2026-01-15,Australian Dollar,A$,68.8265,Exchange Rate API
2026-01-14,Australian Dollar,A$,69.2191,Exchange Rate API
2026-01-13,Australian Dollar,A$,68.8259,Exchange Rate API
2026-01-12,Australian Dollar,A$,68.4926,Exchange Rate API
2026-01-11,Australian Dollar,A$,68.5531,Exchange Rate API
2026-01-10,Australian Dollar,A$,68.2112,Exchange Rate API
2026-01-09,Australian Dollar,A$,67.9282,Exchange Rate API
2026-01-08,Australian Dollar,A$,67.7445,Exchange Rate API
2026-01-07,Australian Dollar,A$,67.4675,Exchange Rate API
2026-01-06,Australian Dollar,A$,67.2566,Exchange Rate API
2026-01-05,Australian Dollar,A$,67.5337,Exchange Rate API
2026-01-04,Australian Dollar,A$,67.842,Exchange Rate API
2026-01-03,Australian Dollar,A$,67.896,Exchange Rate API
2026-01-02,Australian Dollar,A$,67.497,Exchange Rate API
2026-01-01,Australian Dollar,A$,67.388,Exchange Rate API
2025-12-31,Australian Dollar,A$,67.2967,Exchange Rate API
2025-12-30,Australian Dollar,A$,67.1671,Exchange Rate API
2025-12-29,Australian Dollar,A$,67.2412,Exchange Rate API
2025-12-28,Australian Dollar,A$,67.0064,Exchange Rate API
2025-12-27,Australian Dollar,A$,66.7068,Exchange Rate API
2025-12-26,Australian Dollar,A$,66.7555,Exchange Rate API
2025-12-25,Australian Dollar,A$,66.4364,Exchange Rate API
2025-12-24,Australian Dollar,A$,66.5358,Exchange Rate API
2025-12-23,Australian Dollar,A$,66.3693,Exchange Rate API
2025-12-22,Australian Dollar,A$,66.5533,Exchange Rate API
2025-12-21,Australian Dollar,A$,66.4477,Exchange Rate API
2025-12-20,Australian Dollar,A$,66.4471,Exchange Rate API
2025-12-19,Australian Dollar,A$,66.7184,Exchange Rate API
2025-12-18,Australian Dollar,A$,66.8148,Exchange Rate API
2025-12-17,Australian Dollar,A$,66.5855,Exchange Rate API
2025-12-16,Australian Dollar,A$,66.9473,Exchange Rate API
2025-12-15,Australian Dollar,A$,67.2097,Exchange Rate API
2025-12-14,Australian Dollar,A$,66.9602,Exchange Rate API
2025-12-13,Australian Dollar,A$,67.2698,Exchange Rate API
2025-12-12,Australian Dollar,A$,66.9175,Exchange Rate API
2025-12-11,Australian Dollar,A$,66.5867,Exchange Rate API
2025-12-10,Australian Dollar,A$,66.2626,Exchange Rate API
2025-12-09,Australian Dollar,A$,66.5785,Exchange Rate API
2025-12-08,Australian Dollar,A$,66.9077,Exchange Rate API
2025-12-07,Australian Dollar,A$,66.9817,Exchange Rate API
2025-12-06,Australian Dollar,A$,66.8513,Exchange Rate API
2025-12-05,Australian Dollar,A$,66.4579,Exchange Rate API
2025-12-04,Australian Dollar,A$,66.6146,Exchange Rate API
2025-12-03,Australian Dollar,A$,66.581,Exchange Rate API
2025-12-02,Australian Dollar,A$,66.7888,Exchange Rate API
2025-12-01,Australian Dollar,A$,67.1492,Exchange Rate API
2025-11-30,Australian Dollar,A$,67.5209,Exchange Rate API
2025-11-29,Australian Dollar,A$,67.1388,Exchange Rate API
2025-11-28,Australian Dollar,A$,67.1941,Exchange Rate API
2025-11-27,Australian Dollar,A$,67.5695,Exchange Rate API
2025-11-26,Australian Dollar,A$,67.6688,Exchange Rate API
2025-11-25,Australian Dollar,A$,67.8749,Exchange Rate API
2025-11-24,Australian Dollar,A$,67.6261,Exchange Rate API
2025-11-23,Australian Dollar,A$,67.5521,Exchange Rate API
2025-11-22,Australian Dollar,A$,67.6055,Exchange Rate API
2025-11-21,Australian Dollar,A$,67.8063,Exchange Rate API
2025-11-20,Australian Dollar,A$,67.9328,Exchange Rate API
2025-11-19,Australian Dollar,A$,67.9065,Exchange Rate API
2025-11-18,Australian Dollar,A$,67.9723,Exchange Rate API
2025-11-17,Australian Dollar,A$,67.6189,Exchange Rate API
2025-11-16,Australian Dollar,A$,67.9639,Exchange Rate API
2025-11-15,Australian Dollar,A$,67.7333,Exchange Rate API
2025-11-14,Australian Dollar,A$,68.1278,Exchange Rate API
2025-11-13,Australian Dollar,A$,67.9433,Exchange Rate API
2025-11-12,Australian Dollar,A$,67.6141,Exchange Rate API
2025-11-11,Australian Dollar,A$,67.6041,Exchange Rate API
2025-11-10,Australian Dollar,A$,67.3606,Exchange Rate API
2025-11-09,Australian Dollar,A$,67.2509,Exchange Rate API
2025-11-08,Australian Dollar,A$,67.5178,Exchange Rate API
2025-11-07,Australian Dollar,A$,67.3162,Exchange Rate API
2025-11-06,Australian Dollar,A$,67.0645,Exchange Rate API
2025-11-05,Australian Dollar,A$,67.1316,Exchange Rate API
2025-11-04,Australian Dollar,A$,66.7947,Exchange Rate API
2025-11-03,Australian Dollar,A$,67.1056,Exchange Rate API
2025-11-02,Australian Dollar,A$,66.9473,Exchange Rate API
2025-11-01,Australian Dollar,A$,66.5598,Exchange Rate API
2025-10-31,Australian Dollar,A$,66.4806,Exchange Rate API
2025-10-30,Australian Dollar,A$,66.1682,Exchange Rate API
2025-10-29,Australian Dollar,A$,65.8312,Exchange Rate API
2025-10-28,Australian Dollar,A$,66.1171,Exchange Rate API
2025-10-27,Australian Dollar,A$,65.7982,Exchange Rate API
2025-10-26,Australian Dollar,A$,65.8698,Exchange Rate API
2025-10-25,Australian Dollar,A$,65.9823,Exchange Rate API
2025-10-24,Australian Dollar,A$,66.0818,Exchange Rate API
2025-10-23,Australian Dollar,A$,65.8293,Exchange Rate API
2025-10-22,Australian Dollar,A$,65.7677,Exchange Rate API
2025-10-21,Australian Dollar,A$,65.5585,Exchange Rate API
2025-10-20,Australian Dollar,A$,65.739,Exchange Rate API
2025-10-19,Australian Dollar,A$,65.9833,Exchange Rate API
2025-10-18,Australian Dollar,A$,66.1788,Exchange Rate API
2025-10-17,Australian Dollar,A$,66.016,Exchange Rate API
2025-10-16,Australian Dollar,A$,65.6505,Exchange Rate API
2025-10-15,Australian Dollar,A$,65.7535,Exchange Rate API
2025-10-14,Australian Dollar,A$,65.4035,Exchange Rate API
2025-10-13,Australian Dollar,A$,65.2436,Exchange Rate API
2025-10-12,Australian Dollar,A$,65.2122,Exchange Rate API
2025-10-11,Australian Dollar,A$,65.3546,Exchange Rate API
2025-10-10,Australian Dollar,A$,65.4803,Exchange Rate API
2025-10-09,Australian Dollar,A$,65.1742,Exchange Rate API
2025-10-08,Australian Dollar,A$,65.1211,Exchange Rate API
2025-10-07,Australian Dollar,A$,64.9939,Exchange Rate API
2025-10-06,Australian Dollar,A$,65.1296,Exchange Rate API
2025-10-05,Australian Dollar,A$,65.0525,Exchange Rate API
2025-10-04,Australian Dollar,A$,65.2562,Exchange Rate API
2025-10-03,Australian Dollar,A$,65.166,Exchange Rate API
2025-10-02,Australian Dollar,A$,64.8099,Exchange Rate API
2025-10-01,Australian Dollar,A$,64.7912,Exchange Rate API
2025-09-30,Australian Dollar,A$,64.8484,Exchange Rate API
2025-09-29,Australian Dollar,A$,65.2368,Exchange Rate API
2025-09-28,Australian Dollar,A$,65.348,Exchange Rate API
2025-09-27,Australian Dollar,A$,65.6847,Exchange Rate API
2025-09-26,Australian Dollar,A$,65.5706,Exchange Rate API
2025-09-25,Australian Dollar,A$,65.5099,Exchange Rate API
2025-09-24,Australian Dollar,A$,65.2041,Exchange Rate API
2025-09-23,Australian Dollar,A$,65.1251,Exchange Rate API
2025-09-22,Australian Dollar,A$,65.1337,Exchange Rate API
2025-09-21,Australian Dollar,A$,65.2358,Exchange Rate API
2025-09-20,Australian Dollar,A$,65.2183,Exchange Rate API
2025-09-19,Australian Dollar,A$,64.9675,Exchange Rate API
2025-09-18,Australian Dollar,A$,65.124,Exchange Rate API
2025-09-17,Australian Dollar,A$,64.896,Exchange Rate API
2025-09-16,Australian Dollar,A$,65.1012,Exchange Rate API
2025-09-15,Australian Dollar,A$,64.948,Exchange Rate API
2025-09-14,Australian Dollar,A$,64.8203,Exchange Rate API
2025-09-13,Australian Dollar,A$,64.4483,Exchange Rate API
2025-09-12,Australian Dollar,A$,64.4831,Exchange Rate API
2025-09-11,Australian Dollar,A$,64.2133,Exchange Rate API
2025-09-10,Australian Dollar,A$,64.419,Exchange Rate API
2025-09-09,Australian Dollar,A$,64.6195,Exchange Rate API
2025-09-08,Australian Dollar,A$,64.7984,Exchange Rate API
2025-09-07,Australian Dollar,A$,64.9194,Exchange Rate API
2025-09-06,Australian Dollar,A$,65.2283,Exchange Rate API
2025-09-05,Australian Dollar,A$,64.8828,Exchange Rate API
2025-09-04,Australian Dollar,A$,65.2197,Exchange Rate API
2025-09-03,Australian Dollar,A$,64.9218,Exchange Rate API
2025-09-02,Australian Dollar,A$,65.0512,Exchange Rate API
2025-09-01,Australian Dollar,A$,64.8771,Exchange Rate API
2025-08-31,Australian Dollar,A$,64.7835,Exchange Rate API
2025-08-30,Australian Dollar,A$,64.6716,Exchange Rate API
2025-08-29,Australian Dollar,A$,64.6127,Exchange Rate API
2025-08-28,Australian Dollar,A$,64.7665,Exchange Rate API
2025-08-27,Australian Dollar,A$,65.0815,Exchange Rate API
2025-08-26,Australian Dollar,A$,64.795,Exchange Rate API
2025-08-25,Australian Dollar,A$,64.8831,Exchange Rate API
2025-08-24,Australian Dollar,A$,64.8316,Exchange Rate API
2025-08-23,Australian Dollar,A$,64.7599,Exchange Rate API
2025-08-22,Australian Dollar,A$,64.6236,Exchange Rate API
2025-08-21,Australian Dollar,A$,64.3778,Exchange Rate API
2025-08-20,Australian Dollar,A$,64.1956,Exchange Rate API
2025-08-19,Australian Dollar,A$,64.4691,Exchange Rate API
2025-08-18,Australian Dollar,A$,64.2841,Exchange Rate API
2025-08-17,Australian Dollar,A$,64.3558,Exchange Rate API
2025-08-16,Australian Dollar,A$,64.5316,Exchange Rate API
2025-08-15,Australian Dollar,A$,64.2302,Exchange Rate API
2025-08-14,Australian Dollar,A$,64.2939,Exchange Rate API
2025-08-13,Australian Dollar,A$,63.9892,Exchange Rate API
2025-08-12,Australian Dollar,A$,64.0391,Exchange Rate API
2025-08-11,Australian Dollar,A$,63.8025,Exchange Rate API
2025-08-10,Australian Dollar,A$,64.1213,Exchange Rate API
2025-08-09,Australian Dollar,A$,63.9502,Exchange Rate API
2025-08-08,Australian Dollar,A$,63.8374,Exchange Rate API
2025-08-07,Australian Dollar,A$,64.1184,Exchange Rate API
2025-08-06,Australian Dollar,A$,64.1401,Exchange Rate API
2025-08-05,Australian Dollar,A$,64.4194,Exchange Rate API
2025-08-04,Australian Dollar,A$,64.1646,Exchange Rate API
2026-08-03,Canadian Dollar,C$,68.0087,Exchange Rate API
2026-08-02,Canadian Dollar,C$,67.8658,Exchange Rate API
2026-08-01,Canadian Dollar,C$,67.9304,Exchange Rate API
2026-07-31,Canadian Dollar,C$,68.0407,Exchange Rate API
2026-07-30,Canadian Dollar,C$,68.0713,Exchange Rate API
2026-07-29,Canadian Dollar,C$,68.3493,Exchange Rate API
2026-07-28,Canadian Dollar,C$,68.2988,Exchange Rate API
2026-07-27,Canadian Dollar,C$,68.2089,Exchange Rate API
2026-07-26,Canadian Dollar,C$,68.5005,Exchange Rate API
2026-07-25,Canadian Dollar,C$,68.8885,Exchange Rate API
2026-07-24,Canadian Dollar,C$,69.214,Exchange Rate API
2026-07-23,Canadian Dollar,C$,69.5145,Exchange Rate API
2026-07-22,Canadian Dollar,C$,69.4121,Exchange Rate API
2026-07-21,Canadian Dollar,C$,69.7808,Exchange Rate API
2026-07-20,Canadian Dollar,C$,69.5682,Exchange Rate API
2026-07-19,Canadian Dollar,C$,69.4437,Exchange Rate API
2026-07-18,Canadian Dollar,C$,69.3673,Exchange Rate API
2026-07-17,Canadian Dollar,C$,69.4906,Exchange Rate API
2026-07-16,Canadian Dollar,C$,69.9074,Exchange Rate API
2026-07-15,Canadian Dollar,C$,69.8393,Exchange Rate API
2026-07-14,Canadian Dollar,C$,70.0542,Exchange Rate API
2026-07-13,Canadian Dollar,C$,70.2849,Exchange Rate API
2026-07-12,Canadian Dollar,C$,70.0768,Exchange Rate API
2026-07-11,Canadian Dollar,C$,70.4685,Exchange Rate API
2026-07-10,Canadian Dollar,C$,70.5498,Exchange Rate API
2026-07-09,Canadian Dollar,C$,70.8521,Exchange Rate API
2026-07-08,Canadian Dollar,C$,70.4561,Exchange Rate API
2026-07-07,Canadian Dollar,C$,70.1336,Exchange Rate API
2026-07-06,Canadian Dollar,C$,69.8998,Exchange Rate API
2026-07-05,Canadian Dollar,C$,69.8512,Exchange Rate API
2026-07-04,Canadian Dollar,C$,69.7226,Exchange Rate API
2026-07-03,Canadian Dollar,C$,70.0008,Exchange Rate API
2026-07-02,Canadian Dollar,C$,70.263,Exchange Rate API
2026-07-01,Canadian Dollar,C$,70.3983,Exchange Rate API
2026-06-30,Canadian Dollar,C$,70.2784,Exchange Rate API
2026-06-29,Canadian Dollar,C$,70.0346,Exchange Rate API
2026-06-28,Canadian Dollar,C$,70.2536,Exchange Rate API
2026-06-27,Canadian Dollar,C$,70.3024,Exchange Rate API
2026-06-26,Canadian Dollar,C$,70.021,Exchange Rate API
2026-06-25,Canadian Dollar,C$,69.8409,Exchange Rate API
2026-06-24,Canadian Dollar,C$,69.5998,Exchange Rate API
2026-06-23,Canadian Dollar,C$,69.6718,Exchange Rate API
2026-06-22,Canadian Dollar,C$,70.0143,Exchange Rate API
2026-06-21,Canadian Dollar,C$,70.3304,Exchange Rate API
2026-06-20,Canadian Dollar,C$,70.4526,Exchange Rate API
2026-06-19,Canadian Dollar,C$,70.2241,Exchange Rate API
2026-06-18,Canadian Dollar,C$,70.3689,Exchange Rate API
2026-06-17,Canadian Dollar,C$,70.3648,Exchange Rate API
2026-06-16,Canadian Dollar,C$,70.5097,Exchange Rate API
2026-06-15,Canadian Dollar,C$,70.6789,Exchange Rate API
2026-06-14,Canadian Dollar,C$,70.463,Exchange Rate API
2026-06-13,Canadian Dollar,C$,70.6643,Exchange Rate API
2026-06-12,Canadian Dollar,C$,70.7375,Exchange Rate API
2026-06-11,Canadian Dollar,C$,70.3955,Exchange Rate API
2026-06-10,Canadian Dollar,C$,70.238,Exchange Rate API
2026-06-09,Canadian Dollar,C$,70.242,Exchange Rate API
2026-06-08,Canadian Dollar,C$,70.023,Exchange Rate API
2026-06-07,Canadian Dollar,C$,69.6709,Exchange Rate API
2026-06-06,Canadian Dollar,C$,69.3842,Exchange Rate API
2026-06-05,Canadian Dollar,C$,69.6445,Exchange Rate API
2026-06-04,Canadian Dollar,C$,69.7424,Exchange Rate API
2026-06-03,Canadian Dollar,C$,69.3983,Exchange Rate API
2026-06-02,Canadian Dollar,C$,69.7955,Exchange Rate API
2026-06-01,Canadian Dollar,C$,69.8126,Exchange Rate API
2026-05-31,Canadian Dollar,C$,70.0929,Exchange Rate API
2026-05-30,Canadian Dollar,C$,70.2789,Exchange Rate API
2026-05-29,Canadian Dollar,C$,69.9841,Exchange Rate API
2026-05-28,Canadian Dollar,C$,70.1497,Exchange Rate API
2026-05-27,Canadian Dollar,C$,70.3997,Exchange Rate API
2026-05-26,Canadian Dollar,C$,70.7647,Exchange Rate API
2026-05-25,Canadian Dollar,C$,71.078,Exchange Rate API
2026-05-24,Canadian Dollar,C$,71.1703,Exchange Rate API
2026-05-23,Canadian Dollar,C$,71.067,Exchange Rate API
2026-05-22,Canadian Dollar,C$,71.303,Exchange Rate API
2026-05-21,Canadian Dollar,C$,71.4253,Exchange Rate API
2026-05-20,Canadian Dollar,C$,71.203,Exchange Rate API
2026-05-19,Canadian Dollar,C$,71.1505,Exchange Rate API
2026-05-18,Canadian Dollar,C$,71.1001,Exchange Rate API
2026-05-17,Canadian Dollar,C$,71.3141,Exchange Rate API
2026-05-16,Canadian Dollar,C$,71.3405,Exchange Rate API
2026-05-15,Canadian Dollar,C$,71.0333,Exchange Rate API
2026-05-14,Canadian Dollar,C$,71.2946,Exchange Rate API
2026-05-13,Canadian Dollar,C$,71.5193,Exchange Rate API
2026-05-12,Canadian Dollar,C$,71.1234,Exchange Rate API
2026-05-11,Canadian Dollar,C$,71.4245,Exchange Rate API
2026-05-10,Canadian Dollar,C$,71.0225,Exchange Rate API
2026-05-09,Canadian Dollar,C$,71.1672,Exchange Rate API
2026-05-08,Canadian Dollar,C$,70.8025,Exchange Rate API
2026-05-07,Canadian Dollar,C$,70.6921,Exchange Rate API
2026-05-06,Canadian Dollar,C$,70.7452,Exchange Rate API
2026-05-05,Canadian Dollar,C$,71.1458,Exchange Rate API
2026-05-04,Canadian Dollar,C$,71.0679,Exchange Rate API
2026-05-03,Canadian Dollar,C$,70.8164,Exchange Rate API
2026-05-02,Canadian Dollar,C$,71.2238,Exchange Rate API
2026-05-01,Canadian Dollar,C$,71.0097,Exchange Rate API
2026-04-30,Canadian Dollar,C$,70.9776,Exchange Rate API
2026-04-29,Canadian Dollar,C$,70.9424,Exchange Rate API
2026-04-28,Canadian Dollar,C$,70.998,Exchange Rate API
2026-04-27,Canadian Dollar,C$,70.8142,Exchange Rate API
2026-04-26,Canadian Dollar,C$,70.6513,Exchange Rate API
2026-04-25,Canadian Dollar,C$,70.7713,Exchange Rate API
2026-04-24,Canadian Dollar,C$,70.5121,Exchange Rate API
2026-04-23,Canadian Dollar,C$,70.507,Exchange Rate API
2026-04-22,Canadian Dollar,C$,70.2134,Exchange Rate API
2026-04-21,Canadian Dollar,C$,70.3435,Exchange Rate API
2026-04-20,Canadian Dollar,C$,70.0519,Exchange Rate API
2026-04-19,Canadian Dollar,C$,69.7577,Exchange Rate API
2026-04-18,Canadian Dollar,C$,69.9691,Exchange Rate API
2026-04-17,Canadian Dollar,C$,70.2793,Exchange Rate API
2026-04-16,Canadian Dollar,C$,70.5085,Exchange Rate API
2026-04-15,Canadian Dollar,C$,70.15,Exchange Rate API
2026-04-14,Canadian Dollar,C$,70.1243,Exchange Rate API
2026-04-13,Canadian Dollar,C$,70.1984,Exchange Rate API
2026-04-12,Canadian Dollar,C$,70.5119,Exchange Rate API
2026-04-11,Canadian Dollar,C$,70.5423,Exchange Rate API
2026-04-10,Canadian Dollar,C$,70.4233,Exchange Rate API
2026-04-09,Canadian Dollar,C$,70.8292,Exchange Rate API
2026-04-08,Canadian Dollar,C$,70.4431,Exchange Rate API
2026-04-07,Canadian Dollar,C$,70.3891,Exchange Rate API
2026-04-06,Canadian Dollar,C$,70.4733,Exchange Rate API
2026-04-05,Canadian Dollar,C$,70.8723,Exchange Rate API
2026-04-04,Canadian Dollar,C$,70.9222,Exchange Rate API
2026-04-03,Canadian Dollar,C$,71.2152,Exchange Rate API
2026-04-02,Canadian Dollar,C$,70.8462,Exchange Rate API
2026-04-01,Canadian Dollar,C$,70.7517,Exchange Rate API
2026-03-31,Canadian Dollar,C$,70.4427,Exchange Rate API
2026-03-30,Canadian Dollar,C$,70.4601,Exchange Rate API
2026-03-29,Canadian Dollar,C$,70.1536,Exchange Rate API
2026-03-28,Canadian Dollar,C$,69.9256,Exchange Rate API
2026-03-27,Canadian Dollar,C$,70.2183,Exchange Rate API
2026-03-26,Canadian Dollar,C$,70.5903,Exchange Rate API
2026-03-25,Canadian Dollar,C$,70.9758,Exchange Rate API
2026-03-24,Canadian Dollar,C$,71.2738,Exchange Rate API
2026-03-23,Canadian Dollar,C$,70.8946,Exchange Rate API
2026-03-22,Canadian Dollar,C$,70.6479,Exchange Rate API
2026-03-21,Canadian Dollar,C$,70.7038,Exchange Rate API
2026-03-20,Canadian Dollar,C$,70.864,Exchange Rate API
2026-03-19,Canadian Dollar,C$,70.8771,Exchange Rate API
2026-03-18,Canadian Dollar,C$,70.932,Exchange Rate API
2026-03-17,Canadian Dollar,C$,70.6531,Exchange Rate API
2026-03-16,Canadian Dollar,C$,70.2398,Exchange Rate API
2026-03-15,Canadian Dollar,C$,70.5602,Exchange Rate API
2026-03-14,Canadian Dollar,C$,70.4873,Exchange Rate API
2026-03-13,Canadian Dollar,C$,70.7234,Exchange Rate API
2026-03-12,Canadian Dollar,C$,70.4541,Exchange Rate API
2026-03-11,Canadian Dollar,C$,70.1107,Exchange Rate API
2026-03-10,Canadian Dollar,C$,70.0402,Exchange Rate API
2026-03-09,Canadian Dollar,C$,70.1136,Exchange Rate API
2026-03-08,Canadian Dollar,C$,69.8013,Exchange Rate API
2026-03-07,Canadian Dollar,C$,69.5273,Exchange Rate API
2026-03-06,Canadian Dollar,C$,69.3578,Exchange Rate API
2026-03-05,Canadian Dollar,C$,69.3082,Exchange Rate API
2026-03-04,Canadian Dollar,C$,69.5292,Exchange Rate API
2026-03-03,Canadian Dollar,C$,69.6682,Exchange Rate API
2026-03-02,Canadian Dollar,C$,69.5809,Exchange Rate API
2026-03-01,Canadian Dollar,C$,69.2148,Exchange Rate API
2026-02-28,Canadian Dollar,C$,69.1177,Exchange Rate API
2026-02-27,Canadian Dollar,C$,68.964,Exchange Rate API
2026-02-26,Canadian Dollar,C$,69.1648,Exchange Rate API
2026-02-25,Canadian Dollar,C$,69.2064,Exchange Rate API
2026-02-24,Canadian Dollar,C$,68.8777,Exchange Rate API
2026-02-23,Canadian Dollar,C$,68.8245,Exchange Rate API
2026-02-22,Canadian Dollar,C$,68.6108,Exchange Rate API
2026-02-21,Canadian Dollar,C$,68.7404,Exchange Rate API
2026-02-20,Canadian Dollar,C$,68.4594,Exchange Rate API
2026-02-19,Canadian Dollar,C$,68.3518,Exchange Rate API
2026-02-18,Canadian Dollar,C$,68.1659,Exchange Rate API
2026-02-17,Canadian Dollar,C$,67.8983,Exchange Rate API
2026-02-16,Canadian Dollar,C$,67.7012,Exchange Rate API
2026-02-15,Canadian Dollar,C$,68.0566,Exchange Rate API
2026-02-14,Canadian Dollar,C$,67.6949,Exchange Rate API
2026-02-13,Canadian Dollar,C$,68.0564,Exchange Rate API
2026-02-12,Canadian Dollar,C$,68.3246,Exchange Rate API
2026-02-11,Canadian Dollar,C$,68.1092,Exchange Rate API
2026-02-10,Canadian Dollar,C$,67.843,Exchange Rate API
2026-02-09,Canadian Dollar,C$,68.2456,Exchange Rate API
2026-02-08,Canadian Dollar,C$,68.0006,Exchange Rate API
2026-02-07,Canadian Dollar,C$,68.1214,Exchange Rate API
2026-02-06,Canadian Dollar,C$,68.1832,Exchange Rate API
2026-02-05,Canadian Dollar,C$,68.1743,Exchange Rate API
2026-02-04,Canadian Dollar,C$,68.3546,Exchange Rate API
2026-02-03,Canadian Dollar,C$,68.4905,Exchange Rate API
2026-02-02,Canadian Dollar,C$,68.2528,Exchange Rate API
2026-02-01,Canadian Dollar,C$,67.9717,Exchange Rate API
2026-01-31,Canadian Dollar,C$,67.7967,Exchange Rate API
2026-01-30,Canadian Dollar,C$,68.0962,Exchange Rate API
2026-01-29,Canadian Dollar,C$,67.7524,Exchange Rate API
2026-01-28,Canadian Dollar,C$,67.708,Exchange Rate API
2026-01-27,Canadian Dollar,C$,68.0401,Exchange Rate API
2026-01-26,Canadian Dollar,C$,68.4097,Exchange Rate API
2026-01-25,Canadian Dollar,C$,68.3101,Exchange Rate API
2026-01-24,Canadian Dollar,C$,68.3328,Exchange Rate API
2026-01-23,Canadian Dollar,C$,68.421,Exchange Rate API
2026-01-22,Canadian Dollar,C$,68.2217,Exchange Rate API
2026-01-21,Canadian Dollar,C$,68.3049,Exchange Rate API
2026-01-20,Canadian Dollar,C$,68.009,Exchange Rate API
2026-01-19,Canadian Dollar,C$,68.2945,Exchange Rate API
2026-01-18,Canadian Dollar,C$,68.3472,Exchange Rate API
2026-01-17,Canadian Dollar,C$,68.7443,Exchange Rate API
2026-01-16,Canadian Dollar,C$,69.0492,Exchange Rate API
2026-01-15,Canadian Dollar,C$,69.4021,Exchange Rate API
2026-01-14,Canadian Dollar,C$,69.4087,Exchange Rate API
2026-01-13,Canadian Dollar,C$,69.6346,Exchange Rate API
2026-01-12,Canadian Dollar,C$,69.5585,Exchange Rate API
2026-01-11,Canadian Dollar,C$,69.6061,Exchange Rate API
2026-01-10,Canadian Dollar,C$,69.5893,Exchange Rate API
2026-01-09,Canadian Dollar,C$,69.7341,Exchange Rate API
2026-01-08,Canadian Dollar,C$,69.3195,Exchange Rate API
2026-01-07,Canadian Dollar,C$,69.0631,Exchange Rate API
2026-01-06,Canadian Dollar,C$,69.4032,Exchange Rate API
2026-01-05,Canadian Dollar,C$,69.2552,Exchange Rate API
2026-01-04,Canadian Dollar,C$,68.8721,Exchange Rate API
2026-01-03,Canadian Dollar,C$,69.172,Exchange Rate API
2026-01-02,Canadian Dollar,C$,69.0433,Exchange Rate API
2026-01-01,Canadian Dollar,C$,69.4348,Exchange Rate API
2025-12-31,Canadian Dollar,C$,69.0456,Exchange Rate API
2025-12-30,Canadian Dollar,C$,69.184,Exchange Rate API
2025-12-29,Canadian Dollar,C$,69.5309,Exchange Rate API
2025-12-28,Canadian Dollar,C$,69.4366,Exchange Rate API
2025-12-27,Canadian Dollar,C$,69.5705,Exchange Rate API
2025-12-26,Canadian Dollar,C$,69.5911,Exchange Rate API
2025-12-25,Canadian Dollar,C$,69.9766,Exchange Rate API
2025-12-24,Canadian Dollar,C$,69.8936,Exchange Rate API
2025-12-23,Canadian Dollar,C$,69.5701,Exchange Rate API
2025-12-22,Canadian Dollar,C$,69.9559,Exchange Rate API
2025-12-21,Canadian Dollar,C$,70.2799,Exchange Rate API
2025-12-20,Canadian Dollar,C$,70.5278,Exchange Rate API
2025-12-19,Canadian Dollar,C$,70.4169,Exchange Rate API
2025-12-18,Canadian Dollar,C$,70.5089,Exchange Rate API
2025-12-17,Canadian Dollar,C$,70.2586,Exchange Rate API
2025-12-16,Canadian Dollar,C$,70.0337,Exchange Rate API
2025-12-15,Canadian Dollar,C$,70.2317,Exchange Rate API
2025-12-14,Canadian Dollar,C$,70.5539,Exchange Rate API
2025-12-13,Canadian Dollar,C$,70.5366,Exchange Rate API
2025-12-12,Canadian Dollar,C$,70.6799,Exchange Rate API
2025-12-11,Canadian Dollar,C$,70.4094,Exchange Rate API
2025-12-10,Canadian Dollar,C$,70.5866,Exchange Rate API
2025-12-09,Canadian Dollar,C$,70.1746,Exchange Rate API
2025-12-08,Canadian Dollar,C$,70.5291,Exchange Rate API
2025-12-07,Canadian Dollar,C$,70.8815,Exchange Rate API
2025-12-06,Canadian Dollar,C$,71.0603,Exchange Rate API
2025-12-05,Canadian Dollar,C$,70.9491,Exchange Rate API
2025-12-04,Canadian Dollar,C$,70.661,Exchange Rate API
2025-12-03,Canadian Dollar,C$,70.664,Exchange Rate API
2025-12-02,Canadian Dollar,C$,70.8161,Exchange Rate API
2025-12-01,Canadian Dollar,C$,71.099,Exchange Rate API
2025-11-30,Canadian Dollar,C$,71.4307,Exchange Rate API
2025-11-29,Canadian Dollar,C$,71.8311,Exchange Rate API
2025-11-28,Canadian Dollar,C$,72.0939,Exchange Rate API
2025-11-27,Canadian Dollar,C$,72.2823,Exchange Rate API
2025-11-26,Canadian Dollar,C$,72.6179,Exchange Rate API
2025-11-25,Canadian Dollar,C$,72.2473,Exchange Rate API
2025-11-24,Canadian Dollar,C$,72.6271,Exchange Rate API
2025-11-23,Canadian Dollar,C$,72.9294,Exchange Rate API
2025-11-22,Canadian Dollar,C$,72.5014,Exchange Rate API
2025-11-21,Canadian Dollar,C$,72.858,Exchange Rate API
2025-11-20,Canadian Dollar,C$,73.2112,Exchange Rate API
2025-11-19,Canadian Dollar,C$,73.1685,Exchange Rate API
2025-11-18,Canadian Dollar,C$,73.475,Exchange Rate API
2025-11-17,Canadian Dollar,C$,73.8773,Exchange Rate API
2025-11-16,Canadian Dollar,C$,73.7389,Exchange Rate API
2025-11-15,Canadian Dollar,C$,73.5798,Exchange Rate API
2025-11-14,Canadian Dollar,C$,73.7963,Exchange Rate API
2025-11-13,Canadian Dollar,C$,74.0021,Exchange Rate API
2025-11-12,Canadian Dollar,C$,73.8804,Exchange Rate API
2025-11-11,Canadian Dollar,C$,74.0531,Exchange Rate API
2025-11-10,Canadian Dollar,C$,74.0212,Exchange Rate API
2025-11-09,Canadian Dollar,C$,74.1322,Exchange Rate API
2025-11-08,Canadian Dollar,C$,73.7614,Exchange Rate API
2025-11-07,Canadian Dollar,C$,73.3761,Exchange Rate API
2025-11-06,Canadian Dollar,C$,73.3844,Exchange Rate API
2025-11-05,Canadian Dollar,C$,73.3964,Exchange Rate API
2025-11-04,Canadian Dollar,C$,73.7863,Exchange Rate API
2025-11-03,Canadian Dollar,C$,73.8506,Exchange Rate API
2025-11-02,Canadian Dollar,C$,73.7996,Exchange Rate API
2025-11-01,Canadian Dollar,C$,74.1888,Exchange Rate API
2025-10-31,Canadian Dollar,C$,74.1243,Exchange Rate API
2025-10-30,Canadian Dollar,C$,74.4879,Exchange Rate API
2025-10-29,Canadian Dollar,C$,74.592,Exchange Rate API
2025-10-28,Canadian Dollar,C$,74.5305,Exchange Rate API
2025-10-27,Canadian Dollar,C$,74.922,Exchange Rate API
2025-10-26,Canadian Dollar,C$,74.8298,Exchange Rate API
2025-10-25,Canadian Dollar,C$,74.8351,Exchange Rate API
2025-10-24,Canadian Dollar,C$,75.2196,Exchange Rate API
2025-10-23,Canadian Dollar,C$,75.2936,Exchange Rate API
2025-10-22,Canadian Dollar,C$,75.4599,Exchange Rate API
2025-10-21,Canadian Dollar,C$,75.9038,Exchange Rate API
2025-10-20,Canadian Dollar,C$,75.7508,Exchange Rate API
2025-10-19,Canadian Dollar,C$,75.8697,Exchange Rate API
2025-10-18,Canadian Dollar,C$,76.2124,Exchange Rate API
2025-10-17,Canadian Dollar,C$,76.3858,Exchange Rate API
2025-10-16,Canadian Dollar,C$,76.4731,Exchange Rate API
2025-10-15,Canadian Dollar,C$,76.2933,Exchange Rate API
2025-10-14,Canadian Dollar,C$,75.9654,Exchange Rate API
2025-10-13,Canadian Dollar,C$,75.7879,Exchange Rate API
2025-10-12,Canadian Dollar,C$,75.9391,Exchange Rate API
2025-10-11,Canadian Dollar,C$,75.9913,Exchange Rate API
2025-10-10,Canadian Dollar,C$,76.0066,Exchange Rate API
2025-10-09,Canadian Dollar,C$,75.9092,Exchange Rate API
2025-10-08,Canadian Dollar,C$,75.9627,Exchange Rate API
2025-10-07,Canadian Dollar,C$,76.4153,Exchange Rate API
2025-10-06,Canadian Dollar,C$,76.0065,Exchange Rate API
2025-10-05,Canadian Dollar,C$,76.0937,Exchange Rate API
2025-10-04,Canadian Dollar,C$,76.2966,Exchange Rate API
2025-10-03,Canadian Dollar,C$,75.9777,Exchange Rate API
2025-10-02,Canadian Dollar,C$,76.319,Exchange Rate API
2025-10-01,Canadian Dollar,C$,76.6594,Exchange Rate API
2025-09-30,Canadian Dollar,C$,76.3285,Exchange Rate API
2025-09-29,Canadian Dollar,C$,76.7741,Exchange Rate API
2025-09-28,Canadian Dollar,C$,76.7064,Exchange Rate API
2025-09-27,Canadian Dollar,C$,76.9213,Exchange Rate API
2025-09-26,Canadian Dollar,C$,76.5393,Exchange Rate API
2025-09-25,Canadian Dollar,C$,76.9105,Exchange Rate API
2025-09-24,Canadian Dollar,C$,77.3558,Exchange Rate API
2025-09-23,Canadian Dollar,C$,77.3735,Exchange Rate API
2025-09-22,Canadian Dollar,C$,77.31,Exchange Rate API
2025-09-21,Canadian Dollar,C$,77.0926,Exchange Rate API
2025-09-20,Canadian Dollar,C$,77.258,Exchange Rate API
2025-09-19,Canadian Dollar,C$,77.3835,Exchange Rate API
2025-09-18,Canadian Dollar,C$,76.9955,Exchange Rate API
2025-09-17,Canadian Dollar,C$,77.0423,Exchange Rate API
2025-09-16,Canadian Dollar,C$,76.7466,Exchange Rate API
2025-09-15,Canadian Dollar,C$,76.8287,Exchange Rate API
2025-09-14,Canadian Dollar,C$,76.4613,Exchange Rate API
2025-09-13,Canadian Dollar,C$,76.6479,Exchange Rate API
2025-09-12,Canadian Dollar,C$,76.6641,Exchange Rate API
2025-09-11,Canadian Dollar,C$,77.0556,Exchange Rate API
2025-09-10,Canadian Dollar,C$,77.1752,Exchange Rate API
2025-09-09,Canadian Dollar,C$,76.9303,Exchange Rate API
2025-09-08,Canadian Dollar,C$,76.5802,Exchange Rate API
2025-09-07,Canadian Dollar,C$,76.6239,Exchange Rate API
2025-09-06,Canadian Dollar,C$,76.6729,Exchange Rate API
2025-09-05,Canadian Dollar,C$,77.0108,Exchange Rate API
2025-09-04,Canadian Dollar,C$,77.2064,Exchange Rate API
2025-09-03,Canadian Dollar,C$,77.6694,Exchange Rate API
2025-09-02,Canadian Dollar,C$,77.2416,Exchange Rate API
2025-09-01,Canadian Dollar,C$,77.679,Exchange Rate API
2025-08-31,Canadian Dollar,C$,78.057,Exchange Rate API
2025-08-30,Canadian Dollar,C$,78.2368,Exchange Rate API
2025-08-29,Canadian Dollar,C$,78.6689,Exchange Rate API
2025-08-28,Canadian Dollar,C$,78.9935,Exchange Rate API
2025-08-27,Canadian Dollar,C$,78.9202,Exchange Rate API
2025-08-26,Canadian Dollar,C$,79.2881,Exchange Rate API
2025-08-25,Canadian Dollar,C$,79.5564,Exchange Rate API
2025-08-24,Canadian Dollar,C$,79.1945,Exchange Rate API
2025-08-23,Canadian Dollar,C$,78.8128,Exchange Rate API
2025-08-22,Canadian Dollar,C$,78.5857,Exchange Rate API
2025-08-21,Canadian Dollar,C$,78.9208,Exchange Rate API
2025-08-20,Canadian Dollar,C$,78.5462,Exchange Rate API
2025-08-19,Canadian Dollar,C$,78.8413,Exchange Rate API
2025-08-18,Canadian Dollar,C$,78.9836,Exchange Rate API
2025-08-17,Canadian Dollar,C$,78.9198,Exchange Rate API
2025-08-16,Canadian Dollar,C$,78.4693,Exchange Rate API
2025-08-15,Canadian Dollar,C$,78.091,Exchange Rate API
2025-08-14,Canadian Dollar,C$,77.8861,Exchange Rate API
2025-08-13,Canadian Dollar,C$,77.6522,Exchange Rate API
2025-08-12,Canadian Dollar,C$,77.4147,Exchange Rate API
2025-08-11,Canadian Dollar,C$,77.1618,Exchange Rate API
2025-08-10,Canadian Dollar,C$,76.796,Exchange Rate API
2025-08-09,Canadian Dollar,C$,76.8099,Exchange Rate API
2025-08-08,Canadian Dollar,C$,76.9968,Exchange Rate API
2025-08-07,Canadian Dollar,C$,76.7872,Exchange Rate API
2025-08-06,Canadian Dollar,C$,77.1059,Exchange Rate API
2025-08-05,Canadian Dollar,C$,76.7312,Exchange Rate API
2025-08-04,Canadian Dollar,C$,76.6818,Exchange Rate API
2026-08-03,Swiss Franc,CHF,117.9663,Exchange Rate API
2026-08-02,Swiss Franc,CHF,118.422,Exchange Rate API
2026-08-01,Swiss Franc,CHF,118.2452,Exchange Rate API
2026-07-31,Swiss Franc,CHF,117.9484,Exchange Rate API
2026-07-30,Swiss Franc,CHF,118.5573,Exchange Rate API
2026-07-29,Swiss Franc,CHF,118.9221,Exchange Rate API
2026-07-28,Swiss Franc,CHF,118.882,Exchange Rate API
2026-07-27,Swiss Franc,CHF,118.3979,Exchange Rate API
2026-07-26,Swiss Franc,CHF,118.5948,Exchange Rate API
2026-07-25,Swiss Franc,CHF,118.5405,Exchange Rate API
2026-07-24,Swiss Franc,CHF,118.8792,Exchange Rate API
2026-07-23,Swiss Franc,CHF,118.6654,Exchange Rate API
2026-07-22,Swiss Franc,CHF,118.7142,Exchange Rate API
2026-07-21,Swiss Franc,CHF,118.9343,Exchange Rate API
2026-07-20,Swiss Franc,CHF,119.613,Exchange Rate API
2026-07-19,Swiss Franc,CHF,119.0223,Exchange Rate API
2026-07-18,Swiss Franc,CHF,118.8172,Exchange Rate API
2026-07-17,Swiss Franc,CHF,118.5156,Exchange Rate API
2026-07-16,Swiss Franc,CHF,118.489,Exchange Rate API
2026-07-15,Swiss Franc,CHF,118.8578,Exchange Rate API
2026-07-14,Swiss Franc,CHF,118.8641,Exchange Rate API
2026-07-13,Swiss Franc,CHF,119.2482,Exchange Rate API
2026-07-12,Swiss Franc,CHF,119.295,Exchange Rate API
2026-07-11,Swiss Franc,CHF,119.3274,Exchange Rate API
2026-07-10,Swiss Franc,CHF,118.8588,Exchange Rate API
2026-07-09,Swiss Franc,CHF,119.5472,Exchange Rate API
2026-07-08,Swiss Franc,CHF,120.1834,Exchange Rate API
2026-07-07,Swiss Franc,CHF,120.8715,Exchange Rate API
2026-07-06,Swiss Franc,CHF,120.8283,Exchange Rate API
2026-07-05,Swiss Franc,CHF,120.1366,Exchange Rate API
2026-07-04,Swiss Franc,CHF,120.7982,Exchange Rate API
2026-07-03,Swiss Franc,CHF,120.3414,Exchange Rate API
2026-07-02,Swiss Franc,CHF,119.7443,Exchange Rate API
2026-07-01,Swiss Franc,CHF,120.2535,Exchange Rate API
2026-06-30,Swiss Franc,CHF,120.2851,Exchange Rate API
2026-06-29,Swiss Franc,CHF,120.6677,Exchange Rate API
2026-06-28,Swiss Franc,CHF,120.4637,Exchange Rate API
2026-06-27,Swiss Franc,CHF,121.1586,Exchange Rate API
2026-06-26,Swiss Franc,CHF,120.85,Exchange Rate API
2026-06-25,Swiss Franc,CHF,120.267,Exchange Rate API
2026-06-24,Swiss Franc,CHF,120.4424,Exchange Rate API
2026-06-23,Swiss Franc,CHF,120.0277,Exchange Rate API
2026-06-22,Swiss Franc,CHF,120.3861,Exchange Rate API
2026-06-21,Swiss Franc,CHF,120.9161,Exchange Rate API
2026-06-20,Swiss Franc,CHF,121.0468,Exchange Rate API
2026-06-19,Swiss Franc,CHF,120.6345,Exchange Rate API
2026-06-18,Swiss Franc,CHF,120.6692,Exchange Rate API
2026-06-17,Swiss Franc,CHF,121.2596,Exchange Rate API
2026-06-16,Swiss Franc,CHF,120.6261,Exchange Rate API
2026-06-15,Swiss Franc,CHF,120.2644,Exchange Rate API
2026-06-14,Swiss Franc,CHF,120.3374,Exchange Rate API
2026-06-13,Swiss Franc,CHF,120.3471,Exchange Rate API
2026-06-12,Swiss Franc,CHF,120.3947,Exchange Rate API
2026-06-11,Swiss Franc,CHF,119.9894,Exchange Rate API
2026-06-10,Swiss Franc,CHF,120.1091,Exchange Rate API
2026-06-09,Swiss Franc,CHF,119.5465,Exchange Rate API
2026-06-08,Swiss Franc,CHF,119.5944,Exchange Rate API
2026-06-07,Swiss Franc,CHF,119.6981,Exchange Rate API
2026-06-06,Swiss Franc,CHF,120.2583,Exchange Rate API
2026-06-05,Swiss Franc,CHF,120.9339,Exchange Rate API
2026-06-04,Swiss Franc,CHF,121.0675,Exchange Rate API
2026-06-03,Swiss Franc,CHF,121.4172,Exchange Rate API
2026-06-02,Swiss Franc,CHF,121.6327,Exchange Rate API
2026-06-01,Swiss Franc,CHF,121.1067,Exchange Rate API
2026-05-31,Swiss Franc,CHF,120.7933,Exchange Rate API
2026-05-30,Swiss Franc,CHF,121.3865,Exchange Rate API
2026-05-29,Swiss Franc,CHF,121.2105,Exchange Rate API
2026-05-28,Swiss Franc,CHF,120.8998,Exchange Rate API
2026-05-27,Swiss Franc,CHF,120.9608,Exchange Rate API
2026-05-26,Swiss Franc,CHF,121.4015,Exchange Rate API
2026-05-25,Swiss Franc,CHF,121.0345,Exchange Rate API
2026-05-24,Swiss Franc,CHF,121.2029,Exchange Rate API
2026-05-23,Swiss Franc,CHF,121.1279,Exchange Rate API
2026-05-22,Swiss Franc,CHF,121.6697,Exchange Rate API
2026-05-21,Swiss Franc,CHF,121.6704,Exchange Rate API
2026-05-20,Swiss Franc,CHF,121.1141,Exchange Rate API
2026-05-19,Swiss Franc,CHF,120.6193,Exchange Rate API
2026-05-18,Swiss Franc,CHF,120.305,Exchange Rate API
2026-05-17,Swiss Franc,CHF,119.7679,Exchange Rate API
2026-05-16,Swiss Franc,CHF,119.2972,Exchange Rate API
2026-05-15,Swiss Franc,CHF,118.8895,Exchange Rate API
2026-05-14,Swiss Franc,CHF,119.1715,Exchange Rate API
2026-05-13,Swiss Franc,CHF,119.704,Exchange Rate API
2026-05-12,Swiss Franc,CHF,119.8754,Exchange Rate API
2026-05-11,Swiss Franc,CHF,119.5222,Exchange Rate API
2026-05-10,Swiss Franc,CHF,119.3966,Exchange Rate API
2026-05-09,Swiss Franc,CHF,119.0406,Exchange Rate API
2026-05-08,Swiss Franc,CHF,119.5147,Exchange Rate API
2026-05-07,Swiss Franc,CHF,119.0775,Exchange Rate API
2026-05-06,Swiss Franc,CHF,118.8081,Exchange Rate API
2026-05-05,Swiss Franc,CHF,119.086,Exchange Rate API
2026-05-04,Swiss Franc,CHF,119.001,Exchange Rate API
2026-05-03,Swiss Franc,CHF,118.6586,Exchange Rate API
2026-05-02,Swiss Franc,CHF,118.433,Exchange Rate API
2026-05-01,Swiss Franc,CHF,119.0607,Exchange Rate API
2026-04-30,Swiss Franc,CHF,119.7537,Exchange Rate API
2026-04-29,Swiss Franc,CHF,120.2136,Exchange Rate API
2026-04-28,Swiss Franc,CHF,120.8058,Exchange Rate API
2026-04-27,Swiss Franc,CHF,121.1142,Exchange Rate API
2026-04-26,Swiss Franc,CHF,121.599,Exchange Rate API
2026-04-25,Swiss Franc,CHF,121.7953,Exchange Rate API
2026-04-24,Swiss Franc,CHF,122.2855,Exchange Rate API
2026-04-23,Swiss Franc,CHF,122.4247,Exchange Rate API
2026-04-22,Swiss Franc,CHF,123.0151,Exchange Rate API
2026-04-21,Swiss Franc,CHF,123.0123,Exchange Rate API
2026-04-20,Swiss Franc,CHF,123.5246,Exchange Rate API
2026-04-19,Swiss Franc,CHF,123.3237,Exchange Rate API
2026-04-18,Swiss Franc,CHF,123.7856,Exchange Rate API
2026-04-17,Swiss Franc,CHF,123.7646,Exchange Rate API
2026-04-16,Swiss Franc,CHF,123.4501,Exchange Rate API
2026-04-15,Swiss Franc,CHF,124.1767,Exchange Rate API
2026-04-14,Swiss Franc,CHF,124.9117,Exchange Rate API
2026-04-13,Swiss Franc,CHF,125.2008,Exchange Rate API
2026-04-12,Swiss Franc,CHF,125.7039,Exchange Rate API
2026-04-11,Swiss Franc,CHF,126.038,Exchange Rate API
2026-04-10,Swiss Franc,CHF,126.3047,Exchange Rate API
2026-04-09,Swiss Franc,CHF,126.5651,Exchange Rate API
2026-04-08,Swiss Franc,CHF,126.5291,Exchange Rate API
2026-04-07,Swiss Franc,CHF,126.2659,Exchange Rate API
2026-04-06,Swiss Franc,CHF,125.7188,Exchange Rate API
2026-04-05,Swiss Franc,CHF,125.6271,Exchange Rate API
2026-04-04,Swiss Franc,CHF,125.6881,Exchange Rate API
2026-04-03,Swiss Franc,CHF,125.7548,Exchange Rate API
2026-04-02,Swiss Franc,CHF,126.3684,Exchange Rate API
2026-04-01,Swiss Franc,CHF,126.1738,Exchange Rate API
2026-03-31,Swiss Franc,CHF,126.7599,Exchange Rate API
2026-03-30,Swiss Franc,CHF,126.6785,Exchange Rate API
2026-03-29,Swiss Franc,CHF,126.0902,Exchange Rate API
2026-03-28,Swiss Franc,CHF,126.0215,Exchange Rate API
2026-03-27,Swiss Franc,CHF,126.1122,Exchange Rate API
2026-03-26,Swiss Franc,CHF,126.8058,Exchange Rate API
2026-03-25,Swiss Franc,CHF,127.2444,Exchange Rate API
2026-03-24,Swiss Franc,CHF,126.5641,Exchange Rate API
2026-03-23,Swiss Franc,CHF,127.0445,Exchange Rate API
2026-03-22,Swiss Franc,CHF,126.826,Exchange Rate API
2026-03-21,Swiss Franc,CHF,126.4373,Exchange Rate API
2026-03-20,Swiss Franc,CHF,126.0175,Exchange Rate API
2026-03-19,Swiss Franc,CHF,126.1188,Exchange Rate API
2026-03-18,Swiss Franc,CHF,126.3976,Exchange Rate API
2026-03-17,Swiss Franc,CHF,126.3438,Exchange Rate API
2026-03-16,Swiss Franc,CHF,127.0505,Exchange Rate API
2026-03-15,Swiss Franc,CHF,127.1369,Exchange Rate API
2026-03-14,Swiss Franc,CHF,126.4445,Exchange Rate API
2026-03-13,Swiss Franc,CHF,125.8895,Exchange Rate API
2026-03-12,Swiss Franc,CHF,126.6407,Exchange Rate API
2026-03-11,Swiss Franc,CHF,126.6515,Exchange Rate API
2026-03-10,Swiss Franc,CHF,126.0988,Exchange Rate API
2026-03-09,Swiss Franc,CHF,125.4876,Exchange Rate API
2026-03-08,Swiss Franc,CHF,124.7987,Exchange Rate API
2026-03-07,Swiss Franc,CHF,124.7436,Exchange Rate API
2026-03-06,Swiss Franc,CHF,124.543,Exchange Rate API
2026-03-05,Swiss Franc,CHF,123.9234,Exchange Rate API
2026-03-04,Swiss Franc,CHF,123.6954,Exchange Rate API
2026-03-03,Swiss Franc,CHF,123.7847,Exchange Rate API
2026-03-02,Swiss Franc,CHF,124.3978,Exchange Rate API
2026-03-01,Swiss Franc,CHF,123.8048,Exchange Rate API
2026-02-28,Swiss Franc,CHF,124.2818,Exchange Rate API
2026-02-27,Swiss Franc,CHF,124.0688,Exchange Rate API
2026-02-26,Swiss Franc,CHF,123.337,Exchange Rate API
2026-02-25,Swiss Franc,CHF,123.5013,Exchange Rate API
2026-02-24,Swiss Franc,CHF,123.6654,Exchange Rate API
2026-02-23,Swiss Franc,CHF,123.3618,Exchange Rate API
2026-02-22,Swiss Franc,CHF,123.895,Exchange Rate API
2026-02-21,Swiss Franc,CHF,123.1744,Exchange Rate API
2026-02-20,Swiss Franc,CHF,122.5525,Exchange Rate API
2026-02-19,Swiss Franc,CHF,123.1339,Exchange Rate API
2026-02-18,Swiss Franc,CHF,123.8015,Exchange Rate API
2026-02-17,Swiss Franc,CHF,124.0437,Exchange Rate API
2026-02-16,Swiss Franc,CHF,123.4281,Exchange Rate API
2026-02-15,Swiss Franc,CHF,123.1244,Exchange Rate API
2026-02-14,Swiss Franc,CHF,123.5962,Exchange Rate API
2026-02-13,Swiss Franc,CHF,124.1366,Exchange Rate API
2026-02-12,Swiss Franc,CHF,123.4449,Exchange Rate API
2026-02-11,Swiss Franc,CHF,123.8707,Exchange Rate API
2026-02-10,Swiss Franc,CHF,123.5623,Exchange Rate API
2026-02-09,Swiss Franc,CHF,122.8218,Exchange Rate API
2026-02-08,Swiss Franc,CHF,123.0247,Exchange Rate API
2026-02-07,Swiss Franc,CHF,123.3926,Exchange Rate API
2026-02-06,Swiss Franc,CHF,123.1753,Exchange Rate API
2026-02-05,Swiss Franc,CHF,123.5508,Exchange Rate API
2026-02-04,Swiss Franc,CHF,122.8108,Exchange Rate API
2026-02-03,Swiss Franc,CHF,122.275,Exchange Rate API
2026-02-02,Swiss Franc,CHF,122.4385,Exchange Rate API
2026-02-01,Swiss Franc,CHF,121.9743,Exchange Rate API
2026-01-31,Swiss Franc,CHF,121.4325,Exchange Rate API
2026-01-30,Swiss Franc,CHF,121.2988,Exchange Rate API
2026-01-29,Swiss Franc,CHF,121.1187,Exchange Rate API
2026-01-28,Swiss Franc,CHF,121.1922,Exchange Rate API
2026-01-27,Swiss Franc,CHF,121.6567,Exchange Rate API
2026-01-26,Swiss Franc,CHF,122.0779,Exchange Rate API
2026-01-25,Swiss Franc,CHF,122.4241,Exchange Rate API
2026-01-24,Swiss Franc,CHF,121.8894,Exchange Rate API
2026-01-23,Swiss Franc,CHF,121.9254,Exchange Rate API
2026-01-22,Swiss Franc,CHF,121.8036,Exchange Rate API
2026-01-21,Swiss Franc,CHF,122.2403,Exchange Rate API
2026-01-20,Swiss Franc,CHF,122.3417,Exchange Rate API
2026-01-19,Swiss Franc,CHF,121.6079,Exchange Rate API
2026-01-18,Swiss Franc,CHF,121.6701,Exchange Rate API
2026-01-17,Swiss Franc,CHF,121.9815,Exchange Rate API
2026-01-16,Swiss Franc,CHF,122.0179,Exchange Rate API
2026-01-15,Swiss Franc,CHF,122.4085,Exchange Rate API
2026-01-14,Swiss Franc,CHF,122.9773,Exchange Rate API
2026-01-13,Swiss Franc,CHF,123.4464,Exchange Rate API
2026-01-12,Swiss Franc,CHF,123.8455,Exchange Rate API
2026-01-11,Swiss Franc,CHF,124.5546,Exchange Rate API
2026-01-10,Swiss Franc,CHF,124.3381,Exchange Rate API
2026-01-09,Swiss Franc,CHF,125.0084,Exchange Rate API
2026-01-08,Swiss Franc,CHF,125.5335,Exchange Rate API
2026-01-07,Swiss Franc,CHF,125.6276,Exchange Rate API
2026-01-06,Swiss Franc,CHF,124.9693,Exchange Rate API
2026-01-05,Swiss Franc,CHF,125.1451,Exchange Rate API
2026-01-04,Swiss Franc,CHF,124.7558,Exchange Rate API
2026-01-03,Swiss Franc,CHF,124.0464,Exchange Rate API
2026-01-02,Swiss Franc,CHF,124.7291,Exchange Rate API
2026-01-01,Swiss Franc,CHF,124.8097,Exchange Rate API
2025-12-31,Swiss Franc,CHF,124.4554,Exchange Rate API
2025-12-30,Swiss Franc,CHF,124.4996,Exchange Rate API
2025-12-29,Swiss Franc,CHF,125.1161,Exchange Rate API
2025-12-28,Swiss Franc,CHF,124.6417,Exchange Rate API
2025-12-27,Swiss Franc,CHF,124.693,Exchange Rate API
2025-12-26,Swiss Franc,CHF,124.8654,Exchange Rate API
2025-12-25,Swiss Franc,CHF,124.2991,Exchange Rate API
2025-12-24,Swiss Franc,CHF,123.6286,Exchange Rate API
2025-12-23,Swiss Franc,CHF,124.3416,Exchange Rate API
2025-12-22,Swiss Franc,CHF,124.879,Exchange Rate API
2025-12-21,Swiss Franc,CHF,124.9061,Exchange Rate API
2025-12-20,Swiss Franc,CHF,124.821,Exchange Rate API
2025-12-19,Swiss Franc,CHF,125.1021,Exchange Rate API
2025-12-18,Swiss Franc,CHF,125.5005,Exchange Rate API
2025-12-17,Swiss Franc,CHF,125.8695,Exchange Rate API
2025-12-16,Swiss Franc,CHF,126.4094,Exchange Rate API
2025-12-15,Swiss Franc,CHF,126.0219,Exchange Rate API
2025-12-14,Swiss Franc,CHF,126.5128,Exchange Rate API
2025-12-13,Swiss Franc,CHF,127.1787,Exchange Rate API
2025-12-12,Swiss Franc,CHF,127.1052,Exchange Rate API
2025-12-11,Swiss Franc,CHF,126.8688,Exchange Rate API
2025-12-10,Swiss Franc,CHF,126.4707,Exchange Rate API
2025-12-09,Swiss Franc,CHF,126.1903,Exchange Rate API
2025-12-08,Swiss Franc,CHF,125.6742,Exchange Rate API
2025-12-07,Swiss Franc,CHF,125.2302,Exchange Rate API
2025-12-06,Swiss Franc,CHF,125.7187,Exchange Rate API
2025-12-05,Swiss Franc,CHF,125.0564,Exchange Rate API
2025-12-04,Swiss Franc,CHF,124.7834,Exchange Rate API
2025-12-03,Swiss Franc,CHF,124.3165,Exchange Rate API
2025-12-02,Swiss Franc,CHF,125.0368,Exchange Rate API
2025-12-01,Swiss Franc,CHF,125.3792,Exchange Rate API
2025-11-30,Swiss Franc,CHF,124.7172,Exchange Rate API
2025-11-29,Swiss Franc,CHF,124.8786,Exchange Rate API
2025-11-28,Swiss Franc,CHF,124.452,Exchange Rate API
2025-11-27,Swiss Franc,CHF,124.2115,Exchange Rate API
2025-11-26,Swiss Franc,CHF,124.6248,Exchange Rate API
2025-11-25,Swiss Franc,CHF,123.9385,Exchange Rate API
2025-11-24,Swiss Franc,CHF,123.4783,Exchange Rate API
2025-11-23,Swiss Franc,CHF,124.0136,Exchange Rate API
2025-11-22,Swiss Franc,CHF,124.3395,Exchange Rate API
2025-11-21,Swiss Franc,CHF,124.8384,Exchange Rate API
2025-11-20,Swiss Franc,CHF,124.5022,Exchange Rate API
2025-11-19,Swiss Franc,CHF,124.0532,Exchange Rate API
2025-11-18,Swiss Franc,CHF,124.2002,Exchange Rate API
2025-11-17,Swiss Franc,CHF,124.5884,Exchange Rate API
2025-11-16,Swiss Franc,CHF,124.0941,Exchange Rate API
2025-11-15,Swiss Franc,CHF,123.6596,Exchange Rate API
2025-11-14,Swiss Franc,CHF,123.5431,Exchange Rate API
2025-11-13,Swiss Franc,CHF,122.831,Exchange Rate API
2025-11-12,Swiss Franc,CHF,122.6514,Exchange Rate API
2025-11-11,Swiss Franc,CHF,122.5839,Exchange Rate API
2025-11-10,Swiss Franc,CHF,123.2781,Exchange Rate API
2025-11-09,Swiss Franc,CHF,122.5678,Exchange Rate API
2025-11-08,Swiss Franc,CHF,122.2136,Exchange Rate API
2025-11-07,Swiss Franc,CHF,121.9561,Exchange Rate API
2025-11-06,Swiss Franc,CHF,122.3371,Exchange Rate API
2025-11-05,Swiss Franc,CHF,122.6243,Exchange Rate API
2025-11-04,Swiss Franc,CHF,123.3563,Exchange Rate API
2025-11-03,Swiss Franc,CHF,124.0101,Exchange Rate API
2025-11-02,Swiss Franc,CHF,124.164,Exchange Rate API
2025-11-01,Swiss Franc,CHF,123.4318,Exchange Rate API
2025-10-31,Swiss Franc,CHF,123.7202,Exchange Rate API
2025-10-30,Swiss Franc,CHF,123.1622,Exchange Rate API
2025-10-29,Swiss Franc,CHF,122.783,Exchange Rate API
2025-10-28,Swiss Franc,CHF,123.3712,Exchange Rate API
2025-10-27,Swiss Franc,CHF,123.7651,Exchange Rate API
2025-10-26,Swiss Franc,CHF,123.699,Exchange Rate API
2025-10-25,Swiss Franc,CHF,123.4755,Exchange Rate API
2025-10-24,Swiss Franc,CHF,123.6369,Exchange Rate API
2025-10-23,Swiss Franc,CHF,124.0293,Exchange Rate API
2025-10-22,Swiss Franc,CHF,123.7631,Exchange Rate API
2025-10-21,Swiss Franc,CHF,124.2304,Exchange Rate API
2025-10-20,Swiss Franc,CHF,124.2824,Exchange Rate API
2025-10-19,Swiss Franc,CHF,124.0549,Exchange Rate API
2025-10-18,Swiss Franc,CHF,124.3709,Exchange Rate API
2025-10-17,Swiss Franc,CHF,124.6822,Exchange Rate API
2025-10-16,Swiss Franc,CHF,124.6057,Exchange Rate API
2025-10-15,Swiss Franc,CHF,124.7005,Exchange Rate API
2025-10-14,Swiss Franc,CHF,125.3832,Exchange Rate API
2025-10-13,Swiss Franc,CHF,124.8019,Exchange Rate API
2025-10-12,Swiss Franc,CHF,125.3012,Exchange Rate API
2025-10-11,Swiss Franc,CHF,125.1284,Exchange Rate API
2025-10-10,Swiss Franc,CHF,125.4869,Exchange Rate API
2025-10-09,Swiss Franc,CHF,126.2199,Exchange Rate API
2025-10-08,Swiss Franc,CHF,125.8777,Exchange Rate API
2025-10-07,Swiss Franc,CHF,126.3662,Exchange Rate API
2025-10-06,Swiss Franc,CHF,126.8972,Exchange Rate API
2025-10-05,Swiss Franc,CHF,126.4061,Exchange Rate API
2025-10-04,Swiss Franc,CHF,126.9931,Exchange Rate API
2025-10-03,Swiss Franc,CHF,126.4383,Exchange Rate API
2025-10-02,Swiss Franc,CHF,126.3513,Exchange Rate API
2025-10-01,Swiss Franc,CHF,125.5992,Exchange Rate API
2025-09-30,Swiss Franc,CHF,124.9977,Exchange Rate API
2025-09-29,Swiss Franc,CHF,125.3017,Exchange Rate API
2025-09-28,Swiss Franc,CHF,124.9942,Exchange Rate API
2025-09-27,Swiss Franc,CHF,124.6876,Exchange Rate API
2025-09-26,Swiss Franc,CHF,124.2732,Exchange Rate API
2025-09-25,Swiss Franc,CHF,124.804,Exchange Rate API
2025-09-24,Swiss Franc,CHF,125.4576,Exchange Rate API
2025-09-23,Swiss Franc,CHF,126.0081,Exchange Rate API
2025-09-22,Swiss Franc,CHF,126.5644,Exchange Rate API
2025-09-21,Swiss Franc,CHF,126.5769,Exchange Rate API
2025-09-20,Swiss Franc,CHF,126.1681,Exchange Rate API
2025-09-19,Swiss Franc,CHF,126.183,Exchange Rate API
2025-09-18,Swiss Franc,CHF,126.1081,Exchange Rate API
2025-09-17,Swiss Franc,CHF,125.4628,Exchange Rate API
2025-09-16,Swiss Franc,CHF,125.3988,Exchange Rate API
2025-09-15,Swiss Franc,CHF,125.4979,Exchange Rate API
2025-09-14,Swiss Franc,CHF,126.048,Exchange Rate API
2025-09-13,Swiss Franc,CHF,125.8198,Exchange Rate API
2025-09-12,Swiss Franc,CHF,125.7045,Exchange Rate API
2025-09-11,Swiss Franc,CHF,126.1368,Exchange Rate API
2025-09-10,Swiss Franc,CHF,126.8184,Exchange Rate API
2025-09-09,Swiss Franc,CHF,126.4565,Exchange Rate API
2025-09-08,Swiss Franc,CHF,126.4226,Exchange Rate API
2025-09-07,Swiss Franc,CHF,127.0907,Exchange Rate API
2025-09-06,Swiss Franc,CHF,126.5137,Exchange Rate API
2025-09-05,Swiss Franc,CHF,125.8678,Exchange Rate API
2025-09-04,Swiss Franc,CHF,126.4929,Exchange Rate API
2025-09-03,Swiss Franc,CHF,126.8057,Exchange Rate API
2025-09-02,Swiss Franc,CHF,127.123,Exchange Rate API
2025-09-01,Swiss Franc,CHF,126.8893,Exchange Rate API
2025-08-31,Swiss Franc,CHF,127.6003,Exchange Rate API
2025-08-30,Swiss Franc,CHF,127.9687,Exchange Rate API
2025-08-29,Swiss Franc,CHF,128.4075,Exchange Rate API
2025-08-28,Swiss Franc,CHF,128.8567,Exchange Rate API
2025-08-27,Swiss Franc,CHF,129.6227,Exchange Rate API
2025-08-26,Swiss Franc,CHF,129.1954,Exchange Rate API
2025-08-25,Swiss Franc,CHF,128.5212,Exchange Rate API
2025-08-24,Swiss Franc,CHF,128.4088,Exchange Rate API
2025-08-23,Swiss Franc,CHF,127.8866,Exchange Rate API
2025-08-22,Swiss Franc,CHF,127.156,Exchange Rate API
2025-08-21,Swiss Franc,CHF,127.5761,Exchange Rate API
2025-08-20,Swiss Franc,CHF,127.7717,Exchange Rate API
2025-08-19,Swiss Franc,CHF,127.2422,Exchange Rate API
2025-08-18,Swiss Franc,CHF,127.1816,Exchange Rate API
2025-08-17,Swiss Franc,CHF,127.4172,Exchange Rate API
2025-08-16,Swiss Franc,CHF,127.7437,Exchange Rate API
2025-08-15,Swiss Franc,CHF,128.3618,Exchange Rate API
2025-08-14,Swiss Franc,CHF,127.8387,Exchange Rate API
2025-08-13,Swiss Franc,CHF,127.8718,Exchange Rate API
2025-08-12,Swiss Franc,CHF,127.4095,Exchange Rate API
2025-08-11,Swiss Franc,CHF,127.2829,Exchange Rate API
2025-08-10,Swiss Franc,CHF,127.3866,Exchange Rate API
2025-08-09,Swiss Franc,CHF,127.6111,Exchange Rate API
2025-08-08,Swiss Franc,CHF,127.0329,Exchange Rate API
2025-08-07,Swiss Franc,CHF,126.5011,Exchange Rate API
2025-08-06,Swiss Franc,CHF,126.4005,Exchange Rate API
2025-08-05,Swiss Franc,CHF,126.1145,Exchange Rate API
2025-08-04,Swiss Franc,CHF,126.0221,Exchange Rate API
2026-08-03,Singapore Dollar,S$,74.3494,Exchange Rate API
2026-08-02,Singapore Dollar,S$,74.4237,Exchange Rate API
2026-08-01,Singapore Dollar,S$,74.2852,Exchange Rate API
2026-07-31,Singapore Dollar,S$,74.7167,Exchange Rate API
2026-07-30,Singapore Dollar,S$,74.6355,Exchange Rate API
2026-07-29,Singapore Dollar,S$,75.0386,Exchange Rate API
2026-07-28,Singapore Dollar,S$,75.2202,Exchange Rate API
2026-07-27,Singapore Dollar,S$,74.8336,Exchange Rate API
2026-07-26,Singapore Dollar,S$,74.9847,Exchange Rate API
2026-07-25,Singapore Dollar,S$,75.4272,Exchange Rate API
2026-07-24,Singapore Dollar,S$,75.2492,Exchange Rate API
2026-07-23,Singapore Dollar,S$,75.022,Exchange Rate API
2026-07-22,Singapore Dollar,S$,75.2115,Exchange Rate API
2026-07-21,Singapore Dollar,S$,75.1347,Exchange Rate API
2026-07-20,Singapore Dollar,S$,74.8841,Exchange Rate API
2026-07-19,Singapore Dollar,S$,75.1858,Exchange Rate API
2026-07-18,Singapore Dollar,S$,74.8278,Exchange Rate API
2026-07-17,Singapore Dollar,S$,74.55,Exchange Rate API
2026-07-16,Singapore Dollar,S$,74.4853,Exchange Rate API
2026-07-15,Singapore Dollar,S$,74.4642,Exchange Rate API
2026-07-14,Singapore Dollar,S$,74.0758,Exchange Rate API
2026-07-13,Singapore Dollar,S$,73.7797,Exchange Rate API
2026-07-12,Singapore Dollar,S$,74.1415,Exchange Rate API
2026-07-11,Singapore Dollar,S$,73.9689,Exchange Rate API
2026-07-10,Singapore Dollar,S$,74.1608,Exchange Rate API
2026-07-09,Singapore Dollar,S$,74.1972,Exchange Rate API
2026-07-08,Singapore Dollar,S$,74.4359,Exchange Rate API
2026-07-07,Singapore Dollar,S$,74.1867,Exchange Rate API
2026-07-06,Singapore Dollar,S$,73.8533,Exchange Rate API
2026-07-05,Singapore Dollar,S$,74.1793,Exchange Rate API
2026-07-04,Singapore Dollar,S$,74.5031,Exchange Rate API
2026-07-03,Singapore Dollar,S$,74.5417,Exchange Rate API
2026-07-02,Singapore Dollar,S$,74.7516,Exchange Rate API
2026-07-01,Singapore Dollar,S$,74.6048,Exchange Rate API
2026-06-30,Singapore Dollar,S$,74.4652,Exchange Rate API
2026-06-29,Singapore Dollar,S$,74.0964,Exchange Rate API
2026-06-28,Singapore Dollar,S$,74.205,Exchange Rate API
2026-06-27,Singapore Dollar,S$,73.833,Exchange Rate API
2026-06-26,Singapore Dollar,S$,73.8721,Exchange Rate API
2026-06-25,Singapore Dollar,S$,73.88,Exchange Rate API
2026-06-24,Singapore Dollar,S$,73.7257,Exchange Rate API
2026-06-23,Singapore Dollar,S$,73.6755,Exchange Rate API
2026-06-22,Singapore Dollar,S$,73.7763,Exchange Rate API
2026-06-21,Singapore Dollar,S$,73.7001,Exchange Rate API
2026-06-20,Singapore Dollar,S$,73.4596,Exchange Rate API
2026-06-19,Singapore Dollar,S$,73.7985,Exchange Rate API
2026-06-18,Singapore Dollar,S$,73.884,Exchange Rate API
2026-06-17,Singapore Dollar,S$,74.2035,Exchange Rate API
2026-06-16,Singapore Dollar,S$,74.0148,Exchange Rate API
2026-06-15,Singapore Dollar,S$,73.6242,Exchange Rate API
2026-06-14,Singapore Dollar,S$,73.3599,Exchange Rate API
2026-06-13,Singapore Dollar,S$,73.1014,Exchange Rate API
2026-06-12,Singapore Dollar,S$,73.5062,Exchange Rate API
2026-06-11,Singapore Dollar,S$,73.2745,Exchange Rate API
2026-06-10,Singapore Dollar,S$,73.4955,Exchange Rate API
2026-06-09,Singapore Dollar,S$,73.1257,Exchange Rate API
2026-06-08,Singapore Dollar,S$,72.8367,Exchange Rate API
2026-06-07,Singapore Dollar,S$,73.1304,Exchange Rate API
2026-06-06,Singapore Dollar,S$,73.0129,Exchange Rate API
2026-06-05,Singapore Dollar,S$,72.6084,Exchange Rate API
2026-06-04,Singapore Dollar,S$,72.2126,Exchange Rate API
2026-06-03,Singapore Dollar,S$,72.0665,Exchange Rate API
2026-06-02,Singapore Dollar,S$,72.296,Exchange Rate API
2026-06-01,Singapore Dollar,S$,72.1055,Exchange Rate API
2026-05-31,Singapore Dollar,S$,71.825,Exchange Rate API
2026-05-30,Singapore Dollar,S$,71.7447,Exchange Rate API
2026-05-29,Singapore Dollar,S$,71.5326,Exchange Rate API
2026-05-28,Singapore Dollar,S$,71.203,Exchange Rate API
2026-05-27,Singapore Dollar,S$,71.406,Exchange Rate API
2026-05-26,Singapore Dollar,S$,71.4319,Exchange Rate API
2026-05-25,Singapore Dollar,S$,71.0353,Exchange Rate API
2026-05-24,Singapore Dollar,S$,70.9865,Exchange Rate API
2026-05-23,Singapore Dollar,S$,71.049,Exchange Rate API
2026-05-22,Singapore Dollar,S$,71.3247,Exchange Rate API
2026-05-21,Singapore Dollar,S$,70.9452,Exchange Rate API
2026-05-20,Singapore Dollar,S$,70.8887,Exchange Rate API
2026-05-19,Singapore Dollar,S$,70.8782,Exchange Rate API
2026-05-18,Singapore Dollar,S$,70.9664,Exchange Rate API
2026-05-17,Singapore Dollar,S$,70.8946,Exchange Rate API
2026-05-16,Singapore Dollar,S$,70.6292,Exchange Rate API
2026-05-15,Singapore Dollar,S$,70.936,Exchange Rate API
2026-05-14,Singapore Dollar,S$,70.7332,Exchange Rate API
2026-05-13,Singapore Dollar,S$,70.6671,Exchange Rate API
2026-05-12,Singapore Dollar,S$,71.0001,Exchange Rate API
2026-05-11,Singapore Dollar,S$,70.5945,Exchange Rate API
2026-05-10,Singapore Dollar,S$,70.9106,Exchange Rate API
2026-05-09,Singapore Dollar,S$,71.2823,Exchange Rate API
2026-05-08,Singapore Dollar,S$,71.3601,Exchange Rate API
2026-05-07,Singapore Dollar,S$,71.779,Exchange Rate API
2026-05-06,Singapore Dollar,S$,71.679,Exchange Rate API
2026-05-05,Singapore Dollar,S$,71.4531,Exchange Rate API
2026-05-04,Singapore Dollar,S$,71.0878,Exchange Rate API
2026-05-03,Singapore Dollar,S$,71.248,Exchange Rate API
2026-05-02,Singapore Dollar,S$,71.4174,Exchange Rate API
2026-05-01,Singapore Dollar,S$,71.6486,Exchange Rate API
2026-04-30,Singapore Dollar,S$,71.3876,Exchange Rate API
2026-04-29,Singapore Dollar,S$,71.6349,Exchange Rate API
2026-04-28,Singapore Dollar,S$,71.618,Exchange Rate API
2026-04-27,Singapore Dollar,S$,71.9424,Exchange Rate API
2026-04-26,Singapore Dollar,S$,71.9029,Exchange Rate API
2026-04-25,Singapore Dollar,S$,71.6867,Exchange Rate API
2026-04-24,Singapore Dollar,S$,71.6101,Exchange Rate API
2026-04-23,Singapore Dollar,S$,71.9607,Exchange Rate API
2026-04-22,Singapore Dollar,S$,71.7819,Exchange Rate API
2026-04-21,Singapore Dollar,S$,71.5384,Exchange Rate API
2026-04-20,Singapore Dollar,S$,71.8227,Exchange Rate API
2026-04-19,Singapore Dollar,S$,72.0688,Exchange Rate API
2026-04-18,Singapore Dollar,S$,72.4689,Exchange Rate API
2026-04-17,Singapore Dollar,S$,72.5378,Exchange Rate API
2026-04-16,Singapore Dollar,S$,72.6453,Exchange Rate API
2026-04-15,Singapore Dollar,S$,72.8972,Exchange Rate API
2026-04-14,Singapore Dollar,S$,72.5437,Exchange Rate API
2026-04-13,Singapore Dollar,S$,72.5751,Exchange Rate API
2026-04-12,Singapore Dollar,S$,72.5126,Exchange Rate API
2026-04-11,Singapore Dollar,S$,72.8115,Exchange Rate API
2026-04-10,Singapore Dollar,S$,72.842,Exchange Rate API
2026-04-09,Singapore Dollar,S$,73.1399,Exchange Rate API
2026-04-08,Singapore Dollar,S$,72.8242,Exchange Rate API
2026-04-07,Singapore Dollar,S$,72.8234,Exchange Rate API
2026-04-06,Singapore Dollar,S$,73.0502,Exchange Rate API
2026-04-05,Singapore Dollar,S$,72.9473,Exchange Rate API
2026-04-04,Singapore Dollar,S$,73.1471,Exchange Rate API
2026-04-03,Singapore Dollar,S$,72.9289,Exchange Rate API
2026-04-02,Singapore Dollar,S$,73.0731,Exchange Rate API
2026-04-01,Singapore Dollar,S$,72.6667,Exchange Rate API
2026-03-31,Singapore Dollar,S$,72.2696,Exchange Rate API
2026-03-30,Singapore Dollar,S$,72.4068,Exchange Rate API
2026-03-29,Singapore Dollar,S$,72.0097,Exchange Rate API
2026-03-28,Singapore Dollar,S$,71.583,Exchange Rate API
2026-03-27,Singapore Dollar,S$,71.7568,Exchange Rate API
2026-03-26,Singapore Dollar,S$,71.5337,Exchange Rate API
2026-03-25,Singapore Dollar,S$,71.7303,Exchange Rate API
2026-03-24,Singapore Dollar,S$,72.1084,Exchange Rate API
2026-03-23,Singapore Dollar,S$,71.8101,Exchange Rate API
2026-03-22,Singapore Dollar,S$,71.9703,Exchange Rate API
2026-03-21,Singapore Dollar,S$,71.9838,Exchange Rate API
2026-03-20,Singapore Dollar,S$,72.2251,Exchange Rate API
2026-03-19,Singapore Dollar,S$,72.4072,Exchange Rate API
2026-03-18,Singapore Dollar,S$,72.0384,Exchange Rate API
2026-03-17,Singapore Dollar,S$,72.037,Exchange Rate API
2026-03-16,Singapore Dollar,S$,71.6523,Exchange Rate API
2026-03-15,Singapore Dollar,S$,72.0083,Exchange Rate API
2026-03-14,Singapore Dollar,S$,72.0935,Exchange Rate API
2026-03-13,Singapore Dollar,S$,72.3146,Exchange Rate API
2026-03-12,Singapore Dollar,S$,72.4457,Exchange Rate API
2026-03-11,Singapore Dollar,S$,72.2656,Exchange Rate API
2026-03-10,Singapore Dollar,S$,72.2412,Exchange Rate API
2026-03-09,Singapore Dollar,S$,72.3898,Exchange Rate API
2026-03-08,Singapore Dollar,S$,72.2488,Exchange Rate API
2026-03-07,Singapore Dollar,S$,72.2788,Exchange Rate API
2026-03-06,Singapore Dollar,S$,72.0963,Exchange Rate API
2026-03-05,Singapore Dollar,S$,72.0955,Exchange Rate API
2026-03-04,Singapore Dollar,S$,71.8687,Exchange Rate API
2026-03-03,Singapore Dollar,S$,71.5993,Exchange Rate API
2026-03-02,Singapore Dollar,S$,71.7854,Exchange Rate API
2026-03-01,Singapore Dollar,S$,71.5406,Exchange Rate API
2026-02-28,Singapore Dollar,S$,71.9582,Exchange Rate API
2026-02-27,Singapore Dollar,S$,72.2385,Exchange Rate API
2026-02-26,Singapore Dollar,S$,72.3462,Exchange Rate API
2026-02-25,Singapore Dollar,S$,72.5495,Exchange Rate API
2026-02-24,Singapore Dollar,S$,72.5527,Exchange Rate API
2026-02-23,Singapore Dollar,S$,72.2854,Exchange Rate API
2026-02-22,Singapore Dollar,S$,71.8526,Exchange Rate API
2026-02-21,Singapore Dollar,S$,71.4883,Exchange Rate API
2026-02-20,Singapore Dollar,S$,71.1808,Exchange Rate API
2026-02-19,Singapore Dollar,S$,71.5866,Exchange Rate API
2026-02-18,Singapore Dollar,S$,71.2789,Exchange Rate API
2026-02-17,Singapore Dollar,S$,71.5319,Exchange Rate API
2026-02-16,Singapore Dollar,S$,71.5097,Exchange Rate API
2026-02-15,Singapore Dollar,S$,71.5076,Exchange Rate API
2026-02-14,Singapore Dollar,S$,71.1604,Exchange Rate API
2026-02-13,Singapore Dollar,S$,70.8414,Exchange Rate API
2026-02-12,Singapore Dollar,S$,71.2384,Exchange Rate API
2026-02-11,Singapore Dollar,S$,70.8454,Exchange Rate API
2026-02-10,Singapore Dollar,S$,70.4519,Exchange Rate API
2026-02-09,Singapore Dollar,S$,70.0808,Exchange Rate API
2026-02-08,Singapore Dollar,S$,69.978,Exchange Rate API
2026-02-07,Singapore Dollar,S$,69.8758,Exchange Rate API
2026-02-06,Singapore Dollar,S$,69.5218,Exchange Rate API
2026-02-05,Singapore Dollar,S$,69.2034,Exchange Rate API
2026-02-04,Singapore Dollar,S$,69.5369,Exchange Rate API
2026-02-03,Singapore Dollar,S$,69.6646,Exchange Rate API
2026-02-02,Singapore Dollar,S$,69.555,Exchange Rate API
2026-02-01,Singapore Dollar,S$,69.1952,Exchange Rate API
2026-01-31,Singapore Dollar,S$,69.5845,Exchange Rate API
2026-01-30,Singapore Dollar,S$,69.9154,Exchange Rate API
2026-01-29,Singapore Dollar,S$,70.0323,Exchange Rate API
2026-01-28,Singapore Dollar,S$,70.0761,Exchange Rate API
2026-01-27,Singapore Dollar,S$,70.0936,Exchange Rate API
2026-01-26,Singapore Dollar,S$,70.4667,Exchange Rate API
2026-01-25,Singapore Dollar,S$,70.5028,Exchange Rate API
2026-01-24,Singapore Dollar,S$,70.6738,Exchange Rate API
2026-01-23,Singapore Dollar,S$,70.772,Exchange Rate API
2026-01-22,Singapore Dollar,S$,70.6854,Exchange Rate API
2026-01-21,Singapore Dollar,S$,70.7603,Exchange Rate API
2026-01-20,Singapore Dollar,S$,70.5389,Exchange Rate API
2026-01-19,Singapore Dollar,S$,70.6402,Exchange Rate API
2026-01-18,Singapore Dollar,S$,70.54,Exchange Rate API
2026-01-17,Singapore Dollar,S$,70.7851,Exchange Rate API
2026-01-16,Singapore Dollar,S$,70.7326,Exchange Rate API
2026-01-15,Singapore Dollar,S$,70.7918,Exchange Rate API
2026-01-14,Singapore Dollar,S$,70.3718,Exchange Rate API
2026-01-13,Singapore Dollar,S$,70.5888,Exchange Rate API
2026-01-12,Singapore Dollar,S$,70.7882,Exchange Rate API
2026-01-11,Singapore Dollar,S$,70.7149,Exchange Rate API
2026-01-10,Singapore Dollar,S$,70.8202,Exchange Rate API
2026-01-09,Singapore Dollar,S$,70.4801,Exchange Rate API
2026-01-08,Singapore Dollar,S$,70.3307,Exchange Rate API
2026-01-07,Singapore Dollar,S$,70.583,Exchange Rate API
2026-01-06,Singapore Dollar,S$,70.3511,Exchange Rate API
2026-01-05,Singapore Dollar,S$,69.9838,Exchange Rate API
2026-01-04,Singapore Dollar,S$,69.6791,Exchange Rate API
2026-01-03,Singapore Dollar,S$,69.6321,Exchange Rate API
2026-01-02,Singapore Dollar,S$,69.5278,Exchange Rate API
2026-01-01,Singapore Dollar,S$,69.5205,Exchange Rate API
2025-12-31,Singapore Dollar,S$,69.2594,Exchange Rate API
2025-12-30,Singapore Dollar,S$,69.351,Exchange Rate API
2025-12-29,Singapore Dollar,S$,69.6896,Exchange Rate API
2025-12-28,Singapore Dollar,S$,69.5419,Exchange Rate API
2025-12-27,Singapore Dollar,S$,69.4327,Exchange Rate API
2025-12-26,Singapore Dollar,S$,69.7196,Exchange Rate API
2025-12-25,Singapore Dollar,S$,69.963,Exchange Rate API
2025-12-24,Singapore Dollar,S$,70.0113,Exchange Rate API
2025-12-23,Singapore Dollar,S$,69.8657,Exchange Rate API
2025-12-22,Singapore Dollar,S$,69.8939,Exchange Rate API
2025-12-21,Singapore Dollar,S$,69.8006,Exchange Rate API
2025-12-20,Singapore Dollar,S$,70.1766,Exchange Rate API
2025-12-19,Singapore Dollar,S$,70.3697,Exchange Rate API
2025-12-18,Singapore Dollar,S$,70.2096,Exchange Rate API
2025-12-17,Singapore Dollar,S$,69.8175,Exchange Rate API
2025-12-16,Singapore Dollar,S$,69.6725,Exchange Rate API
2025-12-15,Singapore Dollar,S$,69.9098,Exchange Rate API
2025-12-14,Singapore Dollar,S$,70.2875,Exchange Rate API
2025-12-13,Singapore Dollar,S$,70.7044,Exchange Rate API
2025-12-12,Singapore Dollar,S$,70.4945,Exchange Rate API
2025-12-11,Singapore Dollar,S$,70.6786,Exchange Rate API
2025-12-10,Singapore Dollar,S$,70.4769,Exchange Rate API
2025-12-09,Singapore Dollar,S$,70.2906,Exchange Rate API
2025-12-08,Singapore Dollar,S$,70.6981,Exchange Rate API
2025-12-07,Singapore Dollar,S$,70.6205,Exchange Rate API
2025-12-06,Singapore Dollar,S$,70.4232,Exchange Rate API
2025-12-05,Singapore Dollar,S$,70.0197,Exchange Rate API
2025-12-04,Singapore Dollar,S$,69.8687,Exchange Rate API
2025-12-03,Singapore Dollar,S$,70.2862,Exchange Rate API
2025-12-02,Singapore Dollar,S$,70.3279,Exchange Rate API
2025-12-01,Singapore Dollar,S$,69.9197,Exchange Rate API
2025-11-30,Singapore Dollar,S$,69.5374,Exchange Rate API
2025-11-29,Singapore Dollar,S$,69.2702,Exchange Rate API
2025-11-28,Singapore Dollar,S$,69.4578,Exchange Rate API
2025-11-27,Singapore Dollar,S$,69.5843,Exchange Rate API
2025-11-26,Singapore Dollar,S$,69.1814,Exchange Rate API
2025-11-25,Singapore Dollar,S$,69.4934,Exchange Rate API
2025-11-24,Singapore Dollar,S$,69.5881,Exchange Rate API
2025-11-23,Singapore Dollar,S$,69.8443,Exchange Rate API
2025-11-22,Singapore Dollar,S$,69.5505,Exchange Rate API
2025-11-21,Singapore Dollar,S$,69.1709,Exchange Rate API
2025-11-20,Singapore Dollar,S$,69.5622,Exchange Rate API
2025-11-19,Singapore Dollar,S$,69.9256,Exchange Rate API
2025-11-18,Singapore Dollar,S$,69.7324,Exchange Rate API
2025-11-17,Singapore Dollar,S$,70.1126,Exchange Rate API
2025-11-16,Singapore Dollar,S$,69.9167,Exchange Rate API
2025-11-15,Singapore Dollar,S$,69.6046,Exchange Rate API
2025-11-14,Singapore Dollar,S$,69.7845,Exchange Rate API
2025-11-13,Singapore Dollar,S$,69.5481,Exchange Rate API
2025-11-12,Singapore Dollar,S$,69.7452,Exchange Rate API
2025-11-11,Singapore Dollar,S$,69.3906,Exchange Rate API
2025-11-10,Singapore Dollar,S$,69.0957,Exchange Rate API
2025-11-09,Singapore Dollar,S$,68.7714,Exchange Rate API
2025-11-08,Singapore Dollar,S$,68.9712,Exchange Rate API
2025-11-07,Singapore Dollar,S$,68.7325,Exchange Rate API
2025-11-06,Singapore Dollar,S$,68.9931,Exchange Rate API
2025-11-05,Singapore Dollar,S$,69.3596,Exchange Rate API
2025-11-04,Singapore Dollar,S$,69.4612,Exchange Rate API
2025-11-03,Singapore Dollar,S$,69.8025,Exchange Rate API
2025-11-02,Singapore Dollar,S$,70.1979,Exchange Rate API
2025-11-01,Singapore Dollar,S$,69.8191,Exchange Rate API
2025-10-31,Singapore Dollar,S$,69.6789,Exchange Rate API
2025-10-30,Singapore Dollar,S$,69.6467,Exchange Rate API
2025-10-29,Singapore Dollar,S$,69.9261,Exchange Rate API
2025-10-28,Singapore Dollar,S$,70.0719,Exchange Rate API
2025-10-27,Singapore Dollar,S$,69.686,Exchange Rate API
2025-10-26,Singapore Dollar,S$,69.4796,Exchange Rate API
2025-10-25,Singapore Dollar,S$,69.6957,Exchange Rate API
2025-10-24,Singapore Dollar,S$,69.6237,Exchange Rate API
2025-10-23,Singapore Dollar,S$,69.7616,Exchange Rate API
2025-10-22,Singapore Dollar,S$,70.0342,Exchange Rate API
2025-10-21,Singapore Dollar,S$,69.6425,Exchange Rate API
2025-10-20,Singapore Dollar,S$,69.9986,Exchange Rate API
2025-10-19,Singapore Dollar,S$,70.2019,Exchange Rate API
2025-10-18,Singapore Dollar,S$,70.3599,Exchange Rate API
2025-10-17,Singapore Dollar,S$,70.059,Exchange Rate API
2025-10-16,Singapore Dollar,S$,69.9421,Exchange Rate API
2025-10-15,Singapore Dollar,S$,69.9005,Exchange Rate API
2025-10-14,Singapore Dollar,S$,69.8141,Exchange Rate API
2025-10-13,Singapore Dollar,S$,69.5817,Exchange Rate API
2025-10-12,Singapore Dollar,S$,69.5172,Exchange Rate API
2025-10-11,Singapore Dollar,S$,69.6093,Exchange Rate API
2025-10-10,Singapore Dollar,S$,69.295,Exchange Rate API
2025-10-09,Singapore Dollar,S$,69.5997,Exchange Rate API
2025-10-08,Singapore Dollar,S$,69.5899,Exchange Rate API
2025-10-07,Singapore Dollar,S$,69.867,Exchange Rate API
2025-10-06,Singapore Dollar,S$,69.7325,Exchange Rate API
2025-10-05,Singapore Dollar,S$,69.4418,Exchange Rate API
2025-10-04,Singapore Dollar,S$,69.7377,Exchange Rate API
2025-10-03,Singapore Dollar,S$,70.114,Exchange Rate API
2025-10-02,Singapore Dollar,S$,70.2577,Exchange Rate API
2025-10-01,Singapore Dollar,S$,70.1314,Exchange Rate API
2025-09-30,Singapore Dollar,S$,70.2346,Exchange Rate API
2025-09-29,Singapore Dollar,S$,70.4985,Exchange Rate API
2025-09-28,Singapore Dollar,S$,70.5457,Exchange Rate API
2025-09-27,Singapore Dollar,S$,70.1724,Exchange Rate API
2025-09-26,Singapore Dollar,S$,70.46,Exchange Rate API
2025-09-25,Singapore Dollar,S$,70.4429,Exchange Rate API
2025-09-24,Singapore Dollar,S$,70.5851,Exchange Rate API
2025-09-23,Singapore Dollar,S$,70.4184,Exchange Rate API
2025-09-22,Singapore Dollar,S$,70.5148,Exchange Rate API
2025-09-21,Singapore Dollar,S$,70.3004,Exchange Rate API
2025-09-20,Singapore Dollar,S$,70.5001,Exchange Rate API
2025-09-19,Singapore Dollar,S$,70.2931,Exchange Rate API
2025-09-18,Singapore Dollar,S$,70.4646,Exchange Rate API
2025-09-17,Singapore Dollar,S$,70.3996,Exchange Rate API
2025-09-16,Singapore Dollar,S$,70.5558,Exchange Rate API
2025-09-15,Singapore Dollar,S$,70.6718,Exchange Rate API
2025-09-14,Singapore Dollar,S$,70.2886,Exchange Rate API
2025-09-13,Singapore Dollar,S$,70.2592,Exchange Rate API
2025-09-12,Singapore Dollar,S$,69.9089,Exchange Rate API
2025-09-11,Singapore Dollar,S$,69.8291,Exchange Rate API
2025-09-10,Singapore Dollar,S$,69.9603,Exchange Rate API
2025-09-09,Singapore Dollar,S$,70.1213,Exchange Rate API
2025-09-08,Singapore Dollar,S$,69.7957,Exchange Rate API
2025-09-07,Singapore Dollar,S$,69.6512,Exchange Rate API
2025-09-06,Singapore Dollar,S$,69.6024,Exchange Rate API
2025-09-05,Singapore Dollar,S$,69.3484,Exchange Rate API
2025-09-04,Singapore Dollar,S$,69.7326,Exchange Rate API
2025-09-03,Singapore Dollar,S$,69.8279,Exchange Rate API
2025-09-02,Singapore Dollar,S$,69.4275,Exchange Rate API
2025-09-01,Singapore Dollar,S$,69.508,Exchange Rate API
2025-08-31,Singapore Dollar,S$,69.4433,Exchange Rate API
2025-08-30,Singapore Dollar,S$,69.4737,Exchange Rate API
2025-08-29,Singapore Dollar,S$,69.3795,Exchange Rate API
2025-08-28,Singapore Dollar,S$,69.2646,Exchange Rate API
2025-08-27,Singapore Dollar,S$,69.6006,Exchange Rate API
2025-08-26,Singapore Dollar,S$,69.5541,Exchange Rate API
2025-08-25,Singapore Dollar,S$,69.1557,Exchange Rate API
2025-08-24,Singapore Dollar,S$,69.471,Exchange Rate API
2025-08-23,Singapore Dollar,S$,69.3099,Exchange Rate API
2025-08-22,Singapore Dollar,S$,69.0246,Exchange Rate API
2025-08-21,Singapore Dollar,S$,69.2849,Exchange Rate API
2025-08-20,Singapore Dollar,S$,69.2446,Exchange Rate API
2025-08-19,Singapore Dollar,S$,69.4486,Exchange Rate API
2025-08-18,Singapore Dollar,S$,69.5548,Exchange Rate API
2025-08-17,Singapore Dollar,S$,69.1753,Exchange Rate API
2025-08-16,Singapore Dollar,S$,68.9744,Exchange Rate API
2025-08-15,Singapore Dollar,S$,69.0909,Exchange Rate API
2025-08-14,Singapore Dollar,S$,69.0324,Exchange Rate API
2025-08-13,Singapore Dollar,S$,69.2827,Exchange Rate API
2025-08-12,Singapore Dollar,S$,69.0193,Exchange Rate API
2025-08-11,Singapore Dollar,S$,69.1421,Exchange Rate API
2025-08-10,Singapore Dollar,S$,69.1869,Exchange Rate API
2025-08-09,Singapore Dollar,S$,68.9833,Exchange Rate API
2025-08-08,Singapore Dollar,S$,69.2667,Exchange Rate API
2025-08-07,Singapore Dollar,S$,69.1274,Exchange Rate API
2025-08-06,Singapore Dollar,S$,69.1801,Exchange Rate API
2025-08-05,Singapore Dollar,S$,68.9713,Exchange Rate API
2025-08-04,Singapore Dollar,S$,69.002,Exchange Rate API
2026-08-03,UAE Dirham,د.إ,25.997,Exchange Rate API
2026-08-02,UAE Dirham,د.إ,25.9602,Exchange Rate API
2026-08-01,UAE Dirham,د.إ,25.8941,Exchange Rate API
2026-07-31,UAE Dirham,د.إ,25.8901,Exchange Rate API
2026-07-30,UAE Dirham,د.إ,25.7751,Exchange Rate API
2026-07-29,UAE Dirham,د.إ,25.661,Exchange Rate API
2026-07-28,UAE Dirham,د.إ,25.5224,Exchange Rate API
2026-07-27,UAE Dirham,د.إ,25.3835,Exchange Rate API
2026-07-26,UAE Dirham,د.إ,25.2801,Exchange Rate API
2026-07-25,UAE Dirham,د.إ,25.2637,Exchange Rate API
2026-07-24,UAE Dirham,د.إ,25.3763,Exchange Rate API
2026-07-23,UAE Dirham,د.إ,25.4285,Exchange Rate API
2026-07-22,UAE Dirham,د.إ,25.3578,Exchange Rate API
2026-07-21,UAE Dirham,د.إ,25.3921,Exchange Rate API
2026-07-20,UAE Dirham,د.إ,25.3424,Exchange Rate API
2026-07-19,UAE Dirham,د.إ,25.2562,Exchange Rate API
2026-07-18,UAE Dirham,د.إ,25.2483,Exchange Rate API
2026-07-17,UAE Dirham,د.إ,25.3353,Exchange Rate API
2026-07-16,UAE Dirham,د.إ,25.3857,Exchange Rate API
2026-07-15,UAE Dirham,د.إ,25.4254,Exchange Rate API
2026-07-14,UAE Dirham,د.إ,25.3307,Exchange Rate API
2026-07-13,UAE Dirham,د.إ,25.4008,Exchange Rate API
2026-07-12,UAE Dirham,د.إ,25.496,Exchange Rate API
2026-07-11,UAE Dirham,د.إ,25.4961,Exchange Rate API
2026-07-10,UAE Dirham,د.إ,25.5823,Exchange Rate API
2026-07-09,UAE Dirham,د.إ,25.6637,Exchange Rate API
2026-07-08,UAE Dirham,د.إ,25.5431,Exchange Rate API
2026-07-07,UAE Dirham,د.إ,25.622,Exchange Rate API
2026-07-06,UAE Dirham,د.إ,25.6436,Exchange Rate API
2026-07-05,UAE Dirham,د.إ,25.6736,Exchange Rate API
2026-07-04,UAE Dirham,د.إ,25.5379,Exchange Rate API
2026-07-03,UAE Dirham,د.إ,25.4834,Exchange Rate API
2026-07-02,UAE Dirham,د.إ,25.5157,Exchange Rate API
2026-07-01,UAE Dirham,د.إ,25.4274,Exchange Rate API
2026-06-30,UAE Dirham,د.إ,25.4619,Exchange Rate API
2026-06-29,UAE Dirham,د.إ,25.3341,Exchange Rate API
2026-06-28,UAE Dirham,د.إ,25.2088,Exchange Rate API
2026-06-27,UAE Dirham,د.إ,25.0858,Exchange Rate API
2026-06-26,UAE Dirham,د.إ,25.0708,Exchange Rate API
2026-06-25,UAE Dirham,د.إ,25.1812,Exchange Rate API
2026-06-24,UAE Dirham,د.إ,25.2847,Exchange Rate API
2026-06-23,UAE Dirham,د.إ,25.3197,Exchange Rate API
2026-06-22,UAE Dirham,د.إ,25.2613,Exchange Rate API
2026-06-21,UAE Dirham,د.إ,25.2394,Exchange Rate API
2026-06-20,UAE Dirham,د.إ,25.1313,Exchange Rate API
2026-06-19,UAE Dirham,د.إ,25.2624,Exchange Rate API
2026-06-18,UAE Dirham,د.إ,25.276,Exchange Rate API
2026-06-17,UAE Dirham,د.إ,25.3777,Exchange Rate API
2026-06-16,UAE Dirham,د.إ,25.2977,Exchange Rate API
2026-06-15,UAE Dirham,د.إ,25.3825,Exchange Rate API
2026-06-14,UAE Dirham,د.إ,25.3632,Exchange Rate API
2026-06-13,UAE Dirham,د.إ,25.3487,Exchange Rate API
2026-06-12,UAE Dirham,د.إ,25.322,Exchange Rate API
2026-06-11,UAE Dirham,د.إ,25.3838,Exchange Rate API
2026-06-10,UAE Dirham,د.إ,25.5314,Exchange Rate API
2026-06-09,UAE Dirham,د.إ,25.4375,Exchange Rate API
2026-06-08,UAE Dirham,د.إ,25.5005,Exchange Rate API
2026-06-07,UAE Dirham,د.إ,25.4943,Exchange Rate API
2026-06-06,UAE Dirham,د.إ,25.4996,Exchange Rate API
2026-06-05,UAE Dirham,د.إ,25.51,Exchange Rate API
2026-06-04,UAE Dirham,د.إ,25.5653,Exchange Rate API
2026-06-03,UAE Dirham,د.إ,25.6104,Exchange Rate API
2026-06-02,UAE Dirham,د.إ,25.6446,Exchange Rate API
2026-06-01,UAE Dirham,د.إ,25.4924,Exchange Rate API
2026-05-31,UAE Dirham,د.إ,25.5176,Exchange Rate API
2026-05-30,UAE Dirham,د.إ,25.4474,Exchange Rate API
2026-05-29,UAE Dirham,د.إ,25.4488,Exchange Rate API
2026-05-28,UAE Dirham,د.إ,25.4508,Exchange Rate API
2026-05-27,UAE Dirham,د.إ,25.3138,Exchange Rate API
2026-05-26,UAE Dirham,د.إ,25.2121,Exchange Rate API
2026-05-25,UAE Dirham,د.إ,25.291,Exchange Rate API
2026-05-24,UAE Dirham,د.إ,25.3344,Exchange Rate API
2026-05-23,UAE Dirham,د.إ,25.3605,Exchange Rate API
2026-05-22,UAE Dirham,د.إ,25.3934,Exchange Rate API
2026-05-21,UAE Dirham,د.إ,25.4348,Exchange Rate API
2026-05-20,UAE Dirham,د.إ,25.4124,Exchange Rate API
2026-05-19,UAE Dirham,د.إ,25.5321,Exchange Rate API
2026-05-18,UAE Dirham,د.إ,25.4848,Exchange Rate API
2026-05-17,UAE Dirham,د.إ,25.4366,Exchange Rate API
2026-05-16,UAE Dirham,د.إ,25.3161,Exchange Rate API
2026-05-15,UAE Dirham,د.إ,25.3206,Exchange Rate API
2026-05-14,UAE Dirham,د.إ,25.4582,Exchange Rate API
2026-05-13,UAE Dirham,د.إ,25.5368,Exchange Rate API
2026-05-12,UAE Dirham,د.إ,25.4586,Exchange Rate API
2026-05-11,UAE Dirham,د.إ,25.5218,Exchange Rate API
2026-05-10,UAE Dirham,د.إ,25.4701,Exchange Rate API
2026-05-09,UAE Dirham,د.إ,25.3184,Exchange Rate API
2026-05-08,UAE Dirham,د.إ,25.2505,Exchange Rate API
2026-05-07,UAE Dirham,د.إ,25.3128,Exchange Rate API
2026-05-06,UAE Dirham,د.إ,25.3913,Exchange Rate API
2026-05-05,UAE Dirham,د.إ,25.4944,Exchange Rate API
2026-05-04,UAE Dirham,د.إ,25.5964,Exchange Rate API
2026-05-03,UAE Dirham,د.إ,25.6677,Exchange Rate API
2026-05-02,UAE Dirham,د.إ,25.7631,Exchange Rate API
2026-05-01,UAE Dirham,د.إ,25.7064,Exchange Rate API
2026-04-30,UAE Dirham,د.إ,25.7722,Exchange Rate API
2026-04-29,UAE Dirham,د.إ,25.9173,Exchange Rate API
2026-04-28,UAE Dirham,د.إ,26.0185,Exchange Rate API
2026-04-27,UAE Dirham,د.إ,25.8854,Exchange Rate API
2026-04-26,UAE Dirham,د.إ,25.9374,Exchange Rate API
2026-04-25,UAE Dirham,د.إ,25.9289,Exchange Rate API
2026-04-24,UAE Dirham,د.إ,25.8511,Exchange Rate API
2026-04-23,UAE Dirham,د.إ,25.9253,Exchange Rate API
2026-04-22,UAE Dirham,د.إ,25.9528,Exchange Rate API
2026-04-21,UAE Dirham,د.إ,26.1068,Exchange Rate API
2026-04-20,UAE Dirham,د.إ,25.975,Exchange Rate API
2026-04-19,UAE Dirham,د.إ,25.8239,Exchange Rate API
2026-04-18,UAE Dirham,د.إ,25.8743,Exchange Rate API
2026-04-17,UAE Dirham,د.إ,26.0072,Exchange Rate API
2026-04-16,UAE Dirham,د.إ,26.1335,Exchange Rate API
2026-04-15,UAE Dirham,د.إ,26.1074,Exchange Rate API
2026-04-14,UAE Dirham,د.إ,26.0744,Exchange Rate API
2026-04-13,UAE Dirham,د.إ,25.9901,Exchange Rate API
2026-04-12,UAE Dirham,د.إ,26.1038,Exchange Rate API
2026-04-11,UAE Dirham,د.إ,26.0967,Exchange Rate API
2026-04-10,UAE Dirham,د.إ,26.0801,Exchange Rate API
2026-04-09,UAE Dirham,د.إ,26.0765,Exchange Rate API
2026-04-08,UAE Dirham,د.إ,25.9463,Exchange Rate API
2026-04-07,UAE Dirham,د.إ,26.0777,Exchange Rate API
2026-04-06,UAE Dirham,د.إ,26.2189,Exchange Rate API
2026-04-05,UAE Dirham,د.إ,26.2219,Exchange Rate API
2026-04-04,UAE Dirham,د.إ,26.2143,Exchange Rate API
2026-04-03,UAE Dirham,د.إ,26.1157,Exchange Rate API
2026-04-02,UAE Dirham,د.إ,25.9993,Exchange Rate API
2026-04-01,UAE Dirham,د.إ,26.1337,Exchange Rate API
2026-03-31,UAE Dirham,د.إ,25.9913,Exchange Rate API
2026-03-30,UAE Dirham,د.إ,25.8495,Exchange Rate API
2026-03-29,UAE Dirham,د.إ,25.8924,Exchange Rate API
2026-03-28,UAE Dirham,د.إ,25.9821,Exchange Rate API
2026-03-27,UAE Dirham,د.إ,26.1303,Exchange Rate API
2026-03-26,UAE Dirham,د.إ,26.0422,Exchange Rate API
2026-03-25,UAE Dirham,د.إ,26.1046,Exchange Rate API
2026-03-24,UAE Dirham,د.إ,26.0533,Exchange Rate API
2026-03-23,UAE Dirham,د.إ,26.0883,Exchange Rate API
2026-03-22,UAE Dirham,د.إ,26.1072,Exchange Rate API
2026-03-21,UAE Dirham,د.إ,26.0581,Exchange Rate API
2026-03-20,UAE Dirham,د.إ,26.1916,Exchange Rate API
2026-03-19,UAE Dirham,د.إ,26.1728,Exchange Rate API
2026-03-18,UAE Dirham,د.إ,26.2174,Exchange Rate API
2026-03-17,UAE Dirham,د.إ,26.1228,Exchange Rate API
2026-03-16,UAE Dirham,د.إ,26.0806,Exchange Rate API
2026-03-15,UAE Dirham,د.إ,26.1269,Exchange Rate API
2026-03-14,UAE Dirham,د.إ,26.1435,Exchange Rate API
2026-03-13,UAE Dirham,د.إ,26.2507,Exchange Rate API
2026-03-12,UAE Dirham,د.إ,26.1497,Exchange Rate API
2026-03-11,UAE Dirham,د.إ,26.1268,Exchange Rate API
2026-03-10,UAE Dirham,د.إ,26.2531,Exchange Rate API
2026-03-09,UAE Dirham,د.إ,26.3416,Exchange Rate API
2026-03-08,UAE Dirham,د.إ,26.376,Exchange Rate API
2026-03-07,UAE Dirham,د.إ,26.3545,Exchange Rate API
2026-03-06,UAE Dirham,د.إ,26.4241,Exchange Rate API
2026-03-05,UAE Dirham,د.إ,26.5608,Exchange Rate API
2026-03-04,UAE Dirham,د.إ,26.6941,Exchange Rate API
2026-03-03,UAE Dirham,د.إ,26.6254,Exchange Rate API
2026-03-02,UAE Dirham,د.إ,26.5623,Exchange Rate API
2026-03-01,UAE Dirham,د.إ,26.6885,Exchange Rate API
2026-02-28,UAE Dirham,د.إ,26.6225,Exchange Rate API
2026-02-27,UAE Dirham,د.إ,26.627,Exchange Rate API
2026-02-26,UAE Dirham,د.إ,26.6285,Exchange Rate API
2026-02-25,UAE Dirham,د.إ,26.7019,Exchange Rate API
2026-02-24,UAE Dirham,د.إ,26.8079,Exchange Rate API
2026-02-23,UAE Dirham,د.إ,26.7382,Exchange Rate API
2026-02-22,UAE Dirham,د.إ,26.8297,Exchange Rate API
2026-02-21,UAE Dirham,د.إ,26.7212,Exchange Rate API
2026-02-20,UAE Dirham,د.إ,26.6131,Exchange Rate API
2026-02-19,UAE Dirham,د.إ,26.5288,Exchange Rate API
2026-02-18,UAE Dirham,د.إ,26.4659,Exchange Rate API
2026-02-17,UAE Dirham,د.إ,26.6171,Exchange Rate API
2026-02-16,UAE Dirham,د.إ,26.7189,Exchange Rate API
2026-02-15,UAE Dirham,د.إ,26.613,Exchange Rate API
2026-02-14,UAE Dirham,د.إ,26.5465,Exchange Rate API
2026-02-13,UAE Dirham,د.إ,26.6915,Exchange Rate API
2026-02-12,UAE Dirham,د.إ,26.6111,Exchange Rate API
2026-02-11,UAE Dirham,د.إ,26.495,Exchange Rate API
2026-02-10,UAE Dirham,د.إ,26.4155,Exchange Rate API
2026-02-09,UAE Dirham,د.إ,26.5428,Exchange Rate API
2026-02-08,UAE Dirham,د.إ,26.4915,Exchange Rate API
2026-02-07,UAE Dirham,د.إ,26.5065,Exchange Rate API
2026-02-06,UAE Dirham,د.إ,26.4582,Exchange Rate API
2026-02-05,UAE Dirham,د.إ,26.4381,Exchange Rate API
2026-02-04,UAE Dirham,د.إ,26.3595,Exchange Rate API
2026-02-03,UAE Dirham,د.إ,26.5071,Exchange Rate API
2026-02-02,UAE Dirham,د.إ,26.5202,Exchange Rate API
2026-02-01,UAE Dirham,د.إ,26.5611,Exchange Rate API
2026-01-31,UAE Dirham,د.إ,26.459,Exchange Rate API
2026-01-30,UAE Dirham,د.إ,26.4874,Exchange Rate API
2026-01-29,UAE Dirham,د.إ,26.3598,Exchange Rate API
2026-01-28,UAE Dirham,د.إ,26.3892,Exchange Rate API
2026-01-27,UAE Dirham,د.إ,26.5123,Exchange Rate API
2026-01-26,UAE Dirham,د.إ,26.6211,Exchange Rate API
2026-01-25,UAE Dirham,د.إ,26.6983,Exchange Rate API
2026-01-24,UAE Dirham,د.إ,26.6547,Exchange Rate API
2026-01-23,UAE Dirham,د.إ,26.753,Exchange Rate API
2026-01-22,UAE Dirham,د.إ,26.8224,Exchange Rate API
2026-01-21,UAE Dirham,د.إ,26.7856,Exchange Rate API
2026-01-20,UAE Dirham,د.إ,26.7106,Exchange Rate API
2026-01-19,UAE Dirham,د.إ,26.576,Exchange Rate API
2026-01-18,UAE Dirham,د.إ,26.6094,Exchange Rate API
2026-01-17,UAE Dirham,د.إ,26.6801,Exchange Rate API
2026-01-16,UAE Dirham,د.إ,26.8298,Exchange Rate API
2026-01-15,UAE Dirham,د.إ,26.8414,Exchange Rate API
2026-01-14,UAE Dirham,د.إ,26.8722,Exchange Rate API
2026-01-13,UAE Dirham,د.إ,26.7596,Exchange Rate API
2026-01-12,UAE Dirham,د.إ,26.7262,Exchange Rate API
2026-01-11,UAE Dirham,د.إ,26.7895,Exchange Rate API
2026-01-10,UAE Dirham,د.إ,26.9491,Exchange Rate API
2026-01-09,UAE Dirham,د.إ,26.8543,Exchange Rate API
2026-01-08,UAE Dirham,د.إ,26.9948,Exchange Rate API
2026-01-07,UAE Dirham,د.إ,26.967,Exchange Rate API
2026-01-06,UAE Dirham,د.إ,26.9429,Exchange Rate API
2026-01-05,UAE Dirham,د.إ,26.9959,Exchange Rate API
2026-01-04,UAE Dirham,د.إ,27.1311,Exchange Rate API
2026-01-03,UAE Dirham,د.إ,27.1452,Exchange Rate API
2026-01-02,UAE Dirham,د.إ,27.1273,Exchange Rate API
2026-01-01,UAE Dirham,د.إ,27.2272,Exchange Rate API
2025-12-31,UAE Dirham,د.إ,27.1907,Exchange Rate API
2025-12-30,UAE Dirham,د.إ,27.2573,Exchange Rate API
2025-12-29,UAE Dirham,د.إ,27.1409,Exchange Rate API
2025-12-28,UAE Dirham,د.إ,27.1915,Exchange Rate API
2025-12-27,UAE Dirham,د.إ,27.2826,Exchange Rate API
2025-12-26,UAE Dirham,د.إ,27.3318,Exchange Rate API
2025-12-25,UAE Dirham,د.إ,27.4833,Exchange Rate API
2025-12-24,UAE Dirham,د.إ,27.3362,Exchange Rate API
2025-12-23,UAE Dirham,د.إ,27.292,Exchange Rate API
2025-12-22,UAE Dirham,د.إ,27.2309,Exchange Rate API
2025-12-21,UAE Dirham,د.إ,27.1608,Exchange Rate API
2025-12-20,UAE Dirham,د.إ,27.1493,Exchange Rate API
2025-12-19,UAE Dirham,د.إ,27.1082,Exchange Rate API
2025-12-18,UAE Dirham,د.إ,26.9728,Exchange Rate API
2025-12-17,UAE Dirham,د.إ,26.9501,Exchange Rate API
2025-12-16,UAE Dirham,د.إ,27.0642,Exchange Rate API
2025-12-15,UAE Dirham,د.إ,27.2108,Exchange Rate API
2025-12-14,UAE Dirham,د.إ,27.2562,Exchange Rate API
2025-12-13,UAE Dirham,د.إ,27.3309,Exchange Rate API
2025-12-12,UAE Dirham,د.إ,27.3687,Exchange Rate API
2025-12-11,UAE Dirham,د.إ,27.4446,Exchange Rate API
2025-12-10,UAE Dirham,د.إ,27.4439,Exchange Rate API
2025-12-09,UAE Dirham,د.إ,27.4786,Exchange Rate API
2025-12-08,UAE Dirham,د.إ,27.5203,Exchange Rate API
2025-12-07,UAE Dirham,د.إ,27.5785,Exchange Rate API
2025-12-06,UAE Dirham,د.إ,27.7403,Exchange Rate API
2025-12-05,UAE Dirham,د.إ,27.7002,Exchange Rate API
2025-12-04,UAE Dirham,د.إ,27.5787,Exchange Rate API
2025-12-03,UAE Dirham,د.إ,27.7422,Exchange Rate API
2025-12-02,UAE Dirham,د.إ,27.7994,Exchange Rate API
2025-12-01,UAE Dirham,د.إ,27.7003,Exchange Rate API
2025-11-30,UAE Dirham,د.إ,27.7379,Exchange Rate API
2025-11-29,UAE Dirham,د.إ,27.8561,Exchange Rate API
2025-11-28,UAE Dirham,د.إ,27.9299,Exchange Rate API
2025-11-27,UAE Dirham,د.إ,28.0434,Exchange Rate API
2025-11-26,UAE Dirham,د.إ,28.1967,Exchange Rate API
2025-11-25,UAE Dirham,د.إ,28.166,Exchange Rate API
2025-11-24,UAE Dirham,د.إ,28.2687,Exchange Rate API
2025-11-23,UAE Dirham,د.إ,28.2552,Exchange Rate API
2025-11-22,UAE Dirham,د.إ,28.3833,Exchange Rate API
2025-11-21,UAE Dirham,د.إ,28.3605,Exchange Rate API
2025-11-20,UAE Dirham,د.إ,28.3183,Exchange Rate API
2025-11-19,UAE Dirham,د.إ,28.4372,Exchange Rate API
2025-11-18,UAE Dirham,د.إ,28.3117,Exchange Rate API
2025-11-17,UAE Dirham,د.إ,28.3363,Exchange Rate API
2025-11-16,UAE Dirham,د.إ,28.3802,Exchange Rate API
2025-11-15,UAE Dirham,د.إ,28.3218,Exchange Rate API
2025-11-14,UAE Dirham,د.إ,28.2158,Exchange Rate API
2025-11-13,UAE Dirham,د.إ,28.1712,Exchange Rate API
2025-11-12,UAE Dirham,د.إ,28.0348,Exchange Rate API
2025-11-11,UAE Dirham,د.إ,27.914,Exchange Rate API
2025-11-10,UAE Dirham,د.إ,27.808,Exchange Rate API
2025-11-09,UAE Dirham,د.إ,27.9467,Exchange Rate API
2025-11-08,UAE Dirham,د.إ,27.9954,Exchange Rate API
2025-11-07,UAE Dirham,د.إ,27.9485,Exchange Rate API
2025-11-06,UAE Dirham,د.إ,28.0258,Exchange Rate API
2025-11-05,UAE Dirham,د.إ,28.1582,Exchange Rate API
2025-11-04,UAE Dirham,د.إ,28.226,Exchange Rate API
2025-11-03,UAE Dirham,د.إ,28.1791,Exchange Rate API
2025-11-02,UAE Dirham,د.إ,28.0508,Exchange Rate API
2025-11-01,UAE Dirham,د.إ,27.9837,Exchange Rate API
2025-10-31,UAE Dirham,د.إ,27.9096,Exchange Rate API
2025-10-30,UAE Dirham,د.إ,28.0761,Exchange Rate API
2025-10-29,UAE Dirham,د.إ,28.0497,Exchange Rate API
2025-10-28,UAE Dirham,د.إ,28.1617,Exchange Rate API
2025-10-27,UAE Dirham,د.إ,28.2835,Exchange Rate API
2025-10-26,UAE Dirham,د.إ,28.2246,Exchange Rate API
2025-10-25,UAE Dirham,د.إ,28.1063,Exchange Rate API
2025-10-24,UAE Dirham,د.إ,28.0926,Exchange Rate API
2025-10-23,UAE Dirham,د.إ,28.0361,Exchange Rate API
2025-10-22,UAE Dirham,د.إ,28.1872,Exchange Rate API
2025-10-21,UAE Dirham,د.إ,28.1663,Exchange Rate API
2025-10-20,UAE Dirham,د.إ,28.2568,Exchange Rate API
2025-10-19,UAE Dirham,د.إ,28.1889,Exchange Rate API
2025-10-18,UAE Dirham,د.إ,28.1702,Exchange Rate API
2025-10-17,UAE Dirham,د.إ,28.0588,Exchange Rate API
2025-10-16,UAE Dirham,د.إ,27.9279,Exchange Rate API
2025-10-15,UAE Dirham,د.إ,27.8987,Exchange Rate API
2025-10-14,UAE Dirham,د.إ,27.8947,Exchange Rate API
2025-10-13,UAE Dirham,د.إ,27.8342,Exchange Rate API
2025-10-12,UAE Dirham,د.إ,27.9107,Exchange Rate API
2025-10-11,UAE Dirham,د.إ,27.9024,Exchange Rate API
2025-10-10,UAE Dirham,د.إ,27.8073,Exchange Rate API
2025-10-09,UAE Dirham,د.إ,27.8826,Exchange Rate API
2025-10-08,UAE Dirham,د.إ,27.9622,Exchange Rate API
2025-10-07,UAE Dirham,د.إ,27.8683,Exchange Rate API
2025-10-06,UAE Dirham,د.إ,27.7512,Exchange Rate API
2025-10-05,UAE Dirham,د.إ,27.5899,Exchange Rate API
2025-10-04,UAE Dirham,د.إ,27.6973,Exchange Rate API
2025-10-03,UAE Dirham,د.إ,27.5503,Exchange Rate API
2025-10-02,UAE Dirham,د.إ,27.6259,Exchange Rate API
2025-10-01,UAE Dirham,د.إ,27.4759,Exchange Rate API
2025-09-30,UAE Dirham,د.إ,27.3399,Exchange Rate API
2025-09-29,UAE Dirham,د.إ,27.4438,Exchange Rate API
2025-09-28,UAE Dirham,د.إ,27.5007,Exchange Rate API
2025-09-27,UAE Dirham,د.إ,27.5136,Exchange Rate API
2025-09-26,UAE Dirham,د.إ,27.4338,Exchange Rate API
2025-09-25,UAE Dirham,د.إ,27.3133,Exchange Rate API
2025-09-24,UAE Dirham,د.إ,27.4022,Exchange Rate API
2025-09-23,UAE Dirham,د.إ,27.5351,Exchange Rate API
2025-09-22,UAE Dirham,د.إ,27.4443,Exchange Rate API
2025-09-21,UAE Dirham,د.إ,27.5786,Exchange Rate API
2025-09-20,UAE Dirham,د.إ,27.5136,Exchange Rate API
2025-09-19,UAE Dirham,د.إ,27.5013,Exchange Rate API
2025-09-18,UAE Dirham,د.إ,27.4843,Exchange Rate API
2025-09-17,UAE Dirham,د.إ,27.6018,Exchange Rate API
2025-09-16,UAE Dirham,د.إ,27.5559,Exchange Rate API
2025-09-15,UAE Dirham,د.إ,27.5379,Exchange Rate API
2025-09-14,UAE Dirham,د.إ,27.5168,Exchange Rate API
2025-09-13,UAE Dirham,د.إ,27.6266,Exchange Rate API
2025-09-12,UAE Dirham,د.إ,27.6048,Exchange Rate API
2025-09-11,UAE Dirham,د.إ,27.75,Exchange Rate API
2025-09-10,UAE Dirham,د.إ,27.809,Exchange Rate API
2025-09-09,UAE Dirham,د.إ,27.6691,Exchange Rate API
2025-09-08,UAE Dirham,د.إ,27.6545,Exchange Rate API
2025-09-07,UAE Dirham,د.إ,27.567,Exchange Rate API
2025-09-06,UAE Dirham,د.إ,27.5037,Exchange Rate API
2025-09-05,UAE Dirham,د.إ,27.3624,Exchange Rate API
2025-09-04,UAE Dirham,د.إ,27.3018,Exchange Rate API
2025-09-03,UAE Dirham,د.إ,27.3525,Exchange Rate API
2025-09-02,UAE Dirham,د.إ,27.2975,Exchange Rate API
2025-09-01,UAE Dirham,د.إ,27.1958,Exchange Rate API
2025-08-31,UAE Dirham,د.إ,27.1812,Exchange Rate API
2025-08-30,UAE Dirham,د.إ,27.1685,Exchange Rate API
2025-08-29,UAE Dirham,د.إ,27.2326,Exchange Rate API
2025-08-28,UAE Dirham,د.إ,27.3275,Exchange Rate API
2025-08-27,UAE Dirham,د.إ,27.392,Exchange Rate API
2025-08-26,UAE Dirham,د.إ,27.2379,Exchange Rate API
2025-08-25,UAE Dirham,د.إ,27.154,Exchange Rate API
2025-08-24,UAE Dirham,د.إ,27.2705,Exchange Rate API
2025-08-23,UAE Dirham,د.إ,27.2274,Exchange Rate API
2025-08-22,UAE Dirham,د.إ,27.0801,Exchange Rate API
2025-08-21,UAE Dirham,د.إ,27.0668,Exchange Rate API
2025-08-20,UAE Dirham,د.إ,26.9312,Exchange Rate API
2025-08-19,UAE Dirham,د.إ,27.0421,Exchange Rate API
2025-08-18,UAE Dirham,د.إ,27.0992,Exchange Rate API
2025-08-17,UAE Dirham,د.إ,27.2049,Exchange Rate API
2025-08-16,UAE Dirham,د.إ,27.237,Exchange Rate API
2025-08-15,UAE Dirham,د.إ,27.3954,Exchange Rate API
2025-08-14,UAE Dirham,د.إ,27.3709,Exchange Rate API
2025-08-13,UAE Dirham,د.إ,27.2663,Exchange Rate API
2025-08-12,UAE Dirham,د.إ,27.2128,Exchange Rate API
2025-08-11,UAE Dirham,د.إ,27.3756,Exchange Rate API
2025-08-10,UAE Dirham,د.إ,27.4518,Exchange Rate API
2025-08-09,UAE Dirham,د.إ,27.4314,Exchange Rate API
2025-08-08,UAE Dirham,د.إ,27.5252,Exchange Rate API
2025-08-07,UAE Dirham,د.إ,27.4583,Exchange Rate API
2025-08-06,UAE Dirham,د.إ,27.5532,Exchange Rate API
2025-08-05,UAE Dirham,د.إ,27.4936,Exchange Rate API
2025-08-04,UAE Dirham,د.إ,27.6047,Exchange Rate API
2026-08-03,Chinese Yuan,¥,14.1713,Exchange Rate API
2026-08-02,Chinese Yuan,¥,14.2054,Exchange Rate API
2026-08-01,Chinese Yuan,¥,14.2552,Exchange Rate API
2026-07-31,Chinese Yuan,¥,14.2764,Exchange Rate API
2026-07-30,Chinese Yuan,¥,14.202,Exchange Rate API
2026-07-29,Chinese Yuan,¥,14.2466,Exchange Rate API
2026-07-28,Chinese Yuan,¥,14.31,Exchange Rate API
2026-07-27,Chinese Yuan,¥,14.2535,Exchange Rate API
2026-07-26,Chinese Yuan,¥,14.2733,Exchange Rate API
2026-07-25,Chinese Yuan,¥,14.2243,Exchange Rate API
2026-07-24,Chinese Yuan,¥,14.1404,Exchange Rate API
2026-07-23,Chinese Yuan,¥,14.0652,Exchange Rate API
2026-07-22,Chinese Yuan,¥,14.0977,Exchange Rate API
2026-07-21,Chinese Yuan,¥,14.066,Exchange Rate API
2026-07-20,Chinese Yuan,¥,14.1496,Exchange Rate API
2026-07-19,Chinese Yuan,¥,14.2192,Exchange Rate API
2026-07-18,Chinese Yuan,¥,14.1887,Exchange Rate API
2026-07-17,Chinese Yuan,¥,14.1755,Exchange Rate API
2026-07-16,Chinese Yuan,¥,14.1912,Exchange Rate API
2026-07-15,Chinese Yuan,¥,14.1363,Exchange Rate API
2026-07-14,Chinese Yuan,¥,14.1488,Exchange Rate API
2026-07-13,Chinese Yuan,¥,14.1216,Exchange Rate API
2026-07-12,Chinese Yuan,¥,14.073,Exchange Rate API
2026-07-11,Chinese Yuan,¥,14.146,Exchange Rate API
2026-07-10,Chinese Yuan,¥,14.172,Exchange Rate API
2026-07-09,Chinese Yuan,¥,14.0994,Exchange Rate API
2026-07-08,Chinese Yuan,¥,14.1252,Exchange Rate API
2026-07-07,Chinese Yuan,¥,14.0757,Exchange Rate API
2026-07-06,Chinese Yuan,¥,14.0964,Exchange Rate API
2026-07-05,Chinese Yuan,¥,14.0689,Exchange Rate API
2026-07-04,Chinese Yuan,¥,14.0672,Exchange Rate API
2026-07-03,Chinese Yuan,¥,14.088,Exchange Rate API
2026-07-02,Chinese Yuan,¥,14.1271,Exchange Rate API
2026-07-01,Chinese Yuan,¥,14.0963,Exchange Rate API
2026-06-30,Chinese Yuan,¥,14.1699,Exchange Rate API
2026-06-29,Chinese Yuan,¥,14.2231,Exchange Rate API
2026-06-28,Chinese Yuan,¥,14.2774,Exchange Rate API
2026-06-27,Chinese Yuan,¥,14.2787,Exchange Rate API
2026-06-26,Chinese Yuan,¥,14.2311,Exchange Rate API
2026-06-25,Chinese Yuan,¥,14.2007,Exchange Rate API
2026-06-24,Chinese Yuan,¥,14.2609,Exchange Rate API
2026-06-23,Chinese Yuan,¥,14.2195,Exchange Rate API
2026-06-22,Chinese Yuan,¥,14.2548,Exchange Rate API
2026-06-21,Chinese Yuan,¥,14.1794,Exchange Rate API
2026-06-20,Chinese Yuan,¥,14.1342,Exchange Rate API
2026-06-19,Chinese Yuan,¥,14.057,Exchange Rate API
2026-06-18,Chinese Yuan,¥,14.0984,Exchange Rate API
2026-06-17,Chinese Yuan,¥,14.0215,Exchange Rate API
2026-06-16,Chinese Yuan,¥,14.1009,Exchange Rate API
2026-06-15,Chinese Yuan,¥,14.1565,Exchange Rate API
2026-06-14,Chinese Yuan,¥,14.1268,Exchange Rate API
2026-06-13,Chinese Yuan,¥,14.1089,Exchange Rate API
2026-06-12,Chinese Yuan,¥,14.0998,Exchange Rate API
2026-06-11,Chinese Yuan,¥,14.0971,Exchange Rate API
2026-06-10,Chinese Yuan,¥,14.0827,Exchange Rate API
2026-06-09,Chinese Yuan,¥,14.1311,Exchange Rate API
2026-06-08,Chinese Yuan,¥,14.0878,Exchange Rate API
2026-06-07,Chinese Yuan,¥,14.0537,Exchange Rate API
2026-06-06,Chinese Yuan,¥,14.0014,Exchange Rate API
2026-06-05,Chinese Yuan,¥,13.9551,Exchange Rate API
2026-06-04,Chinese Yuan,¥,14.024,Exchange Rate API
2026-06-03,Chinese Yuan,¥,13.967,Exchange Rate API
2026-06-02,Chinese Yuan,¥,13.9155,Exchange Rate API
2026-06-01,Chinese Yuan,¥,13.897,Exchange Rate API
2026-05-31,Chinese Yuan,¥,13.9802,Exchange Rate API
2026-05-30,Chinese Yuan,¥,13.9996,Exchange Rate API
2026-05-29,Chinese Yuan,¥,14.0299,Exchange Rate API
2026-05-28,Chinese Yuan,¥,13.9875,Exchange Rate API
2026-05-27,Chinese Yuan,¥,13.9403,Exchange Rate API
2026-05-26,Chinese Yuan,¥,14.005,Exchange Rate API
2026-05-25,Chinese Yuan,¥,13.9312,Exchange Rate API
2026-05-24,Chinese Yuan,¥,13.8811,Exchange Rate API
2026-05-23,Chinese Yuan,¥,13.8286,Exchange Rate API
2026-05-22,Chinese Yuan,¥,13.8301,Exchange Rate API
2026-05-21,Chinese Yuan,¥,13.8989,Exchange Rate API
2026-05-20,Chinese Yuan,¥,13.8395,Exchange Rate API
2026-05-19,Chinese Yuan,¥,13.8946,Exchange Rate API
2026-05-18,Chinese Yuan,¥,13.8563,Exchange Rate API
2026-05-17,Chinese Yuan,¥,13.8403,Exchange Rate API
2026-05-16,Chinese Yuan,¥,13.8556,Exchange Rate API
2026-05-15,Chinese Yuan,¥,13.8147,Exchange Rate API
2026-05-14,Chinese Yuan,¥,13.7806,Exchange Rate API
2026-05-13,Chinese Yuan,¥,13.7918,Exchange Rate API
2026-05-12,Chinese Yuan,¥,13.7751,Exchange Rate API
2026-05-11,Chinese Yuan,¥,13.8412,Exchange Rate API
2026-05-10,Chinese Yuan,¥,13.9187,Exchange Rate API
2026-05-09,Chinese Yuan,¥,13.9045,Exchange Rate API
2026-05-08,Chinese Yuan,¥,13.8734,Exchange Rate API
2026-05-07,Chinese Yuan,¥,13.9512,Exchange Rate API
2026-05-06,Chinese Yuan,¥,14.0123,Exchange Rate API
2026-05-05,Chinese Yuan,¥,14.0256,Exchange Rate API
2026-05-04,Chinese Yuan,¥,13.9484,Exchange Rate API
2026-05-03,Chinese Yuan,¥,13.9883,Exchange Rate API
2026-05-02,Chinese Yuan,¥,13.9923,Exchange Rate API
2026-05-01,Chinese Yuan,¥,13.9387,Exchange Rate API
2026-04-30,Chinese Yuan,¥,13.9981,Exchange Rate API
2026-04-29,Chinese Yuan,¥,13.96,Exchange Rate API
2026-04-28,Chinese Yuan,¥,14.0199,Exchange Rate API
2026-04-27,Chinese Yuan,¥,14.0991,Exchange Rate API
2026-04-26,Chinese Yuan,¥,14.1696,Exchange Rate API
2026-04-25,Chinese Yuan,¥,14.1298,Exchange Rate API
2026-04-24,Chinese Yuan,¥,14.2142,Exchange Rate API
2026-04-23,Chinese Yuan,¥,14.1773,Exchange Rate API
2026-04-22,Chinese Yuan,¥,14.124,Exchange Rate API
2026-04-21,Chinese Yuan,¥,14.1172,Exchange Rate API
2026-04-20,Chinese Yuan,¥,14.0499,Exchange Rate API
2026-04-19,Chinese Yuan,¥,14.0016,Exchange Rate API
2026-04-18,Chinese Yuan,¥,13.9694,Exchange Rate API
2026-04-17,Chinese Yuan,¥,14.0107,Exchange Rate API
2026-04-16,Chinese Yuan,¥,14.0261,Exchange Rate API
2026-04-15,Chinese Yuan,¥,14.0636,Exchange Rate API
2026-04-14,Chinese Yuan,¥,14.0468,Exchange Rate API
2026-04-13,Chinese Yuan,¥,14.0085,Exchange Rate API
2026-04-12,Chinese Yuan,¥,13.9337,Exchange Rate API
2026-04-11,Chinese Yuan,¥,13.9159,Exchange Rate API
2026-04-10,Chinese Yuan,¥,13.9358,Exchange Rate API
2026-04-09,Chinese Yuan,¥,13.9702,Exchange Rate API
2026-04-08,Chinese Yuan,¥,14.0158,Exchange Rate API
2026-04-07,Chinese Yuan,¥,14.0086,Exchange Rate API
2026-04-06,Chinese Yuan,¥,14.0453,Exchange Rate API
2026-04-05,Chinese Yuan,¥,13.9776,Exchange Rate API
2026-04-04,Chinese Yuan,¥,13.9875,Exchange Rate API
2026-04-03,Chinese Yuan,¥,13.9342,Exchange Rate API
2026-04-02,Chinese Yuan,¥,13.9089,Exchange Rate API
2026-04-01,Chinese Yuan,¥,13.9621,Exchange Rate API
2026-03-31,Chinese Yuan,¥,13.9488,Exchange Rate API
2026-03-30,Chinese Yuan,¥,14.0015,Exchange Rate API
2026-03-29,Chinese Yuan,¥,13.9881,Exchange Rate API
2026-03-28,Chinese Yuan,¥,13.9403,Exchange Rate API
2026-03-27,Chinese Yuan,¥,13.8665,Exchange Rate API
2026-03-26,Chinese Yuan,¥,13.8864,Exchange Rate API
2026-03-25,Chinese Yuan,¥,13.8305,Exchange Rate API
2026-03-24,Chinese Yuan,¥,13.7537,Exchange Rate API
2026-03-23,Chinese Yuan,¥,13.7698,Exchange Rate API
2026-03-22,Chinese Yuan,¥,13.8403,Exchange Rate API
2026-03-21,Chinese Yuan,¥,13.7939,Exchange Rate API
2026-03-20,Chinese Yuan,¥,13.7365,Exchange Rate API
2026-03-19,Chinese Yuan,¥,13.7665,Exchange Rate API
2026-03-18,Chinese Yuan,¥,13.8372,Exchange Rate API
2026-03-17,Chinese Yuan,¥,13.8561,Exchange Rate API
2026-03-16,Chinese Yuan,¥,13.8232,Exchange Rate API
2026-03-15,Chinese Yuan,¥,13.8867,Exchange Rate API
2026-03-14,Chinese Yuan,¥,13.8667,Exchange Rate API
2026-03-13,Chinese Yuan,¥,13.8428,Exchange Rate API
2026-03-12,Chinese Yuan,¥,13.8219,Exchange Rate API
2026-03-11,Chinese Yuan,¥,13.7502,Exchange Rate API
2026-03-10,Chinese Yuan,¥,13.7491,Exchange Rate API
2026-03-09,Chinese Yuan,¥,13.7784,Exchange Rate API
2026-03-08,Chinese Yuan,¥,13.7689,Exchange Rate API
2026-03-07,Chinese Yuan,¥,13.7115,Exchange Rate API
2026-03-06,Chinese Yuan,¥,13.6967,Exchange Rate API
2026-03-05,Chinese Yuan,¥,13.6598,Exchange Rate API
2026-03-04,Chinese Yuan,¥,13.6485,Exchange Rate API
2026-03-03,Chinese Yuan,¥,13.6355,Exchange Rate API
2026-03-02,Chinese Yuan,¥,13.6654,Exchange Rate API
2026-03-01,Chinese Yuan,¥,13.704,Exchange Rate API
2026-02-28,Chinese Yuan,¥,13.6792,Exchange Rate API
2026-02-27,Chinese Yuan,¥,13.6878,Exchange Rate API
2026-02-26,Chinese Yuan,¥,13.6464,Exchange Rate API
2026-02-25,Chinese Yuan,¥,13.6996,Exchange Rate API
2026-02-24,Chinese Yuan,¥,13.6363,Exchange Rate API
2026-02-23,Chinese Yuan,¥,13.5632,Exchange Rate API
2026-02-22,Chinese Yuan,¥,13.5916,Exchange Rate API
2026-02-21,Chinese Yuan,¥,13.6402,Exchange Rate API
2026-02-20,Chinese Yuan,¥,13.6005,Exchange Rate API
2026-02-19,Chinese Yuan,¥,13.605,Exchange Rate API
2026-02-18,Chinese Yuan,¥,13.5391,Exchange Rate API
2026-02-17,Chinese Yuan,¥,13.544,Exchange Rate API
2026-02-16,Chinese Yuan,¥,13.4727,Exchange Rate API
2026-02-15,Chinese Yuan,¥,13.5338,Exchange Rate API
2026-02-14,Chinese Yuan,¥,13.5699,Exchange Rate API
2026-02-13,Chinese Yuan,¥,13.5239,Exchange Rate API
2026-02-12,Chinese Yuan,¥,13.51,Exchange Rate API
2026-02-11,Chinese Yuan,¥,13.4568,Exchange Rate API
2026-02-10,Chinese Yuan,¥,13.4098,Exchange Rate API
2026-02-09,Chinese Yuan,¥,13.4272,Exchange Rate API
2026-02-08,Chinese Yuan,¥,13.4353,Exchange Rate API
2026-02-07,Chinese Yuan,¥,13.4056,Exchange Rate API
2026-02-06,Chinese Yuan,¥,13.4482,Exchange Rate API
2026-02-05,Chinese Yuan,¥,13.4215,Exchange Rate API
2026-02-04,Chinese Yuan,¥,13.3415,Exchange Rate API
2026-02-03,Chinese Yuan,¥,13.3632,Exchange Rate API
2026-02-02,Chinese Yuan,¥,13.2861,Exchange Rate API
2026-02-01,Chinese Yuan,¥,13.2098,Exchange Rate API
2026-01-31,Chinese Yuan,¥,13.2792,Exchange Rate API
2026-01-30,Chinese Yuan,¥,13.3436,Exchange Rate API
2026-01-29,Chinese Yuan,¥,13.331,Exchange Rate API
2026-01-28,Chinese Yuan,¥,13.2976,Exchange Rate API
2026-01-27,Chinese Yuan,¥,13.2966,Exchange Rate API
2026-01-26,Chinese Yuan,¥,13.2247,Exchange Rate API
2026-01-25,Chinese Yuan,¥,13.2593,Exchange Rate API
2026-01-24,Chinese Yuan,¥,13.3211,Exchange Rate API
2026-01-23,Chinese Yuan,¥,13.3869,Exchange Rate API
2026-01-22,Chinese Yuan,¥,13.4056,Exchange Rate API
2026-01-21,Chinese Yuan,¥,13.4783,Exchange Rate API
2026-01-20,Chinese Yuan,¥,13.4216,Exchange Rate API
2026-01-19,Chinese Yuan,¥,13.4669,Exchange Rate API
2026-01-18,Chinese Yuan,¥,13.3888,Exchange Rate API
2026-01-17,Chinese Yuan,¥,13.4351,Exchange Rate API
2026-01-16,Chinese Yuan,¥,13.4781,Exchange Rate API
2026-01-15,Chinese Yuan,¥,13.4833,Exchange Rate API
2026-01-14,Chinese Yuan,¥,13.5192,Exchange Rate API
2026-01-13,Chinese Yuan,¥,13.4723,Exchange Rate API
2026-01-12,Chinese Yuan,¥,13.3934,Exchange Rate API
2026-01-11,Chinese Yuan,¥,13.4642,Exchange Rate API
2026-01-10,Chinese Yuan,¥,13.508,Exchange Rate API
2026-01-09,Chinese Yuan,¥,13.5606,Exchange Rate API
2026-01-08,Chinese Yuan,¥,13.5343,Exchange Rate API
2026-01-07,Chinese Yuan,¥,13.5193,Exchange Rate API
2026-01-06,Chinese Yuan,¥,13.4624,Exchange Rate API
2026-01-05,Chinese Yuan,¥,13.4603,Exchange Rate API
2026-01-04,Chinese Yuan,¥,13.5226,Exchange Rate API
2026-01-03,Chinese Yuan,¥,13.5588,Exchange Rate API
2026-01-02,Chinese Yuan,¥,13.5356,Exchange Rate API
2026-01-01,Chinese Yuan,¥,13.5505,Exchange Rate API
2025-12-31,Chinese Yuan,¥,13.5591,Exchange Rate API
2025-12-30,Chinese Yuan,¥,13.5867,Exchange Rate API
2025-12-29,Chinese Yuan,¥,13.5103,Exchange Rate API
2025-12-28,Chinese Yuan,¥,13.5657,Exchange Rate API
2025-12-27,Chinese Yuan,¥,13.5724,Exchange Rate API
2025-12-26,Chinese Yuan,¥,13.6166,Exchange Rate API
2025-12-25,Chinese Yuan,¥,13.6617,Exchange Rate API
2025-12-24,Chinese Yuan,¥,13.734,Exchange Rate API
2025-12-23,Chinese Yuan,¥,13.7901,Exchange Rate API
2025-12-22,Chinese Yuan,¥,13.7493,Exchange Rate API
2025-12-21,Chinese Yuan,¥,13.7925,Exchange Rate API
2025-12-20,Chinese Yuan,¥,13.825,Exchange Rate API
2025-12-19,Chinese Yuan,¥,13.8128,Exchange Rate API
2025-12-18,Chinese Yuan,¥,13.8736,Exchange Rate API
2025-12-17,Chinese Yuan,¥,13.9488,Exchange Rate API
2025-12-16,Chinese Yuan,¥,14.0142,Exchange Rate API
2025-12-15,Chinese Yuan,¥,13.9918,Exchange Rate API
2025-12-14,Chinese Yuan,¥,14.0655,Exchange Rate API
2025-12-13,Chinese Yuan,¥,13.9938,Exchange Rate API
2025-12-12,Chinese Yuan,¥,14.0545,Exchange Rate API
2025-12-11,Chinese Yuan,¥,14.1335,Exchange Rate API
2025-12-10,Chinese Yuan,¥,14.1355,Exchange Rate API
2025-12-09,Chinese Yuan,¥,14.1621,Exchange Rate API
2025-12-08,Chinese Yuan,¥,14.1405,Exchange Rate API
2025-12-07,Chinese Yuan,¥,14.1933,Exchange Rate API
2025-12-06,Chinese Yuan,¥,14.2374,Exchange Rate API
2025-12-05,Chinese Yuan,¥,14.2239,Exchange Rate API
2025-12-04,Chinese Yuan,¥,14.2763,Exchange Rate API
2025-12-03,Chinese Yuan,¥,14.3131,Exchange Rate API
2025-12-02,Chinese Yuan,¥,14.3208,Exchange Rate API
2025-12-01,Chinese Yuan,¥,14.3721,Exchange Rate API
2025-11-30,Chinese Yuan,¥,14.3036,Exchange Rate API
2025-11-29,Chinese Yuan,¥,14.2609,Exchange Rate API
2025-11-28,Chinese Yuan,¥,14.2078,Exchange Rate API
2025-11-27,Chinese Yuan,¥,14.1358,Exchange Rate API
2025-11-26,Chinese Yuan,¥,14.056,Exchange Rate API
2025-11-25,Chinese Yuan,¥,14.139,Exchange Rate API
2025-11-24,Chinese Yuan,¥,14.1956,Exchange Rate API
2025-11-23,Chinese Yuan,¥,14.1871,Exchange Rate API
2025-11-22,Chinese Yuan,¥,14.1658,Exchange Rate API
2025-11-21,Chinese Yuan,¥,14.1743,Exchange Rate API
2025-11-20,Chinese Yuan,¥,14.151,Exchange Rate API
2025-11-19,Chinese Yuan,¥,14.1261,Exchange Rate API
2025-11-18,Chinese Yuan,¥,14.1265,Exchange Rate API
2025-11-17,Chinese Yuan,¥,14.054,Exchange Rate API
2025-11-16,Chinese Yuan,¥,14.085,Exchange Rate API
2025-11-15,Chinese Yuan,¥,14.1507,Exchange Rate API
2025-11-14,Chinese Yuan,¥,14.197,Exchange Rate API
2025-11-13,Chinese Yuan,¥,14.2746,Exchange Rate API
2025-11-12,Chinese Yuan,¥,14.246,Exchange Rate API
2025-11-11,Chinese Yuan,¥,14.2042,Exchange Rate API
2025-11-10,Chinese Yuan,¥,14.2302,Exchange Rate API
2025-11-09,Chinese Yuan,¥,14.2203,Exchange Rate API
2025-11-08,Chinese Yuan,¥,14.1687,Exchange Rate API
2025-11-07,Chinese Yuan,¥,14.149,Exchange Rate API
2025-11-06,Chinese Yuan,¥,14.0928,Exchange Rate API
2025-11-05,Chinese Yuan,¥,14.0231,Exchange Rate API
2025-11-04,Chinese Yuan,¥,13.9677,Exchange Rate API
2025-11-03,Chinese Yuan,¥,13.963,Exchange Rate API
2025-11-02,Chinese Yuan,¥,13.9121,Exchange Rate API
2025-11-01,Chinese Yuan,¥,13.9241,Exchange Rate API
2025-10-31,Chinese Yuan,¥,13.8891,Exchange Rate API
2025-10-30,Chinese Yuan,¥,13.8136,Exchange Rate API
2025-10-29,Chinese Yuan,¥,13.7817,Exchange Rate API
2025-10-28,Chinese Yuan,¥,13.7629,Exchange Rate API
2025-10-27,Chinese Yuan,¥,13.7108,Exchange Rate API
2025-10-26,Chinese Yuan,¥,13.7129,Exchange Rate API
2025-10-25,Chinese Yuan,¥,13.7525,Exchange Rate API
2025-10-24,Chinese Yuan,¥,13.7994,Exchange Rate API
2025-10-23,Chinese Yuan,¥,13.7252,Exchange Rate API
2025-10-22,Chinese Yuan,¥,13.6904,Exchange Rate API
2025-10-21,Chinese Yuan,¥,13.7169,Exchange Rate API
2025-10-20,Chinese Yuan,¥,13.6497,Exchange Rate API
2025-10-19,Chinese Yuan,¥,13.59,Exchange Rate API
2025-10-18,Chinese Yuan,¥,13.5137,Exchange Rate API
2025-10-17,Chinese Yuan,¥,13.5469,Exchange Rate API
2025-10-16,Chinese Yuan,¥,13.56,Exchange Rate API
2025-10-15,Chinese Yuan,¥,13.4787,Exchange Rate API
2025-10-14,Chinese Yuan,¥,13.5043,Exchange Rate API
2025-10-13,Chinese Yuan,¥,13.5808,Exchange Rate API
2025-10-12,Chinese Yuan,¥,13.6068,Exchange Rate API
2025-10-11,Chinese Yuan,¥,13.6007,Exchange Rate API
2025-10-10,Chinese Yuan,¥,13.6316,Exchange Rate API
2025-10-09,Chinese Yuan,¥,13.6794,Exchange Rate API
2025-10-08,Chinese Yuan,¥,13.6617,Exchange Rate API
2025-10-07,Chinese Yuan,¥,13.642,Exchange Rate API
2025-10-06,Chinese Yuan,¥,13.7229,Exchange Rate API
2025-10-05,Chinese Yuan,¥,13.7553,Exchange Rate API
2025-10-04,Chinese Yuan,¥,13.758,Exchange Rate API
2025-10-03,Chinese Yuan,¥,13.692,Exchange Rate API
2025-10-02,Chinese Yuan,¥,13.6744,Exchange Rate API
2025-10-01,Chinese Yuan,¥,13.6148,Exchange Rate API
2025-09-30,Chinese Yuan,¥,13.5692,Exchange Rate API
2025-09-29,Chinese Yuan,¥,13.5717,Exchange Rate API
2025-09-28,Chinese Yuan,¥,13.5881,Exchange Rate API
2025-09-27,Chinese Yuan,¥,13.5533,Exchange Rate API
2025-09-26,Chinese Yuan,¥,13.5457,Exchange Rate API
2025-09-25,Chinese Yuan,¥,13.5515,Exchange Rate API
2025-09-24,Chinese Yuan,¥,13.5803,Exchange Rate API
2025-09-23,Chinese Yuan,¥,13.5041,Exchange Rate API
2025-09-22,Chinese Yuan,¥,13.522,Exchange Rate API
2025-09-21,Chinese Yuan,¥,13.5214,Exchange Rate API
2025-09-20,Chinese Yuan,¥,13.536,Exchange Rate API
2025-09-19,Chinese Yuan,¥,13.5432,Exchange Rate API
2025-09-18,Chinese Yuan,¥,13.544,Exchange Rate API
2025-09-17,Chinese Yuan,¥,13.4731,Exchange Rate API
2025-09-16,Chinese Yuan,¥,13.4304,Exchange Rate API
2025-09-15,Chinese Yuan,¥,13.3873,Exchange Rate API
2025-09-14,Chinese Yuan,¥,13.3738,Exchange Rate API
2025-09-13,Chinese Yuan,¥,13.3459,Exchange Rate API
2025-09-12,Chinese Yuan,¥,13.2894,Exchange Rate API
2025-09-11,Chinese Yuan,¥,13.2383,Exchange Rate API
2025-09-10,Chinese Yuan,¥,13.2653,Exchange Rate API
2025-09-09,Chinese Yuan,¥,13.2433,Exchange Rate API
2025-09-08,Chinese Yuan,¥,13.1728,Exchange Rate API
2025-09-07,Chinese Yuan,¥,13.2173,Exchange Rate API
2025-09-06,Chinese Yuan,¥,13.1866,Exchange Rate API
2025-09-05,Chinese Yuan,¥,13.124,Exchange Rate API
2025-09-04,Chinese Yuan,¥,13.0995,Exchange Rate API
2025-09-03,Chinese Yuan,¥,13.0258,Exchange Rate API
2025-09-02,Chinese Yuan,¥,13.0495,Exchange Rate API
2025-09-01,Chinese Yuan,¥,12.9993,Exchange Rate API
2025-08-31,Chinese Yuan,¥,12.9596,Exchange Rate API
2025-08-30,Chinese Yuan,¥,12.9801,Exchange Rate API
2025-08-29,Chinese Yuan,¥,13.0437,Exchange Rate API
2025-08-28,Chinese Yuan,¥,13.0361,Exchange Rate API
2025-08-27,Chinese Yuan,¥,13.11,Exchange Rate API
2025-08-26,Chinese Yuan,¥,13.0406,Exchange Rate API
2025-08-25,Chinese Yuan,¥,13.0762,Exchange Rate API
2025-08-24,Chinese Yuan,¥,13.0474,Exchange Rate API
2025-08-23,Chinese Yuan,¥,13.1134,Exchange Rate API
2025-08-22,Chinese Yuan,¥,13.0602,Exchange Rate API
2025-08-21,Chinese Yuan,¥,13.0705,Exchange Rate API
2025-08-20,Chinese Yuan,¥,13.0312,Exchange Rate API
2025-08-19,Chinese Yuan,¥,13.0522,Exchange Rate API
2025-08-18,Chinese Yuan,¥,13.0624,Exchange Rate API
2025-08-17,Chinese Yuan,¥,13.087,Exchange Rate API
2025-08-16,Chinese Yuan,¥,13.0321,Exchange Rate API
2025-08-15,Chinese Yuan,¥,12.9912,Exchange Rate API
2025-08-14,Chinese Yuan,¥,12.9493,Exchange Rate API
2025-08-13,Chinese Yuan,¥,12.9848,Exchange Rate API
2025-08-12,Chinese Yuan,¥,13.0406,Exchange Rate API
2025-08-11,Chinese Yuan,¥,12.9913,Exchange Rate API
2025-08-10,Chinese Yuan,¥,12.9888,Exchange Rate API
2025-08-09,Chinese Yuan,¥,13.0599,Exchange Rate API
2025-08-08,Chinese Yuan,¥,12.9849,Exchange Rate API
2025-08-07,Chinese Yuan,¥,12.9188,Exchange Rate API
2025-08-06,Chinese Yuan,¥,12.9528,Exchange Rate API
2025-08-05,Chinese Yuan,¥,12.9914,Exchange Rate API
2025-08-04,Chinese Yuan,¥,13.0249,Exchange Rate API
2026-08-03,Hong Kong Dollar,HK$,12.1584,Exchange Rate API
2026-08-02,Hong Kong Dollar,HK$,12.1849,Exchange Rate API
2026-08-01,Hong Kong Dollar,HK$,12.1133,Exchange Rate API
2026-07-31,Hong Kong Dollar,HK$,12.0519,Exchange Rate API
2026-07-30,Hong Kong Dollar,HK$,12.0381,Exchange Rate API
2026-07-29,Hong Kong Dollar,HK$,11.9948,Exchange Rate API
2026-07-28,Hong Kong Dollar,HK$,12.0587,Exchange Rate API
2026-07-27,Hong Kong Dollar,HK$,12.0487,Exchange Rate API
2026-07-26,Hong Kong Dollar,HK$,12.0245,Exchange Rate API
2026-07-25,Hong Kong Dollar,HK$,11.9865,Exchange Rate API
2026-07-24,Hong Kong Dollar,HK$,12.0308,Exchange Rate API
2026-07-23,Hong Kong Dollar,HK$,12.03,Exchange Rate API
2026-07-22,Hong Kong Dollar,HK$,12.0719,Exchange Rate API
2026-07-21,Hong Kong Dollar,HK$,12.0678,Exchange Rate API
2026-07-20,Hong Kong Dollar,HK$,12.1262,Exchange Rate API
2026-07-19,Hong Kong Dollar,HK$,12.1585,Exchange Rate API
2026-07-18,Hong Kong Dollar,HK$,12.1632,Exchange Rate API
2026-07-17,Hong Kong Dollar,HK$,12.2215,Exchange Rate API
2026-07-16,Hong Kong Dollar,HK$,12.2345,Exchange Rate API
2026-07-15,Hong Kong Dollar,HK$,12.2694,Exchange Rate API
2026-07-14,Hong Kong Dollar,HK$,12.318,Exchange Rate API
2026-07-13,Hong Kong Dollar,HK$,12.299,Exchange Rate API
2026-07-12,Hong Kong Dollar,HK$,12.2726,Exchange Rate API
2026-07-11,Hong Kong Dollar,HK$,12.2482,Exchange Rate API
2026-07-10,Hong Kong Dollar,HK$,12.2655,Exchange Rate API
2026-07-09,Hong Kong Dollar,HK$,12.2215,Exchange Rate API
2026-07-08,Hong Kong Dollar,HK$,12.2025,Exchange Rate API
2026-07-07,Hong Kong Dollar,HK$,12.135,Exchange Rate API
2026-07-06,Hong Kong Dollar,HK$,12.1457,Exchange Rate API
2026-07-05,Hong Kong Dollar,HK$,12.1932,Exchange Rate API
2026-07-04,Hong Kong Dollar,HK$,12.142,Exchange Rate API
2026-07-03,Hong Kong Dollar,HK$,12.1819,Exchange Rate API
2026-07-02,Hong Kong Dollar,HK$,12.1784,Exchange Rate API
2026-07-01,Hong Kong Dollar,HK$,12.115,Exchange Rate API
2026-06-30,Hong Kong Dollar,HK$,12.083,Exchange Rate API
2026-06-29,Hong Kong Dollar,HK$,12.0586,Exchange Rate API
2026-06-28,Hong Kong Dollar,HK$,12.0416,Exchange Rate API
2026-06-27,Hong Kong Dollar,HK$,11.9852,Exchange Rate API
2026-06-26,Hong Kong Dollar,HK$,11.9545,Exchange Rate API
2026-06-25,Hong Kong Dollar,HK$,11.9918,Exchange Rate API
2026-06-24,Hong Kong Dollar,HK$,12.0238,Exchange Rate API
2026-06-23,Hong Kong Dollar,HK$,12.0784,Exchange Rate API
2026-06-22,Hong Kong Dollar,HK$,12.0179,Exchange Rate API
2026-06-21,Hong Kong Dollar,HK$,12.0236,Exchange Rate API
2026-06-20,Hong Kong Dollar,HK$,12.0509,Exchange Rate API
2026-06-19,Hong Kong Dollar,HK$,12.096,Exchange Rate API
2026-06-18,Hong Kong Dollar,HK$,12.0829,Exchange Rate API
2026-06-17,Hong Kong Dollar,HK$,12.1311,Exchange Rate API
2026-06-16,Hong Kong Dollar,HK$,12.1125,Exchange Rate API
2026-06-15,Hong Kong Dollar,HK$,12.0668,Exchange Rate API
2026-06-14,Hong Kong Dollar,HK$,12.0173,Exchange Rate API
2026-06-13,Hong Kong Dollar,HK$,11.9969,Exchange Rate API
2026-06-12,Hong Kong Dollar,HK$,11.9511,Exchange Rate API
2026-06-11,Hong Kong Dollar,HK$,12.009,Exchange Rate API
2026-06-10,Hong Kong Dollar,HK$,11.9784,Exchange Rate API
2026-06-09,Hong Kong Dollar,HK$,11.9734,Exchange Rate API
2026-06-08,Hong Kong Dollar,HK$,11.9754,Exchange Rate API
2026-06-07,Hong Kong Dollar,HK$,11.941,Exchange Rate API
2026-06-06,Hong Kong Dollar,HK$,11.9165,Exchange Rate API
2026-06-05,Hong Kong Dollar,HK$,11.8986,Exchange Rate API
2026-06-04,Hong Kong Dollar,HK$,11.8773,Exchange Rate API
2026-06-03,Hong Kong Dollar,HK$,11.9002,Exchange Rate API
2026-06-02,Hong Kong Dollar,HK$,11.8327,Exchange Rate API
2026-06-01,Hong Kong Dollar,HK$,11.8402,Exchange Rate API
2026-05-31,Hong Kong Dollar,HK$,11.9108,Exchange Rate API
2026-05-30,Hong Kong Dollar,HK$,11.9777,Exchange Rate API
2026-05-29,Hong Kong Dollar,HK$,12.0479,Exchange Rate API
2026-05-28,Hong Kong Dollar,HK$,12.0845,Exchange Rate API
2026-05-27,Hong Kong Dollar,HK$,12.1149,Exchange Rate API
2026-05-26,Hong Kong Dollar,HK$,12.1078,Exchange Rate API
2026-05-25,Hong Kong Dollar,HK$,12.0715,Exchange Rate API
2026-05-24,Hong Kong Dollar,HK$,12.0814,Exchange Rate API
2026-05-23,Hong Kong Dollar,HK$,12.1325,Exchange Rate API
2026-05-22,Hong Kong Dollar,HK$,12.1146,Exchange Rate API
2026-05-21,Hong Kong Dollar,HK$,12.0504,Exchange Rate API
2026-05-20,Hong Kong Dollar,HK$,12.0995,Exchange Rate API
2026-05-19,Hong Kong Dollar,HK$,12.0866,Exchange Rate API
2026-05-18,Hong Kong Dollar,HK$,12.0661,Exchange Rate API
2026-05-17,Hong Kong Dollar,HK$,12.0848,Exchange Rate API
2026-05-16,Hong Kong Dollar,HK$,12.0465,Exchange Rate API
2026-05-15,Hong Kong Dollar,HK$,12.0809,Exchange Rate API
2026-05-14,Hong Kong Dollar,HK$,12.1013,Exchange Rate API
2026-05-13,Hong Kong Dollar,HK$,12.132,Exchange Rate API
2026-05-12,Hong Kong Dollar,HK$,12.1489,Exchange Rate API
2026-05-11,Hong Kong Dollar,HK$,12.0794,Exchange Rate API
2026-05-10,Hong Kong Dollar,HK$,12.0528,Exchange Rate API
2026-05-09,Hong Kong Dollar,HK$,12.1023,Exchange Rate API
2026-05-08,Hong Kong Dollar,HK$,12.081,Exchange Rate API
2026-05-07,Hong Kong Dollar,HK$,12.0234,Exchange Rate API
2026-05-06,Hong Kong Dollar,HK$,11.9688,Exchange Rate API
2026-05-05,Hong Kong Dollar,HK$,11.9062,Exchange Rate API
2026-05-04,Hong Kong Dollar,HK$,11.8756,Exchange Rate API
2026-05-03,Hong Kong Dollar,HK$,11.8094,Exchange Rate API
2026-05-02,Hong Kong Dollar,HK$,11.8093,Exchange Rate API
2026-05-01,Hong Kong Dollar,HK$,11.846,Exchange Rate API
2026-04-30,Hong Kong Dollar,HK$,11.8995,Exchange Rate API
2026-04-29,Hong Kong Dollar,HK$,11.9342,Exchange Rate API
2026-04-28,Hong Kong Dollar,HK$,11.9118,Exchange Rate API
2026-04-27,Hong Kong Dollar,HK$,11.8842,Exchange Rate API
2026-04-26,Hong Kong Dollar,HK$,11.9187,Exchange Rate API
2026-04-25,Hong Kong Dollar,HK$,11.9885,Exchange Rate API
2026-04-24,Hong Kong Dollar,HK$,11.9735,Exchange Rate API
2026-04-23,Hong Kong Dollar,HK$,11.9651,Exchange Rate API
2026-04-22,Hong Kong Dollar,HK$,12.0016,Exchange Rate API
2026-04-21,Hong Kong Dollar,HK$,11.9604,Exchange Rate API
2026-04-20,Hong Kong Dollar,HK$,11.9208,Exchange Rate API
2026-04-19,Hong Kong Dollar,HK$,11.9912,Exchange Rate API
2026-04-18,Hong Kong Dollar,HK$,11.9453,Exchange Rate API
2026-04-17,Hong Kong Dollar,HK$,11.8737,Exchange Rate API
2026-04-16,Hong Kong Dollar,HK$,11.8049,Exchange Rate API
2026-04-15,Hong Kong Dollar,HK$,11.8103,Exchange Rate API
2026-04-14,Hong Kong Dollar,HK$,11.7963,Exchange Rate API
2026-04-13,Hong Kong Dollar,HK$,11.8428,Exchange Rate API
2026-04-12,Hong Kong Dollar,HK$,11.7744,Exchange Rate API
2026-04-11,Hong Kong Dollar,HK$,11.744,Exchange Rate API
2026-04-10,Hong Kong Dollar,HK$,11.7594,Exchange Rate API
2026-04-09,Hong Kong Dollar,HK$,11.7074,Exchange Rate API
2026-04-08,Hong Kong Dollar,HK$,11.6629,Exchange Rate API
2026-04-07,Hong Kong Dollar,HK$,11.6951,Exchange Rate API
2026-04-06,Hong Kong Dollar,HK$,11.7514,Exchange Rate API
2026-04-05,Hong Kong Dollar,HK$,11.78,Exchange Rate API
2026-04-04,Hong Kong Dollar,HK$,11.7296,Exchange Rate API
2026-04-03,Hong Kong Dollar,HK$,11.7668,Exchange Rate API
2026-04-02,Hong Kong Dollar,HK$,11.719,Exchange Rate API
2026-04-01,Hong Kong Dollar,HK$,11.6488,Exchange Rate API
2026-03-31,Hong Kong Dollar,HK$,11.6507,Exchange Rate API
2026-03-30,Hong Kong Dollar,HK$,11.6056,Exchange Rate API
2026-03-29,Hong Kong Dollar,HK$,11.6609,Exchange Rate API
2026-03-28,Hong Kong Dollar,HK$,11.5996,Exchange Rate API
2026-03-27,Hong Kong Dollar,HK$,11.5418,Exchange Rate API
2026-03-26,Hong Kong Dollar,HK$,11.5976,Exchange Rate API
2026-03-25,Hong Kong Dollar,HK$,11.5769,Exchange Rate API
2026-03-24,Hong Kong Dollar,HK$,11.6427,Exchange Rate API
2026-03-23,Hong Kong Dollar,HK$,11.6948,Exchange Rate API
2026-03-22,Hong Kong Dollar,HK$,11.7319,Exchange Rate API
2026-03-21,Hong Kong Dollar,HK$,11.6658,Exchange Rate API
2026-03-20,Hong Kong Dollar,HK$,11.6729,Exchange Rate API
2026-03-19,Hong Kong Dollar,HK$,11.6107,Exchange Rate API
2026-03-18,Hong Kong Dollar,HK$,11.664,Exchange Rate API
2026-03-17,Hong Kong Dollar,HK$,11.6942,Exchange Rate API
2026-03-16,Hong Kong Dollar,HK$,11.7253,Exchange Rate API
2026-03-15,Hong Kong Dollar,HK$,11.7613,Exchange Rate API
2026-03-14,Hong Kong Dollar,HK$,11.7289,Exchange Rate API
2026-03-13,Hong Kong Dollar,HK$,11.7952,Exchange Rate API
2026-03-12,Hong Kong Dollar,HK$,11.7974,Exchange Rate API
2026-03-11,Hong Kong Dollar,HK$,11.7797,Exchange Rate API
2026-03-10,Hong Kong Dollar,HK$,11.8138,Exchange Rate API
2026-03-09,Hong Kong Dollar,HK$,11.7755,Exchange Rate API
2026-03-08,Hong Kong Dollar,HK$,11.7602,Exchange Rate API
2026-03-07,Hong Kong Dollar,HK$,11.724,Exchange Rate API
2026-03-06,Hong Kong Dollar,HK$,11.7142,Exchange Rate API
2026-03-05,Hong Kong Dollar,HK$,11.6837,Exchange Rate API
2026-03-04,Hong Kong Dollar,HK$,11.7292,Exchange Rate API
2026-03-03,Hong Kong Dollar,HK$,11.7415,Exchange Rate API
2026-03-02,Hong Kong Dollar,HK$,11.7815,Exchange Rate API
2026-03-01,Hong Kong Dollar,HK$,11.7284,Exchange Rate API
2026-02-28,Hong Kong Dollar,HK$,11.6822,Exchange Rate API
2026-02-27,Hong Kong Dollar,HK$,11.7037,Exchange Rate API
2026-02-26,Hong Kong Dollar,HK$,11.6496,Exchange Rate API
2026-02-25,Hong Kong Dollar,HK$,11.6749,Exchange Rate API
2026-02-24,Hong Kong Dollar,HK$,11.6159,Exchange Rate API
2026-02-23,Hong Kong Dollar,HK$,11.563,Exchange Rate API
2026-02-22,Hong Kong Dollar,HK$,11.6197,Exchange Rate API
2026-02-21,Hong Kong Dollar,HK$,11.6817,Exchange Rate API
2026-02-20,Hong Kong Dollar,HK$,11.6395,Exchange Rate API
2026-02-19,Hong Kong Dollar,HK$,11.5707,Exchange Rate API
2026-02-18,Hong Kong Dollar,HK$,11.5075,Exchange Rate API
2026-02-17,Hong Kong Dollar,HK$,11.573,Exchange Rate API
2026-02-16,Hong Kong Dollar,HK$,11.5867,Exchange Rate API
2026-02-15,Hong Kong Dollar,HK$,11.6082,Exchange Rate API
2026-02-14,Hong Kong Dollar,HK$,11.6693,Exchange Rate API
2026-02-13,Hong Kong Dollar,HK$,11.7365,Exchange Rate API
2026-02-12,Hong Kong Dollar,HK$,11.7149,Exchange Rate API
2026-02-11,Hong Kong Dollar,HK$,11.737,Exchange Rate API
2026-02-10,Hong Kong Dollar,HK$,11.7681,Exchange Rate API
2026-02-09,Hong Kong Dollar,HK$,11.8233,Exchange Rate API
2026-02-08,Hong Kong Dollar,HK$,11.8791,Exchange Rate API
2026-02-07,Hong Kong Dollar,HK$,11.9396,Exchange Rate API
2026-02-06,Hong Kong Dollar,HK$,11.9715,Exchange Rate API
2026-02-05,Hong Kong Dollar,HK$,12.0032,Exchange Rate API
2026-02-04,Hong Kong Dollar,HK$,11.9635,Exchange Rate API
2026-02-03,Hong Kong Dollar,HK$,11.9654,Exchange Rate API
2026-02-02,Hong Kong Dollar,HK$,12.0303,Exchange Rate API
2026-02-01,Hong Kong Dollar,HK$,11.9858,Exchange Rate API
2026-01-31,Hong Kong Dollar,HK$,12.0327,Exchange Rate API
2026-01-30,Hong Kong Dollar,HK$,11.9913,Exchange Rate API
2026-01-29,Hong Kong Dollar,HK$,12.0461,Exchange Rate API
2026-01-28,Hong Kong Dollar,HK$,11.9998,Exchange Rate API
2026-01-27,Hong Kong Dollar,HK$,12.0472,Exchange Rate API
2026-01-26,Hong Kong Dollar,HK$,11.9762,Exchange Rate API
2026-01-25,Hong Kong Dollar,HK$,11.9529,Exchange Rate API
2026-01-24,Hong Kong Dollar,HK$,11.9463,Exchange Rate API
2026-01-23,Hong Kong Dollar,HK$,11.9501,Exchange Rate API
2026-01-22,Hong Kong Dollar,HK$,11.97,Exchange Rate API
2026-01-21,Hong Kong Dollar,HK$,11.9542,Exchange Rate API
2026-01-20,Hong Kong Dollar,HK$,11.9469,Exchange Rate API
2026-01-19,Hong Kong Dollar,HK$,11.8868,Exchange Rate API
2026-01-18,Hong Kong Dollar,HK$,11.9214,Exchange Rate API
2026-01-17,Hong Kong Dollar,HK$,11.9089,Exchange Rate API
2026-01-16,Hong Kong Dollar,HK$,11.9068,Exchange Rate API
2026-01-15,Hong Kong Dollar,HK$,11.8503,Exchange Rate API
2026-01-14,Hong Kong Dollar,HK$,11.8186,Exchange Rate API
2026-01-13,Hong Kong Dollar,HK$,11.7969,Exchange Rate API
2026-01-12,Hong Kong Dollar,HK$,11.7569,Exchange Rate API
2026-01-11,Hong Kong Dollar,HK$,11.8211,Exchange Rate API
2026-01-10,Hong Kong Dollar,HK$,11.8765,Exchange Rate API
2026-01-09,Hong Kong Dollar,HK$,11.9252,Exchange Rate API
2026-01-08,Hong Kong Dollar,HK$,11.9141,Exchange Rate API
2026-01-07,Hong Kong Dollar,HK$,11.9644,Exchange Rate API
2026-01-06,Hong Kong Dollar,HK$,11.967,Exchange Rate API
2026-01-05,Hong Kong Dollar,HK$,11.9784,Exchange Rate API
2026-01-04,Hong Kong Dollar,HK$,11.9255,Exchange Rate API
2026-01-03,Hong Kong Dollar,HK$,11.9048,Exchange Rate API
2026-01-02,Hong Kong Dollar,HK$,11.8533,Exchange Rate API
2026-01-01,Hong Kong Dollar,HK$,11.9,Exchange Rate API
2025-12-31,Hong Kong Dollar,HK$,11.8988,Exchange Rate API
2025-12-30,Hong Kong Dollar,HK$,11.9503,Exchange Rate API
2025-12-29,Hong Kong Dollar,HK$,11.9372,Exchange Rate API
2025-12-28,Hong Kong Dollar,HK$,11.8903,Exchange Rate API
2025-12-27,Hong Kong Dollar,HK$,11.8643,Exchange Rate API
2025-12-26,Hong Kong Dollar,HK$,11.9281,Exchange Rate API
2025-12-25,Hong Kong Dollar,HK$,11.9579,Exchange Rate API
2025-12-24,Hong Kong Dollar,HK$,11.9286,Exchange Rate API
2025-12-23,Hong Kong Dollar,HK$,11.9643,Exchange Rate API
2025-12-22,Hong Kong Dollar,HK$,11.9937,Exchange Rate API
2025-12-21,Hong Kong Dollar,HK$,12.0438,Exchange Rate API
2025-12-20,Hong Kong Dollar,HK$,11.978,Exchange Rate API
2025-12-19,Hong Kong Dollar,HK$,11.9429,Exchange Rate API
2025-12-18,Hong Kong Dollar,HK$,11.9175,Exchange Rate API
2025-12-17,Hong Kong Dollar,HK$,11.8863,Exchange Rate API
2025-12-16,Hong Kong Dollar,HK$,11.9047,Exchange Rate API
2025-12-15,Hong Kong Dollar,HK$,11.9178,Exchange Rate API
2025-12-14,Hong Kong Dollar,HK$,11.9385,Exchange Rate API
2025-12-13,Hong Kong Dollar,HK$,11.9295,Exchange Rate API
2025-12-12,Hong Kong Dollar,HK$,11.9915,Exchange Rate API
2025-12-11,Hong Kong Dollar,HK$,12.0456,Exchange Rate API
2025-12-10,Hong Kong Dollar,HK$,12.0757,Exchange Rate API
2025-12-09,Hong Kong Dollar,HK$,12.113,Exchange Rate API
2025-12-08,Hong Kong Dollar,HK$,12.1447,Exchange Rate API
2025-12-07,Hong Kong Dollar,HK$,12.2088,Exchange Rate API
2025-12-06,Hong Kong Dollar,HK$,12.1472,Exchange Rate API
2025-12-05,Hong Kong Dollar,HK$,12.1984,Exchange Rate API
2025-12-04,Hong Kong Dollar,HK$,12.1551,Exchange Rate API
2025-12-03,Hong Kong Dollar,HK$,12.0897,Exchange Rate API
2025-12-02,Hong Kong Dollar,HK$,12.1275,Exchange Rate API
2025-12-01,Hong Kong Dollar,HK$,12.0631,Exchange Rate API
2025-11-30,Hong Kong Dollar,HK$,12.0956,Exchange Rate API
2025-11-29,Hong Kong Dollar,HK$,12.1531,Exchange Rate API
2025-11-28,Hong Kong Dollar,HK$,12.1307,Exchange Rate API
2025-11-27,Hong Kong Dollar,HK$,12.0943,Exchange Rate API
2025-11-26,Hong Kong Dollar,HK$,12.1205,Exchange Rate API
2025-11-25,Hong Kong Dollar,HK$,12.055,Exchange Rate API
2025-11-24,Hong Kong Dollar,HK$,12.1049,Exchange Rate API
2025-11-23,Hong Kong Dollar,HK$,12.0875,Exchange Rate API
2025-11-22,Hong Kong Dollar,HK$,12.0489,Exchange Rate API
2025-11-21,Hong Kong Dollar,HK$,12.0341,Exchange Rate API
2025-11-20,Hong Kong Dollar,HK$,12.03,Exchange Rate API
2025-11-19,Hong Kong Dollar,HK$,11.9877,Exchange Rate API
2025-11-18,Hong Kong Dollar,HK$,12.0355,Exchange Rate API
2025-11-17,Hong Kong Dollar,HK$,11.9884,Exchange Rate API
2025-11-16,Hong Kong Dollar,HK$,11.9943,Exchange Rate API
2025-11-15,Hong Kong Dollar,HK$,11.9513,Exchange Rate API
2025-11-14,Hong Kong Dollar,HK$,11.9884,Exchange Rate API
2025-11-13,Hong Kong Dollar,HK$,11.9989,Exchange Rate API
2025-11-12,Hong Kong Dollar,HK$,11.9786,Exchange Rate API
2025-11-11,Hong Kong Dollar,HK$,12.0488,Exchange Rate API
2025-11-10,Hong Kong Dollar,HK$,12.0619,Exchange Rate API
2025-11-09,Hong Kong Dollar,HK$,12.0296,Exchange Rate API
2025-11-08,Hong Kong Dollar,HK$,11.97,Exchange Rate API
2025-11-07,Hong Kong Dollar,HK$,11.9595,Exchange Rate API
2025-11-06,Hong Kong Dollar,HK$,11.953,Exchange Rate API
2025-11-05,Hong Kong Dollar,HK$,11.9599,Exchange Rate API
2025-11-04,Hong Kong Dollar,HK$,11.9781,Exchange Rate API
2025-11-03,Hong Kong Dollar,HK$,11.9378,Exchange Rate API
2025-11-02,Hong Kong Dollar,HK$,11.9642,Exchange Rate API
2025-11-01,Hong Kong Dollar,HK$,12.0177,Exchange Rate API
2025-10-31,Hong Kong Dollar,HK$,11.9487,Exchange Rate API
2025-10-30,Hong Kong Dollar,HK$,11.9307,Exchange Rate API
2025-10-29,Hong Kong Dollar,HK$,11.9266,Exchange Rate API
2025-10-28,Hong Kong Dollar,HK$,11.9869,Exchange Rate API
2025-10-27,Hong Kong Dollar,HK$,11.9288,Exchange Rate API
2025-10-26,Hong Kong Dollar,HK$,11.8929,Exchange Rate API
2025-10-25,Hong Kong Dollar,HK$,11.8715,Exchange Rate API
2025-10-24,Hong Kong Dollar,HK$,11.9027,Exchange Rate API
2025-10-23,Hong Kong Dollar,HK$,11.9402,Exchange Rate API
2025-10-22,Hong Kong Dollar,HK$,11.9537,Exchange Rate API
2025-10-21,Hong Kong Dollar,HK$,11.9796,Exchange Rate API
2025-10-20,Hong Kong Dollar,HK$,12.0004,Exchange Rate API
2025-10-19,Hong Kong Dollar,HK$,12.0431,Exchange Rate API
2025-10-18,Hong Kong Dollar,HK$,12.0974,Exchange Rate API
2025-10-17,Hong Kong Dollar,HK$,12.1503,Exchange Rate API
2025-10-16,Hong Kong Dollar,HK$,12.2021,Exchange Rate API
2025-10-15,Hong Kong Dollar,HK$,12.2401,Exchange Rate API
2025-10-14,Hong Kong Dollar,HK$,12.3121,Exchange Rate API
2025-10-13,Hong Kong Dollar,HK$,12.2665,Exchange Rate API
2025-10-12,Hong Kong Dollar,HK$,12.3141,Exchange Rate API
2025-10-11,Hong Kong Dollar,HK$,12.3102,Exchange Rate API
2025-10-10,Hong Kong Dollar,HK$,12.2563,Exchange Rate API
2025-10-09,Hong Kong Dollar,HK$,12.2043,Exchange Rate API
2025-10-08,Hong Kong Dollar,HK$,12.2037,Exchange Rate API
2025-10-07,Hong Kong Dollar,HK$,12.1611,Exchange Rate API
2025-10-06,Hong Kong Dollar,HK$,12.1499,Exchange Rate API
2025-10-05,Hong Kong Dollar,HK$,12.2168,Exchange Rate API
2025-10-04,Hong Kong Dollar,HK$,12.2593,Exchange Rate API
2025-10-03,Hong Kong Dollar,HK$,12.2823,Exchange Rate API
2025-10-02,Hong Kong Dollar,HK$,12.2464,Exchange Rate API
2025-10-01,Hong Kong Dollar,HK$,12.2102,Exchange Rate API
2025-09-30,Hong Kong Dollar,HK$,12.1891,Exchange Rate API
2025-09-29,Hong Kong Dollar,HK$,12.2011,Exchange Rate API
2025-09-28,Hong Kong Dollar,HK$,12.1903,Exchange Rate API
2025-09-27,Hong Kong Dollar,HK$,12.1741,Exchange Rate API
2025-09-26,Hong Kong Dollar,HK$,12.1662,Exchange Rate API
2025-09-25,Hong Kong Dollar,HK$,12.2117,Exchange Rate API
2025-09-24,Hong Kong Dollar,HK$,12.1646,Exchange Rate API
2025-09-23,Hong Kong Dollar,HK$,12.1543,Exchange Rate API
2025-09-22,Hong Kong Dollar,HK$,12.2051,Exchange Rate API
2025-09-21,Hong Kong Dollar,HK$,12.2153,Exchange Rate API
2025-09-20,Hong Kong Dollar,HK$,12.1442,Exchange Rate API
2025-09-19,Hong Kong Dollar,HK$,12.1176,Exchange Rate API
2025-09-18,Hong Kong Dollar,HK$,12.1881,Exchange Rate API
2025-09-17,Hong Kong Dollar,HK$,12.2362,Exchange Rate API
2025-09-16,Hong Kong Dollar,HK$,12.189,Exchange Rate API
2025-09-15,Hong Kong Dollar,HK$,12.1633,Exchange Rate API
2025-09-14,Hong Kong Dollar,HK$,12.1062,Exchange Rate API
2025-09-13,Hong Kong Dollar,HK$,12.0618,Exchange Rate API
2025-09-12,Hong Kong Dollar,HK$,12.0613,Exchange Rate API
2025-09-11,Hong Kong Dollar,HK$,12.104,Exchange Rate API
2025-09-10,Hong Kong Dollar,HK$,12.1645,Exchange Rate API
2025-09-09,Hong Kong Dollar,HK$,12.1155,Exchange Rate API
2025-09-08,Hong Kong Dollar,HK$,12.1873,Exchange Rate API
2025-09-07,Hong Kong Dollar,HK$,12.2508,Exchange Rate API
2025-09-06,Hong Kong Dollar,HK$,12.3004,Exchange Rate API
2025-09-05,Hong Kong Dollar,HK$,12.2345,Exchange Rate API
2025-09-04,Hong Kong Dollar,HK$,12.3059,Exchange Rate API
2025-09-03,Hong Kong Dollar,HK$,12.366,Exchange Rate API
2025-09-02,Hong Kong Dollar,HK$,12.3947,Exchange Rate API
2025-09-01,Hong Kong Dollar,HK$,12.3552,Exchange Rate API
2025-08-31,Hong Kong Dollar,HK$,12.4213,Exchange Rate API
2025-08-30,Hong Kong Dollar,HK$,12.3687,Exchange Rate API
2025-08-29,Hong Kong Dollar,HK$,12.3125,Exchange Rate API
2025-08-28,Hong Kong Dollar,HK$,12.3024,Exchange Rate API
2025-08-27,Hong Kong Dollar,HK$,12.3204,Exchange Rate API
2025-08-26,Hong Kong Dollar,HK$,12.3921,Exchange Rate API
2025-08-25,Hong Kong Dollar,HK$,12.3672,Exchange Rate API
2025-08-24,Hong Kong Dollar,HK$,12.4231,Exchange Rate API
2025-08-23,Hong Kong Dollar,HK$,12.495,Exchange Rate API
2025-08-22,Hong Kong Dollar,HK$,12.4623,Exchange Rate API
2025-08-21,Hong Kong Dollar,HK$,12.4473,Exchange Rate API
2025-08-20,Hong Kong Dollar,HK$,12.4214,Exchange Rate API
2025-08-19,Hong Kong Dollar,HK$,12.4634,Exchange Rate API
2025-08-18,Hong Kong Dollar,HK$,12.5142,Exchange Rate API
2025-08-17,Hong Kong Dollar,HK$,12.5224,Exchange Rate API
2025-08-16,Hong Kong Dollar,HK$,12.5822,Exchange Rate API
2025-08-15,Hong Kong Dollar,HK$,12.5713,Exchange Rate API
2025-08-14,Hong Kong Dollar,HK$,12.5216,Exchange Rate API
2025-08-13,Hong Kong Dollar,HK$,12.5409,Exchange Rate API
2025-08-12,Hong Kong Dollar,HK$,12.4668,Exchange Rate API
2025-08-11,Hong Kong Dollar,HK$,12.3924,Exchange Rate API
2025-08-10,Hong Kong Dollar,HK$,12.4134,Exchange Rate API
2025-08-09,Hong Kong Dollar,HK$,12.4786,Exchange Rate API
2025-08-08,Hong Kong Dollar,HK$,12.5143,Exchange Rate API
2025-08-07,Hong Kong Dollar,HK$,12.5507,Exchange Rate API
2025-08-06,Hong Kong Dollar,HK$,12.5827,Exchange Rate API
2025-08-05,Hong Kong Dollar,HK$,12.5488,Exchange Rate API
2025-08-04,Hong Kong Dollar,HK$,12.5936,Exchange Rate API
2026-08-03,New Zealand Dollar,NZ$,56.2493,Exchange Rate API
2026-08-02,New Zealand Dollar,NZ$,56.4094,Exchange Rate API
2026-08-01,New Zealand Dollar,NZ$,56.3911,Exchange Rate API
2026-07-31,New Zealand Dollar,NZ$,56.1094,Exchange Rate API
2026-07-30,New Zealand Dollar,NZ$,56.3622,Exchange Rate API
2026-07-29,New Zealand Dollar,NZ$,56.4294,Exchange Rate API
2026-07-28,New Zealand Dollar,NZ$,56.2236,Exchange Rate API
2026-07-27,New Zealand Dollar,NZ$,56.1634,Exchange Rate API
2026-07-26,New Zealand Dollar,NZ$,56.1586,Exchange Rate API
2026-07-25,New Zealand Dollar,NZ$,55.9101,Exchange Rate API
2026-07-24,New Zealand Dollar,NZ$,56.098,Exchange Rate API
2026-07-23,New Zealand Dollar,NZ$,56.1558,Exchange Rate API
2026-07-22,New Zealand Dollar,NZ$,55.9713,Exchange Rate API
2026-07-21,New Zealand Dollar,NZ$,55.6782,Exchange Rate API
2026-07-20,New Zealand Dollar,NZ$,55.8215,Exchange Rate API
2026-07-19,New Zealand Dollar,NZ$,55.6338,Exchange Rate API
2026-07-18,New Zealand Dollar,NZ$,55.6745,Exchange Rate API
2026-07-17,New Zealand Dollar,NZ$,55.883,Exchange Rate API
2026-07-16,New Zealand Dollar,NZ$,56.1073,Exchange Rate API
2026-07-15,New Zealand Dollar,NZ$,55.9808,Exchange Rate API
2026-07-14,New Zealand Dollar,NZ$,55.7227,Exchange Rate API
2026-07-13,New Zealand Dollar,NZ$,55.4947,Exchange Rate API
2026-07-12,New Zealand Dollar,NZ$,55.2619,Exchange Rate API
2026-07-11,New Zealand Dollar,NZ$,55.3407,Exchange Rate API
2026-07-10,New Zealand Dollar,NZ$,55.4894,Exchange Rate API
2026-07-09,New Zealand Dollar,NZ$,55.7823,Exchange Rate API
2026-07-08,New Zealand Dollar,NZ$,56.0484,Exchange Rate API
2026-07-07,New Zealand Dollar,NZ$,56.1249,Exchange Rate API
2026-07-06,New Zealand Dollar,NZ$,56.0414,Exchange Rate API
2026-07-05,New Zealand Dollar,NZ$,55.8132,Exchange Rate API
2026-07-04,New Zealand Dollar,NZ$,56.0524,Exchange Rate API
2026-07-03,New Zealand Dollar,NZ$,55.9304,Exchange Rate API
2026-07-02,New Zealand Dollar,NZ$,56.173,Exchange Rate API
2026-07-01,New Zealand Dollar,NZ$,55.8593,Exchange Rate API
2026-06-30,New Zealand Dollar,NZ$,55.9971,Exchange Rate API
2026-06-29,New Zealand Dollar,NZ$,56.3033,Exchange Rate API
2026-06-28,New Zealand Dollar,NZ$,56.0798,Exchange Rate API
2026-06-27,New Zealand Dollar,NZ$,55.9893,Exchange Rate API
2026-06-26,New Zealand Dollar,NZ$,56.0144,Exchange Rate API
2026-06-25,New Zealand Dollar,NZ$,55.8029,Exchange Rate API
2026-06-24,New Zealand Dollar,NZ$,55.9127,Exchange Rate API
2026-06-23,New Zealand Dollar,NZ$,55.627,Exchange Rate API
2026-06-22,New Zealand Dollar,NZ$,55.7186,Exchange Rate API
2026-06-21,New Zealand Dollar,NZ$,55.4703,Exchange Rate API
2026-06-20,New Zealand Dollar,NZ$,55.6802,Exchange Rate API
2026-06-19,New Zealand Dollar,NZ$,55.5712,Exchange Rate API
2026-06-18,New Zealand Dollar,NZ$,55.4778,Exchange Rate API
2026-06-17,New Zealand Dollar,NZ$,55.1877,Exchange Rate API
2026-06-16,New Zealand Dollar,NZ$,55.0218,Exchange Rate API
2026-06-15,New Zealand Dollar,NZ$,54.7687,Exchange Rate API
2026-06-14,New Zealand Dollar,NZ$,55.0936,Exchange Rate API
2026-06-13,New Zealand Dollar,NZ$,55.4103,Exchange Rate API
2026-06-12,New Zealand Dollar,NZ$,55.6455,Exchange Rate API
2026-06-11,New Zealand Dollar,NZ$,55.3673,Exchange Rate API
2026-06-10,New Zealand Dollar,NZ$,55.3809,Exchange Rate API
2026-06-09,New Zealand Dollar,NZ$,55.5257,Exchange Rate API
2026-06-08,New Zealand Dollar,NZ$,55.7851,Exchange Rate API
2026-06-07,New Zealand Dollar,NZ$,55.9321,Exchange Rate API
2026-06-06,New Zealand Dollar,NZ$,55.629,Exchange Rate API
2026-06-05,New Zealand Dollar,NZ$,55.5498,Exchange Rate API
2026-06-04,New Zealand Dollar,NZ$,55.7434,Exchange Rate API
2026-06-03,New Zealand Dollar,NZ$,55.9485,Exchange Rate API
2026-06-02,New Zealand Dollar,NZ$,55.6971,Exchange Rate API
2026-06-01,New Zealand Dollar,NZ$,55.4752,Exchange Rate API
2026-05-31,New Zealand Dollar,NZ$,55.754,Exchange Rate API
2026-05-30,New Zealand Dollar,NZ$,55.6362,Exchange Rate API
2026-05-29,New Zealand Dollar,NZ$,55.4149,Exchange Rate API
2026-05-28,New Zealand Dollar,NZ$,55.1654,Exchange Rate API
2026-05-27,New Zealand Dollar,NZ$,55.4947,Exchange Rate API
2026-05-26,New Zealand Dollar,NZ$,55.4117,Exchange Rate API
2026-05-25,New Zealand Dollar,NZ$,55.3765,Exchange Rate API
2026-05-24,New Zealand Dollar,NZ$,55.6181,Exchange Rate API
2026-05-23,New Zealand Dollar,NZ$,55.8049,Exchange Rate API
2026-05-22,New Zealand Dollar,NZ$,55.7214,Exchange Rate API
2026-05-21,New Zealand Dollar,NZ$,55.8603,Exchange Rate API
2026-05-20,New Zealand Dollar,NZ$,55.6428,Exchange Rate API
2026-05-19,New Zealand Dollar,NZ$,55.7886,Exchange Rate API
2026-05-18,New Zealand Dollar,NZ$,55.5841,Exchange Rate API
2026-05-17,New Zealand Dollar,NZ$,55.5513,Exchange Rate API
2026-05-16,New Zealand Dollar,NZ$,55.559,Exchange Rate API
2026-05-15,New Zealand Dollar,NZ$,55.6542,Exchange Rate API
2026-05-14,New Zealand Dollar,NZ$,55.435,Exchange Rate API
2026-05-13,New Zealand Dollar,NZ$,55.2352,Exchange Rate API
2026-05-12,New Zealand Dollar,NZ$,55.0854,Exchange Rate API
2026-05-11,New Zealand Dollar,NZ$,55.2894,Exchange Rate API
2026-05-10,New Zealand Dollar,NZ$,55.2342,Exchange Rate API
2026-05-09,New Zealand Dollar,NZ$,55.1092,Exchange Rate API
2026-05-08,New Zealand Dollar,NZ$,55.0259,Exchange Rate API
2026-05-07,New Zealand Dollar,NZ$,55.2359,Exchange Rate API
2026-05-06,New Zealand Dollar,NZ$,55.1154,Exchange Rate API
2026-05-05,New Zealand Dollar,NZ$,55.2436,Exchange Rate API
2026-05-04,New Zealand Dollar,NZ$,55.3795,Exchange Rate API
2026-05-03,New Zealand Dollar,NZ$,55.3846,Exchange Rate API
2026-05-02,New Zealand Dollar,NZ$,55.0785,Exchange Rate API
2026-05-01,New Zealand Dollar,NZ$,54.8699,Exchange Rate API
2026-04-30,New Zealand Dollar,NZ$,54.8872,Exchange Rate API
2026-04-29,New Zealand Dollar,NZ$,54.885,Exchange Rate API
2026-04-28,New Zealand Dollar,NZ$,54.8574,Exchange Rate API
2026-04-27,New Zealand Dollar,NZ$,54.5283,Exchange Rate API
2026-04-26,New Zealand Dollar,NZ$,54.7423,Exchange Rate API
2026-04-25,New Zealand Dollar,NZ$,54.7692,Exchange Rate API
2026-04-24,New Zealand Dollar,NZ$,54.9813,Exchange Rate API
2026-04-23,New Zealand Dollar,NZ$,55.2939,Exchange Rate API
2026-04-22,New Zealand Dollar,NZ$,55.123,Exchange Rate API
2026-04-21,New Zealand Dollar,NZ$,55.0214,Exchange Rate API
2026-04-20,New Zealand Dollar,NZ$,54.8084,Exchange Rate API
2026-04-19,New Zealand Dollar,NZ$,55.0072,Exchange Rate API
2026-04-18,New Zealand Dollar,NZ$,54.834,Exchange Rate API
2026-04-17,New Zealand Dollar,NZ$,54.5311,Exchange Rate API
2026-04-16,New Zealand Dollar,NZ$,54.4805,Exchange Rate API
2026-04-15,New Zealand Dollar,NZ$,54.6426,Exchange Rate API
2026-04-14,New Zealand Dollar,NZ$,54.3628,Exchange Rate API
2026-04-13,New Zealand Dollar,NZ$,54.0552,Exchange Rate API
2026-04-12,New Zealand Dollar,NZ$,54.2376,Exchange Rate API
2026-04-11,New Zealand Dollar,NZ$,54.2655,Exchange Rate API
2026-04-10,New Zealand Dollar,NZ$,54.08,Exchange Rate API
2026-04-09,New Zealand Dollar,NZ$,53.8357,Exchange Rate API
2026-04-08,New Zealand Dollar,NZ$,53.6554,Exchange Rate API
2026-04-07,New Zealand Dollar,NZ$,53.8406,Exchange Rate API
2026-04-06,New Zealand Dollar,NZ$,53.8523,Exchange Rate API
2026-04-05,New Zealand Dollar,NZ$,53.9495,Exchange Rate API
2026-04-04,New Zealand Dollar,NZ$,53.6677,Exchange Rate API
2026-04-03,New Zealand Dollar,NZ$,53.7416,Exchange Rate API
2026-04-02,New Zealand Dollar,NZ$,53.8398,Exchange Rate API
2026-04-01,New Zealand Dollar,NZ$,53.7326,Exchange Rate API
2026-03-31,New Zealand Dollar,NZ$,53.51,Exchange Rate API
2026-03-30,New Zealand Dollar,NZ$,53.5035,Exchange Rate API
2026-03-29,New Zealand Dollar,NZ$,53.6084,Exchange Rate API
2026-03-28,New Zealand Dollar,NZ$,53.57,Exchange Rate API
2026-03-27,New Zealand Dollar,NZ$,53.7707,Exchange Rate API
2026-03-26,New Zealand Dollar,NZ$,53.7178,Exchange Rate API
2026-03-25,New Zealand Dollar,NZ$,54.0242,Exchange Rate API
2026-03-24,New Zealand Dollar,NZ$,53.9832,Exchange Rate API
2026-03-23,New Zealand Dollar,NZ$,54.2445,Exchange Rate API
2026-03-22,New Zealand Dollar,NZ$,54.0925,Exchange Rate API
2026-03-21,New Zealand Dollar,NZ$,54.245,Exchange Rate API
2026-03-20,New Zealand Dollar,NZ$,54.5629,Exchange Rate API
2026-03-19,New Zealand Dollar,NZ$,54.7546,Exchange Rate API
2026-03-18,New Zealand Dollar,NZ$,54.7673,Exchange Rate API
2026-03-17,New Zealand Dollar,NZ$,54.6989,Exchange Rate API
2026-03-16,New Zealand Dollar,NZ$,54.3769,Exchange Rate API
2026-03-15,New Zealand Dollar,NZ$,54.4633,Exchange Rate API
2026-03-14,New Zealand Dollar,NZ$,54.4413,Exchange Rate API
2026-03-13,New Zealand Dollar,NZ$,54.6567,Exchange Rate API
2026-03-12,New Zealand Dollar,NZ$,54.9467,Exchange Rate API
2026-03-11,New Zealand Dollar,NZ$,54.6292,Exchange Rate API
2026-03-10,New Zealand Dollar,NZ$,54.5429,Exchange Rate API
2026-03-09,New Zealand Dollar,NZ$,54.5778,Exchange Rate API
2026-03-08,New Zealand Dollar,NZ$,54.5708,Exchange Rate API
2026-03-07,New Zealand Dollar,NZ$,54.431,Exchange Rate API
2026-03-06,New Zealand Dollar,NZ$,54.2575,Exchange Rate API
2026-03-05,New Zealand Dollar,NZ$,54.0086,Exchange Rate API
2026-03-04,New Zealand Dollar,NZ$,54.1727,Exchange Rate API
2026-03-03,New Zealand Dollar,NZ$,54.2737,Exchange Rate API
2026-03-02,New Zealand Dollar,NZ$,53.9766,Exchange Rate API
2026-03-01,New Zealand Dollar,NZ$,53.758,Exchange Rate API
2026-02-28,New Zealand Dollar,NZ$,53.5461,Exchange Rate API
2026-02-27,New Zealand Dollar,NZ$,53.7578,Exchange Rate API
2026-02-26,New Zealand Dollar,NZ$,53.9155,Exchange Rate API
2026-02-25,New Zealand Dollar,NZ$,53.8186,Exchange Rate API
2026-02-24,New Zealand Dollar,NZ$,53.5003,Exchange Rate API
2026-02-23,New Zealand Dollar,NZ$,53.2763,Exchange Rate API
2026-02-22,New Zealand Dollar,NZ$,53.0102,Exchange Rate API
2026-02-21,New Zealand Dollar,NZ$,53.1692,Exchange Rate API
2026-02-20,New Zealand Dollar,NZ$,52.9987,Exchange Rate API
2026-02-19,New Zealand Dollar,NZ$,52.8626,Exchange Rate API
2026-02-18,New Zealand Dollar,NZ$,52.5526,Exchange Rate API
2026-02-17,New Zealand Dollar,NZ$,52.3965,Exchange Rate API
2026-02-16,New Zealand Dollar,NZ$,52.1632,Exchange Rate API
2026-02-15,New Zealand Dollar,NZ$,52.2309,Exchange Rate API
2026-02-14,New Zealand Dollar,NZ$,51.944,Exchange Rate API
2026-02-13,New Zealand Dollar,NZ$,52.236,Exchange Rate API
2026-02-12,New Zealand Dollar,NZ$,52.2474,Exchange Rate API
2026-02-11,New Zealand Dollar,NZ$,52.4844,Exchange Rate API
2026-02-10,New Zealand Dollar,NZ$,52.216,Exchange Rate API
2026-02-09,New Zealand Dollar,NZ$,52.1575,Exchange Rate API
2026-02-08,New Zealand Dollar,NZ$,51.9435,Exchange Rate API
2026-02-07,New Zealand Dollar,NZ$,51.9022,Exchange Rate API
2026-02-06,New Zealand Dollar,NZ$,51.7061,Exchange Rate API
2026-02-05,New Zealand Dollar,NZ$,51.4865,Exchange Rate API
2026-02-04,New Zealand Dollar,NZ$,51.3829,Exchange Rate API
2026-02-03,New Zealand Dollar,NZ$,51.3794,Exchange Rate API
2026-02-02,New Zealand Dollar,NZ$,51.5478,Exchange Rate API
2026-02-01,New Zealand Dollar,NZ$,51.7173,Exchange Rate API
2026-01-31,New Zealand Dollar,NZ$,51.731,Exchange Rate API
2026-01-30,New Zealand Dollar,NZ$,51.8145,Exchange Rate API
2026-01-29,New Zealand Dollar,NZ$,51.6977,Exchange Rate API
2026-01-28,New Zealand Dollar,NZ$,51.5864,Exchange Rate API
2026-01-27,New Zealand Dollar,NZ$,51.4394,Exchange Rate API
2026-01-26,New Zealand Dollar,NZ$,51.7368,Exchange Rate API
2026-01-25,New Zealand Dollar,NZ$,51.8221,Exchange Rate API
2026-01-24,New Zealand Dollar,NZ$,51.6374,Exchange Rate API
2026-01-23,New Zealand Dollar,NZ$,51.5555,Exchange Rate API
2026-01-22,New Zealand Dollar,NZ$,51.8316,Exchange Rate API
2026-01-21,New Zealand Dollar,NZ$,52.0247,Exchange Rate API
2026-01-20,New Zealand Dollar,NZ$,52.226,Exchange Rate API
2026-01-19,New Zealand Dollar,NZ$,52.2377,Exchange Rate API
2026-01-18,New Zealand Dollar,NZ$,52.4863,Exchange Rate API
2026-01-17,New Zealand Dollar,NZ$,52.7965,Exchange Rate API
2026-01-16,New Zealand Dollar,NZ$,52.7304,Exchange Rate API
2026-01-15,New Zealand Dollar,NZ$,52.4615,Exchange Rate API
2026-01-14,New Zealand Dollar,NZ$,52.5611,Exchange Rate API
2026-01-13,New Zealand Dollar,NZ$,52.7322,Exchange Rate API
2026-01-12,New Zealand Dollar,NZ$,52.5794,Exchange Rate API
2026-01-11,New Zealand Dollar,NZ$,52.7103,Exchange Rate API
2026-01-10,New Zealand Dollar,NZ$,52.8526,Exchange Rate API
2026-01-09,New Zealand Dollar,NZ$,53.0618,Exchange Rate API
2026-01-08,New Zealand Dollar,NZ$,53.3428,Exchange Rate API
2026-01-07,New Zealand Dollar,NZ$,53.5778,Exchange Rate API
2026-01-06,New Zealand Dollar,NZ$,53.5415,Exchange Rate API
2026-01-05,New Zealand Dollar,NZ$,53.6648,Exchange Rate API
2026-01-04,New Zealand Dollar,NZ$,53.9175,Exchange Rate API
2026-01-03,New Zealand Dollar,NZ$,53.6325,Exchange Rate API
2026-01-02,New Zealand Dollar,NZ$,53.8088,Exchange Rate API
2026-01-01,New Zealand Dollar,NZ$,53.6478,Exchange Rate API
2025-12-31,New Zealand Dollar,NZ$,53.4414,Exchange Rate API
2025-12-30,New Zealand Dollar,NZ$,53.3261,Exchange Rate API
2025-12-29,New Zealand Dollar,NZ$,53.0636,Exchange Rate API
2025-12-28,New Zealand Dollar,NZ$,52.7759,Exchange Rate API
2025-12-27,New Zealand Dollar,NZ$,52.9595,Exchange Rate API
2025-12-26,New Zealand Dollar,NZ$,52.8359,Exchange Rate API
2025-12-25,New Zealand Dollar,NZ$,52.923,Exchange Rate API
2025-12-24,New Zealand Dollar,NZ$,53.1308,Exchange Rate API
2025-12-23,New Zealand Dollar,NZ$,53.2949,Exchange Rate API
2025-12-22,New Zealand Dollar,NZ$,53.2859,Exchange Rate API
2025-12-21,New Zealand Dollar,NZ$,53.5696,Exchange Rate API
2025-12-20,New Zealand Dollar,NZ$,53.2734,Exchange Rate API
2025-12-19,New Zealand Dollar,NZ$,53.3598,Exchange Rate API
2025-12-18,New Zealand Dollar,NZ$,53.2661,Exchange Rate API
2025-12-17,New Zealand Dollar,NZ$,53.1221,Exchange Rate API
2025-12-16,New Zealand Dollar,NZ$,53.03,Exchange Rate API
2025-12-15,New Zealand Dollar,NZ$,53.1074,Exchange Rate API
2025-12-14,New Zealand Dollar,NZ$,53.3358,Exchange Rate API
2025-12-13,New Zealand Dollar,NZ$,53.4969,Exchange Rate API
2025-12-12,New Zealand Dollar,NZ$,53.5784,Exchange Rate API
2025-12-11,New Zealand Dollar,NZ$,53.3251,Exchange Rate API
2025-12-10,New Zealand Dollar,NZ$,53.1387,Exchange Rate API
2025-12-09,New Zealand Dollar,NZ$,53.228,Exchange Rate API
2025-12-08,New Zealand Dollar,NZ$,53.296,Exchange Rate API
2025-12-07,New Zealand Dollar,NZ$,53.5044,Exchange Rate API
2025-12-06,New Zealand Dollar,NZ$,53.5954,Exchange Rate API
2025-12-05,New Zealand Dollar,NZ$,53.8544,Exchange Rate API
2025-12-04,New Zealand Dollar,NZ$,53.6537,Exchange Rate API
2025-12-03,New Zealand Dollar,NZ$,53.4649,Exchange Rate API
2025-12-02,New Zealand Dollar,NZ$,53.5546,Exchange Rate API
2025-12-01,New Zealand Dollar,NZ$,53.6052,Exchange Rate API
2025-11-30,New Zealand Dollar,NZ$,53.8091,Exchange Rate API
2025-11-29,New Zealand Dollar,NZ$,53.8721,Exchange Rate API
2025-11-28,New Zealand Dollar,NZ$,53.832,Exchange Rate API
2025-11-27,New Zealand Dollar,NZ$,54.0701,Exchange Rate API
2025-11-26,New Zealand Dollar,NZ$,53.9514,Exchange Rate API
2025-11-25,New Zealand Dollar,NZ$,53.8796,Exchange Rate API
2025-11-24,New Zealand Dollar,NZ$,53.9591,Exchange Rate API
2025-11-23,New Zealand Dollar,NZ$,53.8789,Exchange Rate API
2025-11-22,New Zealand Dollar,NZ$,53.8524,Exchange Rate API
2025-11-21,New Zealand Dollar,NZ$,53.8383,Exchange Rate API
2025-11-20,New Zealand Dollar,NZ$,53.7321,Exchange Rate API
2025-11-19,New Zealand Dollar,NZ$,53.7223,Exchange Rate API
2025-11-18,New Zealand Dollar,NZ$,53.9906,Exchange Rate API
2025-11-17,New Zealand Dollar,NZ$,53.6864,Exchange Rate API
2025-11-16,New Zealand Dollar,NZ$,53.4658,Exchange Rate API
2025-11-15,New Zealand Dollar,NZ$,53.7486,Exchange Rate API
2025-11-14,New Zealand Dollar,NZ$,53.8935,Exchange Rate API
2025-11-13,New Zealand Dollar,NZ$,53.5944,Exchange Rate API
2025-11-12,New Zealand Dollar,NZ$,53.3528,Exchange Rate API
2025-11-11,New Zealand Dollar,NZ$,53.0637,Exchange Rate API
2025-11-10,New Zealand Dollar,NZ$,53.3761,Exchange Rate API
2025-11-09,New Zealand Dollar,NZ$,53.0803,Exchange Rate API
2025-11-08,New Zealand Dollar,NZ$,53.2988,Exchange Rate API
2025-11-07,New Zealand Dollar,NZ$,53.2254,Exchange Rate API
2025-11-06,New Zealand Dollar,NZ$,53.1987,Exchange Rate API
2025-11-05,New Zealand Dollar,NZ$,53.411,Exchange Rate API
2025-11-04,New Zealand Dollar,NZ$,53.3652,Exchange Rate API
2025-11-03,New Zealand Dollar,NZ$,53.1032,Exchange Rate API
2025-11-02,New Zealand Dollar,NZ$,53.0013,Exchange Rate API
2025-11-01,New Zealand Dollar,NZ$,53.0131,Exchange Rate API
2025-10-31,New Zealand Dollar,NZ$,53.2191,Exchange Rate API
2025-10-30,New Zealand Dollar,NZ$,53.2615,Exchange Rate API
2025-10-29,New Zealand Dollar,NZ$,53.0202,Exchange Rate API
2025-10-28,New Zealand Dollar,NZ$,52.929,Exchange Rate API
2025-10-27,New Zealand Dollar,NZ$,52.8698,Exchange Rate API
2025-10-26,New Zealand Dollar,NZ$,52.6885,Exchange Rate API
2025-10-25,New Zealand Dollar,NZ$,52.7249,Exchange Rate API
2025-10-24,New Zealand Dollar,NZ$,53.0326,Exchange Rate API
2025-10-23,New Zealand Dollar,NZ$,53.3498,Exchange Rate API
2025-10-22,New Zealand Dollar,NZ$,53.3213,Exchange Rate API
2025-10-21,New Zealand Dollar,NZ$,53.087,Exchange Rate API
2025-10-20,New Zealand Dollar,NZ$,53.2792,Exchange Rate API
2025-10-19,New Zealand Dollar,NZ$,53.3864,Exchange Rate API
2025-10-18,New Zealand Dollar,NZ$,53.1163,Exchange Rate API
2025-10-17,New Zealand Dollar,NZ$,53.3096,Exchange Rate API
2025-10-16,New Zealand Dollar,NZ$,53.6275,Exchange Rate API
2025-10-15,New Zealand Dollar,NZ$,53.4014,Exchange Rate API
2025-10-14,New Zealand Dollar,NZ$,53.3974,Exchange Rate API
2025-10-13,New Zealand Dollar,NZ$,53.2405,Exchange Rate API
2025-10-12,New Zealand Dollar,NZ$,53.3515,Exchange Rate API
2025-10-11,New Zealand Dollar,NZ$,53.3155,Exchange Rate API
2025-10-10,New Zealand Dollar,NZ$,53.4451,Exchange Rate API
2025-10-09,New Zealand Dollar,NZ$,53.5058,Exchange Rate API
2025-10-08,New Zealand Dollar,NZ$,53.808,Exchange Rate API
2025-10-07,New Zealand Dollar,NZ$,53.8543,Exchange Rate API
2025-10-06,New Zealand Dollar,NZ$,54.0744,Exchange Rate API
2025-10-05,New Zealand Dollar,NZ$,54.2508,Exchange Rate API
2025-10-04,New Zealand Dollar,NZ$,54.1153,Exchange Rate API
2025-10-03,New Zealand Dollar,NZ$,54.3938,Exchange Rate API
2025-10-02,New Zealand Dollar,NZ$,54.1221,Exchange Rate API
2025-10-01,New Zealand Dollar,NZ$,54.3242,Exchange Rate API
2025-09-30,New Zealand Dollar,NZ$,54.6246,Exchange Rate API
2025-09-29,New Zealand Dollar,NZ$,54.5261,Exchange Rate API
2025-09-28,New Zealand Dollar,NZ$,54.4522,Exchange Rate API
2025-09-27,New Zealand Dollar,NZ$,54.2277,Exchange Rate API
2025-09-26,New Zealand Dollar,NZ$,54.1987,Exchange Rate API
2025-09-25,New Zealand Dollar,NZ$,53.9707,Exchange Rate API
2025-09-24,New Zealand Dollar,NZ$,53.6814,Exchange Rate API
2025-09-23,New Zealand Dollar,NZ$,53.5264,Exchange Rate API
2025-09-22,New Zealand Dollar,NZ$,53.5435,Exchange Rate API
2025-09-21,New Zealand Dollar,NZ$,53.2954,Exchange Rate API
2025-09-20,New Zealand Dollar,NZ$,52.9989,Exchange Rate API
2025-09-19,New Zealand Dollar,NZ$,52.8448,Exchange Rate API
2025-09-18,New Zealand Dollar,NZ$,52.9722,Exchange Rate API
2025-09-17,New Zealand Dollar,NZ$,52.8615,Exchange Rate API
2025-09-16,New Zealand Dollar,NZ$,52.9161,Exchange Rate API
2025-09-15,New Zealand Dollar,NZ$,52.8119,Exchange Rate API
2025-09-14,New Zealand Dollar,NZ$,53.0985,Exchange Rate API
2025-09-13,New Zealand Dollar,NZ$,52.9375,Exchange Rate API
2025-09-12,New Zealand Dollar,NZ$,52.6405,Exchange Rate API
2025-09-11,New Zealand Dollar,NZ$,52.9008,Exchange Rate API
2025-09-10,New Zealand Dollar,NZ$,52.6573,Exchange Rate API
2025-09-09,New Zealand Dollar,NZ$,52.8484,Exchange Rate API
2025-09-08,New Zealand Dollar,NZ$,52.6039,Exchange Rate API
2025-09-07,New Zealand Dollar,NZ$,52.6101,Exchange Rate API
2025-09-06,New Zealand Dollar,NZ$,52.5015,Exchange Rate API
2025-09-05,New Zealand Dollar,NZ$,52.6736,Exchange Rate API
2025-09-04,New Zealand Dollar,NZ$,52.722,Exchange Rate API
2025-09-03,New Zealand Dollar,NZ$,53.016,Exchange Rate API
2025-09-02,New Zealand Dollar,NZ$,53.29,Exchange Rate API
2025-09-01,New Zealand Dollar,NZ$,53.4861,Exchange Rate API
2025-08-31,New Zealand Dollar,NZ$,53.4089,Exchange Rate API
2025-08-30,New Zealand Dollar,NZ$,53.4668,Exchange Rate API
2025-08-29,New Zealand Dollar,NZ$,53.7674,Exchange Rate API
2025-08-28,New Zealand Dollar,NZ$,54.0487,Exchange Rate API
2025-08-27,New Zealand Dollar,NZ$,53.8383,Exchange Rate API
2025-08-26,New Zealand Dollar,NZ$,53.5763,Exchange Rate API
2025-08-25,New Zealand Dollar,NZ$,53.6704,Exchange Rate API
2025-08-24,New Zealand Dollar,NZ$,53.6081,Exchange Rate API
2025-08-23,New Zealand Dollar,NZ$,53.797,Exchange Rate API
2025-08-22,New Zealand Dollar,NZ$,53.9135,Exchange Rate API
2025-08-21,New Zealand Dollar,NZ$,54.217,Exchange Rate API
2025-08-20,New Zealand Dollar,NZ$,54.3883,Exchange Rate API
2025-08-19,New Zealand Dollar,NZ$,54.1184,Exchange Rate API
2025-08-18,New Zealand Dollar,NZ$,54.1624,Exchange Rate API
2025-08-17,New Zealand Dollar,NZ$,53.8997,Exchange Rate API
2025-08-16,New Zealand Dollar,NZ$,53.8852,Exchange Rate API
2025-08-15,New Zealand Dollar,NZ$,54.1848,Exchange Rate API
2025-08-14,New Zealand Dollar,NZ$,53.8663,Exchange Rate API
2025-08-13,New Zealand Dollar,NZ$,53.6419,Exchange Rate API
2025-08-12,New Zealand Dollar,NZ$,53.6494,Exchange Rate API
2025-08-11,New Zealand Dollar,NZ$,53.6931,Exchange Rate API
2025-08-10,New Zealand Dollar,NZ$,53.9199,Exchange Rate API
2025-08-09,New Zealand Dollar,NZ$,53.8954,Exchange Rate API
2025-08-08,New Zealand Dollar,NZ$,53.7999,Exchange Rate API
2025-08-07,New Zealand Dollar,NZ$,53.9144,Exchange Rate API
2025-08-06,New Zealand Dollar,NZ$,54.028,Exchange Rate API
2025-08-05,New Zealand Dollar,NZ$,53.9441,Exchange Rate API
2025-08-04,New Zealand Dollar,NZ$,54.0029,Exchange Rate API
