rate_date,currency,currency_symbol,rate_to_inr,source
2026-08-01,US Dollar,$,95.0982,Exchange Rate API
2026-07-31,US Dollar,$,94.8415,Exchange Rate API
2026-07-30,US Dollar,$,94.5265,Exchange Rate API
2026-07-29,US Dollar,$,94.7947,Exchange Rate API
2026-07-28,US Dollar,$,94.9957,Exchange Rate API
2026-07-27,US Dollar,$,95.4428,Exchange Rate API
2026-07-26,US Dollar,$,94.9697,Exchange Rate API
2026-07-25,US Dollar,$,94.8807,Exchange Rate API
2026-07-24,US Dollar,$,94.3453,Exchange Rate API
2026-07-23,US Dollar,$,94.0268,Exchange Rate API
2026-07-22,US Dollar,$,94.0328,Exchange Rate API
2026-07-21,US Dollar,$,93.4985,Exchange Rate API
2026-07-20,US Dollar,$,93.1606,Exchange Rate API
2026-07-19,US Dollar,$,93.3282,Exchange Rate API
2026-07-18,US Dollar,$,93.3785,Exchange Rate API
2026-07-17,US Dollar,$,93.0652,Exchange Rate API
2026-07-16,US Dollar,$,93.1649,Exchange Rate API
2026-07-15,US Dollar,$,93.5108,Exchange Rate API
2026-07-14,US Dollar,$,92.957,Exchange Rate API
2026-07-13,US Dollar,$,93.2981,Exchange Rate API
2026-07-12,US Dollar,$,93.5199,Exchange Rate API
2026-07-11,US Dollar,$,93.3406,Exchange Rate API
2026-07-10,US Dollar,$,92.9547,Exchange Rate API
2026-07-09,US Dollar,$,93.4647,Exchange Rate API
2026-07-08,US Dollar,$,93.2814,Exchange Rate API
2026-07-07,US Dollar,$,92.8255,Exchange Rate API
2026-07-06,US Dollar,$,92.3763,Exchange Rate API
2026-07-05,US Dollar,$,92.7615,Exchange Rate API
2026-07-04,US Dollar,$,92.877,Exchange Rate API
2026-07-03,US Dollar,$,93.2193,Exchange Rate API
2026-07-02,US Dollar,$,93.4763,Exchange Rate API
2026-07-01,US Dollar,$,93.5169,Exchange Rate API
2026-06-30,US Dollar,$,94.0478,Exchange Rate API
2026-06-29,US Dollar,$,93.9107,Exchange Rate API
2026-06-28,US Dollar,$,93.9693,Exchange Rate API
2026-06-27,US Dollar,$,94.3407,Exchange Rate API
2026-06-26,US Dollar,$,94.4749,Exchange Rate API
2026-06-25,US Dollar,$,94.885,Exchange Rate API
2026-06-24,US Dollar,$,94.9731,Exchange Rate API
2026-06-23,US Dollar,$,95.2062,Exchange Rate API
2026-06-22,US Dollar,$,94.6873,Exchange Rate API
2026-06-21,US Dollar,$,94.3781,Exchange Rate API
2026-06-20,US Dollar,$,94.1396,Exchange Rate API
2026-06-19,US Dollar,$,93.6649,Exchange Rate API
2026-06-18,US Dollar,$,93.3646,Exchange Rate API
2026-06-17,US Dollar,$,92.9176,Exchange Rate API
2026-06-16,US Dollar,$,92.67,Exchange Rate API
2026-06-15,US Dollar,$,92.8209,Exchange Rate API
2026-06-14,US Dollar,$,92.6703,Exchange Rate API
2026-06-13,US Dollar,$,92.5259,Exchange Rate API
2026-06-12,US Dollar,$,92.2034,Exchange Rate API
2026-06-11,US Dollar,$,91.9456,Exchange Rate API
2026-06-10,US Dollar,$,92.4274,Exchange Rate API
2026-06-09,US Dollar,$,92.5916,Exchange Rate API
2026-06-08,US Dollar,$,92.7129,Exchange Rate API
2026-06-07,US Dollar,$,92.347,Exchange Rate API
2026-06-06,US Dollar,$,92.6009,Exchange Rate API
2026-06-05,US Dollar,$,92.2269,Exchange Rate API
2026-06-04,US Dollar,$,92.0935,Exchange Rate API
2026-06-03,US Dollar,$,92.6345,Exchange Rate API
2026-06-02,US Dollar,$,92.7901,Exchange Rate API
2026-06-01,US Dollar,$,92.8535,Exchange Rate API
2026-05-31,US Dollar,$,93.0592,Exchange Rate API
2026-05-30,US Dollar,$,93.4421,Exchange Rate API
2026-05-29,US Dollar,$,93.7516,Exchange Rate API
2026-05-28,US Dollar,$,93.4468,Exchange Rate API
2026-05-27,US Dollar,$,92.9221,Exchange Rate API
2026-05-26,US Dollar,$,92.7163,Exchange Rate API
2026-05-25,US Dollar,$,92.4579,Exchange Rate API
2026-05-24,US Dollar,$,92.1372,Exchange Rate API
2026-05-23,US Dollar,$,92.6269,Exchange Rate API
2026-05-22,US Dollar,$,93.0452,Exchange Rate API
2026-05-21,US Dollar,$,92.8383,Exchange Rate API
2026-05-20,US Dollar,$,93.0115,Exchange Rate API
2026-05-19,US Dollar,$,92.895,Exchange Rate API
2026-05-18,US Dollar,$,93.3571,Exchange Rate API
2026-05-17,US Dollar,$,93.311,Exchange Rate API
2026-05-16,US Dollar,$,93.0477,Exchange Rate API
2026-05-15,US Dollar,$,92.7648,Exchange Rate API
2026-05-14,US Dollar,$,92.8331,Exchange Rate API
2026-05-13,US Dollar,$,92.5688,Exchange Rate API
2026-05-12,US Dollar,$,92.6628,Exchange Rate API
2026-05-11,US Dollar,$,93.1052,Exchange Rate API
2026-05-10,US Dollar,$,92.9928,Exchange Rate API
2026-05-09,US Dollar,$,92.6796,Exchange Rate API
2026-05-08,US Dollar,$,93.2329,Exchange Rate API
2026-05-07,US Dollar,$,93.2436,Exchange Rate API
2026-05-06,US Dollar,$,92.7859,Exchange Rate API
2026-05-05,US Dollar,$,92.2816,Exchange Rate API
2026-05-04,US Dollar,$,91.8493,Exchange Rate API
2026-05-03,US Dollar,$,91.9898,Exchange Rate API
2026-05-02,US Dollar,$,92.3122,Exchange Rate API
2026-05-01,US Dollar,$,92.226,Exchange Rate API
2026-04-30,US Dollar,$,91.743,Exchange Rate API
2026-04-29,US Dollar,$,91.6127,Exchange Rate API
2026-04-28,US Dollar,$,92.1581,Exchange Rate API
2026-04-27,US Dollar,$,92.1903,Exchange Rate API
2026-04-26,US Dollar,$,92.7114,Exchange Rate API
2026-04-25,US Dollar,$,93.1128,Exchange Rate API
2026-04-24,US Dollar,$,92.567,Exchange Rate API
2026-04-23,US Dollar,$,92.8122,Exchange Rate API
2026-04-22,US Dollar,$,93.0146,Exchange Rate API
2026-04-21,US Dollar,$,93.0559,Exchange Rate API
2026-04-20,US Dollar,$,92.7955,Exchange Rate API
2026-04-19,US Dollar,$,92.9525,Exchange Rate API
2026-04-18,US Dollar,$,92.5192,Exchange Rate API
2026-04-17,US Dollar,$,92.4468,Exchange Rate API
2026-04-16,US Dollar,$,92.3955,Exchange Rate API
2026-04-15,US Dollar,$,92.8987,Exchange Rate API
2026-04-14,US Dollar,$,93.3177,Exchange Rate API
2026-04-13,US Dollar,$,93.0527,Exchange Rate API
2026-04-12,US Dollar,$,93.0534,Exchange Rate API
2026-04-11,US Dollar,$,92.6946,Exchange Rate API
2026-04-10,US Dollar,$,93.1536,Exchange Rate API
2026-04-09,US Dollar,$,93.5678,Exchange Rate API
2026-04-08,US Dollar,$,93.3415,Exchange Rate API
2026-04-07,US Dollar,$,93.4971,Exchange Rate API
2026-04-06,US Dollar,$,93.6194,Exchange Rate API
2026-04-05,US Dollar,$,93.2294,Exchange Rate API
2026-04-04,US Dollar,$,93.5231,Exchange Rate API
2026-04-03,US Dollar,$,93.5673,Exchange Rate API
2026-04-02,US Dollar,$,93.8801,Exchange Rate API
2026-04-01,US Dollar,$,93.9143,Exchange Rate API
2026-03-31,US Dollar,$,93.3515,Exchange Rate API
2026-03-30,US Dollar,$,93.1545,Exchange Rate API
2026-03-29,US Dollar,$,92.6173,Exchange Rate API
2026-03-28,US Dollar,$,93.0942,Exchange Rate API
2026-03-27,US Dollar,$,93.5173,Exchange Rate API
2026-03-26,US Dollar,$,93.8895,Exchange Rate API
2026-03-25,US Dollar,$,93.6726,Exchange Rate API
2026-03-24,US Dollar,$,93.1757,Exchange Rate API
2026-03-23,US Dollar,$,93.5984,Exchange Rate API
2026-03-22,US Dollar,$,94.1004,Exchange Rate API
2026-03-21,US Dollar,$,93.6325,Exchange Rate API
2026-03-20,US Dollar,$,93.6168,Exchange Rate API
2026-03-19,US Dollar,$,93.1329,Exchange Rate API
2026-03-18,US Dollar,$,93.4241,Exchange Rate API
2026-03-17,US Dollar,$,93.7221,Exchange Rate API
2026-03-16,US Dollar,$,93.3042,Exchange Rate API
2026-03-15,US Dollar,$,93.2765,Exchange Rate API
2026-03-14,US Dollar,$,93.3322,Exchange Rate API
2026-03-13,US Dollar,$,93.0691,Exchange Rate API
2026-03-12,US Dollar,$,93.485,Exchange Rate API
2026-03-11,US Dollar,$,93.3988,Exchange Rate API
2026-03-10,US Dollar,$,93.0758,Exchange Rate API
2026-03-09,US Dollar,$,93.1197,Exchange Rate API
2026-03-08,US Dollar,$,93.3766,Exchange Rate API
2026-03-07,US Dollar,$,93.0417,Exchange Rate API
2026-03-06,US Dollar,$,92.8315,Exchange Rate API
2026-03-05,US Dollar,$,93.3831,Exchange Rate API
2026-03-04,US Dollar,$,93.5511,Exchange Rate API
2026-03-03,US Dollar,$,93.4816,Exchange Rate API
2026-03-02,US Dollar,$,93.5013,Exchange Rate API
2026-03-01,US Dollar,$,93.0761,Exchange Rate API
2026-02-28,US Dollar,$,92.7686,Exchange Rate API
2026-02-27,US Dollar,$,92.5884,Exchange Rate API
2026-02-26,US Dollar,$,92.6865,Exchange Rate API
2026-02-25,US Dollar,$,92.3863,Exchange Rate API
2026-02-24,US Dollar,$,92.0761,Exchange Rate API
2026-02-23,US Dollar,$,91.6021,Exchange Rate API
2026-02-22,US Dollar,$,91.7462,Exchange Rate API
2026-02-21,US Dollar,$,91.4478,Exchange Rate API
2026-02-20,US Dollar,$,91.8927,Exchange Rate API
2026-02-19,US Dollar,$,92.2893,Exchange Rate API
2026-02-18,US Dollar,$,91.814,Exchange Rate API
2026-02-17,US Dollar,$,91.5253,Exchange Rate API
2026-02-16,US Dollar,$,91.7109,Exchange Rate API
2026-02-15,US Dollar,$,91.3964,Exchange Rate API
2026-02-14,US Dollar,$,90.9931,Exchange Rate API
2026-02-13,US Dollar,$,91.4686,Exchange Rate API
2026-02-12,US Dollar,$,91.5466,Exchange Rate API
2026-02-11,US Dollar,$,91.5166,Exchange Rate API
2026-02-10,US Dollar,$,91.8292,Exchange Rate API
2026-02-09,US Dollar,$,92.168,Exchange Rate API
2026-02-08,US Dollar,$,91.8256,Exchange Rate API
2026-02-07,US Dollar,$,91.3815,Exchange Rate API
2026-02-06,US Dollar,$,91.3059,Exchange Rate API
2026-02-05,US Dollar,$,91.2222,Exchange Rate API
2026-02-04,US Dollar,$,91.1861,Exchange Rate API
2026-02-03,US Dollar,$,91.4368,Exchange Rate API
2026-02-02,US Dollar,$,91.627,Exchange Rate API
2026-02-01,US Dollar,$,92.1594,Exchange Rate API
2026-01-31,US Dollar,$,91.7153,Exchange Rate API
2026-01-30,US Dollar,$,91.6081,Exchange Rate API
2026-01-29,US Dollar,$,91.4314,Exchange Rate API
2026-01-28,US Dollar,$,91.8282,Exchange Rate API
2026-01-27,US Dollar,$,91.5512,Exchange Rate API
2026-01-26,US Dollar,$,91.2109,Exchange Rate API
2026-01-25,US Dollar,$,91.1547,Exchange Rate API
2026-01-24,US Dollar,$,91.0692,Exchange Rate API
2026-01-23,US Dollar,$,90.8272,Exchange Rate API
2026-01-22,US Dollar,$,90.5545,Exchange Rate API
2026-01-21,US Dollar,$,91.0144,Exchange Rate API
2026-01-20,US Dollar,$,90.9523,Exchange Rate API
2026-01-19,US Dollar,$,91.3467,Exchange Rate API
2026-01-18,US Dollar,$,91.4019,Exchange Rate API
2026-01-17,US Dollar,$,90.909,Exchange Rate API
2026-01-16,US Dollar,$,91.4537,Exchange Rate API
2026-01-15,US Dollar,$,91.8225,Exchange Rate API
2026-01-14,US Dollar,$,92.3393,Exchange Rate API
2026-01-13,US Dollar,$,92.8117,Exchange Rate API
2026-01-12,US Dollar,$,93.2001,Exchange Rate API
2026-01-11,US Dollar,$,92.8269,Exchange Rate API
2026-01-10,US Dollar,$,92.8109,Exchange Rate API
2026-01-09,US Dollar,$,92.4921,Exchange Rate API
2026-01-08,US Dollar,$,92.3823,Exchange Rate API
2026-01-07,US Dollar,$,91.893,Exchange Rate API
2026-01-06,US Dollar,$,91.7595,Exchange Rate API
2026-01-05,US Dollar,$,92.2939,Exchange Rate API
2026-01-04,US Dollar,$,92.0339,Exchange Rate API
2026-01-03,US Dollar,$,92.3476,Exchange Rate API
2026-01-02,US Dollar,$,92.2977,Exchange Rate API
2026-01-01,US Dollar,$,92.2124,Exchange Rate API
2025-12-31,US Dollar,$,92.7184,Exchange Rate API
2025-12-30,US Dollar,$,93.2696,Exchange Rate API
2025-12-29,US Dollar,$,93.332,Exchange Rate API
2025-12-28,US Dollar,$,93.5766,Exchange Rate API
2025-12-27,US Dollar,$,93.189,Exchange Rate API
2025-12-26,US Dollar,$,92.9617,Exchange Rate API
2025-12-25,US Dollar,$,93.4846,Exchange Rate API
2025-12-24,US Dollar,$,93.5734,Exchange Rate API
2025-12-23,US Dollar,$,93.6208,Exchange Rate API
2025-12-22,US Dollar,$,93.8994,Exchange Rate API
2025-12-21,US Dollar,$,93.4004,Exchange Rate API
2025-12-20,US Dollar,$,93.4947,Exchange Rate API
2025-12-19,US Dollar,$,93.4979,Exchange Rate API
2025-12-18,US Dollar,$,93.8936,Exchange Rate API
2025-12-17,US Dollar,$,93.5076,Exchange Rate API
2025-12-16,US Dollar,$,94.0246,Exchange Rate API
2025-12-15,US Dollar,$,93.5508,Exchange Rate API
2025-12-14,US Dollar,$,93.1981,Exchange Rate API
2025-12-13,US Dollar,$,93.3044,Exchange Rate API
2025-12-12,US Dollar,$,93.5006,Exchange Rate API
2025-12-11,US Dollar,$,93.2035,Exchange Rate API
2025-12-10,US Dollar,$,92.7784,Exchange Rate API
2025-12-09,US Dollar,$,93.2129,Exchange Rate API
2025-12-08,US Dollar,$,92.929,Exchange Rate API
2025-12-07,US Dollar,$,93.0344,Exchange Rate API
2025-12-06,US Dollar,$,93.1677,Exchange Rate API
2025-12-05,US Dollar,$,93.0774,Exchange Rate API
2025-12-04,US Dollar,$,93.1709,Exchange Rate API
2025-12-03,US Dollar,$,93.1964,Exchange Rate API
2025-12-02,US Dollar,$,93.6826,Exchange Rate API
2025-12-01,US Dollar,$,93.3501,Exchange Rate API
2025-11-30,US Dollar,$,93.5923,Exchange Rate API
2025-11-29,US Dollar,$,93.2988,Exchange Rate API
2025-11-28,US Dollar,$,93.1821,Exchange Rate API
2025-11-27,US Dollar,$,93.3741,Exchange Rate API
2025-11-26,US Dollar,$,93.15,Exchange Rate API
2025-11-25,US Dollar,$,92.9445,Exchange Rate API
2025-11-24,US Dollar,$,93.2254,Exchange Rate API
2025-11-23,US Dollar,$,92.7472,Exchange Rate API
2025-11-22,US Dollar,$,92.7008,Exchange Rate API
2025-11-21,US Dollar,$,93.2553,Exchange Rate API
2025-11-20,US Dollar,$,93.8105,Exchange Rate API
2025-11-19,US Dollar,$,93.3301,Exchange Rate API
2025-11-18,US Dollar,$,93.0088,Exchange Rate API
2025-11-17,US Dollar,$,92.7467,Exchange Rate API
2025-11-16,US Dollar,$,93.2289,Exchange Rate API
2025-11-15,US Dollar,$,93.655,Exchange Rate API
2025-11-14,US Dollar,$,94.0812,Exchange Rate API
2025-11-13,US Dollar,$,93.9339,Exchange Rate API
2025-11-12,US Dollar,$,93.5481,Exchange Rate API
2025-11-11,US Dollar,$,93.9228,Exchange Rate API
2025-11-10,US Dollar,$,94.1522,Exchange Rate API
2025-11-09,US Dollar,$,94.2784,Exchange Rate API
2025-11-08,US Dollar,$,94.8296,Exchange Rate API
2025-11-07,US Dollar,$,95.0048,Exchange Rate API
2025-11-06,US Dollar,$,94.4437,Exchange Rate API
2025-11-05,US Dollar,$,94.8031,Exchange Rate API
2025-11-04,US Dollar,$,94.5749,Exchange Rate API
2025-11-03,US Dollar,$,94.7603,Exchange Rate API
2025-11-02,US Dollar,$,95.2594,Exchange Rate API
2025-11-01,US Dollar,$,94.8414,Exchange Rate API
2025-10-31,US Dollar,$,94.4037,Exchange Rate API
2025-10-30,US Dollar,$,93.9585,Exchange Rate API
2025-10-29,US Dollar,$,94.0185,Exchange Rate API
2025-10-28,US Dollar,$,93.7617,Exchange Rate API
2025-10-27,US Dollar,$,93.8796,Exchange Rate API
2025-10-26,US Dollar,$,94.1248,Exchange Rate API
2025-10-25,US Dollar,$,93.79,Exchange Rate API
2025-10-24,US Dollar,$,93.9411,Exchange Rate API
2025-10-23,US Dollar,$,93.675,Exchange Rate API
2025-10-22,US Dollar,$,93.6621,Exchange Rate API
2025-10-21,US Dollar,$,94.1177,Exchange Rate API
2025-10-20,US Dollar,$,94.5086,Exchange Rate API
2025-10-19,US Dollar,$,94.0462,Exchange Rate API
2025-10-18,US Dollar,$,93.96,Exchange Rate API
2025-10-17,US Dollar,$,93.7082,Exchange Rate API
2025-10-16,US Dollar,$,93.1499,Exchange Rate API
2025-10-15,US Dollar,$,93.453,Exchange Rate API
2025-10-14,US Dollar,$,93.6068,Exchange Rate API
2025-10-13,US Dollar,$,93.3394,Exchange Rate API
2025-10-12,US Dollar,$,93.6096,Exchange Rate API
2025-10-11,US Dollar,$,93.6677,Exchange Rate API
2025-10-10,US Dollar,$,93.5864,Exchange Rate API
2025-10-09,US Dollar,$,93.0357,Exchange Rate API
2025-10-08,US Dollar,$,92.5615,Exchange Rate API
2025-10-07,US Dollar,$,92.987,Exchange Rate API
2025-10-06,US Dollar,$,93.4377,Exchange Rate API
2025-10-05,US Dollar,$,93.4888,Exchange Rate API
2025-10-04,US Dollar,$,93.8642,Exchange Rate API
2025-10-03,US Dollar,$,93.9571,Exchange Rate API
2025-10-02,US Dollar,$,93.5603,Exchange Rate API
2025-10-01,US Dollar,$,93.142,Exchange Rate API
2025-09-30,US Dollar,$,92.9277,Exchange Rate API
2025-09-29,US Dollar,$,93.3726,Exchange Rate API
2025-09-28,US Dollar,$,93.7044,Exchange Rate API
2025-09-27,US Dollar,$,94.11,Exchange Rate API
2025-09-26,US Dollar,$,94.5605,Exchange Rate API
2025-09-25,US Dollar,$,94.2315,Exchange Rate API
2025-09-24,US Dollar,$,93.9483,Exchange Rate API
2025-09-23,US Dollar,$,93.5005,Exchange Rate API
2025-09-22,US Dollar,$,93.8148,Exchange Rate API
2025-09-21,US Dollar,$,94.2473,Exchange Rate API
2025-09-20,US Dollar,$,94.1414,Exchange Rate API
2025-09-19,US Dollar,$,94.2777,Exchange Rate API
2025-09-18,US Dollar,$,93.8869,Exchange Rate API
2025-09-17,US Dollar,$,94.3712,Exchange Rate API
2025-09-16,US Dollar,$,94.7841,Exchange Rate API
2025-09-15,US Dollar,$,95.3257,Exchange Rate API
2025-09-14,US Dollar,$,95.6812,Exchange Rate API
2025-09-13,US Dollar,$,96.1191,Exchange Rate API
2025-09-12,US Dollar,$,95.571,Exchange Rate API
2025-09-11,US Dollar,$,95.8423,Exchange Rate API
2025-09-10,US Dollar,$,95.6493,Exchange Rate API
2025-09-09,US Dollar,$,96.1438,Exchange Rate API
2025-09-08,US Dollar,$,96.4925,Exchange Rate API
2025-09-07,US Dollar,$,96.9141,Exchange Rate API
2025-09-06,US Dollar,$,97.2755,Exchange Rate API
2025-09-05,US Dollar,$,97.0033,Exchange Rate API
2025-09-04,US Dollar,$,97.3378,Exchange Rate API
2025-09-03,US Dollar,$,96.88,Exchange Rate API
2025-09-02,US Dollar,$,97.3127,Exchange Rate API
2025-09-01,US Dollar,$,97.7314,Exchange Rate API
2025-08-31,US Dollar,$,97.4059,Exchange Rate API
2025-08-30,US Dollar,$,97.7759,Exchange Rate API
2025-08-29,US Dollar,$,97.7293,Exchange Rate API
2025-08-28,US Dollar,$,97.5008,Exchange Rate API
2025-08-27,US Dollar,$,97.8464,Exchange Rate API
2025-08-26,US Dollar,$,97.5266,Exchange Rate API
2025-08-25,US Dollar,$,96.9691,Exchange Rate API
2025-08-24,US Dollar,$,96.612,Exchange Rate API
2025-08-23,US Dollar,$,96.4129,Exchange Rate API
2025-08-22,US Dollar,$,96.8344,Exchange Rate API
2025-08-21,US Dollar,$,97.3769,Exchange Rate API
2025-08-20,US Dollar,$,97.1188,Exchange Rate API
2025-08-19,US Dollar,$,97.2837,Exchange Rate API
2025-08-18,US Dollar,$,97.1666,Exchange Rate API
2025-08-17,US Dollar,$,97.7276,Exchange Rate API
2025-08-16,US Dollar,$,97.7701,Exchange Rate API
2025-08-15,US Dollar,$,98.2854,Exchange Rate API
2025-08-14,US Dollar,$,97.8317,Exchange Rate API
2025-08-13,US Dollar,$,98.3839,Exchange Rate API
2025-08-12,US Dollar,$,98.0044,Exchange Rate API
2025-08-11,US Dollar,$,98.5484,Exchange Rate API
2025-08-10,US Dollar,$,98.271,Exchange Rate API
2025-08-09,US Dollar,$,97.8092,Exchange Rate API
2025-08-08,US Dollar,$,97.7324,Exchange Rate API
2025-08-07,US Dollar,$,98.0004,Exchange Rate API
2025-08-06,US Dollar,$,97.7813,Exchange Rate API
2025-08-05,US Dollar,$,97.9059,Exchange Rate API
2025-08-04,US Dollar,$,97.9193,Exchange Rate API
2026-08-03,Euro,€,109.9384,Exchange Rate API
2026-08-02,Euro,€,110.0395,Exchange Rate API
2026-08-01,Euro,€,109.7156,Exchange Rate API
2026-07-31,Euro,€,109.9905,Exchange Rate API
2026-07-30,Euro,€,109.3328,Exchange Rate API
2026-07-29,Euro,€,109.8912,Exchange Rate API
2026-07-28,Euro,€,109.9419,Exchange Rate API
2026-07-27,Euro,€,110.2314,Exchange Rate API
2026-07-26,Euro,€,110.5514,Exchange Rate API
2026-07-25,Euro,€,110.7778,Exchange Rate API
2026-07-24,Euro,€,110.5973,Exchange Rate API
2026-07-23,Euro,€,110.0266,Exchange Rate API
2026-07-22,Euro,€,110.2434,Exchange Rate API
2026-07-21,Euro,€,110.0188,Exchange Rate API
2026-07-20,Euro,€,109.7731,Exchange Rate API
2026-07-19,Euro,€,110.2315,Exchange Rate API
2026-07-18,Euro,€,110.5222,Exchange Rate API
2026-07-17,Euro,€,110.2574,Exchange Rate API
2026-07-16,Euro,€,110.0051,Exchange Rate API
2026-07-15,Euro,€,109.8842,Exchange Rate API
2026-07-14,Euro,€,109.7555,Exchange Rate API
2026-07-13,Euro,€,109.4864,Exchange Rate API
2026-07-12,Euro,€,108.9967,Exchange Rate API
2026-07-11,Euro,€,108.8926,Exchange Rate API
2026-07-10,Euro,€,109.468,Exchange Rate API
2026-07-09,Euro,€,109.7009,Exchange Rate API
2026-07-08,Euro,€,110.2312,Exchange Rate API
2026-07-07,Euro,€,110.384,Exchange Rate API
2026-07-06,Euro,€,110.1203,Exchange Rate API
2026-07-05,Euro,€,110.1836,Exchange Rate API
2026-07-04,Euro,€,109.523,Exchange Rate API
2026-07-03,Euro,€,109.2429,Exchange Rate API
2026-07-02,Euro,€,109.151,Exchange Rate API
2026-07-01,Euro,€,109.2558,Exchange Rate API
2026-06-30,Euro,€,109.4586,Exchange Rate API
2026-06-29,Euro,€,109.4126,Exchange Rate API
2026-06-28,Euro,€,109.3367,Exchange Rate API
2026-06-27,Euro,€,108.9611,Exchange Rate API
2026-06-26,Euro,€,108.926,Exchange Rate API
2026-06-25,Euro,€,109.4504,Exchange Rate API
2026-06-24,Euro,€,109.8392,Exchange Rate API
2026-06-23,Euro,€,109.4038,Exchange Rate API
2026-06-22,Euro,€,108.8587,Exchange Rate API
2026-06-21,Euro,€,108.8789,Exchange Rate API
2026-06-20,Euro,€,109.0526,Exchange Rate API
2026-06-19,Euro,€,108.8369,Exchange Rate API
2026-06-18,Euro,€,109.2528,Exchange Rate API
2026-06-17,Euro,€,109.5821,Exchange Rate API
2026-06-16,Euro,€,109.8093,Exchange Rate API
2026-06-15,Euro,€,109.4465,Exchange Rate API
2026-06-14,Euro,€,109.0513,Exchange Rate API
2026-06-13,Euro,€,108.429,Exchange Rate API
2026-06-12,Euro,€,108.097,Exchange Rate API
2026-06-11,Euro,€,108.0647,Exchange Rate API
2026-06-10,Euro,€,108.5182,Exchange Rate API
2026-06-09,Euro,€,107.9619,Exchange Rate API
2026-06-08,Euro,€,107.8511,Exchange Rate API
2026-06-07,Euro,€,108.019,Exchange Rate API
2026-06-06,Euro,€,107.6229,Exchange Rate API
2026-06-05,Euro,€,107.8765,Exchange Rate API
2026-06-04,Euro,€,107.8692,Exchange Rate API
2026-06-03,Euro,€,107.5378,Exchange Rate API
2026-06-02,Euro,€,107.7392,Exchange Rate API
2026-06-01,Euro,€,107.0999,Exchange Rate API
2026-05-31,Euro,€,107.4224,Exchange Rate API
2026-05-30,Euro,€,107.7705,Exchange Rate API
2026-05-29,Euro,€,107.2617,Exchange Rate API
2026-05-28,Euro,€,107.1654,Exchange Rate API
2026-05-27,Euro,€,106.7486,Exchange Rate API
2026-05-26,Euro,€,107.3352,Exchange Rate API
2026-05-25,Euro,€,107.3583,Exchange Rate API
2026-05-24,Euro,€,106.7788,Exchange Rate API
2026-05-23,Euro,€,106.4574,Exchange Rate API
2026-05-22,Euro,€,106.9024,Exchange Rate API
2026-05-21,Euro,€,106.8465,Exchange Rate API
2026-05-20,Euro,€,107.233,Exchange Rate API
2026-05-19,Euro,€,107.4486,Exchange Rate API
2026-05-18,Euro,€,108.0777,Exchange Rate API
2026-05-17,Euro,€,108.2015,Exchange Rate API
2026-05-16,Euro,€,108.7858,Exchange Rate API
2026-05-15,Euro,€,109.2968,Exchange Rate API
2026-05-14,Euro,€,109.4446,Exchange Rate API
2026-05-13,Euro,€,109.7326,Exchange Rate API
2026-05-12,Euro,€,109.7389,Exchange Rate API
2026-05-11,Euro,€,110.1742,Exchange Rate API
2026-05-10,Euro,€,110.2375,Exchange Rate API
2026-05-09,Euro,€,110.7629,Exchange Rate API
2026-05-08,Euro,€,111.0868,Exchange Rate API
2026-05-07,Euro,€,111.053,Exchange Rate API
2026-05-06,Euro,€,110.7321,Exchange Rate API
2026-05-05,Euro,€,110.3962,Exchange Rate API
2026-05-04,Euro,€,110.5786,Exchange Rate API
2026-05-03,Euro,€,110.9313,Exchange Rate API
2026-05-02,Euro,€,110.9597,Exchange Rate API
2026-05-01,Euro,€,111.1285,Exchange Rate API
2026-04-30,Euro,€,110.8279,Exchange Rate API
2026-04-29,Euro,€,110.266,Exchange Rate API
2026-04-28,Euro,€,109.9825,Exchange Rate API
2026-04-27,Euro,€,109.6812,Exchange Rate API
2026-04-26,Euro,€,109.4439,Exchange Rate API
2026-04-25,Euro,€,109.4966,Exchange Rate API
2026-04-24,Euro,€,109.0214,Exchange Rate API
2026-04-23,Euro,€,108.6698,Exchange Rate API
2026-04-22,Euro,€,108.9227,Exchange Rate API
2026-04-21,Euro,€,109.1925,Exchange Rate API
2026-04-20,Euro,€,108.6215,Exchange Rate API
2026-04-19,Euro,€,108.5011,Exchange Rate API
2026-04-18,Euro,€,108.5566,Exchange Rate API
2026-04-17,Euro,€,108.4469,Exchange Rate API
2026-04-16,Euro,€,108.0654,Exchange Rate API
2026-04-15,Euro,€,107.9618,Exchange Rate API
2026-04-14,Euro,€,108.4863,Exchange Rate API
2026-04-13,Euro,€,108.5958,Exchange Rate API
2026-04-12,Euro,€,108.8506,Exchange Rate API
2026-04-11,Euro,€,109.3166,Exchange Rate API
2026-04-10,Euro,€,109.665,Exchange Rate API
2026-04-09,Euro,€,109.5076,Exchange Rate API
2026-04-08,Euro,€,108.8583,Exchange Rate API
2026-04-07,Euro,€,108.6647,Exchange Rate API
2026-04-06,Euro,€,108.9952,Exchange Rate API
2026-04-05,Euro,€,109.4575,Exchange Rate API
2026-04-04,Euro,€,110.0531,Exchange Rate API
2026-04-03,Euro,€,109.9462,Exchange Rate API
2026-04-02,Euro,€,110.2728,Exchange Rate API
2026-04-01,Euro,€,110.3338,Exchange Rate API
2026-03-31,Euro,€,110.4705,Exchange Rate API
2026-03-30,Euro,€,110.1,Exchange Rate API
2026-03-29,Euro,€,109.7293,Exchange Rate API
2026-03-28,Euro,€,109.6448,Exchange Rate API
2026-03-27,Euro,€,109.0251,Exchange Rate API
2026-03-26,Euro,€,108.8107,Exchange Rate API
2026-03-25,Euro,€,109.0446,Exchange Rate API
2026-03-24,Euro,€,108.9194,Exchange Rate API
2026-03-23,Euro,€,108.4816,Exchange Rate API
2026-03-22,Euro,€,108.4391,Exchange Rate API
2026-03-21,Euro,€,107.9545,Exchange Rate API
2026-03-20,Euro,€,108.1129,Exchange Rate API
2026-03-19,Euro,€,107.4992,Exchange Rate API
2026-03-18,Euro,€,107.3625,Exchange Rate API
2026-03-17,Euro,€,107.4455,Exchange Rate API
2026-03-16,Euro,€,106.8358,Exchange Rate API
2026-03-15,Euro,€,107.0188,Exchange Rate API
2026-03-14,Euro,€,106.551,Exchange Rate API
2026-03-13,Euro,€,106.502,Exchange Rate API
2026-03-12,Euro,€,105.9273,Exchange Rate API
2026-03-11,Euro,€,105.7736,Exchange Rate API
2026-03-10,Euro,€,105.4076,Exchange Rate API
2026-03-09,Euro,€,105.1886,Exchange Rate API
2026-03-08,Euro,€,105.5183,Exchange Rate API
2026-03-07,Euro,€,105.3652,Exchange Rate API
2026-03-06,Euro,€,105.6838,Exchange Rate API
2026-03-05,Euro,€,106.1047,Exchange Rate API
2026-03-04,Euro,€,105.7893,Exchange Rate API
2026-03-03,Euro,€,105.2585,Exchange Rate API
2026-03-02,Euro,€,104.6514,Exchange Rate API
2026-03-01,Euro,€,104.7009,Exchange Rate API
2026-02-28,Euro,€,105.329,Exchange Rate API
2026-02-27,Euro,€,105.1394,Exchange Rate API
2026-02-26,Euro,€,105.3288,Exchange Rate API
2026-02-25,Euro,€,105.6843,Exchange Rate API
2026-02-24,Euro,€,105.8768,Exchange Rate API
2026-02-23,Euro,€,106.1998,Exchange Rate API
2026-02-22,Euro,€,106.7728,Exchange Rate API
2026-02-21,Euro,€,106.3876,Exchange Rate API
2026-02-20,Euro,€,105.7753,Exchange Rate API
2026-02-19,Euro,€,105.3341,Exchange Rate API
2026-02-18,Euro,€,104.8616,Exchange Rate API
2026-02-17,Euro,€,105.0748,Exchange Rate API
2026-02-16,Euro,€,105.1555,Exchange Rate API
2026-02-15,Euro,€,104.7996,Exchange Rate API
2026-02-14,Euro,€,105.0504,Exchange Rate API
2026-02-13,Euro,€,105.3869,Exchange Rate API
2026-02-12,Euro,€,104.9668,Exchange Rate API
2026-02-11,Euro,€,105.1019,Exchange Rate API
2026-02-10,Euro,€,105.4146,Exchange Rate API
2026-02-09,Euro,€,104.927,Exchange Rate API
2026-02-08,Euro,€,105.329,Exchange Rate API
2026-02-07,Euro,€,105.9164,Exchange Rate API
2026-02-06,Euro,€,105.4183,Exchange Rate API
2026-02-05,Euro,€,104.8183,Exchange Rate API
2026-02-04,Euro,€,104.5818,Exchange Rate API
2026-02-03,Euro,€,104.8044,Exchange Rate API
2026-02-02,Euro,€,105.3806,Exchange Rate API
2026-02-01,Euro,€,105.2499,Exchange Rate API
2026-01-31,Euro,€,105.5215,Exchange Rate API
2026-01-30,Euro,€,104.9846,Exchange Rate API
2026-01-29,Euro,€,105.2247,Exchange Rate API
2026-01-28,Euro,€,105.3854,Exchange Rate API
2026-01-27,Euro,€,104.882,Exchange Rate API
2026-01-26,Euro,€,105.2249,Exchange Rate API
2026-01-25,Euro,€,105.6672,Exchange Rate API
2026-01-24,Euro,€,105.7945,Exchange Rate API
2026-01-23,Euro,€,105.3134,Exchange Rate API
2026-01-22,Euro,€,105.9249,Exchange Rate API
2026-01-21,Euro,€,106.2842,Exchange Rate API
2026-01-20,Euro,€,106.0893,Exchange Rate API
2026-01-19,Euro,€,105.9981,Exchange Rate API
2026-01-18,Euro,€,105.8335,Exchange Rate API
2026-01-17,Euro,€,105.8411,Exchange Rate API
2026-01-16,Euro,€,105.6394,Exchange Rate API
2026-01-15,Euro,€,106.0825,Exchange Rate API
2026-01-14,Euro,€,106.4928,Exchange Rate API
2026-01-13,Euro,€,105.9887,Exchange Rate API
2026-01-12,Euro,€,106.5748,Exchange Rate API
2026-01-11,Euro,€,106.7482,Exchange Rate API
2026-01-10,Euro,€,107.1693,Exchange Rate API
2026-01-09,Euro,€,107.4359,Exchange Rate API
2026-01-08,Euro,€,107.3527,Exchange Rate API
2026-01-07,Euro,€,107.6539,Exchange Rate API
2026-01-06,Euro,€,108.2552,Exchange Rate API
2026-01-05,Euro,€,107.9565,Exchange Rate API
2026-01-04,Euro,€,108.3558,Exchange Rate API
2026-01-03,Euro,€,108.4054,Exchange Rate API
2026-01-02,Euro,€,108.3839,Exchange Rate API
2026-01-01,Euro,€,108.3001,Exchange Rate API
2025-12-31,Euro,€,108.6003,Exchange Rate API
2025-12-30,Euro,€,108.2985,Exchange Rate API
2025-12-29,Euro,€,108.7556,Exchange Rate API
2025-12-28,Euro,€,109.1872,Exchange Rate API
2025-12-27,Euro,€,108.6456,Exchange Rate API
2025-12-26,Euro,€,109.1432,Exchange Rate API
2025-12-25,Euro,€,108.8077,Exchange Rate API
2025-12-24,Euro,€,108.7616,Exchange Rate API
2025-12-23,Euro,€,108.9056,Exchange Rate API
2025-12-22,Euro,€,108.7475,Exchange Rate API
2025-12-21,Euro,€,108.1325,Exchange Rate API
2025-12-20,Euro,€,108.5879,Exchange Rate API
2025-12-19,Euro,€,108.1733,Exchange Rate API
2025-12-18,Euro,€,107.7996,Exchange Rate API
2025-12-17,Euro,€,108.1849,Exchange Rate API
2025-12-16,Euro,€,107.9776,Exchange Rate API
2025-12-15,Euro,€,108.4704,Exchange Rate API
2025-12-14,Euro,€,108.7323,Exchange Rate API
2025-12-13,Euro,€,108.4404,Exchange Rate API
2025-12-12,Euro,€,107.803,Exchange Rate API
2025-12-11,Euro,€,108.3826,Exchange Rate API
2025-12-10,Euro,€,107.8437,Exchange Rate API
2025-12-09,Euro,€,108.1285,Exchange Rate API
2025-12-08,Euro,€,108.1137,Exchange Rate API
2025-12-07,Euro,€,108.4486,Exchange Rate API
2025-12-06,Euro,€,108.6967,Exchange Rate API
2025-12-05,Euro,€,108.887,Exchange Rate API
2025-12-04,Euro,€,108.875,Exchange Rate API
2025-12-03,Euro,€,109.2577,Exchange Rate API
2025-12-02,Euro,€,108.7242,Exchange Rate API
2025-12-01,Euro,€,108.361,Exchange Rate API
2025-11-30,Euro,€,108.6104,Exchange Rate API
2025-11-29,Euro,€,108.3578,Exchange Rate API
2025-11-28,Euro,€,108.4638,Exchange Rate API
2025-11-27,Euro,€,108.429,Exchange Rate API
2025-11-26,Euro,€,108.4692,Exchange Rate API
2025-11-25,Euro,€,108.3722,Exchange Rate API
2025-11-24,Euro,€,108.692,Exchange Rate API
2025-11-23,Euro,€,108.4713,Exchange Rate API
2025-11-22,Euro,€,108.7353,Exchange Rate API
2025-11-21,Euro,€,108.4364,Exchange Rate API
2025-11-20,Euro,€,108.1129,Exchange Rate API
2025-11-19,Euro,€,107.6208,Exchange Rate API
2025-11-18,Euro,€,107.2238,Exchange Rate API
2025-11-17,Euro,€,106.7343,Exchange Rate API
2025-11-16,Euro,€,106.7802,Exchange Rate API
2025-11-15,Euro,€,107.1162,Exchange Rate API
2025-11-14,Euro,€,106.7115,Exchange Rate API
2025-11-13,Euro,€,106.3483,Exchange Rate API
2025-11-12,Euro,€,106.3281,Exchange Rate API
2025-11-11,Euro,€,106.6147,Exchange Rate API
2025-11-10,Euro,€,107.2245,Exchange Rate API
2025-11-09,Euro,€,107.2562,Exchange Rate API
2025-11-08,Euro,€,106.9769,Exchange Rate API
2025-11-07,Euro,€,106.4641,Exchange Rate API
2025-11-06,Euro,€,106.0733,Exchange Rate API
2025-11-05,Euro,€,105.7264,Exchange Rate API
2025-11-04,Euro,€,105.3197,Exchange Rate API
2025-11-03,Euro,€,104.7057,Exchange Rate API
2025-11-02,Euro,€,104.7486,Exchange Rate API
2025-11-01,Euro,€,104.4649,Exchange Rate API
2025-10-31,Euro,€,105.0595,Exchange Rate API
2025-10-30,Euro,€,105.1268,Exchange Rate API
2025-10-29,Euro,€,105.3758,Exchange Rate API
2025-10-28,Euro,€,104.9032,Exchange Rate API
2025-10-27,Euro,€,105.367,Exchange Rate API
2025-10-26,Euro,€,105.3555,Exchange Rate API
2025-10-25,Euro,€,105.8267,Exchange Rate API
2025-10-24,Euro,€,105.9208,Exchange Rate API
2025-10-23,Euro,€,105.8819,Exchange Rate API
2025-10-22,Euro,€,105.8063,Exchange Rate API
2025-10-21,Euro,€,105.4055,Exchange Rate API
2025-10-20,Euro,€,104.8381,Exchange Rate API
2025-10-19,Euro,€,105.393,Exchange Rate API
2025-10-18,Euro,€,105.3648,Exchange Rate API
2025-10-17,Euro,€,105.7721,Exchange Rate API
2025-10-16,Euro,€,105.6461,Exchange Rate API
2025-10-15,Euro,€,105.1061,Exchange Rate API
2025-10-14,Euro,€,105.2694,Exchange Rate API
2025-10-13,Euro,€,104.7055,Exchange Rate API
2025-10-12,Euro,€,104.2647,Exchange Rate API
2025-10-11,Euro,€,104.3433,Exchange Rate API
2025-10-10,Euro,€,104.0977,Exchange Rate API
2025-10-09,Euro,€,104.7147,Exchange Rate API
2025-10-08,Euro,€,104.2353,Exchange Rate API
2025-10-07,Euro,€,104.5661,Exchange Rate API
2025-10-06,Euro,€,104.6995,Exchange Rate API
2025-10-05,Euro,€,105.0648,Exchange Rate API
2025-10-04,Euro,€,104.719,Exchange Rate API
2025-10-03,Euro,€,104.7474,Exchange Rate API
2025-10-02,Euro,€,104.6852,Exchange Rate API
2025-10-01,Euro,€,104.6132,Exchange Rate API
2025-09-30,Euro,€,105.0653,Exchange Rate API
2025-09-29,Euro,€,105.6831,Exchange Rate API
2025-09-28,Euro,€,105.4363,Exchange Rate API
2025-09-27,Euro,€,105.5894,Exchange Rate API
2025-09-26,Euro,€,105.7283,Exchange Rate API
2025-09-25,Euro,€,106.0329,Exchange Rate API
2025-09-24,Euro,€,106.6024,Exchange Rate API
2025-09-23,Euro,€,106.2286,Exchange Rate API
2025-09-22,Euro,€,105.8602,Exchange Rate API
2025-09-21,Euro,€,106.064,Exchange Rate API
2025-09-20,Euro,€,105.6275,Exchange Rate API
2025-09-19,Euro,€,105.214,Exchange Rate API
2025-09-18,Euro,€,104.6775,Exchange Rate API
2025-09-17,Euro,€,104.0528,Exchange Rate API
2025-09-16,Euro,€,103.991,Exchange Rate API
2025-09-15,Euro,€,104.1081,Exchange Rate API
2025-09-14,Euro,€,103.8473,Exchange Rate API
2025-09-13,Euro,€,103.5127,Exchange Rate API
2025-09-12,Euro,€,103.7698,Exchange Rate API
2025-09-11,Euro,€,104.0226,Exchange Rate API
2025-09-10,Euro,€,103.9652,Exchange Rate API
2025-09-09,Euro,€,104.199,Exchange Rate API
2025-09-08,Euro,€,104.7291,Exchange Rate API
2025-09-07,Euro,€,105.0908,Exchange Rate API
2025-09-06,Euro,€,105.2485,Exchange Rate API
2025-09-05,Euro,€,105.4521,Exchange Rate API
2025-09-04,Euro,€,106.0009,Exchange Rate API
2025-09-03,Euro,€,105.9057,Exchange Rate API
2025-09-02,Euro,€,105.9623,Exchange Rate API
2025-09-01,Euro,€,106.15,Exchange Rate API
2025-08-31,Euro,€,106.6702,Exchange Rate API
2025-08-30,Euro,€,107.0883,Exchange Rate API
2025-08-29,Euro,€,106.5375,Exchange Rate API
2025-08-28,Euro,€,106.1104,Exchange Rate API
2025-08-27,Euro,€,105.8654,Exchange Rate API
2025-08-26,Euro,€,106.1817,Exchange Rate API
2025-08-25,Euro,€,106.2699,Exchange Rate API
2025-08-24,Euro,€,106.0003,Exchange Rate API
2025-08-23,Euro,€,105.5225,Exchange Rate API
2025-08-22,Euro,€,105.7614,Exchange Rate API
2025-08-21,Euro,€,106.0149,Exchange Rate API
2025-08-20,Euro,€,106.5781,Exchange Rate API
2025-08-19,Euro,€,106.5787,Exchange Rate API
2025-08-18,Euro,€,106.5708,Exchange Rate API
2025-08-17,Euro,€,106.0342,Exchange Rate API
2025-08-16,Euro,€,105.4487,Exchange Rate API
2025-08-15,Euro,€,105.3627,Exchange Rate API
2025-08-14,Euro,€,105.1381,Exchange Rate API
2025-08-13,Euro,€,104.8231,Exchange Rate API
2025-08-12,Euro,€,104.309,Exchange Rate API
2025-08-11,Euro,€,104.8872,Exchange Rate API
2025-08-10,Euro,€,105.3101,Exchange Rate API
2025-08-09,Euro,€,105.4051,Exchange Rate API
2025-08-08,Euro,€,105.9753,Exchange Rate API
2025-08-07,Euro,€,106.6106,Exchange Rate API
2025-08-06,Euro,€,106.831,Exchange Rate API
2025-08-05,Euro,€,106.5355,Exchange Rate API
2025-08-04,Euro,€,105.9477,Exchange Rate API
2026-08-03,British Pound,£,128.2545,Exchange Rate API
2026-08-02,British Pound,£,128.2091,Exchange Rate API
2026-08-01,British Pound,£,128.4422,Exchange Rate API
2026-07-31,British Pound,£,129.0835,Exchange Rate API
2026-07-30,British Pound,£,128.5901,Exchange Rate API
2026-07-29,British Pound,£,128.7218,Exchange Rate API
2026-07-28,British Pound,£,128.93,Exchange Rate API
2026-07-27,British Pound,£,128.9172,Exchange Rate API
2026-07-26,British Pound,£,128.2848,Exchange Rate API
2026-07-25,British Pound,£,128.0507,Exchange Rate API
2026-07-24,British Pound,£,127.7946,Exchange Rate API
2026-07-23,British Pound,£,128.0555,Exchange Rate API
2026-07-22,British Pound,£,128.6052,Exchange Rate API
2026-07-21,British Pound,£,128.3425,Exchange Rate API
2026-07-20,British Pound,£,128.6408,Exchange Rate API
2026-07-19,British Pound,£,128.3139,Exchange Rate API
2026-07-18,British Pound,£,128.9994,Exchange Rate API
2026-07-17,British Pound,£,129.4848,Exchange Rate API
2026-07-16,British Pound,£,129.5626,Exchange Rate API
2026-07-15,British Pound,£,129.4924,Exchange Rate API
2026-07-14,British Pound,£,129.2042,Exchange Rate API
2026-07-13,British Pound,£,128.9302,Exchange Rate API
2026-07-12,British Pound,£,129.6577,Exchange Rate API
2026-07-11,British Pound,£,129.5086,Exchange Rate API
2026-07-10,British Pound,£,129.5313,Exchange Rate API
2026-07-09,British Pound,£,130.29,Exchange Rate API
2026-07-08,British Pound,£,130.5365,Exchange Rate API
2026-07-07,British Pound,£,130.6032,Exchange Rate API
2026-07-06,British Pound,£,130.4672,Exchange Rate API
2026-07-05,British Pound,£,129.9781,Exchange Rate API
2026-07-04,British Pound,£,129.7625,Exchange Rate API
2026-07-03,British Pound,£,130.1618,Exchange Rate API
2026-07-02,British Pound,£,130.3577,Exchange Rate API
2026-07-01,British Pound,£,130.7644,Exchange Rate API
2026-06-30,British Pound,£,130.2992,Exchange Rate API
2026-06-29,British Pound,£,130.3762,Exchange Rate API
2026-06-28,British Pound,£,131.0453,Exchange Rate API
2026-06-27,British Pound,£,130.948,Exchange Rate API
2026-06-26,British Pound,£,131.2595,Exchange Rate API
2026-06-25,British Pound,£,130.6632,Exchange Rate API
2026-06-24,British Pound,£,131.4051,Exchange Rate API
2026-06-23,British Pound,£,131.5768,Exchange Rate API
2026-06-22,British Pound,£,131.1652,Exchange Rate API
2026-06-21,British Pound,£,130.6275,Exchange Rate API
2026-06-20,British Pound,£,130.7072,Exchange Rate API
2026-06-19,British Pound,£,130.7892,Exchange Rate API
2026-06-18,British Pound,£,130.1508,Exchange Rate API
2026-06-17,British Pound,£,130.9196,Exchange Rate API
2026-06-16,British Pound,£,131.5683,Exchange Rate API
2026-06-15,British Pound,£,131.5074,Exchange Rate API
2026-06-14,British Pound,£,130.9037,Exchange Rate API
2026-06-13,British Pound,£,131.4254,Exchange Rate API
2026-06-12,British Pound,£,131.4228,Exchange Rate API
2026-06-11,British Pound,£,131.7644,Exchange Rate API
2026-06-10,British Pound,£,131.7784,Exchange Rate API
2026-06-09,British Pound,£,131.4201,Exchange Rate API
2026-06-08,British Pound,£,131.948,Exchange Rate API
2026-06-07,British Pound,£,132.7084,Exchange Rate API
2026-06-06,British Pound,£,132.3003,Exchange Rate API
2026-06-05,British Pound,£,132.3817,Exchange Rate API
2026-06-04,British Pound,£,132.1968,Exchange Rate API
2026-06-03,British Pound,£,132.866,Exchange Rate API
2026-06-02,British Pound,£,132.8791,Exchange Rate API
2026-06-01,British Pound,£,133.484,Exchange Rate API
2026-05-31,British Pound,£,134.0671,Exchange Rate API
2026-05-30,British Pound,£,133.7071,Exchange Rate API
2026-05-29,British Pound,£,134.1724,Exchange Rate API
2026-05-28,British Pound,£,134.0355,Exchange Rate API
2026-05-27,British Pound,£,134.734,Exchange Rate API
2026-05-26,British Pound,£,134.7465,Exchange Rate API
2026-05-25,British Pound,£,135.2648,Exchange Rate API
2026-05-24,British Pound,£,134.9123,Exchange Rate API
2026-05-23,British Pound,£,134.5862,Exchange Rate API
2026-05-22,British Pound,£,134.7266,Exchange Rate API
2026-05-21,British Pound,£,135.5332,Exchange Rate API
2026-05-20,British Pound,£,135.5164,Exchange Rate API
2026-05-19,British Pound,£,134.9449,Exchange Rate API
2026-05-18,British Pound,£,135.0074,Exchange Rate API
2026-05-17,British Pound,£,134.7565,Exchange Rate API
2026-05-16,British Pound,£,134.8405,Exchange Rate API
2026-05-15,British Pound,£,134.9108,Exchange Rate API
2026-05-14,British Pound,£,134.8385,Exchange Rate API
2026-05-13,British Pound,£,134.5501,Exchange Rate API
2026-05-12,British Pound,£,134.0474,Exchange Rate API
2026-05-11,British Pound,£,134.3651,Exchange Rate API
2026-05-10,British Pound,£,134.4809,Exchange Rate API
2026-05-09,British Pound,£,134.0509,Exchange Rate API
2026-05-08,British Pound,£,134.4941,Exchange Rate API
2026-05-07,British Pound,£,133.7576,Exchange Rate API
2026-05-06,British Pound,£,134.1504,Exchange Rate API
2026-05-05,British Pound,£,134.4808,Exchange Rate API
2026-05-04,British Pound,£,134.9833,Exchange Rate API
2026-05-03,British Pound,£,134.7988,Exchange Rate API
2026-05-02,British Pound,£,135.0636,Exchange Rate API
2026-05-01,British Pound,£,135.5835,Exchange Rate API
2026-04-30,British Pound,£,136.3658,Exchange Rate API
2026-04-29,British Pound,£,136.3582,Exchange Rate API
2026-04-28,British Pound,£,135.6006,Exchange Rate API
2026-04-27,British Pound,£,135.6043,Exchange Rate API
2026-04-26,British Pound,£,135.751,Exchange Rate API
2026-04-25,British Pound,£,136.3532,Exchange Rate API
2026-04-24,British Pound,£,136.9655,Exchange Rate API
2026-04-23,British Pound,£,136.8674,Exchange Rate API
2026-04-22,British Pound,£,136.91,Exchange Rate API
2026-04-21,British Pound,£,136.8392,Exchange Rate API
2026-04-20,British Pound,£,137.2045,Exchange Rate API
2026-04-19,British Pound,£,137.0563,Exchange Rate API
2026-04-18,British Pound,£,137.3109,Exchange Rate API
2026-04-17,British Pound,£,136.7414,Exchange Rate API
2026-04-16,British Pound,£,136.6913,Exchange Rate API
2026-04-15,British Pound,£,137.4609,Exchange Rate API
2026-04-14,British Pound,£,137.1946,Exchange Rate API
2026-04-13,British Pound,£,137.5119,Exchange Rate API
2026-04-12,British Pound,£,137.7592,Exchange Rate API
2026-04-11,British Pound,£,138.3407,Exchange Rate API
2026-04-10,British Pound,£,138.9256,Exchange Rate API
2026-04-09,British Pound,£,139.5247,Exchange Rate API
2026-04-08,British Pound,£,139.3238,Exchange Rate API
2026-04-07,British Pound,£,139.0173,Exchange Rate API
2026-04-06,British Pound,£,139.3822,Exchange Rate API
2026-04-05,British Pound,£,139.8161,Exchange Rate API
2026-04-04,British Pound,£,140.4409,Exchange Rate API
2026-04-03,British Pound,£,139.6588,Exchange Rate API
2026-04-02,British Pound,£,138.9355,Exchange Rate API
2026-04-01,British Pound,£,139.1542,Exchange Rate API
2026-03-31,British Pound,£,139.8571,Exchange Rate API
2026-03-30,British Pound,£,140.6919,Exchange Rate API
2026-03-29,British Pound,£,141.1085,Exchange Rate API
2026-03-28,British Pound,£,140.9967,Exchange Rate API
2026-03-27,British Pound,£,140.3173,Exchange Rate API
2026-03-26,British Pound,£,140.5425,Exchange Rate API
2026-03-25,British Pound,£,141.1709,Exchange Rate API
2026-03-24,British Pound,£,141.0755,Exchange Rate API
2026-03-23,British Pound,£,141.4039,Exchange Rate API
2026-03-22,British Pound,£,142.0884,Exchange Rate API
2026-03-21,British Pound,£,141.3143,Exchange Rate API
2026-03-20,British Pound,£,141.8165,Exchange Rate API
2026-03-19,British Pound,£,141.4649,Exchange Rate API
2026-03-18,British Pound,£,141.2524,Exchange Rate API
2026-03-17,British Pound,£,140.6516,Exchange Rate API
2026-03-16,British Pound,£,140.7042,Exchange Rate API
2026-03-15,British Pound,£,140.8155,Exchange Rate API
2026-03-14,British Pound,£,141.3098,Exchange Rate API
2026-03-13,British Pound,£,140.7502,Exchange Rate API
2026-03-12,British Pound,£,140.0391,Exchange Rate API
2026-03-11,British Pound,£,140.6623,Exchange Rate API
2026-03-10,British Pound,£,140.8644,Exchange Rate API
2026-03-09,British Pound,£,140.4263,Exchange Rate API
2026-03-08,British Pound,£,141.122,Exchange Rate API
2026-03-07,British Pound,£,140.5176,Exchange Rate API
2026-03-06,British Pound,£,140.4521,Exchange Rate API
2026-03-05,British Pound,£,140.0374,Exchange Rate API
2026-03-04,British Pound,£,139.6262,Exchange Rate API
2026-03-03,British Pound,£,138.8042,Exchange Rate API
2026-03-02,British Pound,£,139.3116,Exchange Rate API
2026-03-01,British Pound,£,139.9823,Exchange Rate API
2026-02-28,British Pound,£,140.2806,Exchange Rate API
2026-02-27,British Pound,£,139.7048,Exchange Rate API
2026-02-26,British Pound,£,139.6071,Exchange Rate API
2026-02-25,British Pound,£,139.3484,Exchange Rate API
2026-02-24,British Pound,£,139.4948,Exchange Rate API
2026-02-23,British Pound,£,139.7274,Exchange Rate API
2026-02-22,British Pound,£,139.6005,Exchange Rate API
2026-02-21,British Pound,£,139.1819,Exchange Rate API
2026-02-20,British Pound,£,139.7586,Exchange Rate API
2026-02-19,British Pound,£,139.2542,Exchange Rate API
2026-02-18,British Pound,£,139.0615,Exchange Rate API
2026-02-17,British Pound,£,139.0335,Exchange Rate API
2026-02-16,British Pound,£,138.5951,Exchange Rate API
2026-02-15,British Pound,£,138.7147,Exchange Rate API
2026-02-14,British Pound,£,138.8392,Exchange Rate API
2026-02-13,British Pound,£,139.6601,Exchange Rate API
2026-02-12,British Pound,£,139.3169,Exchange Rate API
2026-02-11,British Pound,£,140.1159,Exchange Rate API
2026-02-10,British Pound,£,140.3819,Exchange Rate API
2026-02-09,British Pound,£,140.002,Exchange Rate API
2026-02-08,British Pound,£,140.1128,Exchange Rate API
2026-02-07,British Pound,£,140.4252,Exchange Rate API
2026-02-06,British Pound,£,140.8375,Exchange Rate API
2026-02-05,British Pound,£,140.0754,Exchange Rate API
2026-02-04,British Pound,£,140.2543,Exchange Rate API
2026-02-03,British Pound,£,140.2488,Exchange Rate API
2026-02-02,British Pound,£,140.929,Exchange Rate API
2026-02-01,British Pound,£,140.5674,Exchange Rate API
2026-01-31,British Pound,£,141.0715,Exchange Rate API
2026-01-30,British Pound,£,141.2527,Exchange Rate API
2026-01-29,British Pound,£,141.0024,Exchange Rate API
2026-01-28,British Pound,£,141.2336,Exchange Rate API
2026-01-27,British Pound,£,141.4385,Exchange Rate API
2026-01-26,British Pound,£,141.7402,Exchange Rate API
2026-01-25,British Pound,£,142.116,Exchange Rate API
2026-01-24,British Pound,£,142.3875,Exchange Rate API
2026-01-23,British Pound,£,142.9656,Exchange Rate API
2026-01-22,British Pound,£,143.1856,Exchange Rate API
2026-01-21,British Pound,£,143.8787,Exchange Rate API
2026-01-20,British Pound,£,144.1314,Exchange Rate API
2026-01-19,British Pound,£,143.8009,Exchange Rate API
2026-01-18,British Pound,£,143.6988,Exchange Rate API
2026-01-17,British Pound,£,143.836,Exchange Rate API
2026-01-16,British Pound,£,144.2371,Exchange Rate API
2026-01-15,British Pound,£,143.5277,Exchange Rate API
2026-01-14,British Pound,£,143.1748,Exchange Rate API
2026-01-13,British Pound,£,143.6,Exchange Rate API
2026-01-12,British Pound,£,143.0411,Exchange Rate API
2026-01-11,British Pound,£,142.4097,Exchange Rate API
2026-01-10,British Pound,£,142.477,Exchange Rate API
2026-01-09,British Pound,£,143.2831,Exchange Rate API
2026-01-08,British Pound,£,143.3361,Exchange Rate API
2026-01-07,British Pound,£,144.0473,Exchange Rate API
2026-01-06,British Pound,£,144.6185,Exchange Rate API
2026-01-05,British Pound,£,144.1967,Exchange Rate API
2026-01-04,British Pound,£,144.7585,Exchange Rate API
2026-01-03,British Pound,£,144.727,Exchange Rate API
2026-01-02,British Pound,£,145.2593,Exchange Rate API
2026-01-01,British Pound,£,145.6891,Exchange Rate API
2025-12-31,British Pound,£,145.4071,Exchange Rate API
2025-12-30,British Pound,£,144.7356,Exchange Rate API
2025-12-29,British Pound,£,145.5396,Exchange Rate API
2025-12-28,British Pound,£,144.9122,Exchange Rate API
2025-12-27,British Pound,£,145.7234,Exchange Rate API
2025-12-26,British Pound,£,146.3532,Exchange Rate API
2025-12-25,British Pound,£,146.747,Exchange Rate API
2025-12-24,British Pound,£,147.5922,Exchange Rate API
2025-12-23,British Pound,£,148.4198,Exchange Rate API
2025-12-22,British Pound,£,148.9623,Exchange Rate API
2025-12-21,British Pound,£,148.7224,Exchange Rate API
2025-12-20,British Pound,£,149.2412,Exchange Rate API
2025-12-19,British Pound,£,148.3707,Exchange Rate API
2025-12-18,British Pound,£,148.4358,Exchange Rate API
2025-12-17,British Pound,£,148.3553,Exchange Rate API
2025-12-16,British Pound,£,148.663,Exchange Rate API
2025-12-15,British Pound,£,148.9704,Exchange Rate API
2025-12-14,British Pound,£,149.1216,Exchange Rate API
2025-12-13,British Pound,£,149.6986,Exchange Rate API
2025-12-12,British Pound,£,150.4895,Exchange Rate API
2025-12-11,British Pound,£,149.7822,Exchange Rate API
2025-12-10,British Pound,£,149.3038,Exchange Rate API
2025-12-09,British Pound,£,148.4528,Exchange Rate API
2025-12-08,British Pound,£,149.1373,Exchange Rate API
2025-12-07,British Pound,£,149.2472,Exchange Rate API
2025-12-06,British Pound,£,149.9909,Exchange Rate API
2025-12-05,British Pound,£,149.4894,Exchange Rate API
2025-12-04,British Pound,£,148.7059,Exchange Rate API
2025-12-03,British Pound,£,149.2838,Exchange Rate API
2025-12-02,British Pound,£,150.0172,Exchange Rate API
2025-12-01,British Pound,£,149.6611,Exchange Rate API
2025-11-30,British Pound,£,149.4964,Exchange Rate API
2025-11-29,British Pound,£,148.8502,Exchange Rate API
2025-11-28,British Pound,£,149.6473,Exchange Rate API
2025-11-27,British Pound,£,149.296,Exchange Rate API
2025-11-26,British Pound,£,149.2828,Exchange Rate API
2025-11-25,British Pound,£,148.5612,Exchange Rate API
2025-11-24,British Pound,£,149.2516,Exchange Rate API
2025-11-23,British Pound,£,148.5991,Exchange Rate API
2025-11-22,British Pound,£,148.5164,Exchange Rate API
2025-11-21,British Pound,£,148.8202,Exchange Rate API
2025-11-20,British Pound,£,149.2544,Exchange Rate API
2025-11-19,British Pound,£,150.0532,Exchange Rate API
2025-11-18,British Pound,£,149.9076,Exchange Rate API
2025-11-17,British Pound,£,150.3434,Exchange Rate API
2025-11-16,British Pound,£,149.7201,Exchange Rate API
2025-11-15,British Pound,£,149.5672,Exchange Rate API
2025-11-14,British Pound,£,148.8475,Exchange Rate API
2025-11-13,British Pound,£,148.8285,Exchange Rate API
2025-11-12,British Pound,£,148.6644,Exchange Rate API
2025-11-11,British Pound,£,149.4699,Exchange Rate API
2025-11-10,British Pound,£,148.6318,Exchange Rate API
2025-11-09,British Pound,£,148.4009,Exchange Rate API
2025-11-08,British Pound,£,148.3001,Exchange Rate API
2025-11-07,British Pound,£,149.1019,Exchange Rate API
2025-11-06,British Pound,£,149.7379,Exchange Rate API
2025-11-05,British Pound,£,149.018,Exchange Rate API
2025-11-04,British Pound,£,149.35,Exchange Rate API
2025-11-03,British Pound,£,149.4297,Exchange Rate API
2025-11-02,British Pound,£,150.2865,Exchange Rate API
2025-11-01,British Pound,£,150.0316,Exchange Rate API
2025-10-31,British Pound,£,149.8482,Exchange Rate API
2025-10-30,British Pound,£,149.2904,Exchange Rate API
2025-10-29,British Pound,£,148.6135,Exchange Rate API
2025-10-28,British Pound,£,149.2342,Exchange Rate API
2025-10-27,British Pound,£,149.1531,Exchange Rate API
2025-10-26,British Pound,£,149.4444,Exchange Rate API
2025-10-25,British Pound,£,149.6985,Exchange Rate API
2025-10-24,British Pound,£,149.873,Exchange Rate API
2025-10-23,British Pound,£,149.0122,Exchange Rate API
2025-10-22,British Pound,£,149.525,Exchange Rate API
2025-10-21,British Pound,£,149.0649,Exchange Rate API
2025-10-20,British Pound,£,148.3958,Exchange Rate API
2025-10-19,British Pound,£,148.5108,Exchange Rate API
2025-10-18,British Pound,£,147.742,Exchange Rate API
2025-10-17,British Pound,£,148.2121,Exchange Rate API
2025-10-16,British Pound,£,147.6913,Exchange Rate API
2025-10-15,British Pound,£,147.1879,Exchange Rate API
2025-10-14,British Pound,£,147.8409,Exchange Rate API
2025-10-13,British Pound,£,147.5367,Exchange Rate API
2025-10-12,British Pound,£,146.9127,Exchange Rate API
2025-10-11,British Pound,£,147.6188,Exchange Rate API
2025-10-10,British Pound,£,146.7381,Exchange Rate API
2025-10-09,British Pound,£,147.3692,Exchange Rate API
2025-10-08,British Pound,£,146.7409,Exchange Rate API
2025-10-07,British Pound,£,146.0894,Exchange Rate API
2025-10-06,British Pound,£,145.6523,Exchange Rate API
2025-10-05,British Pound,£,145.0834,Exchange Rate API
2025-10-04,British Pound,£,145.3638,Exchange Rate API
2025-10-03,British Pound,£,144.5366,Exchange Rate API
2025-10-02,British Pound,£,143.6952,Exchange Rate API
2025-10-01,British Pound,£,144.1952,Exchange Rate API
2025-09-30,British Pound,£,143.7417,Exchange Rate API
2025-09-29,British Pound,£,143.4377,Exchange Rate API
2025-09-28,British Pound,£,142.877,Exchange Rate API
2025-09-27,British Pound,£,142.1096,Exchange Rate API
2025-09-26,British Pound,£,142.5218,Exchange Rate API
2025-09-25,British Pound,£,142.5664,Exchange Rate API
2025-09-24,British Pound,£,142.9867,Exchange Rate API
2025-09-23,British Pound,£,142.9459,Exchange Rate API
2025-09-22,British Pound,£,143.4228,Exchange Rate API
2025-09-21,British Pound,£,143.4456,Exchange Rate API
2025-09-20,British Pound,£,142.7726,Exchange Rate API
2025-09-19,British Pound,£,142.7792,Exchange Rate API
2025-09-18,British Pound,£,143.5424,Exchange Rate API
2025-09-17,British Pound,£,142.7558,Exchange Rate API
2025-09-16,British Pound,£,143.241,Exchange Rate API
2025-09-15,British Pound,£,143.8718,Exchange Rate API
2025-09-14,British Pound,£,143.9088,Exchange Rate API
2025-09-13,British Pound,£,143.8363,Exchange Rate API
2025-09-12,British Pound,£,144.6372,Exchange Rate API
2025-09-11,British Pound,£,143.8749,Exchange Rate API
2025-09-10,British Pound,£,143.8386,Exchange Rate API
2025-09-09,British Pound,£,143.6688,Exchange Rate API
2025-09-08,British Pound,£,143.9896,Exchange Rate API
2025-09-07,British Pound,£,143.9728,Exchange Rate API
2025-09-06,British Pound,£,144.6806,Exchange Rate API
2025-09-05,British Pound,£,143.9401,Exchange Rate API
2025-09-04,British Pound,£,143.216,Exchange Rate API
2025-09-03,British Pound,£,143.4021,Exchange Rate API
2025-09-02,British Pound,£,142.6547,Exchange Rate API
2025-09-01,British Pound,£,142.2696,Exchange Rate API
2025-08-31,British Pound,£,142.4968,Exchange Rate API
2025-08-30,British Pound,£,142.5795,Exchange Rate API
2025-08-29,British Pound,£,142.2804,Exchange Rate API
2025-08-28,British Pound,£,143.1249,Exchange Rate API
2025-08-27,British Pound,£,143.1774,Exchange Rate API
2025-08-26,British Pound,£,143.0979,Exchange Rate API
2025-08-25,British Pound,£,143.2789,Exchange Rate API
2025-08-24,British Pound,£,142.5897,Exchange Rate API
2025-08-23,British Pound,£,142.935,Exchange Rate API
2025-08-22,British Pound,£,143.5401,Exchange Rate API
2025-08-21,British Pound,£,143.8001,Exchange Rate API
2025-08-20,British Pound,£,144.2642,Exchange Rate API
2025-08-19,British Pound,£,144.6465,Exchange Rate API
2025-08-18,British Pound,£,144.1518,Exchange Rate API
2025-08-17,British Pound,£,144.068,Exchange Rate API
2025-08-16,British Pound,£,143.5986,Exchange Rate API
2025-08-15,British Pound,£,143.321,Exchange Rate API
2025-08-14,British Pound,£,143.241,Exchange Rate API
2025-08-13,British Pound,£,143.0966,Exchange Rate API
2025-08-12,British Pound,£,142.4013,Exchange Rate API
2025-08-11,British Pound,£,142.2762,Exchange Rate API
2025-08-10,British Pound,£,142.5581,Exchange Rate API
2025-08-09,British Pound,£,142.3431,Exchange Rate API
2025-08-08,British Pound,£,141.7498,Exchange Rate API
2025-08-07,British Pound,£,142.4693,Exchange Rate API
2025-08-06,British Pound,£,141.7293,Exchange Rate API
2025-08-05,British Pound,£,142.2936,Exchange Rate API
2025-08-04,British Pound,£,141.599,Exchange Rate API
2026-08-03,Japanese Yen,¥,0.6004,Exchange Rate API
2026-08-02,Japanese Yen,¥,0.6021,Exchange Rate API
2026-08-01,Japanese Yen,¥,0.6044,Exchange Rate API
2026-07-31,Japanese Yen,¥,0.6048,Exchange Rate API
2026-07-30,Japanese Yen,¥,0.6054,Exchange Rate API
2026-07-29,Japanese Yen,¥,0.6058,Exchange Rate API
2026-07-28,Japanese Yen,¥,0.6046,Exchange Rate API
2026-07-27,Japanese Yen,¥,0.6019,Exchange Rate API
2026-07-26,Japanese Yen,¥,0.6008,Exchange Rate API
2026-07-25,Japanese Yen,¥,0.602,Exchange Rate API
2026-07-24,Japanese Yen,¥,0.6038,Exchange Rate API
2026-07-23,Japanese Yen,¥,0.6065,Exchange Rate API
2026-07-22,Japanese Yen,¥,0.6081,Exchange Rate API
2026-07-21,Japanese Yen,¥,0.6115,Exchange Rate API
2026-07-20,Japanese Yen,¥,0.6122,Exchange Rate API
2026-07-19,Japanese Yen,¥,0.6111,Exchange Rate API
2026-07-18,Japanese Yen,¥,0.6117,Exchange Rate API
2026-07-17,Japanese Yen,¥,0.6096,Exchange Rate API
2026-07-16,Japanese Yen,¥,0.6107,Exchange Rate API
2026-07-15,Japanese Yen,¥,0.6087,Exchange Rate API
2026-07-14,Japanese Yen,¥,0.6058,Exchange Rate API
2026-07-13,Japanese Yen,¥,0.6083,Exchange Rate API
2026-07-12,Japanese Yen,¥,0.6073,Exchange Rate API
2026-07-11,Japanese Yen,¥,0.6092,Exchange Rate API
2026-07-10,Japanese Yen,¥,0.6097,Exchange Rate API
2026-07-09,Japanese Yen,¥,0.6119,Exchange Rate API
2026-07-08,Japanese Yen,¥,0.6144,Exchange Rate API
2026-07-07,Japanese Yen,¥,0.6179,Exchange Rate API
2026-07-06,Japanese Yen,¥,0.6203,Exchange Rate API
2026-07-05,Japanese Yen,¥,0.6211,Exchange Rate API
2026-07-04,Japanese Yen,¥,0.6222,Exchange Rate API
2026-07-03,Japanese Yen,¥,0.6187,Exchange Rate API
2026-07-02,Japanese Yen,¥,0.6219,Exchange Rate API
2026-07-01,Japanese Yen,¥,0.6244,Exchange Rate API
2026-06-30,Japanese Yen,¥,0.6227,Exchange Rate API
2026-06-29,Japanese Yen,¥,0.6203,Exchange Rate API
2026-06-28,Japanese Yen,¥,0.6218,Exchange Rate API
2026-06-27,Japanese Yen,¥,0.6204,Exchange Rate API
2026-06-26,Japanese Yen,¥,0.6192,Exchange Rate API
2026-06-25,Japanese Yen,¥,0.6155,Exchange Rate API
2026-06-24,Japanese Yen,¥,0.6182,Exchange Rate API
2026-06-23,Japanese Yen,¥,0.6187,Exchange Rate API
2026-06-22,Japanese Yen,¥,0.618,Exchange Rate API
2026-06-21,Japanese Yen,¥,0.6153,Exchange Rate API
2026-06-20,Japanese Yen,¥,0.6163,Exchange Rate API
2026-06-19,Japanese Yen,¥,0.6128,Exchange Rate API
2026-06-18,Japanese Yen,¥,0.6146,Exchange Rate API
2026-06-17,Japanese Yen,¥,0.6125,Exchange Rate API
2026-06-16,Japanese Yen,¥,0.6119,Exchange Rate API
2026-06-15,Japanese Yen,¥,0.6107,Exchange Rate API
2026-06-14,Japanese Yen,¥,0.6097,Exchange Rate API
2026-06-13,Japanese Yen,¥,0.6113,Exchange Rate API
2026-06-12,Japanese Yen,¥,0.6133,Exchange Rate API
2026-06-11,Japanese Yen,¥,0.6138,Exchange Rate API
2026-06-10,Japanese Yen,¥,0.6107,Exchange Rate API
2026-06-09,Japanese Yen,¥,0.6074,Exchange Rate API
2026-06-08,Japanese Yen,¥,0.6049,Exchange Rate API
2026-06-07,Japanese Yen,¥,0.6058,Exchange Rate API
2026-06-06,Japanese Yen,¥,0.6071,Exchange Rate API
2026-06-05,Japanese Yen,¥,0.6054,Exchange Rate API
2026-06-04,Japanese Yen,¥,0.6066,Exchange Rate API
2026-06-03,Japanese Yen,¥,0.6065,Exchange Rate API
2026-06-02,Japanese Yen,¥,0.6061,Exchange Rate API
2026-06-01,Japanese Yen,¥,0.6045,Exchange Rate API
2026-05-31,Japanese Yen,¥,0.6063,Exchange Rate API
2026-05-30,Japanese Yen,¥,0.6035,Exchange Rate API
2026-05-29,Japanese Yen,¥,0.603,Exchange Rate API
2026-05-28,Japanese Yen,¥,0.6014,Exchange Rate API
2026-05-27,Japanese Yen,¥,0.6027,Exchange Rate API
2026-05-26,Japanese Yen,¥,0.6026,Exchange Rate API
2026-05-25,Japanese Yen,¥,0.6038,Exchange Rate API
2026-05-24,Japanese Yen,¥,0.6005,Exchange Rate API
2026-05-23,Japanese Yen,¥,0.5997,Exchange Rate API
2026-05-22,Japanese Yen,¥,0.6004,Exchange Rate API
2026-05-21,Japanese Yen,¥,0.5969,Exchange Rate API
2026-05-20,Japanese Yen,¥,0.5955,Exchange Rate API
2026-05-19,Japanese Yen,¥,0.5934,Exchange Rate API
2026-05-18,Japanese Yen,¥,0.5908,Exchange Rate API
2026-05-17,Japanese Yen,¥,0.5891,Exchange Rate API
2026-05-16,Japanese Yen,¥,0.5879,Exchange Rate API
2026-05-15,Japanese Yen,¥,0.5844,Exchange Rate API
2026-05-14,Japanese Yen,¥,0.5861,Exchange Rate API
2026-05-13,Japanese Yen,¥,0.5838,Exchange Rate API
2026-05-12,Japanese Yen,¥,0.583,Exchange Rate API
2026-05-11,Japanese Yen,¥,0.5844,Exchange Rate API
2026-05-10,Japanese Yen,¥,0.5844,Exchange Rate API
2026-05-09,Japanese Yen,¥,0.5867,Exchange Rate API
2026-05-08,Japanese Yen,¥,0.5889,Exchange Rate API
2026-05-07,Japanese Yen,¥,0.5859,Exchange Rate API
2026-05-06,Japanese Yen,¥,0.5884,Exchange Rate API
2026-05-05,Japanese Yen,¥,0.5852,Exchange Rate API
2026-05-04,Japanese Yen,¥,0.5818,Exchange Rate API
2026-05-03,Japanese Yen,¥,0.5847,Exchange Rate API
2026-05-02,Japanese Yen,¥,0.5872,Exchange Rate API
2026-05-01,Japanese Yen,¥,0.5877,Exchange Rate API
2026-04-30,Japanese Yen,¥,0.5882,Exchange Rate API
2026-04-29,Japanese Yen,¥,0.5897,Exchange Rate API
2026-04-28,Japanese Yen,¥,0.5891,Exchange Rate API
2026-04-27,Japanese Yen,¥,0.5864,Exchange Rate API
2026-04-26,Japanese Yen,¥,0.583,Exchange Rate API
2026-04-25,Japanese Yen,¥,0.5818,Exchange Rate API
2026-04-24,Japanese Yen,¥,0.5839,Exchange Rate API
2026-04-23,Japanese Yen,¥,0.5847,Exchange Rate API
2026-04-22,Japanese Yen,¥,0.587,Exchange Rate API
2026-04-21,Japanese Yen,¥,0.59,Exchange Rate API
2026-04-20,Japanese Yen,¥,0.5871,Exchange Rate API
2026-04-19,Japanese Yen,¥,0.5895,Exchange Rate API
2026-04-18,Japanese Yen,¥,0.5877,Exchange Rate API
2026-04-17,Japanese Yen,¥,0.5883,Exchange Rate API
2026-04-16,Japanese Yen,¥,0.5885,Exchange Rate API
2026-04-15,Japanese Yen,¥,0.5878,Exchange Rate API
2026-04-14,Japanese Yen,¥,0.5865,Exchange Rate API
2026-04-13,Japanese Yen,¥,0.5854,Exchange Rate API
2026-04-12,Japanese Yen,¥,0.5842,Exchange Rate API
2026-04-11,Japanese Yen,¥,0.5819,Exchange Rate API
2026-04-10,Japanese Yen,¥,0.582,Exchange Rate API
2026-04-09,Japanese Yen,¥,0.5793,Exchange Rate API
2026-04-08,Japanese Yen,¥,0.5794,Exchange Rate API
2026-04-07,Japanese Yen,¥,0.5822,Exchange Rate API
2026-04-06,Japanese Yen,¥,0.5811,Exchange Rate API
2026-04-05,Japanese Yen,¥,0.5827,Exchange Rate API
2026-04-04,Japanese Yen,¥,0.5849,Exchange Rate API
2026-04-03,Japanese Yen,¥,0.5871,Exchange Rate API
2026-04-02,Japanese Yen,¥,0.5852,Exchange Rate API
2026-04-01,Japanese Yen,¥,0.5827,Exchange Rate API
2026-03-31,Japanese Yen,¥,0.5806,Exchange Rate API
2026-03-30,Japanese Yen,¥,0.5813,Exchange Rate API
2026-03-29,Japanese Yen,¥,0.5831,Exchange Rate API
2026-03-28,Japanese Yen,¥,0.5842,Exchange Rate API
2026-03-27,Japanese Yen,¥,0.5819,Exchange Rate API
2026-03-26,Japanese Yen,¥,0.5838,Exchange Rate API
2026-03-25,Japanese Yen,¥,0.5838,Exchange Rate API
2026-03-24,Japanese Yen,¥,0.5856,Exchange Rate API
2026-03-23,Japanese Yen,¥,0.5874,Exchange Rate API
2026-03-22,Japanese Yen,¥,0.587,Exchange Rate API
2026-03-21,Japanese Yen,¥,0.59,Exchange Rate API
2026-03-20,Japanese Yen,¥,0.5905,Exchange Rate API
2026-03-19,Japanese Yen,¥,0.5915,Exchange Rate API
2026-03-18,Japanese Yen,¥,0.5924,Exchange Rate API
2026-03-17,Japanese Yen,¥,0.595,Exchange Rate API
2026-03-16,Japanese Yen,¥,0.5959,Exchange Rate API
2026-03-15,Japanese Yen,¥,0.5934,Exchange Rate API
2026-03-14,Japanese Yen,¥,0.5903,Exchange Rate API
2026-03-13,Japanese Yen,¥,0.5899,Exchange Rate API
2026-03-12,Japanese Yen,¥,0.5885,Exchange Rate API
2026-03-11,Japanese Yen,¥,0.5869,Exchange Rate API
2026-03-10,Japanese Yen,¥,0.5838,Exchange Rate API
2026-03-09,Japanese Yen,¥,0.5839,Exchange Rate API
2026-03-08,Japanese Yen,¥,0.5826,Exchange Rate API
2026-03-07,Japanese Yen,¥,0.5823,Exchange Rate API
2026-03-06,Japanese Yen,¥,0.5792,Exchange Rate API
2026-03-05,Japanese Yen,¥,0.5815,Exchange Rate API
2026-03-04,Japanese Yen,¥,0.5785,Exchange Rate API
2026-03-03,Japanese Yen,¥,0.581,Exchange Rate API
2026-03-02,Japanese Yen,¥,0.5835,Exchange Rate API
2026-03-01,Japanese Yen,¥,0.5843,Exchange Rate API
2026-02-28,Japanese Yen,¥,0.5843,Exchange Rate API
2026-02-27,Japanese Yen,¥,0.584,Exchange Rate API
2026-02-26,Japanese Yen,¥,0.5844,Exchange Rate API
2026-02-25,Japanese Yen,¥,0.5864,Exchange Rate API
2026-02-24,Japanese Yen,¥,0.5892,Exchange Rate API
2026-02-23,Japanese Yen,¥,0.5888,Exchange Rate API
2026-02-22,Japanese Yen,¥,0.591,Exchange Rate API
2026-02-21,Japanese Yen,¥,0.5921,Exchange Rate API
2026-02-20,Japanese Yen,¥,0.5908,Exchange Rate API
2026-02-19,Japanese Yen,¥,0.5906,Exchange Rate API
2026-02-18,Japanese Yen,¥,0.5881,Exchange Rate API
2026-02-17,Japanese Yen,¥,0.585,Exchange Rate API
2026-02-16,Japanese Yen,¥,0.5822,Exchange Rate API
2026-02-15,Japanese Yen,¥,0.585,Exchange Rate API
2026-02-14,Japanese Yen,¥,0.5839,Exchange Rate API
2026-02-13,Japanese Yen,¥,0.5854,Exchange Rate API
2026-02-12,Japanese Yen,¥,0.5854,Exchange Rate API
2026-02-11,Japanese Yen,¥,0.5831,Exchange Rate API
2026-02-10,Japanese Yen,¥,0.5813,Exchange Rate API
2026-02-09,Japanese Yen,¥,0.5809,Exchange Rate API
2026-02-08,Japanese Yen,¥,0.5805,Exchange Rate API
2026-02-07,Japanese Yen,¥,0.5807,Exchange Rate API
2026-02-06,Japanese Yen,¥,0.5783,Exchange Rate API
2026-02-05,Japanese Yen,¥,0.5774,Exchange Rate API
2026-02-04,Japanese Yen,¥,0.5759,Exchange Rate API
2026-02-03,Japanese Yen,¥,0.5753,Exchange Rate API
2026-02-02,Japanese Yen,¥,0.5742,Exchange Rate API
2026-02-01,Japanese Yen,¥,0.5749,Exchange Rate API
2026-01-31,Japanese Yen,¥,0.5769,Exchange Rate API
2026-01-30,Japanese Yen,¥,0.5779,Exchange Rate API
2026-01-29,Japanese Yen,¥,0.5749,Exchange Rate API
2026-01-28,Japanese Yen,¥,0.5721,Exchange Rate API
2026-01-27,Japanese Yen,¥,0.5733,Exchange Rate API
2026-01-26,Japanese Yen,¥,0.5718,Exchange Rate API
2026-01-25,Japanese Yen,¥,0.5733,Exchange Rate API
2026-01-24,Japanese Yen,¥,0.5744,Exchange Rate API
2026-01-23,Japanese Yen,¥,0.5772,Exchange Rate API
2026-01-22,Japanese Yen,¥,0.5798,Exchange Rate API
2026-01-21,Japanese Yen,¥,0.5786,Exchange Rate API
2026-01-20,Japanese Yen,¥,0.5792,Exchange Rate API
2026-01-19,Japanese Yen,¥,0.5767,Exchange Rate API
2026-01-18,Japanese Yen,¥,0.5757,Exchange Rate API
2026-01-17,Japanese Yen,¥,0.5789,Exchange Rate API
2026-01-16,Japanese Yen,¥,0.5803,Exchange Rate API
2026-01-15,Japanese Yen,¥,0.5795,Exchange Rate API
2026-01-14,Japanese Yen,¥,0.5802,Exchange Rate API
2026-01-13,Japanese Yen,¥,0.5832,Exchange Rate API
2026-01-12,Japanese Yen,¥,0.5819,Exchange Rate API
2026-01-11,Japanese Yen,¥,0.581,Exchange Rate API
2026-01-10,Japanese Yen,¥,0.583,Exchange Rate API
2026-01-09,Japanese Yen,¥,0.5852,Exchange Rate API
2026-01-08,Japanese Yen,¥,0.5864,Exchange Rate API
2026-01-07,Japanese Yen,¥,0.5887,Exchange Rate API
2026-01-06,Japanese Yen,¥,0.5904,Exchange Rate API
2026-01-05,Japanese Yen,¥,0.5917,Exchange Rate API
2026-01-04,Japanese Yen,¥,0.5919,Exchange Rate API
2026-01-03,Japanese Yen,¥,0.5929,Exchange Rate API
2026-01-02,Japanese Yen,¥,0.5924,Exchange Rate API
2026-01-01,Japanese Yen,¥,0.5914,Exchange Rate API
2025-12-31,Japanese Yen,¥,0.5904,Exchange Rate API
2025-12-30,Japanese Yen,¥,0.5881,Exchange Rate API
2025-12-29,Japanese Yen,¥,0.5861,Exchange Rate API
2025-12-28,Japanese Yen,¥,0.5892,Exchange Rate API
2025-12-27,Japanese Yen,¥,0.5891,Exchange Rate API
2025-12-26,Japanese Yen,¥,0.5872,Exchange Rate API
2025-12-25,Japanese Yen,¥,0.5846,Exchange Rate API
2025-12-24,Japanese Yen,¥,0.5816,Exchange Rate API
2025-12-23,Japanese Yen,¥,0.584,Exchange Rate API
2025-12-22,Japanese Yen,¥,0.5812,Exchange Rate API
2025-12-21,Japanese Yen,¥,0.5831,Exchange Rate API
2025-12-20,Japanese Yen,¥,0.5854,Exchange Rate API
2025-12-19,Japanese Yen,¥,0.5881,Exchange Rate API
2025-12-18,Japanese Yen,¥,0.5848,Exchange Rate API
2025-12-17,Japanese Yen,¥,0.5837,Exchange Rate API
2025-12-16,Japanese Yen,¥,0.5856,Exchange Rate API
2025-12-15,Japanese Yen,¥,0.583,Exchange Rate API
2025-12-14,Japanese Yen,¥,0.5821,Exchange Rate API
2025-12-13,Japanese Yen,¥,0.5797,Exchange Rate API
2025-12-12,Japanese Yen,¥,0.582,Exchange Rate API
2025-12-11,Japanese Yen,¥,0.5839,Exchange Rate API
2025-12-10,Japanese Yen,¥,0.5861,Exchange Rate API
2025-12-09,Japanese Yen,¥,0.5837,Exchange Rate API
2025-12-08,Japanese Yen,¥,0.5833,Exchange Rate API
2025-12-07,Japanese Yen,¥,0.5827,Exchange Rate API
2025-12-06,Japanese Yen,¥,0.5839,Exchange Rate API
2025-12-05,Japanese Yen,¥,0.5821,Exchange Rate API
2025-12-04,Japanese Yen,¥,0.5817,Exchange Rate API
2025-12-03,Japanese Yen,¥,0.5802,Exchange Rate API
2025-12-02,Japanese Yen,¥,0.5819,Exchange Rate API
2025-12-01,Japanese Yen,¥,0.5815,Exchange Rate API
2025-11-30,Japanese Yen,¥,0.5817,Exchange Rate API
2025-11-29,Japanese Yen,¥,0.5804,Exchange Rate API
2025-11-28,Japanese Yen,¥,0.5825,Exchange Rate API
2025-11-27,Japanese Yen,¥,0.5823,Exchange Rate API
2025-11-26,Japanese Yen,¥,0.5846,Exchange Rate API
2025-11-25,Japanese Yen,¥,0.5837,Exchange Rate API
2025-11-24,Japanese Yen,¥,0.5868,Exchange Rate API
2025-11-23,Japanese Yen,¥,0.5902,Exchange Rate API
2025-11-22,Japanese Yen,¥,0.5899,Exchange Rate API
2025-11-21,Japanese Yen,¥,0.5884,Exchange Rate API
2025-11-20,Japanese Yen,¥,0.5876,Exchange Rate API
2025-11-19,Japanese Yen,¥,0.5878,Exchange Rate API
2025-11-18,Japanese Yen,¥,0.5911,Exchange Rate API
2025-11-17,Japanese Yen,¥,0.5933,Exchange Rate API
2025-11-16,Japanese Yen,¥,0.5954,Exchange Rate API
2025-11-15,Japanese Yen,¥,0.5928,Exchange Rate API
2025-11-14,Japanese Yen,¥,0.591,Exchange Rate API
2025-11-13,Japanese Yen,¥,0.592,Exchange Rate API
2025-11-12,Japanese Yen,¥,0.5947,Exchange Rate API
2025-11-11,Japanese Yen,¥,0.5951,Exchange Rate API
2025-11-10,Japanese Yen,¥,0.5923,Exchange Rate API
2025-11-09,Japanese Yen,¥,0.5948,Exchange Rate API
2025-11-08,Japanese Yen,¥,0.5973,Exchange Rate API
2025-11-07,Japanese Yen,¥,0.5958,Exchange Rate API
2025-11-06,Japanese Yen,¥,0.5977,Exchange Rate API
2025-11-05,Japanese Yen,¥,0.5961,Exchange Rate API
2025-11-04,Japanese Yen,¥,0.599,Exchange Rate API
2025-11-03,Japanese Yen,¥,0.5965,Exchange Rate API
2025-11-02,Japanese Yen,¥,0.5961,Exchange Rate API
2025-11-01,Japanese Yen,¥,0.5993,Exchange Rate API
2025-10-31,Japanese Yen,¥,0.5973,Exchange Rate API
2025-10-30,Japanese Yen,¥,0.5969,Exchange Rate API
2025-10-29,Japanese Yen,¥,0.5958,Exchange Rate API
2025-10-28,Japanese Yen,¥,0.5924,Exchange Rate API
2025-10-27,Japanese Yen,¥,0.5892,Exchange Rate API
2025-10-26,Japanese Yen,¥,0.5892,Exchange Rate API
2025-10-25,Japanese Yen,¥,0.5873,Exchange Rate API
2025-10-24,Japanese Yen,¥,0.5908,Exchange Rate API
2025-10-23,Japanese Yen,¥,0.5899,Exchange Rate API
2025-10-22,Japanese Yen,¥,0.5866,Exchange Rate API
2025-10-21,Japanese Yen,¥,0.5896,Exchange Rate API
2025-10-20,Japanese Yen,¥,0.592,Exchange Rate API
2025-10-19,Japanese Yen,¥,0.5931,Exchange Rate API
2025-10-18,Japanese Yen,¥,0.5952,Exchange Rate API
2025-10-17,Japanese Yen,¥,0.5926,Exchange Rate API
2025-10-16,Japanese Yen,¥,0.5911,Exchange Rate API
2025-10-15,Japanese Yen,¥,0.5934,Exchange Rate API
2025-10-14,Japanese Yen,¥,0.5948,Exchange Rate API
2025-10-13,Japanese Yen,¥,0.5922,Exchange Rate API
2025-10-12,Japanese Yen,¥,0.5937,Exchange Rate API
2025-10-11,Japanese Yen,¥,0.5933,Exchange Rate API
2025-10-10,Japanese Yen,¥,0.5898,Exchange Rate API
2025-10-09,Japanese Yen,¥,0.5868,Exchange Rate API
2025-10-08,Japanese Yen,¥,0.5851,Exchange Rate API
2025-10-07,Japanese Yen,¥,0.5875,Exchange Rate API
2025-10-06,Japanese Yen,¥,0.5878,Exchange Rate API
2025-10-05,Japanese Yen,¥,0.5894,Exchange Rate API
2025-10-04,Japanese Yen,¥,0.5896,Exchange Rate API
2025-10-03,Japanese Yen,¥,0.5868,Exchange Rate API
2025-10-02,Japanese Yen,¥,0.5853,Exchange Rate API
2025-10-01,Japanese Yen,¥,0.5839,Exchange Rate API
2025-09-30,Japanese Yen,¥,0.5807,Exchange Rate API
2025-09-29,Japanese Yen,¥,0.5801,Exchange Rate API
2025-09-28,Japanese Yen,¥,0.5821,Exchange Rate API
2025-09-27,Japanese Yen,¥,0.5818,Exchange Rate API
2025-09-26,Japanese Yen,¥,0.5791,Exchange Rate API
2025-09-25,Japanese Yen,¥,0.5819,Exchange Rate API
2025-09-24,Japanese Yen,¥,0.5826,Exchange Rate API
2025-09-23,Japanese Yen,¥,0.5792,Exchange Rate API
2025-09-22,Japanese Yen,¥,0.5793,Exchange Rate API
2025-09-21,Japanese Yen,¥,0.5775,Exchange Rate API
2025-09-20,Japanese Yen,¥,0.575,Exchange Rate API
2025-09-19,Japanese Yen,¥,0.5745,Exchange Rate API
2025-09-18,Japanese Yen,¥,0.5753,Exchange Rate API
2025-09-17,Japanese Yen,¥,0.5735,Exchange Rate API
2025-09-16,Japanese Yen,¥,0.5729,Exchange Rate API
2025-09-15,Japanese Yen,¥,0.574,Exchange Rate API
2025-09-14,Japanese Yen,¥,0.5711,Exchange Rate API
2025-09-13,Japanese Yen,¥,0.5744,Exchange Rate API
2025-09-12,Japanese Yen,¥,0.5714,Exchange Rate API
2025-09-11,Japanese Yen,¥,0.5716,Exchange Rate API
2025-09-10,Japanese Yen,¥,0.5717,Exchange Rate API
2025-09-09,Japanese Yen,¥,0.5751,Exchange Rate API
2025-09-08,Japanese Yen,¥,0.5755,Exchange Rate API
2025-09-07,Japanese Yen,¥,0.5747,Exchange Rate API
2025-09-06,Japanese Yen,¥,0.5745,Exchange Rate API
2025-09-05,Japanese Yen,¥,0.5754,Exchange Rate API
2025-09-04,Japanese Yen,¥,0.5787,Exchange Rate API
2025-09-03,Japanese Yen,¥,0.577,Exchange Rate API
2025-09-02,Japanese Yen,¥,0.5737,Exchange Rate API
2025-09-01,Japanese Yen,¥,0.5757,Exchange Rate API
2025-08-31,Japanese Yen,¥,0.5746,Exchange Rate API
2025-08-30,Japanese Yen,¥,0.5762,Exchange Rate API
2025-08-29,Japanese Yen,¥,0.5771,Exchange Rate API
2025-08-28,Japanese Yen,¥,0.579,Exchange Rate API
2025-08-27,Japanese Yen,¥,0.5806,Exchange Rate API
2025-08-26,Japanese Yen,¥,0.5794,Exchange Rate API
2025-08-25,Japanese Yen,¥,0.5762,Exchange Rate API
2025-08-24,Japanese Yen,¥,0.5765,Exchange Rate API
2025-08-23,Japanese Yen,¥,0.5787,Exchange Rate API
2025-08-22,Japanese Yen,¥,0.5764,Exchange Rate API
2025-08-21,Japanese Yen,¥,0.5783,Exchange Rate API
2025-08-20,Japanese Yen,¥,0.5781,Exchange Rate API
2025-08-19,Japanese Yen,¥,0.5795,Exchange Rate API
2025-08-18,Japanese Yen,¥,0.5804,Exchange Rate API
2025-08-17,Japanese Yen,¥,0.5826,Exchange Rate API
2025-08-16,Japanese Yen,¥,0.5795,Exchange Rate API
2025-08-15,Japanese Yen,¥,0.5814,Exchange Rate API
2025-08-14,Japanese Yen,¥,0.5811,Exchange Rate API
2025-08-13,Japanese Yen,¥,0.5797,Exchange Rate API
2025-08-12,Japanese Yen,¥,0.5765,Exchange Rate API
2025-08-11,Japanese Yen,¥,0.5744,Exchange Rate API
2025-08-10,Japanese Yen,¥,0.5712,Exchange Rate API
2025-08-09,Japanese Yen,¥,0.5742,Exchange Rate API
2025-08-08,Japanese Yen,¥,0.5743,Exchange Rate API
2025-08-07,Japanese Yen,¥,0.5777,Exchange Rate API
2025-08-06,Japanese Yen,¥,0.578,Exchange Rate API
2025-08-05,Japanese Yen,¥,0.5763,Exchange Rate API
2025-08-04,Japanese Yen,¥,0.5781,Exchange Rate API
2026-08-03,Australian Dollar,A$,67.1953,Exchange Rate API
2026-08-02,Australian Dollar,A$,67.0799,Exchange Rate API
2026-08-01,Australian Dollar,A$,67.306,Exchange Rate API
2026-07-31,Australian Dollar,A$,67.6014,Exchange Rate API
2026-07-30,Australian Dollar,A$,67.4651,Exchange Rate API
2026-07-29,Australian Dollar,A$,67.1611,Exchange Rate API
2026-07-28,Australian Dollar,A$,67.0547,Exchange Rate API
2026-07-27,Australian Dollar,A$,67.3681,Exchange Rate API
2026-07-26,Australian Dollar,A$,67.5648,Exchange Rate API
2026-07-25,Australian Dollar,A$,67.8848,Exchange Rate API
2026-07-24,Australian Dollar,A$,67.7925,Exchange Rate API
2026-07-23,Australian Dollar,A$,68.1779,Exchange Rate API
2026-07-22,Australian Dollar,A$,68.1748,Exchange Rate API
2026-07-21,Australian Dollar,A$,68.1728,Exchange Rate API
2026-07-20,Australian Dollar,A$,68.5199,Exchange Rate API
2026-07-19,Australian Dollar,A$,68.5357,Exchange Rate API
2026-07-18,Australian Dollar,A$,68.7834,Exchange Rate API
2026-07-17,Australian Dollar,A$,68.9708,Exchange Rate API
2026-07-16,Australian Dollar,A$,68.6223,Exchange Rate API
2026-07-15,Australian Dollar,A$,68.7067,Exchange Rate API
2026-07-14,Australian Dollar,A$,68.9725,Exchange Rate API
2026-07-13,Australian Dollar,A$,69.0101,Exchange Rate API
2026-07-12,Australian Dollar,A$,68.862,Exchange Rate API
2026-07-11,Australian Dollar,A$,68.515,Exchange Rate API
2026-07-10,Australian Dollar,A$,68.6473,Exchange Rate API
2026-07-09,Australian Dollar,A$,68.4879,Exchange Rate API
2026-07-08,Australian Dollar,A$,68.5722,Exchange Rate API
2026-07-07,Australian Dollar,A$,68.5114,Exchange Rate API
2026-07-06,Australian Dollar,A$,68.6674,Exchange Rate API
2026-07-05,Australian Dollar,A$,68.5451,Exchange Rate API
2026-07-04,Australian Dollar,A$,68.1687,Exchange Rate API
2026-07-03,Australian Dollar,A$,68.4714,Exchange Rate API
2026-07-02,Australian Dollar,A$,68.3503,Exchange Rate API
2026-07-01,Australian Dollar,A$,68.7589,Exchange Rate API
2026-06-30,Australian Dollar,A$,68.5729,Exchange Rate API
2026-06-29,Australian Dollar,A$,68.9679,Exchange Rate API
2026-06-28,Australian Dollar,A$,69.3386,Exchange Rate API
2026-06-27,Australian Dollar,A$,68.985,Exchange Rate API
2026-06-26,Australian Dollar,A$,69.0988,Exchange Rate API
2026-06-25,Australian Dollar,A$,68.9855,Exchange Rate API
2026-06-24,Australian Dollar,A$,69.2348,Exchange Rate API
2026-06-23,Australian Dollar,A$,69.3839,Exchange Rate API
2026-06-22,Australian Dollar,A$,69.7609,Exchange Rate API
2026-06-21,Australian Dollar,A$,69.4619,Exchange Rate API
2026-06-20,Australian Dollar,A$,69.5516,Exchange Rate API
2026-06-19,Australian Dollar,A$,69.7864,Exchange Rate API
2026-06-18,Australian Dollar,A$,69.3968,Exchange Rate API
2026-06-17,Australian Dollar,A$,69.0364,Exchange Rate API
2026-06-16,Australian Dollar,A$,69.2671,Exchange Rate API
2026-06-15,Australian Dollar,A$,69.156,Exchange Rate API
2026-06-14,Australian Dollar,A$,69.0588,Exchange Rate API
2026-06-13,Australian Dollar,A$,69.1145,Exchange Rate API
2026-06-12,Australian Dollar,A$,69.2017,Exchange Rate API
2026-06-11,Australian Dollar,A$,69.3504,Exchange Rate API
2026-06-10,Australian Dollar,A$,69.7239,Exchange Rate API
2026-06-09,Australian Dollar,A$,69.6168,Exchange Rate API
2026-06-08,Australian Dollar,A$,69.8366,Exchange Rate API
2026-06-07,Australian Dollar,A$,69.8985,Exchange Rate API
2026-06-06,Australian Dollar,A$,69.9232,Exchange Rate API
2026-06-05,Australian Dollar,A$,69.8376,Exchange Rate API
2026-06-04,Australian Dollar,A$,69.9629,Exchange Rate API
2026-06-03,Australian Dollar,A$,69.7527,Exchange Rate API
2026-06-02,Australian Dollar,A$,69.4291,Exchange Rate API
2026-06-01,Australian Dollar,A$,69.6255,Exchange Rate API
2026-05-31,Australian Dollar,A$,69.6247,Exchange Rate API
2026-05-30,Australian Dollar,A$,69.5303,Exchange Rate API
2026-05-29,Australian Dollar,A$,69.5818,Exchange Rate API
2026-05-28,Australian Dollar,A$,69.3829,Exchange Rate API
2026-05-27,Australian Dollar,A$,69.1833,Exchange Rate API
2026-05-26,Australian Dollar,A$,69.1387,Exchange Rate API
2026-05-25,Australian Dollar,A$,69.5505,Exchange Rate API
2026-05-24,Australian Dollar,A$,69.3715,Exchange Rate API
2026-05-23,Australian Dollar,A$,69.7182,Exchange Rate API
2026-05-22,Australian Dollar,A$,69.7108,Exchange Rate API
2026-05-21,Australian Dollar,A$,69.3951,Exchange Rate API
2026-05-20,Australian Dollar,A$,69.6889,Exchange Rate API
2026-05-19,Australian Dollar,A$,69.6488,Exchange Rate API
2026-05-18,Australian Dollar,A$,69.982,Exchange Rate API
2026-05-17,Australian Dollar,A$,69.9359,Exchange Rate API
2026-05-16,Australian Dollar,A$,69.59,Exchange Rate API
2026-05-15,Australian Dollar,A$,69.7419,Exchange Rate API
2026-05-14,Australian Dollar,A$,70.0311,Exchange Rate API
2026-05-13,Australian Dollar,A$,69.8795,Exchange Rate API
2026-05-12,Australian Dollar,A$,69.7516,Exchange Rate API
2026-05-11,Australian Dollar,A$,69.3874,Exchange Rate API
2026-05-10,Australian Dollar,A$,69.4225,Exchange Rate API
2026-05-09,Australian Dollar,A$,69.7485,Exchange Rate API
2026-05-08,Australian Dollar,A$,70.0426,Exchange Rate API
2026-05-07,Australian Dollar,A$,70.2206,Exchange Rate API
2026-05-06,Australian Dollar,A$,70.5807,Exchange Rate API
2026-05-05,Australian Dollar,A$,70.6973,Exchange Rate API
2026-05-04,Australian Dollar,A$,70.9465,Exchange Rate API
2026-05-03,Australian Dollar,A$,70.954,Exchange Rate API
2026-05-02,Australian Dollar,A$,70.6316,Exchange Rate API
2026-05-01,Australian Dollar,A$,70.3782,Exchange Rate API
2026-04-30,Australian Dollar,A$,70.0732,Exchange Rate API
2026-04-29,Australian Dollar,A$,70.3174,Exchange Rate API
2026-04-28,Australian Dollar,A$,69.9177,Exchange Rate API
2026-04-27,Australian Dollar,A$,69.963,Exchange Rate API
2026-04-26,Australian Dollar,A$,69.8529,Exchange Rate API
2026-04-25,Australian Dollar,A$,70.1074,Exchange Rate API
2026-04-24,Australian Dollar,A$,70.1508,Exchange Rate API
2026-04-23,Australian Dollar,A$,70.245,Exchange Rate API
2026-04-22,Australian Dollar,A$,69.8962,Exchange Rate API
2026-04-21,Australian Dollar,A$,69.7362,Exchange Rate API
2026-04-20,Australian Dollar,A$,70.1543,Exchange Rate API
2026-04-19,Australian Dollar,A$,70.3386,Exchange Rate API
2026-04-18,Australian Dollar,A$,70.3603,Exchange Rate API
2026-04-17,Australian Dollar,A$,70.5876,Exchange Rate API
2026-04-16,Australian Dollar,A$,70.8615,Exchange Rate API
2026-04-15,Australian Dollar,A$,70.499,Exchange Rate API
2026-04-14,Australian Dollar,A$,70.8986,Exchange Rate API
2026-04-13,Australian Dollar,A$,71.0197,Exchange Rate API
2026-04-12,Australian Dollar,A$,70.9771,Exchange Rate API
2026-04-11,Australian Dollar,A$,71.1305,Exchange Rate API
2026-04-10,Australian Dollar,A$,70.9978,Exchange Rate API
2026-04-09,Australian Dollar,A$,71.3198,Exchange Rate API
2026-04-08,Australian Dollar,A$,71.5597,Exchange Rate API
2026-04-07,Australian Dollar,A$,71.6797,Exchange Rate API
2026-04-06,Australian Dollar,A$,71.4061,Exchange Rate API
2026-04-05,Australian Dollar,A$,71.8056,Exchange Rate API
2026-04-04,Australian Dollar,A$,71.7475,Exchange Rate API
2026-04-03,Australian Dollar,A$,72.1011,Exchange Rate API
2026-04-02,Australian Dollar,A$,71.7164,Exchange Rate API
2026-04-01,Australian Dollar,A$,71.393,Exchange Rate API
2026-03-31,Australian Dollar,A$,71.0957,Exchange Rate API
2026-03-30,Australian Dollar,A$,70.8096,Exchange Rate API
2026-03-29,Australian Dollar,A$,70.6589,Exchange Rate API
2026-03-28,Australian Dollar,A$,70.8364,Exchange Rate API
2026-03-27,Australian Dollar,A$,70.7055,Exchange Rate API
2026-03-26,Australian Dollar,A$,71.0796,Exchange Rate API
2026-03-25,Australian Dollar,A$,71.4165,Exchange Rate API
2026-03-24,Australian Dollar,A$,71.713,Exchange Rate API
2026-03-23,Australian Dollar,A$,71.4984,Exchange Rate API
2026-03-22,Australian Dollar,A$,71.6143,Exchange Rate API
2026-03-21,Australian Dollar,A$,71.658,Exchange Rate API
2026-03-20,Australian Dollar,A$,71.3357,Exchange Rate API
2026-03-19,Australian Dollar,A$,71.1669,Exchange Rate API
2026-03-18,Australian Dollar,A$,71.1955,Exchange Rate API
2026-03-17,Australian Dollar,A$,71.1977,Exchange Rate API
2026-03-16,Australian Dollar,A$,70.9146,Exchange Rate API
2026-03-15,Australian Dollar,A$,71.2904,Exchange Rate API
2026-03-14,Australian Dollar,A$,70.9946,Exchange Rate API
2026-03-13,Australian Dollar,A$,71.1298,Exchange Rate API
2026-03-12,Australian Dollar,A$,71.3181,Exchange Rate API
2026-03-11,Australian Dollar,A$,71.4081,Exchange Rate API
2026-03-10,Australian Dollar,A$,71.7016,Exchange Rate API
2026-03-09,Australian Dollar,A$,71.7563,Exchange Rate API
2026-03-08,Australian Dollar,A$,72.0364,Exchange Rate API
2026-03-07,Australian Dollar,A$,71.6287,Exchange Rate API
2026-03-06,Australian Dollar,A$,71.238,Exchange Rate API
2026-03-05,Australian Dollar,A$,71.3589,Exchange Rate API
2026-03-04,Australian Dollar,A$,71.4246,Exchange Rate API
2026-03-03,Australian Dollar,A$,71.5541,Exchange Rate API
2026-03-02,Australian Dollar,A$,71.7833,Exchange Rate API
2026-03-01,Australian Dollar,A$,71.7114,Exchange Rate API
2026-02-28,Australian Dollar,A$,71.831,Exchange Rate API
2026-02-27,Australian Dollar,A$,71.8293,Exchange Rate API
2026-02-26,Australian Dollar,A$,71.9389,Exchange Rate API
2026-02-25,Australian Dollar,A$,71.7573,Exchange Rate API
2026-02-24,Australian Dollar,A$,72.1505,Exchange Rate API
2026-02-23,Australian Dollar,A$,72.1357,Exchange Rate API
2026-02-22,Australian Dollar,A$,72.3994,Exchange Rate API
2026-02-21,Australian Dollar,A$,72.5601,Exchange Rate API
2026-02-20,Australian Dollar,A$,72.3837,Exchange Rate API
2026-02-19,Australian Dollar,A$,72.0128,Exchange Rate API
2026-02-18,Australian Dollar,A$,71.6325,Exchange Rate API
2026-02-17,Australian Dollar,A$,71.5806,Exchange Rate API
2026-02-16,Australian Dollar,A$,71.5671,Exchange Rate API
2026-02-15,Australian Dollar,A$,71.3129,Exchange Rate API
2026-02-14,Australian Dollar,A$,71.4042,Exchange Rate API
2026-02-13,Australian Dollar,A$,71.2436,Exchange Rate API
2026-02-12,Australian Dollar,A$,71.4303,Exchange Rate API
2026-02-11,Australian Dollar,A$,71.631,Exchange Rate API
2026-02-10,Australian Dollar,A$,71.9411,Exchange Rate API
2026-02-09,Australian Dollar,A$,72.3515,Exchange Rate API
2026-02-08,Australian Dollar,A$,72.0309,Exchange Rate API
2026-02-07,Australian Dollar,A$,71.919,Exchange Rate API
2026-02-06,Australian Dollar,A$,71.9722,Exchange Rate API
2026-02-05,Australian Dollar,A$,71.816,Exchange Rate API
2026-02-04,Australian Dollar,A$,71.7871,Exchange Rate API
2026-02-03,Australian Dollar,A$,71.5868,Exchange Rate API
2026-02-02,Australian Dollar,A$,71.3703,Exchange Rate API
2026-02-01,Australian Dollar,A$,71.025,Exchange Rate API
2026-01-31,Australian Dollar,A$,70.8462,Exchange Rate API
2026-01-30,Australian Dollar,A$,70.7477,Exchange Rate API
2026-01-29,Australian Dollar,A$,70.8457,Exchange Rate API
2026-01-28,Australian Dollar,A$,70.6317,Exchange Rate API
2026-01-27,Australian Dollar,A$,70.9413,Exchange Rate API
2026-01-26,Australian Dollar,A$,70.6516,Exchange Rate API
2026-01-25,Australian Dollar,A$,70.5053,Exchange Rate API
2026-01-24,Australian Dollar,A$,70.571,Exchange Rate API
2026-01-23,Australian Dollar,A$,70.4124,Exchange Rate API
2026-01-22,Australian Dollar,A$,70.6347,Exchange Rate API
2026-01-21,Australian Dollar,A$,70.6332,Exchange Rate API
2026-01-20,Australian Dollar,A$,70.6457,Exchange Rate API
2026-01-19,Australian Dollar,A$,70.6446,Exchange Rate API
2026-01-18,Australian Dollar,A$,70.4823,Exchange Rate API
2026-01-17,Australian Dollar,A$,70.079,Exchange Rate API
2026-01-16,Australian Dollar,A$,70.4534,Exchange Rate API
2026-01-15,Australian Dollar,A$,70.458,Exchange Rate API
2026-01-14,Australian Dollar,A$,70.8526,Exchange Rate API
2026-01-13,Australian Dollar,A$,70.6104,Exchange Rate API
2026-01-12,Australian Dollar,A$,70.4858,Exchange Rate API
2026-01-11,Australian Dollar,A$,70.1056,Exchange Rate API
2026-01-10,Australian Dollar,A$,70.1013,Exchange Rate API
2026-01-09,Australian Dollar,A$,70.4229,Exchange Rate API
2026-01-08,Australian Dollar,A$,70.5533,Exchange Rate API
2026-01-07,Australian Dollar,A$,70.5284,Exchange Rate API
2026-01-06,Australian Dollar,A$,70.5595,Exchange Rate API
2026-01-05,Australian Dollar,A$,70.8535,Exchange Rate API
2026-01-04,Australian Dollar,A$,70.7948,Exchange Rate API
2026-01-03,Australian Dollar,A$,71.1197,Exchange Rate API
2026-01-02,Australian Dollar,A$,71.3139,Exchange Rate API
2026-01-01,Australian Dollar,A$,71.5397,Exchange Rate API
2025-12-31,Australian Dollar,A$,71.4246,Exchange Rate API
2025-12-30,Australian Dollar,A$,71.3394,Exchange Rate API
2025-12-29,Australian Dollar,A$,71.3996,Exchange Rate API
2025-12-28,Australian Dollar,A$,71.138,Exchange Rate API
2025-12-27,Australian Dollar,A$,71.1834,Exchange Rate API
2025-12-26,Australian Dollar,A$,70.8191,Exchange Rate API
2025-12-25,Australian Dollar,A$,70.8227,Exchange Rate API
2025-12-24,Australian Dollar,A$,71.0474,Exchange Rate API
2025-12-23,Australian Dollar,A$,70.8596,Exchange Rate API
2025-12-22,Australian Dollar,A$,71.2755,Exchange Rate API
2025-12-21,Australian Dollar,A$,71.4298,Exchange Rate API
2025-12-20,Australian Dollar,A$,71.1031,Exchange Rate API
2025-12-19,Australian Dollar,A$,71.5085,Exchange Rate API
2025-12-18,Australian Dollar,A$,71.4175,Exchange Rate API
2025-12-17,Australian Dollar,A$,71.6702,Exchange Rate API
2025-12-16,Australian Dollar,A$,71.5318,Exchange Rate API
2025-12-15,Australian Dollar,A$,71.9086,Exchange Rate API
2025-12-14,Australian Dollar,A$,72.1286,Exchange Rate API
2025-12-13,Australian Dollar,A$,71.8681,Exchange Rate API
2025-12-12,Australian Dollar,A$,71.876,Exchange Rate API
2025-12-11,Australian Dollar,A$,71.8761,Exchange Rate API
2025-12-10,Australian Dollar,A$,71.4839,Exchange Rate API
2025-12-09,Australian Dollar,A$,71.1725,Exchange Rate API
2025-12-08,Australian Dollar,A$,71.0299,Exchange Rate API
2025-12-07,Australian Dollar,A$,71.0075,Exchange Rate API
2025-12-06,Australian Dollar,A$,70.9709,Exchange Rate API
2025-12-05,Australian Dollar,A$,71.0614,Exchange Rate API
2025-12-04,Australian Dollar,A$,71.0746,Exchange Rate API
2025-12-03,Australian Dollar,A$,70.9279,Exchange Rate API
2025-12-02,Australian Dollar,A$,71.0241,Exchange Rate API
2025-12-01,Australian Dollar,A$,70.7365,Exchange Rate API
2025-11-30,Australian Dollar,A$,71.153,Exchange Rate API
2025-11-29,Australian Dollar,A$,71.3573,Exchange Rate API
2025-11-28,Australian Dollar,A$,71.1854,Exchange Rate API
2025-11-27,Australian Dollar,A$,71.0456,Exchange Rate API
2025-11-26,Australian Dollar,A$,71.3255,Exchange Rate API
2025-11-25,Australian Dollar,A$,71.3532,Exchange Rate API
2025-11-24,Australian Dollar,A$,71.5319,Exchange Rate API
2025-11-23,Australian Dollar,A$,71.36,Exchange Rate API
2025-11-22,Australian Dollar,A$,71.6304,Exchange Rate API
2025-11-21,Australian Dollar,A$,71.5172,Exchange Rate API
2025-11-20,Australian Dollar,A$,71.6664,Exchange Rate API
2025-11-19,Australian Dollar,A$,72.0791,Exchange Rate API
2025-11-18,Australian Dollar,A$,72.1515,Exchange Rate API
2025-11-17,Australian Dollar,A$,72.4084,Exchange Rate API
2025-11-16,Australian Dollar,A$,72.6042,Exchange Rate API
2025-11-15,Australian Dollar,A$,72.768,Exchange Rate API
2025-11-14,Australian Dollar,A$,72.3547,Exchange Rate API
2025-11-13,Australian Dollar,A$,72.3326,Exchange Rate API
2025-11-12,Australian Dollar,A$,72.738,Exchange Rate API
2025-11-11,Australian Dollar,A$,72.9849,Exchange Rate API
2025-11-10,Australian Dollar,A$,73.2268,Exchange Rate API
2025-11-09,Australian Dollar,A$,73.295,Exchange Rate API
2025-11-08,Australian Dollar,A$,73.4897,Exchange Rate API
2025-11-07,Australian Dollar,A$,73.5634,Exchange Rate API
2025-11-06,Australian Dollar,A$,73.2725,Exchange Rate API
2025-11-05,Australian Dollar,A$,73.3859,Exchange Rate API
2025-11-04,Australian Dollar,A$,73.4913,Exchange Rate API
2025-11-03,Australian Dollar,A$,73.7922,Exchange Rate API
2025-11-02,Australian Dollar,A$,73.4803,Exchange Rate API
2025-11-01,Australian Dollar,A$,73.6397,Exchange Rate API
2025-10-31,Australian Dollar,A$,73.2258,Exchange Rate API
2025-10-30,Australian Dollar,A$,73.6196,Exchange Rate API
2025-10-29,Australian Dollar,A$,73.275,Exchange Rate API
2025-10-28,Australian Dollar,A$,72.852,Exchange Rate API
2025-10-27,Australian Dollar,A$,72.6891,Exchange Rate API
2025-10-26,Australian Dollar,A$,72.3851,Exchange Rate API
2025-10-25,Australian Dollar,A$,72.5506,Exchange Rate API
2025-10-24,Australian Dollar,A$,72.4726,Exchange Rate API
2025-10-23,Australian Dollar,A$,72.7117,Exchange Rate API
2025-10-22,Australian Dollar,A$,73.0786,Exchange Rate API
2025-10-21,Australian Dollar,A$,73.4055,Exchange Rate API
2025-10-20,Australian Dollar,A$,73.6132,Exchange Rate API
2025-10-19,Australian Dollar,A$,73.2265,Exchange Rate API
2025-10-18,Australian Dollar,A$,72.9085,Exchange Rate API
2025-10-17,Australian Dollar,A$,72.6525,Exchange Rate API
2025-10-16,Australian Dollar,A$,72.5,Exchange Rate API
2025-10-15,Australian Dollar,A$,72.6411,Exchange Rate API
2025-10-14,Australian Dollar,A$,72.6633,Exchange Rate API
2025-10-13,Australian Dollar,A$,72.5009,Exchange Rate API
2025-10-12,Australian Dollar,A$,72.2166,Exchange Rate API
2025-10-11,Australian Dollar,A$,72.5737,Exchange Rate API
2025-10-10,Australian Dollar,A$,72.4364,Exchange Rate API
2025-10-09,Australian Dollar,A$,72.3097,Exchange Rate API
2025-10-08,Australian Dollar,A$,72.5457,Exchange Rate API
2025-10-07,Australian Dollar,A$,72.738,Exchange Rate API
2025-10-06,Australian Dollar,A$,72.8631,Exchange Rate API
2025-10-05,Australian Dollar,A$,73.0321,Exchange Rate API
2025-10-04,Australian Dollar,A$,73.1286,Exchange Rate API
2025-10-03,Australian Dollar,A$,72.8585,Exchange Rate API
2025-10-02,Australian Dollar,A$,72.6369,Exchange Rate API
2025-10-01,Australian Dollar,A$,72.6875,Exchange Rate API
2025-09-30,Australian Dollar,A$,72.4475,Exchange Rate API
2025-09-29,Australian Dollar,A$,72.8586,Exchange Rate API
2025-09-28,Australian Dollar,A$,72.6817,Exchange Rate API
2025-09-27,Australian Dollar,A$,72.4977,Exchange Rate API
2025-09-26,Australian Dollar,A$,72.243,Exchange Rate API
2025-09-25,Australian Dollar,A$,72.4207,Exchange Rate API
2025-09-24,Australian Dollar,A$,72.2617,Exchange Rate API
2025-09-23,Australian Dollar,A$,72.1306,Exchange Rate API
2025-09-22,Australian Dollar,A$,72.506,Exchange Rate API
2025-09-21,Australian Dollar,A$,72.763,Exchange Rate API
2025-09-20,Australian Dollar,A$,72.5652,Exchange Rate API
2025-09-19,Australian Dollar,A$,72.2359,Exchange Rate API
2025-09-18,Australian Dollar,A$,72.389,Exchange Rate API
2025-09-17,Australian Dollar,A$,72.2845,Exchange Rate API
2025-09-16,Australian Dollar,A$,72.701,Exchange Rate API
2025-09-15,Australian Dollar,A$,72.9788,Exchange Rate API
2025-09-14,Australian Dollar,A$,73.3769,Exchange Rate API
2025-09-13,Australian Dollar,A$,73.6451,Exchange Rate API
2025-09-12,Australian Dollar,A$,73.4599,Exchange Rate API
2025-09-11,Australian Dollar,A$,73.2727,Exchange Rate API
2025-09-10,Australian Dollar,A$,73.461,Exchange Rate API
2025-09-09,Australian Dollar,A$,73.3256,Exchange Rate API
2025-09-08,Australian Dollar,A$,73.2749,Exchange Rate API
2025-09-07,Australian Dollar,A$,73.0607,Exchange Rate API
2025-09-06,Australian Dollar,A$,73.0424,Exchange Rate API
2025-09-05,Australian Dollar,A$,72.7813,Exchange Rate API
2025-09-04,Australian Dollar,A$,72.815,Exchange Rate API
2025-09-03,Australian Dollar,A$,73.1934,Exchange Rate API
2025-09-02,Australian Dollar,A$,73.3657,Exchange Rate API
2025-09-01,Australian Dollar,A$,73.0464,Exchange Rate API
2025-08-31,Australian Dollar,A$,73.1478,Exchange Rate API
2025-08-30,Australian Dollar,A$,73.224,Exchange Rate API
2025-08-29,Australian Dollar,A$,72.9977,Exchange Rate API
2025-08-28,Australian Dollar,A$,73.1465,Exchange Rate API
2025-08-27,Australian Dollar,A$,73.1737,Exchange Rate API
2025-08-26,Australian Dollar,A$,73.2948,Exchange Rate API
2025-08-25,Australian Dollar,A$,72.9012,Exchange Rate API
2025-08-24,Australian Dollar,A$,72.8254,Exchange Rate API
2025-08-23,Australian Dollar,A$,73.0154,Exchange Rate API
2025-08-22,Australian Dollar,A$,72.6654,Exchange Rate API
2025-08-21,Australian Dollar,A$,72.9015,Exchange Rate API
2025-08-20,Australian Dollar,A$,72.4686,Exchange Rate API
2025-08-19,Australian Dollar,A$,72.5124,Exchange Rate API
2025-08-18,Australian Dollar,A$,72.8858,Exchange Rate API
2025-08-17,Australian Dollar,A$,72.8044,Exchange Rate API
2025-08-16,Australian Dollar,A$,73.1845,Exchange Rate API
2025-08-15,Australian Dollar,A$,73.5168,Exchange Rate API
2025-08-14,Australian Dollar,A$,73.4969,Exchange Rate API
2025-08-13,Australian Dollar,A$,73.2318,Exchange Rate API
2025-08-12,Australian Dollar,A$,73.6395,Exchange Rate API
2025-08-11,Australian Dollar,A$,73.4815,Exchange Rate API
2025-08-10,Australian Dollar,A$,73.6101,Exchange Rate API
2025-08-09,Australian Dollar,A$,73.9704,Exchange Rate API
2025-08-08,Australian Dollar,A$,73.606,Exchange Rate API
2025-08-07,Australian Dollar,A$,73.6715,Exchange Rate API
2025-08-06,Australian Dollar,A$,73.7026,Exchange Rate API
2025-08-05,Australian Dollar,A$,73.8999,Exchange Rate API
2025-08-04,Australian Dollar,A$,74.2871,Exchange Rate API
2026-08-03,Canadian Dollar,C$,68.0087,Exchange Rate API
2026-08-02,Canadian Dollar,C$,67.7435,Exchange Rate API
2026-08-01,Canadian Dollar,C$,68.0542,Exchange Rate API
2026-07-31,Canadian Dollar,C$,67.7894,Exchange Rate API
2026-07-30,Canadian Dollar,C$,68.1308,Exchange Rate API
2026-07-29,Canadian Dollar,C$,68.5373,Exchange Rate API
2026-07-28,Canadian Dollar,C$,68.4526,Exchange Rate API
2026-07-27,Canadian Dollar,C$,68.4488,Exchange Rate API
2026-07-26,Canadian Dollar,C$,68.8074,Exchange Rate API
2026-07-25,Canadian Dollar,C$,69.189,Exchange Rate API
2026-07-24,Canadian Dollar,C$,69.5427,Exchange Rate API
2026-07-23,Canadian Dollar,C$,69.8571,Exchange Rate API
2026-07-22,Canadian Dollar,C$,69.4457,Exchange Rate API
2026-07-21,Canadian Dollar,C$,69.5023,Exchange Rate API
2026-07-20,Canadian Dollar,C$,69.1748,Exchange Rate API
2026-07-19,Canadian Dollar,C$,69.5757,Exchange Rate API
2026-07-18,Canadian Dollar,C$,69.3958,Exchange Rate API
2026-07-17,Canadian Dollar,C$,69.8031,Exchange Rate API
2026-07-16,Canadian Dollar,C$,69.8394,Exchange Rate API
2026-07-15,Canadian Dollar,C$,69.8343,Exchange Rate API
2026-07-14,Canadian Dollar,C$,70.2018,Exchange Rate API
2026-07-13,Canadian Dollar,C$,70.4975,Exchange Rate API
2026-07-12,Canadian Dollar,C$,70.4704,Exchange Rate API
2026-07-11,Canadian Dollar,C$,70.2106,Exchange Rate API
2026-07-10,Canadian Dollar,C$,69.8842,Exchange Rate API
2026-07-09,Canadian Dollar,C$,69.6012,Exchange Rate API
2026-07-08,Canadian Dollar,C$,69.5669,Exchange Rate API
2026-07-07,Canadian Dollar,C$,69.3643,Exchange Rate API
2026-07-06,Canadian Dollar,C$,69.1031,Exchange Rate API
2026-07-05,Canadian Dollar,C$,69.2993,Exchange Rate API
2026-07-04,Canadian Dollar,C$,69.5411,Exchange Rate API
2026-07-03,Canadian Dollar,C$,69.5977,Exchange Rate API
2026-07-02,Canadian Dollar,C$,69.8126,Exchange Rate API
2026-07-01,Canadian Dollar,C$,69.5407,Exchange Rate API
2026-06-30,Canadian Dollar,C$,69.8379,Exchange Rate API
2026-06-29,Canadian Dollar,C$,70.1706,Exchange Rate API
2026-06-28,Canadian Dollar,C$,70.4459,Exchange Rate API
2026-06-27,Canadian Dollar,C$,70.4588,Exchange Rate API
2026-06-26,Canadian Dollar,C$,70.1094,Exchange Rate API
2026-06-25,Canadian Dollar,C$,70.2518,Exchange Rate API
2026-06-24,Canadian Dollar,C$,69.9861,Exchange Rate API
2026-06-23,Canadian Dollar,C$,69.6843,Exchange Rate API
2026-06-22,Canadian Dollar,C$,69.5368,Exchange Rate API
2026-06-21,Canadian Dollar,C$,69.3266,Exchange Rate API
2026-06-20,Canadian Dollar,C$,69.1276,Exchange Rate API
2026-06-19,Canadian Dollar,C$,68.9082,Exchange Rate API
2026-06-18,Canadian Dollar,C$,69.118,Exchange Rate API
2026-06-17,Canadian Dollar,C$,69.4946,Exchange Rate API
2026-06-16,Canadian Dollar,C$,69.3294,Exchange Rate API
2026-06-15,Canadian Dollar,C$,69.5148,Exchange Rate API
2026-06-14,Canadian Dollar,C$,69.1073,Exchange Rate API
2026-06-13,Canadian Dollar,C$,69.2347,Exchange Rate API
2026-06-12,Canadian Dollar,C$,69.3949,Exchange Rate API
2026-06-11,Canadian Dollar,C$,69.0303,Exchange Rate API
2026-06-10,Canadian Dollar,C$,68.7141,Exchange Rate API
2026-06-09,Canadian Dollar,C$,68.5548,Exchange Rate API
2026-06-08,Canadian Dollar,C$,68.477,Exchange Rate API
2026-06-07,Canadian Dollar,C$,68.4791,Exchange Rate API
2026-06-06,Canadian Dollar,C$,68.8038,Exchange Rate API
2026-06-05,Canadian Dollar,C$,68.9719,Exchange Rate API
2026-06-04,Canadian Dollar,C$,68.8155,Exchange Rate API
2026-06-03,Canadian Dollar,C$,68.4996,Exchange Rate API
2026-06-02,Canadian Dollar,C$,68.8417,Exchange Rate API
2026-06-01,Canadian Dollar,C$,68.6724,Exchange Rate API
2026-05-31,Canadian Dollar,C$,68.7669,Exchange Rate API
2026-05-30,Canadian Dollar,C$,68.5351,Exchange Rate API
2026-05-29,Canadian Dollar,C$,68.2337,Exchange Rate API
2026-05-28,Canadian Dollar,C$,67.9497,Exchange Rate API
2026-05-27,Canadian Dollar,C$,68.1517,Exchange Rate API
2026-05-26,Canadian Dollar,C$,68.2382,Exchange Rate API
2026-05-25,Canadian Dollar,C$,68.1693,Exchange Rate API
2026-05-24,Canadian Dollar,C$,68.2096,Exchange Rate API
2026-05-23,Canadian Dollar,C$,68.1857,Exchange Rate API
2026-05-22,Canadian Dollar,C$,68.2164,Exchange Rate API
2026-05-21,Canadian Dollar,C$,68.3507,Exchange Rate API
2026-05-20,Canadian Dollar,C$,68.1197,Exchange Rate API
2026-05-19,Canadian Dollar,C$,67.9133,Exchange Rate API
2026-05-18,Canadian Dollar,C$,68.1209,Exchange Rate API
2026-05-17,Canadian Dollar,C$,68.4259,Exchange Rate API
2026-05-16,Canadian Dollar,C$,68.0826,Exchange Rate API
2026-05-15,Canadian Dollar,C$,68.0391,Exchange Rate API
2026-05-14,Canadian Dollar,C$,68.2055,Exchange Rate API
2026-05-13,Canadian Dollar,C$,67.8602,Exchange Rate API
2026-05-12,Canadian Dollar,C$,67.9125,Exchange Rate API
2026-05-11,Canadian Dollar,C$,67.5554,Exchange Rate API
2026-05-10,Canadian Dollar,C$,67.594,Exchange Rate API
2026-05-09,Canadian Dollar,C$,67.5985,Exchange Rate API
2026-05-08,Canadian Dollar,C$,67.6575,Exchange Rate API
2026-05-07,Canadian Dollar,C$,67.3732,Exchange Rate API
2026-05-06,Canadian Dollar,C$,67.2342,Exchange Rate API
2026-05-05,Canadian Dollar,C$,67.2506,Exchange Rate API
2026-05-04,Canadian Dollar,C$,66.9409,Exchange Rate API
2026-05-03,Canadian Dollar,C$,66.7043,Exchange Rate API
2026-05-02,Canadian Dollar,C$,66.7709,Exchange Rate API
2026-05-01,Canadian Dollar,C$,66.4431,Exchange Rate API
2026-04-30,Canadian Dollar,C$,66.4514,Exchange Rate API
2026-04-29,Canadian Dollar,C$,66.6976,Exchange Rate API
2026-04-28,Canadian Dollar,C$,66.6603,Exchange Rate API
2026-04-27,Canadian Dollar,C$,66.6709,Exchange Rate API
2026-04-26,Canadian Dollar,C$,66.6363,Exchange Rate API
2026-04-25,Canadian Dollar,C$,66.2827,Exchange Rate API
2026-04-24,Canadian Dollar,C$,66.2528,Exchange Rate API
2026-04-23,Canadian Dollar,C$,66.4968,Exchange Rate API
2026-04-22,Canadian Dollar,C$,66.675,Exchange Rate API
2026-04-21,Canadian Dollar,C$,66.5917,Exchange Rate API
2026-04-20,Canadian Dollar,C$,66.8446,Exchange Rate API
2026-04-19,Canadian Dollar,C$,67.0418,Exchange Rate API
2026-04-18,Canadian Dollar,C$,67.1048,Exchange Rate API
2026-04-17,Canadian Dollar,C$,66.7386,Exchange Rate API
2026-04-16,Canadian Dollar,C$,66.6141,Exchange Rate API
2026-04-15,Canadian Dollar,C$,66.2654,Exchange Rate API
2026-04-14,Canadian Dollar,C$,66.6583,Exchange Rate API
2026-04-13,Canadian Dollar,C$,67.0059,Exchange Rate API
2026-04-12,Canadian Dollar,C$,66.6594,Exchange Rate API
2026-04-11,Canadian Dollar,C$,67.0064,Exchange Rate API
2026-04-10,Canadian Dollar,C$,66.6299,Exchange Rate API
2026-04-09,Canadian Dollar,C$,66.557,Exchange Rate API
2026-04-08,Canadian Dollar,C$,66.7718,Exchange Rate API
2026-04-07,Canadian Dollar,C$,66.9848,Exchange Rate API
2026-04-06,Canadian Dollar,C$,67.3693,Exchange Rate API
2026-04-05,Canadian Dollar,C$,67.4872,Exchange Rate API
2026-04-04,Canadian Dollar,C$,67.4227,Exchange Rate API
2026-04-03,Canadian Dollar,C$,67.8215,Exchange Rate API
2026-04-02,Canadian Dollar,C$,67.7259,Exchange Rate API
2026-04-01,Canadian Dollar,C$,68.0263,Exchange Rate API
2026-03-31,Canadian Dollar,C$,68.3584,Exchange Rate API
2026-03-30,Canadian Dollar,C$,68.2564,Exchange Rate API
2026-03-29,Canadian Dollar,C$,68.4061,Exchange Rate API
2026-03-28,Canadian Dollar,C$,68.5389,Exchange Rate API
2026-03-27,Canadian Dollar,C$,68.5712,Exchange Rate API
2026-03-26,Canadian Dollar,C$,68.6975,Exchange Rate API
2026-03-25,Canadian Dollar,C$,68.572,Exchange Rate API
2026-03-24,Canadian Dollar,C$,68.3074,Exchange Rate API
2026-03-23,Canadian Dollar,C$,68.3379,Exchange Rate API
2026-03-22,Canadian Dollar,C$,68.3616,Exchange Rate API
2026-03-21,Canadian Dollar,C$,68.5485,Exchange Rate API
2026-03-20,Canadian Dollar,C$,68.3204,Exchange Rate API
2026-03-19,Canadian Dollar,C$,67.9133,Exchange Rate API
2026-03-18,Canadian Dollar,C$,67.5243,Exchange Rate API
2026-03-17,Canadian Dollar,C$,67.3609,Exchange Rate API
2026-03-16,Canadian Dollar,C$,67.5011,Exchange Rate API
2026-03-15,Canadian Dollar,C$,67.5371,Exchange Rate API
2026-03-14,Canadian Dollar,C$,67.563,Exchange Rate API
2026-03-13,Canadian Dollar,C$,67.8252,Exchange Rate API
2026-03-12,Canadian Dollar,C$,67.6197,Exchange Rate API
2026-03-11,Canadian Dollar,C$,67.4949,Exchange Rate API
2026-03-10,Canadian Dollar,C$,67.3132,Exchange Rate API
2026-03-09,Canadian Dollar,C$,67.6665,Exchange Rate API
2026-03-08,Canadian Dollar,C$,67.8492,Exchange Rate API
2026-03-07,Canadian Dollar,C$,67.534,Exchange Rate API
2026-03-06,Canadian Dollar,C$,67.7848,Exchange Rate API
2026-03-05,Canadian Dollar,C$,67.7191,Exchange Rate API
2026-03-04,Canadian Dollar,C$,67.9353,Exchange Rate API
2026-03-03,Canadian Dollar,C$,68.2481,Exchange Rate API
2026-03-02,Canadian Dollar,C$,67.8514,Exchange Rate API
2026-03-01,Canadian Dollar,C$,67.6121,Exchange Rate API
2026-02-28,Canadian Dollar,C$,67.2883,Exchange Rate API
2026-02-27,Canadian Dollar,C$,66.9117,Exchange Rate API
2026-02-26,Canadian Dollar,C$,66.9902,Exchange Rate API
2026-02-25,Canadian Dollar,C$,67.1536,Exchange Rate API
2026-02-24,Canadian Dollar,C$,66.7899,Exchange Rate API
2026-02-23,Canadian Dollar,C$,66.9827,Exchange Rate API
2026-02-22,Canadian Dollar,C$,66.9041,Exchange Rate API
2026-02-21,Canadian Dollar,C$,66.6908,Exchange Rate API
2026-02-20,Canadian Dollar,C$,66.4645,Exchange Rate API
2026-02-19,Canadian Dollar,C$,66.7546,Exchange Rate API
2026-02-18,Canadian Dollar,C$,66.3993,Exchange Rate API
2026-02-17,Canadian Dollar,C$,66.4024,Exchange Rate API
2026-02-16,Canadian Dollar,C$,66.2345,Exchange Rate API
2026-02-15,Canadian Dollar,C$,66.4855,Exchange Rate API
2026-02-14,Canadian Dollar,C$,66.6702,Exchange Rate API
2026-02-13,Canadian Dollar,C$,66.5253,Exchange Rate API
2026-02-12,Canadian Dollar,C$,66.6035,Exchange Rate API
2026-02-11,Canadian Dollar,C$,66.7414,Exchange Rate API
2026-02-10,Canadian Dollar,C$,66.5978,Exchange Rate API
2026-02-09,Canadian Dollar,C$,66.4394,Exchange Rate API
2026-02-08,Canadian Dollar,C$,66.155,Exchange Rate API
2026-02-07,Canadian Dollar,C$,66.2822,Exchange Rate API
2026-02-06,Canadian Dollar,C$,66.0603,Exchange Rate API
2026-02-05,Canadian Dollar,C$,65.9022,Exchange Rate API
2026-02-04,Canadian Dollar,C$,65.555,Exchange Rate API
2026-02-03,Canadian Dollar,C$,65.9078,Exchange Rate API
2026-02-02,Canadian Dollar,C$,66.2081,Exchange Rate API
2026-02-01,Canadian Dollar,C$,66.5351,Exchange Rate API
2026-01-31,Canadian Dollar,C$,66.6357,Exchange Rate API
2026-01-30,Canadian Dollar,C$,66.5775,Exchange Rate API
2026-01-29,Canadian Dollar,C$,66.574,Exchange Rate API
2026-01-28,Canadian Dollar,C$,66.9513,Exchange Rate API
2026-01-27,Canadian Dollar,C$,67.3061,Exchange Rate API
2026-01-26,Canadian Dollar,C$,67.4445,Exchange Rate API
2026-01-25,Canadian Dollar,C$,67.6758,Exchange Rate API
2026-01-24,Canadian Dollar,C$,67.5286,Exchange Rate API
2026-01-23,Canadian Dollar,C$,67.4608,Exchange Rate API
2026-01-22,Canadian Dollar,C$,67.1768,Exchange Rate API
2026-01-21,Canadian Dollar,C$,67.0772,Exchange Rate API
2026-01-20,Canadian Dollar,C$,67.282,Exchange Rate API
2026-01-19,Canadian Dollar,C$,67.2606,Exchange Rate API
2026-01-18,Canadian Dollar,C$,67.5426,Exchange Rate API
2026-01-17,Canadian Dollar,C$,67.3811,Exchange Rate API
2026-01-16,Canadian Dollar,C$,67.5489,Exchange Rate API
2026-01-15,Canadian Dollar,C$,67.7968,Exchange Rate API
2026-01-14,Canadian Dollar,C$,68.1342,Exchange Rate API
2026-01-13,Canadian Dollar,C$,68.1852,Exchange Rate API
2026-01-12,Canadian Dollar,C$,68.568,Exchange Rate API
2026-01-11,Canadian Dollar,C$,68.6151,Exchange Rate API
2026-01-10,Canadian Dollar,C$,68.3138,Exchange Rate API
2026-01-09,Canadian Dollar,C$,68.103,Exchange Rate API
2026-01-08,Canadian Dollar,C$,67.8606,Exchange Rate API
2026-01-07,Canadian Dollar,C$,67.9801,Exchange Rate API
2026-01-06,Canadian Dollar,C$,68.3245,Exchange Rate API
2026-01-05,Canadian Dollar,C$,68.6091,Exchange Rate API
2026-01-04,Canadian Dollar,C$,68.2736,Exchange Rate API
2026-01-03,Canadian Dollar,C$,68.4576,Exchange Rate API
2026-01-02,Canadian Dollar,C$,68.2033,Exchange Rate API
2026-01-01,Canadian Dollar,C$,68.0138,Exchange Rate API
2025-12-31,Canadian Dollar,C$,68.1555,Exchange Rate API
2025-12-30,Canadian Dollar,C$,68.2397,Exchange Rate API
2025-12-29,Canadian Dollar,C$,68.5456,Exchange Rate API
2025-12-28,Canadian Dollar,C$,68.2891,Exchange Rate API
2025-12-27,Canadian Dollar,C$,68.5036,Exchange Rate API
2025-12-26,Canadian Dollar,C$,68.688,Exchange Rate API
2025-12-25,Canadian Dollar,C$,68.7365,Exchange Rate API
2025-12-24,Canadian Dollar,C$,68.7195,Exchange Rate API
2025-12-23,Canadian Dollar,C$,69.0242,Exchange Rate API
2025-12-22,Canadian Dollar,C$,68.8858,Exchange Rate API
2025-12-21,Canadian Dollar,C$,69.2636,Exchange Rate API
2025-12-20,Canadian Dollar,C$,68.8608,Exchange Rate API
2025-12-19,Canadian Dollar,C$,69.222,Exchange Rate API
2025-12-18,Canadian Dollar,C$,69.6058,Exchange Rate API
2025-12-17,Canadian Dollar,C$,69.2862,Exchange Rate API
2025-12-16,Canadian Dollar,C$,69.7016,Exchange Rate API
2025-12-15,Canadian Dollar,C$,69.684,Exchange Rate API
2025-12-14,Canadian Dollar,C$,69.4688,Exchange Rate API
2025-12-13,Canadian Dollar,C$,69.5558,Exchange Rate API
2025-12-12,Canadian Dollar,C$,69.3092,Exchange Rate API
2025-12-11,Canadian Dollar,C$,69.6545,Exchange Rate API
2025-12-10,Canadian Dollar,C$,69.698,Exchange Rate API
2025-12-09,Canadian Dollar,C$,69.9284,Exchange Rate API
2025-12-08,Canadian Dollar,C$,69.8283,Exchange Rate API
2025-12-07,Canadian Dollar,C$,69.8565,Exchange Rate API
2025-12-06,Canadian Dollar,C$,69.7385,Exchange Rate API
2025-12-05,Canadian Dollar,C$,69.539,Exchange Rate API
2025-12-04,Canadian Dollar,C$,69.5497,Exchange Rate API
2025-12-03,Canadian Dollar,C$,69.5474,Exchange Rate API
2025-12-02,Canadian Dollar,C$,69.2124,Exchange Rate API
2025-12-01,Canadian Dollar,C$,69.6122,Exchange Rate API
2025-11-30,Canadian Dollar,C$,69.5867,Exchange Rate API
2025-11-29,Canadian Dollar,C$,69.8704,Exchange Rate API
2025-11-28,Canadian Dollar,C$,70.2178,Exchange Rate API
2025-11-27,Canadian Dollar,C$,70.1089,Exchange Rate API
2025-11-26,Canadian Dollar,C$,70.0365,Exchange Rate API
2025-11-25,Canadian Dollar,C$,70.089,Exchange Rate API
2025-11-24,Canadian Dollar,C$,69.8546,Exchange Rate API
2025-11-23,Canadian Dollar,C$,69.5578,Exchange Rate API
2025-11-22,Canadian Dollar,C$,69.3581,Exchange Rate API
2025-11-21,Canadian Dollar,C$,69.7199,Exchange Rate API
2025-11-20,Canadian Dollar,C$,69.7861,Exchange Rate API
2025-11-19,Canadian Dollar,C$,69.7171,Exchange Rate API
2025-11-18,Canadian Dollar,C$,69.4263,Exchange Rate API
2025-11-17,Canadian Dollar,C$,69.2846,Exchange Rate API
2025-11-16,Canadian Dollar,C$,69.1847,Exchange Rate API
2025-11-15,Canadian Dollar,C$,69.4615,Exchange Rate API
2025-11-14,Canadian Dollar,C$,69.4609,Exchange Rate API
2025-11-13,Canadian Dollar,C$,69.5898,Exchange Rate API
2025-11-12,Canadian Dollar,C$,69.7442,Exchange Rate API
2025-11-11,Canadian Dollar,C$,69.5411,Exchange Rate API
2025-11-10,Canadian Dollar,C$,69.8095,Exchange Rate API
2025-11-09,Canadian Dollar,C$,70.2003,Exchange Rate API
2025-11-08,Canadian Dollar,C$,70.3197,Exchange Rate API
2025-11-07,Canadian Dollar,C$,70.3118,Exchange Rate API
2025-11-06,Canadian Dollar,C$,70.0319,Exchange Rate API
2025-11-05,Canadian Dollar,C$,70.2798,Exchange Rate API
2025-11-04,Canadian Dollar,C$,70.0009,Exchange Rate API
2025-11-03,Canadian Dollar,C$,70.186,Exchange Rate API
2025-11-02,Canadian Dollar,C$,70.1762,Exchange Rate API
2025-11-01,Canadian Dollar,C$,70.5273,Exchange Rate API
2025-10-31,Canadian Dollar,C$,70.563,Exchange Rate API
2025-10-30,Canadian Dollar,C$,70.6831,Exchange Rate API
2025-10-29,Canadian Dollar,C$,70.3088,Exchange Rate API
2025-10-28,Canadian Dollar,C$,69.9155,Exchange Rate API
2025-10-27,Canadian Dollar,C$,70.2064,Exchange Rate API
2025-10-26,Canadian Dollar,C$,70.5815,Exchange Rate API
2025-10-25,Canadian Dollar,C$,70.724,Exchange Rate API
2025-10-24,Canadian Dollar,C$,70.9483,Exchange Rate API
2025-10-23,Canadian Dollar,C$,70.8737,Exchange Rate API
2025-10-22,Canadian Dollar,C$,71.165,Exchange Rate API
2025-10-21,Canadian Dollar,C$,70.9356,Exchange Rate API
2025-10-20,Canadian Dollar,C$,71.1119,Exchange Rate API
2025-10-19,Canadian Dollar,C$,70.693,Exchange Rate API
2025-10-18,Canadian Dollar,C$,70.6979,Exchange Rate API
2025-10-17,Canadian Dollar,C$,70.5903,Exchange Rate API
2025-10-16,Canadian Dollar,C$,70.6901,Exchange Rate API
2025-10-15,Canadian Dollar,C$,70.8316,Exchange Rate API
2025-10-14,Canadian Dollar,C$,70.9306,Exchange Rate API
2025-10-13,Canadian Dollar,C$,70.9163,Exchange Rate API
2025-10-12,Canadian Dollar,C$,70.906,Exchange Rate API
2025-10-11,Canadian Dollar,C$,70.4862,Exchange Rate API
2025-10-10,Canadian Dollar,C$,70.5299,Exchange Rate API
2025-10-09,Canadian Dollar,C$,70.1168,Exchange Rate API
2025-10-08,Canadian Dollar,C$,70.1416,Exchange Rate API
2025-10-07,Canadian Dollar,C$,69.952,Exchange Rate API
2025-10-06,Canadian Dollar,C$,70.3528,Exchange Rate API
2025-10-05,Canadian Dollar,C$,69.9452,Exchange Rate API
2025-10-04,Canadian Dollar,C$,70.208,Exchange Rate API
2025-10-03,Canadian Dollar,C$,70.3546,Exchange Rate API
2025-10-02,Canadian Dollar,C$,70.6131,Exchange Rate API
2025-10-01,Canadian Dollar,C$,70.9603,Exchange Rate API
2025-09-30,Canadian Dollar,C$,70.6257,Exchange Rate API
2025-09-29,Canadian Dollar,C$,70.2836,Exchange Rate API
2025-09-28,Canadian Dollar,C$,69.9875,Exchange Rate API
2025-09-27,Canadian Dollar,C$,69.7288,Exchange Rate API
2025-09-26,Canadian Dollar,C$,69.7509,Exchange Rate API
2025-09-25,Canadian Dollar,C$,70.0147,Exchange Rate API
2025-09-24,Canadian Dollar,C$,69.8192,Exchange Rate API
2025-09-23,Canadian Dollar,C$,69.7328,Exchange Rate API
2025-09-22,Canadian Dollar,C$,69.6266,Exchange Rate API
2025-09-21,Canadian Dollar,C$,69.5481,Exchange Rate API
2025-09-20,Canadian Dollar,C$,69.6023,Exchange Rate API
2025-09-19,Canadian Dollar,C$,70.0118,Exchange Rate API
2025-09-18,Canadian Dollar,C$,69.7815,Exchange Rate API
2025-09-17,Canadian Dollar,C$,69.9356,Exchange Rate API
2025-09-16,Canadian Dollar,C$,70.2275,Exchange Rate API
2025-09-15,Canadian Dollar,C$,70.3571,Exchange Rate API
2025-09-14,Canadian Dollar,C$,70.6595,Exchange Rate API
2025-09-13,Canadian Dollar,C$,70.8796,Exchange Rate API
2025-09-12,Canadian Dollar,C$,70.5338,Exchange Rate API
2025-09-11,Canadian Dollar,C$,70.4316,Exchange Rate API
2025-09-10,Canadian Dollar,C$,70.4761,Exchange Rate API
2025-09-09,Canadian Dollar,C$,70.1007,Exchange Rate API
2025-09-08,Canadian Dollar,C$,69.688,Exchange Rate API
2025-09-07,Canadian Dollar,C$,69.4132,Exchange Rate API
2025-09-06,Canadian Dollar,C$,69.4131,Exchange Rate API
2025-09-05,Canadian Dollar,C$,69.358,Exchange Rate API
2025-09-04,Canadian Dollar,C$,69.5947,Exchange Rate API
2025-09-03,Canadian Dollar,C$,69.6497,Exchange Rate API
2025-09-02,Canadian Dollar,C$,69.9489,Exchange Rate API
2025-09-01,Canadian Dollar,C$,69.6093,Exchange Rate API
2025-08-31,Canadian Dollar,C$,69.6328,Exchange Rate API
2025-08-30,Canadian Dollar,C$,69.2506,Exchange Rate API
2025-08-29,Canadian Dollar,C$,69.0108,Exchange Rate API
2025-08-28,Canadian Dollar,C$,69.3156,Exchange Rate API
2025-08-27,Canadian Dollar,C$,69.638,Exchange Rate API
2025-08-26,Canadian Dollar,C$,69.6175,Exchange Rate API
2025-08-25,Canadian Dollar,C$,69.2387,Exchange Rate API
2025-08-24,Canadian Dollar,C$,68.885,Exchange Rate API
2025-08-23,Canadian Dollar,C$,69.2368,Exchange Rate API
2025-08-22,Canadian Dollar,C$,69.5686,Exchange Rate API
2025-08-21,Canadian Dollar,C$,69.6216,Exchange Rate API
2025-08-20,Canadian Dollar,C$,69.2314,Exchange Rate API
2025-08-19,Canadian Dollar,C$,69.5876,Exchange Rate API
2025-08-18,Canadian Dollar,C$,69.4327,Exchange Rate API
2025-08-17,Canadian Dollar,C$,69.8172,Exchange Rate API
2025-08-16,Canadian Dollar,C$,69.8901,Exchange Rate API
2025-08-15,Canadian Dollar,C$,70.1017,Exchange Rate API
2025-08-14,Canadian Dollar,C$,70.2806,Exchange Rate API
2025-08-13,Canadian Dollar,C$,70.1948,Exchange Rate API
2025-08-12,Canadian Dollar,C$,69.8384,Exchange Rate API
2025-08-11,Canadian Dollar,C$,69.5555,Exchange Rate API
2025-08-10,Canadian Dollar,C$,69.3389,Exchange Rate API
2025-08-09,Canadian Dollar,C$,69.6174,Exchange Rate API
2025-08-08,Canadian Dollar,C$,69.5248,Exchange Rate API
2025-08-07,Canadian Dollar,C$,69.8556,Exchange Rate API
2025-08-06,Canadian Dollar,C$,69.7145,Exchange Rate API
2025-08-05,Canadian Dollar,C$,69.9283,Exchange Rate API
2025-08-04,Canadian Dollar,C$,69.6262,Exchange Rate API
2026-08-03,Swiss Franc,CHF,117.9663,Exchange Rate API
2026-08-02,Swiss Franc,CHF,118.2836,Exchange Rate API
2026-08-01,Swiss Franc,CHF,118.2847,Exchange Rate API
2026-07-31,Swiss Franc,CHF,118.958,Exchange Rate API
2026-07-30,Swiss Franc,CHF,118.3209,Exchange Rate API
2026-07-29,Swiss Franc,CHF,118.2316,Exchange Rate API
2026-07-28,Swiss Franc,CHF,118.7121,Exchange Rate API
2026-07-27,Swiss Franc,CHF,118.485,Exchange Rate API
2026-07-26,Swiss Franc,CHF,118.8675,Exchange Rate API
2026-07-25,Swiss Franc,CHF,119.5163,Exchange Rate API
2026-07-24,Swiss Franc,CHF,119.3682,Exchange Rate API
2026-07-23,Swiss Franc,CHF,119.76,Exchange Rate API
2026-07-22,Swiss Franc,CHF,119.084,Exchange Rate API
2026-07-21,Swiss Franc,CHF,118.7601,Exchange Rate API
2026-07-20,Swiss Franc,CHF,119.4621,Exchange Rate API
2026-07-19,Swiss Franc,CHF,119.4486,Exchange Rate API
2026-07-18,Swiss Franc,CHF,119.2419,Exchange Rate API
2026-07-17,Swiss Franc,CHF,119.8731,Exchange Rate API
2026-07-16,Swiss Franc,CHF,119.7751,Exchange Rate API
2026-07-15,Swiss Franc,CHF,120.0334,Exchange Rate API
2026-07-14,Swiss Franc,CHF,120.2648,Exchange Rate API
2026-07-13,Swiss Franc,CHF,119.6669,Exchange Rate API
2026-07-12,Swiss Franc,CHF,119.8372,Exchange Rate API
2026-07-11,Swiss Franc,CHF,120.2658,Exchange Rate API
2026-07-10,Swiss Franc,CHF,120.5734,Exchange Rate API
2026-07-09,Swiss Franc,CHF,119.9687,Exchange Rate API
2026-07-08,Swiss Franc,CHF,119.4709,Exchange Rate API
2026-07-07,Swiss Franc,CHF,119.7744,Exchange Rate API
2026-07-06,Swiss Franc,CHF,119.9669,Exchange Rate API
2026-07-05,Swiss Franc,CHF,120.3119,Exchange Rate API
2026-07-04,Swiss Franc,CHF,120.0472,Exchange Rate API
2026-07-03,Swiss Franc,CHF,119.4804,Exchange Rate API
2026-07-02,Swiss Franc,CHF,118.771,Exchange Rate API
2026-07-01,Swiss Franc,CHF,118.4977,Exchange Rate API
2026-06-30,Swiss Franc,CHF,118.2985,Exchange Rate API
2026-06-29,Swiss Franc,CHF,117.9717,Exchange Rate API
2026-06-28,Swiss Franc,CHF,117.4515,Exchange Rate API
2026-06-27,Swiss Franc,CHF,117.0109,Exchange Rate API
2026-06-26,Swiss Franc,CHF,116.9391,Exchange Rate API
2026-06-25,Swiss Franc,CHF,117.0159,Exchange Rate API
2026-06-24,Swiss Franc,CHF,116.8868,Exchange Rate API
2026-06-23,Swiss Franc,CHF,116.2223,Exchange Rate API
2026-06-22,Swiss Franc,CHF,116.0186,Exchange Rate API
2026-06-21,Swiss Franc,CHF,115.4521,Exchange Rate API
2026-06-20,Swiss Franc,CHF,115.5879,Exchange Rate API
2026-06-19,Swiss Franc,CHF,115.3444,Exchange Rate API
2026-06-18,Swiss Franc,CHF,115.1856,Exchange Rate API
2026-06-17,Swiss Franc,CHF,114.8979,Exchange Rate API
2026-06-16,Swiss Franc,CHF,114.7432,Exchange Rate API
2026-06-15,Swiss Franc,CHF,114.1714,Exchange Rate API
2026-06-14,Swiss Franc,CHF,114.721,Exchange Rate API
2026-06-13,Swiss Franc,CHF,115.2788,Exchange Rate API
2026-06-12,Swiss Franc,CHF,115.9403,Exchange Rate API
2026-06-11,Swiss Franc,CHF,116.0404,Exchange Rate API
2026-06-10,Swiss Franc,CHF,115.5803,Exchange Rate API
2026-06-09,Swiss Franc,CHF,115.4149,Exchange Rate API
2026-06-08,Swiss Franc,CHF,114.9147,Exchange Rate API
2026-06-07,Swiss Franc,CHF,114.6405,Exchange Rate API
2026-06-06,Swiss Franc,CHF,114.631,Exchange Rate API
2026-06-05,Swiss Franc,CHF,114.0302,Exchange Rate API
2026-06-04,Swiss Franc,CHF,113.9408,Exchange Rate API
2026-06-03,Swiss Franc,CHF,113.8329,Exchange Rate API
2026-06-02,Swiss Franc,CHF,113.8114,Exchange Rate API
2026-06-01,Swiss Franc,CHF,113.2336,Exchange Rate API
2026-05-31,Swiss Franc,CHF,112.8962,Exchange Rate API
2026-05-30,Swiss Franc,CHF,112.5529,Exchange Rate API
2026-05-29,Swiss Franc,CHF,112.7218,Exchange Rate API
2026-05-28,Swiss Franc,CHF,112.8487,Exchange Rate API
2026-05-27,Swiss Franc,CHF,112.4364,Exchange Rate API
2026-05-26,Swiss Franc,CHF,111.9061,Exchange Rate API
2026-05-25,Swiss Franc,CHF,111.6438,Exchange Rate API
2026-05-24,Swiss Franc,CHF,112.2451,Exchange Rate API
2026-05-23,Swiss Franc,CHF,112.0191,Exchange Rate API
2026-05-22,Swiss Franc,CHF,112.1807,Exchange Rate API
2026-05-21,Swiss Franc,CHF,112.59,Exchange Rate API
2026-05-20,Swiss Franc,CHF,112.3597,Exchange Rate API
2026-05-19,Swiss Franc,CHF,112.1369,Exchange Rate API
2026-05-18,Swiss Franc,CHF,112.5614,Exchange Rate API
2026-05-17,Swiss Franc,CHF,113.047,Exchange Rate API
2026-05-16,Swiss Franc,CHF,113.6903,Exchange Rate API
2026-05-15,Swiss Franc,CHF,113.1939,Exchange Rate API
2026-05-14,Swiss Franc,CHF,112.9503,Exchange Rate API
2026-05-13,Swiss Franc,CHF,113.5565,Exchange Rate API
2026-05-12,Swiss Franc,CHF,113.1489,Exchange Rate API
2026-05-11,Swiss Franc,CHF,112.8966,Exchange Rate API
2026-05-10,Swiss Franc,CHF,113.526,Exchange Rate API
2026-05-09,Swiss Franc,CHF,114.1645,Exchange Rate API
2026-05-08,Swiss Franc,CHF,113.8788,Exchange Rate API
2026-05-07,Swiss Franc,CHF,114.1452,Exchange Rate API
2026-05-06,Swiss Franc,CHF,114.1329,Exchange Rate API
2026-05-05,Swiss Franc,CHF,114.2368,Exchange Rate API
2026-05-04,Swiss Franc,CHF,113.8837,Exchange Rate API
2026-05-03,Swiss Franc,CHF,113.7143,Exchange Rate API
2026-05-02,Swiss Franc,CHF,114.1462,Exchange Rate API
2026-05-01,Swiss Franc,CHF,113.9995,Exchange Rate API
2026-04-30,Swiss Franc,CHF,113.4713,Exchange Rate API
2026-04-29,Swiss Franc,CHF,113.5582,Exchange Rate API
2026-04-28,Swiss Franc,CHF,113.6839,Exchange Rate API
2026-04-27,Swiss Franc,CHF,113.7461,Exchange Rate API
2026-04-26,Swiss Franc,CHF,113.9941,Exchange Rate API
2026-04-25,Swiss Franc,CHF,114.0626,Exchange Rate API
2026-04-24,Swiss Franc,CHF,114.6827,Exchange Rate API
2026-04-23,Swiss Franc,CHF,114.6299,Exchange Rate API
2026-04-22,Swiss Franc,CHF,114.9165,Exchange Rate API
2026-04-21,Swiss Franc,CHF,114.8316,Exchange Rate API
2026-04-20,Swiss Franc,CHF,114.5441,Exchange Rate API
2026-04-19,Swiss Franc,CHF,114.8092,Exchange Rate API
2026-04-18,Swiss Franc,CHF,115.2486,Exchange Rate API
2026-04-17,Swiss Franc,CHF,115.6575,Exchange Rate API
2026-04-16,Swiss Franc,CHF,115.5314,Exchange Rate API
2026-04-15,Swiss Franc,CHF,115.5304,Exchange Rate API
2026-04-14,Swiss Franc,CHF,115.7153,Exchange Rate API
2026-04-13,Swiss Franc,CHF,115.3571,Exchange Rate API
2026-04-12,Swiss Franc,CHF,115.5767,Exchange Rate API
2026-04-11,Swiss Franc,CHF,115.8752,Exchange Rate API
2026-04-10,Swiss Franc,CHF,116.2772,Exchange Rate API
2026-04-09,Swiss Franc,CHF,115.6827,Exchange Rate API
2026-04-08,Swiss Franc,CHF,116.3639,Exchange Rate API
2026-04-07,Swiss Franc,CHF,116.3349,Exchange Rate API
2026-04-06,Swiss Franc,CHF,116.1964,Exchange Rate API
2026-04-05,Swiss Franc,CHF,116.2056,Exchange Rate API
2026-04-04,Swiss Franc,CHF,116.7918,Exchange Rate API
2026-04-03,Swiss Franc,CHF,117.0605,Exchange Rate API
2026-04-02,Swiss Franc,CHF,117.1218,Exchange Rate API
2026-04-01,Swiss Franc,CHF,117.5304,Exchange Rate API
2026-03-31,Swiss Franc,CHF,117.3323,Exchange Rate API
2026-03-30,Swiss Franc,CHF,117.8892,Exchange Rate API
2026-03-29,Swiss Franc,CHF,117.9414,Exchange Rate API
2026-03-28,Swiss Franc,CHF,118.137,Exchange Rate API
2026-03-27,Swiss Franc,CHF,117.5487,Exchange Rate API
2026-03-26,Swiss Franc,CHF,117.9281,Exchange Rate API
2026-03-25,Swiss Franc,CHF,118.1511,Exchange Rate API
2026-03-24,Swiss Franc,CHF,117.9455,Exchange Rate API
2026-03-23,Swiss Franc,CHF,118.1536,Exchange Rate API
2026-03-22,Swiss Franc,CHF,117.5075,Exchange Rate API
2026-03-21,Swiss Franc,CHF,118.1894,Exchange Rate API
2026-03-20,Swiss Franc,CHF,118.4411,Exchange Rate API
2026-03-19,Swiss Franc,CHF,118.2984,Exchange Rate API
2026-03-18,Swiss Franc,CHF,118.6571,Exchange Rate API
2026-03-17,Swiss Franc,CHF,119.3202,Exchange Rate API
2026-03-16,Swiss Franc,CHF,119.2206,Exchange Rate API
2026-03-15,Swiss Franc,CHF,118.5204,Exchange Rate API
2026-03-14,Swiss Franc,CHF,118.1773,Exchange Rate API
2026-03-13,Swiss Franc,CHF,118.1924,Exchange Rate API
2026-03-12,Swiss Franc,CHF,118.2191,Exchange Rate API
2026-03-11,Swiss Franc,CHF,118.3333,Exchange Rate API
2026-03-10,Swiss Franc,CHF,118.4401,Exchange Rate API
2026-03-09,Swiss Franc,CHF,118.363,Exchange Rate API
2026-03-08,Swiss Franc,CHF,118.2084,Exchange Rate API
2026-03-07,Swiss Franc,CHF,118.5947,Exchange Rate API
2026-03-06,Swiss Franc,CHF,118.7208,Exchange Rate API
2026-03-05,Swiss Franc,CHF,118.7215,Exchange Rate API
2026-03-04,Swiss Franc,CHF,118.5006,Exchange Rate API
2026-03-03,Swiss Franc,CHF,117.8245,Exchange Rate API
2026-03-02,Swiss Franc,CHF,117.2654,Exchange Rate API
2026-03-01,Swiss Franc,CHF,117.1472,Exchange Rate API
2026-02-28,Swiss Franc,CHF,117.7963,Exchange Rate API
2026-02-27,Swiss Franc,CHF,117.2536,Exchange Rate API
2026-02-26,Swiss Franc,CHF,117.8737,Exchange Rate API
2026-02-25,Swiss Franc,CHF,117.3669,Exchange Rate API
2026-02-24,Swiss Franc,CHF,117.102,Exchange Rate API
2026-02-23,Swiss Franc,CHF,117.0392,Exchange Rate API
2026-02-22,Swiss Franc,CHF,116.6275,Exchange Rate API
2026-02-21,Swiss Franc,CHF,116.6036,Exchange Rate API
2026-02-20,Swiss Franc,CHF,116.5702,Exchange Rate API
2026-02-19,Swiss Franc,CHF,116.4837,Exchange Rate API
2026-02-18,Swiss Franc,CHF,116.7587,Exchange Rate API
2026-02-17,Swiss Franc,CHF,116.505,Exchange Rate API
2026-02-16,Swiss Franc,CHF,116.2258,Exchange Rate API
2026-02-15,Swiss Franc,CHF,116.6584,Exchange Rate API
2026-02-14,Swiss Franc,CHF,116.1196,Exchange Rate API
2026-02-13,Swiss Franc,CHF,116.6062,Exchange Rate API
2026-02-12,Swiss Franc,CHF,116.8133,Exchange Rate API
2026-02-11,Swiss Franc,CHF,117.0616,Exchange Rate API
2026-02-10,Swiss Franc,CHF,116.5901,Exchange Rate API
2026-02-09,Swiss Franc,CHF,117.2671,Exchange Rate API
2026-02-08,Swiss Franc,CHF,116.9067,Exchange Rate API
2026-02-07,Swiss Franc,CHF,116.45,Exchange Rate API
2026-02-06,Swiss Franc,CHF,115.9751,Exchange Rate API
2026-02-05,Swiss Franc,CHF,116.0584,Exchange Rate API
2026-02-04,Swiss Franc,CHF,116.6969,Exchange Rate API
2026-02-03,Swiss Franc,CHF,116.3214,Exchange Rate API
2026-02-02,Swiss Franc,CHF,116.1889,Exchange Rate API
2026-02-01,Swiss Franc,CHF,115.7489,Exchange Rate API
2026-01-31,Swiss Franc,CHF,115.944,Exchange Rate API
2026-01-30,Swiss Franc,CHF,115.8496,Exchange Rate API
2026-01-29,Swiss Franc,CHF,115.1951,Exchange Rate API
2026-01-28,Swiss Franc,CHF,115.3528,Exchange Rate API
2026-01-27,Swiss Franc,CHF,114.9338,Exchange Rate API
2026-01-26,Swiss Franc,CHF,115.061,Exchange Rate API
2026-01-25,Swiss Franc,CHF,114.9075,Exchange Rate API
2026-01-24,Swiss Franc,CHF,115.1898,Exchange Rate API
2026-01-23,Swiss Franc,CHF,114.7831,Exchange Rate API
2026-01-22,Swiss Franc,CHF,115.1307,Exchange Rate API
2026-01-21,Swiss Franc,CHF,115.5572,Exchange Rate API
2026-01-20,Swiss Franc,CHF,114.9506,Exchange Rate API
2026-01-19,Swiss Franc,CHF,114.4013,Exchange Rate API
2026-01-18,Swiss Franc,CHF,114.912,Exchange Rate API
2026-01-17,Swiss Franc,CHF,114.4803,Exchange Rate API
2026-01-16,Swiss Franc,CHF,114.2412,Exchange Rate API
2026-01-15,Swiss Franc,CHF,114.183,Exchange Rate API
2026-01-14,Swiss Franc,CHF,113.8574,Exchange Rate API
2026-01-13,Swiss Franc,CHF,114.3529,Exchange Rate API
2026-01-12,Swiss Franc,CHF,114.3909,Exchange Rate API
2026-01-11,Swiss Franc,CHF,114.5819,Exchange Rate API
2026-01-10,Swiss Franc,CHF,114.7152,Exchange Rate API
2026-01-09,Swiss Franc,CHF,114.8684,Exchange Rate API
2026-01-08,Swiss Franc,CHF,114.9883,Exchange Rate API
2026-01-07,Swiss Franc,CHF,114.7785,Exchange Rate API
2026-01-06,Swiss Franc,CHF,115.2544,Exchange Rate API
2026-01-05,Swiss Franc,CHF,115.4167,Exchange Rate API
2026-01-04,Swiss Franc,CHF,115.8512,Exchange Rate API
2026-01-03,Swiss Franc,CHF,116.1376,Exchange Rate API
2026-01-02,Swiss Franc,CHF,115.8553,Exchange Rate API
2026-01-01,Swiss Franc,CHF,116.0145,Exchange Rate API
2025-12-31,Swiss Franc,CHF,115.4364,Exchange Rate API
2025-12-30,Swiss Franc,CHF,114.9293,Exchange Rate API
2025-12-29,Swiss Franc,CHF,114.4023,Exchange Rate API
2025-12-28,Swiss Franc,CHF,114.1351,Exchange Rate API
2025-12-27,Swiss Franc,CHF,113.701,Exchange Rate API
2025-12-26,Swiss Franc,CHF,113.9649,Exchange Rate API
2025-12-25,Swiss Franc,CHF,113.9797,Exchange Rate API
2025-12-24,Swiss Franc,CHF,113.8679,Exchange Rate API
2025-12-23,Swiss Franc,CHF,113.3731,Exchange Rate API
2025-12-22,Swiss Franc,CHF,113.2149,Exchange Rate API
2025-12-21,Swiss Franc,CHF,112.788,Exchange Rate API
2025-12-20,Swiss Franc,CHF,112.9714,Exchange Rate API
2025-12-19,Swiss Franc,CHF,113.2336,Exchange Rate API
2025-12-18,Swiss Franc,CHF,113.431,Exchange Rate API
2025-12-17,Swiss Franc,CHF,114.1114,Exchange Rate API
2025-12-16,Swiss Franc,CHF,114.1866,Exchange Rate API
2025-12-15,Swiss Franc,CHF,114.1724,Exchange Rate API
2025-12-14,Swiss Franc,CHF,113.6796,Exchange Rate API
2025-12-13,Swiss Franc,CHF,113.4267,Exchange Rate API
2025-12-12,Swiss Franc,CHF,113.36,Exchange Rate API
2025-12-11,Swiss Franc,CHF,112.7528,Exchange Rate API
2025-12-10,Swiss Franc,CHF,112.5621,Exchange Rate API
2025-12-09,Swiss Franc,CHF,111.8997,Exchange Rate API
2025-12-08,Swiss Franc,CHF,111.4116,Exchange Rate API
2025-12-07,Swiss Franc,CHF,111.833,Exchange Rate API
2025-12-06,Swiss Franc,CHF,112.4555,Exchange Rate API
2025-12-05,Swiss Franc,CHF,112.4628,Exchange Rate API
2025-12-04,Swiss Franc,CHF,112.456,Exchange Rate API
2025-12-03,Swiss Franc,CHF,112.7052,Exchange Rate API
2025-12-02,Swiss Franc,CHF,112.5911,Exchange Rate API
2025-12-01,Swiss Franc,CHF,113.0503,Exchange Rate API
2025-11-30,Swiss Franc,CHF,113.035,Exchange Rate API
2025-11-29,Swiss Franc,CHF,112.4689,Exchange Rate API
2025-11-28,Swiss Franc,CHF,111.8357,Exchange Rate API
2025-11-27,Swiss Franc,CHF,112.186,Exchange Rate API
2025-11-26,Swiss Franc,CHF,111.9061,Exchange Rate API
2025-11-25,Swiss Franc,CHF,111.6038,Exchange Rate API
2025-11-24,Swiss Franc,CHF,111.6542,Exchange Rate API
2025-11-23,Swiss Franc,CHF,111.2096,Exchange Rate API
2025-11-22,Swiss Franc,CHF,111.1526,Exchange Rate API
2025-11-21,Swiss Franc,CHF,111.4761,Exchange Rate API
2025-11-20,Swiss Franc,CHF,111.8318,Exchange Rate API
2025-11-19,Swiss Franc,CHF,111.8985,Exchange Rate API
2025-11-18,Swiss Franc,CHF,111.3791,Exchange Rate API
2025-11-17,Swiss Franc,CHF,110.8635,Exchange Rate API
2025-11-16,Swiss Franc,CHF,111.2295,Exchange Rate API
2025-11-15,Swiss Franc,CHF,111.661,Exchange Rate API
2025-11-14,Swiss Franc,CHF,111.4826,Exchange Rate API
2025-11-13,Swiss Franc,CHF,111.9142,Exchange Rate API
2025-11-12,Swiss Franc,CHF,111.2986,Exchange Rate API
2025-11-11,Swiss Franc,CHF,111.5911,Exchange Rate API
2025-11-10,Swiss Franc,CHF,111.6532,Exchange Rate API
2025-11-09,Swiss Franc,CHF,112.3094,Exchange Rate API
2025-11-08,Swiss Franc,CHF,111.7736,Exchange Rate API
2025-11-07,Swiss Franc,CHF,112.2163,Exchange Rate API
2025-11-06,Swiss Franc,CHF,112.5548,Exchange Rate API
2025-11-05,Swiss Franc,CHF,112.2816,Exchange Rate API
2025-11-04,Swiss Franc,CHF,112.9544,Exchange Rate API
2025-11-03,Swiss Franc,CHF,112.8863,Exchange Rate API
2025-11-02,Swiss Franc,CHF,112.6812,Exchange Rate API
2025-11-01,Swiss Franc,CHF,113.1095,Exchange Rate API
2025-10-31,Swiss Franc,CHF,113.0268,Exchange Rate API
2025-10-30,Swiss Franc,CHF,113.6968,Exchange Rate API
2025-10-29,Swiss Franc,CHF,114.0729,Exchange Rate API
2025-10-28,Swiss Franc,CHF,113.7128,Exchange Rate API
2025-10-27,Swiss Franc,CHF,114.1368,Exchange Rate API
2025-10-26,Swiss Franc,CHF,114.2572,Exchange Rate API
2025-10-25,Swiss Franc,CHF,114.0524,Exchange Rate API
2025-10-24,Swiss Franc,CHF,114.3408,Exchange Rate API
2025-10-23,Swiss Franc,CHF,114.523,Exchange Rate API
2025-10-22,Swiss Franc,CHF,114.064,Exchange Rate API
2025-10-21,Swiss Franc,CHF,113.5702,Exchange Rate API
2025-10-20,Swiss Franc,CHF,113.1704,Exchange Rate API
2025-10-19,Swiss Franc,CHF,112.7724,Exchange Rate API
2025-10-18,Swiss Franc,CHF,112.1761,Exchange Rate API
2025-10-17,Swiss Franc,CHF,111.9753,Exchange Rate API
2025-10-16,Swiss Franc,CHF,111.6811,Exchange Rate API
2025-10-15,Swiss Franc,CHF,111.7331,Exchange Rate API
2025-10-14,Swiss Franc,CHF,111.4967,Exchange Rate API
2025-10-13,Swiss Franc,CHF,111.7697,Exchange Rate API
2025-10-12,Swiss Franc,CHF,111.4871,Exchange Rate API
2025-10-11,Swiss Franc,CHF,111.1758,Exchange Rate API
2025-10-10,Swiss Franc,CHF,111.6534,Exchange Rate API
2025-10-09,Swiss Franc,CHF,112.3039,Exchange Rate API
2025-10-08,Swiss Franc,CHF,112.5455,Exchange Rate API
2025-10-07,Swiss Franc,CHF,111.9988,Exchange Rate API
2025-10-06,Swiss Franc,CHF,112.6208,Exchange Rate API
2025-10-05,Swiss Franc,CHF,113.0069,Exchange Rate API
2025-10-04,Swiss Franc,CHF,113.5748,Exchange Rate API
2025-10-03,Swiss Franc,CHF,114.246,Exchange Rate API
2025-10-02,Swiss Franc,CHF,114.7492,Exchange Rate API
2025-10-01,Swiss Franc,CHF,114.2354,Exchange Rate API
2025-09-30,Swiss Franc,CHF,114.7372,Exchange Rate API
2025-09-29,Swiss Franc,CHF,114.3925,Exchange Rate API
2025-09-28,Swiss Franc,CHF,114.6827,Exchange Rate API
2025-09-27,Swiss Franc,CHF,115.1348,Exchange Rate API
2025-09-26,Swiss Franc,CHF,115.4961,Exchange Rate API
2025-09-25,Swiss Franc,CHF,115.7404,Exchange Rate API
2025-09-24,Swiss Franc,CHF,115.7258,Exchange Rate API
2025-09-23,Swiss Franc,CHF,115.8333,Exchange Rate API
2025-09-22,Swiss Franc,CHF,115.5118,Exchange Rate API
2025-09-21,Swiss Franc,CHF,115.3929,Exchange Rate API
2025-09-20,Swiss Franc,CHF,115.3264,Exchange Rate API
2025-09-19,Swiss Franc,CHF,115.5113,Exchange Rate API
2025-09-18,Swiss Franc,CHF,116.0382,Exchange Rate API
2025-09-17,Swiss Franc,CHF,115.4716,Exchange Rate API
2025-09-16,Swiss Franc,CHF,115.4932,Exchange Rate API
2025-09-15,Swiss Franc,CHF,115.1858,Exchange Rate API
2025-09-14,Swiss Franc,CHF,115.7889,Exchange Rate API
2025-09-13,Swiss Franc,CHF,115.607,Exchange Rate API
2025-09-12,Swiss Franc,CHF,116.2316,Exchange Rate API
2025-09-11,Swiss Franc,CHF,115.9907,Exchange Rate API
2025-09-10,Swiss Franc,CHF,115.2982,Exchange Rate API
2025-09-09,Swiss Franc,CHF,115.6775,Exchange Rate API
2025-09-08,Swiss Franc,CHF,116.0006,Exchange Rate API
2025-09-07,Swiss Franc,CHF,116.3221,Exchange Rate API
2025-09-06,Swiss Franc,CHF,116.2641,Exchange Rate API
2025-09-05,Swiss Franc,CHF,116.4931,Exchange Rate API
2025-09-04,Swiss Franc,CHF,116.2949,Exchange Rate API
2025-09-03,Swiss Franc,CHF,115.6855,Exchange Rate API
2025-09-02,Swiss Franc,CHF,115.7333,Exchange Rate API
2025-09-01,Swiss Franc,CHF,115.3414,Exchange Rate API
2025-08-31,Swiss Franc,CHF,115.244,Exchange Rate API
2025-08-30,Swiss Franc,CHF,114.8455,Exchange Rate API
2025-08-29,Swiss Franc,CHF,114.5265,Exchange Rate API
2025-08-28,Swiss Franc,CHF,114.9777,Exchange Rate API
2025-08-27,Swiss Franc,CHF,114.7538,Exchange Rate API
2025-08-26,Swiss Franc,CHF,114.8611,Exchange Rate API
2025-08-25,Swiss Franc,CHF,114.9523,Exchange Rate API
2025-08-24,Swiss Franc,CHF,114.9321,Exchange Rate API
2025-08-23,Swiss Franc,CHF,114.7166,Exchange Rate API
2025-08-22,Swiss Franc,CHF,114.9679,Exchange Rate API
2025-08-21,Swiss Franc,CHF,114.3449,Exchange Rate API
2025-08-20,Swiss Franc,CHF,113.7955,Exchange Rate API
2025-08-19,Swiss Franc,CHF,114.1832,Exchange Rate API
2025-08-18,Swiss Franc,CHF,114.1278,Exchange Rate API
2025-08-17,Swiss Franc,CHF,113.6132,Exchange Rate API
2025-08-16,Swiss Franc,CHF,114.1008,Exchange Rate API
2025-08-15,Swiss Franc,CHF,114.0204,Exchange Rate API
2025-08-14,Swiss Franc,CHF,113.3372,Exchange Rate API
2025-08-13,Swiss Franc,CHF,113.9601,Exchange Rate API
2025-08-12,Swiss Franc,CHF,113.553,Exchange Rate API
2025-08-11,Swiss Franc,CHF,113.81,Exchange Rate API
2025-08-10,Swiss Franc,CHF,113.3073,Exchange Rate API
2025-08-09,Swiss Franc,CHF,113.5112,Exchange Rate API
2025-08-08,Swiss Franc,CHF,113.0467,Exchange Rate API
2025-08-07,Swiss Franc,CHF,113.6337,Exchange Rate API
2025-08-06,Swiss Franc,CHF,113.3256,Exchange Rate API
2025-08-05,Swiss Franc,CHF,113.5358,Exchange Rate API
2025-08-04,Swiss Franc,CHF,113.1957,Exchange Rate API
2026-08-03,Singapore Dollar,S$,74.3494,Exchange Rate API
2026-08-02,Singapore Dollar,S$,74.7097,Exchange Rate API
2026-08-01,Singapore Dollar,S$,74.4098,Exchange Rate API
2026-07-31,Singapore Dollar,S$,74.3172,Exchange Rate API
2026-07-30,Singapore Dollar,S$,74.1438,Exchange Rate API
2026-07-29,Singapore Dollar,S$,74.3212,Exchange Rate API
2026-07-28,Singapore Dollar,S$,74.0841,Exchange Rate API
2026-07-27,Singapore Dollar,S$,74.2223,Exchange Rate API
2026-07-26,Singapore Dollar,S$,74.4037,Exchange Rate API
2026-07-25,Singapore Dollar,S$,73.9582,Exchange Rate API
2026-07-24,Singapore Dollar,S$,73.9376,Exchange Rate API
2026-07-23,Singapore Dollar,S$,73.6117,Exchange Rate API
2026-07-22,Singapore Dollar,S$,73.3698,Exchange Rate API
2026-07-21,Singapore Dollar,S$,73.5283,Exchange Rate API
2026-07-20,Singapore Dollar,S$,73.0953,Exchange Rate API
2026-07-19,Singapore Dollar,S$,73.2669,Exchange Rate API
2026-07-18,Singapore Dollar,S$,73.5457,Exchange Rate API
2026-07-17,Singapore Dollar,S$,73.9765,Exchange Rate API
2026-07-16,Singapore Dollar,S$,73.9075,Exchange Rate API
2026-07-15,Singapore Dollar,S$,73.5813,Exchange Rate API
2026-07-14,Singapore Dollar,S$,73.2024,Exchange Rate API
2026-07-13,Singapore Dollar,S$,73.0997,Exchange Rate API
2026-07-12,Singapore Dollar,S$,73.3021,Exchange Rate API
2026-07-11,Singapore Dollar,S$,72.9524,Exchange Rate API
2026-07-10,Singapore Dollar,S$,72.789,Exchange Rate API
2026-07-09,Singapore Dollar,S$,73.1218,Exchange Rate API
2026-07-08,Singapore Dollar,S$,72.8034,Exchange Rate API
2026-07-07,Singapore Dollar,S$,73.0423,Exchange Rate API
2026-07-06,Singapore Dollar,S$,73.2642,Exchange Rate API
2026-07-05,Singapore Dollar,S$,72.9417,Exchange Rate API
2026-07-04,Singapore Dollar,S$,73.3732,Exchange Rate API
2026-07-03,Singapore Dollar,S$,73.0587,Exchange Rate API
2026-07-02,Singapore Dollar,S$,73.0854,Exchange Rate API
2026-07-01,Singapore Dollar,S$,72.6543,Exchange Rate API
2026-06-30,Singapore Dollar,S$,72.7851,Exchange Rate API
2026-06-29,Singapore Dollar,S$,72.7328,Exchange Rate API
2026-06-28,Singapore Dollar,S$,72.9269,Exchange Rate API
2026-06-27,Singapore Dollar,S$,73.039,Exchange Rate API
2026-06-26,Singapore Dollar,S$,72.7334,Exchange Rate API
2026-06-25,Singapore Dollar,S$,72.6563,Exchange Rate API
2026-06-24,Singapore Dollar,S$,72.819,Exchange Rate API
2026-06-23,Singapore Dollar,S$,73.1335,Exchange Rate API
2026-06-22,Singapore Dollar,S$,72.7708,Exchange Rate API
2026-06-21,Singapore Dollar,S$,72.4219,Exchange Rate API
2026-06-20,Singapore Dollar,S$,72.6413,Exchange Rate API
2026-06-19,Singapore Dollar,S$,72.7194,Exchange Rate API
2026-06-18,Singapore Dollar,S$,72.6182,Exchange Rate API
2026-06-17,Singapore Dollar,S$,73.0219,Exchange Rate API
2026-06-16,Singapore Dollar,S$,72.8594,Exchange Rate API
2026-06-15,Singapore Dollar,S$,72.5445,Exchange Rate API
2026-06-14,Singapore Dollar,S$,72.3503,Exchange Rate API
2026-06-13,Singapore Dollar,S$,71.9893,Exchange Rate API
2026-06-12,Singapore Dollar,S$,72.0354,Exchange Rate API
2026-06-11,Singapore Dollar,S$,72.1218,Exchange Rate API
2026-06-10,Singapore Dollar,S$,72.2149,Exchange Rate API
2026-06-09,Singapore Dollar,S$,72.4566,Exchange Rate API
2026-06-08,Singapore Dollar,S$,72.6222,Exchange Rate API
2026-06-07,Singapore Dollar,S$,72.9254,Exchange Rate API
2026-06-06,Singapore Dollar,S$,73.064,Exchange Rate API
2026-06-05,Singapore Dollar,S$,72.8901,Exchange Rate API
2026-06-04,Singapore Dollar,S$,72.9056,Exchange Rate API
2026-06-03,Singapore Dollar,S$,72.9139,Exchange Rate API
2026-06-02,Singapore Dollar,S$,73.1308,Exchange Rate API
2026-06-01,Singapore Dollar,S$,72.9514,Exchange Rate API
2026-05-31,Singapore Dollar,S$,72.5615,Exchange Rate API
2026-05-30,Singapore Dollar,S$,72.908,Exchange Rate API
2026-05-29,Singapore Dollar,S$,73.3058,Exchange Rate API
2026-05-28,Singapore Dollar,S$,73.3013,Exchange Rate API
2026-05-27,Singapore Dollar,S$,72.9607,Exchange Rate API
2026-05-26,Singapore Dollar,S$,72.9603,Exchange Rate API
2026-05-25,Singapore Dollar,S$,73.0425,Exchange Rate API
2026-05-24,Singapore Dollar,S$,73.0673,Exchange Rate API
2026-05-23,Singapore Dollar,S$,73.4861,Exchange Rate API
2026-05-22,Singapore Dollar,S$,73.9154,Exchange Rate API
2026-05-21,Singapore Dollar,S$,74.3003,Exchange Rate API
2026-05-20,Singapore Dollar,S$,73.9722,Exchange Rate API
2026-05-19,Singapore Dollar,S$,74.2925,Exchange Rate API
2026-05-18,Singapore Dollar,S$,74.3535,Exchange Rate API
2026-05-17,Singapore Dollar,S$,74.2334,Exchange Rate API
2026-05-16,Singapore Dollar,S$,74.3964,Exchange Rate API
2026-05-15,Singapore Dollar,S$,74.631,Exchange Rate API
2026-05-14,Singapore Dollar,S$,75.038,Exchange Rate API
2026-05-13,Singapore Dollar,S$,75.2815,Exchange Rate API
2026-05-12,Singapore Dollar,S$,74.8449,Exchange Rate API
2026-05-11,Singapore Dollar,S$,74.4565,Exchange Rate API
2026-05-10,Singapore Dollar,S$,74.244,Exchange Rate API
2026-05-09,Singapore Dollar,S$,73.834,Exchange Rate API
2026-05-08,Singapore Dollar,S$,73.4446,Exchange Rate API
2026-05-07,Singapore Dollar,S$,73.6996,Exchange Rate API
2026-05-06,Singapore Dollar,S$,73.7054,Exchange Rate API
2026-05-05,Singapore Dollar,S$,73.8191,Exchange Rate API
2026-05-04,Singapore Dollar,S$,73.82,Exchange Rate API
2026-05-03,Singapore Dollar,S$,73.7451,Exchange Rate API
2026-05-02,Singapore Dollar,S$,73.9237,Exchange Rate API
2026-05-01,Singapore Dollar,S$,73.5533,Exchange Rate API
2026-04-30,Singapore Dollar,S$,73.5856,Exchange Rate API
2026-04-29,Singapore Dollar,S$,73.6881,Exchange Rate API
2026-04-28,Singapore Dollar,S$,73.4913,Exchange Rate API
2026-04-27,Singapore Dollar,S$,73.3237,Exchange Rate API
2026-04-26,Singapore Dollar,S$,73.3336,Exchange Rate API
2026-04-25,Singapore Dollar,S$,73.0724,Exchange Rate API
2026-04-24,Singapore Dollar,S$,73.3425,Exchange Rate API
2026-04-23,Singapore Dollar,S$,73.3745,Exchange Rate API
2026-04-22,Singapore Dollar,S$,73.2783,Exchange Rate API
2026-04-21,Singapore Dollar,S$,73.3964,Exchange Rate API
2026-04-20,Singapore Dollar,S$,73.691,Exchange Rate API
2026-04-19,Singapore Dollar,S$,73.8511,Exchange Rate API
2026-04-18,Singapore Dollar,S$,73.4666,Exchange Rate API
2026-04-17,Singapore Dollar,S$,73.6418,Exchange Rate API
2026-04-16,Singapore Dollar,S$,73.845,Exchange Rate API
2026-04-15,Singapore Dollar,S$,74.152,Exchange Rate API
2026-04-14,Singapore Dollar,S$,73.7586,Exchange Rate API
2026-04-13,Singapore Dollar,S$,73.3924,Exchange Rate API
2026-04-12,Singapore Dollar,S$,73.3347,Exchange Rate API
2026-04-11,Singapore Dollar,S$,73.2937,Exchange Rate API
2026-04-10,Singapore Dollar,S$,73.3894,Exchange Rate API
2026-04-09,Singapore Dollar,S$,73.2214,Exchange Rate API
2026-04-08,Singapore Dollar,S$,73.4338,Exchange Rate API
2026-04-07,Singapore Dollar,S$,73.6459,Exchange Rate API
2026-04-06,Singapore Dollar,S$,73.3096,Exchange Rate API
2026-04-05,Singapore Dollar,S$,73.4925,Exchange Rate API
2026-04-04,Singapore Dollar,S$,73.6702,Exchange Rate API
2026-04-03,Singapore Dollar,S$,73.373,Exchange Rate API
2026-04-02,Singapore Dollar,S$,73.7719,Exchange Rate API
2026-04-01,Singapore Dollar,S$,73.7923,Exchange Rate API
2026-03-31,Singapore Dollar,S$,74.0429,Exchange Rate API
2026-03-30,Singapore Dollar,S$,74.2391,Exchange Rate API
2026-03-29,Singapore Dollar,S$,73.9424,Exchange Rate API
2026-03-28,Singapore Dollar,S$,73.6114,Exchange Rate API
2026-03-27,Singapore Dollar,S$,73.8597,Exchange Rate API
2026-03-26,Singapore Dollar,S$,73.6548,Exchange Rate API
2026-03-25,Singapore Dollar,S$,73.9963,Exchange Rate API
2026-03-24,Singapore Dollar,S$,74.2373,Exchange Rate API
2026-03-23,Singapore Dollar,S$,73.818,Exchange Rate API
2026-03-22,Singapore Dollar,S$,74.09,Exchange Rate API
2026-03-21,Singapore Dollar,S$,73.8873,Exchange Rate API
2026-03-20,Singapore Dollar,S$,73.5006,Exchange Rate API
2026-03-19,Singapore Dollar,S$,73.6879,Exchange Rate API
2026-03-18,Singapore Dollar,S$,73.7557,Exchange Rate API
2026-03-17,Singapore Dollar,S$,73.3814,Exchange Rate API
2026-03-16,Singapore Dollar,S$,73.3419,Exchange Rate API
2026-03-15,Singapore Dollar,S$,73.2188,Exchange Rate API
2026-03-14,Singapore Dollar,S$,73.2185,Exchange Rate API
2026-03-13,Singapore Dollar,S$,73.2773,Exchange Rate API
2026-03-12,Singapore Dollar,S$,73.161,Exchange Rate API
2026-03-11,Singapore Dollar,S$,72.946,Exchange Rate API
2026-03-10,Singapore Dollar,S$,72.5984,Exchange Rate API
2026-03-09,Singapore Dollar,S$,72.6628,Exchange Rate API
2026-03-08,Singapore Dollar,S$,72.8571,Exchange Rate API
2026-03-07,Singapore Dollar,S$,72.6196,Exchange Rate API
2026-03-06,Singapore Dollar,S$,72.6273,Exchange Rate API
2026-03-05,Singapore Dollar,S$,72.2299,Exchange Rate API
2026-03-04,Singapore Dollar,S$,72.5445,Exchange Rate API
2026-03-03,Singapore Dollar,S$,72.3221,Exchange Rate API
2026-03-02,Singapore Dollar,S$,72.2976,Exchange Rate API
2026-03-01,Singapore Dollar,S$,72.1961,Exchange Rate API
2026-02-28,Singapore Dollar,S$,71.8929,Exchange Rate API
2026-02-27,Singapore Dollar,S$,72.2649,Exchange Rate API
2026-02-26,Singapore Dollar,S$,72.5749,Exchange Rate API
2026-02-25,Singapore Dollar,S$,72.6209,Exchange Rate API
2026-02-24,Singapore Dollar,S$,72.9816,Exchange Rate API
2026-02-23,Singapore Dollar,S$,73.1924,Exchange Rate API
2026-02-22,Singapore Dollar,S$,73.1216,Exchange Rate API
2026-02-21,Singapore Dollar,S$,72.9652,Exchange Rate API
2026-02-20,Singapore Dollar,S$,72.8919,Exchange Rate API
2026-02-19,Singapore Dollar,S$,73.0846,Exchange Rate API
2026-02-18,Singapore Dollar,S$,72.884,Exchange Rate API
2026-02-17,Singapore Dollar,S$,72.5148,Exchange Rate API
2026-02-16,Singapore Dollar,S$,72.4041,Exchange Rate API
2026-02-15,Singapore Dollar,S$,72.4059,Exchange Rate API
2026-02-14,Singapore Dollar,S$,72.7551,Exchange Rate API
2026-02-13,Singapore Dollar,S$,72.4751,Exchange Rate API
2026-02-12,Singapore Dollar,S$,72.7398,Exchange Rate API
2026-02-11,Singapore Dollar,S$,73.16,Exchange Rate API
2026-02-10,Singapore Dollar,S$,73.5586,Exchange Rate API
2026-02-09,Singapore Dollar,S$,73.1781,Exchange Rate API
2026-02-08,Singapore Dollar,S$,73.1474,Exchange Rate API
2026-02-07,Singapore Dollar,S$,72.9563,Exchange Rate API
2026-02-06,Singapore Dollar,S$,73.2582,Exchange Rate API
2026-02-05,Singapore Dollar,S$,73.1064,Exchange Rate API
2026-02-04,Singapore Dollar,S$,73.153,Exchange Rate API
2026-02-03,Singapore Dollar,S$,72.7211,Exchange Rate API
2026-02-02,Singapore Dollar,S$,72.4599,Exchange Rate API
2026-02-01,Singapore Dollar,S$,72.5154,Exchange Rate API
2026-01-31,Singapore Dollar,S$,72.3448,Exchange Rate API
2026-01-30,Singapore Dollar,S$,72.4513,Exchange Rate API
2026-01-29,Singapore Dollar,S$,72.4199,Exchange Rate API
2026-01-28,Singapore Dollar,S$,72.4996,Exchange Rate API
2026-01-27,Singapore Dollar,S$,72.4938,Exchange Rate API
2026-01-26,Singapore Dollar,S$,72.731,Exchange Rate API
2026-01-25,Singapore Dollar,S$,72.4652,Exchange Rate API
2026-01-24,Singapore Dollar,S$,72.8134,Exchange Rate API
2026-01-23,Singapore Dollar,S$,73.041,Exchange Rate API
2026-01-22,Singapore Dollar,S$,72.8176,Exchange Rate API
2026-01-21,Singapore Dollar,S$,72.3863,Exchange Rate API
2026-01-20,Singapore Dollar,S$,72.3082,Exchange Rate API
2026-01-19,Singapore Dollar,S$,72.0765,Exchange Rate API
2026-01-18,Singapore Dollar,S$,71.9437,Exchange Rate API
2026-01-17,Singapore Dollar,S$,72.2369,Exchange Rate API
2026-01-16,Singapore Dollar,S$,72.5639,Exchange Rate API
2026-01-15,Singapore Dollar,S$,72.9566,Exchange Rate API
2026-01-14,Singapore Dollar,S$,72.5201,Exchange Rate API
2026-01-13,Singapore Dollar,S$,72.657,Exchange Rate API
2026-01-12,Singapore Dollar,S$,72.9613,Exchange Rate API
2026-01-11,Singapore Dollar,S$,73.1602,Exchange Rate API
2026-01-10,Singapore Dollar,S$,72.8125,Exchange Rate API
2026-01-09,Singapore Dollar,S$,72.8386,Exchange Rate API
2026-01-08,Singapore Dollar,S$,72.6097,Exchange Rate API
2026-01-07,Singapore Dollar,S$,72.6028,Exchange Rate API
2026-01-06,Singapore Dollar,S$,72.2194,Exchange Rate API
2026-01-05,Singapore Dollar,S$,72.6501,Exchange Rate API
2026-01-04,Singapore Dollar,S$,72.8346,Exchange Rate API
2026-01-03,Singapore Dollar,S$,72.4789,Exchange Rate API
2026-01-02,Singapore Dollar,S$,72.8453,Exchange Rate API
2026-01-01,Singapore Dollar,S$,73.1926,Exchange Rate API
2025-12-31,Singapore Dollar,S$,73.21,Exchange Rate API
2025-12-30,Singapore Dollar,S$,73.3864,Exchange Rate API
2025-12-29,Singapore Dollar,S$,73.2741,Exchange Rate API
2025-12-28,Singapore Dollar,S$,73.6914,Exchange Rate API
2025-12-27,Singapore Dollar,S$,73.3243,Exchange Rate API
2025-12-26,Singapore Dollar,S$,72.9685,Exchange Rate API
2025-12-25,Singapore Dollar,S$,72.6476,Exchange Rate API
2025-12-24,Singapore Dollar,S$,72.9265,Exchange Rate API
2025-12-23,Singapore Dollar,S$,72.5544,Exchange Rate API
2025-12-22,Singapore Dollar,S$,72.6134,Exchange Rate API
2025-12-21,Singapore Dollar,S$,72.5567,Exchange Rate API
2025-12-20,Singapore Dollar,S$,72.9609,Exchange Rate API
2025-12-19,Singapore Dollar,S$,72.7304,Exchange Rate API
2025-12-18,Singapore Dollar,S$,72.5218,Exchange Rate API
2025-12-17,Singapore Dollar,S$,72.3608,Exchange Rate API
2025-12-16,Singapore Dollar,S$,72.622,Exchange Rate API
2025-12-15,Singapore Dollar,S$,72.7969,Exchange Rate API
2025-12-14,Singapore Dollar,S$,73.0025,Exchange Rate API
2025-12-13,Singapore Dollar,S$,72.8431,Exchange Rate API
2025-12-12,Singapore Dollar,S$,72.6438,Exchange Rate API
2025-12-11,Singapore Dollar,S$,72.273,Exchange Rate API
2025-12-10,Singapore Dollar,S$,72.0152,Exchange Rate API
2025-12-09,Singapore Dollar,S$,72.2571,Exchange Rate API
2025-12-08,Singapore Dollar,S$,72.3305,Exchange Rate API
2025-12-07,Singapore Dollar,S$,72.0314,Exchange Rate API
2025-12-06,Singapore Dollar,S$,71.7413,Exchange Rate API
2025-12-05,Singapore Dollar,S$,71.7121,Exchange Rate API
2025-12-04,Singapore Dollar,S$,71.6316,Exchange Rate API
2025-12-03,Singapore Dollar,S$,71.6625,Exchange Rate API
2025-12-02,Singapore Dollar,S$,72.0621,Exchange Rate API
2025-12-01,Singapore Dollar,S$,71.8093,Exchange Rate API
2025-11-30,Singapore Dollar,S$,71.6441,Exchange Rate API
2025-11-29,Singapore Dollar,S$,71.4421,Exchange Rate API
2025-11-28,Singapore Dollar,S$,71.1162,Exchange Rate API
2025-11-27,Singapore Dollar,S$,70.824,Exchange Rate API
2025-11-26,Singapore Dollar,S$,70.9821,Exchange Rate API
2025-11-25,Singapore Dollar,S$,71.2601,Exchange Rate API
2025-11-24,Singapore Dollar,S$,71.4285,Exchange Rate API
2025-11-23,Singapore Dollar,S$,71.0345,Exchange Rate API
2025-11-22,Singapore Dollar,S$,71.3208,Exchange Rate API
2025-11-21,Singapore Dollar,S$,71.1734,Exchange Rate API
2025-11-20,Singapore Dollar,S$,70.8243,Exchange Rate API
2025-11-19,Singapore Dollar,S$,70.6103,Exchange Rate API
2025-11-18,Singapore Dollar,S$,70.4881,Exchange Rate API
2025-11-17,Singapore Dollar,S$,70.4995,Exchange Rate API
2025-11-16,Singapore Dollar,S$,70.6494,Exchange Rate API
2025-11-15,Singapore Dollar,S$,70.4461,Exchange Rate API
2025-11-14,Singapore Dollar,S$,70.8609,Exchange Rate API
2025-11-13,Singapore Dollar,S$,70.4622,Exchange Rate API
2025-11-12,Singapore Dollar,S$,70.3814,Exchange Rate API
2025-11-11,Singapore Dollar,S$,70.341,Exchange Rate API
2025-11-10,Singapore Dollar,S$,70.5504,Exchange Rate API
2025-11-09,Singapore Dollar,S$,70.3386,Exchange Rate API
2025-11-08,Singapore Dollar,S$,70.3066,Exchange Rate API
2025-11-07,Singapore Dollar,S$,70.563,Exchange Rate API
2025-11-06,Singapore Dollar,S$,70.258,Exchange Rate API
2025-11-05,Singapore Dollar,S$,69.8465,Exchange Rate API
2025-11-04,Singapore Dollar,S$,70.1234,Exchange Rate API
2025-11-03,Singapore Dollar,S$,70.5295,Exchange Rate API
2025-11-02,Singapore Dollar,S$,70.217,Exchange Rate API
2025-11-01,Singapore Dollar,S$,70.4897,Exchange Rate API
2025-10-31,Singapore Dollar,S$,70.3816,Exchange Rate API
2025-10-30,Singapore Dollar,S$,70.4916,Exchange Rate API
2025-10-29,Singapore Dollar,S$,70.614,Exchange Rate API
2025-10-28,Singapore Dollar,S$,70.6838,Exchange Rate API
2025-10-27,Singapore Dollar,S$,70.4792,Exchange Rate API
2025-10-26,Singapore Dollar,S$,70.7437,Exchange Rate API
2025-10-25,Singapore Dollar,S$,70.3377,Exchange Rate API
2025-10-24,Singapore Dollar,S$,69.9701,Exchange Rate API
2025-10-23,Singapore Dollar,S$,70.3081,Exchange Rate API
2025-10-22,Singapore Dollar,S$,70.2604,Exchange Rate API
2025-10-21,Singapore Dollar,S$,69.9474,Exchange Rate API
2025-10-20,Singapore Dollar,S$,70.2874,Exchange Rate API
2025-10-19,Singapore Dollar,S$,70.5652,Exchange Rate API
2025-10-18,Singapore Dollar,S$,70.4226,Exchange Rate API
2025-10-17,Singapore Dollar,S$,70.0361,Exchange Rate API
2025-10-16,Singapore Dollar,S$,70.0033,Exchange Rate API
2025-10-15,Singapore Dollar,S$,69.7244,Exchange Rate API
2025-10-14,Singapore Dollar,S$,69.7862,Exchange Rate API
2025-10-13,Singapore Dollar,S$,70.0556,Exchange Rate API
2025-10-12,Singapore Dollar,S$,69.9673,Exchange Rate API
2025-10-11,Singapore Dollar,S$,69.5722,Exchange Rate API
2025-10-10,Singapore Dollar,S$,69.7252,Exchange Rate API
2025-10-09,Singapore Dollar,S$,69.4514,Exchange Rate API
2025-10-08,Singapore Dollar,S$,69.2136,Exchange Rate API
2025-10-07,Singapore Dollar,S$,68.9538,Exchange Rate API
2025-10-06,Singapore Dollar,S$,68.7716,Exchange Rate API
2025-10-05,Singapore Dollar,S$,69.088,Exchange Rate API
2025-10-04,Singapore Dollar,S$,68.7022,Exchange Rate API
2025-10-03,Singapore Dollar,S$,68.8005,Exchange Rate API
2025-10-02,Singapore Dollar,S$,68.5906,Exchange Rate API
2025-10-01,Singapore Dollar,S$,68.422,Exchange Rate API
2025-09-30,Singapore Dollar,S$,68.3497,Exchange Rate API
2025-09-29,Singapore Dollar,S$,68.3913,Exchange Rate API
2025-09-28,Singapore Dollar,S$,68.031,Exchange Rate API
2025-09-27,Singapore Dollar,S$,67.8512,Exchange Rate API
2025-09-26,Singapore Dollar,S$,67.5558,Exchange Rate API
2025-09-25,Singapore Dollar,S$,67.3122,Exchange Rate API
2025-09-24,Singapore Dollar,S$,67.6229,Exchange Rate API
2025-09-23,Singapore Dollar,S$,67.6438,Exchange Rate API
2025-09-22,Singapore Dollar,S$,67.7499,Exchange Rate API
2025-09-21,Singapore Dollar,S$,67.9956,Exchange Rate API
2025-09-20,Singapore Dollar,S$,68.2362,Exchange Rate API
2025-09-19,Singapore Dollar,S$,68.6369,Exchange Rate API
2025-09-18,Singapore Dollar,S$,68.8691,Exchange Rate API
2025-09-17,Singapore Dollar,S$,68.7527,Exchange Rate API
2025-09-16,Singapore Dollar,S$,68.7894,Exchange Rate API
2025-09-15,Singapore Dollar,S$,68.7768,Exchange Rate API
2025-09-14,Singapore Dollar,S$,69.1174,Exchange Rate API
2025-09-13,Singapore Dollar,S$,69.1194,Exchange Rate API
2025-09-12,Singapore Dollar,S$,69.0268,Exchange Rate API
2025-09-11,Singapore Dollar,S$,68.7616,Exchange Rate API
2025-09-10,Singapore Dollar,S$,68.6121,Exchange Rate API
2025-09-09,Singapore Dollar,S$,68.3808,Exchange Rate API
2025-09-08,Singapore Dollar,S$,68.7056,Exchange Rate API
2025-09-07,Singapore Dollar,S$,68.9352,Exchange Rate API
2025-09-06,Singapore Dollar,S$,68.5701,Exchange Rate API
2025-09-05,Singapore Dollar,S$,68.9746,Exchange Rate API
2025-09-04,Singapore Dollar,S$,68.999,Exchange Rate API
2025-09-03,Singapore Dollar,S$,69.2199,Exchange Rate API
2025-09-02,Singapore Dollar,S$,69.6349,Exchange Rate API
2025-09-01,Singapore Dollar,S$,70.031,Exchange Rate API
2025-08-31,Singapore Dollar,S$,69.695,Exchange Rate API
2025-08-30,Singapore Dollar,S$,69.8262,Exchange Rate API
2025-08-29,Singapore Dollar,S$,69.6306,Exchange Rate API
2025-08-28,Singapore Dollar,S$,69.8949,Exchange Rate API
2025-08-27,Singapore Dollar,S$,70.2449,Exchange Rate API
2025-08-26,Singapore Dollar,S$,69.8706,Exchange Rate API
2025-08-25,Singapore Dollar,S$,70.2868,Exchange Rate API
2025-08-24,Singapore Dollar,S$,70.0501,Exchange Rate API
2025-08-23,Singapore Dollar,S$,70.3414,Exchange Rate API
2025-08-22,Singapore Dollar,S$,70.5924,Exchange Rate API
2025-08-21,Singapore Dollar,S$,70.4694,Exchange Rate API
2025-08-20,Singapore Dollar,S$,70.7563,Exchange Rate API
2025-08-19,Singapore Dollar,S$,71.0494,Exchange Rate API
2025-08-18,Singapore Dollar,S$,70.7732,Exchange Rate API
2025-08-17,Singapore Dollar,S$,70.8518,Exchange Rate API
2025-08-16,Singapore Dollar,S$,71.1121,Exchange Rate API
2025-08-15,Singapore Dollar,S$,71.2807,Exchange Rate API
2025-08-14,Singapore Dollar,S$,71.6348,Exchange Rate API
2025-08-13,Singapore Dollar,S$,71.2292,Exchange Rate API
2025-08-12,Singapore Dollar,S$,71.4006,Exchange Rate API
2025-08-11,Singapore Dollar,S$,71.7841,Exchange Rate API
2025-08-10,Singapore Dollar,S$,71.8389,Exchange Rate API
2025-08-09,Singapore Dollar,S$,71.8933,Exchange Rate API
2025-08-08,Singapore Dollar,S$,71.6243,Exchange Rate API
2025-08-07,Singapore Dollar,S$,72.0437,Exchange Rate API
2025-08-06,Singapore Dollar,S$,72.3736,Exchange Rate API
2025-08-05,Singapore Dollar,S$,72.3668,Exchange Rate API
2025-08-04,Singapore Dollar,S$,72.201,Exchange Rate API
2026-08-03,UAE Dirham,د.إ,25.997,Exchange Rate API
2026-08-02,UAE Dirham,د.إ,25.8692,Exchange Rate API
2026-08-01,UAE Dirham,د.إ,25.7862,Exchange Rate API
2026-07-31,UAE Dirham,د.إ,25.6992,Exchange Rate API
2026-07-30,UAE Dirham,د.إ,25.7074,Exchange Rate API
2026-07-29,UAE Dirham,د.إ,25.5534,Exchange Rate API
2026-07-28,UAE Dirham,د.إ,25.6815,Exchange Rate API
2026-07-27,UAE Dirham,د.إ,25.5895,Exchange Rate API
2026-07-26,UAE Dirham,د.إ,25.476,Exchange Rate API
2026-07-25,UAE Dirham,د.إ,25.5423,Exchange Rate API
2026-07-24,UAE Dirham,د.إ,25.6707,Exchange Rate API
2026-07-23,UAE Dirham,د.إ,25.7768,Exchange Rate API
2026-07-22,UAE Dirham,د.إ,25.7222,Exchange Rate API
2026-07-21,UAE Dirham,د.إ,25.5746,Exchange Rate API
2026-07-20,UAE Dirham,د.إ,25.6012,Exchange Rate API
2026-07-19,UAE Dirham,د.إ,25.7294,Exchange Rate API
2026-07-18,UAE Dirham,د.إ,25.8141,Exchange Rate API
2026-07-17,UAE Dirham,د.إ,25.9214,Exchange Rate API
2026-07-16,UAE Dirham,د.إ,26.0336,Exchange Rate API
2026-07-15,UAE Dirham,د.إ,26.1775,Exchange Rate API
2026-07-14,UAE Dirham,د.إ,26.1378,Exchange Rate API
2026-07-13,UAE Dirham,د.إ,26.2764,Exchange Rate API
2026-07-12,UAE Dirham,د.إ,26.2435,Exchange Rate API
2026-07-11,UAE Dirham,د.إ,26.1179,Exchange Rate API
2026-07-10,UAE Dirham,د.إ,26.0558,Exchange Rate API
2026-07-09,UAE Dirham,د.إ,25.9421,Exchange Rate API
2026-07-08,UAE Dirham,د.إ,25.8355,Exchange Rate API
2026-07-07,UAE Dirham,د.إ,25.9746,Exchange Rate API
2026-07-06,UAE Dirham,د.إ,26.0656,Exchange Rate API
2026-07-05,UAE Dirham,د.إ,26.2097,Exchange Rate API
2026-07-04,UAE Dirham,د.إ,26.2566,Exchange Rate API
2026-07-03,UAE Dirham,د.إ,26.1539,Exchange Rate API
2026-07-02,UAE Dirham,د.إ,26.301,Exchange Rate API
2026-07-01,UAE Dirham,د.إ,26.3621,Exchange Rate API
2026-06-30,UAE Dirham,د.إ,26.4978,Exchange Rate API
2026-06-29,UAE Dirham,د.إ,26.5891,Exchange Rate API
2026-06-28,UAE Dirham,د.إ,26.5008,Exchange Rate API
2026-06-27,UAE Dirham,د.إ,26.5291,Exchange Rate API
2026-06-26,UAE Dirham,د.إ,26.4257,Exchange Rate API
2026-06-25,UAE Dirham,د.إ,26.3644,Exchange Rate API
2026-06-24,UAE Dirham,د.إ,26.424,Exchange Rate API
2026-06-23,UAE Dirham,د.إ,26.3058,Exchange Rate API
2026-06-22,UAE Dirham,د.إ,26.378,Exchange Rate API
2026-06-21,UAE Dirham,د.إ,26.5201,Exchange Rate API
2026-06-20,UAE Dirham,د.إ,26.6629,Exchange Rate API
2026-06-19,UAE Dirham,د.إ,26.6282,Exchange Rate API
2026-06-18,UAE Dirham,د.إ,26.7861,Exchange Rate API
2026-06-17,UAE Dirham,د.إ,26.9356,Exchange Rate API
2026-06-16,UAE Dirham,د.إ,26.7845,Exchange Rate API
2026-06-15,UAE Dirham,د.إ,26.8174,Exchange Rate API
2026-06-14,UAE Dirham,د.إ,26.9529,Exchange Rate API
2026-06-13,UAE Dirham,د.إ,27.1041,Exchange Rate API
2026-06-12,UAE Dirham,د.إ,27.0133,Exchange Rate API
2026-06-11,UAE Dirham,د.إ,27.0345,Exchange Rate API
2026-06-10,UAE Dirham,د.إ,27.1762,Exchange Rate API
2026-06-09,UAE Dirham,د.إ,27.059,Exchange Rate API
2026-06-08,UAE Dirham,د.إ,27.1387,Exchange Rate API
2026-06-07,UAE Dirham,د.إ,27.0534,Exchange Rate API
2026-06-06,UAE Dirham,د.إ,27.21,Exchange Rate API
2026-06-05,UAE Dirham,د.إ,27.1016,Exchange Rate API
2026-06-04,UAE Dirham,د.إ,27.2269,Exchange Rate API
2026-06-03,UAE Dirham,د.إ,27.0925,Exchange Rate API
2026-06-02,UAE Dirham,د.إ,27.1604,Exchange Rate API
2026-06-01,UAE Dirham,د.إ,27.2057,Exchange Rate API
2026-05-31,UAE Dirham,د.إ,27.3319,Exchange Rate API
2026-05-30,UAE Dirham,د.إ,27.3144,Exchange Rate API
2026-05-29,UAE Dirham,د.إ,27.2374,Exchange Rate API
2026-05-28,UAE Dirham,د.إ,27.1555,Exchange Rate API
2026-05-27,UAE Dirham,د.إ,27.0147,Exchange Rate API
2026-05-26,UAE Dirham,د.إ,26.9358,Exchange Rate API
2026-05-25,UAE Dirham,د.إ,26.8091,Exchange Rate API
2026-05-24,UAE Dirham,د.إ,26.6487,Exchange Rate API
2026-05-23,UAE Dirham,د.إ,26.6122,Exchange Rate API
2026-05-22,UAE Dirham,د.إ,26.6865,Exchange Rate API
2026-05-21,UAE Dirham,د.إ,26.8367,Exchange Rate API
2026-05-20,UAE Dirham,د.إ,26.9605,Exchange Rate API
2026-05-19,UAE Dirham,د.إ,26.9583,Exchange Rate API
2026-05-18,UAE Dirham,د.إ,26.9191,Exchange Rate API
2026-05-17,UAE Dirham,د.إ,26.934,Exchange Rate API
2026-05-16,UAE Dirham,د.إ,26.8052,Exchange Rate API
2026-05-15,UAE Dirham,د.إ,26.7986,Exchange Rate API
2026-05-14,UAE Dirham,د.إ,26.9157,Exchange Rate API
2026-05-13,UAE Dirham,د.إ,26.9645,Exchange Rate API
2026-05-12,UAE Dirham,د.إ,27.0251,Exchange Rate API
2026-05-11,UAE Dirham,د.إ,26.9157,Exchange Rate API
2026-05-10,UAE Dirham,د.إ,26.778,Exchange Rate API
2026-05-09,UAE Dirham,د.إ,26.8891,Exchange Rate API
2026-05-08,UAE Dirham,د.إ,26.8229,Exchange Rate API
2026-05-07,UAE Dirham,د.إ,26.7645,Exchange Rate API
2026-05-06,UAE Dirham,د.إ,26.9096,Exchange Rate API
2026-05-05,UAE Dirham,د.إ,26.7721,Exchange Rate API
2026-05-04,UAE Dirham,د.إ,26.6661,Exchange Rate API
2026-05-03,UAE Dirham,د.إ,26.6262,Exchange Rate API
2026-05-02,UAE Dirham,د.إ,26.7003,Exchange Rate API
2026-05-01,UAE Dirham,د.إ,26.7154,Exchange Rate API
2026-04-30,UAE Dirham,د.إ,26.843,Exchange Rate API
2026-04-29,UAE Dirham,د.إ,26.7119,Exchange Rate API
2026-04-28,UAE Dirham,د.إ,26.742,Exchange Rate API
2026-04-27,UAE Dirham,د.إ,26.7785,Exchange Rate API
2026-04-26,UAE Dirham,د.إ,26.773,Exchange Rate API
2026-04-25,UAE Dirham,د.إ,26.6223,Exchange Rate API
2026-04-24,UAE Dirham,د.إ,26.7636,Exchange Rate API
2026-04-23,UAE Dirham,د.إ,26.656,Exchange Rate API
2026-04-22,UAE Dirham,د.إ,26.7807,Exchange Rate API
2026-04-21,UAE Dirham,د.إ,26.6705,Exchange Rate API
2026-04-20,UAE Dirham,د.إ,26.5429,Exchange Rate API
2026-04-19,UAE Dirham,د.إ,26.4491,Exchange Rate API
2026-04-18,UAE Dirham,د.إ,26.3507,Exchange Rate API
2026-04-17,UAE Dirham,د.إ,26.4131,Exchange Rate API
2026-04-16,UAE Dirham,د.إ,26.4835,Exchange Rate API
2026-04-15,UAE Dirham,د.إ,26.5566,Exchange Rate API
2026-04-14,UAE Dirham,د.إ,26.4818,Exchange Rate API
2026-04-13,UAE Dirham,د.إ,26.4124,Exchange Rate API
2026-04-12,UAE Dirham,د.إ,26.3292,Exchange Rate API
2026-04-11,UAE Dirham,د.إ,26.1869,Exchange Rate API
2026-04-10,UAE Dirham,د.إ,26.2095,Exchange Rate API
2026-04-09,UAE Dirham,د.إ,26.3164,Exchange Rate API
2026-04-08,UAE Dirham,د.إ,26.207,Exchange Rate API
2026-04-07,UAE Dirham,د.إ,26.1632,Exchange Rate API
2026-04-06,UAE Dirham,د.إ,26.1405,Exchange Rate API
2026-04-05,UAE Dirham,د.إ,26.0761,Exchange Rate API
2026-04-04,UAE Dirham,د.إ,26.1268,Exchange Rate API
2026-04-03,UAE Dirham,د.إ,26.1582,Exchange Rate API
2026-04-02,UAE Dirham,د.إ,26.0639,Exchange Rate API
2026-04-01,UAE Dirham,د.إ,25.9156,Exchange Rate API
2026-03-31,UAE Dirham,د.إ,25.8132,Exchange Rate API
2026-03-30,UAE Dirham,د.إ,25.7487,Exchange Rate API
2026-03-29,UAE Dirham,د.إ,25.6195,Exchange Rate API
2026-03-28,UAE Dirham,د.إ,25.7252,Exchange Rate API
2026-03-27,UAE Dirham,د.إ,25.666,Exchange Rate API
2026-03-26,UAE Dirham,د.إ,25.6344,Exchange Rate API
2026-03-25,UAE Dirham,د.إ,25.631,Exchange Rate API
2026-03-24,UAE Dirham,د.إ,25.6805,Exchange Rate API
2026-03-23,UAE Dirham,د.إ,25.5545,Exchange Rate API
2026-03-22,UAE Dirham,د.إ,25.568,Exchange Rate API
2026-03-21,UAE Dirham,د.إ,25.4713,Exchange Rate API
2026-03-20,UAE Dirham,د.إ,25.5891,Exchange Rate API
2026-03-19,UAE Dirham,د.إ,25.549,Exchange Rate API
2026-03-18,UAE Dirham,د.إ,25.5324,Exchange Rate API
2026-03-17,UAE Dirham,د.إ,25.4599,Exchange Rate API
2026-03-16,UAE Dirham,د.إ,25.4492,Exchange Rate API
2026-03-15,UAE Dirham,د.إ,25.3656,Exchange Rate API
2026-03-14,UAE Dirham,د.إ,25.2952,Exchange Rate API
2026-03-13,UAE Dirham,د.إ,25.1621,Exchange Rate API
2026-03-12,UAE Dirham,د.إ,25.2383,Exchange Rate API
2026-03-11,UAE Dirham,د.إ,25.289,Exchange Rate API
2026-03-10,UAE Dirham,د.إ,25.1633,Exchange Rate API
2026-03-09,UAE Dirham,د.إ,25.1161,Exchange Rate API
2026-03-08,UAE Dirham,د.إ,25.1286,Exchange Rate API
2026-03-07,UAE Dirham,د.إ,25.2705,Exchange Rate API
2026-03-06,UAE Dirham,د.إ,25.2977,Exchange Rate API
2026-03-05,UAE Dirham,د.إ,25.314,Exchange Rate API
2026-03-04,UAE Dirham,د.إ,25.4175,Exchange Rate API
2026-03-03,UAE Dirham,د.إ,25.5146,Exchange Rate API
2026-03-02,UAE Dirham,د.إ,25.4897,Exchange Rate API
2026-03-01,UAE Dirham,د.إ,25.5006,Exchange Rate API
2026-02-28,UAE Dirham,د.إ,25.6129,Exchange Rate API
2026-02-27,UAE Dirham,د.إ,25.6052,Exchange Rate API
2026-02-26,UAE Dirham,د.إ,25.7225,Exchange Rate API
2026-02-25,UAE Dirham,د.إ,25.7152,Exchange Rate API
2026-02-24,UAE Dirham,د.إ,25.5853,Exchange Rate API
2026-02-23,UAE Dirham,د.إ,25.709,Exchange Rate API
2026-02-22,UAE Dirham,د.إ,25.7751,Exchange Rate API
2026-02-21,UAE Dirham,د.إ,25.7757,Exchange Rate API
2026-02-20,UAE Dirham,د.إ,25.8996,Exchange Rate API
2026-02-19,UAE Dirham,د.إ,25.993,Exchange Rate API
2026-02-18,UAE Dirham,د.إ,26.0484,Exchange Rate API
2026-02-17,UAE Dirham,د.إ,26.086,Exchange Rate API
2026-02-16,UAE Dirham,د.إ,25.9671,Exchange Rate API
2026-02-15,UAE Dirham,د.إ,26.0472,Exchange Rate API
2026-02-14,UAE Dirham,د.إ,25.945,Exchange Rate API
2026-02-13,UAE Dirham,د.إ,26.0958,Exchange Rate API
2026-02-12,UAE Dirham,د.إ,26.2437,Exchange Rate API
2026-02-11,UAE Dirham,د.إ,26.3408,Exchange Rate API
2026-02-10,UAE Dirham,د.إ,26.2226,Exchange Rate API
2026-02-09,UAE Dirham,د.إ,26.1985,Exchange Rate API
2026-02-08,UAE Dirham,د.إ,26.352,Exchange Rate API
2026-02-07,UAE Dirham,د.إ,26.3316,Exchange Rate API
2026-02-06,UAE Dirham,د.إ,26.4887,Exchange Rate API
2026-02-05,UAE Dirham,د.إ,26.5291,Exchange Rate API
2026-02-04,UAE Dirham,د.إ,26.6355,Exchange Rate API
2026-02-03,UAE Dirham,د.إ,26.5581,Exchange Rate API
2026-02-02,UAE Dirham,د.إ,26.689,Exchange Rate API
2026-02-01,UAE Dirham,د.إ,26.8216,Exchange Rate API
2026-01-31,UAE Dirham,د.إ,26.6822,Exchange Rate API
2026-01-30,UAE Dirham,د.إ,26.6464,Exchange Rate API
2026-01-29,UAE Dirham,د.إ,26.6136,Exchange Rate API
2026-01-28,UAE Dirham,د.إ,26.5581,Exchange Rate API
2026-01-27,UAE Dirham,د.إ,26.4868,Exchange Rate API
2026-01-26,UAE Dirham,د.إ,26.4735,Exchange Rate API
2026-01-25,UAE Dirham,د.إ,26.5921,Exchange Rate API
2026-01-24,UAE Dirham,د.إ,26.6835,Exchange Rate API
2026-01-23,UAE Dirham,د.إ,26.7229,Exchange Rate API
2026-01-22,UAE Dirham,د.إ,26.7301,Exchange Rate API
2026-01-21,UAE Dirham,د.إ,26.7043,Exchange Rate API
2026-01-20,UAE Dirham,د.إ,26.6769,Exchange Rate API
2026-01-19,UAE Dirham,د.إ,26.5643,Exchange Rate API
2026-01-18,UAE Dirham,د.إ,26.5923,Exchange Rate API
2026-01-17,UAE Dirham,د.إ,26.6748,Exchange Rate API
2026-01-16,UAE Dirham,د.إ,26.8155,Exchange Rate API
2026-01-15,UAE Dirham,د.إ,26.9522,Exchange Rate API
2026-01-14,UAE Dirham,د.إ,26.9725,Exchange Rate API
2026-01-13,UAE Dirham,د.إ,26.8434,Exchange Rate API
2026-01-12,UAE Dirham,د.إ,26.7745,Exchange Rate API
2026-01-11,UAE Dirham,د.إ,26.7859,Exchange Rate API
2026-01-10,UAE Dirham,د.إ,26.7357,Exchange Rate API
2026-01-09,UAE Dirham,د.إ,26.7071,Exchange Rate API
2026-01-08,UAE Dirham,د.إ,26.6696,Exchange Rate API
2026-01-07,UAE Dirham,د.إ,26.665,Exchange Rate API
2026-01-06,UAE Dirham,د.إ,26.6999,Exchange Rate API
2026-01-05,UAE Dirham,د.إ,26.5517,Exchange Rate API
2026-01-04,UAE Dirham,د.إ,26.4801,Exchange Rate API
2026-01-03,UAE Dirham,د.إ,26.3669,Exchange Rate API
2026-01-02,UAE Dirham,د.إ,26.4013,Exchange Rate API
2026-01-01,UAE Dirham,د.إ,26.4627,Exchange Rate API
2025-12-31,UAE Dirham,د.إ,26.3162,Exchange Rate API
2025-12-30,UAE Dirham,د.إ,26.4392,Exchange Rate API
2025-12-29,UAE Dirham,د.إ,26.3857,Exchange Rate API
2025-12-28,UAE Dirham,د.إ,26.3026,Exchange Rate API
2025-12-27,UAE Dirham,د.إ,26.3802,Exchange Rate API
2025-12-26,UAE Dirham,د.إ,26.5134,Exchange Rate API
2025-12-25,UAE Dirham,د.إ,26.6397,Exchange Rate API
2025-12-24,UAE Dirham,د.إ,26.4863,Exchange Rate API
2025-12-23,UAE Dirham,د.إ,26.5872,Exchange Rate API
2025-12-22,UAE Dirham,د.إ,26.5244,Exchange Rate API
2025-12-21,UAE Dirham,د.إ,26.4545,Exchange Rate API
2025-12-20,UAE Dirham,د.إ,26.4518,Exchange Rate API
2025-12-19,UAE Dirham,د.إ,26.5141,Exchange Rate API
2025-12-18,UAE Dirham,د.إ,26.3863,Exchange Rate API
2025-12-17,UAE Dirham,د.إ,26.5031,Exchange Rate API
2025-12-16,UAE Dirham,د.إ,26.3868,Exchange Rate API
2025-12-15,UAE Dirham,د.إ,26.537,Exchange Rate API
2025-12-14,UAE Dirham,د.إ,26.5189,Exchange Rate API
2025-12-13,UAE Dirham,د.إ,26.6226,Exchange Rate API
2025-12-12,UAE Dirham,د.إ,26.5489,Exchange Rate API
2025-12-11,UAE Dirham,د.إ,26.5224,Exchange Rate API
2025-12-10,UAE Dirham,د.إ,26.5687,Exchange Rate API
2025-12-09,UAE Dirham,د.إ,26.4692,Exchange Rate API
2025-12-08,UAE Dirham,د.إ,26.3775,Exchange Rate API
2025-12-07,UAE Dirham,د.إ,26.48,Exchange Rate API
2025-12-06,UAE Dirham,د.إ,26.5566,Exchange Rate API
2025-12-05,UAE Dirham,د.إ,26.6393,Exchange Rate API
2025-12-04,UAE Dirham,د.إ,26.7567,Exchange Rate API
2025-12-03,UAE Dirham,د.إ,26.8598,Exchange Rate API
2025-12-02,UAE Dirham,د.إ,26.8647,Exchange Rate API
2025-12-01,UAE Dirham,د.إ,26.7548,Exchange Rate API
2025-11-30,UAE Dirham,د.إ,26.6942,Exchange Rate API
2025-11-29,UAE Dirham,د.إ,26.6964,Exchange Rate API
2025-11-28,UAE Dirham,د.إ,26.5797,Exchange Rate API
2025-11-27,UAE Dirham,د.إ,26.6917,Exchange Rate API
2025-11-26,UAE Dirham,د.إ,26.8132,Exchange Rate API
2025-11-25,UAE Dirham,د.إ,26.6616,Exchange Rate API
2025-11-24,UAE Dirham,د.إ,26.5633,Exchange Rate API
2025-11-23,UAE Dirham,د.إ,26.6694,Exchange Rate API
2025-11-22,UAE Dirham,د.إ,26.7772,Exchange Rate API
2025-11-21,UAE Dirham,د.إ,26.6967,Exchange Rate API
2025-11-20,UAE Dirham,د.إ,26.6827,Exchange Rate API
2025-11-19,UAE Dirham,د.إ,26.8166,Exchange Rate API
2025-11-18,UAE Dirham,د.إ,26.8825,Exchange Rate API
2025-11-17,UAE Dirham,د.إ,26.8096,Exchange Rate API
2025-11-16,UAE Dirham,د.إ,26.9137,Exchange Rate API
2025-11-15,UAE Dirham,د.إ,26.9154,Exchange Rate API
2025-11-14,UAE Dirham,د.إ,26.9591,Exchange Rate API
2025-11-13,UAE Dirham,د.إ,26.8374,Exchange Rate API
2025-11-12,UAE Dirham,د.إ,26.6862,Exchange Rate API
2025-11-11,UAE Dirham,د.إ,26.6454,Exchange Rate API
2025-11-10,UAE Dirham,د.إ,26.6755,Exchange Rate API
2025-11-09,UAE Dirham,د.إ,26.5723,Exchange Rate API
2025-11-08,UAE Dirham,د.إ,26.6904,Exchange Rate API
2025-11-07,UAE Dirham,د.إ,26.7182,Exchange Rate API
2025-11-06,UAE Dirham,د.إ,26.67,Exchange Rate API
2025-11-05,UAE Dirham,د.إ,26.5623,Exchange Rate API
2025-11-04,UAE Dirham,د.إ,26.688,Exchange Rate API
2025-11-03,UAE Dirham,د.إ,26.7677,Exchange Rate API
2025-11-02,UAE Dirham,د.إ,26.8284,Exchange Rate API
2025-11-01,UAE Dirham,د.إ,26.7592,Exchange Rate API
2025-10-31,UAE Dirham,د.إ,26.7228,Exchange Rate API
2025-10-30,UAE Dirham,د.إ,26.6147,Exchange Rate API
2025-10-29,UAE Dirham,د.إ,26.6378,Exchange Rate API
2025-10-28,UAE Dirham,د.إ,26.7864,Exchange Rate API
2025-10-27,UAE Dirham,د.إ,26.9012,Exchange Rate API
2025-10-26,UAE Dirham,د.إ,26.9488,Exchange Rate API
2025-10-25,UAE Dirham,د.إ,27.0063,Exchange Rate API
2025-10-24,UAE Dirham,د.إ,26.9315,Exchange Rate API
2025-10-23,UAE Dirham,د.إ,26.9023,Exchange Rate API
2025-10-22,UAE Dirham,د.إ,26.7474,Exchange Rate API
2025-10-21,UAE Dirham,د.إ,26.8374,Exchange Rate API
2025-10-20,UAE Dirham,د.إ,26.9236,Exchange Rate API
2025-10-19,UAE Dirham,د.إ,26.7649,Exchange Rate API
2025-10-18,UAE Dirham,د.إ,26.8971,Exchange Rate API
2025-10-17,UAE Dirham,د.إ,26.9447,Exchange Rate API
2025-10-16,UAE Dirham,د.إ,26.9774,Exchange Rate API
2025-10-15,UAE Dirham,د.إ,26.8183,Exchange Rate API
2025-10-14,UAE Dirham,د.إ,26.7386,Exchange Rate API
2025-10-13,UAE Dirham,د.إ,26.8365,Exchange Rate API
2025-10-12,UAE Dirham,د.إ,26.7739,Exchange Rate API
2025-10-11,UAE Dirham,د.إ,26.9239,Exchange Rate API
2025-10-10,UAE Dirham,د.إ,26.97,Exchange Rate API
2025-10-09,UAE Dirham,د.إ,26.9453,Exchange Rate API
2025-10-08,UAE Dirham,د.إ,26.9054,Exchange Rate API
2025-10-07,UAE Dirham,د.إ,26.8566,Exchange Rate API
2025-10-06,UAE Dirham,د.إ,26.7767,Exchange Rate API
2025-10-05,UAE Dirham,د.إ,26.766,Exchange Rate API
2025-10-04,UAE Dirham,د.إ,26.8229,Exchange Rate API
2025-10-03,UAE Dirham,د.إ,26.9273,Exchange Rate API
2025-10-02,UAE Dirham,د.إ,26.8941,Exchange Rate API
2025-10-01,UAE Dirham,د.إ,26.7658,Exchange Rate API
2025-09-30,UAE Dirham,د.إ,26.7695,Exchange Rate API
2025-09-29,UAE Dirham,د.إ,26.8217,Exchange Rate API
2025-09-28,UAE Dirham,د.إ,26.9322,Exchange Rate API
2025-09-27,UAE Dirham,د.إ,26.8916,Exchange Rate API
2025-09-26,UAE Dirham,د.إ,26.9391,Exchange Rate API
2025-09-25,UAE Dirham,د.إ,26.9744,Exchange Rate API
2025-09-24,UAE Dirham,د.إ,26.9092,Exchange Rate API
2025-09-23,UAE Dirham,د.إ,26.7827,Exchange Rate API
2025-09-22,UAE Dirham,د.إ,26.6425,Exchange Rate API
2025-09-21,UAE Dirham,د.إ,26.7986,Exchange Rate API
2025-09-20,UAE Dirham,د.إ,26.8438,Exchange Rate API
2025-09-19,UAE Dirham,د.إ,26.9602,Exchange Rate API
2025-09-18,UAE Dirham,د.إ,26.8829,Exchange Rate API
2025-09-17,UAE Dirham,د.إ,26.951,Exchange Rate API
2025-09-16,UAE Dirham,د.إ,27.0779,Exchange Rate API
2025-09-15,UAE Dirham,د.إ,27.0125,Exchange Rate API
2025-09-14,UAE Dirham,د.إ,26.899,Exchange Rate API
2025-09-13,UAE Dirham,د.إ,26.9847,Exchange Rate API
2025-09-12,UAE Dirham,د.إ,27.1141,Exchange Rate API
2025-09-11,UAE Dirham,د.إ,27.2135,Exchange Rate API
2025-09-10,UAE Dirham,د.إ,27.3122,Exchange Rate API
2025-09-09,UAE Dirham,د.إ,27.345,Exchange Rate API
2025-09-08,UAE Dirham,د.إ,27.3977,Exchange Rate API
2025-09-07,UAE Dirham,د.إ,27.4571,Exchange Rate API
2025-09-06,UAE Dirham,د.إ,27.53,Exchange Rate API
2025-09-05,UAE Dirham,د.إ,27.5813,Exchange Rate API
2025-09-04,UAE Dirham,د.إ,27.746,Exchange Rate API
2025-09-03,UAE Dirham,د.إ,27.6659,Exchange Rate API
2025-09-02,UAE Dirham,د.إ,27.6389,Exchange Rate API
2025-09-01,UAE Dirham,د.إ,27.6018,Exchange Rate API
2025-08-31,UAE Dirham,د.إ,27.4479,Exchange Rate API
2025-08-30,UAE Dirham,د.إ,27.5164,Exchange Rate API
2025-08-29,UAE Dirham,د.إ,27.5402,Exchange Rate API
2025-08-28,UAE Dirham,د.إ,27.4377,Exchange Rate API
2025-08-27,UAE Dirham,د.إ,27.5123,Exchange Rate API
2025-08-26,UAE Dirham,د.إ,27.4206,Exchange Rate API
2025-08-25,UAE Dirham,د.إ,27.432,Exchange Rate API
2025-08-24,UAE Dirham,د.إ,27.5258,Exchange Rate API
2025-08-23,UAE Dirham,د.إ,27.6601,Exchange Rate API
2025-08-22,UAE Dirham,د.إ,27.7171,Exchange Rate API
2025-08-21,UAE Dirham,د.إ,27.7195,Exchange Rate API
2025-08-20,UAE Dirham,د.إ,27.8344,Exchange Rate API
2025-08-19,UAE Dirham,د.إ,27.9482,Exchange Rate API
2025-08-18,UAE Dirham,د.إ,28.0745,Exchange Rate API
2025-08-17,UAE Dirham,د.إ,27.9671,Exchange Rate API
2025-08-16,UAE Dirham,د.إ,27.8321,Exchange Rate API
2025-08-15,UAE Dirham,د.إ,27.7078,Exchange Rate API
2025-08-14,UAE Dirham,د.إ,27.6276,Exchange Rate API
2025-08-13,UAE Dirham,د.إ,27.7298,Exchange Rate API
2025-08-12,UAE Dirham,د.إ,27.8173,Exchange Rate API
2025-08-11,UAE Dirham,د.إ,27.7115,Exchange Rate API
2025-08-10,UAE Dirham,د.إ,27.7713,Exchange Rate API
2025-08-09,UAE Dirham,د.إ,27.7165,Exchange Rate API
2025-08-08,UAE Dirham,د.إ,27.5799,Exchange Rate API
2025-08-07,UAE Dirham,د.إ,27.532,Exchange Rate API
2025-08-06,UAE Dirham,د.إ,27.6127,Exchange Rate API
2025-08-05,UAE Dirham,د.إ,27.5488,Exchange Rate API
2025-08-04,UAE Dirham,د.إ,27.644,Exchange Rate API
2026-08-03,Chinese Yuan,¥,14.1713,Exchange Rate API
2026-08-02,Chinese Yuan,¥,14.1306,Exchange Rate API
2026-08-01,Chinese Yuan,¥,14.0957,Exchange Rate API
2026-07-31,Chinese Yuan,¥,14.1551,Exchange Rate API
2026-07-30,Chinese Yuan,¥,14.1501,Exchange Rate API
2026-07-29,Chinese Yuan,¥,14.2123,Exchange Rate API
2026-07-28,Chinese Yuan,¥,14.2266,Exchange Rate API
2026-07-27,Chinese Yuan,¥,14.3025,Exchange Rate API
2026-07-26,Chinese Yuan,¥,14.2289,Exchange Rate API
2026-07-25,Chinese Yuan,¥,14.2954,Exchange Rate API
2026-07-24,Chinese Yuan,¥,14.2955,Exchange Rate API
2026-07-23,Chinese Yuan,¥,14.3585,Exchange Rate API
2026-07-22,Chinese Yuan,¥,14.3381,Exchange Rate API
2026-07-21,Chinese Yuan,¥,14.3034,Exchange Rate API
2026-07-20,Chinese Yuan,¥,14.2269,Exchange Rate API
2026-07-19,Chinese Yuan,¥,14.2874,Exchange Rate API
2026-07-18,Chinese Yuan,¥,14.2252,Exchange Rate API
2026-07-17,Chinese Yuan,¥,14.174,Exchange Rate API
2026-07-16,Chinese Yuan,¥,14.1586,Exchange Rate API
2026-07-15,Chinese Yuan,¥,14.1704,Exchange Rate API
2026-07-14,Chinese Yuan,¥,14.2395,Exchange Rate API
2026-07-13,Chinese Yuan,¥,14.2323,Exchange Rate API
2026-07-12,Chinese Yuan,¥,14.2009,Exchange Rate API
2026-07-11,Chinese Yuan,¥,14.2377,Exchange Rate API
2026-07-10,Chinese Yuan,¥,14.2854,Exchange Rate API
2026-07-09,Chinese Yuan,¥,14.2833,Exchange Rate API
2026-07-08,Chinese Yuan,¥,14.3058,Exchange Rate API
2026-07-07,Chinese Yuan,¥,14.2503,Exchange Rate API
2026-07-06,Chinese Yuan,¥,14.2733,Exchange Rate API
2026-07-05,Chinese Yuan,¥,14.1885,Exchange Rate API
2026-07-04,Chinese Yuan,¥,14.1499,Exchange Rate API
2026-07-03,Chinese Yuan,¥,14.1943,Exchange Rate API
2026-07-02,Chinese Yuan,¥,14.1379,Exchange Rate API
2026-07-01,Chinese Yuan,¥,14.1828,Exchange Rate API
2026-06-30,Chinese Yuan,¥,14.181,Exchange Rate API
2026-06-29,Chinese Yuan,¥,14.2259,Exchange Rate API
2026-06-28,Chinese Yuan,¥,14.1556,Exchange Rate API
2026-06-27,Chinese Yuan,¥,14.175,Exchange Rate API
2026-06-26,Chinese Yuan,¥,14.1977,Exchange Rate API
2026-06-25,Chinese Yuan,¥,14.1812,Exchange Rate API
2026-06-24,Chinese Yuan,¥,14.2604,Exchange Rate API
2026-06-23,Chinese Yuan,¥,14.2404,Exchange Rate API
2026-06-22,Chinese Yuan,¥,14.1614,Exchange Rate API
2026-06-21,Chinese Yuan,¥,14.1103,Exchange Rate API
2026-06-20,Chinese Yuan,¥,14.0888,Exchange Rate API
2026-06-19,Chinese Yuan,¥,14.0066,Exchange Rate API
2026-06-18,Chinese Yuan,¥,13.9767,Exchange Rate API
2026-06-17,Chinese Yuan,¥,14.0326,Exchange Rate API
2026-06-16,Chinese Yuan,¥,13.9805,Exchange Rate API
2026-06-15,Chinese Yuan,¥,14.0102,Exchange Rate API
2026-06-14,Chinese Yuan,¥,14.0315,Exchange Rate API
2026-06-13,Chinese Yuan,¥,13.9892,Exchange Rate API
2026-06-12,Chinese Yuan,¥,14.0217,Exchange Rate API
2026-06-11,Chinese Yuan,¥,13.9955,Exchange Rate API
2026-06-10,Chinese Yuan,¥,13.9332,Exchange Rate API
2026-06-09,Chinese Yuan,¥,13.9137,Exchange Rate API
2026-06-08,Chinese Yuan,¥,13.9285,Exchange Rate API
2026-06-07,Chinese Yuan,¥,13.8728,Exchange Rate API
2026-06-06,Chinese Yuan,¥,13.9267,Exchange Rate API
2026-06-05,Chinese Yuan,¥,13.893,Exchange Rate API
2026-06-04,Chinese Yuan,¥,13.8581,Exchange Rate API
2026-06-03,Chinese Yuan,¥,13.896,Exchange Rate API
2026-06-02,Chinese Yuan,¥,13.9121,Exchange Rate API
2026-06-01,Chinese Yuan,¥,13.885,Exchange Rate API
2026-05-31,Chinese Yuan,¥,13.9496,Exchange Rate API
2026-05-30,Chinese Yuan,¥,14.0325,Exchange Rate API
2026-05-29,Chinese Yuan,¥,14.006,Exchange Rate API
2026-05-28,Chinese Yuan,¥,14.0735,Exchange Rate API
2026-05-27,Chinese Yuan,¥,14.0497,Exchange Rate API
2026-05-26,Chinese Yuan,¥,13.9972,Exchange Rate API
2026-05-25,Chinese Yuan,¥,14.0725,Exchange Rate API
2026-05-24,Chinese Yuan,¥,14.1431,Exchange Rate API
2026-05-23,Chinese Yuan,¥,14.1267,Exchange Rate API
2026-05-22,Chinese Yuan,¥,14.0807,Exchange Rate API
2026-05-21,Chinese Yuan,¥,14.1191,Exchange Rate API
2026-05-20,Chinese Yuan,¥,14.0566,Exchange Rate API
2026-05-19,Chinese Yuan,¥,14.0961,Exchange Rate API
2026-05-18,Chinese Yuan,¥,14.1113,Exchange Rate API
2026-05-17,Chinese Yuan,¥,14.0552,Exchange Rate API
2026-05-16,Chinese Yuan,¥,14.0327,Exchange Rate API
2026-05-15,Chinese Yuan,¥,14.058,Exchange Rate API
2026-05-14,Chinese Yuan,¥,13.98,Exchange Rate API
2026-05-13,Chinese Yuan,¥,14.0432,Exchange Rate API
2026-05-12,Chinese Yuan,¥,14.002,Exchange Rate API
2026-05-11,Chinese Yuan,¥,14.0078,Exchange Rate API
2026-05-10,Chinese Yuan,¥,13.9319,Exchange Rate API
2026-05-09,Chinese Yuan,¥,14.0146,Exchange Rate API
2026-05-08,Chinese Yuan,¥,14.0418,Exchange Rate API
2026-05-07,Chinese Yuan,¥,14.0677,Exchange Rate API
2026-05-06,Chinese Yuan,¥,13.9866,Exchange Rate API
2026-05-05,Chinese Yuan,¥,14.0184,Exchange Rate API
2026-05-04,Chinese Yuan,¥,14.0044,Exchange Rate API
2026-05-03,Chinese Yuan,¥,13.9843,Exchange Rate API
2026-05-02,Chinese Yuan,¥,13.9922,Exchange Rate API
2026-05-01,Chinese Yuan,¥,13.9879,Exchange Rate API
2026-04-30,Chinese Yuan,¥,13.9297,Exchange Rate API
2026-04-29,Chinese Yuan,¥,13.9623,Exchange Rate API
2026-04-28,Chinese Yuan,¥,13.9841,Exchange Rate API
2026-04-27,Chinese Yuan,¥,13.9507,Exchange Rate API
2026-04-26,Chinese Yuan,¥,13.9778,Exchange Rate API
2026-04-25,Chinese Yuan,¥,14.0051,Exchange Rate API
2026-04-24,Chinese Yuan,¥,13.9664,Exchange Rate API
2026-04-23,Chinese Yuan,¥,13.9841,Exchange Rate API
2026-04-22,Chinese Yuan,¥,13.9232,Exchange Rate API
2026-04-21,Chinese Yuan,¥,13.9784,Exchange Rate API
2026-04-20,Chinese Yuan,¥,13.9121,Exchange Rate API
2026-04-19,Chinese Yuan,¥,13.9486,Exchange Rate API
2026-04-18,Chinese Yuan,¥,13.8846,Exchange Rate API
2026-04-17,Chinese Yuan,¥,13.8203,Exchange Rate API
2026-04-16,Chinese Yuan,¥,13.755,Exchange Rate API
2026-04-15,Chinese Yuan,¥,13.7053,Exchange Rate API
2026-04-14,Chinese Yuan,¥,13.6559,Exchange Rate API
2026-04-13,Chinese Yuan,¥,13.6171,Exchange Rate API
2026-04-12,Chinese Yuan,¥,13.6209,Exchange Rate API
2026-04-11,Chinese Yuan,¥,13.5721,Exchange Rate API
2026-04-10,Chinese Yuan,¥,13.6052,Exchange Rate API
2026-04-09,Chinese Yuan,¥,13.5718,Exchange Rate API
2026-04-08,Chinese Yuan,¥,13.4968,Exchange Rate API
2026-04-07,Chinese Yuan,¥,13.4962,Exchange Rate API
2026-04-06,Chinese Yuan,¥,13.4489,Exchange Rate API
2026-04-05,Chinese Yuan,¥,13.5188,Exchange Rate API
2026-04-04,Chinese Yuan,¥,13.4913,Exchange Rate API
2026-04-03,Chinese Yuan,¥,13.4108,Exchange Rate API
2026-04-02,Chinese Yuan,¥,13.4384,Exchange Rate API
2026-04-01,Chinese Yuan,¥,13.504,Exchange Rate API
2026-03-31,Chinese Yuan,¥,13.5583,Exchange Rate API
2026-03-30,Chinese Yuan,¥,13.5858,Exchange Rate API
2026-03-29,Chinese Yuan,¥,13.5286,Exchange Rate API
2026-03-28,Chinese Yuan,¥,13.4621,Exchange Rate API
2026-03-27,Chinese Yuan,¥,13.464,Exchange Rate API
2026-03-26,Chinese Yuan,¥,13.5001,Exchange Rate API
2026-03-25,Chinese Yuan,¥,13.4355,Exchange Rate API
2026-03-24,Chinese Yuan,¥,13.3961,Exchange Rate API
2026-03-23,Chinese Yuan,¥,13.3529,Exchange Rate API
2026-03-22,Chinese Yuan,¥,13.4312,Exchange Rate API
2026-03-21,Chinese Yuan,¥,13.3983,Exchange Rate API
2026-03-20,Chinese Yuan,¥,13.3926,Exchange Rate API
2026-03-19,Chinese Yuan,¥,13.3283,Exchange Rate API
2026-03-18,Chinese Yuan,¥,13.2763,Exchange Rate API
2026-03-17,Chinese Yuan,¥,13.2029,Exchange Rate API
2026-03-16,Chinese Yuan,¥,13.1697,Exchange Rate API
2026-03-15,Chinese Yuan,¥,13.2174,Exchange Rate API
2026-03-14,Chinese Yuan,¥,13.1877,Exchange Rate API
2026-03-13,Chinese Yuan,¥,13.2254,Exchange Rate API
2026-03-12,Chinese Yuan,¥,13.1611,Exchange Rate API
2026-03-11,Chinese Yuan,¥,13.2019,Exchange Rate API
2026-03-10,Chinese Yuan,¥,13.13,Exchange Rate API
2026-03-09,Chinese Yuan,¥,13.1855,Exchange Rate API
2026-03-08,Chinese Yuan,¥,13.2113,Exchange Rate API
2026-03-07,Chinese Yuan,¥,13.1591,Exchange Rate API
2026-03-06,Chinese Yuan,¥,13.1366,Exchange Rate API
2026-03-05,Chinese Yuan,¥,13.1268,Exchange Rate API
2026-03-04,Chinese Yuan,¥,13.146,Exchange Rate API
2026-03-03,Chinese Yuan,¥,13.2057,Exchange Rate API
2026-03-02,Chinese Yuan,¥,13.1412,Exchange Rate API
2026-03-01,Chinese Yuan,¥,13.1909,Exchange Rate API
2026-02-28,Chinese Yuan,¥,13.1407,Exchange Rate API
2026-02-27,Chinese Yuan,¥,13.1251,Exchange Rate API
2026-02-26,Chinese Yuan,¥,13.1979,Exchange Rate API
2026-02-25,Chinese Yuan,¥,13.1618,Exchange Rate API
2026-02-24,Chinese Yuan,¥,13.1437,Exchange Rate API
2026-02-23,Chinese Yuan,¥,13.199,Exchange Rate API
2026-02-22,Chinese Yuan,¥,13.2465,Exchange Rate API
2026-02-21,Chinese Yuan,¥,13.2702,Exchange Rate API
2026-02-20,Chinese Yuan,¥,13.3175,Exchange Rate API
2026-02-19,Chinese Yuan,¥,13.2557,Exchange Rate API
2026-02-18,Chinese Yuan,¥,13.2869,Exchange Rate API
2026-02-17,Chinese Yuan,¥,13.2165,Exchange Rate API
2026-02-16,Chinese Yuan,¥,13.2867,Exchange Rate API
2026-02-15,Chinese Yuan,¥,13.2324,Exchange Rate API
2026-02-14,Chinese Yuan,¥,13.2191,Exchange Rate API
2026-02-13,Chinese Yuan,¥,13.2335,Exchange Rate API
2026-02-12,Chinese Yuan,¥,13.2815,Exchange Rate API
2026-02-11,Chinese Yuan,¥,13.3099,Exchange Rate API
2026-02-10,Chinese Yuan,¥,13.259,Exchange Rate API
2026-02-09,Chinese Yuan,¥,13.2399,Exchange Rate API
2026-02-08,Chinese Yuan,¥,13.2174,Exchange Rate API
2026-02-07,Chinese Yuan,¥,13.1427,Exchange Rate API
2026-02-06,Chinese Yuan,¥,13.1718,Exchange Rate API
2026-02-05,Chinese Yuan,¥,13.2253,Exchange Rate API
2026-02-04,Chinese Yuan,¥,13.3004,Exchange Rate API
2026-02-03,Chinese Yuan,¥,13.2415,Exchange Rate API
2026-02-02,Chinese Yuan,¥,13.3083,Exchange Rate API
2026-02-01,Chinese Yuan,¥,13.2465,Exchange Rate API
2026-01-31,Chinese Yuan,¥,13.2324,Exchange Rate API
2026-01-30,Chinese Yuan,¥,13.1603,Exchange Rate API
2026-01-29,Chinese Yuan,¥,13.1227,Exchange Rate API
2026-01-28,Chinese Yuan,¥,13.0934,Exchange Rate API
2026-01-27,Chinese Yuan,¥,13.1255,Exchange Rate API
2026-01-26,Chinese Yuan,¥,13.1535,Exchange Rate API
2026-01-25,Chinese Yuan,¥,13.1957,Exchange Rate API
2026-01-24,Chinese Yuan,¥,13.2078,Exchange Rate API
2026-01-23,Chinese Yuan,¥,13.2181,Exchange Rate API
2026-01-22,Chinese Yuan,¥,13.2939,Exchange Rate API
2026-01-21,Chinese Yuan,¥,13.321,Exchange Rate API
2026-01-20,Chinese Yuan,¥,13.2952,Exchange Rate API
2026-01-19,Chinese Yuan,¥,13.2989,Exchange Rate API
2026-01-18,Chinese Yuan,¥,13.3309,Exchange Rate API
2026-01-17,Chinese Yuan,¥,13.2662,Exchange Rate API
2026-01-16,Chinese Yuan,¥,13.2919,Exchange Rate API
2026-01-15,Chinese Yuan,¥,13.2518,Exchange Rate API
2026-01-14,Chinese Yuan,¥,13.2273,Exchange Rate API
2026-01-13,Chinese Yuan,¥,13.2553,Exchange Rate API
2026-01-12,Chinese Yuan,¥,13.237,Exchange Rate API
2026-01-11,Chinese Yuan,¥,13.2909,Exchange Rate API
2026-01-10,Chinese Yuan,¥,13.3002,Exchange Rate API
2026-01-09,Chinese Yuan,¥,13.3781,Exchange Rate API
2026-01-08,Chinese Yuan,¥,13.3066,Exchange Rate API
2026-01-07,Chinese Yuan,¥,13.3295,Exchange Rate API
2026-01-06,Chinese Yuan,¥,13.2746,Exchange Rate API
2026-01-05,Chinese Yuan,¥,13.3302,Exchange Rate API
2026-01-04,Chinese Yuan,¥,13.3865,Exchange Rate API
2026-01-03,Chinese Yuan,¥,13.4458,Exchange Rate API
2026-01-02,Chinese Yuan,¥,13.3772,Exchange Rate API
2026-01-01,Chinese Yuan,¥,13.3759,Exchange Rate API
2025-12-31,Chinese Yuan,¥,13.3343,Exchange Rate API
2025-12-30,Chinese Yuan,¥,13.4095,Exchange Rate API
2025-12-29,Chinese Yuan,¥,13.3371,Exchange Rate API
2025-12-28,Chinese Yuan,¥,13.2927,Exchange Rate API
2025-12-27,Chinese Yuan,¥,13.3156,Exchange Rate API
2025-12-26,Chinese Yuan,¥,13.3001,Exchange Rate API
2025-12-25,Chinese Yuan,¥,13.2578,Exchange Rate API
2025-12-24,Chinese Yuan,¥,13.2513,Exchange Rate API
2025-12-23,Chinese Yuan,¥,13.2992,Exchange Rate API
2025-12-22,Chinese Yuan,¥,13.2909,Exchange Rate API
2025-12-21,Chinese Yuan,¥,13.3478,Exchange Rate API
2025-12-20,Chinese Yuan,¥,13.3393,Exchange Rate API
2025-12-19,Chinese Yuan,¥,13.2783,Exchange Rate API
2025-12-18,Chinese Yuan,¥,13.2779,Exchange Rate API
2025-12-17,Chinese Yuan,¥,13.3023,Exchange Rate API
2025-12-16,Chinese Yuan,¥,13.2389,Exchange Rate API
2025-12-15,Chinese Yuan,¥,13.225,Exchange Rate API
2025-12-14,Chinese Yuan,¥,13.2341,Exchange Rate API
2025-12-13,Chinese Yuan,¥,13.1547,Exchange Rate API
2025-12-12,Chinese Yuan,¥,13.0901,Exchange Rate API
2025-12-11,Chinese Yuan,¥,13.1065,Exchange Rate API
2025-12-10,Chinese Yuan,¥,13.1252,Exchange Rate API
2025-12-09,Chinese Yuan,¥,13.0944,Exchange Rate API
2025-12-08,Chinese Yuan,¥,13.0957,Exchange Rate API
2025-12-07,Chinese Yuan,¥,13.0496,Exchange Rate API
2025-12-06,Chinese Yuan,¥,13.0765,Exchange Rate API
2025-12-05,Chinese Yuan,¥,13.1472,Exchange Rate API
2025-12-04,Chinese Yuan,¥,13.1256,Exchange Rate API
2025-12-03,Chinese Yuan,¥,13.0554,Exchange Rate API
2025-12-02,Chinese Yuan,¥,13.012,Exchange Rate API
2025-12-01,Chinese Yuan,¥,13.0049,Exchange Rate API
2025-11-30,Chinese Yuan,¥,13.0143,Exchange Rate API
2025-11-29,Chinese Yuan,¥,13.033,Exchange Rate API
2025-11-28,Chinese Yuan,¥,13.0288,Exchange Rate API
2025-11-27,Chinese Yuan,¥,13.0534,Exchange Rate API
2025-11-26,Chinese Yuan,¥,13.0872,Exchange Rate API
2025-11-25,Chinese Yuan,¥,13.0266,Exchange Rate API
2025-11-24,Chinese Yuan,¥,13.0671,Exchange Rate API
2025-11-23,Chinese Yuan,¥,13.0235,Exchange Rate API
2025-11-22,Chinese Yuan,¥,12.9987,Exchange Rate API
2025-11-21,Chinese Yuan,¥,13.0502,Exchange Rate API
2025-11-20,Chinese Yuan,¥,13.1229,Exchange Rate API
2025-11-19,Chinese Yuan,¥,13.0901,Exchange Rate API
2025-11-18,Chinese Yuan,¥,13.0936,Exchange Rate API
2025-11-17,Chinese Yuan,¥,13.1254,Exchange Rate API
2025-11-16,Chinese Yuan,¥,13.0539,Exchange Rate API
2025-11-15,Chinese Yuan,¥,13.0013,Exchange Rate API
2025-11-14,Chinese Yuan,¥,12.9452,Exchange Rate API
2025-11-13,Chinese Yuan,¥,12.9789,Exchange Rate API
2025-11-12,Chinese Yuan,¥,13.0134,Exchange Rate API
2025-11-11,Chinese Yuan,¥,12.952,Exchange Rate API
2025-11-10,Chinese Yuan,¥,12.9692,Exchange Rate API
2025-11-09,Chinese Yuan,¥,12.9206,Exchange Rate API
2025-11-08,Chinese Yuan,¥,12.9873,Exchange Rate API
2025-11-07,Chinese Yuan,¥,12.9706,Exchange Rate API
2025-11-06,Chinese Yuan,¥,12.9639,Exchange Rate API
2025-11-05,Chinese Yuan,¥,13.0077,Exchange Rate API
2025-11-04,Chinese Yuan,¥,13.0415,Exchange Rate API
2025-11-03,Chinese Yuan,¥,12.9801,Exchange Rate API
2025-11-02,Chinese Yuan,¥,12.9668,Exchange Rate API
2025-11-01,Chinese Yuan,¥,13.0332,Exchange Rate API
2025-10-31,Chinese Yuan,¥,13.086,Exchange Rate API
2025-10-30,Chinese Yuan,¥,13.0999,Exchange Rate API
2025-10-29,Chinese Yuan,¥,13.1427,Exchange Rate API
2025-10-28,Chinese Yuan,¥,13.1349,Exchange Rate API
2025-10-27,Chinese Yuan,¥,13.1599,Exchange Rate API
2025-10-26,Chinese Yuan,¥,13.2319,Exchange Rate API
2025-10-25,Chinese Yuan,¥,13.1739,Exchange Rate API
2025-10-24,Chinese Yuan,¥,13.1737,Exchange Rate API
2025-10-23,Chinese Yuan,¥,13.1785,Exchange Rate API
2025-10-22,Chinese Yuan,¥,13.1071,Exchange Rate API
2025-10-21,Chinese Yuan,¥,13.1756,Exchange Rate API
2025-10-20,Chinese Yuan,¥,13.2292,Exchange Rate API
2025-10-19,Chinese Yuan,¥,13.2265,Exchange Rate API
2025-10-18,Chinese Yuan,¥,13.2278,Exchange Rate API
2025-10-17,Chinese Yuan,¥,13.2947,Exchange Rate API
2025-10-16,Chinese Yuan,¥,13.2432,Exchange Rate API
2025-10-15,Chinese Yuan,¥,13.2557,Exchange Rate API
2025-10-14,Chinese Yuan,¥,13.2924,Exchange Rate API
2025-10-13,Chinese Yuan,¥,13.2331,Exchange Rate API
2025-10-12,Chinese Yuan,¥,13.2152,Exchange Rate API
2025-10-11,Chinese Yuan,¥,13.2311,Exchange Rate API
2025-10-10,Chinese Yuan,¥,13.2919,Exchange Rate API
2025-10-09,Chinese Yuan,¥,13.2926,Exchange Rate API
2025-10-08,Chinese Yuan,¥,13.2742,Exchange Rate API
2025-10-07,Chinese Yuan,¥,13.3506,Exchange Rate API
2025-10-06,Chinese Yuan,¥,13.4172,Exchange Rate API
2025-10-05,Chinese Yuan,¥,13.4594,Exchange Rate API
2025-10-04,Chinese Yuan,¥,13.4228,Exchange Rate API
2025-10-03,Chinese Yuan,¥,13.4975,Exchange Rate API
2025-10-02,Chinese Yuan,¥,13.5737,Exchange Rate API
2025-10-01,Chinese Yuan,¥,13.566,Exchange Rate API
2025-09-30,Chinese Yuan,¥,13.5063,Exchange Rate API
2025-09-29,Chinese Yuan,¥,13.4922,Exchange Rate API
2025-09-28,Chinese Yuan,¥,13.5246,Exchange Rate API
2025-09-27,Chinese Yuan,¥,13.5649,Exchange Rate API
2025-09-26,Chinese Yuan,¥,13.5322,Exchange Rate API
2025-09-25,Chinese Yuan,¥,13.5649,Exchange Rate API
2025-09-24,Chinese Yuan,¥,13.6236,Exchange Rate API
2025-09-23,Chinese Yuan,¥,13.6582,Exchange Rate API
2025-09-22,Chinese Yuan,¥,13.7296,Exchange Rate API
2025-09-21,Chinese Yuan,¥,13.7514,Exchange Rate API
2025-09-20,Chinese Yuan,¥,13.702,Exchange Rate API
2025-09-19,Chinese Yuan,¥,13.7224,Exchange Rate API
2025-09-18,Chinese Yuan,¥,13.6879,Exchange Rate API
2025-09-17,Chinese Yuan,¥,13.6625,Exchange Rate API
2025-09-16,Chinese Yuan,¥,13.6908,Exchange Rate API
2025-09-15,Chinese Yuan,¥,13.7699,Exchange Rate API
2025-09-14,Chinese Yuan,¥,13.7947,Exchange Rate API
2025-09-13,Chinese Yuan,¥,13.8706,Exchange Rate API
2025-09-12,Chinese Yuan,¥,13.8712,Exchange Rate API
2025-09-11,Chinese Yuan,¥,13.9035,Exchange Rate API
2025-09-10,Chinese Yuan,¥,13.8739,Exchange Rate API
2025-09-09,Chinese Yuan,¥,13.8099,Exchange Rate API
2025-09-08,Chinese Yuan,¥,13.7854,Exchange Rate API
2025-09-07,Chinese Yuan,¥,13.7822,Exchange Rate API
2025-09-06,Chinese Yuan,¥,13.7939,Exchange Rate API
2025-09-05,Chinese Yuan,¥,13.8216,Exchange Rate API
2025-09-04,Chinese Yuan,¥,13.8079,Exchange Rate API
2025-09-03,Chinese Yuan,¥,13.849,Exchange Rate API
2025-09-02,Chinese Yuan,¥,13.9057,Exchange Rate API
2025-09-01,Chinese Yuan,¥,13.87,Exchange Rate API
2025-08-31,Chinese Yuan,¥,13.9278,Exchange Rate API
2025-08-30,Chinese Yuan,¥,13.9793,Exchange Rate API
2025-08-29,Chinese Yuan,¥,13.9831,Exchange Rate API
2025-08-28,Chinese Yuan,¥,13.9034,Exchange Rate API
2025-08-27,Chinese Yuan,¥,13.8442,Exchange Rate API
2025-08-26,Chinese Yuan,¥,13.8725,Exchange Rate API
2025-08-25,Chinese Yuan,¥,13.8225,Exchange Rate API
2025-08-24,Chinese Yuan,¥,13.864,Exchange Rate API
2025-08-23,Chinese Yuan,¥,13.8076,Exchange Rate API
2025-08-22,Chinese Yuan,¥,13.7722,Exchange Rate API
2025-08-21,Chinese Yuan,¥,13.731,Exchange Rate API
2025-08-20,Chinese Yuan,¥,13.7869,Exchange Rate API
2025-08-19,Chinese Yuan,¥,13.8184,Exchange Rate API
2025-08-18,Chinese Yuan,¥,13.7844,Exchange Rate API
2025-08-17,Chinese Yuan,¥,13.8263,Exchange Rate API
2025-08-16,Chinese Yuan,¥,13.7487,Exchange Rate API
2025-08-15,Chinese Yuan,¥,13.8005,Exchange Rate API
2025-08-14,Chinese Yuan,¥,13.7347,Exchange Rate API
2025-08-13,Chinese Yuan,¥,13.7954,Exchange Rate API
2025-08-12,Chinese Yuan,¥,13.835,Exchange Rate API
2025-08-11,Chinese Yuan,¥,13.8956,Exchange Rate API
2025-08-10,Chinese Yuan,¥,13.936,Exchange Rate API
2025-08-09,Chinese Yuan,¥,13.9462,Exchange Rate API
2025-08-08,Chinese Yuan,¥,13.9023,Exchange Rate API
2025-08-07,Chinese Yuan,¥,13.9497,Exchange Rate API
2025-08-06,Chinese Yuan,¥,13.9997,Exchange Rate API
2025-08-05,Chinese Yuan,¥,13.964,Exchange Rate API
2025-08-04,Chinese Yuan,¥,13.9916,Exchange Rate API
2026-08-03,Hong Kong Dollar,HK$,12.1584,Exchange Rate API
2026-08-02,Hong Kong Dollar,HK$,12.1419,Exchange Rate API
2026-08-01,Hong Kong Dollar,HK$,12.2084,Exchange Rate API
2026-07-31,Hong Kong Dollar,HK$,12.2781,Exchange Rate API
2026-07-30,Hong Kong Dollar,HK$,12.2505,Exchange Rate API
2026-07-29,Hong Kong Dollar,HK$,12.2582,Exchange Rate API
2026-07-28,Hong Kong Dollar,HK$,12.1866,Exchange Rate API
2026-07-27,Hong Kong Dollar,HK$,12.1502,Exchange Rate API
2026-07-26,Hong Kong Dollar,HK$,12.1678,Exchange Rate API
2026-07-25,Hong Kong Dollar,HK$,12.2088,Exchange Rate API
2026-07-24,Hong Kong Dollar,HK$,12.263,Exchange Rate API
2026-07-23,Hong Kong Dollar,HK$,12.3116,Exchange Rate API
2026-07-22,Hong Kong Dollar,HK$,12.3724,Exchange Rate API
2026-07-21,Hong Kong Dollar,HK$,12.4028,Exchange Rate API
2026-07-20,Hong Kong Dollar,HK$,12.4248,Exchange Rate API
2026-07-19,Hong Kong Dollar,HK$,12.4628,Exchange Rate API
2026-07-18,Hong Kong Dollar,HK$,12.4698,Exchange Rate API
2026-07-17,Hong Kong Dollar,HK$,12.4853,Exchange Rate API
2026-07-16,Hong Kong Dollar,HK$,12.5267,Exchange Rate API
2026-07-15,Hong Kong Dollar,HK$,12.5965,Exchange Rate API
2026-07-14,Hong Kong Dollar,HK$,12.5654,Exchange Rate API
2026-07-13,Hong Kong Dollar,HK$,12.5168,Exchange Rate API
2026-07-12,Hong Kong Dollar,HK$,12.5442,Exchange Rate API
2026-07-11,Hong Kong Dollar,HK$,12.4971,Exchange Rate API
2026-07-10,Hong Kong Dollar,HK$,12.4482,Exchange Rate API
2026-07-09,Hong Kong Dollar,HK$,12.4503,Exchange Rate API
2026-07-08,Hong Kong Dollar,HK$,12.432,Exchange Rate API
2026-07-07,Hong Kong Dollar,HK$,12.4213,Exchange Rate API
2026-07-06,Hong Kong Dollar,HK$,12.4297,Exchange Rate API
2026-07-05,Hong Kong Dollar,HK$,12.3745,Exchange Rate API
2026-07-04,Hong Kong Dollar,HK$,12.387,Exchange Rate API
2026-07-03,Hong Kong Dollar,HK$,12.3506,Exchange Rate API
2026-07-02,Hong Kong Dollar,HK$,12.3255,Exchange Rate API
2026-07-01,Hong Kong Dollar,HK$,12.3565,Exchange Rate API
2026-06-30,Hong Kong Dollar,HK$,12.3053,Exchange Rate API
2026-06-29,Hong Kong Dollar,HK$,12.2542,Exchange Rate API
2026-06-28,Hong Kong Dollar,HK$,12.2281,Exchange Rate API
2026-06-27,Hong Kong Dollar,HK$,12.1622,Exchange Rate API
2026-06-26,Hong Kong Dollar,HK$,12.2253,Exchange Rate API
2026-06-25,Hong Kong Dollar,HK$,12.2423,Exchange Rate API
2026-06-24,Hong Kong Dollar,HK$,12.2661,Exchange Rate API
2026-06-23,Hong Kong Dollar,HK$,12.2647,Exchange Rate API
2026-06-22,Hong Kong Dollar,HK$,12.2754,Exchange Rate API
2026-06-21,Hong Kong Dollar,HK$,12.2545,Exchange Rate API
2026-06-20,Hong Kong Dollar,HK$,12.2963,Exchange Rate API
2026-06-19,Hong Kong Dollar,HK$,12.2694,Exchange Rate API
2026-06-18,Hong Kong Dollar,HK$,12.2282,Exchange Rate API
2026-06-17,Hong Kong Dollar,HK$,12.1818,Exchange Rate API
2026-06-16,Hong Kong Dollar,HK$,12.1187,Exchange Rate API
2026-06-15,Hong Kong Dollar,HK$,12.1194,Exchange Rate API
2026-06-14,Hong Kong Dollar,HK$,12.1072,Exchange Rate API
2026-06-13,Hong Kong Dollar,HK$,12.1126,Exchange Rate API
2026-06-12,Hong Kong Dollar,HK$,12.0533,Exchange Rate API
2026-06-11,Hong Kong Dollar,HK$,12.013,Exchange Rate API
2026-06-10,Hong Kong Dollar,HK$,11.9717,Exchange Rate API
2026-06-09,Hong Kong Dollar,HK$,11.9475,Exchange Rate API
2026-06-08,Hong Kong Dollar,HK$,11.9275,Exchange Rate API
2026-06-07,Hong Kong Dollar,HK$,11.8872,Exchange Rate API
2026-06-06,Hong Kong Dollar,HK$,11.9232,Exchange Rate API
2026-06-05,Hong Kong Dollar,HK$,11.9276,Exchange Rate API
2026-06-04,Hong Kong Dollar,HK$,11.9987,Exchange Rate API
2026-06-03,Hong Kong Dollar,HK$,12.0453,Exchange Rate API
2026-06-02,Hong Kong Dollar,HK$,12.1148,Exchange Rate API
2026-06-01,Hong Kong Dollar,HK$,12.0434,Exchange Rate API
2026-05-31,Hong Kong Dollar,HK$,12.0678,Exchange Rate API
2026-05-30,Hong Kong Dollar,HK$,12.0599,Exchange Rate API
2026-05-29,Hong Kong Dollar,HK$,12.1184,Exchange Rate API
2026-05-28,Hong Kong Dollar,HK$,12.1349,Exchange Rate API
2026-05-27,Hong Kong Dollar,HK$,12.1525,Exchange Rate API
2026-05-26,Hong Kong Dollar,HK$,12.2194,Exchange Rate API
2026-05-25,Hong Kong Dollar,HK$,12.2462,Exchange Rate API
2026-05-24,Hong Kong Dollar,HK$,12.2199,Exchange Rate API
2026-05-23,Hong Kong Dollar,HK$,12.2809,Exchange Rate API
2026-05-22,Hong Kong Dollar,HK$,12.3465,Exchange Rate API
2026-05-21,Hong Kong Dollar,HK$,12.3296,Exchange Rate API
2026-05-20,Hong Kong Dollar,HK$,12.3356,Exchange Rate API
2026-05-19,Hong Kong Dollar,HK$,12.3035,Exchange Rate API
2026-05-18,Hong Kong Dollar,HK$,12.3642,Exchange Rate API
2026-05-17,Hong Kong Dollar,HK$,12.412,Exchange Rate API
2026-05-16,Hong Kong Dollar,HK$,12.3934,Exchange Rate API
2026-05-15,Hong Kong Dollar,HK$,12.4384,Exchange Rate API
2026-05-14,Hong Kong Dollar,HK$,12.4303,Exchange Rate API
2026-05-13,Hong Kong Dollar,HK$,12.3623,Exchange Rate API
2026-05-12,Hong Kong Dollar,HK$,12.4214,Exchange Rate API
2026-05-11,Hong Kong Dollar,HK$,12.3756,Exchange Rate API
2026-05-10,Hong Kong Dollar,HK$,12.3777,Exchange Rate API
2026-05-09,Hong Kong Dollar,HK$,12.4443,Exchange Rate API
2026-05-08,Hong Kong Dollar,HK$,12.3946,Exchange Rate API
2026-05-07,Hong Kong Dollar,HK$,12.4625,Exchange Rate API
2026-05-06,Hong Kong Dollar,HK$,12.4682,Exchange Rate API
2026-05-05,Hong Kong Dollar,HK$,12.3945,Exchange Rate API
2026-05-04,Hong Kong Dollar,HK$,12.3299,Exchange Rate API
2026-05-03,Hong Kong Dollar,HK$,12.3551,Exchange Rate API
2026-05-02,Hong Kong Dollar,HK$,12.3957,Exchange Rate API
2026-05-01,Hong Kong Dollar,HK$,12.45,Exchange Rate API
2026-04-30,Hong Kong Dollar,HK$,12.4387,Exchange Rate API
2026-04-29,Hong Kong Dollar,HK$,12.3796,Exchange Rate API
2026-04-28,Hong Kong Dollar,HK$,12.3852,Exchange Rate API
2026-04-27,Hong Kong Dollar,HK$,12.4153,Exchange Rate API
2026-04-26,Hong Kong Dollar,HK$,12.4862,Exchange Rate API
2026-04-25,Hong Kong Dollar,HK$,12.5274,Exchange Rate API
2026-04-24,Hong Kong Dollar,HK$,12.5494,Exchange Rate API
2026-04-23,Hong Kong Dollar,HK$,12.6156,Exchange Rate API
2026-04-22,Hong Kong Dollar,HK$,12.653,Exchange Rate API
2026-04-21,Hong Kong Dollar,HK$,12.6004,Exchange Rate API
2026-04-20,Hong Kong Dollar,HK$,12.5942,Exchange Rate API
2026-04-19,Hong Kong Dollar,HK$,12.5688,Exchange Rate API
2026-04-18,Hong Kong Dollar,HK$,12.5066,Exchange Rate API
2026-04-17,Hong Kong Dollar,HK$,12.4397,Exchange Rate API
2026-04-16,Hong Kong Dollar,HK$,12.4836,Exchange Rate API
2026-04-15,Hong Kong Dollar,HK$,12.4923,Exchange Rate API
2026-04-14,Hong Kong Dollar,HK$,12.5035,Exchange Rate API
2026-04-13,Hong Kong Dollar,HK$,12.4626,Exchange Rate API
2026-04-12,Hong Kong Dollar,HK$,12.4265,Exchange Rate API
2026-04-11,Hong Kong Dollar,HK$,12.4098,Exchange Rate API
2026-04-10,Hong Kong Dollar,HK$,12.4292,Exchange Rate API
2026-04-09,Hong Kong Dollar,HK$,12.4192,Exchange Rate API
2026-04-08,Hong Kong Dollar,HK$,12.3472,Exchange Rate API
2026-04-07,Hong Kong Dollar,HK$,12.3729,Exchange Rate API
2026-04-06,Hong Kong Dollar,HK$,12.3781,Exchange Rate API
2026-04-05,Hong Kong Dollar,HK$,12.3991,Exchange Rate API
2026-04-04,Hong Kong Dollar,HK$,12.4167,Exchange Rate API
2026-04-03,Hong Kong Dollar,HK$,12.4548,Exchange Rate API
2026-04-02,Hong Kong Dollar,HK$,12.4676,Exchange Rate API
2026-04-01,Hong Kong Dollar,HK$,12.4977,Exchange Rate API
2026-03-31,Hong Kong Dollar,HK$,12.4336,Exchange Rate API
2026-03-30,Hong Kong Dollar,HK$,12.4975,Exchange Rate API
2026-03-29,Hong Kong Dollar,HK$,12.4384,Exchange Rate API
2026-03-28,Hong Kong Dollar,HK$,12.4812,Exchange Rate API
2026-03-27,Hong Kong Dollar,HK$,12.4514,Exchange Rate API
2026-03-26,Hong Kong Dollar,HK$,12.3896,Exchange Rate API
2026-03-25,Hong Kong Dollar,HK$,12.429,Exchange Rate API
2026-03-24,Hong Kong Dollar,HK$,12.4197,Exchange Rate API
2026-03-23,Hong Kong Dollar,HK$,12.4041,Exchange Rate API
2026-03-22,Hong Kong Dollar,HK$,12.428,Exchange Rate API
2026-03-21,Hong Kong Dollar,HK$,12.4241,Exchange Rate API
2026-03-20,Hong Kong Dollar,HK$,12.4291,Exchange Rate API
2026-03-19,Hong Kong Dollar,HK$,12.3749,Exchange Rate API
2026-03-18,Hong Kong Dollar,HK$,12.3587,Exchange Rate API
2026-03-17,Hong Kong Dollar,HK$,12.4028,Exchange Rate API
2026-03-16,Hong Kong Dollar,HK$,12.4096,Exchange Rate API
2026-03-15,Hong Kong Dollar,HK$,12.4781,Exchange Rate API
2026-03-14,Hong Kong Dollar,HK$,12.4248,Exchange Rate API
2026-03-13,Hong Kong Dollar,HK$,12.4512,Exchange Rate API
2026-03-12,Hong Kong Dollar,HK$,12.5131,Exchange Rate API
2026-03-11,Hong Kong Dollar,HK$,12.5574,Exchange Rate API
2026-03-10,Hong Kong Dollar,HK$,12.592,Exchange Rate API
2026-03-09,Hong Kong Dollar,HK$,12.5728,Exchange Rate API
2026-03-08,Hong Kong Dollar,HK$,12.6406,Exchange Rate API
2026-03-07,Hong Kong Dollar,HK$,12.6487,Exchange Rate API
2026-03-06,Hong Kong Dollar,HK$,12.6571,Exchange Rate API
2026-03-05,Hong Kong Dollar,HK$,12.5999,Exchange Rate API
2026-03-04,Hong Kong Dollar,HK$,12.5251,Exchange Rate API
2026-03-03,Hong Kong Dollar,HK$,12.5396,Exchange Rate API
2026-03-02,Hong Kong Dollar,HK$,12.5452,Exchange Rate API
2026-03-01,Hong Kong Dollar,HK$,12.6125,Exchange Rate API
2026-02-28,Hong Kong Dollar,HK$,12.5829,Exchange Rate API
2026-02-27,Hong Kong Dollar,HK$,12.6204,Exchange Rate API
2026-02-26,Hong Kong Dollar,HK$,12.6815,Exchange Rate API
2026-02-25,Hong Kong Dollar,HK$,12.6577,Exchange Rate API
2026-02-24,Hong Kong Dollar,HK$,12.6444,Exchange Rate API
2026-02-23,Hong Kong Dollar,HK$,12.6665,Exchange Rate API
2026-02-22,Hong Kong Dollar,HK$,12.6684,Exchange Rate API
2026-02-21,Hong Kong Dollar,HK$,12.6169,Exchange Rate API
2026-02-20,Hong Kong Dollar,HK$,12.5746,Exchange Rate API
2026-02-19,Hong Kong Dollar,HK$,12.6251,Exchange Rate API
2026-02-18,Hong Kong Dollar,HK$,12.5788,Exchange Rate API
2026-02-17,Hong Kong Dollar,HK$,12.5307,Exchange Rate API
2026-02-16,Hong Kong Dollar,HK$,12.5758,Exchange Rate API
2026-02-15,Hong Kong Dollar,HK$,12.629,Exchange Rate API
2026-02-14,Hong Kong Dollar,HK$,12.6823,Exchange Rate API
2026-02-13,Hong Kong Dollar,HK$,12.7481,Exchange Rate API
2026-02-12,Hong Kong Dollar,HK$,12.8237,Exchange Rate API
2026-02-11,Hong Kong Dollar,HK$,12.8177,Exchange Rate API
2026-02-10,Hong Kong Dollar,HK$,12.8253,Exchange Rate API
2026-02-09,Hong Kong Dollar,HK$,12.7931,Exchange Rate API
2026-02-08,Hong Kong Dollar,HK$,12.7267,Exchange Rate API
2026-02-07,Hong Kong Dollar,HK$,12.6653,Exchange Rate API
2026-02-06,Hong Kong Dollar,HK$,12.6996,Exchange Rate API
2026-02-05,Hong Kong Dollar,HK$,12.6976,Exchange Rate API
2026-02-04,Hong Kong Dollar,HK$,12.6718,Exchange Rate API
2026-02-03,Hong Kong Dollar,HK$,12.6153,Exchange Rate API
2026-02-02,Hong Kong Dollar,HK$,12.6388,Exchange Rate API
2026-02-01,Hong Kong Dollar,HK$,12.5781,Exchange Rate API
2026-01-31,Hong Kong Dollar,HK$,12.5961,Exchange Rate API
2026-01-30,Hong Kong Dollar,HK$,12.6566,Exchange Rate API
2026-01-29,Hong Kong Dollar,HK$,12.6289,Exchange Rate API
2026-01-28,Hong Kong Dollar,HK$,12.6214,Exchange Rate API
2026-01-27,Hong Kong Dollar,HK$,12.639,Exchange Rate API
2026-01-26,Hong Kong Dollar,HK$,12.6095,Exchange Rate API
2026-01-25,Hong Kong Dollar,HK$,12.6222,Exchange Rate API
2026-01-24,Hong Kong Dollar,HK$,12.6321,Exchange Rate API
2026-01-23,Hong Kong Dollar,HK$,12.6116,Exchange Rate API
2026-01-22,Hong Kong Dollar,HK$,12.5838,Exchange Rate API
2026-01-21,Hong Kong Dollar,HK$,12.573,Exchange Rate API
2026-01-20,Hong Kong Dollar,HK$,12.4983,Exchange Rate API
2026-01-19,Hong Kong Dollar,HK$,12.4602,Exchange Rate API
2026-01-18,Hong Kong Dollar,HK$,12.4186,Exchange Rate API
2026-01-17,Hong Kong Dollar,HK$,12.4543,Exchange Rate API
2026-01-16,Hong Kong Dollar,HK$,12.4448,Exchange Rate API
2026-01-15,Hong Kong Dollar,HK$,12.4956,Exchange Rate API
2026-01-14,Hong Kong Dollar,HK$,12.4408,Exchange Rate API
2026-01-13,Hong Kong Dollar,HK$,12.4756,Exchange Rate API
2026-01-12,Hong Kong Dollar,HK$,12.5322,Exchange Rate API
2026-01-11,Hong Kong Dollar,HK$,12.5266,Exchange Rate API
2026-01-10,Hong Kong Dollar,HK$,12.5054,Exchange Rate API
2026-01-09,Hong Kong Dollar,HK$,12.4762,Exchange Rate API
2026-01-08,Hong Kong Dollar,HK$,12.4839,Exchange Rate API
2026-01-07,Hong Kong Dollar,HK$,12.4353,Exchange Rate API
2026-01-06,Hong Kong Dollar,HK$,12.4512,Exchange Rate API
2026-01-05,Hong Kong Dollar,HK$,12.5023,Exchange Rate API
2026-01-04,Hong Kong Dollar,HK$,12.5561,Exchange Rate API
2026-01-03,Hong Kong Dollar,HK$,12.5019,Exchange Rate API
2026-01-02,Hong Kong Dollar,HK$,12.5077,Exchange Rate API
2026-01-01,Hong Kong Dollar,HK$,12.4722,Exchange Rate API
2025-12-31,Hong Kong Dollar,HK$,12.53,Exchange Rate API
2025-12-30,Hong Kong Dollar,HK$,12.4663,Exchange Rate API
2025-12-29,Hong Kong Dollar,HK$,12.4028,Exchange Rate API
2025-12-28,Hong Kong Dollar,HK$,12.3312,Exchange Rate API
2025-12-27,Hong Kong Dollar,HK$,12.3323,Exchange Rate API
2025-12-26,Hong Kong Dollar,HK$,12.2629,Exchange Rate API
2025-12-25,Hong Kong Dollar,HK$,12.275,Exchange Rate API
2025-12-24,Hong Kong Dollar,HK$,12.261,Exchange Rate API
2025-12-23,Hong Kong Dollar,HK$,12.2742,Exchange Rate API
2025-12-22,Hong Kong Dollar,HK$,12.334,Exchange Rate API
2025-12-21,Hong Kong Dollar,HK$,12.3416,Exchange Rate API
2025-12-20,Hong Kong Dollar,HK$,12.348,Exchange Rate API
2025-12-19,Hong Kong Dollar,HK$,12.4219,Exchange Rate API
2025-12-18,Hong Kong Dollar,HK$,12.4177,Exchange Rate API
2025-12-17,Hong Kong Dollar,HK$,12.4587,Exchange Rate API
2025-12-16,Hong Kong Dollar,HK$,12.4386,Exchange Rate API
2025-12-15,Hong Kong Dollar,HK$,12.3973,Exchange Rate API
2025-12-14,Hong Kong Dollar,HK$,12.4378,Exchange Rate API
2025-12-13,Hong Kong Dollar,HK$,12.4726,Exchange Rate API
2025-12-12,Hong Kong Dollar,HK$,12.4413,Exchange Rate API
2025-12-11,Hong Kong Dollar,HK$,12.436,Exchange Rate API
2025-12-10,Hong Kong Dollar,HK$,12.4376,Exchange Rate API
2025-12-09,Hong Kong Dollar,HK$,12.4222,Exchange Rate API
2025-12-08,Hong Kong Dollar,HK$,12.4225,Exchange Rate API
2025-12-07,Hong Kong Dollar,HK$,12.4468,Exchange Rate API
2025-12-06,Hong Kong Dollar,HK$,12.4988,Exchange Rate API
2025-12-05,Hong Kong Dollar,HK$,12.5448,Exchange Rate API
2025-12-04,Hong Kong Dollar,HK$,12.562,Exchange Rate API
2025-12-03,Hong Kong Dollar,HK$,12.5116,Exchange Rate API
2025-12-02,Hong Kong Dollar,HK$,12.5137,Exchange Rate API
2025-12-01,Hong Kong Dollar,HK$,12.5056,Exchange Rate API
2025-11-30,Hong Kong Dollar,HK$,12.4575,Exchange Rate API
2025-11-29,Hong Kong Dollar,HK$,12.5246,Exchange Rate API
2025-11-28,Hong Kong Dollar,HK$,12.5486,Exchange Rate API
2025-11-27,Hong Kong Dollar,HK$,12.619,Exchange Rate API
2025-11-26,Hong Kong Dollar,HK$,12.6547,Exchange Rate API
2025-11-25,Hong Kong Dollar,HK$,12.6522,Exchange Rate API
2025-11-24,Hong Kong Dollar,HK$,12.6308,Exchange Rate API
2025-11-23,Hong Kong Dollar,HK$,12.5882,Exchange Rate API
2025-11-22,Hong Kong Dollar,HK$,12.5863,Exchange Rate API
2025-11-21,Hong Kong Dollar,HK$,12.5203,Exchange Rate API
2025-11-20,Hong Kong Dollar,HK$,12.5007,Exchange Rate API
2025-11-19,Hong Kong Dollar,HK$,12.4321,Exchange Rate API
2025-11-18,Hong Kong Dollar,HK$,12.3884,Exchange Rate API
2025-11-17,Hong Kong Dollar,HK$,12.449,Exchange Rate API
2025-11-16,Hong Kong Dollar,HK$,12.4283,Exchange Rate API
2025-11-15,Hong Kong Dollar,HK$,12.4238,Exchange Rate API
2025-11-14,Hong Kong Dollar,HK$,12.417,Exchange Rate API
2025-11-13,Hong Kong Dollar,HK$,12.3494,Exchange Rate API
2025-11-12,Hong Kong Dollar,HK$,12.4206,Exchange Rate API
2025-11-11,Hong Kong Dollar,HK$,12.3944,Exchange Rate API
2025-11-10,Hong Kong Dollar,HK$,12.4247,Exchange Rate API
2025-11-09,Hong Kong Dollar,HK$,12.4279,Exchange Rate API
2025-11-08,Hong Kong Dollar,HK$,12.4771,Exchange Rate API
2025-11-07,Hong Kong Dollar,HK$,12.5272,Exchange Rate API
2025-11-06,Hong Kong Dollar,HK$,12.4916,Exchange Rate API
2025-11-05,Hong Kong Dollar,HK$,12.4982,Exchange Rate API
2025-11-04,Hong Kong Dollar,HK$,12.4493,Exchange Rate API
2025-11-03,Hong Kong Dollar,HK$,12.4723,Exchange Rate API
2025-11-02,Hong Kong Dollar,HK$,12.4521,Exchange Rate API
2025-11-01,Hong Kong Dollar,HK$,12.475,Exchange Rate API
2025-10-31,Hong Kong Dollar,HK$,12.5252,Exchange Rate API
2025-10-30,Hong Kong Dollar,HK$,12.5277,Exchange Rate API
2025-10-29,Hong Kong Dollar,HK$,12.5091,Exchange Rate API
2025-10-28,Hong Kong Dollar,HK$,12.5702,Exchange Rate API
2025-10-27,Hong Kong Dollar,HK$,12.5727,Exchange Rate API
2025-10-26,Hong Kong Dollar,HK$,12.5505,Exchange Rate API
2025-10-25,Hong Kong Dollar,HK$,12.6059,Exchange Rate API
2025-10-24,Hong Kong Dollar,HK$,12.6039,Exchange Rate API
2025-10-23,Hong Kong Dollar,HK$,12.6012,Exchange Rate API
2025-10-22,Hong Kong Dollar,HK$,12.617,Exchange Rate API
2025-10-21,Hong Kong Dollar,HK$,12.6173,Exchange Rate API
2025-10-20,Hong Kong Dollar,HK$,12.5626,Exchange Rate API
2025-10-19,Hong Kong Dollar,HK$,12.5122,Exchange Rate API
2025-10-18,Hong Kong Dollar,HK$,12.4487,Exchange Rate API
2025-10-17,Hong Kong Dollar,HK$,12.4701,Exchange Rate API
2025-10-16,Hong Kong Dollar,HK$,12.4269,Exchange Rate API
2025-10-15,Hong Kong Dollar,HK$,12.3802,Exchange Rate API
2025-10-14,Hong Kong Dollar,HK$,12.3597,Exchange Rate API
2025-10-13,Hong Kong Dollar,HK$,12.3919,Exchange Rate API
2025-10-12,Hong Kong Dollar,HK$,12.3351,Exchange Rate API
2025-10-11,Hong Kong Dollar,HK$,12.2952,Exchange Rate API
2025-10-10,Hong Kong Dollar,HK$,12.3411,Exchange Rate API
2025-10-09,Hong Kong Dollar,HK$,12.3737,Exchange Rate API
2025-10-08,Hong Kong Dollar,HK$,12.371,Exchange Rate API
2025-10-07,Hong Kong Dollar,HK$,12.3679,Exchange Rate API
2025-10-06,Hong Kong Dollar,HK$,12.325,Exchange Rate API
2025-10-05,Hong Kong Dollar,HK$,12.2749,Exchange Rate API
2025-10-04,Hong Kong Dollar,HK$,12.324,Exchange Rate API
2025-10-03,Hong Kong Dollar,HK$,12.2534,Exchange Rate API
2025-10-02,Hong Kong Dollar,HK$,12.1862,Exchange Rate API
2025-10-01,Hong Kong Dollar,HK$,12.1969,Exchange Rate API
2025-09-30,Hong Kong Dollar,HK$,12.1473,Exchange Rate API
2025-09-29,Hong Kong Dollar,HK$,12.1662,Exchange Rate API
2025-09-28,Hong Kong Dollar,HK$,12.0989,Exchange Rate API
2025-09-27,Hong Kong Dollar,HK$,12.1094,Exchange Rate API
2025-09-26,Hong Kong Dollar,HK$,12.0449,Exchange Rate API
2025-09-25,Hong Kong Dollar,HK$,12.01,Exchange Rate API
2025-09-24,Hong Kong Dollar,HK$,11.9639,Exchange Rate API
2025-09-23,Hong Kong Dollar,HK$,12.0297,Exchange Rate API
2025-09-22,Hong Kong Dollar,HK$,12.044,Exchange Rate API
2025-09-21,Hong Kong Dollar,HK$,12.0532,Exchange Rate API
2025-09-20,Hong Kong Dollar,HK$,11.9836,Exchange Rate API
2025-09-19,Hong Kong Dollar,HK$,12.0152,Exchange Rate API
2025-09-18,Hong Kong Dollar,HK$,12.0385,Exchange Rate API
2025-09-17,Hong Kong Dollar,HK$,12.0072,Exchange Rate API
2025-09-16,Hong Kong Dollar,HK$,11.9475,Exchange Rate API
2025-09-15,Hong Kong Dollar,HK$,11.9402,Exchange Rate API
2025-09-14,Hong Kong Dollar,HK$,12.0108,Exchange Rate API
2025-09-13,Hong Kong Dollar,HK$,12.0637,Exchange Rate API
2025-09-12,Hong Kong Dollar,HK$,12.016,Exchange Rate API
2025-09-11,Hong Kong Dollar,HK$,12.0636,Exchange Rate API
2025-09-10,Hong Kong Dollar,HK$,12.0782,Exchange Rate API
2025-09-09,Hong Kong Dollar,HK$,12.1209,Exchange Rate API
2025-09-08,Hong Kong Dollar,HK$,12.1675,Exchange Rate API
2025-09-07,Hong Kong Dollar,HK$,12.1211,Exchange Rate API
2025-09-06,Hong Kong Dollar,HK$,12.1443,Exchange Rate API
2025-09-05,Hong Kong Dollar,HK$,12.11,Exchange Rate API
2025-09-04,Hong Kong Dollar,HK$,12.1426,Exchange Rate API
2025-09-03,Hong Kong Dollar,HK$,12.1197,Exchange Rate API
2025-09-02,Hong Kong Dollar,HK$,12.1129,Exchange Rate API
2025-09-01,Hong Kong Dollar,HK$,12.1261,Exchange Rate API
2025-08-31,Hong Kong Dollar,HK$,12.0868,Exchange Rate API
2025-08-30,Hong Kong Dollar,HK$,12.0702,Exchange Rate API
2025-08-29,Hong Kong Dollar,HK$,12.0135,Exchange Rate API
2025-08-28,Hong Kong Dollar,HK$,11.9706,Exchange Rate API
2025-08-27,Hong Kong Dollar,HK$,12.0223,Exchange Rate API
2025-08-26,Hong Kong Dollar,HK$,12.0229,Exchange Rate API
2025-08-25,Hong Kong Dollar,HK$,12.0113,Exchange Rate API
2025-08-24,Hong Kong Dollar,HK$,11.9608,Exchange Rate API
2025-08-23,Hong Kong Dollar,HK$,11.9029,Exchange Rate API
2025-08-22,Hong Kong Dollar,HK$,11.8995,Exchange Rate API
2025-08-21,Hong Kong Dollar,HK$,11.9159,Exchange Rate API
2025-08-20,Hong Kong Dollar,HK$,11.85,Exchange Rate API
2025-08-19,Hong Kong Dollar,HK$,11.8904,Exchange Rate API
2025-08-18,Hong Kong Dollar,HK$,11.8909,Exchange Rate API
2025-08-17,Hong Kong Dollar,HK$,11.8363,Exchange Rate API
2025-08-16,Hong Kong Dollar,HK$,11.8338,Exchange Rate API
2025-08-15,Hong Kong Dollar,HK$,11.7813,Exchange Rate API
2025-08-14,Hong Kong Dollar,HK$,11.7959,Exchange Rate API
2025-08-13,Hong Kong Dollar,HK$,11.8423,Exchange Rate API
2025-08-12,Hong Kong Dollar,HK$,11.8987,Exchange Rate API
2025-08-11,Hong Kong Dollar,HK$,11.9379,Exchange Rate API
2025-08-10,Hong Kong Dollar,HK$,11.9593,Exchange Rate API
2025-08-09,Hong Kong Dollar,HK$,11.9625,Exchange Rate API
2025-08-08,Hong Kong Dollar,HK$,11.9439,Exchange Rate API
2025-08-07,Hong Kong Dollar,HK$,11.8785,Exchange Rate API
2025-08-06,Hong Kong Dollar,HK$,11.8828,Exchange Rate API
2025-08-05,Hong Kong Dollar,HK$,11.8442,Exchange Rate API
2025-08-04,Hong Kong Dollar,HK$,11.8872,Exchange Rate API
2026-08-03,New Zealand Dollar,NZ$,56.2493,Exchange Rate API
2026-08-02,New Zealand Dollar,NZ$,56.1691,Exchange Rate API
2026-08-01,New Zealand Dollar,NZ$,56.2291,Exchange Rate API
2026-07-31,New Zealand Dollar,NZ$,56.392,Exchange Rate API
2026-07-30,New Zealand Dollar,NZ$,56.569,Exchange Rate API
2026-07-29,New Zealand Dollar,NZ$,56.7025,Exchange Rate API
2026-07-28,New Zealand Dollar,NZ$,56.4288,Exchange Rate API
2026-07-27,New Zealand Dollar,NZ$,56.1809,Exchange Rate API
2026-07-26,New Zealand Dollar,NZ$,56.1655,Exchange Rate API
2026-07-25,New Zealand Dollar,NZ$,55.9852,Exchange Rate API
2026-07-24,New Zealand Dollar,NZ$,56.2264,Exchange Rate API
2026-07-23,New Zealand Dollar,NZ$,56.0802,Exchange Rate API
2026-07-22,New Zealand Dollar,NZ$,56.3337,Exchange Rate API
2026-07-21,New Zealand Dollar,NZ$,56.2719,Exchange Rate API
2026-07-20,New Zealand Dollar,NZ$,56.0619,Exchange Rate API
2026-07-19,New Zealand Dollar,NZ$,56.2026,Exchange Rate API
2026-07-18,New Zealand Dollar,NZ$,56.3978,Exchange Rate API
2026-07-17,New Zealand Dollar,NZ$,56.4506,Exchange Rate API
2026-07-16,New Zealand Dollar,NZ$,56.1917,Exchange Rate API
2026-07-15,New Zealand Dollar,NZ$,55.8594,Exchange Rate API
2026-07-14,New Zealand Dollar,NZ$,55.963,Exchange Rate API
2026-07-13,New Zealand Dollar,NZ$,56.0891,Exchange Rate API
2026-07-12,New Zealand Dollar,NZ$,55.9652,Exchange Rate API
2026-07-11,New Zealand Dollar,NZ$,55.8727,Exchange Rate API
2026-07-10,New Zealand Dollar,NZ$,55.6412,Exchange Rate API
2026-07-09,New Zealand Dollar,NZ$,55.7424,Exchange Rate API
2026-07-08,New Zealand Dollar,NZ$,55.5776,Exchange Rate API
2026-07-07,New Zealand Dollar,NZ$,55.8143,Exchange Rate API
2026-07-06,New Zealand Dollar,NZ$,55.7631,Exchange Rate API
2026-07-05,New Zealand Dollar,NZ$,55.6732,Exchange Rate API
2026-07-04,New Zealand Dollar,NZ$,55.5233,Exchange Rate API
2026-07-03,New Zealand Dollar,NZ$,55.6436,Exchange Rate API
2026-07-02,New Zealand Dollar,NZ$,55.8139,Exchange Rate API
2026-07-01,New Zealand Dollar,NZ$,55.7558,Exchange Rate API
2026-06-30,New Zealand Dollar,NZ$,55.9457,Exchange Rate API
2026-06-29,New Zealand Dollar,NZ$,55.9339,Exchange Rate API
2026-06-28,New Zealand Dollar,NZ$,55.8468,Exchange Rate API
2026-06-27,New Zealand Dollar,NZ$,55.8836,Exchange Rate API
2026-06-26,New Zealand Dollar,NZ$,55.7185,Exchange Rate API
2026-06-25,New Zealand Dollar,NZ$,55.5892,Exchange Rate API
2026-06-24,New Zealand Dollar,NZ$,55.4854,Exchange Rate API
2026-06-23,New Zealand Dollar,NZ$,55.6222,Exchange Rate API
2026-06-22,New Zealand Dollar,NZ$,55.7796,Exchange Rate API
2026-06-21,New Zealand Dollar,NZ$,56.0172,Exchange Rate API
2026-06-20,New Zealand Dollar,NZ$,56.1243,Exchange Rate API
2026-06-19,New Zealand Dollar,NZ$,56.2912,Exchange Rate API
2026-06-18,New Zealand Dollar,NZ$,56.2551,Exchange Rate API
2026-06-17,New Zealand Dollar,NZ$,56.3896,Exchange Rate API
2026-06-16,New Zealand Dollar,NZ$,56.1607,Exchange Rate API
2026-06-15,New Zealand Dollar,NZ$,55.9683,Exchange Rate API
2026-06-14,New Zealand Dollar,NZ$,55.9015,Exchange Rate API
2026-06-13,New Zealand Dollar,NZ$,55.7931,Exchange Rate API
2026-06-12,New Zealand Dollar,NZ$,55.827,Exchange Rate API
2026-06-11,New Zealand Dollar,NZ$,55.959,Exchange Rate API
2026-06-10,New Zealand Dollar,NZ$,56.0979,Exchange Rate API
2026-06-09,New Zealand Dollar,NZ$,55.8695,Exchange Rate API
2026-06-08,New Zealand Dollar,NZ$,56.181,Exchange Rate API
2026-06-07,New Zealand Dollar,NZ$,55.8475,Exchange Rate API
2026-06-06,New Zealand Dollar,NZ$,55.5735,Exchange Rate API
2026-06-05,New Zealand Dollar,NZ$,55.337,Exchange Rate API
2026-06-04,New Zealand Dollar,NZ$,55.6198,Exchange Rate API
2026-06-03,New Zealand Dollar,NZ$,55.5767,Exchange Rate API
2026-06-02,New Zealand Dollar,NZ$,55.286,Exchange Rate API
2026-06-01,New Zealand Dollar,NZ$,55.1014,Exchange Rate API
2026-05-31,New Zealand Dollar,NZ$,54.8237,Exchange Rate API
2026-05-30,New Zealand Dollar,NZ$,54.5196,Exchange Rate API
2026-05-29,New Zealand Dollar,NZ$,54.4439,Exchange Rate API
2026-05-28,New Zealand Dollar,NZ$,54.7604,Exchange Rate API
2026-05-27,New Zealand Dollar,NZ$,54.8353,Exchange Rate API
2026-05-26,New Zealand Dollar,NZ$,54.8491,Exchange Rate API
2026-05-25,New Zealand Dollar,NZ$,54.9884,Exchange Rate API
2026-05-24,New Zealand Dollar,NZ$,55.0527,Exchange Rate API
2026-05-23,New Zealand Dollar,NZ$,55.3472,Exchange Rate API
2026-05-22,New Zealand Dollar,NZ$,55.5599,Exchange Rate API
2026-05-21,New Zealand Dollar,NZ$,55.6534,Exchange Rate API
2026-05-20,New Zealand Dollar,NZ$,55.6126,Exchange Rate API
2026-05-19,New Zealand Dollar,NZ$,55.4135,Exchange Rate API
2026-05-18,New Zealand Dollar,NZ$,55.5178,Exchange Rate API
2026-05-17,New Zealand Dollar,NZ$,55.7203,Exchange Rate API
2026-05-16,New Zealand Dollar,NZ$,55.5772,Exchange Rate API
2026-05-15,New Zealand Dollar,NZ$,55.2662,Exchange Rate API
2026-05-14,New Zealand Dollar,NZ$,55.3322,Exchange Rate API
2026-05-13,New Zealand Dollar,NZ$,55.3427,Exchange Rate API
2026-05-12,New Zealand Dollar,NZ$,55.1645,Exchange Rate API
2026-05-11,New Zealand Dollar,NZ$,54.9457,Exchange Rate API
2026-05-10,New Zealand Dollar,NZ$,54.6398,Exchange Rate API
2026-05-09,New Zealand Dollar,NZ$,54.4688,Exchange Rate API
2026-05-08,New Zealand Dollar,NZ$,54.1422,Exchange Rate API
2026-05-07,New Zealand Dollar,NZ$,53.9196,Exchange Rate API
2026-05-06,New Zealand Dollar,NZ$,54.2411,Exchange Rate API
2026-05-05,New Zealand Dollar,NZ$,54.4231,Exchange Rate API
2026-05-04,New Zealand Dollar,NZ$,54.3272,Exchange Rate API
2026-05-03,New Zealand Dollar,NZ$,54.2588,Exchange Rate API
2026-05-02,New Zealand Dollar,NZ$,54.3148,Exchange Rate API
2026-05-01,New Zealand Dollar,NZ$,54.3264,Exchange Rate API
2026-04-30,New Zealand Dollar,NZ$,54.4809,Exchange Rate API
2026-04-29,New Zealand Dollar,NZ$,54.1989,Exchange Rate API
2026-04-28,New Zealand Dollar,NZ$,53.9323,Exchange Rate API
2026-04-27,New Zealand Dollar,NZ$,53.7928,Exchange Rate API
2026-04-26,New Zealand Dollar,NZ$,54.0057,Exchange Rate API
2026-04-25,New Zealand Dollar,NZ$,54.2747,Exchange Rate API
2026-04-24,New Zealand Dollar,NZ$,54.1758,Exchange Rate API
2026-04-23,New Zealand Dollar,NZ$,54.477,Exchange Rate API
2026-04-22,New Zealand Dollar,NZ$,54.3309,Exchange Rate API
2026-04-21,New Zealand Dollar,NZ$,54.4002,Exchange Rate API
2026-04-20,New Zealand Dollar,NZ$,54.2008,Exchange Rate API
2026-04-19,New Zealand Dollar,NZ$,54.4803,Exchange Rate API
2026-04-18,New Zealand Dollar,NZ$,54.5293,Exchange Rate API
2026-04-17,New Zealand Dollar,NZ$,54.373,Exchange Rate API
2026-04-16,New Zealand Dollar,NZ$,54.3124,Exchange Rate API
2026-04-15,New Zealand Dollar,NZ$,54.0559,Exchange Rate API
2026-04-14,New Zealand Dollar,NZ$,53.7785,Exchange Rate API
2026-04-13,New Zealand Dollar,NZ$,53.6457,Exchange Rate API
2026-04-12,New Zealand Dollar,NZ$,53.9335,Exchange Rate API
2026-04-11,New Zealand Dollar,NZ$,54.1296,Exchange Rate API
2026-04-10,New Zealand Dollar,NZ$,54.4263,Exchange Rate API
2026-04-09,New Zealand Dollar,NZ$,54.6719,Exchange Rate API
2026-04-08,New Zealand Dollar,NZ$,54.8773,Exchange Rate API
2026-04-07,New Zealand Dollar,NZ$,54.9266,Exchange Rate API
2026-04-06,New Zealand Dollar,NZ$,55.0546,Exchange Rate API
2026-04-05,New Zealand Dollar,NZ$,55.3625,Exchange Rate API
2026-04-04,New Zealand Dollar,NZ$,55.4045,Exchange Rate API
2026-04-03,New Zealand Dollar,NZ$,55.584,Exchange Rate API
2026-04-02,New Zealand Dollar,NZ$,55.7557,Exchange Rate API
2026-04-01,New Zealand Dollar,NZ$,56.0643,Exchange Rate API
2026-03-31,New Zealand Dollar,NZ$,56.0366,Exchange Rate API
2026-03-30,New Zealand Dollar,NZ$,56.0102,Exchange Rate API
2026-03-29,New Zealand Dollar,NZ$,56.0686,Exchange Rate API
2026-03-28,New Zealand Dollar,NZ$,55.7506,Exchange Rate API
2026-03-27,New Zealand Dollar,NZ$,55.4939,Exchange Rate API
2026-03-26,New Zealand Dollar,NZ$,55.2059,Exchange Rate API
2026-03-25,New Zealand Dollar,NZ$,55.2944,Exchange Rate API
2026-03-24,New Zealand Dollar,NZ$,55.6223,Exchange Rate API
2026-03-23,New Zealand Dollar,NZ$,55.7404,Exchange Rate API
2026-03-22,New Zealand Dollar,NZ$,55.5598,Exchange Rate API
2026-03-21,New Zealand Dollar,NZ$,55.4369,Exchange Rate API
2026-03-20,New Zealand Dollar,NZ$,55.7399,Exchange Rate API
2026-03-19,New Zealand Dollar,NZ$,55.7509,Exchange Rate API
2026-03-18,New Zealand Dollar,NZ$,55.4229,Exchange Rate API
2026-03-17,New Zealand Dollar,NZ$,55.6438,Exchange Rate API
2026-03-16,New Zealand Dollar,NZ$,55.4757,Exchange Rate API
2026-03-15,New Zealand Dollar,NZ$,55.2048,Exchange Rate API
2026-03-14,New Zealand Dollar,NZ$,55.3199,Exchange Rate API
2026-03-13,New Zealand Dollar,NZ$,55.533,Exchange Rate API
2026-03-12,New Zealand Dollar,NZ$,55.2505,Exchange Rate API
2026-03-11,New Zealand Dollar,NZ$,55.5365,Exchange Rate API
2026-03-10,New Zealand Dollar,NZ$,55.5209,Exchange Rate API
2026-03-09,New Zealand Dollar,NZ$,55.4233,Exchange Rate API
2026-03-08,New Zealand Dollar,NZ$,55.6856,Exchange Rate API
2026-03-07,New Zealand Dollar,NZ$,55.5313,Exchange Rate API
2026-03-06,New Zealand Dollar,NZ$,55.8292,Exchange Rate API
2026-03-05,New Zealand Dollar,NZ$,55.9519,Exchange Rate API
2026-03-04,New Zealand Dollar,NZ$,56.2271,Exchange Rate API
2026-03-03,New Zealand Dollar,NZ$,56.2264,Exchange Rate API
2026-03-02,New Zealand Dollar,NZ$,56.0238,Exchange Rate API
2026-03-01,New Zealand Dollar,NZ$,56.1821,Exchange Rate API
2026-02-28,New Zealand Dollar,NZ$,56.4334,Exchange Rate API
2026-02-27,New Zealand Dollar,NZ$,56.2348,Exchange Rate API
2026-02-26,New Zealand Dollar,NZ$,56.0342,Exchange Rate API
2026-02-25,New Zealand Dollar,NZ$,55.8659,Exchange Rate API
2026-02-24,New Zealand Dollar,NZ$,55.9454,Exchange Rate API
2026-02-23,New Zealand Dollar,NZ$,55.7145,Exchange Rate API
2026-02-22,New Zealand Dollar,NZ$,55.4515,Exchange Rate API
2026-02-21,New Zealand Dollar,NZ$,55.7311,Exchange Rate API
2026-02-20,New Zealand Dollar,NZ$,55.8487,Exchange Rate API
2026-02-19,New Zealand Dollar,NZ$,55.9582,Exchange Rate API
2026-02-18,New Zealand Dollar,NZ$,56.0346,Exchange Rate API
2026-02-17,New Zealand Dollar,NZ$,56.2123,Exchange Rate API
2026-02-16,New Zealand Dollar,NZ$,56.2403,Exchange Rate API
2026-02-15,New Zealand Dollar,NZ$,55.9314,Exchange Rate API
2026-02-14,New Zealand Dollar,NZ$,55.9195,Exchange Rate API
2026-02-13,New Zealand Dollar,NZ$,56.0005,Exchange Rate API
2026-02-12,New Zealand Dollar,NZ$,55.9954,Exchange Rate API
2026-02-11,New Zealand Dollar,NZ$,56.3215,Exchange Rate API
2026-02-10,New Zealand Dollar,NZ$,56.5898,Exchange Rate API
2026-02-09,New Zealand Dollar,NZ$,56.8402,Exchange Rate API
2026-02-08,New Zealand Dollar,NZ$,56.8339,Exchange Rate API
2026-02-07,New Zealand Dollar,NZ$,57.1643,Exchange Rate API
2026-02-06,New Zealand Dollar,NZ$,57.4497,Exchange Rate API
2026-02-05,New Zealand Dollar,NZ$,57.2982,Exchange Rate API
2026-02-04,New Zealand Dollar,NZ$,57.1071,Exchange Rate API
2026-02-03,New Zealand Dollar,NZ$,57.1596,Exchange Rate API
2026-02-02,New Zealand Dollar,NZ$,56.8538,Exchange Rate API
2026-02-01,New Zealand Dollar,NZ$,57.058,Exchange Rate API
2026-01-31,New Zealand Dollar,NZ$,57.0432,Exchange Rate API
2026-01-30,New Zealand Dollar,NZ$,57.0711,Exchange Rate API
2026-01-29,New Zealand Dollar,NZ$,57.0728,Exchange Rate API
2026-01-28,New Zealand Dollar,NZ$,57,Exchange Rate API
2026-01-27,New Zealand Dollar,NZ$,57.1275,Exchange Rate API
2026-01-26,New Zealand Dollar,NZ$,56.9046,Exchange Rate API
2026-01-25,New Zealand Dollar,NZ$,57.23,Exchange Rate API
2026-01-24,New Zealand Dollar,NZ$,57.3661,Exchange Rate API
2026-01-23,New Zealand Dollar,NZ$,57.3386,Exchange Rate API
2026-01-22,New Zealand Dollar,NZ$,57.4688,Exchange Rate API
2026-01-21,New Zealand Dollar,NZ$,57.1321,Exchange Rate API
2026-01-20,New Zealand Dollar,NZ$,56.9338,Exchange Rate API
2026-01-19,New Zealand Dollar,NZ$,56.9891,Exchange Rate API
2026-01-18,New Zealand Dollar,NZ$,56.8697,Exchange Rate API
2026-01-17,New Zealand Dollar,NZ$,56.9467,Exchange Rate API
2026-01-16,New Zealand Dollar,NZ$,56.7825,Exchange Rate API
2026-01-15,New Zealand Dollar,NZ$,56.8156,Exchange Rate API
2026-01-14,New Zealand Dollar,NZ$,56.6364,Exchange Rate API
2026-01-13,New Zealand Dollar,NZ$,56.6169,Exchange Rate API
2026-01-12,New Zealand Dollar,NZ$,56.6937,Exchange Rate API
2026-01-11,New Zealand Dollar,NZ$,56.6025,Exchange Rate API
2026-01-10,New Zealand Dollar,NZ$,56.6017,Exchange Rate API
2026-01-09,New Zealand Dollar,NZ$,56.4051,Exchange Rate API
2026-01-08,New Zealand Dollar,NZ$,56.541,Exchange Rate API
2026-01-07,New Zealand Dollar,NZ$,56.4544,Exchange Rate API
2026-01-06,New Zealand Dollar,NZ$,56.6944,Exchange Rate API
2026-01-05,New Zealand Dollar,NZ$,56.5445,Exchange Rate API
2026-01-04,New Zealand Dollar,NZ$,56.3273,Exchange Rate API
2026-01-03,New Zealand Dollar,NZ$,56.078,Exchange Rate API
2026-01-02,New Zealand Dollar,NZ$,56.1291,Exchange Rate API
2026-01-01,New Zealand Dollar,NZ$,55.9463,Exchange Rate API
2025-12-31,New Zealand Dollar,NZ$,55.6777,Exchange Rate API
2025-12-30,New Zealand Dollar,NZ$,55.524,Exchange Rate API
2025-12-29,New Zealand Dollar,NZ$,55.348,Exchange Rate API
2025-12-28,New Zealand Dollar,NZ$,55.303,Exchange Rate API
2025-12-27,New Zealand Dollar,NZ$,55.2239,Exchange Rate API
2025-12-26,New Zealand Dollar,NZ$,54.9892,Exchange Rate API
2025-12-25,New Zealand Dollar,NZ$,55.2922,Exchange Rate API
2025-12-24,New Zealand Dollar,NZ$,55.0597,Exchange Rate API
2025-12-23,New Zealand Dollar,NZ$,55.2617,Exchange Rate API
2025-12-22,New Zealand Dollar,NZ$,55.0472,Exchange Rate API
2025-12-21,New Zealand Dollar,NZ$,55.0469,Exchange Rate API
2025-12-20,New Zealand Dollar,NZ$,55.3742,Exchange Rate API
2025-12-19,New Zealand Dollar,NZ$,55.6064,Exchange Rate API
2025-12-18,New Zealand Dollar,NZ$,55.6177,Exchange Rate API
2025-12-17,New Zealand Dollar,NZ$,55.7649,Exchange Rate API
2025-12-16,New Zealand Dollar,NZ$,55.9558,Exchange Rate API
2025-12-15,New Zealand Dollar,NZ$,55.8215,Exchange Rate API
2025-12-14,New Zealand Dollar,NZ$,55.8631,Exchange Rate API
2025-12-13,New Zealand Dollar,NZ$,55.9086,Exchange Rate API
2025-12-12,New Zealand Dollar,NZ$,55.8404,Exchange Rate API
2025-12-11,New Zealand Dollar,NZ$,55.9681,Exchange Rate API
2025-12-10,New Zealand Dollar,NZ$,55.6726,Exchange Rate API
2025-12-09,New Zealand Dollar,NZ$,55.8823,Exchange Rate API
2025-12-08,New Zealand Dollar,NZ$,55.8666,Exchange Rate API
2025-12-07,New Zealand Dollar,NZ$,55.9537,Exchange Rate API
2025-12-06,New Zealand Dollar,NZ$,55.92,Exchange Rate API
2025-12-05,New Zealand Dollar,NZ$,55.809,Exchange Rate API
2025-12-04,New Zealand Dollar,NZ$,55.7159,Exchange Rate API
2025-12-03,New Zealand Dollar,NZ$,55.7562,Exchange Rate API
2025-12-02,New Zealand Dollar,NZ$,56.0451,Exchange Rate API
2025-12-01,New Zealand Dollar,NZ$,55.8822,Exchange Rate API
2025-11-30,New Zealand Dollar,NZ$,55.5602,Exchange Rate API
2025-11-29,New Zealand Dollar,NZ$,55.3077,Exchange Rate API
2025-11-28,New Zealand Dollar,NZ$,55.5515,Exchange Rate API
2025-11-27,New Zealand Dollar,NZ$,55.8602,Exchange Rate API
2025-11-26,New Zealand Dollar,NZ$,55.6584,Exchange Rate API
2025-11-25,New Zealand Dollar,NZ$,55.7091,Exchange Rate API
2025-11-24,New Zealand Dollar,NZ$,55.8088,Exchange Rate API
2025-11-23,New Zealand Dollar,NZ$,55.5908,Exchange Rate API
2025-11-22,New Zealand Dollar,NZ$,55.7778,Exchange Rate API
2025-11-21,New Zealand Dollar,NZ$,55.6808,Exchange Rate API
2025-11-20,New Zealand Dollar,NZ$,55.7965,Exchange Rate API
2025-11-19,New Zealand Dollar,NZ$,55.7881,Exchange Rate API
2025-11-18,New Zealand Dollar,NZ$,55.9464,Exchange Rate API
2025-11-17,New Zealand Dollar,NZ$,56.208,Exchange Rate API
2025-11-16,New Zealand Dollar,NZ$,56.1278,Exchange Rate API
2025-11-15,New Zealand Dollar,NZ$,55.984,Exchange Rate API
2025-11-14,New Zealand Dollar,NZ$,56.0725,Exchange Rate API
2025-11-13,New Zealand Dollar,NZ$,55.8335,Exchange Rate API
2025-11-12,New Zealand Dollar,NZ$,55.6108,Exchange Rate API
2025-11-11,New Zealand Dollar,NZ$,55.8161,Exchange Rate API
2025-11-10,New Zealand Dollar,NZ$,55.7072,Exchange Rate API
2025-11-09,New Zealand Dollar,NZ$,55.795,Exchange Rate API
2025-11-08,New Zealand Dollar,NZ$,55.843,Exchange Rate API
2025-11-07,New Zealand Dollar,NZ$,56.0768,Exchange Rate API
2025-11-06,New Zealand Dollar,NZ$,55.7883,Exchange Rate API
2025-11-05,New Zealand Dollar,NZ$,55.562,Exchange Rate API
2025-11-04,New Zealand Dollar,NZ$,55.3808,Exchange Rate API
2025-11-03,New Zealand Dollar,NZ$,55.2591,Exchange Rate API
2025-11-02,New Zealand Dollar,NZ$,55.1207,Exchange Rate API
2025-11-01,New Zealand Dollar,NZ$,54.9669,Exchange Rate API
2025-10-31,New Zealand Dollar,NZ$,55.0623,Exchange Rate API
2025-10-30,New Zealand Dollar,NZ$,54.9112,Exchange Rate API
2025-10-29,New Zealand Dollar,NZ$,54.8749,Exchange Rate API
2025-10-28,New Zealand Dollar,NZ$,55.1138,Exchange Rate API
2025-10-27,New Zealand Dollar,NZ$,55.0233,Exchange Rate API
2025-10-26,New Zealand Dollar,NZ$,55.0807,Exchange Rate API
2025-10-25,New Zealand Dollar,NZ$,55.3884,Exchange Rate API
2025-10-24,New Zealand Dollar,NZ$,55.3312,Exchange Rate API
2025-10-23,New Zealand Dollar,NZ$,55.1213,Exchange Rate API
2025-10-22,New Zealand Dollar,NZ$,54.8059,Exchange Rate API
2025-10-21,New Zealand Dollar,NZ$,54.9557,Exchange Rate API
2025-10-20,New Zealand Dollar,NZ$,55.0625,Exchange Rate API
2025-10-19,New Zealand Dollar,NZ$,55.3535,Exchange Rate API
2025-10-18,New Zealand Dollar,NZ$,55.4868,Exchange Rate API
2025-10-17,New Zealand Dollar,NZ$,55.2072,Exchange Rate API
2025-10-16,New Zealand Dollar,NZ$,54.9865,Exchange Rate API
2025-10-15,New Zealand Dollar,NZ$,54.7246,Exchange Rate API
2025-10-14,New Zealand Dollar,NZ$,54.4381,Exchange Rate API
2025-10-13,New Zealand Dollar,NZ$,54.6855,Exchange Rate API
2025-10-12,New Zealand Dollar,NZ$,54.7173,Exchange Rate API
2025-10-11,New Zealand Dollar,NZ$,54.4063,Exchange Rate API
2025-10-10,New Zealand Dollar,NZ$,54.3391,Exchange Rate API
2025-10-09,New Zealand Dollar,NZ$,54.5119,Exchange Rate API
2025-10-08,New Zealand Dollar,NZ$,54.2393,Exchange Rate API
2025-10-07,New Zealand Dollar,NZ$,54.0847,Exchange Rate API
2025-10-06,New Zealand Dollar,NZ$,53.861,Exchange Rate API
2025-10-05,New Zealand Dollar,NZ$,53.9611,Exchange Rate API
2025-10-04,New Zealand Dollar,NZ$,54.2107,Exchange Rate API
2025-10-03,New Zealand Dollar,NZ$,54.0867,Exchange Rate API
2025-10-02,New Zealand Dollar,NZ$,53.9228,Exchange Rate API
2025-10-01,New Zealand Dollar,NZ$,53.7831,Exchange Rate API
2025-09-30,New Zealand Dollar,NZ$,53.8647,Exchange Rate API
2025-09-29,New Zealand Dollar,NZ$,53.6264,Exchange Rate API
2025-09-28,New Zealand Dollar,NZ$,53.8442,Exchange Rate API
2025-09-27,New Zealand Dollar,NZ$,53.5396,Exchange Rate API
2025-09-26,New Zealand Dollar,NZ$,53.6447,Exchange Rate API
2025-09-25,New Zealand Dollar,NZ$,53.8767,Exchange Rate API
2025-09-24,New Zealand Dollar,NZ$,53.7637,Exchange Rate API
2025-09-23,New Zealand Dollar,NZ$,53.7483,Exchange Rate API
2025-09-22,New Zealand Dollar,NZ$,54.0547,Exchange Rate API
2025-09-21,New Zealand Dollar,NZ$,54.081,Exchange Rate API
2025-09-20,New Zealand Dollar,NZ$,53.9333,Exchange Rate API
2025-09-19,New Zealand Dollar,NZ$,53.8976,Exchange Rate API
2025-09-18,New Zealand Dollar,NZ$,54.2013,Exchange Rate API
2025-09-17,New Zealand Dollar,NZ$,54.3298,Exchange Rate API
2025-09-16,New Zealand Dollar,NZ$,54.1192,Exchange Rate API
2025-09-15,New Zealand Dollar,NZ$,54.1826,Exchange Rate API
2025-09-14,New Zealand Dollar,NZ$,54.2678,Exchange Rate API
2025-09-13,New Zealand Dollar,NZ$,54.3563,Exchange Rate API
2025-09-12,New Zealand Dollar,NZ$,54.398,Exchange Rate API
2025-09-11,New Zealand Dollar,NZ$,54.4133,Exchange Rate API
2025-09-10,New Zealand Dollar,NZ$,54.5044,Exchange Rate API
2025-09-09,New Zealand Dollar,NZ$,54.3799,Exchange Rate API
2025-09-08,New Zealand Dollar,NZ$,54.2802,Exchange Rate API
2025-09-07,New Zealand Dollar,NZ$,54.306,Exchange Rate API
2025-09-06,New Zealand Dollar,NZ$,54.5046,Exchange Rate API
2025-09-05,New Zealand Dollar,NZ$,54.4666,Exchange Rate API
2025-09-04,New Zealand Dollar,NZ$,54.3789,Exchange Rate API
2025-09-03,New Zealand Dollar,NZ$,54.2222,Exchange Rate API
2025-09-02,New Zealand Dollar,NZ$,54.0944,Exchange Rate API
2025-09-01,New Zealand Dollar,NZ$,53.7699,Exchange Rate API
2025-08-31,New Zealand Dollar,NZ$,53.9734,Exchange Rate API
2025-08-30,New Zealand Dollar,NZ$,54.1988,Exchange Rate API
2025-08-29,New Zealand Dollar,NZ$,54.0973,Exchange Rate API
2025-08-28,New Zealand Dollar,NZ$,54.0773,Exchange Rate API
2025-08-27,New Zealand Dollar,NZ$,53.7582,Exchange Rate API
2025-08-26,New Zealand Dollar,NZ$,54.0305,Exchange Rate API
2025-08-25,New Zealand Dollar,NZ$,54.3203,Exchange Rate API
2025-08-24,New Zealand Dollar,NZ$,54.3054,Exchange Rate API
2025-08-23,New Zealand Dollar,NZ$,53.9855,Exchange Rate API
2025-08-22,New Zealand Dollar,NZ$,53.9404,Exchange Rate API
2025-08-21,New Zealand Dollar,NZ$,53.8064,Exchange Rate API
2025-08-20,New Zealand Dollar,NZ$,53.6329,Exchange Rate API
2025-08-19,New Zealand Dollar,NZ$,53.3157,Exchange Rate API
2025-08-18,New Zealand Dollar,NZ$,53.2349,Exchange Rate API
2025-08-17,New Zealand Dollar,NZ$,53.1785,Exchange Rate API
2025-08-16,New Zealand Dollar,NZ$,53.2171,Exchange Rate API
2025-08-15,New Zealand Dollar,NZ$,53.1499,Exchange Rate API
2025-08-14,New Zealand Dollar,NZ$,52.9351,Exchange Rate API
2025-08-13,New Zealand Dollar,NZ$,53.0857,Exchange Rate API
2025-08-12,New Zealand Dollar,NZ$,53.0155,Exchange Rate API
2025-08-11,New Zealand Dollar,NZ$,52.9381,Exchange Rate API
2025-08-10,New Zealand Dollar,NZ$,52.7875,Exchange Rate API
2025-08-09,New Zealand Dollar,NZ$,52.7382,Exchange Rate API
2025-08-08,New Zealand Dollar,NZ$,52.5734,Exchange Rate API
2025-08-07,New Zealand Dollar,NZ$,52.7403,Exchange Rate API
2025-08-06,New Zealand Dollar,NZ$,52.9998,Exchange Rate API
2025-08-05,New Zealand Dollar,NZ$,53.1954,Exchange Rate API
2025-08-04,New Zealand Dollar,NZ$,53.3133,Exchange Rate API
