application_id,customer_id,loan_id,application_date,requested_amount,approval_status,created_at,updated_at,source_system
APP00000001,CUST00000600,,2022-11-21,1927035.39,Rejected,2026-08-03 11:22:39.865894,,Loan Management System
APP00000002,CUST00004992,,2022-12-15,3827106.86,Cancelled,2026-08-03 11:22:39.865894,,Loan Management System
APP00000003,CUST00004354,LN00000894,2017-03-08,1494030.14,Approved,2026-08-03 11:22:39.865894,,Loan Management System
APP00000004,CUST00000869,,2020-06-28,843234.66,Rejected,2026-08-03 11:22:39.865894,,Loan Management System
APP00000005,CUST00002350,LN00001987,2024-06-26,2634168.16,Approved,2026-08-03 11:22:39.865894,,Loan Management System
APP00000006,CUST00000969,LN00000563,2018-06-13,9056475.16,Approved,2026-08-03 11:22:39.865894,,Loan Management System
APP00000007,CUST00004515,LN00001511,2023-07-14,987033.39,Approved,2026-08-03 11:22:39.865894,,Loan Management System
APP00000008,CUST00003687,,2020-11-03,377988.4,Rejected,2026-08-03 11:22:39.866894,,Loan Management System
APP00000009,CUST00000042,,2020-03-20,1161535.27,Pending,2026-08-03 11:22:39.866894,,Loan Management System
APP00000010,CUST00000100,,2024-12-18,1596848.25,Rejected,2026-08-03 11:22:39.866894,,Loan Management System
APP00000011,CUST00002487,LN00000157,2015-04-16,2030223.41,Approved,2026-08-03 11:22:39.866894,,Loan Management System
APP00000012,CUST00003945,,2021-01-05,2444686.64,Cancelled,2026-08-03 11:22:39.867895,,Loan Management System
APP00000013,CUST00001154,LN00001583,2016-06-15,3378576.41,Approved,2026-08-03 11:22:39.867895,,Loan Management System
APP00000014,CUST00003699,LN00001581,2017-08-16,162639.17,Approved,2026-08-03 11:22:39.867895,,Loan Management System
APP00000015,CUST00003690,LN00000687,2016-06-03,1358573.47,Approved,2026-08-03 11:22:39.867895,,Loan Management System
APP00000016,CUST00000310,LN00001879,2020-01-13,2176112.74,Approved,2026-08-03 11:22:39.867895,,Loan Management System
APP00000017,CUST00001676,LN00001793,2024-09-10,2074050.62,Approved,2026-08-03 11:22:39.867895,,Loan Management System
APP00000018,CUST00002552,LN00001674,2020-12-31,2964218.77,Approved,2026-08-03 11:22:39.867895,,Loan Management System
APP00000019,CUST00001357,LN00000816,2014-02-02,986562.15,Approved,2026-08-03 11:22:39.867895,,Loan Management System
APP00000020,CUST00001695,LN00000024,2011-11-15,499305.2,Approved,2026-08-03 11:22:39.867895,,Loan Management System
APP00000021,CUST00003242,LN00001831,2024-09-30,269204.15,Approved,2026-08-03 11:22:39.867895,,Loan Management System
APP00000022,CUST00004907,,2024-12-31,2793148.61,Pending,2026-08-03 11:22:39.867895,,Loan Management System
APP00000023,CUST00000316,,2012-09-25,3278737.26,Pending,2026-08-03 11:22:39.867895,,Loan Management System
APP00000024,CUST00000191,LN00001371,2013-07-04,2237999.89,Approved,2026-08-03 11:22:39.867895,,Loan Management System
APP00000025,CUST00000452,,2015-09-09,531033.93,Pending,2026-08-03 11:22:39.868895,,Loan Management System
APP00000026,CUST00000767,LN00001627,2016-11-02,165312.98,Approved,2026-08-03 11:22:39.868895,,Loan Management System
APP00000027,CUST00001107,LN00002144,2025-05-18,3179329.67,Approved,2026-08-03 11:22:39.868895,,Loan Management System
APP00000028,CUST00003496,LN00001242,2021-09-10,1309651.21,Approved,2026-08-03 11:22:39.868895,,Loan Management System
APP00000029,CUST00004786,,2024-02-04,881060.45,Rejected,2026-08-03 11:22:39.868895,,Loan Management System
APP00000030,CUST00001910,,2024-06-16,645737.6,Rejected,2026-08-03 11:22:39.868895,,Loan Management System
APP00000031,CUST00001174,LN00001193,2016-01-03,1307654.89,Approved,2026-08-03 11:22:39.868895,,Loan Management System
APP00000032,CUST00002776,LN00000414,2022-12-09,5687876.02,Approved,2026-08-03 11:22:39.868895,,Loan Management System
APP00000033,CUST00003235,,2012-05-04,1925439.36,Rejected,2026-08-03 11:22:39.869894,,Loan Management System
APP00000034,CUST00003065,LN00000206,2020-02-25,959475.15,Approved,2026-08-03 11:22:39.869894,,Loan Management System
APP00000035,CUST00001987,,2020-11-15,1628725.16,Rejected,2026-08-03 11:22:39.869894,,Loan Management System
APP00000036,CUST00003629,,2017-05-06,4976477.34,Cancelled,2026-08-03 11:22:39.869894,,Loan Management System
APP00000037,CUST00004598,,2025-06-04,2954362.98,Pending,2026-08-03 11:22:39.869894,,Loan Management System
APP00000038,CUST00004320,LN00001538,2021-10-31,2102920.22,Approved,2026-08-03 11:22:39.869894,,Loan Management System
APP00000039,CUST00000388,,2025-09-17,2064963.05,Rejected,2026-08-03 11:22:39.870894,,Loan Management System
APP00000040,CUST00001407,LN00000039,2024-06-14,1226109.85,Approved,2026-08-03 11:22:39.870894,,Loan Management System
APP00000041,CUST00002152,LN00000967,2023-03-11,2702795.79,Approved,2026-08-03 11:22:39.870894,,Loan Management System
APP00000042,CUST00001961,,2022-05-02,9887754.35,Cancelled,2026-08-03 11:22:39.870894,,Loan Management System
APP00000043,CUST00001801,LN00000336,2014-09-13,10440395.52,Approved,2026-08-03 11:22:39.870894,,Loan Management System
APP00000044,CUST00001782,LN00001259,2012-10-27,2422016.98,Approved,2026-08-03 11:22:39.870894,,Loan Management System
APP00000045,CUST00003443,LN00001836,2019-02-17,59434.03,Approved,2026-08-03 11:22:39.870894,,Loan Management System
APP00000046,CUST00000051,LN00000014,2013-01-07,1811746.47,Approved,2026-08-03 11:22:39.870894,,Loan Management System
APP00000047,CUST00002676,LN00001067,2018-04-22,7616160.27,Approved,2026-08-03 11:22:39.870894,,Loan Management System
APP00000048,CUST00002067,,2016-07-30,588124.81,Rejected,2026-08-03 11:22:39.870894,,Loan Management System
APP00000049,CUST00004432,LN00000489,2016-04-06,1302210.17,Approved,2026-08-03 11:22:39.870894,,Loan Management System
APP00000050,CUST00002510,LN00001897,2018-06-21,10519764.57,Approved,2026-08-03 11:22:39.870894,,Loan Management System
APP00000051,CUST00002410,LN00002355,2022-12-22,272838.02,Approved,2026-08-03 11:22:39.870894,,Loan Management System
APP00000052,CUST00004779,LN00000849,2024-02-24,1033064.95,Approved,2026-08-03 11:22:39.870894,,Loan Management System
APP00000053,CUST00004457,LN00001584,2023-05-26,8404224.73,Approved,2026-08-03 11:22:39.870894,,Loan Management System
APP00000054,CUST00002915,LN00001185,2012-07-11,376681.37,Approved,2026-08-03 11:22:39.870894,,Loan Management System
APP00000055,CUST00003249,LN00001660,2025-03-30,808419.85,Approved,2026-08-03 11:22:39.870894,,Loan Management System
APP00000056,CUST00001779,LN00001699,2022-01-22,3697384.78,Approved,2026-08-03 11:22:39.870894,,Loan Management System
APP00000057,CUST00004972,,2025-06-16,3247166.87,Rejected,2026-08-03 11:22:39.870894,,Loan Management System
APP00000058,CUST00002887,LN00002306,2018-10-06,5190474.8,Approved,2026-08-03 11:22:39.870894,,Loan Management System
APP00000059,CUST00003634,LN00000076,2023-07-13,1768874.97,Approved,2026-08-03 11:22:39.870894,,Loan Management System
APP00000060,CUST00002016,LN00000582,2026-04-28,530428.27,Approved,2026-08-03 11:22:39.872403,,Loan Management System
APP00000061,CUST00003012,LN00002277,2022-09-19,3596112.96,Approved,2026-08-03 11:22:39.872403,,Loan Management System
APP00000062,CUST00000343,LN00000375,2024-10-22,5378690.58,Approved,2026-08-03 11:22:39.872471,,Loan Management System
APP00000063,CUST00001946,LN00001646,2017-09-19,8799358.83,Approved,2026-08-03 11:22:39.872471,,Loan Management System
APP00000064,CUST00004534,LN00002068,2011-08-23,2644507.86,Approved,2026-08-03 11:22:39.872471,,Loan Management System
APP00000065,CUST00003249,,2026-04-03,816877.22,Rejected,2026-08-03 11:22:39.872471,,Loan Management System
APP00000066,CUST00003914,LN00002368,2016-09-10,1118002.5,Approved,2026-08-03 11:22:39.872471,,Loan Management System
APP00000067,CUST00003186,LN00000483,2013-06-21,2465772.5,Approved,2026-08-03 11:22:39.872471,,Loan Management System
APP00000068,CUST00004008,LN00001358,2015-07-24,2008845.45,Approved,2026-08-03 11:22:39.872471,,Loan Management System
APP00000069,CUST00001939,LN00000650,2017-08-25,3169492.06,Approved,2026-08-03 11:22:39.872471,,Loan Management System
APP00000070,CUST00002940,LN00001649,2016-02-26,10240213.49,Approved,2026-08-03 11:22:39.872471,,Loan Management System
APP00000071,CUST00002168,LN00001250,2023-04-04,2607823.96,Approved,2026-08-03 11:22:39.872471,,Loan Management System
APP00000072,CUST00000729,LN00001687,2022-12-17,328291.87,Approved,2026-08-03 11:22:39.872471,,Loan Management System
APP00000073,CUST00000570,,2024-03-25,1290765.39,Pending,2026-08-03 11:22:39.873422,,Loan Management System
APP00000074,CUST00002517,,2019-01-25,2667484.85,Rejected,2026-08-03 11:22:39.873422,,Loan Management System
APP00000075,CUST00003894,LN00001343,2024-06-13,6859419.96,Approved,2026-08-03 11:22:39.873422,,Loan Management System
APP00000076,CUST00004733,LN00001966,2025-03-30,1969077.89,Approved,2026-08-03 11:22:39.873422,,Loan Management System
APP00000077,CUST00004633,LN00000432,2015-11-27,1518515.08,Approved,2026-08-03 11:22:39.873422,,Loan Management System
APP00000078,CUST00002278,LN00000240,2019-10-26,246729.8,Approved,2026-08-03 11:22:39.873422,,Loan Management System
APP00000079,CUST00004621,,2023-05-12,17428610.33,Rejected,2026-08-03 11:22:39.873422,,Loan Management System
APP00000080,CUST00003193,LN00000440,2013-10-11,2178100.09,Approved,2026-08-03 11:22:39.873422,,Loan Management System
APP00000081,CUST00001117,LN00002159,2012-10-18,495411.96,Approved,2026-08-03 11:22:39.873422,,Loan Management System
APP00000082,CUST00002992,LN00001675,2017-10-11,1605660.18,Approved,2026-08-03 11:22:39.873422,,Loan Management System
APP00000083,CUST00002561,LN00002419,2019-03-03,223405.07,Approved,2026-08-03 11:22:39.873422,,Loan Management System
APP00000084,CUST00004175,LN00001366,2013-01-12,3054571.16,Approved,2026-08-03 11:22:39.873422,,Loan Management System
APP00000085,CUST00003888,LN00000717,2015-07-12,7294439.28,Approved,2026-08-03 11:22:39.873422,,Loan Management System
APP00000086,CUST00002741,LN00002367,2015-07-05,8112727.38,Approved,2026-08-03 11:22:39.873422,,Loan Management System
APP00000087,CUST00000099,,2018-11-29,6499610.64,Pending,2026-08-03 11:22:39.874413,,Loan Management System
APP00000088,CUST00002576,LN00000080,2015-06-16,603874.6,Approved,2026-08-03 11:22:39.874413,,Loan Management System
APP00000089,CUST00003823,LN00000170,2023-01-18,239098.69,Approved,2026-08-03 11:22:39.874413,,Loan Management System
APP00000090,CUST00002831,LN00000057,2021-10-31,2237128.88,Approved,2026-08-03 11:22:39.874413,,Loan Management System
APP00000091,CUST00001197,LN00001147,2013-06-08,4981213.11,Approved,2026-08-03 11:22:39.874413,,Loan Management System
APP00000092,CUST00000864,LN00001156,2012-06-01,6932593.49,Approved,2026-08-03 11:22:39.874413,,Loan Management System
APP00000093,CUST00003761,,2013-05-01,5832197.68,Rejected,2026-08-03 11:22:39.874413,,Loan Management System
APP00000094,CUST00001229,LN00002007,2017-11-02,82780.04,Approved,2026-08-03 11:22:39.874413,,Loan Management System
APP00000095,CUST00000124,LN00000180,2020-11-30,7351196.61,Approved,2026-08-03 11:22:39.874413,,Loan Management System
APP00000096,CUST00004435,LN00001870,2021-06-15,1288252.26,Approved,2026-08-03 11:22:39.874413,,Loan Management System
APP00000097,CUST00001782,,2016-10-19,4822048.75,Rejected,2026-08-03 11:22:39.874413,,Loan Management System
APP00000098,CUST00001297,LN00001148,2025-07-10,980817.6,Approved,2026-08-03 11:22:39.875413,,Loan Management System
APP00000099,CUST00000425,LN00001497,2012-03-11,6135300.56,Approved,2026-08-03 11:22:39.875413,,Loan Management System
APP00000100,CUST00000348,,2023-10-18,250161.72,Pending,2026-08-03 11:22:39.875413,,Loan Management System
APP00000101,CUST00000356,LN00000274,2015-05-10,1853159.77,Approved,2026-08-03 11:22:39.875413,,Loan Management System
APP00000102,CUST00000266,,2014-06-03,3723288.79,Pending,2026-08-03 11:22:39.875413,,Loan Management System
APP00000103,CUST00002601,,2023-04-28,11652004.17,Rejected,2026-08-03 11:22:39.875413,,Loan Management System
APP00000104,CUST00000711,,2019-02-20,4846541.12,Rejected,2026-08-03 11:22:39.876414,,Loan Management System
APP00000105,CUST00004798,LN00000451,2021-02-04,1333244.66,Approved,2026-08-03 11:22:39.876414,,Loan Management System
APP00000106,CUST00003797,,2019-03-12,1019226.73,Rejected,2026-08-03 11:22:39.876414,,Loan Management System
APP00000107,CUST00001278,LN00002342,2014-03-11,6003703.32,Approved,2026-08-03 11:22:39.876414,,Loan Management System
APP00000108,CUST00002350,,2023-12-14,108789.01,Pending,2026-08-03 11:22:39.876414,,Loan Management System
APP00000109,CUST00002606,,2026-05-22,1032021.88,Cancelled,2026-08-03 11:22:39.876414,,Loan Management System
APP00000110,CUST00001064,,2017-08-01,9607055.74,Pending,2026-08-03 11:22:39.877428,,Loan Management System
APP00000111,CUST00001546,,2022-01-17,1698721.38,Rejected,2026-08-03 11:22:39.877428,,Loan Management System
APP00000112,CUST00001089,,2018-12-26,163739.27,Rejected,2026-08-03 11:22:39.877428,,Loan Management System
APP00000113,CUST00003301,,2016-04-04,1991708.56,Rejected,2026-08-03 11:22:39.877428,,Loan Management System
APP00000114,CUST00003728,LN00001784,2024-06-13,998395.75,Approved,2026-08-03 11:22:39.878419,,Loan Management System
APP00000115,CUST00002062,LN00001375,2019-12-01,264005.67,Approved,2026-08-03 11:22:39.878419,,Loan Management System
APP00000116,CUST00002121,,2023-01-02,824430.51,Cancelled,2026-08-03 11:22:39.878419,,Loan Management System
APP00000117,CUST00004817,LN00000859,2019-10-15,2478229.69,Approved,2026-08-03 11:22:39.878419,,Loan Management System
APP00000118,CUST00003389,,2017-10-07,2286943.39,Rejected,2026-08-03 11:22:39.878419,,Loan Management System
APP00000119,CUST00001759,LN00000709,2020-04-27,605239.19,Approved,2026-08-03 11:22:39.878419,,Loan Management System
APP00000120,CUST00004796,LN00001168,2021-10-10,1220617.37,Approved,2026-08-03 11:22:39.878419,,Loan Management System
APP00000121,CUST00002777,,2012-02-12,632850.87,Pending,2026-08-03 11:22:39.878419,,Loan Management System
APP00000122,CUST00004825,LN00000100,2023-05-24,7486595.09,Approved,2026-08-03 11:22:39.878419,,Loan Management System
APP00000123,CUST00004928,,2026-01-09,664028.22,Rejected,2026-08-03 11:22:39.879413,,Loan Management System
APP00000124,CUST00003468,LN00000004,2024-03-12,1843111.41,Approved,2026-08-03 11:22:39.879413,,Loan Management System
APP00000125,CUST00002574,LN00001801,2013-09-29,18518885.66,Approved,2026-08-03 11:22:39.879413,,Loan Management System
APP00000126,CUST00000140,LN00001196,2014-02-07,5218334.15,Approved,2026-08-03 11:22:39.879413,,Loan Management System
APP00000127,CUST00002854,LN00001465,2019-03-24,3966245.49,Approved,2026-08-03 11:22:39.879413,,Loan Management System
APP00000128,CUST00004279,LN00000940,2023-08-28,1510161.04,Approved,2026-08-03 11:22:39.879413,,Loan Management System
APP00000129,CUST00003897,LN00000408,2012-11-03,1882921.23,Approved,2026-08-03 11:22:39.879413,,Loan Management System
APP00000130,CUST00000448,,2024-10-30,8603787.72,Cancelled,2026-08-03 11:22:39.879413,,Loan Management System
APP00000131,CUST00000437,,2022-07-24,145674.3,Pending,2026-08-03 11:22:39.879413,,Loan Management System
APP00000132,CUST00004634,,2017-10-26,2902402.29,Rejected,2026-08-03 11:22:39.880417,,Loan Management System
APP00000133,CUST00001297,LN00000374,2016-01-09,9397063.52,Approved,2026-08-03 11:22:39.880417,,Loan Management System
APP00000134,CUST00004697,LN00001905,2016-11-02,1369064.22,Approved,2026-08-03 11:22:39.880417,,Loan Management System
APP00000135,CUST00001005,,2021-03-27,2092040.43,Rejected,2026-08-03 11:22:39.880417,,Loan Management System
APP00000136,CUST00003893,LN00002412,2020-02-29,553526.48,Approved,2026-08-03 11:22:39.880417,,Loan Management System
APP00000137,CUST00000753,,2021-11-17,2409200.08,Rejected,2026-08-03 11:22:39.880417,,Loan Management System
APP00000138,CUST00004906,LN00000205,2014-07-01,1495404.51,Approved,2026-08-03 11:22:39.880417,,Loan Management System
APP00000139,CUST00003955,LN00001961,2013-06-28,2510046.05,Approved,2026-08-03 11:22:39.880417,,Loan Management System
APP00000140,CUST00000781,LN00001030,2019-12-05,8804176.22,Approved,2026-08-03 11:22:39.880417,,Loan Management System
APP00000141,CUST00003028,LN00000239,2023-12-20,13186508.42,Approved,2026-08-03 11:22:39.880417,,Loan Management System
APP00000142,CUST00000774,,2019-02-20,2041775.25,Rejected,2026-08-03 11:22:39.881413,,Loan Management System
APP00000143,CUST00002797,LN00001550,2015-10-05,2206365.01,Approved,2026-08-03 11:22:39.881413,,Loan Management System
APP00000144,CUST00000164,LN00001108,2021-09-20,1384993.77,Approved,2026-08-03 11:22:39.881413,,Loan Management System
APP00000145,CUST00002469,,2013-12-05,894671.89,Cancelled,2026-08-03 11:22:39.881413,,Loan Management System
APP00000146,CUST00000376,LN00000889,2018-01-03,1455681.13,Approved,2026-08-03 11:22:39.881413,,Loan Management System
APP00000147,CUST00001181,,2017-10-30,8169112.86,Rejected,2026-08-03 11:22:39.881413,,Loan Management System
APP00000148,CUST00000584,,2018-05-11,928203.93,Rejected,2026-08-03 11:22:39.881413,,Loan Management System
APP00000149,CUST00002363,LN00000203,2020-01-06,19954010.4,Approved,2026-08-03 11:22:39.881413,,Loan Management System
APP00000150,CUST00000916,,2022-08-21,1750952.86,Rejected,2026-08-03 11:22:39.882412,,Loan Management System
APP00000151,CUST00004470,,2016-04-29,586209.22,Cancelled,2026-08-03 11:22:39.882412,,Loan Management System
APP00000152,CUST00001009,LN00001956,2013-04-29,2698204.83,Approved,2026-08-03 11:22:39.882412,,Loan Management System
APP00000153,CUST00001980,LN00002430,2017-10-29,2567582.4,Approved,2026-08-03 11:22:39.882924,,Loan Management System
APP00000154,CUST00001208,LN00001833,2020-02-28,1531672.62,Approved,2026-08-03 11:22:39.882924,,Loan Management System
APP00000155,CUST00003401,LN00000672,2014-09-25,11949054.05,Approved,2026-08-03 11:22:39.882924,,Loan Management System
APP00000156,CUST00003917,LN00002228,2013-04-24,279177.96,Approved,2026-08-03 11:22:39.882924,,Loan Management System
APP00000157,CUST00003384,LN00000747,2024-05-01,8595022.59,Approved,2026-08-03 11:22:39.882924,,Loan Management System
APP00000158,CUST00002058,,2018-03-03,863345.9,Rejected,2026-08-03 11:22:39.882924,,Loan Management System
APP00000159,CUST00000437,,2021-02-21,9711045.43,Rejected,2026-08-03 11:22:39.882924,,Loan Management System
APP00000160,CUST00004384,,2013-08-03,1773756.38,Rejected,2026-08-03 11:22:39.882924,,Loan Management System
APP00000161,CUST00002326,LN00001789,2025-04-27,2558109.7,Approved,2026-08-03 11:22:39.882924,,Loan Management System
APP00000162,CUST00003363,,2024-10-08,3147520.89,Rejected,2026-08-03 11:22:39.883945,,Loan Management System
APP00000163,CUST00002769,LN00001768,2022-10-06,2905715.97,Approved,2026-08-03 11:22:39.883945,,Loan Management System
APP00000164,CUST00002067,LN00002080,2025-09-18,6061768.54,Approved,2026-08-03 11:22:39.883945,,Loan Management System
APP00000165,CUST00001714,LN00002094,2016-10-19,607449.38,Approved,2026-08-03 11:22:39.883945,,Loan Management System
APP00000166,CUST00000328,,2021-12-30,888905.21,Rejected,2026-08-03 11:22:39.883945,,Loan Management System
APP00000167,CUST00000655,LN00002112,2023-03-26,126582.74,Approved,2026-08-03 11:22:39.883945,,Loan Management System
APP00000168,CUST00004086,,2023-05-24,1021673.56,Pending,2026-08-03 11:22:39.883945,,Loan Management System
APP00000169,CUST00000396,LN00001404,2020-03-09,801847.06,Approved,2026-08-03 11:22:39.883945,,Loan Management System
APP00000170,CUST00000814,LN00002276,2021-05-21,576783.87,Approved,2026-08-03 11:22:39.883945,,Loan Management System
APP00000171,CUST00004678,LN00001442,2019-06-30,2031927.95,Approved,2026-08-03 11:22:39.884950,,Loan Management System
APP00000172,CUST00001638,LN00001525,2017-10-31,661072.19,Approved,2026-08-03 11:22:39.884950,,Loan Management System
APP00000173,CUST00001371,,2026-02-04,7593812.13,Pending,2026-08-03 11:22:39.884950,,Loan Management System
APP00000174,CUST00000900,LN00000280,2015-05-09,1185963.24,Approved,2026-08-03 11:22:39.884950,,Loan Management System
APP00000175,CUST00003654,LN00001303,2013-04-25,1109467.48,Approved,2026-08-03 11:22:39.884950,,Loan Management System
APP00000176,CUST00003224,LN00001349,2016-05-12,84834.62,Approved,2026-08-03 11:22:39.884950,,Loan Management System
APP00000177,CUST00002443,LN00001832,2017-09-10,16003693.96,Approved,2026-08-03 11:22:39.884950,,Loan Management System
APP00000178,CUST00001351,LN00000054,2017-07-18,2457723.75,Approved,2026-08-03 11:22:39.884950,,Loan Management System
APP00000179,CUST00000798,LN00000992,2022-04-26,8114093.19,Approved,2026-08-03 11:22:39.884950,,Loan Management System
APP00000180,CUST00001532,,2022-12-12,1091272.84,Cancelled,2026-08-03 11:22:39.885934,,Loan Management System
APP00000181,CUST00004222,LN00000972,2021-02-21,1664164.8,Approved,2026-08-03 11:22:39.885934,,Loan Management System
APP00000182,CUST00001916,LN00002169,2019-01-29,1142718.54,Approved,2026-08-03 11:22:39.885934,,Loan Management System
APP00000183,CUST00001749,,2020-12-10,2556108.14,Pending,2026-08-03 11:22:39.885934,,Loan Management System
APP00000184,CUST00000153,LN00000212,2022-06-07,1505261.29,Approved,2026-08-03 11:22:39.885934,,Loan Management System
APP00000185,CUST00001179,,2016-07-11,1383617.84,Rejected,2026-08-03 11:22:39.885934,,Loan Management System
APP00000186,CUST00003371,LN00001993,2026-04-19,9464658.15,Approved,2026-08-03 11:22:39.885934,,Loan Management System
APP00000187,CUST00002174,LN00001453,2012-02-04,613950.28,Approved,2026-08-03 11:22:39.885934,,Loan Management System
APP00000188,CUST00003385,LN00000092,2025-08-26,9619092.89,Approved,2026-08-03 11:22:39.885934,,Loan Management System
APP00000189,CUST00001005,,2025-02-01,3462975.86,Rejected,2026-08-03 11:22:39.886934,,Loan Management System
APP00000190,CUST00002479,,2017-09-26,6750026.37,Rejected,2026-08-03 11:22:39.886934,,Loan Management System
APP00000191,CUST00003722,LN00001129,2022-05-28,1781197.19,Approved,2026-08-03 11:22:39.886934,,Loan Management System
APP00000192,CUST00003752,,2015-05-27,578184.25,Pending,2026-08-03 11:22:39.886934,,Loan Management System
APP00000193,CUST00004558,,2013-08-26,4957619.62,Rejected,2026-08-03 11:22:39.886934,,Loan Management System
APP00000194,CUST00001931,LN00001597,2012-04-21,1167575.23,Approved,2026-08-03 11:22:39.886934,,Loan Management System
APP00000195,CUST00003010,LN00001350,2018-11-28,1026333.06,Approved,2026-08-03 11:22:39.886934,,Loan Management System
APP00000196,CUST00000184,LN00001948,2021-04-24,607305.59,Approved,2026-08-03 11:22:39.886934,,Loan Management System
APP00000197,CUST00002080,LN00001391,2021-09-29,2041661.91,Approved,2026-08-03 11:22:39.886934,,Loan Management System
APP00000198,CUST00002759,LN00000059,2025-02-28,3310911.59,Approved,2026-08-03 11:22:39.886934,,Loan Management System
APP00000199,CUST00003651,,2017-09-22,2035314.33,Rejected,2026-08-03 11:22:39.887933,,Loan Management System
APP00000200,CUST00002313,LN00001662,2019-07-14,2994706.23,Approved,2026-08-03 11:22:39.887933,,Loan Management System
APP00000201,CUST00003615,LN00000677,2024-04-19,1199908.94,Approved,2026-08-03 11:22:39.887933,,Loan Management System
APP00000202,CUST00000555,,2017-11-11,1286469.02,Rejected,2026-08-03 11:22:39.887933,,Loan Management System
APP00000203,CUST00004610,,2019-07-16,6973406.43,Cancelled,2026-08-03 11:22:39.887933,,Loan Management System
APP00000204,CUST00002940,,2025-04-04,15995889.76,Rejected,2026-08-03 11:22:39.887933,,Loan Management System
APP00000205,CUST00004110,,2020-12-20,764346.57,Rejected,2026-08-03 11:22:39.888934,,Loan Management System
APP00000206,CUST00003899,LN00000302,2023-10-04,2543837.51,Approved,2026-08-03 11:22:39.888934,,Loan Management System
APP00000207,CUST00003466,LN00001774,2012-06-10,5510447.57,Approved,2026-08-03 11:22:39.888934,,Loan Management System
APP00000208,CUST00001908,,2013-01-19,1163950.03,Rejected,2026-08-03 11:22:39.888934,,Loan Management System
APP00000209,CUST00001992,LN00000407,2020-01-29,9687461.85,Approved,2026-08-03 11:22:39.888934,,Loan Management System
APP00000210,CUST00003164,,2016-11-05,954208.67,Rejected,2026-08-03 11:22:39.888934,,Loan Management System
APP00000211,CUST00003457,LN00000906,2024-04-07,1966000.35,Approved,2026-08-03 11:22:39.888934,,Loan Management System
APP00000212,CUST00003428,LN00000810,2012-11-30,1659301.67,Approved,2026-08-03 11:22:39.888934,,Loan Management System
APP00000213,CUST00001755,LN00000038,2011-09-01,3793223.99,Approved,2026-08-03 11:22:39.888934,,Loan Management System
APP00000214,CUST00004414,LN00001082,2017-07-06,5795820.08,Approved,2026-08-03 11:22:39.888934,,Loan Management System
APP00000215,CUST00002232,,2024-09-02,342272.81,Rejected,2026-08-03 11:22:39.889934,,Loan Management System
APP00000216,CUST00003545,LN00000685,2011-07-14,3135230.77,Approved,2026-08-03 11:22:39.889934,,Loan Management System
APP00000217,CUST00002719,LN00000621,2012-03-22,2469914.62,Approved,2026-08-03 11:22:39.889934,,Loan Management System
APP00000218,CUST00001010,LN00000497,2025-12-11,3225295.28,Approved,2026-08-03 11:22:39.889934,,Loan Management System
APP00000219,CUST00002500,,2013-09-19,140246.42,Cancelled,2026-08-03 11:22:39.889934,,Loan Management System
APP00000220,CUST00004959,,2016-12-23,618552.07,Pending,2026-08-03 11:22:39.889934,,Loan Management System
APP00000221,CUST00001553,LN00001923,2017-10-11,1017645.15,Approved,2026-08-03 11:22:39.889934,,Loan Management System
APP00000222,CUST00003895,LN00000292,2017-03-01,1331515.42,Approved,2026-08-03 11:22:39.889934,,Loan Management System
APP00000223,CUST00002191,LN00001307,2018-07-18,337405.77,Approved,2026-08-03 11:22:39.889934,,Loan Management System
APP00000224,CUST00004800,,2023-02-27,3742891.37,Pending,2026-08-03 11:22:39.890933,,Loan Management System
APP00000225,CUST00001842,LN00000267,2022-08-12,6218320.1,Approved,2026-08-03 11:22:39.890933,,Loan Management System
APP00000226,CUST00004183,LN00002118,2015-08-24,1099890.88,Approved,2026-08-03 11:22:39.890933,,Loan Management System
APP00000227,CUST00001604,LN00000319,2019-05-25,1650961.53,Approved,2026-08-03 11:22:39.890933,,Loan Management System
APP00000228,CUST00002659,LN00001076,2020-08-06,4267347.52,Approved,2026-08-03 11:22:39.890933,,Loan Management System
APP00000229,CUST00002110,LN00001152,2012-11-01,138585.79,Approved,2026-08-03 11:22:39.890933,,Loan Management System
APP00000230,CUST00002211,,2014-09-06,349833.12,Rejected,2026-08-03 11:22:39.890933,,Loan Management System
APP00000231,CUST00004615,LN00001055,2015-07-16,1730080.55,Approved,2026-08-03 11:22:39.890933,,Loan Management System
APP00000232,CUST00004788,,2018-12-12,625852.06,Rejected,2026-08-03 11:22:39.890933,,Loan Management System
APP00000233,CUST00000080,LN00001479,2023-05-03,6652660.05,Approved,2026-08-03 11:22:39.890933,,Loan Management System
APP00000234,CUST00003283,,2026-05-10,4616287.21,Pending,2026-08-03 11:22:39.890933,,Loan Management System
APP00000235,CUST00003323,LN00000935,2017-09-16,941570.29,Approved,2026-08-03 11:22:39.890933,,Loan Management System
APP00000236,CUST00004141,,2025-09-24,1160400.35,Rejected,2026-08-03 11:22:39.890933,,Loan Management System
APP00000237,CUST00004067,LN00000154,2021-05-18,108698.97,Approved,2026-08-03 11:22:39.890933,,Loan Management System
APP00000238,CUST00004074,,2020-05-26,460996.95,Rejected,2026-08-03 11:22:39.892565,,Loan Management System
APP00000239,CUST00001674,LN00000537,2012-03-03,113853.8,Approved,2026-08-03 11:22:39.892565,,Loan Management System
APP00000240,CUST00004109,LN00001237,2012-09-17,8224398.14,Approved,2026-08-03 11:22:39.892565,,Loan Management System
APP00000241,CUST00003428,,2014-05-22,1456587.62,Pending,2026-08-03 11:22:39.892565,,Loan Management System
APP00000242,CUST00000668,LN00000625,2017-05-05,416914.54,Approved,2026-08-03 11:22:39.892565,,Loan Management System
APP00000243,CUST00001732,LN00001133,2013-04-01,1444736.53,Approved,2026-08-03 11:22:39.892565,,Loan Management System
APP00000244,CUST00000905,LN00000323,2022-12-07,19321905.93,Approved,2026-08-03 11:22:39.892565,,Loan Management System
APP00000245,CUST00000673,LN00001859,2019-01-20,2701077.97,Approved,2026-08-03 11:22:39.892565,,Loan Management System
APP00000246,CUST00002238,,2020-05-31,7919574.23,Rejected,2026-08-03 11:22:39.892565,,Loan Management System
APP00000247,CUST00003400,LN00002461,2020-10-30,1809067.71,Approved,2026-08-03 11:22:39.892565,,Loan Management System
APP00000248,CUST00000727,,2025-12-23,10439105.35,Cancelled,2026-08-03 11:22:39.893452,,Loan Management System
APP00000249,CUST00002427,,2012-12-05,3042920.03,Rejected,2026-08-03 11:22:39.893452,,Loan Management System
APP00000250,CUST00002041,LN00002264,2023-01-09,923811.45,Approved,2026-08-03 11:22:39.893452,,Loan Management System
APP00000251,CUST00000673,LN00002426,2017-10-31,2784940.81,Approved,2026-08-03 11:22:39.893452,,Loan Management System
APP00000252,CUST00000249,LN00000542,2012-03-30,382763.83,Approved,2026-08-03 11:22:39.893452,,Loan Management System
APP00000253,CUST00004595,LN00001093,2013-07-10,2285347.61,Approved,2026-08-03 11:22:39.893452,,Loan Management System
APP00000254,CUST00001495,,2013-09-18,2791644.82,Cancelled,2026-08-03 11:22:39.893452,,Loan Management System
APP00000255,CUST00000329,LN00001901,2018-05-14,378530.63,Approved,2026-08-03 11:22:39.893452,,Loan Management System
APP00000256,CUST00000034,,2016-09-26,2330144.77,Rejected,2026-08-03 11:22:39.894452,,Loan Management System
APP00000257,CUST00002216,,2022-01-14,16080395.72,Rejected,2026-08-03 11:22:39.894452,,Loan Management System
APP00000258,CUST00001128,LN00001711,2022-08-09,1797223.96,Approved,2026-08-03 11:22:39.894452,,Loan Management System
APP00000259,CUST00001644,LN00000541,2026-02-03,8099649.7,Approved,2026-08-03 11:22:39.894452,,Loan Management System
APP00000260,CUST00002026,LN00000998,2014-07-19,2407282.26,Approved,2026-08-03 11:22:39.894452,,Loan Management System
APP00000261,CUST00000675,,2022-06-28,8684660.12,Rejected,2026-08-03 11:22:39.894452,,Loan Management System
APP00000262,CUST00004548,LN00001326,2020-03-20,1449957.73,Approved,2026-08-03 11:22:39.894452,,Loan Management System
APP00000263,CUST00003787,LN00001022,2024-05-05,10333068.25,Approved,2026-08-03 11:22:39.894452,,Loan Management System
APP00000264,CUST00002950,LN00001472,2014-03-16,658410.14,Approved,2026-08-03 11:22:39.894452,,Loan Management System
APP00000265,CUST00002071,LN00000695,2019-05-15,651109.66,Approved,2026-08-03 11:22:39.894452,,Loan Management System
APP00000266,CUST00001999,LN00001010,2025-07-05,748167.92,Approved,2026-08-03 11:22:39.894452,,Loan Management System
APP00000267,CUST00003547,,2022-10-17,11521705.64,Rejected,2026-08-03 11:22:39.895452,,Loan Management System
APP00000268,CUST00001501,LN00000324,2022-09-12,5622263.92,Approved,2026-08-03 11:22:39.895452,,Loan Management System
APP00000269,CUST00004517,LN00001957,2017-07-14,1493171.15,Approved,2026-08-03 11:22:39.895452,,Loan Management System
APP00000270,CUST00000481,LN00001608,2017-07-02,1286852.34,Approved,2026-08-03 11:22:39.895452,,Loan Management System
APP00000271,CUST00001459,LN00000499,2020-03-02,2390726.42,Approved,2026-08-03 11:22:39.895452,,Loan Management System
APP00000272,CUST00002799,LN00001433,2021-02-28,2772791.83,Approved,2026-08-03 11:22:39.895452,,Loan Management System
APP00000273,CUST00001264,LN00001372,2022-06-11,444952.59,Approved,2026-08-03 11:22:39.895452,,Loan Management System
APP00000274,CUST00000734,LN00000609,2020-02-09,1388006.71,Approved,2026-08-03 11:22:39.895452,,Loan Management System
APP00000275,CUST00003026,,2012-05-11,645566.19,Rejected,2026-08-03 11:22:39.895452,,Loan Management System
APP00000276,CUST00000680,,2022-07-01,1708203.51,Pending,2026-08-03 11:22:39.895452,,Loan Management System
APP00000277,CUST00001207,,2024-09-13,1474844.02,Cancelled,2026-08-03 11:22:39.896451,,Loan Management System
APP00000278,CUST00004420,,2021-05-25,9104982.91,Cancelled,2026-08-03 11:22:39.896451,,Loan Management System
APP00000279,CUST00004183,LN00001895,2019-03-05,9548544.33,Approved,2026-08-03 11:22:39.896451,,Loan Management System
APP00000280,CUST00001555,LN00000848,2020-08-17,231237.75,Approved,2026-08-03 11:22:39.896451,,Loan Management System
APP00000281,CUST00000354,LN00001526,2018-11-24,1497945.71,Approved,2026-08-03 11:22:39.896451,,Loan Management System
APP00000282,CUST00001014,LN00001750,2015-07-19,1009663.82,Approved,2026-08-03 11:22:39.896451,,Loan Management System
APP00000283,CUST00004336,LN00001663,2012-11-11,5071204.12,Approved,2026-08-03 11:22:39.896451,,Loan Management System
APP00000284,CUST00000972,,2022-06-16,3737735.7,Rejected,2026-08-03 11:22:39.896451,,Loan Management System
APP00000285,CUST00001906,LN00001830,2019-01-21,327385.64,Approved,2026-08-03 11:22:39.896451,,Loan Management System
APP00000286,CUST00002997,,2020-01-22,10969376.18,Rejected,2026-08-03 11:22:39.896451,,Loan Management System
APP00000287,CUST00004274,LN00001445,2018-01-25,430451.69,Approved,2026-08-03 11:22:39.897451,,Loan Management System
APP00000288,CUST00002514,,2020-11-13,710776.72,Pending,2026-08-03 11:22:39.897451,,Loan Management System
APP00000289,CUST00003550,LN00000362,2014-04-29,2587969.5,Approved,2026-08-03 11:22:39.897451,,Loan Management System
APP00000290,CUST00001782,LN00000387,2014-02-19,2503088.95,Approved,2026-08-03 11:22:39.897451,,Loan Management System
APP00000291,CUST00000440,LN00001244,2025-07-26,2512758.58,Approved,2026-08-03 11:22:39.897451,,Loan Management System
APP00000292,CUST00002600,,2015-10-02,480261.92,Rejected,2026-08-03 11:22:39.897451,,Loan Management System
APP00000293,CUST00000782,LN00000586,2015-04-24,515906.05,Approved,2026-08-03 11:22:39.897451,,Loan Management System
APP00000294,CUST00004816,LN00001569,2015-10-02,8384221.61,Approved,2026-08-03 11:22:39.897451,,Loan Management System
APP00000295,CUST00001410,LN00001825,2020-06-27,6701937.39,Approved,2026-08-03 11:22:39.897451,,Loan Management System
APP00000296,CUST00004705,,2012-10-29,14070810.61,Rejected,2026-08-03 11:22:39.897451,,Loan Management System
APP00000297,CUST00001718,,2023-04-20,9816696.56,Pending,2026-08-03 11:22:39.898451,,Loan Management System
APP00000298,CUST00001793,LN00001998,2012-08-13,2323681.16,Approved,2026-08-03 11:22:39.898451,,Loan Management System
APP00000299,CUST00003754,LN00001042,2023-05-23,1127614.45,Approved,2026-08-03 11:22:39.898451,,Loan Management System
APP00000300,CUST00004392,LN00002088,2012-04-03,4059191.52,Approved,2026-08-03 11:22:39.898451,,Loan Management System
APP00000301,CUST00001946,LN00000452,2013-03-27,5512454.84,Approved,2026-08-03 11:22:39.898451,,Loan Management System
APP00000302,CUST00000605,LN00002067,2013-08-03,14313327.98,Approved,2026-08-03 11:22:39.898451,,Loan Management System
APP00000303,CUST00004935,,2019-06-27,979938.19,Pending,2026-08-03 11:22:39.898451,,Loan Management System
APP00000304,CUST00000273,LN00001739,2025-08-27,748140.71,Approved,2026-08-03 11:22:39.898451,,Loan Management System
APP00000305,CUST00002878,,2017-05-16,581631.5,Rejected,2026-08-03 11:22:39.898451,,Loan Management System
APP00000306,CUST00003757,,2021-11-27,2537289.91,Rejected,2026-08-03 11:22:39.899451,,Loan Management System
APP00000307,CUST00001495,LN00002382,2017-12-13,2853683.2,Approved,2026-08-03 11:22:39.899451,,Loan Management System
APP00000308,CUST00002578,,2016-11-26,736908.58,Rejected,2026-08-03 11:22:39.899451,,Loan Management System
APP00000309,CUST00003491,,2026-03-30,298362.62,Pending,2026-08-03 11:22:39.899451,,Loan Management System
APP00000310,CUST00001036,LN00000453,2012-10-01,130526.92,Approved,2026-08-03 11:22:39.899451,,Loan Management System
APP00000311,CUST00001987,LN00000543,2017-08-05,2348628.0,Approved,2026-08-03 11:22:39.899451,,Loan Management System
APP00000312,CUST00001163,LN00001448,2025-01-01,1225370.21,Approved,2026-08-03 11:22:39.899451,,Loan Management System
APP00000313,CUST00001737,LN00001334,2012-05-16,15004855.89,Approved,2026-08-03 11:22:39.899451,,Loan Management System
APP00000314,CUST00002313,LN00001145,2026-03-07,1325237.24,Approved,2026-08-03 11:22:39.899451,,Loan Management System
APP00000315,CUST00004731,LN00001222,2025-01-05,504502.89,Approved,2026-08-03 11:22:39.899451,,Loan Management System
APP00000316,CUST00002424,,2021-02-20,19024354.1,Rejected,2026-08-03 11:22:39.900463,,Loan Management System
APP00000317,CUST00002951,,2013-05-23,19695946.72,Rejected,2026-08-03 11:22:39.900463,,Loan Management System
APP00000318,CUST00002808,,2017-01-05,1251724.53,Rejected,2026-08-03 11:22:39.900463,,Loan Management System
APP00000319,CUST00001663,LN00001298,2017-05-27,1143720.62,Approved,2026-08-03 11:22:39.900463,,Loan Management System
APP00000320,CUST00000986,LN00001219,2015-07-07,1154443.92,Approved,2026-08-03 11:22:39.900463,,Loan Management System
APP00000321,CUST00003539,LN00001157,2014-01-13,11053618.14,Approved,2026-08-03 11:22:39.900463,,Loan Management System
APP00000322,CUST00001567,LN00002165,2024-04-27,671967.97,Approved,2026-08-03 11:22:39.900463,,Loan Management System
APP00000323,CUST00003309,LN00001702,2021-11-30,564012.07,Approved,2026-08-03 11:22:39.900463,,Loan Management System
APP00000324,CUST00000437,,2015-10-21,2364561.67,Rejected,2026-08-03 11:22:39.901451,,Loan Management System
APP00000325,CUST00003823,LN00001742,2018-05-25,2662611.87,Approved,2026-08-03 11:22:39.901451,,Loan Management System
APP00000326,CUST00002471,LN00001648,2019-12-24,14740469.72,Approved,2026-08-03 11:22:39.901451,,Loan Management System
APP00000327,CUST00000015,LN00000751,2024-09-02,601394.97,Approved,2026-08-03 11:22:39.901721,,Loan Management System
APP00000328,CUST00003374,LN00000603,2026-03-16,283838.47,Approved,2026-08-03 11:22:39.901721,,Loan Management System
APP00000329,CUST00000016,,2018-02-14,19016471.0,Rejected,2026-08-03 11:22:39.901721,,Loan Management System
APP00000330,CUST00002224,LN00000531,2017-11-11,3658338.91,Approved,2026-08-03 11:22:39.902255,,Loan Management System
APP00000331,CUST00003623,,2018-09-13,14392755.01,Rejected,2026-08-03 11:22:39.902334,,Loan Management System
APP00000332,CUST00004362,,2015-10-23,5420567.11,Rejected,2026-08-03 11:22:39.902334,,Loan Management System
APP00000333,CUST00001745,LN00000589,2019-04-17,3198582.71,Approved,2026-08-03 11:22:39.902334,,Loan Management System
APP00000334,CUST00004702,LN00002408,2024-06-26,1663038.91,Approved,2026-08-03 11:22:39.902334,,Loan Management System
APP00000335,CUST00002377,LN00001361,2016-11-09,251140.48,Approved,2026-08-03 11:22:39.902334,,Loan Management System
APP00000336,CUST00000850,,2023-11-08,831554.18,Rejected,2026-08-03 11:22:39.902334,,Loan Management System
APP00000337,CUST00002936,LN00000003,2011-12-05,2795026.1,Approved,2026-08-03 11:22:39.902334,,Loan Management System
APP00000338,CUST00000030,LN00000480,2013-03-25,8257034.15,Approved,2026-08-03 11:22:39.903266,,Loan Management System
APP00000339,CUST00003818,LN00000450,2022-01-09,1077452.97,Approved,2026-08-03 11:22:39.903266,,Loan Management System
APP00000340,CUST00004176,,2020-01-24,3415955.55,Pending,2026-08-03 11:22:39.903266,,Loan Management System
APP00000341,CUST00002599,LN00001972,2022-02-19,8942092.79,Approved,2026-08-03 11:22:39.903266,,Loan Management System
APP00000342,CUST00002278,LN00000570,2025-03-12,7136740.69,Approved,2026-08-03 11:22:39.903266,,Loan Management System
APP00000343,CUST00003885,LN00001996,2022-09-25,712656.8,Approved,2026-08-03 11:22:39.903266,,Loan Management System
APP00000344,CUST00002230,,2026-07-17,1593789.83,Pending,2026-08-03 11:22:39.903266,,Loan Management System
APP00000345,CUST00002786,LN00001192,2015-02-04,1623239.27,Approved,2026-08-03 11:22:39.903266,,Loan Management System
APP00000346,CUST00002510,LN00001628,2024-12-19,1590718.34,Approved,2026-08-03 11:22:39.903266,,Loan Management System
APP00000347,CUST00004056,,2011-12-25,283888.33,Cancelled,2026-08-03 11:22:39.903266,,Loan Management System
APP00000348,CUST00003474,,2013-02-12,7865390.43,Rejected,2026-08-03 11:22:39.904266,,Loan Management System
APP00000349,CUST00002275,LN00000776,2025-05-22,2302434.9,Approved,2026-08-03 11:22:39.904266,,Loan Management System
APP00000350,CUST00000333,LN00001101,2024-02-12,87686.95,Approved,2026-08-03 11:22:39.904266,,Loan Management System
APP00000351,CUST00004558,LN00000470,2021-12-11,2267137.92,Approved,2026-08-03 11:22:39.904266,,Loan Management System
APP00000352,CUST00002337,LN00001717,2016-08-29,359201.38,Approved,2026-08-03 11:22:39.904266,,Loan Management System
APP00000353,CUST00000199,LN00002295,2025-04-22,2397420.42,Approved,2026-08-03 11:22:39.904266,,Loan Management System
APP00000354,CUST00003461,,2021-07-05,3156233.76,Rejected,2026-08-03 11:22:39.904266,,Loan Management System
APP00000355,CUST00004462,LN00001720,2013-03-03,1321711.65,Approved,2026-08-03 11:22:39.904266,,Loan Management System
APP00000356,CUST00003985,,2012-05-31,2422393.08,Rejected,2026-08-03 11:22:39.904266,,Loan Management System
APP00000357,CUST00000768,,2012-06-12,1483184.21,Pending,2026-08-03 11:22:39.905265,,Loan Management System
APP00000358,CUST00003928,LN00000674,2022-10-21,593435.87,Approved,2026-08-03 11:22:39.905265,,Loan Management System
APP00000359,CUST00002261,,2020-01-03,13089337.16,Rejected,2026-08-03 11:22:39.905265,,Loan Management System
APP00000360,CUST00002272,,2021-10-01,645968.47,Rejected,2026-08-03 11:22:39.905265,,Loan Management System
APP00000361,CUST00000752,LN00002119,2018-12-15,7585926.68,Approved,2026-08-03 11:22:39.905265,,Loan Management System
APP00000362,CUST00004621,LN00000713,2017-03-14,403685.08,Approved,2026-08-03 11:22:39.905265,,Loan Management System
APP00000363,CUST00001526,LN00000951,2023-01-30,337373.07,Approved,2026-08-03 11:22:39.906263,,Loan Management System
APP00000364,CUST00000400,,2011-09-22,304801.2,Rejected,2026-08-03 11:22:39.906263,,Loan Management System
APP00000365,CUST00000187,,2025-12-31,12622271.79,Rejected,2026-08-03 11:22:39.906263,,Loan Management System
APP00000366,CUST00004080,,2013-05-31,1928610.11,Pending,2026-08-03 11:22:39.906263,,Loan Management System
APP00000367,CUST00001092,LN00000930,2015-03-31,73057.24,Approved,2026-08-03 11:22:39.906263,,Loan Management System
APP00000368,CUST00004945,,2013-11-12,526558.1,Pending,2026-08-03 11:22:39.907264,,Loan Management System
APP00000369,CUST00003807,LN00001822,2013-08-22,500104.06,Approved,2026-08-03 11:22:39.907264,,Loan Management System
APP00000370,CUST00001945,LN00000667,2018-05-12,898032.05,Approved,2026-08-03 11:22:39.907264,,Loan Management System
APP00000371,CUST00001058,LN00002012,2017-10-27,4074930.55,Approved,2026-08-03 11:22:39.907264,,Loan Management System
APP00000372,CUST00000539,LN00001589,2018-04-03,405911.13,Approved,2026-08-03 11:22:39.907264,,Loan Management System
APP00000373,CUST00000897,LN00000183,2023-01-01,250359.14,Approved,2026-08-03 11:22:39.907264,,Loan Management System
APP00000374,CUST00002081,LN00002060,2015-02-14,1057174.09,Approved,2026-08-03 11:22:39.907264,,Loan Management System
APP00000375,CUST00003402,LN00001522,2012-05-20,4468304.87,Approved,2026-08-03 11:22:39.907264,,Loan Management System
APP00000376,CUST00003629,LN00001059,2023-09-05,8415329.2,Approved,2026-08-03 11:22:39.907264,,Loan Management System
APP00000377,CUST00002304,,2021-02-22,7818847.81,Rejected,2026-08-03 11:22:39.907264,,Loan Management System
APP00000378,CUST00001716,,2014-11-24,122455.59,Pending,2026-08-03 11:22:39.908262,,Loan Management System
APP00000379,CUST00003828,LN00002003,2013-01-27,2438063.37,Approved,2026-08-03 11:22:39.908262,,Loan Management System
APP00000380,CUST00004212,LN00000905,2011-11-23,1379132.67,Approved,2026-08-03 11:22:39.908262,,Loan Management System
APP00000381,CUST00004928,LN00000061,2023-11-29,457956.78,Approved,2026-08-03 11:22:39.908262,,Loan Management System
APP00000382,CUST00003851,LN00000808,2016-11-16,2571605.67,Approved,2026-08-03 11:22:39.908262,,Loan Management System
APP00000383,CUST00000971,,2018-02-27,2383935.97,Rejected,2026-08-03 11:22:39.908262,,Loan Management System
APP00000384,CUST00003744,,2020-03-01,4102945.34,Rejected,2026-08-03 11:22:39.908262,,Loan Management System
APP00000385,CUST00002052,,2019-04-01,2445582.42,Pending,2026-08-03 11:22:39.908262,,Loan Management System
APP00000386,CUST00004953,,2024-08-03,1085978.96,Rejected,2026-08-03 11:22:39.909263,,Loan Management System
APP00000387,CUST00004234,LN00000230,2025-09-16,204614.08,Approved,2026-08-03 11:22:39.909263,,Loan Management System
APP00000388,CUST00000861,,2016-05-06,37305.03,Rejected,2026-08-03 11:22:39.909263,,Loan Management System
APP00000389,CUST00000573,LN00001347,2020-12-04,15911871.84,Approved,2026-08-03 11:22:39.909263,,Loan Management System
APP00000390,CUST00000667,,2023-02-28,843842.62,Rejected,2026-08-03 11:22:39.909263,,Loan Management System
APP00000391,CUST00000665,LN00000242,2012-10-04,3958266.17,Approved,2026-08-03 11:22:39.909263,,Loan Management System
APP00000392,CUST00001005,LN00001000,2020-04-29,3918074.32,Approved,2026-08-03 11:22:39.909263,,Loan Management System
APP00000393,CUST00002731,LN00001236,2013-11-14,720772.38,Approved,2026-08-03 11:22:39.909263,,Loan Management System
APP00000394,CUST00001095,LN00000996,2014-01-19,277637.39,Approved,2026-08-03 11:22:39.909263,,Loan Management System
APP00000395,CUST00003007,LN00002389,2025-02-27,1052926.42,Approved,2026-08-03 11:22:39.910262,,Loan Management System
APP00000396,CUST00003416,LN00000279,2020-12-09,3255337.77,Approved,2026-08-03 11:22:39.910262,,Loan Management System
APP00000397,CUST00000576,LN00001191,2022-02-25,911882.29,Approved,2026-08-03 11:22:39.910262,,Loan Management System
APP00000398,CUST00003078,LN00001114,2015-06-09,2199439.39,Approved,2026-08-03 11:22:39.910262,,Loan Management System
APP00000399,CUST00003371,LN00002393,2015-10-08,7011434.66,Approved,2026-08-03 11:22:39.910262,,Loan Management System
APP00000400,CUST00001345,LN00001849,2011-12-26,11995507.31,Approved,2026-08-03 11:22:39.910262,,Loan Management System
APP00000401,CUST00001140,,2014-12-21,348013.18,Rejected,2026-08-03 11:22:39.910262,,Loan Management System
APP00000402,CUST00000971,LN00001531,2021-03-18,1325347.39,Approved,2026-08-03 11:22:39.910262,,Loan Management System
APP00000403,CUST00001179,LN00000472,2022-09-04,1404071.13,Approved,2026-08-03 11:22:39.910262,,Loan Management System
APP00000404,CUST00002523,,2018-06-01,430071.18,Cancelled,2026-08-03 11:22:39.910262,,Loan Management System
APP00000405,CUST00002065,,2020-02-04,1237338.75,Rejected,2026-08-03 11:22:39.911261,,Loan Management System
APP00000406,CUST00001362,,2012-04-09,711020.84,Cancelled,2026-08-03 11:22:39.911261,,Loan Management System
APP00000407,CUST00001891,,2012-05-10,2321442.42,Rejected,2026-08-03 11:22:39.911261,,Loan Management System
APP00000408,CUST00003781,,2012-03-31,2272596.33,Rejected,2026-08-03 11:22:39.911261,,Loan Management System
APP00000409,CUST00000444,,2013-12-01,1697483.49,Rejected,2026-08-03 11:22:39.912262,,Loan Management System
APP00000410,CUST00000877,LN00000096,2017-07-20,1260999.72,Approved,2026-08-03 11:22:39.912262,,Loan Management System
APP00000411,CUST00001221,LN00001044,2020-12-30,2909940.01,Approved,2026-08-03 11:22:39.912262,,Loan Management System
APP00000412,CUST00002122,,2020-06-03,6852311.55,Rejected,2026-08-03 11:22:39.912262,,Loan Management System
APP00000413,CUST00000795,LN00001693,2017-11-10,2879479.98,Approved,2026-08-03 11:22:39.912262,,Loan Management System
APP00000414,CUST00001248,,2014-02-13,1636344.41,Rejected,2026-08-03 11:22:39.912767,,Loan Management System
APP00000415,CUST00000779,,2021-11-25,10351718.57,Cancelled,2026-08-03 11:22:39.912767,,Loan Management System
APP00000416,CUST00004604,,2020-05-10,1109631.11,Rejected,2026-08-03 11:22:39.912767,,Loan Management System
APP00000417,CUST00004689,LN00000891,2015-01-23,20033158.46,Approved,2026-08-03 11:22:39.912767,,Loan Management System
APP00000418,CUST00001904,LN00002113,2017-08-28,2151247.71,Approved,2026-08-03 11:22:39.912767,,Loan Management System
APP00000419,CUST00003018,,2022-01-06,2231385.07,Cancelled,2026-08-03 11:22:39.913774,,Loan Management System
APP00000420,CUST00004304,LN00002255,2012-05-23,394182.08,Approved,2026-08-03 11:22:39.913774,,Loan Management System
APP00000421,CUST00002874,LN00001150,2018-04-11,3491461.25,Approved,2026-08-03 11:22:39.913774,,Loan Management System
APP00000422,CUST00000431,LN00001527,2013-12-31,2802304.31,Approved,2026-08-03 11:22:39.913774,,Loan Management System
APP00000423,CUST00003151,LN00002105,2011-12-08,16371374.02,Approved,2026-08-03 11:22:39.913774,,Loan Management System
APP00000424,CUST00000934,LN00002196,2012-02-21,2146090.2,Approved,2026-08-03 11:22:39.913774,,Loan Management System
APP00000425,CUST00003690,LN00001492,2023-10-20,7050575.23,Approved,2026-08-03 11:22:39.913774,,Loan Management System
APP00000426,CUST00002600,,2017-04-23,1251362.09,Rejected,2026-08-03 11:22:39.913774,,Loan Management System
APP00000427,CUST00001960,LN00001105,2021-08-01,590381.86,Approved,2026-08-03 11:22:39.913774,,Loan Management System
APP00000428,CUST00004212,LN00001603,2024-10-01,15929707.31,Approved,2026-08-03 11:22:39.913774,,Loan Management System
APP00000429,CUST00002049,LN00000082,2016-06-25,1180048.97,Approved,2026-08-03 11:22:39.913774,,Loan Management System
APP00000430,CUST00001993,LN00000797,2019-10-17,5874749.78,Approved,2026-08-03 11:22:39.913774,,Loan Management System
APP00000431,CUST00004878,LN00001954,2015-05-20,1467075.74,Approved,2026-08-03 11:22:39.913774,,Loan Management System
APP00000432,CUST00002125,LN00000871,2013-09-02,4089026.81,Approved,2026-08-03 11:22:39.913774,,Loan Management System
APP00000433,CUST00004981,LN00000187,2020-09-04,675485.13,Approved,2026-08-03 11:22:39.913774,,Loan Management System
APP00000434,CUST00004754,LN00000572,2026-02-16,205045.82,Approved,2026-08-03 11:22:39.914779,,Loan Management System
APP00000435,CUST00004051,LN00000019,2013-02-11,1152300.76,Approved,2026-08-03 11:22:39.914779,,Loan Management System
APP00000436,CUST00002518,LN00001554,2011-08-31,2382308.35,Approved,2026-08-03 11:22:39.914779,,Loan Management System
APP00000437,CUST00003374,LN00002102,2016-05-15,1427124.1,Approved,2026-08-03 11:22:39.914779,,Loan Management System
APP00000438,CUST00003198,,2018-09-03,7371927.74,Rejected,2026-08-03 11:22:39.914779,,Loan Management System
APP00000439,CUST00002648,,2021-07-07,15346394.93,Cancelled,2026-08-03 11:22:39.914779,,Loan Management System
APP00000440,CUST00002984,LN00002333,2022-10-05,1321939.01,Approved,2026-08-03 11:22:39.914779,,Loan Management System
APP00000441,CUST00000312,,2025-02-20,4886274.71,Cancelled,2026-08-03 11:22:39.914779,,Loan Management System
APP00000442,CUST00001792,LN00000994,2019-03-31,723267.77,Approved,2026-08-03 11:22:39.914779,,Loan Management System
APP00000443,CUST00000072,LN00000762,2026-01-03,7418786.73,Approved,2026-08-03 11:22:39.914779,,Loan Management System
APP00000444,CUST00002032,,2019-08-30,9159353.56,Rejected,2026-08-03 11:22:39.915779,,Loan Management System
APP00000445,CUST00004647,LN00001226,2025-03-03,5298081.15,Approved,2026-08-03 11:22:39.915779,,Loan Management System
APP00000446,CUST00001844,,2022-09-27,2581542.89,Rejected,2026-08-03 11:22:39.915779,,Loan Management System
APP00000447,CUST00000366,,2024-11-26,5722534.13,Rejected,2026-08-03 11:22:39.915779,,Loan Management System
APP00000448,CUST00002654,,2024-10-15,18524366.35,Rejected,2026-08-03 11:22:39.916779,,Loan Management System
APP00000449,CUST00002832,LN00001829,2019-09-03,79583.69,Approved,2026-08-03 11:22:39.916779,,Loan Management System
APP00000450,CUST00000213,LN00001974,2023-01-21,1140104.38,Approved,2026-08-03 11:22:39.916779,,Loan Management System
APP00000451,CUST00002332,LN00000799,2015-07-20,984337.56,Approved,2026-08-03 11:22:39.916779,,Loan Management System
APP00000452,CUST00003955,,2023-11-10,9623501.43,Cancelled,2026-08-03 11:22:39.916779,,Loan Management System
APP00000453,CUST00001845,,2012-06-17,8881672.07,Rejected,2026-08-03 11:22:39.916779,,Loan Management System
APP00000454,CUST00003629,LN00001855,2023-04-02,19410421.09,Approved,2026-08-03 11:22:39.916779,,Loan Management System
APP00000455,CUST00002958,LN00000118,2023-03-14,579368.39,Approved,2026-08-03 11:22:39.916779,,Loan Management System
APP00000456,CUST00004712,,2014-06-27,3456664.62,Rejected,2026-08-03 11:22:39.917780,,Loan Management System
APP00000457,CUST00003581,,2020-07-03,8772995.17,Pending,2026-08-03 11:22:39.917780,,Loan Management System
APP00000458,CUST00004951,LN00002226,2012-08-20,752732.79,Approved,2026-08-03 11:22:39.917780,,Loan Management System
APP00000459,CUST00001820,LN00001041,2021-08-28,1315012.15,Approved,2026-08-03 11:22:39.917780,,Loan Management System
APP00000460,CUST00004720,LN00001328,2011-06-24,8878175.89,Approved,2026-08-03 11:22:39.917780,,Loan Management System
APP00000461,CUST00001042,LN00001682,2013-07-31,1853851.62,Approved,2026-08-03 11:22:39.917780,,Loan Management System
APP00000462,CUST00002679,LN00001397,2016-02-17,124847.22,Approved,2026-08-03 11:22:39.917780,,Loan Management System
APP00000463,CUST00000130,LN00002156,2024-07-02,14129179.46,Approved,2026-08-03 11:22:39.917780,,Loan Management System
APP00000464,CUST00002725,LN00001988,2016-09-13,1173572.41,Approved,2026-08-03 11:22:39.917780,,Loan Management System
APP00000465,CUST00000497,LN00001958,2025-11-06,192979.13,Approved,2026-08-03 11:22:39.917780,,Loan Management System
APP00000466,CUST00004284,LN00002267,2015-09-16,451692.65,Approved,2026-08-03 11:22:39.917780,,Loan Management System
APP00000467,CUST00000040,LN00000532,2021-06-11,1739439.27,Approved,2026-08-03 11:22:39.917780,,Loan Management System
APP00000468,CUST00000100,LN00001779,2024-11-21,221676.8,Approved,2026-08-03 11:22:39.917780,,Loan Management System
APP00000469,CUST00003832,,2018-09-17,752522.25,Rejected,2026-08-03 11:22:39.918780,,Loan Management System
APP00000470,CUST00004695,LN00002263,2020-12-13,218975.51,Approved,2026-08-03 11:22:39.918780,,Loan Management System
APP00000471,CUST00003333,,2018-08-12,1965338.28,Rejected,2026-08-03 11:22:39.918780,,Loan Management System
APP00000472,CUST00000850,,2023-05-02,865416.23,Rejected,2026-08-03 11:22:39.918780,,Loan Management System
APP00000473,CUST00003519,,2015-01-20,1797947.87,Rejected,2026-08-03 11:22:39.919781,,Loan Management System
APP00000474,CUST00004810,,2018-07-26,5433722.91,Rejected,2026-08-03 11:22:39.919781,,Loan Management System
APP00000475,CUST00004038,LN00001874,2018-01-11,3728886.4,Approved,2026-08-03 11:22:39.919781,,Loan Management System
APP00000476,CUST00004260,LN00002463,2021-12-09,2850600.23,Approved,2026-08-03 11:22:39.919781,,Loan Management System
APP00000477,CUST00000550,,2019-08-11,1318502.18,Rejected,2026-08-03 11:22:39.919781,,Loan Management System
APP00000478,CUST00004476,,2026-06-08,573917.05,Pending,2026-08-03 11:22:39.920780,,Loan Management System
APP00000479,CUST00004593,LN00001429,2026-03-25,996075.5,Approved,2026-08-03 11:22:39.920780,,Loan Management System
APP00000480,CUST00002094,,2023-08-05,4169699.15,Rejected,2026-08-03 11:22:39.920780,,Loan Management System
APP00000481,CUST00001123,LN00000873,2020-07-15,1082945.35,Approved,2026-08-03 11:22:39.920780,,Loan Management System
APP00000482,CUST00001986,,2020-05-29,194921.33,Rejected,2026-08-03 11:22:39.920780,,Loan Management System
APP00000483,CUST00002054,LN00002492,2016-06-05,3317864.75,Approved,2026-08-03 11:22:39.920780,,Loan Management System
APP00000484,CUST00003094,,2021-02-16,345745.8,Rejected,2026-08-03 11:22:39.920780,,Loan Management System
APP00000485,CUST00001838,LN00001743,2016-04-06,767136.52,Approved,2026-08-03 11:22:39.920780,,Loan Management System
APP00000486,CUST00001997,LN00002090,2011-11-12,1873805.53,Approved,2026-08-03 11:22:39.920780,,Loan Management System
APP00000487,CUST00002731,LN00001383,2019-10-08,1395092.37,Approved,2026-08-03 11:22:39.920780,,Loan Management System
APP00000488,CUST00004763,,2017-12-30,2258484.21,Rejected,2026-08-03 11:22:39.920780,,Loan Management System
APP00000489,CUST00003001,LN00002291,2017-11-28,15510287.19,Approved,2026-08-03 11:22:39.920780,,Loan Management System
APP00000490,CUST00002973,,2014-07-14,2299057.37,Rejected,2026-08-03 11:22:39.922401,,Loan Management System
APP00000491,CUST00002986,,2019-05-29,490808.98,Pending,2026-08-03 11:22:39.922401,,Loan Management System
APP00000492,CUST00000824,LN00001916,2025-09-15,15528481.11,Approved,2026-08-03 11:22:39.922401,,Loan Management System
APP00000493,CUST00001869,,2017-05-30,546783.46,Cancelled,2026-08-03 11:22:39.922401,,Loan Management System
APP00000494,CUST00001020,LN00002071,2018-11-21,763586.98,Approved,2026-08-03 11:22:39.922401,,Loan Management System
APP00000495,CUST00002175,,2017-08-12,2236969.09,Rejected,2026-08-03 11:22:39.923292,,Loan Management System
APP00000496,CUST00003523,LN00000364,2019-10-01,599086.26,Approved,2026-08-03 11:22:39.923292,,Loan Management System
APP00000497,CUST00001901,LN00002454,2011-09-01,4986804.88,Approved,2026-08-03 11:22:39.923292,,Loan Management System
APP00000498,CUST00001286,LN00002378,2019-05-27,5373850.98,Approved,2026-08-03 11:22:39.923292,,Loan Management System
APP00000499,CUST00001550,LN00002227,2019-02-20,3179558.01,Approved,2026-08-03 11:22:39.923292,,Loan Management System
APP00000500,CUST00000455,LN00000640,2011-07-06,8099441.79,Approved,2026-08-03 11:22:39.923292,,Loan Management System
APP00000501,CUST00003688,,2016-05-01,2980933.4,Pending,2026-08-03 11:22:39.923292,,Loan Management System
APP00000502,CUST00004061,LN00000708,2016-05-24,955722.52,Approved,2026-08-03 11:22:39.923292,,Loan Management System
APP00000503,CUST00000827,LN00000454,2020-08-21,304838.81,Approved,2026-08-03 11:22:39.923292,,Loan Management System
APP00000504,CUST00004293,,2015-05-31,2488524.72,Rejected,2026-08-03 11:22:39.923292,,Loan Management System
APP00000505,CUST00000382,,2016-08-25,16242834.58,Cancelled,2026-08-03 11:22:39.924292,,Loan Management System
APP00000506,CUST00001143,LN00001850,2012-07-12,1657399.42,Approved,2026-08-03 11:22:39.924292,,Loan Management System
APP00000507,CUST00000288,LN00002108,2025-02-10,5317824.29,Approved,2026-08-03 11:22:39.924292,,Loan Management System
APP00000508,CUST00003825,LN00000207,2013-05-11,3321974.61,Approved,2026-08-03 11:22:39.924292,,Loan Management System
APP00000509,CUST00003106,,2016-12-24,758618.88,Rejected,2026-08-03 11:22:39.924292,,Loan Management System
APP00000510,CUST00003883,LN00000760,2021-01-10,8358228.56,Approved,2026-08-03 11:22:39.924292,,Loan Management System
APP00000511,CUST00003175,LN00000618,2014-07-19,2912715.56,Approved,2026-08-03 11:22:39.924292,,Loan Management System
APP00000512,CUST00002230,LN00000496,2022-05-11,363584.13,Approved,2026-08-03 11:22:39.924292,,Loan Management System
APP00000513,CUST00003246,LN00001266,2015-10-01,1297796.1,Approved,2026-08-03 11:22:39.924292,,Loan Management System
APP00000514,CUST00003223,LN00000833,2023-04-29,1484992.1,Approved,2026-08-03 11:22:39.924292,,Loan Management System
APP00000515,CUST00002955,LN00001610,2022-04-12,920360.77,Approved,2026-08-03 11:22:39.924292,,Loan Management System
APP00000516,CUST00000419,,2021-05-05,263051.19,Cancelled,2026-08-03 11:22:39.924292,,Loan Management System
APP00000517,CUST00004356,LN00000626,2023-12-16,280178.37,Approved,2026-08-03 11:22:39.924292,,Loan Management System
APP00000518,CUST00001790,,2018-01-17,1794548.29,Rejected,2026-08-03 11:22:39.925305,,Loan Management System
APP00000519,CUST00000311,,2018-04-19,1432268.3,Rejected,2026-08-03 11:22:39.925305,,Loan Management System
APP00000520,CUST00002244,,2025-07-05,2257068.67,Rejected,2026-08-03 11:22:39.925305,,Loan Management System
APP00000521,CUST00004648,,2017-06-16,476925.9,Rejected,2026-08-03 11:22:39.925305,,Loan Management System
APP00000522,CUST00000750,LN00000955,2014-10-31,7501257.43,Approved,2026-08-03 11:22:39.925305,,Loan Management System
APP00000523,CUST00002534,LN00001034,2019-10-16,1593215.39,Approved,2026-08-03 11:22:39.926299,,Loan Management System
APP00000524,CUST00001777,,2012-04-20,2526649.69,Rejected,2026-08-03 11:22:39.926299,,Loan Management System
APP00000525,CUST00003559,,2016-06-24,9723062.22,Pending,2026-08-03 11:22:39.926299,,Loan Management System
APP00000526,CUST00002236,LN00000806,2016-01-24,193142.18,Approved,2026-08-03 11:22:39.926299,,Loan Management System
APP00000527,CUST00003351,,2017-06-24,6598391.58,Rejected,2026-08-03 11:22:39.926299,,Loan Management System
APP00000528,CUST00003478,LN00000550,2024-10-21,1601919.8,Approved,2026-08-03 11:22:39.926299,,Loan Management System
APP00000529,CUST00001574,LN00001937,2022-10-21,2137918.1,Approved,2026-08-03 11:22:39.926299,,Loan Management System
APP00000530,CUST00004341,LN00000868,2014-05-09,591034.76,Approved,2026-08-03 11:22:39.926299,,Loan Management System
APP00000531,CUST00000051,LN00000979,2017-10-11,2408198.14,Approved,2026-08-03 11:22:39.926299,,Loan Management System
APP00000532,CUST00000050,,2015-01-09,628805.44,Rejected,2026-08-03 11:22:39.927297,,Loan Management System
APP00000533,CUST00002770,,2025-09-02,1003025.81,Cancelled,2026-08-03 11:22:39.927297,,Loan Management System
APP00000534,CUST00004451,LN00001913,2019-08-18,752315.11,Approved,2026-08-03 11:22:39.927297,,Loan Management System
APP00000535,CUST00003178,,2016-03-13,2518438.1,Rejected,2026-08-03 11:22:39.927297,,Loan Management System
APP00000536,CUST00000352,,2021-02-23,3560402.6,Rejected,2026-08-03 11:22:39.927297,,Loan Management System
APP00000537,CUST00004500,LN00002334,2017-03-23,365209.39,Approved,2026-08-03 11:22:39.927297,,Loan Management System
APP00000538,CUST00003284,LN00002259,2017-02-25,401922.76,Approved,2026-08-03 11:22:39.927297,,Loan Management System
APP00000539,CUST00000773,LN00000966,2025-11-29,503551.72,Approved,2026-08-03 11:22:39.928297,,Loan Management System
APP00000540,CUST00002281,,2022-01-22,639034.85,Rejected,2026-08-03 11:22:39.928297,,Loan Management System
APP00000541,CUST00002593,,2024-03-10,13692806.69,Rejected,2026-08-03 11:22:39.928297,,Loan Management System
APP00000542,CUST00000496,LN00001254,2016-03-16,943770.04,Approved,2026-08-03 11:22:39.928297,,Loan Management System
APP00000543,CUST00003710,,2015-08-28,2334361.78,Rejected,2026-08-03 11:22:39.928297,,Loan Management System
APP00000544,CUST00004286,LN00000345,2026-05-11,996562.5,Approved,2026-08-03 11:22:39.928297,,Loan Management System
APP00000545,CUST00002094,,2012-06-13,71652.99,Rejected,2026-08-03 11:22:39.929297,,Loan Management System
APP00000546,CUST00000526,LN00001337,2017-09-17,5721461.93,Approved,2026-08-03 11:22:39.929297,,Loan Management System
APP00000547,CUST00003550,LN00001164,2013-06-29,6757052.52,Approved,2026-08-03 11:22:39.929297,,Loan Management System
APP00000548,CUST00001606,LN00002341,2014-02-09,7944184.75,Approved,2026-08-03 11:22:39.929297,,Loan Management System
APP00000549,CUST00004528,LN00001713,2013-06-01,7974390.01,Approved,2026-08-03 11:22:39.929297,,Loan Management System
APP00000550,CUST00000755,,2013-04-16,2893340.14,Cancelled,2026-08-03 11:22:39.929297,,Loan Management System
APP00000551,CUST00004388,LN00001229,2013-06-25,397563.22,Approved,2026-08-03 11:22:39.929297,,Loan Management System
APP00000552,CUST00002304,LN00002064,2015-11-08,1775112.13,Approved,2026-08-03 11:22:39.929297,,Loan Management System
APP00000553,CUST00003002,,2023-10-16,2579337.91,Rejected,2026-08-03 11:22:39.929297,,Loan Management System
APP00000554,CUST00002107,LN00001346,2016-01-31,1339520.24,Approved,2026-08-03 11:22:39.929297,,Loan Management System
APP00000555,CUST00001357,,2013-04-18,743705.13,Rejected,2026-08-03 11:22:39.929297,,Loan Management System
APP00000556,CUST00003353,LN00001128,2013-08-07,1284788.88,Approved,2026-08-03 11:22:39.929297,,Loan Management System
APP00000557,CUST00002031,,2011-09-04,2441530.52,Rejected,2026-08-03 11:22:39.930297,,Loan Management System
APP00000558,CUST00004447,,2020-12-12,344159.36,Rejected,2026-08-03 11:22:39.930297,,Loan Management System
APP00000559,CUST00004165,,2014-04-10,2065207.39,Pending,2026-08-03 11:22:39.930297,,Loan Management System
APP00000560,CUST00001043,,2018-07-05,503498.91,Pending,2026-08-03 11:22:39.930297,,Loan Management System
APP00000561,CUST00002530,LN00000227,2011-11-17,3219551.05,Approved,2026-08-03 11:22:39.931296,,Loan Management System
APP00000562,CUST00002605,,2019-09-16,955203.44,Rejected,2026-08-03 11:22:39.931296,,Loan Management System
APP00000563,CUST00001185,,2022-08-27,1591731.92,Pending,2026-08-03 11:22:39.931296,,Loan Management System
APP00000564,CUST00001389,LN00001696,2015-06-13,2732854.48,Approved,2026-08-03 11:22:39.931296,,Loan Management System
APP00000565,CUST00003575,LN00000861,2018-02-11,853300.46,Approved,2026-08-03 11:22:39.931296,,Loan Management System
APP00000566,CUST00000969,,2017-01-18,4804800.57,Rejected,2026-08-03 11:22:39.931296,,Loan Management System
APP00000567,CUST00001128,,2016-06-10,1316474.1,Rejected,2026-08-03 11:22:39.932297,,Loan Management System
APP00000568,CUST00000787,,2022-07-29,2604085.55,Rejected,2026-08-03 11:22:39.932297,,Loan Management System
APP00000569,CUST00003474,LN00002104,2018-04-28,6130448.87,Approved,2026-08-03 11:22:39.932297,,Loan Management System
APP00000570,CUST00001278,LN00001680,2015-12-09,9290877.99,Approved,2026-08-03 11:22:39.932297,,Loan Management System
APP00000571,CUST00004523,LN00001579,2018-01-21,3355269.25,Approved,2026-08-03 11:22:39.932297,,Loan Management System
APP00000572,CUST00000289,LN00001077,2017-04-30,1952161.99,Approved,2026-08-03 11:22:39.932297,,Loan Management System
APP00000573,CUST00000652,LN00000703,2025-02-05,9014085.55,Approved,2026-08-03 11:22:39.932297,,Loan Management System
APP00000574,CUST00000136,,2024-02-26,1102730.76,Rejected,2026-08-03 11:22:39.932801,,Loan Management System
APP00000575,CUST00002078,,2023-11-21,2718434.36,Rejected,2026-08-03 11:22:39.932801,,Loan Management System
APP00000576,CUST00001263,LN00001553,2022-10-09,590425.76,Approved,2026-08-03 11:22:39.932801,,Loan Management System
APP00000577,CUST00003245,LN00000638,2023-07-10,7860237.14,Approved,2026-08-03 11:22:39.932801,,Loan Management System
APP00000578,CUST00002889,,2018-09-11,1572839.47,Rejected,2026-08-03 11:22:39.932801,,Loan Management System
APP00000579,CUST00001767,LN00000297,2022-11-05,1009404.91,Approved,2026-08-03 11:22:39.932801,,Loan Management System
APP00000580,CUST00004917,,2012-03-15,869860.99,Pending,2026-08-03 11:22:39.933806,,Loan Management System
APP00000581,CUST00001265,,2025-10-23,7806574.8,Rejected,2026-08-03 11:22:39.933806,,Loan Management System
APP00000582,CUST00003125,LN00002375,2023-01-22,2142602.95,Approved,2026-08-03 11:22:39.933806,,Loan Management System
APP00000583,CUST00004961,LN00000158,2013-11-26,2106631.77,Approved,2026-08-03 11:22:39.933806,,Loan Management System
APP00000584,CUST00003951,,2014-10-03,337736.91,Pending,2026-08-03 11:22:39.933806,,Loan Management System
APP00000585,CUST00001014,LN00002092,2012-10-26,10068366.69,Approved,2026-08-03 11:22:39.933806,,Loan Management System
APP00000586,CUST00000758,LN00001942,2012-04-20,554612.09,Approved,2026-08-03 11:22:39.933806,,Loan Management System
APP00000587,CUST00000223,LN00001311,2022-09-10,754976.73,Approved,2026-08-03 11:22:39.933806,,Loan Management System
APP00000588,CUST00002298,LN00000055,2025-11-30,3408770.71,Approved,2026-08-03 11:22:39.933806,,Loan Management System
APP00000589,CUST00002699,LN00000144,2016-01-27,170539.24,Approved,2026-08-03 11:22:39.933806,,Loan Management System
APP00000590,CUST00002174,,2021-11-03,141501.39,Rejected,2026-08-03 11:22:39.933806,,Loan Management System
APP00000591,CUST00000236,,2013-05-30,1033147.41,Rejected,2026-08-03 11:22:39.934810,,Loan Management System
APP00000592,CUST00001652,,2017-04-14,50673.44,Pending,2026-08-03 11:22:39.934810,,Loan Management System
APP00000593,CUST00002915,LN00000583,2012-02-26,1366283.1,Approved,2026-08-03 11:22:39.934810,,Loan Management System
APP00000594,CUST00001206,LN00002462,2023-11-29,267950.75,Approved,2026-08-03 11:22:39.934810,,Loan Management System
APP00000595,CUST00002176,LN00002049,2020-07-11,1546323.08,Approved,2026-08-03 11:22:39.934810,,Loan Management System
APP00000596,CUST00004350,LN00002398,2017-11-14,3277236.42,Approved,2026-08-03 11:22:39.934810,,Loan Management System
APP00000597,CUST00003782,LN00001418,2019-02-24,2254876.09,Approved,2026-08-03 11:22:39.934810,,Loan Management System
APP00000598,CUST00002068,LN00000877,2021-01-23,551296.65,Approved,2026-08-03 11:22:39.934810,,Loan Management System
APP00000599,CUST00000214,LN00002241,2019-01-10,1233355.06,Approved,2026-08-03 11:22:39.934810,,Loan Management System
APP00000600,CUST00002495,LN00000209,2022-03-09,2312068.95,Approved,2026-08-03 11:22:39.934810,,Loan Management System
APP00000601,CUST00003419,,2016-03-24,6798941.95,Cancelled,2026-08-03 11:22:39.935811,,Loan Management System
APP00000602,CUST00002364,LN00001493,2024-05-21,216628.81,Approved,2026-08-03 11:22:39.935811,,Loan Management System
APP00000603,CUST00002572,LN00001401,2018-07-04,136284.6,Approved,2026-08-03 11:22:39.935811,,Loan Management System
APP00000604,CUST00003687,LN00002056,2012-06-09,223663.39,Approved,2026-08-03 11:22:39.935811,,Loan Management System
APP00000605,CUST00001375,,2014-05-08,705021.03,Cancelled,2026-08-03 11:22:39.936836,,Loan Management System
APP00000606,CUST00001317,LN00000249,2019-08-16,1320368.36,Approved,2026-08-03 11:22:39.936836,,Loan Management System
APP00000607,CUST00001349,LN00000495,2023-03-09,1164569.09,Approved,2026-08-03 11:22:39.936836,,Loan Management System
APP00000608,CUST00000831,,2023-10-24,2989574.19,Rejected,2026-08-03 11:22:39.936836,,Loan Management System
APP00000609,CUST00001410,LN00000315,2018-10-20,744470.5,Approved,2026-08-03 11:22:39.936836,,Loan Management System
APP00000610,CUST00002898,,2011-10-29,633128.44,Rejected,2026-08-03 11:22:39.936836,,Loan Management System
APP00000611,CUST00000437,LN00000380,2023-05-11,428166.76,Approved,2026-08-03 11:22:39.936836,,Loan Management System
APP00000612,CUST00003022,LN00000825,2018-07-27,584436.56,Approved,2026-08-03 11:22:39.936836,,Loan Management System
APP00000613,CUST00003658,LN00001225,2022-10-26,9400042.1,Approved,2026-08-03 11:22:39.937830,,Loan Management System
APP00000614,CUST00002228,LN00002223,2019-07-23,1560888.73,Approved,2026-08-03 11:22:39.937830,,Loan Management System
APP00000615,CUST00002332,,2014-07-28,769316.52,Rejected,2026-08-03 11:22:39.937830,,Loan Management System
APP00000616,CUST00001652,LN00000009,2024-02-09,2831304.33,Approved,2026-08-03 11:22:39.937830,,Loan Management System
APP00000617,CUST00004953,LN00001931,2017-02-20,675164.9,Approved,2026-08-03 11:22:39.937830,,Loan Management System
APP00000618,CUST00001144,LN00001062,2025-01-08,8465137.35,Approved,2026-08-03 11:22:39.937830,,Loan Management System
APP00000619,CUST00003997,LN00001558,2023-01-30,652782.28,Approved,2026-08-03 11:22:39.937830,,Loan Management System
APP00000620,CUST00000956,,2017-03-01,5239073.15,Rejected,2026-08-03 11:22:39.937830,,Loan Management System
APP00000621,CUST00004661,LN00000529,2012-01-21,1495691.95,Approved,2026-08-03 11:22:39.937830,,Loan Management System
APP00000622,CUST00001503,LN00002272,2026-05-19,8239075.04,Approved,2026-08-03 11:22:39.937830,,Loan Management System
APP00000623,CUST00004571,LN00001300,2017-02-13,1774467.06,Approved,2026-08-03 11:22:39.937830,,Loan Management System
APP00000624,CUST00001923,LN00001074,2019-07-08,11839757.14,Approved,2026-08-03 11:22:39.937830,,Loan Management System
APP00000625,CUST00001855,,2013-12-23,3163869.98,Rejected,2026-08-03 11:22:39.938831,,Loan Management System
APP00000626,CUST00000549,LN00001532,2023-02-24,1966325.86,Approved,2026-08-03 11:22:39.938831,,Loan Management System
APP00000627,CUST00000826,LN00001421,2017-05-17,152063.12,Approved,2026-08-03 11:22:39.938831,,Loan Management System
APP00000628,CUST00004107,,2015-10-22,1965452.88,Cancelled,2026-08-03 11:22:39.939831,,Loan Management System
APP00000629,CUST00002448,,2011-09-14,1020204.68,Pending,2026-08-03 11:22:39.939831,,Loan Management System
APP00000630,CUST00000085,LN00000284,2012-09-11,3502563.43,Approved,2026-08-03 11:22:39.939831,,Loan Management System
APP00000631,CUST00000580,LN00001514,2019-01-24,13937221.88,Approved,2026-08-03 11:22:39.939831,,Loan Management System
APP00000632,CUST00000847,LN00000078,2012-04-04,12512163.22,Approved,2026-08-03 11:22:39.939831,,Loan Management System
APP00000633,CUST00003940,LN00002439,2024-12-31,1375431.85,Approved,2026-08-03 11:22:39.939831,,Loan Management System
APP00000634,CUST00000893,,2024-05-29,374666.91,Rejected,2026-08-03 11:22:39.940830,,Loan Management System
APP00000635,CUST00003073,LN00000182,2011-09-07,2916484.29,Approved,2026-08-03 11:22:39.940830,,Loan Management System
APP00000636,CUST00004381,LN00000283,2011-08-17,602712.38,Approved,2026-08-03 11:22:39.940830,,Loan Management System
APP00000637,CUST00002137,,2016-09-21,241530.03,Rejected,2026-08-03 11:22:39.940830,,Loan Management System
APP00000638,CUST00000916,LN00001017,2025-09-13,1652611.35,Approved,2026-08-03 11:22:39.940830,,Loan Management System
APP00000639,CUST00001698,,2023-11-19,680648.8,Rejected,2026-08-03 11:22:39.940830,,Loan Management System
APP00000640,CUST00002855,LN00000385,2023-10-17,1483518.87,Approved,2026-08-03 11:22:39.940830,,Loan Management System
APP00000641,CUST00001487,LN00000293,2012-08-17,2358001.11,Approved,2026-08-03 11:22:39.940830,,Loan Management System
APP00000642,CUST00002328,LN00000876,2021-07-22,1692219.91,Approved,2026-08-03 11:22:39.940830,,Loan Management System
APP00000643,CUST00003146,LN00000317,2018-09-20,2039819.3,Approved,2026-08-03 11:22:39.940830,,Loan Management System
APP00000644,CUST00003327,,2023-05-16,19120378.65,Cancelled,2026-08-03 11:22:39.940830,,Loan Management System
APP00000645,CUST00002947,LN00000719,2016-10-04,4027296.23,Approved,2026-08-03 11:22:39.940830,,Loan Management System
APP00000646,CUST00003474,LN00001261,2012-02-12,3096999.99,Approved,2026-08-03 11:22:39.940830,,Loan Management System
APP00000647,CUST00001980,LN00001322,2013-06-03,7259033.21,Approved,2026-08-03 11:22:39.940830,,Loan Management System
APP00000648,CUST00001561,,2019-07-03,9554325.61,Rejected,2026-08-03 11:22:39.942358,,Loan Management System
APP00000649,CUST00002701,LN00001260,2021-09-03,2407308.24,Approved,2026-08-03 11:22:39.942358,,Loan Management System
APP00000650,CUST00004163,,2014-04-21,9538299.87,Rejected,2026-08-03 11:22:39.942358,,Loan Management System
APP00000651,CUST00003967,LN00000146,2015-09-21,440371.02,Approved,2026-08-03 11:22:39.942358,,Loan Management System
APP00000652,CUST00001990,,2023-04-05,3902536.41,Rejected,2026-08-03 11:22:39.942358,,Loan Management System
APP00000653,CUST00001894,LN00002143,2023-12-04,4197158.09,Approved,2026-08-03 11:22:39.942358,,Loan Management System
APP00000654,CUST00000013,LN00000958,2023-04-02,10923096.78,Approved,2026-08-03 11:22:39.942358,,Loan Management System
APP00000655,CUST00001393,LN00001582,2021-03-24,8260884.91,Approved,2026-08-03 11:22:39.942358,,Loan Management System
APP00000656,CUST00003785,LN00001369,2013-06-05,1372839.86,Approved,2026-08-03 11:22:39.942358,,Loan Management System
APP00000657,CUST00001063,LN00000058,2016-01-05,9349563.18,Approved,2026-08-03 11:22:39.942358,,Loan Management System
APP00000658,CUST00003326,LN00001286,2020-05-29,2887287.28,Approved,2026-08-03 11:22:39.942358,,Loan Management System
APP00000659,CUST00000797,LN00000031,2018-08-11,5713697.91,Approved,2026-08-03 11:22:39.942358,,Loan Management System
APP00000660,CUST00004593,LN00001409,2023-10-30,1106633.08,Approved,2026-08-03 11:22:39.942358,,Loan Management System
APP00000661,CUST00001548,,2013-11-09,1645711.36,Rejected,2026-08-03 11:22:39.943390,,Loan Management System
APP00000662,CUST00001560,LN00001992,2014-08-18,1181900.32,Approved,2026-08-03 11:22:39.943390,,Loan Management System
APP00000663,CUST00004277,LN00000021,2015-06-01,147230.21,Approved,2026-08-03 11:22:39.943390,,Loan Management System
APP00000664,CUST00001233,LN00001933,2013-08-13,2993566.79,Approved,2026-08-03 11:22:39.943390,,Loan Management System
APP00000665,CUST00002350,LN00001970,2024-08-19,6909753.17,Approved,2026-08-03 11:22:39.943390,,Loan Management System
APP00000666,CUST00002236,LN00002161,2024-08-30,1893519.64,Approved,2026-08-03 11:22:39.943390,,Loan Management System
APP00000667,CUST00002150,LN00002230,2025-10-10,1855359.09,Approved,2026-08-03 11:22:39.943390,,Loan Management System
APP00000668,CUST00003860,,2023-07-12,1737881.26,Pending,2026-08-03 11:22:39.943390,,Loan Management System
APP00000669,CUST00004649,LN00002328,2020-09-30,823003.04,Approved,2026-08-03 11:22:39.943390,,Loan Management System
APP00000670,CUST00000776,LN00000402,2020-02-04,1822952.07,Approved,2026-08-03 11:22:39.943390,,Loan Management System
APP00000671,CUST00001955,LN00002429,2012-12-13,1903191.25,Approved,2026-08-03 11:22:39.943390,,Loan Management System
APP00000672,CUST00004913,LN00001857,2019-10-26,10912028.95,Approved,2026-08-03 11:22:39.943390,,Loan Management System
APP00000673,CUST00003069,LN00002251,2024-08-29,2226996.59,Approved,2026-08-03 11:22:39.943390,,Loan Management System
APP00000674,CUST00000698,LN00000281,2021-08-02,2051673.69,Approved,2026-08-03 11:22:39.943390,,Loan Management System
APP00000675,CUST00000926,LN00001309,2019-11-13,915777.53,Approved,2026-08-03 11:22:39.943390,,Loan Management System
APP00000676,CUST00000420,LN00001694,2013-05-27,1732328.25,Approved,2026-08-03 11:22:39.943390,,Loan Management System
APP00000677,CUST00001926,,2019-03-09,6705950.22,Rejected,2026-08-03 11:22:39.944389,,Loan Management System
APP00000678,CUST00001217,LN00000928,2013-07-03,541805.67,Approved,2026-08-03 11:22:39.944389,,Loan Management System
APP00000679,CUST00003035,LN00000434,2022-11-28,15796355.9,Approved,2026-08-03 11:22:39.944389,,Loan Management System
APP00000680,CUST00001084,LN00001102,2019-09-04,552386.67,Approved,2026-08-03 11:22:39.944389,,Loan Management System
APP00000681,CUST00003718,LN00000785,2026-03-25,4412721.26,Approved,2026-08-03 11:22:39.944389,,Loan Management System
APP00000682,CUST00001524,,2013-06-30,2315588.02,Rejected,2026-08-03 11:22:39.944389,,Loan Management System
APP00000683,CUST00001786,LN00001622,2022-02-15,10395194.49,Approved,2026-08-03 11:22:39.944389,,Loan Management System
APP00000684,CUST00002912,LN00000784,2024-03-20,1822876.8,Approved,2026-08-03 11:22:39.944389,,Loan Management System
APP00000685,CUST00000536,,2020-03-08,333943.06,Pending,2026-08-03 11:22:39.944389,,Loan Management System
APP00000686,CUST00003415,LN00001718,2019-11-08,1071837.63,Approved,2026-08-03 11:22:39.944389,,Loan Management System
APP00000687,CUST00002726,,2021-04-30,2586948.48,Rejected,2026-08-03 11:22:39.945389,,Loan Management System
APP00000688,CUST00002776,LN00002110,2019-05-22,2980066.52,Approved,2026-08-03 11:22:39.945389,,Loan Management System
APP00000689,CUST00001444,LN00000093,2017-08-30,1521482.62,Approved,2026-08-03 11:22:39.945389,,Loan Management System
APP00000690,CUST00004031,LN00001671,2018-03-22,2090791.85,Approved,2026-08-03 11:22:39.945389,,Loan Management System
APP00000691,CUST00003005,,2017-03-02,6236195.59,Rejected,2026-08-03 11:22:39.945389,,Loan Management System
APP00000692,CUST00000264,LN00000880,2012-12-25,6371646.68,Approved,2026-08-03 11:22:39.945389,,Loan Management System
APP00000693,CUST00002853,LN00000161,2013-01-28,1184889.96,Approved,2026-08-03 11:22:39.945389,,Loan Management System
APP00000694,CUST00002259,LN00002109,2021-12-17,5582191.97,Approved,2026-08-03 11:22:39.945389,,Loan Management System
APP00000695,CUST00003428,LN00000224,2021-08-29,1896890.99,Approved,2026-08-03 11:22:39.945389,,Loan Management System
APP00000696,CUST00000433,,2023-10-13,841964.03,Rejected,2026-08-03 11:22:39.945389,,Loan Management System
APP00000697,CUST00004713,,2021-07-04,18723458.17,Rejected,2026-08-03 11:22:39.946392,,Loan Management System
APP00000698,CUST00000539,LN00000244,2020-08-11,5051185.42,Approved,2026-08-03 11:22:39.946392,,Loan Management System
APP00000699,CUST00001980,,2013-02-18,2292092.89,Pending,2026-08-03 11:22:39.946392,,Loan Management System
APP00000700,CUST00003941,LN00000056,2017-05-28,303923.27,Approved,2026-08-03 11:22:39.946392,,Loan Management System
APP00000701,CUST00000973,LN00000305,2019-07-31,3364612.47,Approved,2026-08-03 11:22:39.946392,,Loan Management System
APP00000702,CUST00004737,LN00000251,2014-03-30,1964594.11,Approved,2026-08-03 11:22:39.946392,,Loan Management System
APP00000703,CUST00002765,LN00001264,2017-01-08,1290028.99,Approved,2026-08-03 11:22:39.946392,,Loan Management System
APP00000704,CUST00001955,LN00002452,2019-02-02,4639087.81,Approved,2026-08-03 11:22:39.946392,,Loan Management System
APP00000705,CUST00004814,LN00001384,2019-08-03,1080372.92,Approved,2026-08-03 11:22:39.946392,,Loan Management System
APP00000706,CUST00002057,LN00001378,2020-03-10,229579.68,Approved,2026-08-03 11:22:39.946392,,Loan Management System
APP00000707,CUST00000477,LN00000995,2023-07-29,236048.38,Approved,2026-08-03 11:22:39.946392,,Loan Management System
APP00000708,CUST00003617,,2021-03-07,2571107.16,Rejected,2026-08-03 11:22:39.947367,,Loan Management System
APP00000709,CUST00001758,LN00000216,2014-01-14,8985392.14,Approved,2026-08-03 11:22:39.947367,,Loan Management System
APP00000710,CUST00004606,,2021-02-03,1236839.48,Pending,2026-08-03 11:22:39.947367,,Loan Management System
APP00000711,CUST00001593,LN00002219,2022-08-17,2948820.39,Approved,2026-08-03 11:22:39.947367,,Loan Management System
APP00000712,CUST00004092,,2023-01-12,243770.75,Rejected,2026-08-03 11:22:39.947367,,Loan Management System
APP00000713,CUST00002224,LN00000800,2016-03-04,2927160.74,Approved,2026-08-03 11:22:39.947367,,Loan Management System
APP00000714,CUST00001920,LN00002103,2013-05-20,643876.9,Approved,2026-08-03 11:22:39.947367,,Loan Management System
APP00000715,CUST00000785,LN00001488,2020-08-07,298666.7,Approved,2026-08-03 11:22:39.947367,,Loan Management System
APP00000716,CUST00000044,LN00001939,2018-09-06,2210830.5,Approved,2026-08-03 11:22:39.947367,,Loan Management System
APP00000717,CUST00002127,LN00001176,2019-02-02,1661706.75,Approved,2026-08-03 11:22:39.947367,,Loan Management System
APP00000718,CUST00001087,LN00002014,2023-10-02,3895043.18,Approved,2026-08-03 11:22:39.947367,,Loan Management System
APP00000719,CUST00001029,LN00001247,2019-01-16,714920.6,Approved,2026-08-03 11:22:39.947367,,Loan Management System
APP00000720,CUST00003637,LN00000488,2016-01-28,1506743.31,Approved,2026-08-03 11:22:39.947367,,Loan Management System
APP00000721,CUST00003345,LN00001751,2025-12-24,4121279.17,Approved,2026-08-03 11:22:39.947367,,Loan Management System
APP00000722,CUST00003593,LN00000875,2018-03-29,7485160.87,Approved,2026-08-03 11:22:39.947367,,Loan Management System
APP00000723,CUST00001670,,2017-06-12,788520.42,Pending,2026-08-03 11:22:39.948366,,Loan Management System
APP00000724,CUST00003285,LN00000676,2022-12-15,2513330.16,Approved,2026-08-03 11:22:39.948366,,Loan Management System
APP00000725,CUST00003122,LN00001016,2015-09-27,2425689.01,Approved,2026-08-03 11:22:39.948366,,Loan Management System
APP00000726,CUST00004818,LN00001574,2017-12-22,2521846.07,Approved,2026-08-03 11:22:39.948366,,Loan Management System
APP00000727,CUST00002106,LN00002015,2016-12-13,2220033.63,Approved,2026-08-03 11:22:39.948366,,Loan Management System
APP00000728,CUST00001401,,2019-08-14,1955836.96,Rejected,2026-08-03 11:22:39.948366,,Loan Management System
APP00000729,CUST00003232,,2012-02-16,2398868.87,Rejected,2026-08-03 11:22:39.948366,,Loan Management System
APP00000730,CUST00002814,,2016-06-20,3421081.38,Rejected,2026-08-03 11:22:39.949392,,Loan Management System
APP00000731,CUST00000647,,2018-07-17,5682211.26,Pending,2026-08-03 11:22:39.949392,,Loan Management System
APP00000732,CUST00004213,,2014-08-25,2164040.61,Rejected,2026-08-03 11:22:39.949392,,Loan Management System
APP00000733,CUST00000915,,2024-09-01,2861083.01,Rejected,2026-08-03 11:22:39.949392,,Loan Management System
APP00000734,CUST00004127,,2013-11-21,7875170.22,Rejected,2026-08-03 11:22:39.950387,,Loan Management System
APP00000735,CUST00001995,LN00000690,2024-11-23,1676364.28,Approved,2026-08-03 11:22:39.950387,,Loan Management System
APP00000736,CUST00003241,LN00000605,2024-09-02,4595826.19,Approved,2026-08-03 11:22:39.950387,,Loan Management System
APP00000737,CUST00002525,LN00001501,2022-04-06,4792491.26,Approved,2026-08-03 11:22:39.950387,,Loan Management System
APP00000738,CUST00001989,LN00001031,2026-01-05,1934760.99,Approved,2026-08-03 11:22:39.950387,,Loan Management System
APP00000739,CUST00004574,,2026-05-19,126233.46,Rejected,2026-08-03 11:22:39.950387,,Loan Management System
APP00000740,CUST00002197,LN00001817,2017-01-08,2121591.07,Approved,2026-08-03 11:22:39.950387,,Loan Management System
APP00000741,CUST00003828,LN00000680,2021-03-16,2307158.56,Approved,2026-08-03 11:22:39.950387,,Loan Management System
APP00000742,CUST00003252,,2012-12-13,734879.14,Rejected,2026-08-03 11:22:39.950387,,Loan Management System
APP00000743,CUST00001086,LN00001690,2018-01-16,213972.31,Approved,2026-08-03 11:22:39.950387,,Loan Management System
APP00000744,CUST00002526,,2013-11-06,1722724.11,Rejected,2026-08-03 11:22:39.951385,,Loan Management System
APP00000745,CUST00002132,,2022-09-14,10375568.99,Cancelled,2026-08-03 11:22:39.951385,,Loan Management System
APP00000746,CUST00003859,,2026-03-22,2201768.11,Rejected,2026-08-03 11:22:39.951385,,Loan Management System
APP00000747,CUST00004805,LN00000627,2024-11-20,11284891.55,Approved,2026-08-03 11:22:39.952371,,Loan Management System
APP00000748,CUST00004341,LN00001846,2016-07-30,4909822.51,Approved,2026-08-03 11:22:39.952371,,Loan Management System
APP00000749,CUST00002426,LN00000276,2017-03-20,3792588.49,Approved,2026-08-03 11:22:39.952371,,Loan Management System
APP00000750,CUST00000158,,2020-09-22,1715778.49,Rejected,2026-08-03 11:22:39.952371,,Loan Management System
APP00000751,CUST00001498,LN00002374,2017-10-12,1438079.6,Approved,2026-08-03 11:22:39.952371,,Loan Management System
APP00000752,CUST00002775,,2020-08-01,2405301.8,Cancelled,2026-08-03 11:22:39.952901,,Loan Management System
APP00000753,CUST00001582,,2013-10-02,697770.31,Rejected,2026-08-03 11:22:39.952901,,Loan Management System
APP00000754,CUST00004525,LN00002073,2013-09-03,2361323.66,Approved,2026-08-03 11:22:39.952901,,Loan Management System
APP00000755,CUST00000408,,2025-10-15,8217969.91,Rejected,2026-08-03 11:22:39.952901,,Loan Management System
APP00000756,CUST00004982,LN00001113,2016-06-16,8802635.56,Approved,2026-08-03 11:22:39.952901,,Loan Management System
APP00000757,CUST00001795,LN00000139,2019-12-02,389580.94,Approved,2026-08-03 11:22:39.952901,,Loan Management System
APP00000758,CUST00001119,,2016-08-29,1981459.82,Rejected,2026-08-03 11:22:39.953927,,Loan Management System
APP00000759,CUST00003465,LN00001864,2014-01-22,19524989.54,Approved,2026-08-03 11:22:39.953927,,Loan Management System
APP00000760,CUST00000409,LN00001651,2014-05-12,1731312.28,Approved,2026-08-03 11:22:39.953927,,Loan Management System
APP00000761,CUST00002800,,2018-10-20,240135.45,Pending,2026-08-03 11:22:39.953927,,Loan Management System
APP00000762,CUST00004164,,2020-08-20,8093464.97,Rejected,2026-08-03 11:22:39.953927,,Loan Management System
APP00000763,CUST00003883,,2018-01-14,2479267.27,Rejected,2026-08-03 11:22:39.953927,,Loan Management System
APP00000764,CUST00000854,LN00000201,2023-09-21,7786275.5,Approved,2026-08-03 11:22:39.953927,,Loan Management System
APP00000765,CUST00003439,LN00001537,2012-10-29,709894.77,Approved,2026-08-03 11:22:39.953927,,Loan Management System
APP00000766,CUST00000633,LN00002387,2025-06-08,2511271.82,Approved,2026-08-03 11:22:39.953927,,Loan Management System
APP00000767,CUST00001280,LN00000255,2021-10-30,504203.88,Approved,2026-08-03 11:22:39.954930,,Loan Management System
APP00000768,CUST00001032,LN00002446,2023-04-21,109727.69,Approved,2026-08-03 11:22:39.954930,,Loan Management System
APP00000769,CUST00001133,LN00000643,2020-08-24,983801.18,Approved,2026-08-03 11:22:39.954930,,Loan Management System
APP00000770,CUST00004937,LN00000455,2015-02-06,2017880.35,Approved,2026-08-03 11:22:39.954930,,Loan Management System
APP00000771,CUST00003443,LN00000546,2015-09-10,7556366.45,Approved,2026-08-03 11:22:39.954930,,Loan Management System
APP00000772,CUST00001470,LN00000173,2012-07-03,3232806.25,Approved,2026-08-03 11:22:39.954930,,Loan Management System
APP00000773,CUST00004325,LN00000426,2018-08-28,1042844.19,Approved,2026-08-03 11:22:39.954930,,Loan Management System
APP00000774,CUST00001080,,2022-01-17,2374907.33,Rejected,2026-08-03 11:22:39.954930,,Loan Management System
APP00000775,CUST00002339,LN00002268,2023-09-26,2145140.68,Approved,2026-08-03 11:22:39.954930,,Loan Management System
APP00000776,CUST00003763,,2015-09-06,2568697.1,Pending,2026-08-03 11:22:39.954930,,Loan Management System
APP00000777,CUST00002959,,2015-02-03,440079.65,Cancelled,2026-08-03 11:22:39.955938,,Loan Management System
APP00000778,CUST00002516,LN00000587,2014-10-31,7782257.56,Approved,2026-08-03 11:22:39.955938,,Loan Management System
APP00000779,CUST00001485,,2013-04-20,4759553.46,Cancelled,2026-08-03 11:22:39.955938,,Loan Management System
APP00000780,CUST00001057,,2021-09-09,1369827.67,Rejected,2026-08-03 11:22:39.955938,,Loan Management System
APP00000781,CUST00000627,,2012-02-27,355971.32,Rejected,2026-08-03 11:22:39.955938,,Loan Management System
APP00000782,CUST00003202,,2019-03-08,340262.59,Rejected,2026-08-03 11:22:39.956926,,Loan Management System
APP00000783,CUST00003074,LN00001420,2019-10-26,5576066.01,Approved,2026-08-03 11:22:39.956926,,Loan Management System
APP00000784,CUST00003316,,2023-01-07,1947390.0,Pending,2026-08-03 11:22:39.956926,,Loan Management System
APP00000785,CUST00000904,,2023-07-21,45084.26,Pending,2026-08-03 11:22:39.956926,,Loan Management System
APP00000786,CUST00002746,LN00002484,2020-07-18,4306683.62,Approved,2026-08-03 11:22:39.956926,,Loan Management System
APP00000787,CUST00000622,LN00001291,2021-06-10,3138051.36,Approved,2026-08-03 11:22:39.956926,,Loan Management System
APP00000788,CUST00002064,LN00002132,2014-04-16,2476916.41,Approved,2026-08-03 11:22:39.956926,,Loan Management System
APP00000789,CUST00003060,,2018-06-06,1162055.77,Pending,2026-08-03 11:22:39.957928,,Loan Management System
APP00000790,CUST00004522,LN00001211,2016-06-08,836583.38,Approved,2026-08-03 11:22:39.957928,,Loan Management System
APP00000791,CUST00003878,LN00000178,2020-06-24,16165927.65,Approved,2026-08-03 11:22:39.957928,,Loan Management System
APP00000792,CUST00003036,LN00000474,2011-09-10,13030567.83,Approved,2026-08-03 11:22:39.957928,,Loan Management System
APP00000793,CUST00003378,LN00001263,2023-12-21,1430249.95,Approved,2026-08-03 11:22:39.957928,,Loan Management System
APP00000794,CUST00003405,,2024-06-02,12740823.31,Cancelled,2026-08-03 11:22:39.957928,,Loan Management System
APP00000795,CUST00003313,LN00000986,2018-07-30,508881.03,Approved,2026-08-03 11:22:39.957928,,Loan Management System
APP00000796,CUST00003252,,2013-12-20,3591625.27,Rejected,2026-08-03 11:22:39.957928,,Loan Management System
APP00000797,CUST00002802,LN00000974,2012-04-02,7090872.99,Approved,2026-08-03 11:22:39.957928,,Loan Management System
APP00000798,CUST00000950,,2016-07-04,1861205.82,Rejected,2026-08-03 11:22:39.958929,,Loan Management System
APP00000799,CUST00004280,LN00001633,2023-12-09,2885622.43,Approved,2026-08-03 11:22:39.958929,,Loan Management System
APP00000800,CUST00003225,LN00000839,2019-09-06,1077885.93,Approved,2026-08-03 11:22:39.958929,,Loan Management System
APP00000801,CUST00003329,,2017-01-04,1091519.18,Pending,2026-08-03 11:22:39.958929,,Loan Management System
APP00000802,CUST00003517,,2021-05-30,1185211.89,Cancelled,2026-08-03 11:22:39.958929,,Loan Management System
APP00000803,CUST00002628,,2021-10-04,557294.59,Pending,2026-08-03 11:22:39.958929,,Loan Management System
APP00000804,CUST00002954,LN00001210,2015-06-11,1118508.18,Approved,2026-08-03 11:22:39.958929,,Loan Management System
APP00000805,CUST00002680,LN00000865,2025-01-24,3179735.98,Approved,2026-08-03 11:22:39.958929,,Loan Management System
APP00000806,CUST00004290,LN00000435,2023-09-07,1296016.23,Approved,2026-08-03 11:22:39.959929,,Loan Management System
APP00000807,CUST00003204,,2026-06-29,3595314.78,Rejected,2026-08-03 11:22:39.959929,,Loan Management System
APP00000808,CUST00003676,LN00001223,2022-02-03,304087.61,Approved,2026-08-03 11:22:39.959929,,Loan Management System
APP00000809,CUST00000716,LN00001560,2014-04-01,3214314.93,Approved,2026-08-03 11:22:39.959929,,Loan Management System
APP00000810,CUST00004068,,2015-05-07,1435245.86,Rejected,2026-08-03 11:22:39.959929,,Loan Management System
APP00000811,CUST00003912,,2018-08-15,2040291.89,Rejected,2026-08-03 11:22:39.959929,,Loan Management System
APP00000812,CUST00001078,LN00001875,2021-08-30,1145450.79,Approved,2026-08-03 11:22:39.959929,,Loan Management System
APP00000813,CUST00001919,LN00000344,2015-09-28,4950866.65,Approved,2026-08-03 11:22:39.959929,,Loan Management System
APP00000814,CUST00003048,LN00002152,2014-10-15,1964158.1,Approved,2026-08-03 11:22:39.959929,,Loan Management System
APP00000815,CUST00003618,LN00000854,2015-04-27,179865.86,Approved,2026-08-03 11:22:39.959929,,Loan Management System
APP00000816,CUST00002524,LN00000357,2011-10-29,849476.14,Approved,2026-08-03 11:22:39.960911,,Loan Management System
APP00000817,CUST00001600,,2026-07-21,514295.37,Rejected,2026-08-03 11:22:39.960911,,Loan Management System
APP00000818,CUST00000666,,2024-02-04,1370051.11,Rejected,2026-08-03 11:22:39.960911,,Loan Management System
APP00000819,CUST00003890,LN00001808,2026-03-17,526036.76,Approved,2026-08-03 11:22:39.960911,,Loan Management System
APP00000820,CUST00000642,,2022-03-27,953577.48,Rejected,2026-08-03 11:22:39.960911,,Loan Management System
APP00000821,CUST00002767,,2023-02-18,891978.85,Rejected,2026-08-03 11:22:39.960911,,Loan Management System
APP00000822,CUST00000144,,2018-11-08,930906.2,Pending,2026-08-03 11:22:39.960911,,Loan Management System
APP00000823,CUST00001852,LN00001065,2016-07-27,828158.68,Approved,2026-08-03 11:22:39.960911,,Loan Management System
APP00000824,CUST00000308,,2020-01-07,14452072.36,Rejected,2026-08-03 11:22:39.962437,,Loan Management System
APP00000825,CUST00002367,LN00000332,2026-02-04,5927980.33,Approved,2026-08-03 11:22:39.962437,,Loan Management System
APP00000826,CUST00003412,LN00002177,2022-03-09,988064.52,Approved,2026-08-03 11:22:39.962437,,Loan Management System
APP00000827,CUST00001210,LN00000234,2012-07-03,570345.59,Approved,2026-08-03 11:22:39.962437,,Loan Management System
APP00000828,CUST00003614,LN00000601,2017-02-22,1384304.34,Approved,2026-08-03 11:22:39.962437,,Loan Management System
APP00000829,CUST00002917,LN00001276,2024-07-06,464460.74,Approved,2026-08-03 11:22:39.962437,,Loan Management System
APP00000830,CUST00004704,LN00001729,2023-05-18,397570.21,Approved,2026-08-03 11:22:39.962437,,Loan Management System
APP00000831,CUST00001874,,2018-07-13,2903182.01,Rejected,2026-08-03 11:22:39.962437,,Loan Management System
APP00000832,CUST00000608,LN00000275,2012-07-17,10234374.61,Approved,2026-08-03 11:22:39.962437,,Loan Management System
APP00000833,CUST00003657,,2016-09-08,890388.91,Rejected,2026-08-03 11:22:39.962437,,Loan Management System
APP00000834,CUST00001522,LN00000258,2020-09-10,2288030.16,Approved,2026-08-03 11:22:39.962437,,Loan Management System
APP00000835,CUST00002545,LN00002115,2018-11-23,2365741.14,Approved,2026-08-03 11:22:39.962437,,Loan Management System
APP00000836,CUST00001168,,2024-06-02,1779804.79,Rejected,2026-08-03 11:22:39.963442,,Loan Management System
APP00000837,CUST00002686,LN00001924,2025-05-16,8528922.31,Approved,2026-08-03 11:22:39.963442,,Loan Management System
APP00000838,CUST00003363,LN00000351,2020-11-26,1395167.66,Approved,2026-08-03 11:22:39.963442,,Loan Management System
APP00000839,CUST00002048,LN00000502,2025-11-16,2253953.38,Approved,2026-08-03 11:22:39.963442,,Loan Management System
APP00000840,CUST00004602,,2026-01-13,10034435.87,Pending,2026-08-03 11:22:39.963442,,Loan Management System
APP00000841,CUST00002844,,2015-06-03,2214942.91,Rejected,2026-08-03 11:22:39.963442,,Loan Management System
APP00000842,CUST00004571,LN00000094,2014-04-07,2123409.91,Approved,2026-08-03 11:22:39.963442,,Loan Management System
APP00000843,CUST00001155,LN00001187,2024-01-19,7245312.28,Approved,2026-08-03 11:22:39.963442,,Loan Management System
APP00000844,CUST00004845,LN00002076,2023-07-06,12610049.88,Approved,2026-08-03 11:22:39.963442,,Loan Management System
APP00000845,CUST00001418,LN00000623,2021-07-30,1021036.4,Approved,2026-08-03 11:22:39.963442,,Loan Management System
APP00000846,CUST00004309,LN00001316,2012-03-12,988903.83,Approved,2026-08-03 11:22:39.963442,,Loan Management System
APP00000847,CUST00002838,LN00002364,2019-03-04,575136.0,Approved,2026-08-03 11:22:39.963442,,Loan Management System
APP00000848,CUST00002915,,2018-09-03,2418954.34,Pending,2026-08-03 11:22:39.964465,,Loan Management System
APP00000849,CUST00000892,LN00000524,2013-06-21,1532048.21,Approved,2026-08-03 11:22:39.964465,,Loan Management System
APP00000850,CUST00002898,,2020-08-08,227974.45,Rejected,2026-08-03 11:22:39.964465,,Loan Management System
APP00000851,CUST00004683,LN00001803,2015-09-20,8071476.74,Approved,2026-08-03 11:22:39.964465,,Loan Management System
APP00000852,CUST00000585,LN00001594,2023-03-12,9295638.87,Approved,2026-08-03 11:22:39.964465,,Loan Management System
APP00000853,CUST00002167,LN00001340,2019-12-18,3168707.6,Approved,2026-08-03 11:22:39.964465,,Loan Management System
APP00000854,CUST00001034,,2015-12-04,1437027.41,Cancelled,2026-08-03 11:22:39.964465,,Loan Management System
APP00000855,CUST00002856,,2015-01-17,716985.51,Rejected,2026-08-03 11:22:39.965449,,Loan Management System
APP00000856,CUST00000434,LN00000737,2023-09-23,6516342.04,Approved,2026-08-03 11:22:39.965449,,Loan Management System
APP00000857,CUST00004052,,2022-08-03,2356023.16,Rejected,2026-08-03 11:22:39.965449,,Loan Management System
APP00000858,CUST00000919,,2012-12-06,84474.12,Rejected,2026-08-03 11:22:39.965449,,Loan Management System
APP00000859,CUST00004883,LN00000624,2018-12-06,2098739.83,Approved,2026-08-03 11:22:39.965449,,Loan Management System
APP00000860,CUST00000245,LN00001936,2026-05-19,3861162.82,Approved,2026-08-03 11:22:39.965449,,Loan Management System
APP00000861,CUST00004311,LN00000476,2025-05-05,1113767.47,Approved,2026-08-03 11:22:39.965449,,Loan Management System
APP00000862,CUST00003621,LN00000288,2015-06-16,947974.68,Approved,2026-08-03 11:22:39.965449,,Loan Management System
APP00000863,CUST00004615,LN00002313,2015-02-12,1422945.93,Approved,2026-08-03 11:22:39.965449,,Loan Management System
APP00000864,CUST00002395,LN00001570,2019-03-16,12204847.11,Approved,2026-08-03 11:22:39.965449,,Loan Management System
APP00000865,CUST00004712,LN00001124,2012-06-01,196835.16,Approved,2026-08-03 11:22:39.965449,,Loan Management System
APP00000866,CUST00001573,LN00001332,2019-05-18,3409854.03,Approved,2026-08-03 11:22:39.965449,,Loan Management System
APP00000867,CUST00002853,LN00002273,2014-02-18,1510603.46,Approved,2026-08-03 11:22:39.965449,,Loan Management System
APP00000868,CUST00003488,LN00001181,2018-11-15,249983.36,Approved,2026-08-03 11:22:39.965449,,Loan Management System
APP00000869,CUST00002123,LN00000068,2016-05-31,2184238.69,Approved,2026-08-03 11:22:39.965449,,Loan Management System
APP00000870,CUST00004552,LN00001160,2021-01-04,6823242.92,Approved,2026-08-03 11:22:39.965449,,Loan Management System
APP00000871,CUST00002769,LN00001096,2024-06-08,683083.25,Approved,2026-08-03 11:22:39.966453,,Loan Management System
APP00000872,CUST00003234,LN00001104,2023-11-26,10838794.47,Approved,2026-08-03 11:22:39.966453,,Loan Management System
APP00000873,CUST00003950,LN00002097,2021-04-27,3016731.19,Approved,2026-08-03 11:22:39.966453,,Loan Management System
APP00000874,CUST00004664,LN00000510,2011-07-16,739538.62,Approved,2026-08-03 11:22:39.966453,,Loan Management System
APP00000875,CUST00000054,LN00002440,2014-01-11,1398566.33,Approved,2026-08-03 11:22:39.966453,,Loan Management System
APP00000876,CUST00004910,LN00002468,2016-05-17,10119692.72,Approved,2026-08-03 11:22:39.966453,,Loan Management System
APP00000877,CUST00002182,LN00000766,2025-02-22,15171999.22,Approved,2026-08-03 11:22:39.966453,,Loan Management System
APP00000878,CUST00004321,,2016-09-28,3736369.4,Rejected,2026-08-03 11:22:39.966453,,Loan Management System
APP00000879,CUST00000223,LN00001271,2025-08-23,2505553.0,Approved,2026-08-03 11:22:39.966453,,Loan Management System
APP00000880,CUST00003692,LN00000592,2025-06-07,316894.01,Approved,2026-08-03 11:22:39.966453,,Loan Management System
APP00000881,CUST00002330,LN00000522,2021-01-03,3712155.79,Approved,2026-08-03 11:22:39.966453,,Loan Management System
APP00000882,CUST00004164,LN00002357,2015-06-28,1636300.44,Approved,2026-08-03 11:22:39.966453,,Loan Management System
APP00000883,CUST00004675,LN00002302,2020-07-01,5389773.3,Approved,2026-08-03 11:22:39.966453,,Loan Management System
APP00000884,CUST00000789,,2015-09-18,2374616.52,Rejected,2026-08-03 11:22:39.967447,,Loan Management System
APP00000885,CUST00003601,LN00001169,2021-09-19,4379973.31,Approved,2026-08-03 11:22:39.967447,,Loan Management System
APP00000886,CUST00001695,LN00000461,2015-08-16,295407.5,Approved,2026-08-03 11:22:39.967447,,Loan Management System
APP00000887,CUST00002371,LN00002001,2022-04-18,1459368.85,Approved,2026-08-03 11:22:39.967447,,Loan Management System
APP00000888,CUST00002969,LN00002046,2023-01-08,1567900.04,Approved,2026-08-03 11:22:39.967447,,Loan Management System
APP00000889,CUST00001722,LN00000198,2011-08-15,5424334.12,Approved,2026-08-03 11:22:39.967447,,Loan Management System
APP00000890,CUST00004578,,2017-01-21,833432.2,Pending,2026-08-03 11:22:39.967447,,Loan Management System
APP00000891,CUST00000399,LN00001719,2013-06-20,10294241.06,Approved,2026-08-03 11:22:39.967447,,Loan Management System
APP00000892,CUST00004432,LN00001037,2025-02-01,12213579.64,Approved,2026-08-03 11:22:39.967447,,Loan Management System
APP00000893,CUST00003435,,2019-07-09,1065907.26,Rejected,2026-08-03 11:22:39.967447,,Loan Management System
APP00000894,CUST00003760,LN00000980,2012-09-24,1190873.22,Approved,2026-08-03 11:22:39.967447,,Loan Management System
APP00000895,CUST00000943,LN00001652,2015-11-19,645436.57,Approved,2026-08-03 11:22:39.967447,,Loan Management System
APP00000896,CUST00001311,,2016-10-31,1846558.54,Pending,2026-08-03 11:22:39.968447,,Loan Management System
APP00000897,CUST00004546,,2016-01-14,1087726.33,Pending,2026-08-03 11:22:39.968447,,Loan Management System
APP00000898,CUST00004334,LN00000957,2021-08-02,275531.39,Approved,2026-08-03 11:22:39.968447,,Loan Management System
APP00000899,CUST00003805,,2020-04-23,10182882.2,Rejected,2026-08-03 11:22:39.968447,,Loan Management System
APP00000900,CUST00001955,,2020-01-17,2674200.77,Pending,2026-08-03 11:22:39.968447,,Loan Management System
APP00000901,CUST00000245,LN00000633,2018-02-03,119418.17,Approved,2026-08-03 11:22:39.968447,,Loan Management System
APP00000902,CUST00004377,LN00001057,2019-07-17,1248529.74,Approved,2026-08-03 11:22:39.969472,,Loan Management System
APP00000903,CUST00003193,LN00002220,2014-09-29,1187544.25,Approved,2026-08-03 11:22:39.969472,,Loan Management System
APP00000904,CUST00002967,LN00001054,2024-05-27,20159942.52,Approved,2026-08-03 11:22:39.969472,,Loan Management System
APP00000905,CUST00002683,LN00002339,2021-08-18,918902.42,Approved,2026-08-03 11:22:39.969472,,Loan Management System
APP00000906,CUST00000814,LN00000645,2023-10-03,3067751.0,Approved,2026-08-03 11:22:39.969472,,Loan Management System
APP00000907,CUST00000982,,2016-11-28,87186.04,Rejected,2026-08-03 11:22:39.969472,,Loan Management System
APP00000908,CUST00002218,,2018-08-18,4513368.0,Cancelled,2026-08-03 11:22:39.969472,,Loan Management System
APP00000909,CUST00003867,LN00000253,2020-05-28,4932552.83,Approved,2026-08-03 11:22:39.969472,,Loan Management System
APP00000910,CUST00003521,LN00001380,2016-03-22,693473.73,Approved,2026-08-03 11:22:39.969472,,Loan Management System
APP00000911,CUST00001671,,2026-04-15,12578783.13,Pending,2026-08-03 11:22:39.970468,,Loan Management System
APP00000912,CUST00003679,LN00001230,2020-09-27,2104865.49,Approved,2026-08-03 11:22:39.970468,,Loan Management System
APP00000913,CUST00004601,LN00000075,2014-09-23,686496.35,Approved,2026-08-03 11:22:39.970468,,Loan Management System
APP00000914,CUST00000857,LN00000526,2023-03-06,2818011.73,Approved,2026-08-03 11:22:39.970468,,Loan Management System
APP00000915,CUST00003454,LN00000722,2014-11-16,2710958.26,Approved,2026-08-03 11:22:39.970468,,Loan Management System
APP00000916,CUST00000969,LN00000070,2022-04-07,592657.13,Approved,2026-08-03 11:22:39.970468,,Loan Management System
APP00000917,CUST00000209,LN00002155,2014-03-06,2923482.67,Approved,2026-08-03 11:22:39.970468,,Loan Management System
APP00000918,CUST00002805,,2021-06-09,1250263.08,Cancelled,2026-08-03 11:22:39.970468,,Loan Management System
APP00000919,CUST00004321,LN00000632,2013-06-30,1645554.51,Approved,2026-08-03 11:22:39.970468,,Loan Management System
APP00000920,CUST00003897,LN00001221,2024-11-24,8619379.49,Approved,2026-08-03 11:22:39.970468,,Loan Management System
APP00000921,CUST00004948,LN00002016,2024-09-03,574156.15,Approved,2026-08-03 11:22:39.970468,,Loan Management System
APP00000922,CUST00004427,LN00001792,2017-01-24,4134433.66,Approved,2026-08-03 11:22:39.970468,,Loan Management System
APP00000923,CUST00002665,,2017-03-13,3830697.37,Rejected,2026-08-03 11:22:39.970468,,Loan Management System
APP00000924,CUST00004456,LN00002129,2015-04-01,368224.61,Approved,2026-08-03 11:22:39.970468,,Loan Management System
APP00000925,CUST00001416,LN00000567,2017-03-05,8748244.43,Approved,2026-08-03 11:22:39.970468,,Loan Management System
APP00000926,CUST00003897,,2021-04-12,1765206.52,Rejected,2026-08-03 11:22:39.971447,,Loan Management System
APP00000927,CUST00000647,LN00001212,2023-07-05,1809194.94,Approved,2026-08-03 11:22:39.971447,,Loan Management System
APP00000928,CUST00002559,,2020-01-30,998122.1,Cancelled,2026-08-03 11:22:39.971447,,Loan Management System
APP00000929,CUST00000513,,2020-12-14,414357.77,Rejected,2026-08-03 11:22:39.971447,,Loan Management System
APP00000930,CUST00001722,,2022-09-21,1263316.8,Rejected,2026-08-03 11:22:39.971447,,Loan Management System
APP00000931,CUST00000142,LN00001053,2020-12-13,2523759.87,Approved,2026-08-03 11:22:39.972448,,Loan Management System
APP00000932,CUST00003377,LN00000102,2022-07-05,1394897.18,Approved,2026-08-03 11:22:39.972448,,Loan Management System
APP00000933,CUST00003286,,2024-07-28,2891417.94,Rejected,2026-08-03 11:22:39.972448,,Loan Management System
APP00000934,CUST00000395,LN00001089,2013-08-07,1980407.71,Approved,2026-08-03 11:22:39.972448,,Loan Management System
APP00000935,CUST00001923,,2023-11-24,2259989.07,Rejected,2026-08-03 11:22:39.972448,,Loan Management System
APP00000936,CUST00000264,LN00001189,2024-07-10,656201.09,Approved,2026-08-03 11:22:39.972448,,Loan Management System
APP00000937,CUST00004497,,2019-06-05,5145349.96,Rejected,2026-08-03 11:22:39.972448,,Loan Management System
APP00000938,CUST00000661,LN00001438,2018-06-14,3195279.03,Approved,2026-08-03 11:22:39.972448,,Loan Management System
APP00000939,CUST00001412,,2024-01-20,8217193.59,Pending,2026-08-03 11:22:39.972448,,Loan Management System
APP00000940,CUST00001146,LN00001546,2013-12-12,2432231.99,Approved,2026-08-03 11:22:39.972448,,Loan Management System
APP00000941,CUST00001841,LN00002150,2013-12-14,728355.4,Approved,2026-08-03 11:22:39.972448,,Loan Management System
APP00000942,CUST00002397,LN00001120,2020-07-15,6064433.64,Approved,2026-08-03 11:22:39.972448,,Loan Management System
APP00000943,CUST00002838,LN00000492,2023-10-10,1193884.66,Approved,2026-08-03 11:22:39.972448,,Loan Management System
APP00000944,CUST00004740,LN00001475,2024-11-04,642840.56,Approved,2026-08-03 11:22:39.972448,,Loan Management System
APP00000945,CUST00000191,LN00000803,2023-08-08,645294.84,Approved,2026-08-03 11:22:39.972448,,Loan Management System
APP00000946,CUST00002323,LN00002078,2020-01-26,146234.85,Approved,2026-08-03 11:22:39.973901,,Loan Management System
APP00000947,CUST00004071,,2022-07-04,8223472.96,Pending,2026-08-03 11:22:39.973901,,Loan Management System
APP00000948,CUST00003257,LN00001797,2011-06-25,217629.33,Approved,2026-08-03 11:22:39.973901,,Loan Management System
APP00000949,CUST00002733,,2020-07-01,1270922.62,Cancelled,2026-08-03 11:22:39.973901,,Loan Management System
APP00000950,CUST00004799,,2012-02-29,215598.49,Rejected,2026-08-03 11:22:39.973901,,Loan Management System
APP00000951,CUST00002402,LN00000010,2013-03-07,2938425.09,Approved,2026-08-03 11:22:39.973901,,Loan Management System
APP00000952,CUST00001140,LN00000544,2015-01-01,360344.91,Approved,2026-08-03 11:22:39.973901,,Loan Management System
APP00000953,CUST00002692,,2024-08-03,904450.46,Rejected,2026-08-03 11:22:39.974835,,Loan Management System
APP00000954,CUST00002764,LN00000866,2018-04-19,17437045.9,Approved,2026-08-03 11:22:39.974835,,Loan Management System
APP00000955,CUST00001020,LN00001881,2018-11-06,2395990.89,Approved,2026-08-03 11:22:39.974835,,Loan Management System
APP00000956,CUST00000101,LN00000683,2020-10-10,3276876.5,Approved,2026-08-03 11:22:39.974835,,Loan Management System
APP00000957,CUST00002605,LN00001188,2013-03-04,7555488.85,Approved,2026-08-03 11:22:39.974835,,Loan Management System
APP00000958,CUST00002871,,2012-09-28,930095.9,Rejected,2026-08-03 11:22:39.974835,,Loan Management System
APP00000959,CUST00003640,LN00002278,2013-11-11,1090811.13,Approved,2026-08-03 11:22:39.974835,,Loan Management System
APP00000960,CUST00004376,,2011-09-28,2547325.99,Rejected,2026-08-03 11:22:39.974835,,Loan Management System
APP00000961,CUST00003707,,2015-04-23,3310452.99,Rejected,2026-08-03 11:22:39.975931,,Loan Management System
APP00000962,CUST00004974,,2020-03-10,1749453.73,Pending,2026-08-03 11:22:39.975931,,Loan Management System
APP00000963,CUST00003830,LN00000523,2011-09-15,1765667.59,Approved,2026-08-03 11:22:39.975931,,Loan Management System
APP00000964,CUST00004476,,2017-12-07,804803.98,Rejected,2026-08-03 11:22:39.975931,,Loan Management System
APP00000965,CUST00000537,,2012-08-12,1717735.69,Cancelled,2026-08-03 11:22:39.975931,,Loan Management System
APP00000966,CUST00004444,LN00001534,2014-08-23,1789947.91,Approved,2026-08-03 11:22:39.975931,,Loan Management System
APP00000967,CUST00001319,LN00002121,2018-05-24,911565.1,Approved,2026-08-03 11:22:39.975931,,Loan Management System
APP00000968,CUST00003379,,2019-10-22,980486.77,Pending,2026-08-03 11:22:39.976922,,Loan Management System
APP00000969,CUST00003120,LN00000012,2024-02-25,3238609.81,Approved,2026-08-03 11:22:39.976922,,Loan Management System
APP00000970,CUST00001382,LN00001136,2021-03-10,4561577.16,Approved,2026-08-03 11:22:39.976922,,Loan Management System
APP00000971,CUST00001801,,2011-09-13,675168.12,Pending,2026-08-03 11:22:39.976922,,Loan Management System
APP00000972,CUST00003601,LN00000137,2015-03-08,752085.25,Approved,2026-08-03 11:22:39.976922,,Loan Management System
APP00000973,CUST00002170,LN00002403,2020-05-04,7503347.66,Approved,2026-08-03 11:22:39.976922,,Loan Management System
APP00000974,CUST00003191,LN00000151,2024-03-27,1701297.45,Approved,2026-08-03 11:22:39.976922,,Loan Management System
APP00000975,CUST00002039,LN00001757,2022-05-23,1044361.33,Approved,2026-08-03 11:22:39.976922,,Loan Management System
APP00000976,CUST00003755,LN00001669,2023-09-29,3972978.11,Approved,2026-08-03 11:22:39.976922,,Loan Management System
APP00000977,CUST00004375,LN00001398,2024-09-13,2367290.18,Approved,2026-08-03 11:22:39.976922,,Loan Management System
APP00000978,CUST00003206,LN00001070,2016-09-12,1012814.49,Approved,2026-08-03 11:22:39.976922,,Loan Management System
APP00000979,CUST00001970,LN00000896,2018-01-04,530892.66,Approved,2026-08-03 11:22:39.976922,,Loan Management System
APP00000980,CUST00004878,,2016-06-18,6303762.81,Pending,2026-08-03 11:22:39.976922,,Loan Management System
APP00000981,CUST00004022,,2011-11-17,3724118.01,Rejected,2026-08-03 11:22:39.977928,,Loan Management System
APP00000982,CUST00000065,LN00000424,2022-01-31,441371.94,Approved,2026-08-03 11:22:39.977928,,Loan Management System
APP00000983,CUST00003272,,2025-06-02,578609.79,Cancelled,2026-08-03 11:22:39.977928,,Loan Management System
APP00000984,CUST00001052,,2023-06-17,2402236.91,Pending,2026-08-03 11:22:39.977928,,Loan Management System
APP00000985,CUST00004167,LN00000597,2011-12-08,754582.5,Approved,2026-08-03 11:22:39.977928,,Loan Management System
APP00000986,CUST00002190,LN00000190,2024-07-16,497761.46,Approved,2026-08-03 11:22:39.977928,,Loan Management System
APP00000987,CUST00001002,LN00001098,2014-08-05,19864561.16,Approved,2026-08-03 11:22:39.977928,,Loan Management System
APP00000988,CUST00001915,LN00002354,2017-08-22,10153634.76,Approved,2026-08-03 11:22:39.977928,,Loan Management System
APP00000989,CUST00004699,LN00001884,2023-06-30,2899767.91,Approved,2026-08-03 11:22:39.977928,,Loan Management System
APP00000990,CUST00000474,,2014-02-13,2326969.81,Pending,2026-08-03 11:22:39.978928,,Loan Management System
APP00000991,CUST00004563,LN00000884,2026-03-25,16123995.84,Approved,2026-08-03 11:22:39.978928,,Loan Management System
APP00000992,CUST00004564,,2014-11-07,813759.8,Rejected,2026-08-03 11:22:39.978928,,Loan Management System
APP00000993,CUST00003733,,2022-02-17,13559764.29,Rejected,2026-08-03 11:22:39.978928,,Loan Management System
APP00000994,CUST00004041,LN00000888,2015-12-26,2145545.53,Approved,2026-08-03 11:22:39.978928,,Loan Management System
APP00000995,CUST00000468,,2015-11-18,9198325.61,Rejected,2026-08-03 11:22:39.978928,,Loan Management System
APP00000996,CUST00001706,,2025-06-15,2060801.29,Pending,2026-08-03 11:22:39.979836,,Loan Management System
APP00000997,CUST00001143,LN00002407,2012-12-09,2195240.85,Approved,2026-08-03 11:22:39.979836,,Loan Management System
APP00000998,CUST00002545,,2016-02-19,370427.3,Rejected,2026-08-03 11:22:39.979836,,Loan Management System
APP00000999,CUST00000126,LN00002063,2024-07-10,2552724.05,Approved,2026-08-03 11:22:39.979836,,Loan Management System
APP00001000,CUST00001421,LN00000202,2015-12-02,4505837.28,Approved,2026-08-03 11:22:39.979836,,Loan Management System
APP00001001,CUST00004339,,2017-12-07,1345716.77,Rejected,2026-08-03 11:22:39.979836,,Loan Management System
APP00001002,CUST00001735,,2018-06-29,1008096.13,Pending,2026-08-03 11:22:39.980832,,Loan Management System
APP00001003,CUST00000076,LN00000192,2017-04-29,3541276.06,Approved,2026-08-03 11:22:39.980832,,Loan Management System
APP00001004,CUST00004085,LN00001092,2016-12-07,9244343.48,Approved,2026-08-03 11:22:39.980832,,Loan Management System
APP00001005,CUST00002568,,2015-09-22,18902426.05,Rejected,2026-08-03 11:22:39.980832,,Loan Management System
APP00001006,CUST00001219,,2023-06-13,585596.63,Rejected,2026-08-03 11:22:39.980832,,Loan Management System
APP00001007,CUST00004450,LN00001639,2018-07-18,1068242.43,Approved,2026-08-03 11:22:39.980832,,Loan Management System
APP00001008,CUST00002874,LN00002065,2016-06-03,7657209.14,Approved,2026-08-03 11:22:39.980832,,Loan Management System
APP00001009,CUST00000437,,2023-03-23,9247315.15,Cancelled,2026-08-03 11:22:39.980832,,Loan Management System
APP00001010,CUST00004551,LN00000965,2016-07-25,232639.35,Approved,2026-08-03 11:22:39.980832,,Loan Management System
APP00001011,CUST00001987,,2022-09-16,7444088.95,Cancelled,2026-08-03 11:22:39.980832,,Loan Management System
APP00001012,CUST00004149,LN00000838,2017-11-24,119368.08,Approved,2026-08-03 11:22:39.980832,,Loan Management System
APP00001013,CUST00001546,,2013-03-05,1282838.31,Cancelled,2026-08-03 11:22:39.980832,,Loan Management System
APP00001014,CUST00002861,,2018-06-25,9719827.97,Rejected,2026-08-03 11:22:39.982432,,Loan Management System
APP00001015,CUST00000713,,2018-01-14,1051519.42,Rejected,2026-08-03 11:22:39.982432,,Loan Management System
APP00001016,CUST00002302,LN00001446,2018-01-31,1180917.22,Approved,2026-08-03 11:22:39.982432,,Loan Management System
APP00001017,CUST00001178,LN00001374,2014-03-10,13946977.55,Approved,2026-08-03 11:22:39.982432,,Loan Management System
APP00001018,CUST00004349,LN00000520,2023-07-20,1101169.16,Approved,2026-08-03 11:22:39.982432,,Loan Management System
APP00001019,CUST00000375,,2012-07-16,19665692.02,Rejected,2026-08-03 11:22:39.982432,,Loan Management System
APP00001020,CUST00001636,,2022-06-02,1425469.97,Cancelled,2026-08-03 11:22:39.983443,,Loan Management System
APP00001021,CUST00001535,,2011-09-30,139486.0,Pending,2026-08-03 11:22:39.983443,,Loan Management System
APP00001022,CUST00001832,,2023-07-18,1413035.39,Pending,2026-08-03 11:22:39.983443,,Loan Management System
APP00001023,CUST00000731,LN00002032,2019-09-22,4725258.53,Approved,2026-08-03 11:22:39.983443,,Loan Management System
APP00001024,CUST00002156,LN00001636,2016-06-17,2059872.15,Approved,2026-08-03 11:22:39.983443,,Loan Management System
APP00001025,CUST00004055,,2020-02-03,2297373.47,Rejected,2026-08-03 11:22:39.983443,,Loan Management System
APP00001026,CUST00001723,LN00000827,2015-01-19,6132249.81,Approved,2026-08-03 11:22:39.983443,,Loan Management System
APP00001027,CUST00004836,,2022-07-23,232980.49,Rejected,2026-08-03 11:22:39.984537,,Loan Management System
APP00001028,CUST00000449,LN00000270,2020-04-24,7797036.44,Approved,2026-08-03 11:22:39.984537,,Loan Management System
APP00001029,CUST00002723,LN00002045,2023-02-07,3046840.33,Approved,2026-08-03 11:22:39.984537,,Loan Management System
APP00001030,CUST00002409,,2026-03-08,13573040.68,Rejected,2026-08-03 11:22:39.984537,,Loan Management System
APP00001031,CUST00001365,LN00000067,2020-11-01,974821.21,Approved,2026-08-03 11:22:39.984537,,Loan Management System
APP00001032,CUST00002568,LN00001896,2015-06-12,2959851.89,Approved,2026-08-03 11:22:39.984537,,Loan Management System
APP00001033,CUST00000679,LN00002209,2017-12-20,1570707.57,Approved,2026-08-03 11:22:39.984537,,Loan Management System
APP00001034,CUST00003395,,2015-06-30,2691875.37,Rejected,2026-08-03 11:22:39.984537,,Loan Management System
APP00001035,CUST00002642,,2015-03-08,6093995.95,Pending,2026-08-03 11:22:39.984537,,Loan Management System
APP00001036,CUST00001350,LN00000571,2022-12-19,2533233.07,Approved,2026-08-03 11:22:39.985499,,Loan Management System
APP00001037,CUST00000257,,2019-09-04,8006107.68,Rejected,2026-08-03 11:22:39.985499,,Loan Management System
APP00001038,CUST00001563,LN00002402,2025-11-18,19290807.58,Approved,2026-08-03 11:22:39.985499,,Loan Management System
APP00001039,CUST00001929,,2012-05-18,13025372.82,Pending,2026-08-03 11:22:39.985499,,Loan Management System
APP00001040,CUST00000188,LN00002261,2017-01-19,664486.08,Approved,2026-08-03 11:22:39.985499,,Loan Management System
APP00001041,CUST00001348,,2023-03-25,1394198.15,Rejected,2026-08-03 11:22:39.985499,,Loan Management System
APP00001042,CUST00001272,LN00002309,2011-10-21,5567205.77,Approved,2026-08-03 11:22:39.985499,,Loan Management System
APP00001043,CUST00003055,LN00001338,2022-02-27,20549652.12,Approved,2026-08-03 11:22:39.985499,,Loan Management System
APP00001044,CUST00001000,LN00001357,2025-03-03,567004.37,Approved,2026-08-03 11:22:39.985499,,Loan Management System
APP00001045,CUST00000227,,2022-10-13,1611912.84,Rejected,2026-08-03 11:22:39.986543,,Loan Management System
APP00001046,CUST00003374,LN00001643,2024-10-22,2679062.7,Approved,2026-08-03 11:22:39.986543,,Loan Management System
APP00001047,CUST00001242,,2014-08-21,2837843.02,Rejected,2026-08-03 11:22:39.986543,,Loan Management System
APP00001048,CUST00003853,LN00001726,2017-10-24,5367336.16,Approved,2026-08-03 11:22:39.986543,,Loan Management System
APP00001049,CUST00000340,LN00001004,2025-03-03,14928908.35,Approved,2026-08-03 11:22:39.986543,,Loan Management System
APP00001050,CUST00001197,LN00000378,2016-04-29,126572.75,Approved,2026-08-03 11:22:39.986543,,Loan Management System
APP00001051,CUST00001385,,2021-07-28,2095632.41,Pending,2026-08-03 11:22:39.986543,,Loan Management System
APP00001052,CUST00002704,LN00001470,2026-04-09,227731.12,Approved,2026-08-03 11:22:39.986543,,Loan Management System
APP00001053,CUST00001195,LN00001967,2018-10-28,5111916.92,Approved,2026-08-03 11:22:39.986543,,Loan Management System
APP00001054,CUST00001667,LN00001900,2019-02-27,919567.78,Approved,2026-08-03 11:22:39.986543,,Loan Management System
APP00001055,CUST00003873,,2016-09-04,15320959.76,Rejected,2026-08-03 11:22:39.987532,,Loan Management System
APP00001056,CUST00000459,,2014-05-08,1173347.2,Rejected,2026-08-03 11:22:39.987532,,Loan Management System
APP00001057,CUST00001956,LN00000376,2024-12-03,1658971.05,Approved,2026-08-03 11:22:39.987532,,Loan Management System
APP00001058,CUST00004363,,2015-09-05,435581.42,Cancelled,2026-08-03 11:22:39.987532,,Loan Management System
APP00001059,CUST00004961,LN00001749,2019-02-18,1391636.24,Approved,2026-08-03 11:22:39.987532,,Loan Management System
APP00001060,CUST00004945,LN00001180,2021-07-13,322149.93,Approved,2026-08-03 11:22:39.987532,,Loan Management System
APP00001061,CUST00001241,LN00000842,2016-08-21,8295335.12,Approved,2026-08-03 11:22:39.987532,,Loan Management System
APP00001062,CUST00004694,LN00002365,2015-06-28,1435635.03,Approved,2026-08-03 11:22:39.987532,,Loan Management System
APP00001063,CUST00004932,,2018-02-12,9180899.21,Cancelled,2026-08-03 11:22:39.988533,,Loan Management System
APP00001064,CUST00003141,LN00001640,2014-06-11,827968.52,Approved,2026-08-03 11:22:39.988533,,Loan Management System
APP00001065,CUST00003140,LN00001770,2022-05-10,3110040.99,Approved,2026-08-03 11:22:39.988533,,Loan Management System
APP00001066,CUST00003999,LN00000923,2014-02-23,675625.69,Approved,2026-08-03 11:22:39.988533,,Loan Management System
APP00001067,CUST00000592,,2024-04-08,17973164.68,Rejected,2026-08-03 11:22:39.988533,,Loan Management System
APP00001068,CUST00003943,,2017-06-21,568733.31,Cancelled,2026-08-03 11:22:39.988533,,Loan Management System
APP00001069,CUST00003432,,2012-07-01,12981891.61,Rejected,2026-08-03 11:22:39.989442,,Loan Management System
APP00001070,CUST00001179,LN00000901,2015-09-26,4720938.23,Approved,2026-08-03 11:22:39.989442,,Loan Management System
APP00001071,CUST00001648,LN00000104,2021-11-24,614975.4,Approved,2026-08-03 11:22:39.989442,,Loan Management System
APP00001072,CUST00000795,LN00000119,2016-12-29,775078.32,Approved,2026-08-03 11:22:39.989442,,Loan Management System
APP00001073,CUST00003613,LN00002184,2022-03-07,511112.12,Approved,2026-08-03 11:22:39.989442,,Loan Management System
APP00001074,CUST00002264,LN00000235,2015-08-09,501936.64,Approved,2026-08-03 11:22:39.989442,,Loan Management System
APP00001075,CUST00003086,,2021-11-18,1757622.57,Rejected,2026-08-03 11:22:39.989442,,Loan Management System
APP00001076,CUST00001361,LN00001310,2016-06-25,6796805.85,Approved,2026-08-03 11:22:39.989442,,Loan Management System
APP00001077,CUST00001635,,2021-09-19,9145092.7,Rejected,2026-08-03 11:22:39.989442,,Loan Management System
APP00001078,CUST00004646,LN00002024,2022-01-12,978779.37,Approved,2026-08-03 11:22:39.989442,,Loan Management System
APP00001079,CUST00004198,,2024-09-29,664113.79,Rejected,2026-08-03 11:22:39.989442,,Loan Management System
APP00001080,CUST00001005,LN00002070,2024-03-19,1162229.57,Approved,2026-08-03 11:22:39.989442,,Loan Management System
APP00001081,CUST00000837,LN00000349,2026-01-31,4722392.77,Approved,2026-08-03 11:22:39.989442,,Loan Management System
APP00001082,CUST00004309,LN00001997,2018-04-23,6477292.14,Approved,2026-08-03 11:22:39.990444,,Loan Management System
APP00001083,CUST00004440,,2024-11-30,8619621.95,Pending,2026-08-03 11:22:39.990444,,Loan Management System
APP00001084,CUST00001149,,2019-04-02,3046861.46,Rejected,2026-08-03 11:22:39.990444,,Loan Management System
APP00001085,CUST00001811,LN00002126,2016-10-28,1254447.91,Approved,2026-08-03 11:22:39.990444,,Loan Management System
APP00001086,CUST00004998,,2015-06-20,2972156.99,Rejected,2026-08-03 11:22:39.990444,,Loan Management System
APP00001087,CUST00000560,LN00001630,2012-01-29,1802161.0,Approved,2026-08-03 11:22:39.990444,,Loan Management System
APP00001088,CUST00000790,,2020-12-29,128531.48,Rejected,2026-08-03 11:22:39.991444,,Loan Management System
APP00001089,CUST00002763,LN00001416,2026-03-30,452798.35,Approved,2026-08-03 11:22:39.991444,,Loan Management System
APP00001090,CUST00000346,,2018-12-07,1900727.74,Pending,2026-08-03 11:22:39.991444,,Loan Management System
APP00001091,CUST00004264,LN00002405,2013-08-02,4878022.41,Approved,2026-08-03 11:22:39.991444,,Loan Management System
APP00001092,CUST00002347,,2023-02-24,1358358.53,Pending,2026-08-03 11:22:39.991444,,Loan Management System
APP00001093,CUST00003286,,2021-07-21,7979130.22,Rejected,2026-08-03 11:22:39.991444,,Loan Management System
APP00001094,CUST00004333,,2022-10-29,4101805.39,Rejected,2026-08-03 11:22:39.992496,,Loan Management System
APP00001095,CUST00003867,LN00001480,2018-04-12,14206724.6,Approved,2026-08-03 11:22:39.992496,,Loan Management System
APP00001096,CUST00003507,LN00000736,2014-10-01,4356706.98,Approved,2026-08-03 11:22:39.992496,,Loan Management System
APP00001097,CUST00003170,LN00000397,2016-12-01,1969824.65,Approved,2026-08-03 11:22:39.992496,,Loan Management System
APP00001098,CUST00001486,,2016-08-11,2438758.14,Rejected,2026-08-03 11:22:39.992496,,Loan Management System
APP00001099,CUST00000782,LN00000006,2015-08-25,8176799.88,Approved,2026-08-03 11:22:39.992496,,Loan Management System
APP00001100,CUST00000468,LN00000256,2018-08-21,1837574.48,Approved,2026-08-03 11:22:39.992496,,Loan Management System
APP00001101,CUST00001826,LN00001599,2024-02-13,1045456.74,Approved,2026-08-03 11:22:39.992496,,Loan Management System
APP00001102,CUST00000589,,2016-02-23,3609602.9,Rejected,2026-08-03 11:22:39.992496,,Loan Management System
APP00001103,CUST00000425,LN00001502,2023-02-08,2628307.19,Approved,2026-08-03 11:22:39.992496,,Loan Management System
APP00001104,CUST00004355,,2018-01-19,1551136.82,Rejected,2026-08-03 11:22:39.992496,,Loan Management System
APP00001105,CUST00004698,LN00000204,2024-06-02,3069834.91,Approved,2026-08-03 11:22:39.992496,,Loan Management System
APP00001106,CUST00000691,LN00002164,2019-05-31,6064259.87,Approved,2026-08-03 11:22:39.992496,,Loan Management System
APP00001107,CUST00002012,LN00002221,2016-12-20,8932955.23,Approved,2026-08-03 11:22:39.992496,,Loan Management System
APP00001108,CUST00001190,LN00001207,2019-07-05,2541682.38,Approved,2026-08-03 11:22:39.992496,,Loan Management System
APP00001109,CUST00001612,LN00002318,2015-04-20,10230573.75,Approved,2026-08-03 11:22:39.992496,,Loan Management System
APP00001110,CUST00000971,LN00001773,2011-10-21,3789740.19,Approved,2026-08-03 11:22:39.992496,,Loan Management System
APP00001111,CUST00004219,,2011-09-04,1827289.18,Pending,2026-08-03 11:22:39.994003,,Loan Management System
APP00001112,CUST00002776,LN00000340,2018-09-04,14536352.8,Approved,2026-08-03 11:22:39.994003,,Loan Management System
APP00001113,CUST00000477,,2019-02-25,16246326.14,Rejected,2026-08-03 11:22:39.994003,,Loan Management System
APP00001114,CUST00003657,LN00001981,2023-04-24,524257.87,Approved,2026-08-03 11:22:39.994003,,Loan Management System
APP00001115,CUST00004988,LN00000298,2019-10-01,1745847.01,Approved,2026-08-03 11:22:39.994003,,Loan Management System
APP00001116,CUST00004575,LN00001712,2018-05-23,1428244.9,Approved,2026-08-03 11:22:39.994003,,Loan Management System
APP00001117,CUST00002428,LN00001679,2011-09-09,132082.15,Approved,2026-08-03 11:22:39.994003,,Loan Management System
APP00001118,CUST00001932,,2013-01-26,129945.49,Pending,2026-08-03 11:22:39.994003,,Loan Management System
APP00001119,CUST00000698,,2014-10-10,1637035.2,Pending,2026-08-03 11:22:39.995009,,Loan Management System
APP00001120,CUST00001295,LN00001734,2023-11-22,1293124.63,Approved,2026-08-03 11:22:39.995009,,Loan Management System
APP00001121,CUST00002466,LN00000900,2018-09-16,197054.92,Approved,2026-08-03 11:22:39.995009,,Loan Management System
APP00001122,CUST00002247,LN00001094,2024-03-17,17326819.55,Approved,2026-08-03 11:22:39.995009,,Loan Management System
APP00001123,CUST00004520,LN00001727,2022-12-21,3567279.88,Approved,2026-08-03 11:22:39.995009,,Loan Management System
APP00001124,CUST00004494,,2020-04-21,2157371.56,Rejected,2026-08-03 11:22:39.995009,,Loan Management System
APP00001125,CUST00000280,LN00000530,2025-09-21,7141746.12,Approved,2026-08-03 11:22:39.995009,,Loan Management System
APP00001126,CUST00000225,LN00002069,2019-11-28,947727.97,Approved,2026-08-03 11:22:39.995009,,Loan Management System
APP00001127,CUST00004358,LN00001508,2013-02-07,1267867.06,Approved,2026-08-03 11:22:39.995009,,Loan Management System
APP00001128,CUST00001511,,2013-02-09,1081293.29,Rejected,2026-08-03 11:22:39.995009,,Loan Management System
APP00001129,CUST00001963,,2017-08-10,3049438.57,Rejected,2026-08-03 11:22:39.996004,,Loan Management System
APP00001130,CUST00004952,LN00000600,2018-05-05,738887.27,Approved,2026-08-03 11:22:39.996004,,Loan Management System
APP00001131,CUST00002235,LN00001411,2025-09-09,1954145.08,Approved,2026-08-03 11:22:39.996004,,Loan Management System
APP00001132,CUST00002998,LN00001025,2021-12-16,17350773.48,Approved,2026-08-03 11:22:39.996004,,Loan Management System
APP00001133,CUST00001814,LN00001135,2011-10-15,635856.11,Approved,2026-08-03 11:22:39.996004,,Loan Management System
APP00001134,CUST00003503,,2024-12-06,4538938.88,Rejected,2026-08-03 11:22:39.996004,,Loan Management System
APP00001135,CUST00002559,LN00000549,2017-07-09,1132182.35,Approved,2026-08-03 11:22:39.996004,,Loan Management System
APP00001136,CUST00004713,LN00001524,2017-08-13,574770.97,Approved,2026-08-03 11:22:39.996004,,Loan Management System
APP00001137,CUST00004276,LN00001899,2025-07-01,509136.67,Approved,2026-08-03 11:22:39.996004,,Loan Management System
APP00001138,CUST00003506,LN00000714,2013-02-02,14800364.2,Approved,2026-08-03 11:22:39.996004,,Loan Management System
APP00001139,CUST00001677,LN00002185,2016-09-04,2182444.04,Approved,2026-08-03 11:22:39.996004,,Loan Management System
APP00001140,CUST00000940,LN00000475,2022-11-18,552471.11,Approved,2026-08-03 11:22:39.996004,,Loan Management System
APP00001141,CUST00004432,LN00002127,2024-02-18,6286146.42,Approved,2026-08-03 11:22:39.996004,,Loan Management System
APP00001142,CUST00002103,,2023-12-02,7100529.26,Rejected,2026-08-03 11:22:39.997028,,Loan Management System
APP00001143,CUST00000219,LN00000515,2016-01-09,1185484.23,Approved,2026-08-03 11:22:39.997028,,Loan Management System
APP00001144,CUST00001325,LN00001231,2015-04-22,3488901.26,Approved,2026-08-03 11:22:39.997028,,Loan Management System
APP00001145,CUST00001623,LN00000456,2020-03-06,989934.23,Approved,2026-08-03 11:22:39.997028,,Loan Management System
APP00001146,CUST00001676,,2020-06-14,3860902.49,Rejected,2026-08-03 11:22:39.997028,,Loan Management System
APP00001147,CUST00004024,LN00002062,2013-10-18,10570333.82,Approved,2026-08-03 11:22:39.997028,,Loan Management System
APP00001148,CUST00001598,LN00001432,2015-07-31,507375.08,Approved,2026-08-03 11:22:39.997028,,Loan Management System
APP00001149,CUST00003490,LN00001542,2023-02-02,1500628.42,Approved,2026-08-03 11:22:39.997028,,Loan Management System
APP00001150,CUST00004759,,2013-12-12,2180336.4,Pending,2026-08-03 11:22:39.997028,,Loan Management System
APP00001151,CUST00000196,LN00001515,2014-04-27,533110.36,Approved,2026-08-03 11:22:39.997028,,Loan Management System
APP00001152,CUST00002448,LN00000132,2015-02-04,841683.6,Approved,2026-08-03 11:22:39.997028,,Loan Management System
APP00001153,CUST00004686,LN00000898,2024-04-13,1664059.73,Approved,2026-08-03 11:22:39.997028,,Loan Management System
APP00001154,CUST00004926,LN00001814,2024-12-17,1963147.43,Approved,2026-08-03 11:22:39.997028,,Loan Management System
APP00001155,CUST00004360,LN00002247,2017-10-19,2277150.2,Approved,2026-08-03 11:22:39.997028,,Loan Management System
APP00001156,CUST00003114,,2012-08-30,792773.17,Rejected,2026-08-03 11:22:39.998017,,Loan Management System
APP00001157,CUST00003153,LN00000421,2021-04-24,672671.36,Approved,2026-08-03 11:22:39.998017,,Loan Management System
APP00001158,CUST00000041,LN00001856,2013-05-15,8187017.81,Approved,2026-08-03 11:22:39.998017,,Loan Management System
APP00001159,CUST00001944,,2016-04-12,334031.52,Cancelled,2026-08-03 11:22:39.998017,,Loan Management System
APP00001160,CUST00000262,,2018-10-01,12112725.65,Pending,2026-08-03 11:22:39.998017,,Loan Management System
APP00001161,CUST00000087,,2016-09-07,3729828.31,Rejected,2026-08-03 11:22:39.999022,,Loan Management System
APP00001162,CUST00001476,,2019-10-28,1449123.03,Rejected,2026-08-03 11:22:39.999022,,Loan Management System
APP00001163,CUST00001763,,2024-11-25,3190860.44,Cancelled,2026-08-03 11:22:39.999022,,Loan Management System
APP00001164,CUST00001613,,2012-11-22,2034672.75,Rejected,2026-08-03 11:22:39.999022,,Loan Management System
APP00001165,CUST00003495,,2017-09-23,299496.62,Pending,2026-08-03 11:22:39.999022,,Loan Management System
APP00001166,CUST00002946,LN00000222,2020-07-04,273140.09,Approved,2026-08-03 11:22:39.999022,,Loan Management System
APP00001167,CUST00000518,LN00000463,2016-04-30,1286145.43,Approved,2026-08-03 11:22:40.000094,,Loan Management System
APP00001168,CUST00003996,,2023-11-07,838332.65,Rejected,2026-08-03 11:22:40.000094,,Loan Management System
APP00001169,CUST00000819,LN00000721,2025-04-11,1321314.75,Approved,2026-08-03 11:22:40.000094,,Loan Management System
APP00001170,CUST00001160,LN00001257,2019-12-23,509612.35,Approved,2026-08-03 11:22:40.000094,,Loan Management System
APP00001171,CUST00004023,,2022-01-28,7331911.0,Pending,2026-08-03 11:22:40.000094,,Loan Management System
APP00001172,CUST00002373,,2014-11-30,584318.89,Rejected,2026-08-03 11:22:40.000094,,Loan Management System
APP00001173,CUST00003844,LN00001716,2012-03-05,1248854.82,Approved,2026-08-03 11:22:40.000094,,Loan Management System
APP00001174,CUST00001558,LN00001495,2026-04-15,1578599.5,Approved,2026-08-03 11:22:40.000094,,Loan Management System
APP00001175,CUST00003465,LN00001991,2011-07-22,11435494.24,Approved,2026-08-03 11:22:40.001015,,Loan Management System
APP00001176,CUST00001150,LN00001673,2025-03-11,3677747.6,Approved,2026-08-03 11:22:40.001015,,Loan Management System
APP00001177,CUST00003924,LN00001064,2013-01-03,93746.17,Approved,2026-08-03 11:22:40.001015,,Loan Management System
APP00001178,CUST00004764,,2018-04-26,798637.55,Cancelled,2026-08-03 11:22:40.001015,,Loan Management System
APP00001179,CUST00000380,,2017-03-28,1055408.63,Rejected,2026-08-03 11:22:40.001412,,Loan Management System
APP00001180,CUST00002876,LN00002175,2017-01-29,433138.11,Approved,2026-08-03 11:22:40.001412,,Loan Management System
APP00001181,CUST00003340,LN00000346,2012-10-19,1694709.04,Approved,2026-08-03 11:22:40.001412,,Loan Management System
APP00001182,CUST00001358,LN00000389,2016-07-20,496015.68,Approved,2026-08-03 11:22:40.001412,,Loan Management System
APP00001183,CUST00000505,LN00002123,2012-11-14,663800.44,Approved,2026-08-03 11:22:40.001412,,Loan Management System
APP00001184,CUST00003594,LN00000097,2015-01-25,3465885.51,Approved,2026-08-03 11:22:40.001412,,Loan Management System
APP00001185,CUST00003808,LN00001862,2017-01-04,9691007.31,Approved,2026-08-03 11:22:40.001412,,Loan Management System
APP00001186,CUST00000368,LN00001462,2019-01-24,8560448.39,Approved,2026-08-03 11:22:40.001412,,Loan Management System
APP00001187,CUST00000756,,2013-11-25,2351710.32,Cancelled,2026-08-03 11:22:40.002459,,Loan Management System
APP00001188,CUST00002657,,2016-09-11,4782126.1,Rejected,2026-08-03 11:22:40.002459,,Loan Management System
APP00001189,CUST00001825,,2017-01-15,3080213.37,Rejected,2026-08-03 11:22:40.002459,,Loan Management System
APP00001190,CUST00000101,LN00000742,2015-09-23,198729.74,Approved,2026-08-03 11:22:40.002459,,Loan Management System
APP00001191,CUST00003004,LN00000252,2015-12-24,10315406.86,Approved,2026-08-03 11:22:40.002459,,Loan Management System
APP00001192,CUST00003965,LN00000085,2015-07-04,4534086.94,Approved,2026-08-03 11:22:40.002459,,Loan Management System
APP00001193,CUST00003193,,2016-12-06,11008471.22,Rejected,2026-08-03 11:22:40.003467,,Loan Management System
APP00001194,CUST00001611,LN00000095,2017-10-06,9595278.05,Approved,2026-08-03 11:22:40.003467,,Loan Management System
APP00001195,CUST00001938,,2018-05-12,2199806.97,Rejected,2026-08-03 11:22:40.003467,,Loan Management System
APP00001196,CUST00003816,LN00001100,2015-03-10,24790.06,Approved,2026-08-03 11:22:40.003467,,Loan Management System
APP00001197,CUST00002383,,2016-07-17,15788744.25,Rejected,2026-08-03 11:22:40.003467,,Loan Management System
APP00001198,CUST00003514,,2024-02-02,2921834.22,Cancelled,2026-08-03 11:22:40.003467,,Loan Management System
APP00001199,CUST00002013,LN00000259,2024-05-25,12368045.86,Approved,2026-08-03 11:22:40.003467,,Loan Management System
APP00001200,CUST00000982,LN00002042,2018-11-19,15129885.28,Approved,2026-08-03 11:22:40.003467,,Loan Management System
APP00001201,CUST00000653,,2024-11-21,2213722.5,Cancelled,2026-08-03 11:22:40.004475,,Loan Management System
APP00001202,CUST00001980,LN00000956,2012-10-10,188129.29,Approved,2026-08-03 11:22:40.004475,,Loan Management System
APP00001203,CUST00001708,LN00002427,2015-07-08,913655.99,Approved,2026-08-03 11:22:40.004475,,Loan Management System
APP00001204,CUST00002511,,2017-12-25,233082.85,Rejected,2026-08-03 11:22:40.004475,,Loan Management System
APP00001205,CUST00004674,,2016-05-09,1974902.15,Rejected,2026-08-03 11:22:40.004475,,Loan Management System
APP00001206,CUST00001043,,2025-06-23,1847909.79,Rejected,2026-08-03 11:22:40.004475,,Loan Management System
APP00001207,CUST00003982,,2024-12-15,1949265.48,Rejected,2026-08-03 11:22:40.005471,,Loan Management System
APP00001208,CUST00000023,LN00000500,2019-11-01,1465052.86,Approved,2026-08-03 11:22:40.005471,,Loan Management System
APP00001209,CUST00002737,,2017-10-18,2968916.01,Rejected,2026-08-03 11:22:40.005471,,Loan Management System
APP00001210,CUST00004933,LN00002325,2013-03-05,6972193.58,Approved,2026-08-03 11:22:40.005471,,Loan Management System
APP00001211,CUST00002629,LN00001408,2016-05-18,4208783.53,Approved,2026-08-03 11:22:40.005471,,Loan Management System
APP00001212,CUST00003931,LN00002019,2012-11-30,3572716.67,Approved,2026-08-03 11:22:40.005471,,Loan Management System
APP00001213,CUST00003114,LN00000503,2012-06-09,2300221.94,Approved,2026-08-03 11:22:40.005471,,Loan Management System
APP00001214,CUST00000615,,2020-11-13,188244.53,Rejected,2026-08-03 11:22:40.005471,,Loan Management System
APP00001215,CUST00002075,LN00002332,2012-02-10,6142452.0,Approved,2026-08-03 11:22:40.005471,,Loan Management System
APP00001216,CUST00000745,LN00002467,2024-10-07,1703109.59,Approved,2026-08-03 11:22:40.005471,,Loan Management System
APP00001217,CUST00001185,,2012-01-17,1636004.6,Pending,2026-08-03 11:22:40.006470,,Loan Management System
APP00001218,CUST00002218,,2023-12-16,1682057.32,Rejected,2026-08-03 11:22:40.006470,,Loan Management System
APP00001219,CUST00003743,LN00002208,2020-03-02,705752.59,Approved,2026-08-03 11:22:40.006470,,Loan Management System
APP00001220,CUST00003077,LN00000602,2016-03-20,851408.07,Approved,2026-08-03 11:22:40.006470,,Loan Management System
APP00001221,CUST00004747,LN00000706,2022-09-28,271938.27,Approved,2026-08-03 11:22:40.006470,,Loan Management System
APP00001222,CUST00002532,,2025-02-26,980341.51,Rejected,2026-08-03 11:22:40.006470,,Loan Management System
APP00001223,CUST00000630,LN00002072,2014-06-26,852957.24,Approved,2026-08-03 11:22:40.006470,,Loan Management System
APP00001224,CUST00000632,,2025-09-23,10532603.07,Cancelled,2026-08-03 11:22:40.007474,,Loan Management System
APP00001225,CUST00003256,LN00000101,2023-01-26,13152790.9,Approved,2026-08-03 11:22:40.007474,,Loan Management System
APP00001226,CUST00004597,LN00000789,2024-04-25,1979157.6,Approved,2026-08-03 11:22:40.007474,,Loan Management System
APP00001227,CUST00000087,,2023-01-13,1547474.4,Cancelled,2026-08-03 11:22:40.007474,,Loan Management System
APP00001228,CUST00000464,LN00000552,2026-06-07,5518753.07,Approved,2026-08-03 11:22:40.007474,,Loan Management System
APP00001229,CUST00003628,LN00002443,2016-05-02,2926555.27,Approved,2026-08-03 11:22:40.007474,,Loan Management System
APP00001230,CUST00003054,LN00002274,2017-03-05,1066570.01,Approved,2026-08-03 11:22:40.007474,,Loan Management System
APP00001231,CUST00002979,LN00000485,2024-02-12,3151319.04,Approved,2026-08-03 11:22:40.007474,,Loan Management System
APP00001232,CUST00001482,,2015-11-20,11038716.98,Rejected,2026-08-03 11:22:40.007474,,Loan Management System
APP00001233,CUST00002464,,2022-10-16,650267.24,Cancelled,2026-08-03 11:22:40.007474,,Loan Management System
APP00001234,CUST00002613,LN00002034,2018-12-22,6625438.02,Approved,2026-08-03 11:22:40.008471,,Loan Management System
APP00001235,CUST00001858,,2023-10-03,585300.8,Rejected,2026-08-03 11:22:40.008471,,Loan Management System
APP00001236,CUST00002446,LN00002482,2020-01-12,2489921.59,Approved,2026-08-03 11:22:40.008471,,Loan Management System
APP00001237,CUST00003517,LN00000943,2025-06-15,1876716.95,Approved,2026-08-03 11:22:40.008471,,Loan Management System
APP00001238,CUST00003548,LN00001609,2015-03-03,7223228.02,Approved,2026-08-03 11:22:40.008471,,Loan Management System
APP00001239,CUST00001106,LN00001144,2015-10-31,541179.77,Approved,2026-08-03 11:22:40.008471,,Loan Management System
APP00001240,CUST00001078,,2021-10-04,1418367.12,Pending,2026-08-03 11:22:40.008471,,Loan Management System
APP00001241,CUST00004426,LN00000512,2024-08-29,2571212.67,Approved,2026-08-03 11:22:40.008471,,Loan Management System
APP00001242,CUST00004084,LN00001681,2020-09-12,5699844.04,Approved,2026-08-03 11:22:40.008471,,Loan Management System
APP00001243,CUST00003612,,2018-05-28,11362394.01,Pending,2026-08-03 11:22:40.008471,,Loan Management System
APP00001244,CUST00002138,LN00001805,2014-07-12,8657639.9,Approved,2026-08-03 11:22:40.008471,,Loan Management System
APP00001245,CUST00001650,,2020-03-15,641576.9,Pending,2026-08-03 11:22:40.009470,,Loan Management System
APP00001246,CUST00003083,LN00001707,2025-07-18,3902809.99,Approved,2026-08-03 11:22:40.009470,,Loan Management System
APP00001247,CUST00002844,,2020-11-01,1317003.35,Pending,2026-08-03 11:22:40.009470,,Loan Management System
APP00001248,CUST00004306,LN00000909,2017-05-19,274370.28,Approved,2026-08-03 11:22:40.009470,,Loan Management System
APP00001249,CUST00003851,,2025-01-14,5325270.25,Pending,2026-08-03 11:22:40.009470,,Loan Management System
APP00001250,CUST00004027,LN00001512,2026-05-11,4292367.04,Approved,2026-08-03 11:22:40.009470,,Loan Management System
APP00001251,CUST00001429,LN00001772,2021-09-19,5363181.18,Approved,2026-08-03 11:22:40.009470,,Loan Management System
APP00001252,CUST00001699,LN00001999,2013-12-27,970427.47,Approved,2026-08-03 11:22:40.009470,,Loan Management System
APP00001253,CUST00000710,,2022-06-11,8269383.71,Pending,2026-08-03 11:22:40.010482,,Loan Management System
APP00001254,CUST00004247,LN00002444,2025-07-21,1823378.69,Approved,2026-08-03 11:22:40.010482,,Loan Management System
APP00001255,CUST00001068,LN00000604,2012-08-17,5472599.48,Approved,2026-08-03 11:22:40.010482,,Loan Management System
APP00001256,CUST00001538,LN00001106,2024-06-01,2028023.07,Approved,2026-08-03 11:22:40.010482,,Loan Management System
APP00001257,CUST00002104,LN00001116,2014-07-26,1483318.11,Approved,2026-08-03 11:22:40.010482,,Loan Management System
APP00001258,CUST00004184,LN00001149,2012-07-28,3216448.17,Approved,2026-08-03 11:22:40.010482,,Loan Management System
APP00001259,CUST00003789,LN00000214,2021-12-10,1846871.16,Approved,2026-08-03 11:22:40.010482,,Loan Management System
APP00001260,CUST00004056,,2012-05-04,1379192.46,Rejected,2026-08-03 11:22:40.010482,,Loan Management System
APP00001261,CUST00001669,,2021-03-02,13009533.25,Rejected,2026-08-03 11:22:40.010482,,Loan Management System
APP00001262,CUST00004907,LN00002140,2024-09-23,1549123.65,Approved,2026-08-03 11:22:40.010482,,Loan Management System
APP00001263,CUST00001477,,2024-05-23,6669648.42,Rejected,2026-08-03 11:22:40.011471,,Loan Management System
APP00001264,CUST00001239,LN00002231,2017-05-08,65159.91,Approved,2026-08-03 11:22:40.011471,,Loan Management System
APP00001265,CUST00000539,,2025-02-17,1938409.34,Pending,2026-08-03 11:22:40.011471,,Loan Management System
APP00001266,CUST00000374,,2018-11-28,3672397.25,Pending,2026-08-03 11:22:40.011471,,Loan Management System
APP00001267,CUST00001160,,2013-05-22,2841683.55,Pending,2026-08-03 11:22:40.011471,,Loan Management System
APP00001268,CUST00002869,,2011-10-07,7894193.4,Cancelled,2026-08-03 11:22:40.012466,,Loan Management System
APP00001269,CUST00004939,,2013-04-06,254726.45,Rejected,2026-08-03 11:22:40.012466,,Loan Management System
APP00001270,CUST00002878,LN00001097,2023-03-25,2774971.6,Approved,2026-08-03 11:22:40.012999,,Loan Management System
APP00001271,CUST00000233,,2015-05-13,990086.78,Cancelled,2026-08-03 11:22:40.012999,,Loan Management System
APP00001272,CUST00002195,LN00000308,2019-08-07,7383997.55,Approved,2026-08-03 11:22:40.012999,,Loan Management System
APP00001273,CUST00000447,,2024-04-16,3672945.51,Rejected,2026-08-03 11:22:40.012999,,Loan Management System
APP00001274,CUST00000104,LN00002372,2025-10-06,803996.33,Approved,2026-08-03 11:22:40.012999,,Loan Management System
APP00001275,CUST00002454,LN00000715,2025-06-28,8186445.24,Approved,2026-08-03 11:22:40.012999,,Loan Management System
APP00001276,CUST00002629,,2021-06-18,1480833.26,Cancelled,2026-08-03 11:22:40.012999,,Loan Management System
APP00001277,CUST00000434,,2023-04-14,2212449.99,Pending,2026-08-03 11:22:40.014028,,Loan Management System
APP00001278,CUST00000792,LN00000011,2023-01-29,745314.2,Approved,2026-08-03 11:22:40.014028,,Loan Management System
APP00001279,CUST00003110,,2015-05-07,5742858.98,Rejected,2026-08-03 11:22:40.014028,,Loan Management System
APP00001280,CUST00003665,LN00001139,2019-09-05,2391703.44,Approved,2026-08-03 11:22:40.014028,,Loan Management System
APP00001281,CUST00000517,LN00002148,2015-07-16,1420416.73,Approved,2026-08-03 11:22:40.014028,,Loan Management System
APP00001282,CUST00004920,LN00000367,2026-03-27,285655.84,Approved,2026-08-03 11:22:40.014028,,Loan Management System
APP00001283,CUST00003336,LN00000433,2015-01-06,17423521.52,Approved,2026-08-03 11:22:40.014028,,Loan Management System
APP00001284,CUST00000435,LN00000122,2024-10-10,11986723.05,Approved,2026-08-03 11:22:40.014028,,Loan Management System
APP00001285,CUST00003718,LN00000464,2014-03-29,571960.79,Approved,2026-08-03 11:22:40.014028,,Loan Management System
APP00001286,CUST00003169,LN00002023,2024-04-16,9281751.74,Approved,2026-08-03 11:22:40.014028,,Loan Management System
APP00001287,CUST00004425,LN00000069,2025-08-13,1772830.4,Approved,2026-08-03 11:22:40.014028,,Loan Management System
APP00001288,CUST00003204,LN00001011,2023-11-11,9721507.82,Approved,2026-08-03 11:22:40.014028,,Loan Management System
APP00001289,CUST00002890,LN00001909,2015-11-18,2165909.33,Approved,2026-08-03 11:22:40.014028,,Loan Management System
APP00001290,CUST00002787,LN00000795,2024-09-04,1734902.01,Approved,2026-08-03 11:22:40.015009,,Loan Management System
APP00001291,CUST00003792,,2016-08-11,1611075.82,Cancelled,2026-08-03 11:22:40.015009,,Loan Management System
APP00001292,CUST00003585,,2018-08-30,3958801.45,Rejected,2026-08-03 11:22:40.015009,,Loan Management System
APP00001293,CUST00002786,LN00000191,2022-05-06,1014880.72,Approved,2026-08-03 11:22:40.015009,,Loan Management System
APP00001294,CUST00000953,LN00002379,2024-07-15,9520908.58,Approved,2026-08-03 11:22:40.015009,,Loan Management System
APP00001295,CUST00002336,,2025-09-23,3597489.52,Pending,2026-08-03 11:22:40.015009,,Loan Management System
APP00001296,CUST00004392,,2024-01-03,5116577.2,Pending,2026-08-03 11:22:40.016008,,Loan Management System
APP00001297,CUST00001334,,2013-12-30,1760659.97,Pending,2026-08-03 11:22:40.016008,,Loan Management System
APP00001298,CUST00000757,,2017-07-06,1472745.96,Rejected,2026-08-03 11:22:40.016008,,Loan Management System
APP00001299,CUST00002660,,2016-11-22,11757588.44,Cancelled,2026-08-03 11:22:40.017007,,Loan Management System
APP00001300,CUST00000899,,2017-06-03,601203.61,Rejected,2026-08-03 11:22:40.017007,,Loan Management System
APP00001301,CUST00003152,LN00001489,2018-01-02,271601.87,Approved,2026-08-03 11:22:40.017007,,Loan Management System
APP00001302,CUST00002472,,2024-12-05,7686603.58,Rejected,2026-08-03 11:22:40.017007,,Loan Management System
APP00001303,CUST00003441,LN00001867,2016-02-26,17934250.35,Approved,2026-08-03 11:22:40.017007,,Loan Management System
APP00001304,CUST00003293,LN00000032,2015-04-22,2745567.03,Approved,2026-08-03 11:22:40.017007,,Loan Management System
APP00001305,CUST00004626,LN00000017,2012-01-31,1518493.91,Approved,2026-08-03 11:22:40.017007,,Loan Management System
APP00001306,CUST00002097,LN00001880,2021-10-22,2386190.01,Approved,2026-08-03 11:22:40.017007,,Loan Management System
APP00001307,CUST00004527,LN00001665,2024-05-17,3955820.77,Approved,2026-08-03 11:22:40.017007,,Loan Management System
APP00001308,CUST00003638,LN00000835,2026-01-06,11989925.67,Approved,2026-08-03 11:22:40.017007,,Loan Management System
APP00001309,CUST00001391,LN00002480,2013-06-02,1511995.52,Approved,2026-08-03 11:22:40.017007,,Loan Management System
APP00001310,CUST00002986,LN00001654,2019-09-26,1046366.63,Approved,2026-08-03 11:22:40.017007,,Loan Management System
APP00001311,CUST00004655,,2017-01-04,3320741.82,Rejected,2026-08-03 11:22:40.018007,,Loan Management System
APP00001312,CUST00004298,LN00001419,2020-08-05,856479.27,Approved,2026-08-03 11:22:40.018007,,Loan Management System
APP00001313,CUST00003771,LN00002145,2022-06-24,731839.62,Approved,2026-08-03 11:22:40.018007,,Loan Management System
APP00001314,CUST00004907,LN00001208,2016-05-20,4746376.18,Approved,2026-08-03 11:22:40.018007,,Loan Management System
APP00001315,CUST00004395,LN00001218,2023-02-24,1035943.92,Approved,2026-08-03 11:22:40.018007,,Loan Management System
APP00001316,CUST00000614,LN00001027,2017-11-14,2363480.76,Approved,2026-08-03 11:22:40.018007,,Loan Management System
APP00001317,CUST00003791,,2026-01-12,2207062.58,Pending,2026-08-03 11:22:40.018007,,Loan Management System
APP00001318,CUST00004107,,2017-06-03,2218817.06,Rejected,2026-08-03 11:22:40.018007,,Loan Management System
APP00001319,CUST00002837,LN00000774,2018-12-22,516486.63,Approved,2026-08-03 11:22:40.018007,,Loan Management System
APP00001320,CUST00003050,LN00000248,2022-09-07,4269821.17,Approved,2026-08-03 11:22:40.018007,,Loan Management System
APP00001321,CUST00004381,LN00001170,2024-12-07,1439854.2,Approved,2026-08-03 11:22:40.018007,,Loan Management System
APP00001322,CUST00002781,,2020-05-13,3530124.24,Rejected,2026-08-03 11:22:40.019007,,Loan Management System
APP00001323,CUST00001692,,2014-07-22,54184.91,Rejected,2026-08-03 11:22:40.019007,,Loan Management System
APP00001324,CUST00001306,LN00000712,2022-02-04,263210.82,Approved,2026-08-03 11:22:40.019007,,Loan Management System
APP00001325,CUST00000067,,2014-04-24,3338967.69,Rejected,2026-08-03 11:22:40.019007,,Loan Management System
APP00001326,CUST00002644,LN00001709,2023-06-08,559100.36,Approved,2026-08-03 11:22:40.019007,,Loan Management System
APP00001327,CUST00003552,,2021-02-09,6505123.52,Rejected,2026-08-03 11:22:40.019007,,Loan Management System
APP00001328,CUST00000982,LN00000148,2021-01-29,2166457.7,Approved,2026-08-03 11:22:40.019007,,Loan Management System
APP00001329,CUST00004300,LN00000508,2016-04-01,322541.12,Approved,2026-08-03 11:22:40.020007,,Loan Management System
APP00001330,CUST00000849,,2015-07-13,356344.57,Pending,2026-08-03 11:22:40.020007,,Loan Management System
APP00001331,CUST00003535,LN00000111,2019-05-23,576431.0,Approved,2026-08-03 11:22:40.020007,,Loan Management System
APP00001332,CUST00004315,LN00000820,2018-07-10,1184896.37,Approved,2026-08-03 11:22:40.020007,,Loan Management System
APP00001333,CUST00001502,LN00001110,2013-03-08,1509527.33,Approved,2026-08-03 11:22:40.020007,,Loan Management System
APP00001334,CUST00004386,LN00000813,2015-06-20,17530275.28,Approved,2026-08-03 11:22:40.020007,,Loan Management System
APP00001335,CUST00001718,,2018-04-26,1054902.26,Rejected,2026-08-03 11:22:40.020007,,Loan Management System
APP00001336,CUST00002139,LN00002006,2015-02-02,9618715.44,Approved,2026-08-03 11:22:40.020007,,Loan Management System
APP00001337,CUST00004794,,2024-02-17,4063980.28,Rejected,2026-08-03 11:22:40.021007,,Loan Management System
APP00001338,CUST00001574,LN00001484,2017-01-24,8606299.67,Approved,2026-08-03 11:22:40.021007,,Loan Management System
APP00001339,CUST00002966,LN00001021,2015-09-07,272190.99,Approved,2026-08-03 11:22:40.021007,,Loan Management System
APP00001340,CUST00000774,LN00000945,2016-11-12,5456026.26,Approved,2026-08-03 11:22:40.021007,,Loan Management System
APP00001341,CUST00000381,,2018-11-23,217491.59,Rejected,2026-08-03 11:22:40.021007,,Loan Management System
APP00001342,CUST00004083,,2018-03-15,2840319.2,Pending,2026-08-03 11:22:40.021007,,Loan Management System
APP00001343,CUST00001756,LN00002154,2021-09-01,3577368.15,Approved,2026-08-03 11:22:40.021007,,Loan Management System
APP00001344,CUST00003395,,2023-07-30,5956429.0,Pending,2026-08-03 11:22:40.021007,,Loan Management System
APP00001345,CUST00002707,,2015-03-29,3971004.98,Cancelled,2026-08-03 11:22:40.021007,,Loan Management System
APP00001346,CUST00000200,LN00001359,2023-07-19,263908.78,Approved,2026-08-03 11:22:40.021007,,Loan Management System
APP00001347,CUST00004948,,2016-04-27,238279.78,Cancelled,2026-08-03 11:22:40.022568,,Loan Management System
APP00001348,CUST00000562,LN00001090,2023-09-15,6313843.15,Approved,2026-08-03 11:22:40.022568,,Loan Management System
APP00001349,CUST00003771,,2021-05-29,922750.11,Rejected,2026-08-03 11:22:40.022568,,Loan Management System
APP00001350,CUST00002914,,2013-04-26,307636.44,Rejected,2026-08-03 11:22:40.022568,,Loan Management System
APP00001351,CUST00000266,LN00001903,2023-12-22,412310.44,Approved,2026-08-03 11:22:40.022568,,Loan Management System
APP00001352,CUST00003414,,2014-10-07,8191788.88,Pending,2026-08-03 11:22:40.022568,,Loan Management System
APP00001353,CUST00001498,LN00001344,2012-05-23,9585445.02,Approved,2026-08-03 11:22:40.022568,,Loan Management System
APP00001354,CUST00003414,,2017-02-17,1100060.17,Pending,2026-08-03 11:22:40.023519,,Loan Management System
APP00001355,CUST00002234,LN00001353,2013-07-15,852938.77,Approved,2026-08-03 11:22:40.023519,,Loan Management System
APP00001356,CUST00004190,LN00000232,2016-10-08,1385431.8,Approved,2026-08-03 11:22:40.023519,,Loan Management System
APP00001357,CUST00001024,,2013-07-11,14371841.86,Rejected,2026-08-03 11:22:40.023519,,Loan Management System
APP00001358,CUST00001925,LN00001945,2016-10-20,9196827.82,Approved,2026-08-03 11:22:40.023519,,Loan Management System
APP00001359,CUST00003256,LN00002312,2014-08-13,1319547.45,Approved,2026-08-03 11:22:40.023519,,Loan Management System
APP00001360,CUST00001441,LN00001490,2016-12-11,1266461.86,Approved,2026-08-03 11:22:40.023519,,Loan Management System
APP00001361,CUST00003566,LN00000959,2025-08-17,1696262.1,Approved,2026-08-03 11:22:40.023519,,Loan Management System
APP00001362,CUST00002767,,2021-09-28,568214.17,Rejected,2026-08-03 11:22:40.024531,,Loan Management System
APP00001363,CUST00004466,LN00001858,2023-08-21,9632151.58,Approved,2026-08-03 11:22:40.024531,,Loan Management System
APP00001364,CUST00000188,,2021-12-26,3361696.25,Rejected,2026-08-03 11:22:40.024531,,Loan Management System
APP00001365,CUST00000218,LN00002035,2018-07-27,3540077.08,Approved,2026-08-03 11:22:40.024531,,Loan Management System
APP00001366,CUST00002327,LN00002304,2022-07-25,624815.07,Approved,2026-08-03 11:22:40.024531,,Loan Management System
APP00001367,CUST00004285,,2013-07-12,1216921.55,Cancelled,2026-08-03 11:22:40.024531,,Loan Management System
APP00001368,CUST00003580,,2017-07-03,2525565.22,Rejected,2026-08-03 11:22:40.024531,,Loan Management System
APP00001369,CUST00001703,,2017-07-29,837455.89,Rejected,2026-08-03 11:22:40.025524,,Loan Management System
APP00001370,CUST00001655,LN00000225,2017-01-19,1400338.25,Approved,2026-08-03 11:22:40.025524,,Loan Management System
APP00001371,CUST00001972,,2022-02-02,1536665.33,Rejected,2026-08-03 11:22:40.025524,,Loan Management System
APP00001372,CUST00002297,LN00000403,2025-12-19,1166974.68,Approved,2026-08-03 11:22:40.025524,,Loan Management System
APP00001373,CUST00004173,LN00002322,2016-07-11,5128976.59,Approved,2026-08-03 11:22:40.025524,,Loan Management System
APP00001374,CUST00002817,,2022-01-15,915859.05,Cancelled,2026-08-03 11:22:40.025524,,Loan Management System
APP00001375,CUST00001566,LN00000673,2018-09-22,3098849.6,Approved,2026-08-03 11:22:40.025524,,Loan Management System
APP00001376,CUST00000456,,2013-01-10,2639799.92,Rejected,2026-08-03 11:22:40.025524,,Loan Management System
APP00001377,CUST00003055,LN00001617,2024-07-05,3697826.21,Approved,2026-08-03 11:22:40.026523,,Loan Management System
APP00001378,CUST00004926,LN00001530,2018-07-06,1394538.53,Approved,2026-08-03 11:22:40.026523,,Loan Management System
APP00001379,CUST00002539,LN00001324,2018-04-29,11915483.25,Approved,2026-08-03 11:22:40.026523,,Loan Management System
APP00001380,CUST00004990,LN00000988,2019-10-28,2824874.41,Approved,2026-08-03 11:22:40.026523,,Loan Management System
APP00001381,CUST00004510,LN00001882,2013-03-11,3744063.72,Approved,2026-08-03 11:22:40.026523,,Loan Management System
APP00001382,CUST00004420,,2013-07-29,2806657.03,Cancelled,2026-08-03 11:22:40.026523,,Loan Management System
APP00001383,CUST00004660,LN00000857,2016-02-10,1251688.28,Approved,2026-08-03 11:22:40.026523,,Loan Management System
APP00001384,CUST00001603,,2017-12-08,2440565.41,Cancelled,2026-08-03 11:22:40.026523,,Loan Management System
APP00001385,CUST00003724,LN00002275,2012-11-03,2253037.55,Approved,2026-08-03 11:22:40.026523,,Loan Management System
APP00001386,CUST00003248,,2020-04-11,1336498.14,Rejected,2026-08-03 11:22:40.026523,,Loan Management System
APP00001387,CUST00001278,LN00001252,2023-06-04,962784.34,Approved,2026-08-03 11:22:40.026523,,Loan Management System
APP00001388,CUST00002063,LN00001973,2021-12-19,167547.53,Approved,2026-08-03 11:22:40.026523,,Loan Management System
APP00001389,CUST00001034,LN00001539,2026-05-23,597730.51,Approved,2026-08-03 11:22:40.027523,,Loan Management System
APP00001390,CUST00001014,,2013-12-06,1457159.79,Pending,2026-08-03 11:22:40.027523,,Loan Management System
APP00001391,CUST00003270,LN00002058,2015-01-18,1843699.85,Approved,2026-08-03 11:22:40.027523,,Loan Management System
APP00001392,CUST00003224,,2018-02-11,348685.48,Cancelled,2026-08-03 11:22:40.027523,,Loan Management System
APP00001393,CUST00003543,LN00002497,2015-08-15,1615821.31,Approved,2026-08-03 11:22:40.027523,,Loan Management System
APP00001394,CUST00002476,LN00001685,2022-11-30,5282776.03,Approved,2026-08-03 11:22:40.027523,,Loan Management System
APP00001395,CUST00001872,LN00001621,2013-11-15,835444.97,Approved,2026-08-03 11:22:40.027523,,Loan Management System
APP00001396,CUST00000166,LN00001604,2025-02-26,2933709.0,Approved,2026-08-03 11:22:40.027523,,Loan Management System
APP00001397,CUST00000736,LN00001735,2014-02-05,10269035.03,Approved,2026-08-03 11:22:40.027523,,Loan Management System
APP00001398,CUST00000527,LN00000941,2013-07-06,6889454.99,Approved,2026-08-03 11:22:40.027523,,Loan Management System
APP00001399,CUST00003857,,2014-06-04,9534898.9,Rejected,2026-08-03 11:22:40.027523,,Loan Management System
APP00001400,CUST00001528,,2019-12-01,3137745.8,Cancelled,2026-08-03 11:22:40.028524,,Loan Management System
APP00001401,CUST00003935,,2016-07-01,6209756.68,Rejected,2026-08-03 11:22:40.028524,,Loan Management System
APP00001402,CUST00004336,LN00000681,2016-07-28,573509.91,Approved,2026-08-03 11:22:40.028524,,Loan Management System
APP00001403,CUST00003818,,2014-10-08,2357512.96,Rejected,2026-08-03 11:22:40.028524,,Loan Management System
APP00001404,CUST00001950,LN00000564,2011-12-04,1441627.78,Approved,2026-08-03 11:22:40.028524,,Loan Management System
APP00001405,CUST00003383,LN00002282,2023-06-03,569844.58,Approved,2026-08-03 11:22:40.028524,,Loan Management System
APP00001406,CUST00004457,,2022-02-14,1561931.71,Pending,2026-08-03 11:22:40.029523,,Loan Management System
APP00001407,CUST00000638,,2012-07-01,2489203.39,Rejected,2026-08-03 11:22:40.029523,,Loan Management System
APP00001408,CUST00003050,,2026-04-24,2352729.51,Rejected,2026-08-03 11:22:40.029523,,Loan Management System
APP00001409,CUST00002366,LN00000005,2016-03-11,9374927.65,Approved,2026-08-03 11:22:40.029523,,Loan Management System
APP00001410,CUST00002310,,2011-10-01,359702.08,Rejected,2026-08-03 11:22:40.029523,,Loan Management System
APP00001411,CUST00003465,LN00001541,2022-02-01,393890.35,Approved,2026-08-03 11:22:40.029523,,Loan Management System
APP00001412,CUST00000052,,2013-11-28,7468215.71,Rejected,2026-08-03 11:22:40.030524,,Loan Management System
APP00001413,CUST00002989,,2014-11-27,2000132.43,Cancelled,2026-08-03 11:22:40.030524,,Loan Management System
APP00001414,CUST00001880,LN00001666,2015-05-11,1591939.09,Approved,2026-08-03 11:22:40.030524,,Loan Management System
APP00001415,CUST00002671,,2021-02-20,3535321.63,Rejected,2026-08-03 11:22:40.030524,,Loan Management System
APP00001416,CUST00000980,LN00000533,2020-12-14,10712229.23,Approved,2026-08-03 11:22:40.030524,,Loan Management System
APP00001417,CUST00002561,,2022-09-12,2906514.75,Rejected,2026-08-03 11:22:40.031532,,Loan Management System
APP00001418,CUST00003968,LN00001915,2013-02-05,618850.18,Approved,2026-08-03 11:22:40.031532,,Loan Management System
APP00001419,CUST00000525,LN00000990,2018-11-25,2656723.4,Approved,2026-08-03 11:22:40.031532,,Loan Management System
APP00001420,CUST00002900,LN00001504,2015-06-02,2220742.85,Approved,2026-08-03 11:22:40.031532,,Loan Management System
APP00001421,CUST00004421,LN00001379,2023-07-13,1227909.79,Approved,2026-08-03 11:22:40.031532,,Loan Management System
APP00001422,CUST00003232,LN00000902,2025-09-27,475861.44,Approved,2026-08-03 11:22:40.031532,,Loan Management System
APP00001423,CUST00002387,LN00002345,2023-05-03,7158133.52,Approved,2026-08-03 11:22:40.031532,,Loan Management System
APP00001424,CUST00003472,LN00002370,2024-10-21,1728105.18,Approved,2026-08-03 11:22:40.031532,,Loan Management System
APP00001425,CUST00002101,,2012-12-28,1864329.74,Rejected,2026-08-03 11:22:40.031532,,Loan Management System
APP00001426,CUST00004720,LN00002254,2021-09-27,9107395.03,Approved,2026-08-03 11:22:40.031532,,Loan Management System
APP00001427,CUST00003563,,2012-02-10,1883715.38,Rejected,2026-08-03 11:22:40.031532,,Loan Management System
APP00001428,CUST00000980,,2025-02-15,9834388.13,Pending,2026-08-03 11:22:40.032524,,Loan Management System
APP00001429,CUST00001633,LN00001256,2020-08-30,1363724.78,Approved,2026-08-03 11:22:40.032524,,Loan Management System
APP00001430,CUST00003950,LN00001619,2023-01-31,6889004.92,Approved,2026-08-03 11:22:40.032524,,Loan Management System
APP00001431,CUST00003277,LN00001035,2015-01-16,8443810.3,Approved,2026-08-03 11:22:40.032524,,Loan Management System
APP00001432,CUST00001675,,2016-04-05,528539.86,Rejected,2026-08-03 11:22:40.033028,,Loan Management System
APP00001433,CUST00003851,LN00000211,2025-10-17,1956315.6,Approved,2026-08-03 11:22:40.033028,,Loan Management System
APP00001434,CUST00000049,,2020-09-24,277867.81,Rejected,2026-08-03 11:22:40.033028,,Loan Management System
APP00001435,CUST00004974,LN00002176,2026-03-16,2275451.13,Approved,2026-08-03 11:22:40.033028,,Loan Management System
APP00001436,CUST00001765,LN00000836,2024-06-27,9972151.03,Approved,2026-08-03 11:22:40.033028,,Loan Management System
APP00001437,CUST00004691,LN00001206,2021-08-21,1288887.68,Approved,2026-08-03 11:22:40.033028,,Loan Management System
APP00001438,CUST00002420,LN00001925,2013-10-12,220148.64,Approved,2026-08-03 11:22:40.033028,,Loan Management System
APP00001439,CUST00004736,LN00000818,2015-03-13,1431678.42,Approved,2026-08-03 11:22:40.033028,,Loan Management System
APP00001440,CUST00001622,LN00000872,2022-02-26,2850842.93,Approved,2026-08-03 11:22:40.033028,,Loan Management System
APP00001441,CUST00004829,LN00001486,2023-01-10,854719.6,Approved,2026-08-03 11:22:40.033028,,Loan Management System
APP00001442,CUST00004775,,2013-07-06,2120869.12,Rejected,2026-08-03 11:22:40.033028,,Loan Management System
APP00001443,CUST00002526,LN00002371,2019-07-20,9023140.26,Approved,2026-08-03 11:22:40.033028,,Loan Management System
APP00001444,CUST00001692,LN00000852,2025-01-23,405829.37,Approved,2026-08-03 11:22:40.033028,,Loan Management System
APP00001445,CUST00000190,LN00001799,2026-02-05,3189304.85,Approved,2026-08-03 11:22:40.033028,,Loan Management System
APP00001446,CUST00004406,,2024-10-09,6619190.54,Rejected,2026-08-03 11:22:40.034034,,Loan Management System
APP00001447,CUST00000219,LN00001028,2017-04-16,1550840.83,Approved,2026-08-03 11:22:40.034034,,Loan Management System
APP00001448,CUST00004203,,2025-08-04,1646401.35,Rejected,2026-08-03 11:22:40.034034,,Loan Management System
APP00001449,CUST00002872,LN00001907,2016-10-30,2584665.78,Approved,2026-08-03 11:22:40.034034,,Loan Management System
APP00001450,CUST00001198,LN00000614,2017-03-14,2521916.83,Approved,2026-08-03 11:22:40.034034,,Loan Management System
APP00001451,CUST00001562,LN00000149,2020-08-07,3286819.38,Approved,2026-08-03 11:22:40.034034,,Loan Management System
APP00001452,CUST00001052,LN00002308,2017-09-08,2554359.15,Approved,2026-08-03 11:22:40.034034,,Loan Management System
APP00001453,CUST00002046,LN00001487,2026-03-10,456386.92,Approved,2026-08-03 11:22:40.034034,,Loan Management System
APP00001454,CUST00000665,,2015-04-21,504767.41,Cancelled,2026-08-03 11:22:40.035038,,Loan Management System
APP00001455,CUST00002354,,2018-10-26,1826948.86,Rejected,2026-08-03 11:22:40.035038,,Loan Management System
APP00001456,CUST00001745,,2013-04-30,2613286.46,Cancelled,2026-08-03 11:22:40.035038,,Loan Management System
APP00001457,CUST00003485,,2024-02-09,2014028.4,Pending,2026-08-03 11:22:40.036048,,Loan Management System
APP00001458,CUST00002947,LN00000519,2020-11-14,12917684.48,Approved,2026-08-03 11:22:40.036048,,Loan Management System
APP00001459,CUST00003375,LN00000352,2013-03-02,398592.21,Approved,2026-08-03 11:22:40.036048,,Loan Management System
APP00001460,CUST00002072,LN00002055,2021-08-16,1301152.0,Approved,2026-08-03 11:22:40.036048,,Loan Management System
APP00001461,CUST00003144,,2019-03-28,5185687.56,Rejected,2026-08-03 11:22:40.036048,,Loan Management System
APP00001462,CUST00001785,,2016-01-22,914290.84,Cancelled,2026-08-03 11:22:40.036048,,Loan Management System
APP00001463,CUST00002516,,2017-07-07,464510.14,Rejected,2026-08-03 11:22:40.037038,,Loan Management System
APP00001464,CUST00000518,LN00001081,2017-01-27,2260998.48,Approved,2026-08-03 11:22:40.037038,,Loan Management System
APP00001465,CUST00003489,LN00002050,2022-11-19,11796468.09,Approved,2026-08-03 11:22:40.037038,,Loan Management System
APP00001466,CUST00003022,LN00000697,2018-12-20,2264756.38,Approved,2026-08-03 11:22:40.037038,,Loan Management System
APP00001467,CUST00003157,,2024-10-12,1194451.4,Rejected,2026-08-03 11:22:40.037038,,Loan Management System
APP00001468,CUST00004963,LN00000883,2013-10-16,783764.56,Approved,2026-08-03 11:22:40.037038,,Loan Management System
APP00001469,CUST00003386,,2015-02-27,1973950.92,Pending,2026-08-03 11:22:40.037038,,Loan Management System
APP00001470,CUST00003214,LN00000553,2018-06-28,3172561.74,Approved,2026-08-03 11:22:40.037038,,Loan Management System
APP00001471,CUST00004618,,2023-04-24,139827.25,Rejected,2026-08-03 11:22:40.037038,,Loan Management System
APP00001472,CUST00002751,LN00002147,2014-01-08,9679924.71,Approved,2026-08-03 11:22:40.038039,,Loan Management System
APP00001473,CUST00001968,,2026-03-27,18313727.68,Cancelled,2026-08-03 11:22:40.038039,,Loan Management System
APP00001474,CUST00000148,LN00001184,2022-02-21,2559354.2,Approved,2026-08-03 11:22:40.038039,,Loan Management System
APP00001475,CUST00002314,LN00001559,2020-10-30,2484581.81,Approved,2026-08-03 11:22:40.038039,,Loan Management System
APP00001476,CUST00002093,LN00002293,2024-12-06,459777.94,Approved,2026-08-03 11:22:40.038039,,Loan Management System
APP00001477,CUST00003565,LN00000368,2018-05-27,2455943.1,Approved,2026-08-03 11:22:40.038039,,Loan Management System
APP00001478,CUST00004707,,2013-12-15,2709877.2,Rejected,2026-08-03 11:22:40.038039,,Loan Management System
APP00001479,CUST00001749,LN00002033,2021-10-20,1229696.69,Approved,2026-08-03 11:22:40.038039,,Loan Management System
APP00001480,CUST00003194,,2025-06-05,2311863.86,Rejected,2026-08-03 11:22:40.039038,,Loan Management System
APP00001481,CUST00002060,,2015-02-08,15904110.68,Cancelled,2026-08-03 11:22:40.039038,,Loan Management System
APP00001482,CUST00004736,LN00000341,2014-07-21,4363083.51,Approved,2026-08-03 11:22:40.039038,,Loan Management System
APP00001483,CUST00004901,LN00000141,2022-07-04,927756.88,Approved,2026-08-03 11:22:40.039038,,Loan Management System
APP00001484,CUST00004596,LN00001655,2025-03-28,361139.53,Approved,2026-08-03 11:22:40.039038,,Loan Management System
APP00001485,CUST00004221,,2020-08-22,668963.87,Rejected,2026-08-03 11:22:40.039038,,Loan Management System
APP00001486,CUST00003655,,2016-05-14,657666.39,Pending,2026-08-03 11:22:40.039038,,Loan Management System
APP00001487,CUST00001305,,2021-09-27,1206142.28,Rejected,2026-08-03 11:22:40.040039,,Loan Management System
APP00001488,CUST00004116,,2020-10-01,713481.03,Rejected,2026-08-03 11:22:40.040039,,Loan Management System
APP00001489,CUST00004722,LN00000260,2023-11-18,589451.15,Approved,2026-08-03 11:22:40.040039,,Loan Management System
APP00001490,CUST00001127,LN00000617,2015-12-13,4407513.27,Approved,2026-08-03 11:22:40.040039,,Loan Management System
APP00001491,CUST00003283,,2023-07-25,1499698.4,Rejected,2026-08-03 11:22:40.040039,,Loan Management System
APP00001492,CUST00004788,,2016-07-25,546684.31,Pending,2026-08-03 11:22:40.041039,,Loan Management System
APP00001493,CUST00001414,,2016-07-04,377192.17,Rejected,2026-08-03 11:22:40.041039,,Loan Management System
APP00001494,CUST00002415,,2021-04-30,2218859.18,Rejected,2026-08-03 11:22:40.041039,,Loan Management System
APP00001495,CUST00000415,LN00000089,2016-03-21,13359645.69,Approved,2026-08-03 11:22:40.041039,,Loan Management System
APP00001496,CUST00003017,LN00000443,2016-08-27,6105038.94,Approved,2026-08-03 11:22:40.041039,,Loan Management System
APP00001497,CUST00003616,LN00000369,2012-06-10,2679172.07,Approved,2026-08-03 11:22:40.041039,,Loan Management System
APP00001498,CUST00000342,LN00000418,2013-06-29,1531240.54,Approved,2026-08-03 11:22:40.041039,,Loan Management System
APP00001499,CUST00004964,,2024-05-06,11670589.15,Rejected,2026-08-03 11:22:40.041039,,Loan Management System
APP00001500,CUST00000393,LN00000556,2014-02-28,713098.61,Approved,2026-08-03 11:22:40.041039,,Loan Management System
APP00001501,CUST00001739,LN00002413,2013-12-08,938369.93,Approved,2026-08-03 11:22:40.041039,,Loan Management System
APP00001502,CUST00002977,LN00000507,2025-08-06,7887078.83,Approved,2026-08-03 11:22:40.041039,,Loan Management System
APP00001503,CUST00004270,LN00000911,2022-07-06,1184245.79,Approved,2026-08-03 11:22:40.041039,,Loan Management System
APP00001504,CUST00002034,LN00000770,2020-12-16,948459.27,Approved,2026-08-03 11:22:40.041039,,Loan Management System
APP00001505,CUST00000335,,2015-11-01,1793130.15,Rejected,2026-08-03 11:22:40.042544,,Loan Management System
APP00001506,CUST00000128,LN00000689,2018-10-09,230079.84,Approved,2026-08-03 11:22:40.042544,,Loan Management System
APP00001507,CUST00000190,LN00001860,2012-10-02,8113559.95,Approved,2026-08-03 11:22:40.042544,,Loan Management System
APP00001508,CUST00001383,LN00001960,2017-09-26,670345.61,Approved,2026-08-03 11:22:40.042651,,Loan Management System
APP00001509,CUST00003311,LN00001301,2016-12-25,834520.2,Approved,2026-08-03 11:22:40.042651,,Loan Management System
APP00001510,CUST00004781,,2019-11-30,744187.81,Rejected,2026-08-03 11:22:40.042651,,Loan Management System
APP00001511,CUST00000769,,2014-01-02,1519587.87,Rejected,2026-08-03 11:22:40.042651,,Loan Management System
APP00001512,CUST00003314,LN00000786,2019-08-25,2999802.0,Approved,2026-08-03 11:22:40.042651,,Loan Management System
APP00001513,CUST00001326,LN00001819,2014-06-15,10981362.12,Approved,2026-08-03 11:22:40.042651,,Loan Management System
APP00001514,CUST00004303,LN00002120,2021-08-08,1310725.1,Approved,2026-08-03 11:22:40.042651,,Loan Management System
APP00001515,CUST00001684,,2018-08-19,5884163.95,Rejected,2026-08-03 11:22:40.043550,,Loan Management System
APP00001516,CUST00004967,,2017-12-20,2625451.4,Cancelled,2026-08-03 11:22:40.043550,,Loan Management System
APP00001517,CUST00001897,LN00001543,2015-08-19,17947637.78,Approved,2026-08-03 11:22:40.043550,,Loan Management System
APP00001518,CUST00001864,LN00000412,2021-07-23,1966072.7,Approved,2026-08-03 11:22:40.043550,,Loan Management System
APP00001519,CUST00001240,LN00000595,2015-04-26,14650930.43,Approved,2026-08-03 11:22:40.043550,,Loan Management System
APP00001520,CUST00004277,LN00001591,2011-08-30,4014968.2,Approved,2026-08-03 11:22:40.043550,,Loan Management System
APP00001521,CUST00004234,LN00000417,2018-06-04,3067412.98,Approved,2026-08-03 11:22:40.043550,,Loan Management System
APP00001522,CUST00002757,,2024-05-05,246141.91,Rejected,2026-08-03 11:22:40.043550,,Loan Management System
APP00001523,CUST00003541,,2016-04-26,2893639.21,Rejected,2026-08-03 11:22:40.044555,,Loan Management System
APP00001524,CUST00002649,LN00000356,2025-09-26,10858854.62,Approved,2026-08-03 11:22:40.044555,,Loan Management System
APP00001525,CUST00000079,LN00001642,2013-10-15,9456253.03,Approved,2026-08-03 11:22:40.044555,,Loan Management System
APP00001526,CUST00000364,LN00000753,2015-04-11,4075840.3,Approved,2026-08-03 11:22:40.044555,,Loan Management System
APP00001527,CUST00004587,LN00001918,2013-02-04,1076360.43,Approved,2026-08-03 11:22:40.044555,,Loan Management System
APP00001528,CUST00001056,LN00000150,2016-01-16,830569.63,Approved,2026-08-03 11:22:40.044555,,Loan Management System
APP00001529,CUST00004528,LN00001373,2025-07-28,756940.56,Approved,2026-08-03 11:22:40.044555,,Loan Management System
APP00001530,CUST00002531,LN00000565,2014-06-30,787011.68,Approved,2026-08-03 11:22:40.044555,,Loan Management System
APP00001531,CUST00003065,LN00002485,2011-10-27,10200370.4,Approved,2026-08-03 11:22:40.044555,,Loan Management System
APP00001532,CUST00003094,,2022-05-21,6523416.73,Pending,2026-08-03 11:22:40.044555,,Loan Management System
APP00001533,CUST00003906,,2022-11-19,2823892.93,Cancelled,2026-08-03 11:22:40.044555,,Loan Management System
APP00001534,CUST00001206,LN00001566,2022-05-20,1552090.59,Approved,2026-08-03 11:22:40.044555,,Loan Management System
APP00001535,CUST00001474,LN00002192,2012-09-12,1334863.16,Approved,2026-08-03 11:22:40.044555,,Loan Management System
APP00001536,CUST00001463,LN00000675,2018-01-03,2165269.68,Approved,2026-08-03 11:22:40.044555,,Loan Management System
APP00001537,CUST00004708,LN00002415,2018-12-19,1491170.62,Approved,2026-08-03 11:22:40.044555,,Loan Management System
APP00001538,CUST00000051,LN00002397,2026-05-07,690825.54,Approved,2026-08-03 11:22:40.044555,,Loan Management System
APP00001539,CUST00003825,,2018-11-23,779840.28,Pending,2026-08-03 11:22:40.045555,,Loan Management System
APP00001540,CUST00003450,LN00000558,2026-03-10,767561.33,Approved,2026-08-03 11:22:40.045555,,Loan Management System
APP00001541,CUST00000744,LN00000484,2013-05-16,1347085.87,Approved,2026-08-03 11:22:40.045555,,Loan Management System
APP00001542,CUST00000248,,2016-02-26,3772126.31,Pending,2026-08-03 11:22:40.045555,,Loan Management System
APP00001543,CUST00000369,,2017-01-29,1405608.95,Rejected,2026-08-03 11:22:40.045555,,Loan Management System
APP00001544,CUST00004272,LN00001908,2022-10-22,1308800.78,Approved,2026-08-03 11:22:40.045555,,Loan Management System
APP00001545,CUST00001580,LN00001458,2026-04-21,3484307.69,Approved,2026-08-03 11:22:40.045555,,Loan Management System
APP00001546,CUST00000627,LN00001426,2017-12-24,702581.71,Approved,2026-08-03 11:22:40.045555,,Loan Management System
APP00001547,CUST00003736,,2021-06-02,81721.46,Rejected,2026-08-03 11:22:40.046556,,Loan Management System
APP00001548,CUST00000328,LN00000613,2020-07-27,8525558.84,Approved,2026-08-03 11:22:40.046556,,Loan Management System
APP00001549,CUST00001456,LN00001032,2017-02-03,37822.38,Approved,2026-08-03 11:22:40.046556,,Loan Management System
APP00001550,CUST00004292,LN00001714,2013-12-04,2045630.57,Approved,2026-08-03 11:22:40.046556,,Loan Management System
APP00001551,CUST00003754,LN00001815,2015-07-23,2591159.65,Approved,2026-08-03 11:22:40.046556,,Loan Management System
APP00001552,CUST00003892,LN00001107,2020-05-09,3127852.13,Approved,2026-08-03 11:22:40.046556,,Loan Management System
APP00001553,CUST00001296,LN00002135,2022-03-15,103484.31,Approved,2026-08-03 11:22:40.046556,,Loan Management System
APP00001554,CUST00004762,LN00000869,2025-09-28,1286507.13,Approved,2026-08-03 11:22:40.046556,,Loan Management System
APP00001555,CUST00002501,,2022-03-28,894236.16,Rejected,2026-08-03 11:22:40.046556,,Loan Management System
APP00001556,CUST00001526,,2024-12-02,16512970.25,Cancelled,2026-08-03 11:22:40.046556,,Loan Management System
APP00001557,CUST00003481,,2025-10-27,1628340.02,Pending,2026-08-03 11:22:40.047555,,Loan Management System
APP00001558,CUST00003075,LN00000733,2018-08-04,417193.06,Approved,2026-08-03 11:22:40.047555,,Loan Management System
APP00001559,CUST00000130,,2011-11-12,4488095.84,Rejected,2026-08-03 11:22:40.047555,,Loan Management System
APP00001560,CUST00001910,,2013-09-12,3985478.65,Pending,2026-08-03 11:22:40.047555,,Loan Management System
APP00001561,CUST00004456,LN00000238,2012-12-01,1146415.78,Approved,2026-08-03 11:22:40.047555,,Loan Management System
APP00001562,CUST00003331,,2019-02-04,1895967.85,Rejected,2026-08-03 11:22:40.047555,,Loan Management System
APP00001563,CUST00001131,,2019-05-09,4140064.77,Rejected,2026-08-03 11:22:40.048555,,Loan Management System
APP00001564,CUST00001774,LN00002163,2019-10-29,4482185.85,Approved,2026-08-03 11:22:40.048555,,Loan Management System
APP00001565,CUST00004839,LN00000501,2015-10-21,636548.54,Approved,2026-08-03 11:22:40.048555,,Loan Management System
APP00001566,CUST00002793,LN00000720,2015-04-17,8163181.28,Approved,2026-08-03 11:22:40.048555,,Loan Management System
APP00001567,CUST00002267,LN00001549,2022-04-21,1160569.76,Approved,2026-08-03 11:22:40.048555,,Loan Management System
APP00001568,CUST00003594,,2022-08-23,1041408.67,Rejected,2026-08-03 11:22:40.048555,,Loan Management System
APP00001569,CUST00001885,,2016-09-20,1626913.36,Pending,2026-08-03 11:22:40.048555,,Loan Management System
APP00001570,CUST00004580,LN00000573,2023-12-18,171147.85,Approved,2026-08-03 11:22:40.048555,,Loan Management System
APP00001571,CUST00002882,,2026-06-18,581181.33,Rejected,2026-08-03 11:22:40.048555,,Loan Management System
APP00001572,CUST00004541,LN00000446,2024-04-12,5762758.24,Approved,2026-08-03 11:22:40.049555,,Loan Management System
APP00001573,CUST00000161,LN00000878,2022-09-21,1597662.14,Approved,2026-08-03 11:22:40.049555,,Loan Management System
APP00001574,CUST00001557,LN00001069,2015-08-25,2340717.05,Approved,2026-08-03 11:22:40.049555,,Loan Management System
APP00001575,CUST00000535,LN00001029,2011-12-22,3439961.76,Approved,2026-08-03 11:22:40.049555,,Loan Management System
APP00001576,CUST00003427,,2012-12-27,1340366.68,Rejected,2026-08-03 11:22:40.049555,,Loan Management System
APP00001577,CUST00001044,,2017-11-29,806038.0,Cancelled,2026-08-03 11:22:40.049555,,Loan Management System
APP00001578,CUST00003267,LN00002233,2012-11-24,1320956.11,Approved,2026-08-03 11:22:40.049555,,Loan Management System
APP00001579,CUST00000956,,2012-06-19,2834347.36,Rejected,2026-08-03 11:22:40.049555,,Loan Management System
APP00001580,CUST00002564,LN00002265,2018-02-08,3977439.75,Approved,2026-08-03 11:22:40.049555,,Loan Management System
APP00001581,CUST00003331,LN00000666,2017-02-16,578869.63,Approved,2026-08-03 11:22:40.049555,,Loan Management System
APP00001582,CUST00002448,LN00000002,2013-05-23,7749693.9,Approved,2026-08-03 11:22:40.049555,,Loan Management System
APP00001583,CUST00000961,,2023-12-09,5571108.96,Rejected,2026-08-03 11:22:40.050555,,Loan Management System
APP00001584,CUST00003773,LN00000830,2018-02-10,21752326.82,Approved,2026-08-03 11:22:40.050555,,Loan Management System
APP00001585,CUST00003143,,2018-11-21,2412679.28,Cancelled,2026-08-03 11:22:40.050555,,Loan Management System
APP00001586,CUST00004531,LN00001927,2012-06-17,2083419.43,Approved,2026-08-03 11:22:40.050555,,Loan Management System
APP00001587,CUST00003350,LN00001891,2023-09-16,4307010.47,Approved,2026-08-03 11:22:40.050555,,Loan Management System
APP00001588,CUST00000334,,2011-08-09,234472.59,Rejected,2026-08-03 11:22:40.050555,,Loan Management System
APP00001589,CUST00003278,LN00002191,2020-02-09,458263.82,Approved,2026-08-03 11:22:40.050555,,Loan Management System
APP00001590,CUST00000645,LN00000193,2013-06-11,924687.61,Approved,2026-08-03 11:22:40.050555,,Loan Management System
APP00001591,CUST00001827,LN00000893,2016-12-29,1073082.86,Approved,2026-08-03 11:22:40.050555,,Loan Management System
APP00001592,CUST00002339,LN00000987,2025-06-10,1057316.19,Approved,2026-08-03 11:22:40.050555,,Loan Management System
APP00001593,CUST00004803,,2021-09-07,3899022.43,Cancelled,2026-08-03 11:22:40.051555,,Loan Management System
APP00001594,CUST00000986,LN00000557,2015-07-04,961395.08,Approved,2026-08-03 11:22:40.051555,,Loan Management System
APP00001595,CUST00000885,,2020-06-03,5099079.22,Pending,2026-08-03 11:22:40.051555,,Loan Management System
APP00001596,CUST00002703,LN00001186,2021-11-28,413342.93,Approved,2026-08-03 11:22:40.051555,,Loan Management System
APP00001597,CUST00003037,,2011-09-29,8184709.72,Rejected,2026-08-03 11:22:40.051555,,Loan Management System
APP00001598,CUST00000233,LN00000548,2013-03-02,669714.15,Approved,2026-08-03 11:22:40.051555,,Loan Management System
APP00001599,CUST00003177,,2023-06-03,1334279.95,Rejected,2026-08-03 11:22:40.052556,,Loan Management System
APP00001600,CUST00000537,LN00001776,2017-03-10,574738.44,Approved,2026-08-03 11:22:40.052556,,Loan Management System
APP00001601,CUST00001968,LN00001935,2017-06-19,1287835.32,Approved,2026-08-03 11:22:40.052556,,Loan Management System
APP00001602,CUST00004186,LN00001146,2019-08-28,544021.33,Approved,2026-08-03 11:22:40.052556,,Loan Management System
APP00001603,CUST00003235,,2023-05-24,13665220.47,Rejected,2026-08-03 11:22:40.052556,,Loan Management System
APP00001604,CUST00002806,LN00001740,2019-10-11,931175.25,Approved,2026-08-03 11:22:40.052556,,Loan Management System
APP00001605,CUST00000155,LN00001046,2020-05-02,875160.61,Approved,2026-08-03 11:22:40.052556,,Loan Management System
APP00001606,CUST00002944,LN00002331,2020-05-23,1206452.93,Approved,2026-08-03 11:22:40.052556,,Loan Management System
APP00001607,CUST00001019,LN00001845,2020-05-08,1244652.11,Approved,2026-08-03 11:22:40.053060,,Loan Management System
APP00001608,CUST00004248,,2018-02-07,2851570.43,Rejected,2026-08-03 11:22:40.053060,,Loan Management System
APP00001609,CUST00001793,LN00001760,2018-03-19,7259760.33,Approved,2026-08-03 11:22:40.053060,,Loan Management System
APP00001610,CUST00001277,LN00001510,2022-03-23,13841830.71,Approved,2026-08-03 11:22:40.053060,,Loan Management System
APP00001611,CUST00001385,,2013-05-05,1607970.98,Rejected,2026-08-03 11:22:40.053060,,Loan Management System
APP00001612,CUST00003557,LN00000954,2023-08-31,3121848.96,Approved,2026-08-03 11:22:40.053060,,Loan Management System
APP00001613,CUST00002294,LN00000886,2014-08-09,4962653.6,Approved,2026-08-03 11:22:40.053060,,Loan Management System
APP00001614,CUST00003304,LN00001454,2013-08-23,1210191.73,Approved,2026-08-03 11:22:40.053060,,Loan Management System
APP00001615,CUST00003835,LN00000077,2012-08-21,862329.83,Approved,2026-08-03 11:22:40.053060,,Loan Management System
APP00001616,CUST00000335,LN00000062,2019-05-03,1018528.09,Approved,2026-08-03 11:22:40.053060,,Loan Management System
APP00001617,CUST00001912,LN00002237,2012-02-14,2437505.66,Approved,2026-08-03 11:22:40.053060,,Loan Management System
APP00001618,CUST00002181,LN00000815,2023-04-06,2048938.75,Approved,2026-08-03 11:22:40.053060,,Loan Management System
APP00001619,CUST00004163,LN00001595,2024-09-04,449384.35,Approved,2026-08-03 11:22:40.053060,,Loan Management System
APP00001620,CUST00002990,LN00002216,2019-03-20,7776033.22,Approved,2026-08-03 11:22:40.053060,,Loan Management System
APP00001621,CUST00001809,LN00001932,2022-12-19,124764.39,Approved,2026-08-03 11:22:40.053060,,Loan Management System
APP00001622,CUST00003166,LN00001934,2018-05-29,213172.06,Approved,2026-08-03 11:22:40.053060,,Loan Management System
APP00001623,CUST00004039,LN00000983,2017-05-21,1383605.82,Approved,2026-08-03 11:22:40.054065,,Loan Management System
APP00001624,CUST00001014,LN00000047,2015-02-16,329149.12,Approved,2026-08-03 11:22:40.054065,,Loan Management System
APP00001625,CUST00004371,LN00002418,2025-06-05,18161660.73,Approved,2026-08-03 11:22:40.054065,,Loan Management System
APP00001626,CUST00001225,,2017-07-24,582784.82,Pending,2026-08-03 11:22:40.054065,,Loan Management System
APP00001627,CUST00001858,LN00001821,2012-05-13,3073816.75,Approved,2026-08-03 11:22:40.054065,,Loan Management System
APP00001628,CUST00001603,,2022-04-09,708459.43,Cancelled,2026-08-03 11:22:40.054065,,Loan Management System
APP00001629,CUST00001589,LN00002449,2024-05-14,2175623.31,Approved,2026-08-03 11:22:40.054065,,Loan Management System
APP00001630,CUST00000494,,2018-08-04,2385300.94,Pending,2026-08-03 11:22:40.054065,,Loan Management System
APP00001631,CUST00004497,LN00000481,2013-11-12,435492.47,Approved,2026-08-03 11:22:40.055070,,Loan Management System
APP00001632,CUST00000552,LN00000177,2019-07-01,8909624.51,Approved,2026-08-03 11:22:40.055070,,Loan Management System
APP00001633,CUST00002946,,2026-03-20,3359475.56,Rejected,2026-08-03 11:22:40.055070,,Loan Management System
APP00001634,CUST00003343,LN00001197,2015-07-22,5673470.2,Approved,2026-08-03 11:22:40.055070,,Loan Management System
APP00001635,CUST00001868,LN00002043,2013-04-30,1950078.17,Approved,2026-08-03 11:22:40.055070,,Loan Management System
APP00001636,CUST00003329,LN00001922,2024-01-04,7281384.46,Approved,2026-08-03 11:22:40.055070,,Loan Management System
APP00001637,CUST00000773,,2013-12-20,201162.25,Rejected,2026-08-03 11:22:40.055070,,Loan Management System
APP00001638,CUST00001773,,2024-05-21,784882.91,Rejected,2026-08-03 11:22:40.055070,,Loan Management System
APP00001639,CUST00002045,LN00001352,2019-09-11,2849500.9,Approved,2026-08-03 11:22:40.055070,,Loan Management System
APP00001640,CUST00001543,LN00000063,2020-09-11,9787985.67,Approved,2026-08-03 11:22:40.056070,,Loan Management System
APP00001641,CUST00004413,LN00001290,2014-08-09,726135.85,Approved,2026-08-03 11:22:40.056070,,Loan Management System
APP00001642,CUST00001930,,2017-07-26,3999423.22,Rejected,2026-08-03 11:22:40.056070,,Loan Management System
APP00001643,CUST00004325,LN00001125,2020-12-11,1578950.15,Approved,2026-08-03 11:22:40.056070,,Loan Management System
APP00001644,CUST00003573,,2016-12-08,1091339.81,Rejected,2026-08-03 11:22:40.056070,,Loan Management System
APP00001645,CUST00004860,LN00002117,2013-04-03,1293970.44,Approved,2026-08-03 11:22:40.056070,,Loan Management System
APP00001646,CUST00000860,LN00001661,2013-06-11,2229543.06,Approved,2026-08-03 11:22:40.056070,,Loan Management System
APP00001647,CUST00002481,LN00001474,2019-06-24,4278373.81,Approved,2026-08-03 11:22:40.056070,,Loan Management System
APP00001648,CUST00004498,LN00000619,2021-04-26,701462.42,Approved,2026-08-03 11:22:40.056070,,Loan Management System
APP00001649,CUST00000100,LN00002190,2017-06-21,1198756.11,Approved,2026-08-03 11:22:40.056070,,Loan Management System
APP00001650,CUST00001428,,2020-12-31,289576.77,Rejected,2026-08-03 11:22:40.056070,,Loan Management System
APP00001651,CUST00000350,LN00000072,2026-03-30,7181300.14,Approved,2026-08-03 11:22:40.056070,,Loan Management System
APP00001652,CUST00000121,LN00002224,2020-02-08,1317516.85,Approved,2026-08-03 11:22:40.056070,,Loan Management System
APP00001653,CUST00003896,,2023-11-09,7069259.32,Rejected,2026-08-03 11:22:40.057070,,Loan Management System
APP00001654,CUST00000859,LN00000046,2014-03-25,1847088.13,Approved,2026-08-03 11:22:40.057070,,Loan Management System
APP00001655,CUST00003136,,2016-06-07,372718.38,Rejected,2026-08-03 11:22:40.057070,,Loan Management System
APP00001656,CUST00000610,LN00001678,2018-02-21,513788.99,Approved,2026-08-03 11:22:40.057070,,Loan Management System
APP00001657,CUST00000795,LN00001672,2025-11-20,9094937.21,Approved,2026-08-03 11:22:40.057070,,Loan Management System
APP00001658,CUST00000002,LN00001521,2025-01-05,1602674.76,Approved,2026-08-03 11:22:40.057070,,Loan Management System
APP00001659,CUST00003508,LN00000764,2019-04-28,2264149.43,Approved,2026-08-03 11:22:40.057070,,Loan Management System
APP00001660,CUST00004480,,2021-11-29,2072851.95,Rejected,2026-08-03 11:22:40.057070,,Loan Management System
APP00001661,CUST00004917,,2020-04-03,1758158.25,Rejected,2026-08-03 11:22:40.058070,,Loan Management System
APP00001662,CUST00002787,,2014-10-18,3736473.21,Rejected,2026-08-03 11:22:40.058070,,Loan Management System
APP00001663,CUST00002196,,2024-04-22,1111354.21,Pending,2026-08-03 11:22:40.058070,,Loan Management System
APP00001664,CUST00003438,LN00001552,2015-11-13,11350009.04,Approved,2026-08-03 11:22:40.058070,,Loan Management System
APP00001665,CUST00001141,,2016-08-12,751575.16,Pending,2026-08-03 11:22:40.058070,,Loan Management System
APP00001666,CUST00000094,LN00000391,2012-06-05,4135457.67,Approved,2026-08-03 11:22:40.058070,,Loan Management System
APP00001667,CUST00000395,,2024-12-02,513693.48,Pending,2026-08-03 11:22:40.059070,,Loan Management System
APP00001668,CUST00001701,LN00000441,2022-11-28,1445073.0,Approved,2026-08-03 11:22:40.059070,,Loan Management System
APP00001669,CUST00001617,LN00001335,2014-09-28,234997.93,Approved,2026-08-03 11:22:40.059070,,Loan Management System
APP00001670,CUST00004072,LN00000110,2014-04-20,1017619.57,Approved,2026-08-03 11:22:40.059070,,Loan Management System
APP00001671,CUST00004180,LN00000200,2026-05-07,9012302.16,Approved,2026-08-03 11:22:40.059070,,Loan Management System
APP00001672,CUST00004765,,2015-09-09,2163437.72,Rejected,2026-08-03 11:22:40.059070,,Loan Management System
APP00001673,CUST00002959,LN00000327,2012-07-31,1136424.92,Approved,2026-08-03 11:22:40.059070,,Loan Management System
APP00001674,CUST00001429,,2022-06-10,2385365.1,Cancelled,2026-08-03 11:22:40.059070,,Loan Management System
APP00001675,CUST00003479,LN00002436,2023-09-25,663775.54,Approved,2026-08-03 11:22:40.059070,,Loan Management System
APP00001676,CUST00003094,LN00001733,2024-01-25,403555.27,Approved,2026-08-03 11:22:40.059070,,Loan Management System
APP00001677,CUST00001614,,2020-07-28,1364402.07,Rejected,2026-08-03 11:22:40.060070,,Loan Management System
APP00001678,CUST00002695,,2011-10-16,486555.4,Pending,2026-08-03 11:22:40.060070,,Loan Management System
APP00001679,CUST00001865,LN00001115,2017-08-26,140944.54,Approved,2026-08-03 11:22:40.060070,,Loan Management System
APP00001680,CUST00001501,,2016-12-20,557897.45,Rejected,2026-08-03 11:22:40.060070,,Loan Management System
APP00001681,CUST00001470,LN00001088,2015-05-17,153636.45,Approved,2026-08-03 11:22:40.060070,,Loan Management System
APP00001682,CUST00004752,,2018-03-02,1715141.65,Rejected,2026-08-03 11:22:40.060070,,Loan Management System
APP00001683,CUST00002419,,2026-03-25,295015.14,Rejected,2026-08-03 11:22:40.061070,,Loan Management System
APP00001684,CUST00003162,LN00000562,2014-08-01,8655039.15,Approved,2026-08-03 11:22:40.061070,,Loan Management System
APP00001685,CUST00001817,LN00001280,2021-05-01,2987463.59,Approved,2026-08-03 11:22:40.061070,,Loan Management System
APP00001686,CUST00001656,LN00001557,2016-05-29,549057.2,Approved,2026-08-03 11:22:40.061070,,Loan Management System
APP00001687,CUST00003710,LN00002128,2017-05-04,4784341.0,Approved,2026-08-03 11:22:40.061070,,Loan Management System
APP00001688,CUST00002169,LN00000001,2022-05-05,275004.16,Approved,2026-08-03 11:22:40.061070,,Loan Management System
APP00001689,CUST00003282,LN00001600,2019-12-29,2084923.73,Approved,2026-08-03 11:22:40.061070,,Loan Management System
APP00001690,CUST00001294,,2024-09-09,831405.16,Rejected,2026-08-03 11:22:40.061070,,Loan Management System
APP00001691,CUST00002880,LN00000160,2019-11-01,8817723.37,Approved,2026-08-03 11:22:40.061070,,Loan Management System
APP00001692,CUST00004525,LN00001580,2021-02-26,631640.15,Approved,2026-08-03 11:22:40.061070,,Loan Management System
APP00001693,CUST00004368,LN00002320,2014-03-20,1577844.27,Approved,2026-08-03 11:22:40.061070,,Loan Management System
APP00001694,CUST00002406,,2012-09-25,277690.53,Pending,2026-08-03 11:22:40.061070,,Loan Management System
APP00001695,CUST00003811,LN00001466,2011-09-07,3001681.03,Approved,2026-08-03 11:22:40.061070,,Loan Management System
APP00001696,CUST00004702,,2016-01-18,7762666.79,Rejected,2026-08-03 11:22:40.061070,,Loan Management System
APP00001697,CUST00001186,,2015-04-04,602642.83,Rejected,2026-08-03 11:22:40.061070,,Loan Management System
APP00001698,CUST00003893,LN00001607,2025-01-28,14434286.28,Approved,2026-08-03 11:22:40.061070,,Loan Management System
APP00001699,CUST00001098,LN00000339,2013-10-26,8274060.67,Approved,2026-08-03 11:22:40.061070,,Loan Management System
APP00001700,CUST00002043,LN00000801,2019-01-03,3095840.02,Approved,2026-08-03 11:22:40.061070,,Loan Management System
APP00001701,CUST00001116,,2020-03-15,1344775.21,Cancelled,2026-08-03 11:22:40.062685,,Loan Management System
APP00001702,CUST00004461,LN00000938,2021-10-28,760667.58,Approved,2026-08-03 11:22:40.062685,,Loan Management System
APP00001703,CUST00003015,,2022-04-12,246860.4,Cancelled,2026-08-03 11:22:40.062685,,Loan Management System
APP00001704,CUST00004648,,2023-09-17,1989545.66,Rejected,2026-08-03 11:22:40.062685,,Loan Management System
APP00001705,CUST00001448,LN00001306,2017-03-02,2009649.69,Approved,2026-08-03 11:22:40.062685,,Loan Management System
APP00001706,CUST00000965,,2024-08-20,17260821.13,Rejected,2026-08-03 11:22:40.063581,,Loan Management System
APP00001707,CUST00001674,,2018-08-27,881186.05,Rejected,2026-08-03 11:22:40.063581,,Loan Management System
APP00001708,CUST00001633,LN00002004,2024-03-24,5099460.01,Approved,2026-08-03 11:22:40.063581,,Loan Management System
APP00001709,CUST00001159,LN00001464,2020-06-22,670323.59,Approved,2026-08-03 11:22:40.063581,,Loan Management System
APP00001710,CUST00000783,,2012-12-27,2456617.25,Cancelled,2026-08-03 11:22:40.063581,,Loan Management System
APP00001711,CUST00000959,LN00001826,2013-06-30,1925572.98,Approved,2026-08-03 11:22:40.063581,,Loan Management System
APP00001712,CUST00000348,LN00000684,2025-09-29,6101091.68,Approved,2026-08-03 11:22:40.063581,,Loan Management System
APP00001713,CUST00000256,LN00002414,2025-09-18,2387045.55,Approved,2026-08-03 11:22:40.063581,,Loan Management System
APP00001714,CUST00003055,LN00001387,2020-11-01,942348.56,Approved,2026-08-03 11:22:40.063581,,Loan Management System
APP00001715,CUST00004200,LN00000026,2014-11-15,808112.07,Approved,2026-08-03 11:22:40.063581,,Loan Management System
APP00001716,CUST00001699,,2013-01-03,1090164.62,Rejected,2026-08-03 11:22:40.063581,,Loan Management System
APP00001717,CUST00003254,LN00002394,2012-05-22,3294480.23,Approved,2026-08-03 11:22:40.063581,,Loan Management System
APP00001718,CUST00004387,,2012-12-06,1114666.09,Rejected,2026-08-03 11:22:40.064585,,Loan Management System
APP00001719,CUST00000069,LN00002077,2015-06-20,15672503.89,Approved,2026-08-03 11:22:40.064585,,Loan Management System
APP00001720,CUST00004217,LN00001142,2014-08-09,1325680.93,Approved,2026-08-03 11:22:40.064585,,Loan Management System
APP00001721,CUST00000574,,2025-05-02,790977.9,Cancelled,2026-08-03 11:22:40.064585,,Loan Management System
APP00001722,CUST00003708,LN00001425,2020-09-14,1216756.08,Approved,2026-08-03 11:22:40.064585,,Loan Management System
APP00001723,CUST00004879,LN00000517,2024-03-04,9220916.18,Approved,2026-08-03 11:22:40.064585,,Loan Management System
APP00001724,CUST00004779,,2017-02-22,3471523.67,Rejected,2026-08-03 11:22:40.064585,,Loan Management System
APP00001725,CUST00004196,LN00001228,2018-10-02,1143053.91,Approved,2026-08-03 11:22:40.064585,,Loan Management System
APP00001726,CUST00002362,LN00000112,2018-01-10,197269.14,Approved,2026-08-03 11:22:40.064585,,Loan Management System
APP00001727,CUST00002007,LN00001544,2019-11-26,1600026.5,Approved,2026-08-03 11:22:40.064585,,Loan Management System
APP00001728,CUST00002656,LN00000740,2019-11-29,2442573.04,Approved,2026-08-03 11:22:40.064585,,Loan Management System
APP00001729,CUST00001561,,2023-06-22,805256.89,Pending,2026-08-03 11:22:40.065585,,Loan Management System
APP00001730,CUST00004351,,2019-01-11,2362076.59,Rejected,2026-08-03 11:22:40.065585,,Loan Management System
APP00001731,CUST00003224,LN00001412,2021-06-20,740397.4,Approved,2026-08-03 11:22:40.065585,,Loan Management System
APP00001732,CUST00003358,,2012-07-27,202549.32,Pending,2026-08-03 11:22:40.065585,,Loan Management System
APP00001733,CUST00001740,,2015-09-30,631874.32,Rejected,2026-08-03 11:22:40.065585,,Loan Management System
APP00001734,CUST00002999,,2013-01-19,2059116.55,Pending,2026-08-03 11:22:40.066585,,Loan Management System
APP00001735,CUST00001650,LN00000439,2018-04-10,12256813.13,Approved,2026-08-03 11:22:40.066585,,Loan Management System
APP00001736,CUST00004503,LN00000612,2025-10-20,526417.7,Approved,2026-08-03 11:22:40.066585,,Loan Management System
APP00001737,CUST00004299,,2019-04-20,710200.91,Pending,2026-08-03 11:22:40.066585,,Loan Management System
APP00001738,CUST00001966,LN00001969,2021-02-13,663006.82,Approved,2026-08-03 11:22:40.066585,,Loan Management System
APP00001739,CUST00002442,LN00001878,2019-02-27,1128867.5,Approved,2026-08-03 11:22:40.066585,,Loan Management System
APP00001740,CUST00002166,LN00000219,2014-04-01,7973083.42,Approved,2026-08-03 11:22:40.066585,,Loan Management System
APP00001741,CUST00000730,,2022-12-01,4567131.1,Pending,2026-08-03 11:22:40.066585,,Loan Management System
APP00001742,CUST00002110,LN00001540,2017-12-21,4897127.36,Approved,2026-08-03 11:22:40.066585,,Loan Management System
APP00001743,CUST00000634,LN00002380,2016-03-29,122375.71,Approved,2026-08-03 11:22:40.066585,,Loan Management System
APP00001744,CUST00001430,LN00000231,2025-02-25,3288978.05,Approved,2026-08-03 11:22:40.067586,,Loan Management System
APP00001745,CUST00002770,,2023-08-18,251026.86,Pending,2026-08-03 11:22:40.067586,,Loan Management System
APP00001746,CUST00001422,LN00001535,2014-05-07,1850874.48,Approved,2026-08-03 11:22:40.067586,,Loan Management System
APP00001747,CUST00003658,LN00000420,2015-08-11,3697483.29,Approved,2026-08-03 11:22:40.067586,,Loan Management System
APP00001748,CUST00001640,LN00000831,2024-07-21,3785642.2,Approved,2026-08-03 11:22:40.067586,,Loan Management System
APP00001749,CUST00000765,LN00001049,2015-08-27,6566141.47,Approved,2026-08-03 11:22:40.067586,,Loan Management System
APP00001750,CUST00000710,,2017-06-26,76332.23,Pending,2026-08-03 11:22:40.067586,,Loan Management System
APP00001751,CUST00001376,LN00000913,2024-11-05,1493398.56,Approved,2026-08-03 11:22:40.067586,,Loan Management System
APP00001752,CUST00000533,LN00001273,2021-05-05,219492.7,Approved,2026-08-03 11:22:40.067586,,Loan Management System
APP00001753,CUST00003683,,2024-11-27,474766.54,Rejected,2026-08-03 11:22:40.067586,,Loan Management System
APP00001754,CUST00000848,LN00000925,2013-08-19,587349.14,Approved,2026-08-03 11:22:40.067586,,Loan Management System
APP00001755,CUST00001906,LN00001507,2018-11-05,1738839.73,Approved,2026-08-03 11:22:40.068586,,Loan Management System
APP00001756,CUST00003283,LN00000245,2024-07-18,1700038.08,Approved,2026-08-03 11:22:40.068586,,Loan Management System
APP00001757,CUST00003063,LN00001854,2018-09-14,17826916.88,Approved,2026-08-03 11:22:40.068586,,Loan Management System
APP00001758,CUST00004727,LN00000534,2014-01-03,1361398.56,Approved,2026-08-03 11:22:40.068586,,Loan Management System
APP00001759,CUST00004290,LN00000670,2020-11-17,2606728.71,Approved,2026-08-03 11:22:40.068586,,Loan Management System
APP00001760,CUST00002322,LN00000401,2019-07-14,2540251.66,Approved,2026-08-03 11:22:40.068586,,Loan Management System
APP00001761,CUST00000426,LN00002082,2025-03-24,5100332.36,Approved,2026-08-03 11:22:40.068586,,Loan Management System
APP00001762,CUST00002778,LN00000525,2012-10-23,162843.0,Approved,2026-08-03 11:22:40.068586,,Loan Management System
APP00001763,CUST00003489,,2016-03-19,19709254.29,Pending,2026-08-03 11:22:40.068586,,Loan Management System
APP00001764,CUST00000944,LN00000413,2012-09-16,2246434.46,Approved,2026-08-03 11:22:40.068586,,Loan Management System
APP00001765,CUST00004802,LN00001979,2022-08-17,580643.45,Approved,2026-08-03 11:22:40.068586,,Loan Management System
APP00001766,CUST00001484,LN00001635,2013-01-07,966025.97,Approved,2026-08-03 11:22:40.068586,,Loan Management System
APP00001767,CUST00002702,LN00001331,2020-10-19,1309058.7,Approved,2026-08-03 11:22:40.068586,,Loan Management System
APP00001768,CUST00003139,LN00000767,2019-06-28,920097.7,Approved,2026-08-03 11:22:40.068586,,Loan Management System
APP00001769,CUST00003432,LN00002100,2022-04-30,3144535.23,Approved,2026-08-03 11:22:40.068586,,Loan Management System
APP00001770,CUST00001926,LN00002030,2022-10-24,8913473.4,Approved,2026-08-03 11:22:40.068586,,Loan Management System
APP00001771,CUST00003638,LN00001496,2020-09-28,179034.46,Approved,2026-08-03 11:22:40.068586,,Loan Management System
APP00001772,CUST00003352,,2020-04-10,789199.28,Rejected,2026-08-03 11:22:40.068586,,Loan Management System
APP00001773,CUST00002601,LN00000016,2018-09-09,8467635.71,Approved,2026-08-03 11:22:40.069586,,Loan Management System
APP00001774,CUST00002232,,2012-07-12,1064546.74,Rejected,2026-08-03 11:22:40.069586,,Loan Management System
APP00001775,CUST00000206,,2020-02-01,13606213.08,Pending,2026-08-03 11:22:40.069586,,Loan Management System
APP00001776,CUST00000195,,2026-03-16,853806.14,Rejected,2026-08-03 11:22:40.069586,,Loan Management System
APP00001777,CUST00004101,LN00001436,2026-02-17,1405590.01,Approved,2026-08-03 11:22:40.069586,,Loan Management System
APP00001778,CUST00004209,LN00001753,2013-02-27,10254680.01,Approved,2026-08-03 11:22:40.069586,,Loan Management System
APP00001779,CUST00003123,LN00000436,2016-11-10,804461.12,Approved,2026-08-03 11:22:40.069586,,Loan Management System
APP00001780,CUST00003497,LN00002416,2013-01-06,373020.69,Approved,2026-08-03 11:22:40.069586,,Loan Management System
APP00001781,CUST00001325,LN00002401,2023-08-02,1121371.56,Approved,2026-08-03 11:22:40.069586,,Loan Management System
APP00001782,CUST00004023,LN00001605,2015-05-11,4484412.68,Approved,2026-08-03 11:22:40.069586,,Loan Management System
APP00001783,CUST00002114,LN00001917,2013-01-08,1127936.44,Approved,2026-08-03 11:22:40.069586,,Loan Management System
APP00001784,CUST00003478,,2023-01-20,660254.1,Pending,2026-08-03 11:22:40.070586,,Loan Management System
APP00001785,CUST00003794,LN00000166,2014-01-20,1258976.95,Approved,2026-08-03 11:22:40.070586,,Loan Management System
APP00001786,CUST00004565,LN00000716,2024-04-04,723738.62,Approved,2026-08-03 11:22:40.070586,,Loan Management System
APP00001787,CUST00002689,LN00001500,2015-07-19,1218689.3,Approved,2026-08-03 11:22:40.070586,,Loan Management System
APP00001788,CUST00001708,LN00001007,2019-08-24,677513.63,Approved,2026-08-03 11:22:40.070586,,Loan Management System
APP00001789,CUST00003998,,2012-05-02,4488001.09,Rejected,2026-08-03 11:22:40.070586,,Loan Management System
APP00001790,CUST00004550,LN00000471,2025-02-27,3245693.55,Approved,2026-08-03 11:22:40.070586,,Loan Management System
APP00001791,CUST00002907,LN00002166,2021-01-28,1066107.55,Approved,2026-08-03 11:22:40.070586,,Loan Management System
APP00001792,CUST00001723,LN00002486,2022-03-07,3717320.93,Approved,2026-08-03 11:22:40.070586,,Loan Management System
APP00001793,CUST00001901,,2019-08-12,561854.82,Pending,2026-08-03 11:22:40.071586,,Loan Management System
APP00001794,CUST00000977,LN00001588,2022-09-18,1057233.88,Approved,2026-08-03 11:22:40.071586,,Loan Management System
APP00001795,CUST00004357,,2018-02-06,980649.3,Pending,2026-08-03 11:22:40.071586,,Loan Management System
APP00001796,CUST00000614,LN00001657,2024-02-28,2593570.09,Approved,2026-08-03 11:22:40.071586,,Loan Management System
APP00001797,CUST00002490,LN00001220,2015-12-18,1711586.62,Approved,2026-08-03 11:22:40.071586,,Loan Management System
APP00001798,CUST00002756,,2026-03-05,1424445.81,Pending,2026-08-03 11:22:40.071586,,Loan Management System
APP00001799,CUST00004874,LN00001238,2012-06-10,482329.76,Approved,2026-08-03 11:22:40.071586,,Loan Management System
APP00001800,CUST00000192,LN00000850,2024-01-22,3159746.34,Approved,2026-08-03 11:22:40.071586,,Loan Management System
APP00001801,CUST00001178,,2025-04-01,1861980.47,Pending,2026-08-03 11:22:40.072586,,Loan Management System
APP00001802,CUST00002989,LN00002280,2016-10-21,1339659.41,Approved,2026-08-03 11:22:40.072586,,Loan Management System
APP00001803,CUST00004941,LN00002498,2021-03-10,4345286.26,Approved,2026-08-03 11:22:40.072586,,Loan Management System
APP00001804,CUST00001497,LN00001759,2012-07-14,416143.38,Approved,2026-08-03 11:22:40.072586,,Loan Management System
APP00001805,CUST00002847,LN00001045,2011-08-29,2346569.92,Approved,2026-08-03 11:22:40.072586,,Loan Management System
APP00001806,CUST00002527,,2018-09-01,1919428.25,Cancelled,2026-08-03 11:22:40.072586,,Loan Management System
APP00001807,CUST00002746,,2023-11-03,17073809.05,Rejected,2026-08-03 11:22:40.073090,,Loan Management System
APP00001808,CUST00004224,,2017-01-11,1912827.37,Rejected,2026-08-03 11:22:40.073090,,Loan Management System
APP00001809,CUST00004151,LN00001333,2018-07-09,4990400.24,Approved,2026-08-03 11:22:40.073090,,Loan Management System
APP00001810,CUST00000338,LN00001199,2020-10-29,628234.34,Approved,2026-08-03 11:22:40.073090,,Loan Management System
APP00001811,CUST00003628,,2021-04-23,2649045.2,Cancelled,2026-08-03 11:22:40.073090,,Loan Management System
APP00001812,CUST00003508,,2017-12-05,2286921.31,Rejected,2026-08-03 11:22:40.074095,,Loan Management System
APP00001813,CUST00004498,LN00001971,2025-05-16,1617251.0,Approved,2026-08-03 11:22:40.074095,,Loan Management System
APP00001814,CUST00004434,,2020-02-16,1913562.8,Pending,2026-08-03 11:22:40.074095,,Loan Management System
APP00001815,CUST00002465,LN00002244,2021-10-22,1606487.3,Approved,2026-08-03 11:22:40.074095,,Loan Management System
APP00001816,CUST00001383,LN00000655,2022-01-27,6149309.27,Approved,2026-08-03 11:22:40.074095,,Loan Management System
APP00001817,CUST00002409,LN00001026,2022-11-04,17256636.01,Approved,2026-08-03 11:22:40.074095,,Loan Management System
APP00001818,CUST00000602,,2025-04-08,1819294.08,Rejected,2026-08-03 11:22:40.074095,,Loan Management System
APP00001819,CUST00000210,LN00000282,2015-04-21,3784042.96,Approved,2026-08-03 11:22:40.074095,,Loan Management System
APP00001820,CUST00001397,LN00002470,2016-07-20,2908503.63,Approved,2026-08-03 11:22:40.074095,,Loan Management System
APP00001821,CUST00000943,,2018-05-29,2096009.52,Pending,2026-08-03 11:22:40.074095,,Loan Management System
APP00001822,CUST00002373,LN00002213,2024-11-27,8217615.2,Approved,2026-08-03 11:22:40.074095,,Loan Management System
APP00001823,CUST00004513,LN00000449,2019-05-04,16051953.11,Approved,2026-08-03 11:22:40.074095,,Loan Management System
APP00001824,CUST00002317,LN00001182,2016-09-08,1856452.38,Approved,2026-08-03 11:22:40.075099,,Loan Management System
APP00001825,CUST00000753,LN00000087,2013-03-23,2944230.14,Approved,2026-08-03 11:22:40.075099,,Loan Management System
APP00001826,CUST00004482,LN00002197,2012-06-21,3088505.76,Approved,2026-08-03 11:22:40.075099,,Loan Management System
APP00001827,CUST00002540,,2013-01-20,1932079.14,Rejected,2026-08-03 11:22:40.075099,,Loan Management System
APP00001828,CUST00000720,LN00002021,2014-03-20,2413120.6,Approved,2026-08-03 11:22:40.075099,,Loan Management System
APP00001829,CUST00000503,LN00001246,2016-06-13,6184021.14,Approved,2026-08-03 11:22:40.075099,,Loan Management System
APP00001830,CUST00002137,LN00000050,2013-02-28,1033349.79,Approved,2026-08-03 11:22:40.075099,,Loan Management System
APP00001831,CUST00001147,,2017-11-11,9188089.65,Rejected,2026-08-03 11:22:40.075099,,Loan Management System
APP00001832,CUST00002650,,2014-12-31,216958.12,Pending,2026-08-03 11:22:40.075099,,Loan Management System
APP00001833,CUST00004047,LN00001143,2012-05-15,8724237.19,Approved,2026-08-03 11:22:40.075099,,Loan Management System
APP00001834,CUST00000498,LN00001723,2013-11-15,1091745.57,Approved,2026-08-03 11:22:40.075099,,Loan Management System
APP00001835,CUST00002647,LN00002298,2023-06-16,294712.73,Approved,2026-08-03 11:22:40.075099,,Loan Management System
APP00001836,CUST00002817,LN00000466,2025-10-07,96543.54,Approved,2026-08-03 11:22:40.076099,,Loan Management System
APP00001837,CUST00002077,LN00002400,2013-03-24,6769972.98,Approved,2026-08-03 11:22:40.076099,,Loan Management System
APP00001838,CUST00002137,LN00000237,2012-11-18,2123874.18,Approved,2026-08-03 11:22:40.076099,,Loan Management System
APP00001839,CUST00000857,LN00000326,2013-03-12,1908148.74,Approved,2026-08-03 11:22:40.076099,,Loan Management System
APP00001840,CUST00000981,,2021-08-26,1786717.98,Pending,2026-08-03 11:22:40.076099,,Loan Management System
APP00001841,CUST00000920,,2019-12-24,3722711.53,Rejected,2026-08-03 11:22:40.076099,,Loan Management System
APP00001842,CUST00002307,LN00000919,2014-11-10,761372.91,Approved,2026-08-03 11:22:40.076099,,Loan Management System
APP00001843,CUST00001150,LN00002404,2026-01-16,668407.94,Approved,2026-08-03 11:22:40.076099,,Loan Management System
APP00001844,CUST00002847,LN00002114,2012-12-23,17674215.08,Approved,2026-08-03 11:22:40.076099,,Loan Management System
APP00001845,CUST00000181,LN00002310,2017-08-17,447811.63,Approved,2026-08-03 11:22:40.076099,,Loan Management System
APP00001846,CUST00004073,LN00000318,2018-05-31,2533448.37,Approved,2026-08-03 11:22:40.076099,,Loan Management System
APP00001847,CUST00003800,LN00001234,2016-01-16,2043772.38,Approved,2026-08-03 11:22:40.076099,,Loan Management System
APP00001848,CUST00002614,,2011-12-29,14286086.36,Rejected,2026-08-03 11:22:40.077100,,Loan Management System
APP00001849,CUST00004156,LN00002201,2012-10-13,376869.79,Approved,2026-08-03 11:22:40.077100,,Loan Management System
APP00001850,CUST00000546,LN00001075,2020-12-23,741393.08,Approved,2026-08-03 11:22:40.077100,,Loan Management System
APP00001851,CUST00004106,LN00000128,2016-11-16,2967622.84,Approved,2026-08-03 11:22:40.077100,,Loan Management System
APP00001852,CUST00001886,,2022-05-28,9265629.82,Rejected,2026-08-03 11:22:40.077100,,Loan Management System
APP00001853,CUST00000277,LN00002106,2016-12-10,19208868.38,Approved,2026-08-03 11:22:40.077100,,Loan Management System
APP00001854,CUST00000287,LN00000821,2018-06-10,1352015.9,Approved,2026-08-03 11:22:40.077100,,Loan Management System
APP00001855,CUST00001775,LN00002111,2025-07-28,669436.19,Approved,2026-08-03 11:22:40.077100,,Loan Management System
APP00001856,CUST00002781,LN00002010,2017-04-26,2086176.58,Approved,2026-08-03 11:22:40.077100,,Loan Management System
APP00001857,CUST00000120,LN00000704,2024-01-07,3806210.97,Approved,2026-08-03 11:22:40.077100,,Loan Management System
APP00001858,CUST00004163,LN00000846,2025-08-31,5703326.55,Approved,2026-08-03 11:22:40.077100,,Loan Management System
APP00001859,CUST00002412,,2015-01-29,2692696.66,Rejected,2026-08-03 11:22:40.077100,,Loan Management System
APP00001860,CUST00001647,LN00001325,2026-04-12,1928199.86,Approved,2026-08-03 11:22:40.078100,,Loan Management System
APP00001861,CUST00004483,,2015-08-21,360936.36,Rejected,2026-08-03 11:22:40.078100,,Loan Management System
APP00001862,CUST00002763,,2018-09-23,499539.69,Rejected,2026-08-03 11:22:40.078100,,Loan Management System
APP00001863,CUST00000859,LN00000693,2022-09-07,6307629.92,Approved,2026-08-03 11:22:40.078100,,Loan Management System
APP00001864,CUST00002406,LN00000732,2019-03-07,16178538.02,Approved,2026-08-03 11:22:40.078100,,Loan Management System
APP00001865,CUST00000787,LN00001928,2021-06-07,19432147.14,Approved,2026-08-03 11:22:40.078100,,Loan Management System
APP00001866,CUST00002471,LN00000189,2016-01-11,4170877.27,Approved,2026-08-03 11:22:40.078100,,Loan Management System
APP00001867,CUST00002700,,2013-03-03,2007465.72,Rejected,2026-08-03 11:22:40.078100,,Loan Management System
APP00001868,CUST00002334,LN00001390,2014-09-03,2085223.05,Approved,2026-08-03 11:22:40.078100,,Loan Management System
APP00001869,CUST00002058,,2015-07-11,5745604.73,Rejected,2026-08-03 11:22:40.079100,,Loan Management System
APP00001870,CUST00003041,,2025-12-20,801636.61,Rejected,2026-08-03 11:22:40.079100,,Loan Management System
APP00001871,CUST00002042,LN00001752,2017-09-22,12828682.83,Approved,2026-08-03 11:22:40.079100,,Loan Management System
APP00001872,CUST00003992,,2018-08-12,3037726.63,Rejected,2026-08-03 11:22:40.079100,,Loan Management System
APP00001873,CUST00000917,,2023-07-05,1334875.41,Cancelled,2026-08-03 11:22:40.079100,,Loan Management System
APP00001874,CUST00004364,LN00001071,2022-10-24,872470.7,Approved,2026-08-03 11:22:40.079100,,Loan Management System
APP00001875,CUST00002440,,2019-05-21,3568147.43,Cancelled,2026-08-03 11:22:40.080099,,Loan Management System
APP00001876,CUST00000739,,2024-04-23,727306.21,Pending,2026-08-03 11:22:40.080099,,Loan Management System
APP00001877,CUST00001110,,2013-01-11,1270134.97,Pending,2026-08-03 11:22:40.080099,,Loan Management System
APP00001878,CUST00002631,,2021-06-19,828014.2,Pending,2026-08-03 11:22:40.080099,,Loan Management System
APP00001879,CUST00000870,,2013-03-18,2852297.71,Rejected,2026-08-03 11:22:40.081099,,Loan Management System
APP00001880,CUST00000315,LN00000210,2016-08-18,764805.97,Approved,2026-08-03 11:22:40.081099,,Loan Management System
APP00001881,CUST00001014,LN00000311,2014-09-10,3507081.02,Approved,2026-08-03 11:22:40.081099,,Loan Management System
APP00001882,CUST00004426,LN00000287,2012-07-10,1344490.23,Approved,2026-08-03 11:22:40.081099,,Loan Management System
APP00001883,CUST00000247,,2012-11-09,2183548.09,Rejected,2026-08-03 11:22:40.081099,,Loan Management System
APP00001884,CUST00002223,,2021-08-27,338506.97,Rejected,2026-08-03 11:22:40.081099,,Loan Management System
APP00001885,CUST00001539,LN00000140,2018-04-22,3282211.09,Approved,2026-08-03 11:22:40.081099,,Loan Management System
APP00001886,CUST00002320,LN00002022,2014-02-13,1393405.83,Approved,2026-08-03 11:22:40.081099,,Loan Management System
APP00001887,CUST00000586,LN00001018,2013-01-03,1166233.25,Approved,2026-08-03 11:22:40.081099,,Loan Management System
APP00001888,CUST00004528,LN00000271,2019-02-20,684133.86,Approved,2026-08-03 11:22:40.081099,,Loan Management System
APP00001889,CUST00004462,LN00002151,2015-11-01,2163293.92,Approved,2026-08-03 11:22:40.081099,,Loan Management System
APP00001890,CUST00004031,LN00001048,2012-12-13,6005484.03,Approved,2026-08-03 11:22:40.081099,,Loan Management System
APP00001891,CUST00002114,LN00001730,2020-09-04,593940.62,Approved,2026-08-03 11:22:40.081099,,Loan Management System
APP00001892,CUST00000045,,2026-01-23,329067.94,Pending,2026-08-03 11:22:40.081099,,Loan Management System
APP00001893,CUST00004813,,2016-12-11,1524280.4,Rejected,2026-08-03 11:22:40.081099,,Loan Management System
APP00001894,CUST00000340,,2025-03-18,3438020.84,Rejected,2026-08-03 11:22:40.082604,,Loan Management System
APP00001895,CUST00003615,LN00002136,2013-06-18,1017494.7,Approved,2026-08-03 11:22:40.082604,,Loan Management System
APP00001896,CUST00001271,LN00001159,2025-04-21,4049830.48,Approved,2026-08-03 11:22:40.082723,,Loan Management System
APP00001897,CUST00003374,LN00001952,2022-09-03,623539.97,Approved,2026-08-03 11:22:40.082723,,Loan Management System
APP00001898,CUST00000592,,2019-04-16,1996913.84,Pending,2026-08-03 11:22:40.082723,,Loan Management System
APP00001899,CUST00002294,LN00002198,2017-10-06,7459668.84,Approved,2026-08-03 11:22:40.082723,,Loan Management System
APP00001900,CUST00002550,,2015-07-24,1115338.38,Rejected,2026-08-03 11:22:40.082723,,Loan Management System
APP00001901,CUST00003470,LN00000071,2021-12-16,9140264.7,Approved,2026-08-03 11:22:40.082723,,Loan Management System
APP00001902,CUST00004699,LN00001393,2024-03-03,648994.71,Approved,2026-08-03 11:22:40.082723,,Loan Management System
APP00001903,CUST00003773,LN00002284,2018-02-16,3002928.68,Approved,2026-08-03 11:22:40.082723,,Loan Management System
APP00001904,CUST00001410,,2024-11-08,117666.73,Cancelled,2026-08-03 11:22:40.083610,,Loan Management System
APP00001905,CUST00002140,LN00000811,2013-12-04,4290529.49,Approved,2026-08-03 11:22:40.083610,,Loan Management System
APP00001906,CUST00004903,,2013-06-10,16285238.8,Rejected,2026-08-03 11:22:40.083610,,Loan Management System
APP00001907,CUST00003647,,2014-03-25,1363236.3,Rejected,2026-08-03 11:22:40.083610,,Loan Management System
APP00001908,CUST00001513,LN00000664,2022-10-16,2656236.27,Approved,2026-08-03 11:22:40.083610,,Loan Management System
APP00001909,CUST00000127,LN00001431,2023-04-30,200855.04,Approved,2026-08-03 11:22:40.083610,,Loan Management System
APP00001910,CUST00000876,,2019-03-27,363771.13,Pending,2026-08-03 11:22:40.083610,,Loan Management System
APP00001911,CUST00004736,,2019-07-07,1048628.18,Rejected,2026-08-03 11:22:40.084614,,Loan Management System
APP00001912,CUST00004028,,2016-12-05,2210667.11,Rejected,2026-08-03 11:22:40.084614,,Loan Management System
APP00001913,CUST00000637,LN00000053,2013-03-05,1127825.92,Approved,2026-08-03 11:22:40.084614,,Loan Management System
APP00001914,CUST00001863,LN00001127,2023-04-25,623820.42,Approved,2026-08-03 11:22:40.084614,,Loan Management System
APP00001915,CUST00004597,LN00001629,2019-01-22,1619493.65,Approved,2026-08-03 11:22:40.084614,,Loan Management System
APP00001916,CUST00004199,LN00000646,2024-02-20,15546786.88,Approved,2026-08-03 11:22:40.084614,,Loan Management System
APP00001917,CUST00000246,LN00001571,2025-11-08,8378976.47,Approved,2026-08-03 11:22:40.084614,,Loan Management System
APP00001918,CUST00003155,LN00002059,2016-08-29,11979604.59,Approved,2026-08-03 11:22:40.084614,,Loan Management System
APP00001919,CUST00000117,,2016-10-30,4170014.78,Rejected,2026-08-03 11:22:40.084614,,Loan Management System
APP00001920,CUST00002749,LN00002499,2018-08-16,7490714.75,Approved,2026-08-03 11:22:40.084614,,Loan Management System
APP00001921,CUST00001973,,2016-02-04,700936.04,Rejected,2026-08-03 11:22:40.085615,,Loan Management System
APP00001922,CUST00000604,LN00001616,2023-09-18,2898708.72,Approved,2026-08-03 11:22:40.085615,,Loan Management System
APP00001923,CUST00002343,LN00002437,2022-07-01,10853847.49,Approved,2026-08-03 11:22:40.085615,,Loan Management System
APP00001924,CUST00003265,,2014-04-08,509153.95,Pending,2026-08-03 11:22:40.085615,,Loan Management System
APP00001925,CUST00000179,,2025-04-29,15747851.71,Pending,2026-08-03 11:22:40.085615,,Loan Management System
APP00001926,CUST00000542,LN00002392,2026-05-08,1121187.75,Approved,2026-08-03 11:22:40.085615,,Loan Management System
APP00001927,CUST00004284,LN00001775,2024-12-17,297208.02,Approved,2026-08-03 11:22:40.085615,,Loan Management System
APP00001928,CUST00001026,,2012-04-09,1855256.55,Rejected,2026-08-03 11:22:40.086615,,Loan Management System
APP00001929,CUST00004688,,2015-03-31,1071504.72,Rejected,2026-08-03 11:22:40.086615,,Loan Management System
APP00001930,CUST00003006,LN00000035,2016-03-28,343896.47,Approved,2026-08-03 11:22:40.086615,,Loan Management System
APP00001931,CUST00004334,,2014-02-09,194608.04,Rejected,2026-08-03 11:22:40.086615,,Loan Management System
APP00001932,CUST00004642,LN00000662,2020-01-27,3986346.0,Approved,2026-08-03 11:22:40.086615,,Loan Management System
APP00001933,CUST00004196,LN00001812,2017-07-30,2178869.11,Approved,2026-08-03 11:22:40.086615,,Loan Management System
APP00001934,CUST00002514,LN00001202,2011-07-23,6704497.69,Approved,2026-08-03 11:22:40.086615,,Loan Management System
APP00001935,CUST00001964,LN00000334,2015-10-03,2401419.05,Approved,2026-08-03 11:22:40.086615,,Loan Management System
APP00001936,CUST00000455,LN00000584,2026-03-02,2740036.45,Approved,2026-08-03 11:22:40.086615,,Loan Management System
APP00001937,CUST00002527,LN00002262,2013-01-16,565297.17,Approved,2026-08-03 11:22:40.086615,,Loan Management System
APP00001938,CUST00002795,,2023-02-08,4816938.75,Rejected,2026-08-03 11:22:40.087615,,Loan Management System
APP00001939,CUST00002260,,2016-09-01,1236257.38,Pending,2026-08-03 11:22:40.087615,,Loan Management System
APP00001940,CUST00003201,,2016-01-05,2333017.69,Pending,2026-08-03 11:22:40.087615,,Loan Management System
APP00001941,CUST00004482,LN00001406,2025-06-03,1923563.0,Approved,2026-08-03 11:22:40.087615,,Loan Management System
APP00001942,CUST00000730,LN00001417,2013-12-14,6844852.45,Approved,2026-08-03 11:22:40.087615,,Loan Management System
APP00001943,CUST00000332,LN00001315,2020-11-19,1667982.72,Approved,2026-08-03 11:22:40.087615,,Loan Management System
APP00001944,CUST00003045,LN00002344,2025-09-04,2438576.09,Approved,2026-08-03 11:22:40.087615,,Loan Management System
APP00001945,CUST00000059,,2021-01-16,5192921.61,Rejected,2026-08-03 11:22:40.087615,,Loan Management System
APP00001946,CUST00000136,LN00000561,2025-05-10,8937693.97,Approved,2026-08-03 11:22:40.088614,,Loan Management System
APP00001947,CUST00000549,LN00000221,2024-09-24,2229465.57,Approved,2026-08-03 11:22:40.088614,,Loan Management System
APP00001948,CUST00004249,LN00001308,2023-03-31,5443054.76,Approved,2026-08-03 11:22:40.088614,,Loan Management System
APP00001949,CUST00002519,LN00001889,2024-08-14,558183.62,Approved,2026-08-03 11:22:40.088614,,Loan Management System
APP00001950,CUST00002170,LN00001217,2012-08-27,2731058.9,Approved,2026-08-03 11:22:40.088614,,Loan Management System
APP00001951,CUST00002901,LN00000322,2012-05-17,1196177.27,Approved,2026-08-03 11:22:40.088614,,Loan Management System
APP00001952,CUST00000426,LN00001138,2019-06-08,2139232.4,Approved,2026-08-03 11:22:40.088614,,Loan Management System
APP00001953,CUST00003466,,2011-10-16,17641866.38,Rejected,2026-08-03 11:22:40.088614,,Loan Management System
APP00001954,CUST00004308,LN00000783,2014-02-22,228696.39,Approved,2026-08-03 11:22:40.088614,,Loan Management System
APP00001955,CUST00002434,,2025-09-17,1846452.91,Rejected,2026-08-03 11:22:40.088614,,Loan Management System
APP00001956,CUST00004558,LN00001764,2025-11-26,1162059.97,Approved,2026-08-03 11:22:40.088614,,Loan Management System
APP00001957,CUST00003515,LN00000303,2021-03-04,1682828.15,Approved,2026-08-03 11:22:40.088614,,Loan Management System
APP00001958,CUST00001145,LN00001547,2015-06-03,2401338.12,Approved,2026-08-03 11:22:40.088614,,Loan Management System
APP00001959,CUST00002232,,2025-08-07,1606169.38,Rejected,2026-08-03 11:22:40.089615,,Loan Management System
APP00001960,CUST00000834,LN00000755,2025-03-17,2961577.72,Approved,2026-08-03 11:22:40.089615,,Loan Management System
APP00001961,CUST00004635,LN00000162,2024-05-17,235805.33,Approved,2026-08-03 11:22:40.089615,,Loan Management System
APP00001962,CUST00004995,LN00000864,2023-02-20,10600309.8,Approved,2026-08-03 11:22:40.089615,,Loan Management System
APP00001963,CUST00002171,LN00000060,2012-03-07,1047200.33,Approved,2026-08-03 11:22:40.089615,,Loan Management System
APP00001964,CUST00002410,LN00002167,2024-07-01,2451158.15,Approved,2026-08-03 11:22:40.089615,,Loan Management System
APP00001965,CUST00001402,LN00000607,2017-07-18,1431483.34,Approved,2026-08-03 11:22:40.089615,,Loan Management System
APP00001966,CUST00003175,LN00001926,2020-12-14,15913817.9,Approved,2026-08-03 11:22:40.089615,,Loan Management System
APP00001967,CUST00002117,LN00000419,2021-02-18,19563616.48,Approved,2026-08-03 11:22:40.089615,,Loan Management System
APP00001968,CUST00003933,LN00000535,2018-09-26,622154.51,Approved,2026-08-03 11:22:40.089615,,Loan Management System
APP00001969,CUST00004374,,2012-09-06,1765840.87,Rejected,2026-08-03 11:22:40.089615,,Loan Management System
APP00001970,CUST00004092,LN00000611,2023-01-11,809007.24,Approved,2026-08-03 11:22:40.089615,,Loan Management System
APP00001971,CUST00001952,,2022-07-30,808417.71,Rejected,2026-08-03 11:22:40.089615,,Loan Management System
APP00001972,CUST00002277,LN00000023,2021-10-11,896200.15,Approved,2026-08-03 11:22:40.089615,,Loan Management System
APP00001973,CUST00000455,,2025-05-09,1343736.45,Rejected,2026-08-03 11:22:40.090616,,Loan Management System
APP00001974,CUST00004183,LN00000867,2023-10-09,3365711.26,Approved,2026-08-03 11:22:40.090616,,Loan Management System
APP00001975,CUST00004513,LN00002157,2024-05-10,221735.14,Approved,2026-08-03 11:22:40.090616,,Loan Management System
APP00001976,CUST00002144,LN00000509,2012-04-03,1042645.27,Approved,2026-08-03 11:22:40.090616,,Loan Management System
APP00001977,CUST00004162,LN00001950,2015-01-27,1543836.83,Approved,2026-08-03 11:22:40.090616,,Loan Management System
APP00001978,CUST00003215,LN00002269,2025-12-01,623449.41,Approved,2026-08-03 11:22:40.090616,,Loan Management System
APP00001979,CUST00003702,LN00001073,2017-10-26,4139171.38,Approved,2026-08-03 11:22:40.090616,,Loan Management System
APP00001980,CUST00001214,LN00000400,2021-05-14,550764.23,Approved,2026-08-03 11:22:40.090616,,Loan Management System
APP00001981,CUST00001711,LN00002222,2021-10-03,1636549.02,Approved,2026-08-03 11:22:40.090616,,Loan Management System
APP00001982,CUST00001071,,2021-05-07,951628.58,Rejected,2026-08-03 11:22:40.090616,,Loan Management System
APP00001983,CUST00000633,LN00002324,2024-12-10,949419.0,Approved,2026-08-03 11:22:40.090616,,Loan Management System
APP00001984,CUST00000164,,2025-07-25,1464374.99,Rejected,2026-08-03 11:22:40.091615,,Loan Management System
APP00001985,CUST00000613,LN00000247,2013-09-15,1181030.65,Approved,2026-08-03 11:22:40.091615,,Loan Management System
APP00001986,CUST00001456,LN00002101,2018-08-27,456523.08,Approved,2026-08-03 11:22:40.091615,,Loan Management System
APP00001987,CUST00002519,LN00001224,2021-06-16,2042651.88,Approved,2026-08-03 11:22:40.091615,,Loan Management System
APP00001988,CUST00001437,LN00002054,2018-04-02,991859.97,Approved,2026-08-03 11:22:40.091615,,Loan Management System
APP00001989,CUST00002542,,2023-03-18,111980.83,Rejected,2026-08-03 11:22:40.091615,,Loan Management System
APP00001990,CUST00004702,LN00000410,2014-09-09,3852696.6,Approved,2026-08-03 11:22:40.091615,,Loan Management System
APP00001991,CUST00001312,LN00001930,2021-01-06,2340550.25,Approved,2026-08-03 11:22:40.091615,,Loan Management System
APP00001992,CUST00001174,LN00001239,2014-05-03,7694925.07,Approved,2026-08-03 11:22:40.091615,,Loan Management System
APP00001993,CUST00000254,LN00000644,2023-03-01,786155.2,Approved,2026-08-03 11:22:40.091615,,Loan Management System
APP00001994,CUST00003745,LN00000993,2025-07-25,2326394.76,Approved,2026-08-03 11:22:40.091615,,Loan Management System
APP00001995,CUST00000263,,2016-04-06,914289.21,Rejected,2026-08-03 11:22:40.091615,,Loan Management System
APP00001996,CUST00003601,LN00000656,2016-10-31,3468332.5,Approved,2026-08-03 11:22:40.091615,,Loan Management System
APP00001997,CUST00000640,LN00002173,2022-05-06,4299986.33,Approved,2026-08-03 11:22:40.092615,,Loan Management System
APP00001998,CUST00004051,,2014-02-11,232177.2,Pending,2026-08-03 11:22:40.092615,,Loan Management System
APP00001999,CUST00000543,,2012-03-05,9522689.74,Rejected,2026-08-03 11:22:40.093120,,Loan Management System
APP00002000,CUST00004933,LN00000300,2020-10-02,7344212.27,Approved,2026-08-03 11:22:40.093120,,Loan Management System
APP00002001,CUST00004830,,2022-02-13,13423552.46,Rejected,2026-08-03 11:22:40.093120,,Loan Management System
APP00002002,CUST00000875,,2022-01-30,946911.46,Rejected,2026-08-03 11:22:40.093120,,Loan Management System
APP00002003,CUST00001081,LN00001904,2013-02-07,9385130.67,Approved,2026-08-03 11:22:40.093120,,Loan Management System
APP00002004,CUST00000343,LN00000989,2013-04-16,11040559.78,Approved,2026-08-03 11:22:40.093120,,Loan Management System
APP00002005,CUST00000245,LN00002425,2020-02-02,352106.25,Approved,2026-08-03 11:22:40.093120,,Loan Management System
APP00002006,CUST00001807,LN00000730,2024-08-08,2087171.1,Approved,2026-08-03 11:22:40.093120,,Loan Management System
APP00002007,CUST00002944,LN00000671,2013-09-23,76350.65,Approved,2026-08-03 11:22:40.093120,,Loan Management System
APP00002008,CUST00001201,LN00000007,2015-05-05,12240329.63,Approved,2026-08-03 11:22:40.093120,,Loan Management System
APP00002009,CUST00000976,,2012-08-15,1263898.93,Cancelled,2026-08-03 11:22:40.094126,,Loan Management System
APP00002010,CUST00003875,LN00002448,2013-10-20,4941794.79,Approved,2026-08-03 11:22:40.094126,,Loan Management System
APP00002011,CUST00001032,LN00000458,2013-09-30,164610.04,Approved,2026-08-03 11:22:40.094126,,Loan Management System
APP00002012,CUST00001968,LN00000506,2018-09-23,3399009.75,Approved,2026-08-03 11:22:40.094126,,Loan Management System
APP00002013,CUST00002006,LN00000971,2024-12-30,18003945.03,Approved,2026-08-03 11:22:40.094126,,Loan Management System
APP00002014,CUST00003350,LN00002460,2014-01-26,6618038.86,Approved,2026-08-03 11:22:40.094126,,Loan Management System
APP00002015,CUST00003886,LN00000746,2011-07-25,1089350.37,Approved,2026-08-03 11:22:40.094126,,Loan Management System
APP00002016,CUST00003506,LN00001982,2016-02-08,19342152.6,Approved,2026-08-03 11:22:40.094126,,Loan Management System
APP00002017,CUST00001690,,2015-10-29,3020843.89,Rejected,2026-08-03 11:22:40.094126,,Loan Management System
APP00002018,CUST00003930,,2022-04-26,6160036.73,Rejected,2026-08-03 11:22:40.094126,,Loan Management System
APP00002019,CUST00000174,LN00000566,2024-02-02,13023500.98,Approved,2026-08-03 11:22:40.094126,,Loan Management System
APP00002020,CUST00002294,LN00002182,2019-05-26,3537975.24,Approved,2026-08-03 11:22:40.095131,,Loan Management System
APP00002021,CUST00001098,LN00002292,2022-06-20,9125661.74,Approved,2026-08-03 11:22:40.095131,,Loan Management System
APP00002022,CUST00000073,,2024-11-20,158900.39,Rejected,2026-08-03 11:22:40.095131,,Loan Management System
APP00002023,CUST00001577,LN00001946,2017-06-30,1334789.45,Approved,2026-08-03 11:22:40.095131,,Loan Management System
APP00002024,CUST00001010,,2019-09-30,656666.42,Pending,2026-08-03 11:22:40.095131,,Loan Management System
APP00002025,CUST00003911,LN00001396,2012-09-30,4307528.25,Approved,2026-08-03 11:22:40.095131,,Loan Management System
APP00002026,CUST00004558,,2024-11-17,2251668.98,Cancelled,2026-08-03 11:22:40.095131,,Loan Management System
APP00002027,CUST00003951,,2019-10-31,15563469.3,Rejected,2026-08-03 11:22:40.096131,,Loan Management System
APP00002028,CUST00002456,LN00002406,2016-05-11,6836484.6,Approved,2026-08-03 11:22:40.096131,,Loan Management System
APP00002029,CUST00003248,LN00001684,2017-11-02,122597.11,Approved,2026-08-03 11:22:40.096131,,Loan Management System
APP00002030,CUST00001600,LN00000948,2011-12-27,2830812.57,Approved,2026-08-03 11:22:40.096131,,Loan Management System
APP00002031,CUST00003019,LN00001006,2024-09-06,3499624.7,Approved,2026-08-03 11:22:40.096131,,Loan Management System
APP00002032,CUST00000657,LN00001084,2019-03-31,1641365.12,Approved,2026-08-03 11:22:40.096131,,Loan Management System
APP00002033,CUST00000710,LN00001567,2018-09-16,2284596.67,Approved,2026-08-03 11:22:40.096131,,Loan Management System
APP00002034,CUST00001048,LN00001518,2011-12-16,2004698.45,Approved,2026-08-03 11:22:40.096131,,Loan Management System
APP00002035,CUST00002182,,2012-01-11,1041624.06,Rejected,2026-08-03 11:22:40.096131,,Loan Management System
APP00002036,CUST00001014,,2017-01-04,1698303.22,Rejected,2026-08-03 11:22:40.096131,,Loan Management System
APP00002037,CUST00001781,,2021-09-29,441026.47,Rejected,2026-08-03 11:22:40.097131,,Loan Management System
APP00002038,CUST00002173,,2015-04-24,3804437.49,Pending,2026-08-03 11:22:40.097131,,Loan Management System
APP00002039,CUST00003905,LN00001843,2026-03-05,550289.6,Approved,2026-08-03 11:22:40.097131,,Loan Management System
APP00002040,CUST00001084,LN00000304,2021-04-18,8304040.42,Approved,2026-08-03 11:22:40.097131,,Loan Management System
APP00002041,CUST00004248,LN00000787,2019-02-04,650681.74,Approved,2026-08-03 11:22:40.097131,,Loan Management System
APP00002042,CUST00000971,LN00002466,2013-06-07,5836512.25,Approved,2026-08-03 11:22:40.097131,,Loan Management System
APP00002043,CUST00000030,,2020-08-04,883961.02,Rejected,2026-08-03 11:22:40.097131,,Loan Management System
APP00002044,CUST00002082,LN00001047,2014-10-06,1524305.01,Approved,2026-08-03 11:22:40.097131,,Loan Management System
APP00002045,CUST00002726,LN00001461,2025-12-12,2411314.88,Approved,2026-08-03 11:22:40.097131,,Loan Management System
APP00002046,CUST00004925,LN00002051,2016-09-22,512503.79,Approved,2026-08-03 11:22:40.097131,,Loan Management System
APP00002047,CUST00001634,LN00002369,2025-03-20,746609.67,Approved,2026-08-03 11:22:40.097131,,Loan Management System
APP00002048,CUST00001205,LN00001818,2011-09-18,1213874.83,Approved,2026-08-03 11:22:40.097131,,Loan Management System
APP00002049,CUST00002110,,2015-10-21,1066592.33,Rejected,2026-08-03 11:22:40.098141,,Loan Management System
APP00002050,CUST00002841,LN00001001,2022-07-19,1497790.58,Approved,2026-08-03 11:22:40.098141,,Loan Management System
APP00002051,CUST00002767,LN00001738,2013-03-06,861152.86,Approved,2026-08-03 11:22:40.098141,,Loan Management System
APP00002052,CUST00000176,LN00001592,2021-03-11,1388486.41,Approved,2026-08-03 11:22:40.098141,,Loan Management System
APP00002053,CUST00004140,LN00001249,2019-05-29,2247354.61,Approved,2026-08-03 11:22:40.098141,,Loan Management System
APP00002054,CUST00001754,,2024-08-01,1328920.49,Cancelled,2026-08-03 11:22:40.098141,,Loan Management System
APP00002055,CUST00001747,LN00002343,2014-07-21,2171055.95,Approved,2026-08-03 11:22:40.098141,,Loan Management System
APP00002056,CUST00000290,LN00002089,2018-12-28,266414.74,Approved,2026-08-03 11:22:40.098141,,Loan Management System
APP00002057,CUST00001527,LN00001173,2024-09-18,7260119.44,Approved,2026-08-03 11:22:40.098141,,Loan Management System
APP00002058,CUST00001366,LN00001296,2013-01-22,1496081.62,Approved,2026-08-03 11:22:40.098141,,Loan Management System
APP00002059,CUST00004503,LN00000660,2023-09-16,1187598.5,Approved,2026-08-03 11:22:40.098141,,Loan Management System
APP00002060,CUST00000522,,2014-08-01,18304493.63,Rejected,2026-08-03 11:22:40.099131,,Loan Management System
APP00002061,CUST00003297,,2015-08-11,790429.2,Rejected,2026-08-03 11:22:40.099131,,Loan Management System
APP00002062,CUST00001402,LN00002423,2012-06-24,954986.06,Approved,2026-08-03 11:22:40.099131,,Loan Management System
APP00002063,CUST00002135,LN00001872,2023-08-13,10645224.31,Approved,2026-08-03 11:22:40.099131,,Loan Management System
APP00002064,CUST00002408,LN00002172,2022-06-14,201164.24,Approved,2026-08-03 11:22:40.099131,,Loan Management System
APP00002065,CUST00004716,LN00001183,2021-04-03,1186113.21,Approved,2026-08-03 11:22:40.099131,,Loan Management System
APP00002066,CUST00003052,,2012-01-25,1355099.95,Rejected,2026-08-03 11:22:40.099131,,Loan Management System
APP00002067,CUST00001223,LN00000698,2023-01-03,6649627.35,Approved,2026-08-03 11:22:40.099131,,Loan Management System
APP00002068,CUST00002607,LN00001137,2016-05-28,7101145.62,Approved,2026-08-03 11:22:40.099131,,Loan Management System
APP00002069,CUST00003379,,2021-03-05,556525.04,Rejected,2026-08-03 11:22:40.100132,,Loan Management System
APP00002070,CUST00003049,LN00000575,2015-09-05,2704794.65,Approved,2026-08-03 11:22:40.100132,,Loan Management System
APP00002071,CUST00002492,LN00001955,2025-12-24,2458515.91,Approved,2026-08-03 11:22:40.100132,,Loan Management System
APP00002072,CUST00000803,LN00001692,2022-05-01,780781.01,Approved,2026-08-03 11:22:40.100132,,Loan Management System
APP00002073,CUST00003156,,2025-10-27,73967.5,Rejected,2026-08-03 11:22:40.100132,,Loan Management System
APP00002074,CUST00002637,,2025-05-16,2022732.5,Cancelled,2026-08-03 11:22:40.100132,,Loan Management System
APP00002075,CUST00002699,LN00000641,2020-05-23,1151115.02,Approved,2026-08-03 11:22:40.100132,,Loan Management System
APP00002076,CUST00001393,,2020-10-22,941329.33,Rejected,2026-08-03 11:22:40.101131,,Loan Management System
APP00002077,CUST00000256,LN00001978,2021-11-11,192787.62,Approved,2026-08-03 11:22:40.101131,,Loan Management System
APP00002078,CUST00001342,,2014-07-28,10691610.14,Rejected,2026-08-03 11:22:40.101131,,Loan Management System
APP00002079,CUST00004765,,2019-12-06,892614.4,Rejected,2026-08-03 11:22:40.101131,,Loan Management System
APP00002080,CUST00002453,,2012-03-25,727278.88,Pending,2026-08-03 11:22:40.101131,,Loan Management System
APP00002081,CUST00000921,LN00000669,2016-06-21,762634.35,Approved,2026-08-03 11:22:40.101131,,Loan Management System
APP00002082,CUST00000290,LN00000429,2021-01-20,323491.29,Approved,2026-08-03 11:22:40.101131,,Loan Management System
APP00002083,CUST00000877,LN00000505,2022-04-09,1581779.25,Approved,2026-08-03 11:22:40.101131,,Loan Management System
APP00002084,CUST00001342,LN00000855,2019-11-19,381280.44,Approved,2026-08-03 11:22:40.101131,,Loan Management System
APP00002085,CUST00004820,LN00001705,2012-07-20,1538373.52,Approved,2026-08-03 11:22:40.101131,,Loan Management System
APP00002086,CUST00003952,LN00000916,2024-04-02,1014803.8,Approved,2026-08-03 11:22:40.101131,,Loan Management System
APP00002087,CUST00004989,LN00000037,2026-05-07,3785251.02,Approved,2026-08-03 11:22:40.101131,,Loan Management System
APP00002088,CUST00000896,,2019-09-20,397921.35,Cancelled,2026-08-03 11:22:40.101131,,Loan Management System
APP00002089,CUST00004498,LN00000130,2015-12-21,1175778.37,Approved,2026-08-03 11:22:40.101131,,Loan Management System
APP00002090,CUST00002082,,2017-03-25,2182079.66,Cancelled,2026-08-03 11:22:40.102753,,Loan Management System
APP00002091,CUST00004346,,2022-01-13,17462613.38,Rejected,2026-08-03 11:22:40.102897,,Loan Management System
APP00002092,CUST00004783,LN00000970,2013-07-13,787432.17,Approved,2026-08-03 11:22:40.102897,,Loan Management System
APP00002093,CUST00003139,LN00002180,2018-12-07,106963.92,Approved,2026-08-03 11:22:40.102897,,Loan Management System
APP00002094,CUST00001235,LN00000757,2020-04-27,11438047.24,Approved,2026-08-03 11:22:40.102897,,Loan Management System
APP00002095,CUST00001648,,2023-10-13,547971.46,Rejected,2026-08-03 11:22:40.102897,,Loan Management System
APP00002096,CUST00002867,LN00000263,2023-08-05,240583.85,Approved,2026-08-03 11:22:40.102897,,Loan Management System
APP00002097,CUST00001453,LN00001596,2024-03-05,1450170.63,Approved,2026-08-03 11:22:40.102897,,Loan Management System
APP00002098,CUST00001311,,2012-08-07,762207.27,Rejected,2026-08-03 11:22:40.102897,,Loan Management System
APP00002099,CUST00000551,LN00001585,2016-06-12,958974.23,Approved,2026-08-03 11:22:40.102897,,Loan Management System
APP00002100,CUST00003117,,2014-02-05,1956724.42,Pending,2026-08-03 11:22:40.104016,,Loan Management System
APP00002101,CUST00002152,LN00000578,2024-12-19,913971.15,Approved,2026-08-03 11:22:40.104016,,Loan Management System
APP00002102,CUST00002168,LN00001551,2019-04-10,4376354.29,Approved,2026-08-03 11:22:40.104016,,Loan Management System
APP00002103,CUST00003469,LN00000266,2022-11-15,1618419.43,Approved,2026-08-03 11:22:40.104016,,Loan Management System
APP00002104,CUST00004378,LN00001227,2014-12-04,4755741.51,Approved,2026-08-03 11:22:40.104016,,Loan Management System
APP00002105,CUST00001655,,2026-03-25,5755835.06,Pending,2026-08-03 11:22:40.104016,,Loan Management System
APP00002106,CUST00002102,LN00001573,2014-11-26,569339.13,Approved,2026-08-03 11:22:40.104016,,Loan Management System
APP00002107,CUST00003365,LN00002162,2022-02-15,1106441.41,Approved,2026-08-03 11:22:40.104016,,Loan Management System
APP00002108,CUST00003160,LN00002138,2020-03-12,943623.65,Approved,2026-08-03 11:22:40.104016,,Loan Management System
APP00002109,CUST00002705,LN00001748,2019-01-24,963468.79,Approved,2026-08-03 11:22:40.104016,,Loan Management System
APP00002110,CUST00000258,,2021-07-22,4274054.37,Pending,2026-08-03 11:22:40.104923,,Loan Management System
APP00002111,CUST00000967,LN00000637,2012-03-13,195590.66,Approved,2026-08-03 11:22:40.104923,,Loan Management System
APP00002112,CUST00004551,LN00001292,2018-12-03,1037680.12,Approved,2026-08-03 11:22:40.104923,,Loan Management System
APP00002113,CUST00002215,LN00001762,2014-09-23,3322815.71,Approved,2026-08-03 11:22:40.104923,,Loan Management System
APP00002114,CUST00001789,LN00001413,2021-05-15,1012837.8,Approved,2026-08-03 11:22:40.104923,,Loan Management System
APP00002115,CUST00002429,LN00001294,2025-04-22,7355272.95,Approved,2026-08-03 11:22:40.104923,,Loan Management System
APP00002116,CUST00002225,LN00000631,2020-02-29,9762066.03,Approved,2026-08-03 11:22:40.104923,,Loan Management System
APP00002117,CUST00004609,,2024-01-17,2373936.05,Cancelled,2026-08-03 11:22:40.104923,,Loan Management System
APP00002118,CUST00004515,LN00000027,2023-09-19,2095316.37,Approved,2026-08-03 11:22:40.104923,,Loan Management System
APP00002119,CUST00002831,LN00001941,2023-10-25,1065033.15,Approved,2026-08-03 11:22:40.104923,,Loan Management System
APP00002120,CUST00003064,LN00000853,2021-10-06,4400173.03,Approved,2026-08-03 11:22:40.104923,,Loan Management System
APP00002121,CUST00001420,,2014-07-20,3603336.67,Rejected,2026-08-03 11:22:40.104923,,Loan Management System
APP00002122,CUST00004459,LN00000444,2019-05-07,1627173.51,Approved,2026-08-03 11:22:40.104923,,Loan Management System
APP00002123,CUST00002550,,2023-05-21,627783.8,Cancelled,2026-08-03 11:22:40.105966,,Loan Management System
APP00002124,CUST00003473,,2022-01-10,4268722.39,Cancelled,2026-08-03 11:22:40.105966,,Loan Management System
APP00002125,CUST00000168,LN00001013,2016-01-28,2432283.34,Approved,2026-08-03 11:22:40.105966,,Loan Management System
APP00002126,CUST00001017,,2015-05-21,3993259.13,Pending,2026-08-03 11:22:40.105966,,Loan Management System
APP00002127,CUST00002356,LN00001063,2011-11-14,204899.38,Approved,2026-08-03 11:22:40.106925,,Loan Management System
APP00002128,CUST00004498,LN00002500,2014-08-26,2024439.23,Approved,2026-08-03 11:22:40.106925,,Loan Management System
APP00002129,CUST00002503,,2018-01-09,11676120.73,Pending,2026-08-03 11:22:40.106925,,Loan Management System
APP00002130,CUST00000575,LN00001853,2018-05-01,259899.33,Approved,2026-08-03 11:22:40.106925,,Loan Management System
APP00002131,CUST00001898,,2024-01-27,1289972.95,Pending,2026-08-03 11:22:40.106925,,Loan Management System
APP00002132,CUST00002346,,2023-04-20,5120743.22,Rejected,2026-08-03 11:22:40.106925,,Loan Management System
APP00002133,CUST00000015,LN00000593,2025-01-09,237292.11,Approved,2026-08-03 11:22:40.106925,,Loan Management System
APP00002134,CUST00000110,,2013-10-02,2487237.57,Rejected,2026-08-03 11:22:40.107922,,Loan Management System
APP00002135,CUST00000577,LN00001245,2021-02-25,6169100.72,Approved,2026-08-03 11:22:40.107922,,Loan Management System
APP00002136,CUST00004153,,2023-12-26,1919084.57,Rejected,2026-08-03 11:22:40.107922,,Loan Management System
APP00002137,CUST00003086,,2011-08-14,2762556.0,Cancelled,2026-08-03 11:22:40.107922,,Loan Management System
APP00002138,CUST00002624,,2023-07-13,116590.19,Pending,2026-08-03 11:22:40.107922,,Loan Management System
APP00002139,CUST00003116,LN00001725,2019-04-17,2957446.35,Approved,2026-08-03 11:22:40.107922,,Loan Management System
APP00002140,CUST00000101,LN00000663,2016-10-13,6701140.25,Approved,2026-08-03 11:22:40.107922,,Loan Management System
APP00002141,CUST00001104,,2026-01-22,7439873.8,Rejected,2026-08-03 11:22:40.108921,,Loan Management System
APP00002142,CUST00002061,LN00000138,2022-09-19,3072888.88,Approved,2026-08-03 11:22:40.108921,,Loan Management System
APP00002143,CUST00000947,,2012-02-20,1241856.98,Cancelled,2026-08-03 11:22:40.108921,,Loan Management System
APP00002144,CUST00000421,LN00002338,2013-09-11,221830.56,Approved,2026-08-03 11:22:40.108921,,Loan Management System
APP00002145,CUST00000204,LN00000724,2011-12-29,714299.73,Approved,2026-08-03 11:22:40.108921,,Loan Management System
APP00002146,CUST00000945,LN00000123,2012-06-14,9862164.61,Approved,2026-08-03 11:22:40.108921,,Loan Management System
APP00002147,CUST00001839,,2025-05-06,1850419.47,Cancelled,2026-08-03 11:22:40.108921,,Loan Management System
APP00002148,CUST00003134,,2021-12-26,3664524.37,Pending,2026-08-03 11:22:40.109919,,Loan Management System
APP00002149,CUST00000031,,2015-05-06,317830.01,Rejected,2026-08-03 11:22:40.109919,,Loan Management System
APP00002150,CUST00004484,LN00001364,2020-12-17,1045950.97,Approved,2026-08-03 11:22:40.109919,,Loan Management System
APP00002151,CUST00004263,LN00002381,2024-09-07,2689854.29,Approved,2026-08-03 11:22:40.109919,,Loan Management System
APP00002152,CUST00002550,LN00001754,2023-03-22,2897718.89,Approved,2026-08-03 11:22:40.109919,,Loan Management System
APP00002153,CUST00002137,LN00000892,2019-03-13,3301607.31,Approved,2026-08-03 11:22:40.109919,,Loan Management System
APP00002154,CUST00003716,LN00001601,2025-09-04,3471268.21,Approved,2026-08-03 11:22:40.109919,,Loan Management System
APP00002155,CUST00003363,,2024-04-07,2859142.99,Rejected,2026-08-03 11:22:40.109919,,Loan Management System
APP00002156,CUST00001127,LN00001023,2019-05-06,8295712.03,Approved,2026-08-03 11:22:40.109919,,Loan Management System
APP00002157,CUST00004654,,2015-08-20,1987397.06,Rejected,2026-08-03 11:22:40.110932,,Loan Management System
APP00002158,CUST00002959,LN00001243,2024-04-02,1425803.96,Approved,2026-08-03 11:22:40.110932,,Loan Management System
APP00002159,CUST00001841,LN00001800,2013-12-19,8553911.2,Approved,2026-08-03 11:22:40.110932,,Loan Management System
APP00002160,CUST00004821,,2014-06-11,661537.13,Rejected,2026-08-03 11:22:40.110932,,Loan Management System
APP00002161,CUST00003272,,2022-05-30,652877.18,Rejected,2026-08-03 11:22:40.110932,,Loan Management System
APP00002162,CUST00000058,,2013-02-04,3574269.16,Rejected,2026-08-03 11:22:40.110932,,Loan Management System
APP00002163,CUST00002327,LN00001459,2013-03-21,7958924.27,Approved,2026-08-03 11:22:40.110932,,Loan Management System
APP00002164,CUST00002483,,2019-03-09,507368.25,Rejected,2026-08-03 11:22:40.110932,,Loan Management System
APP00002165,CUST00004019,LN00002362,2024-02-28,1125630.9,Approved,2026-08-03 11:22:40.110932,,Loan Management System
APP00002166,CUST00002477,,2016-02-05,231082.07,Rejected,2026-08-03 11:22:40.112456,,Loan Management System
APP00002167,CUST00004699,,2015-02-25,362409.54,Pending,2026-08-03 11:22:40.112456,,Loan Management System
APP00002168,CUST00004753,LN00000569,2018-06-28,15913928.36,Approved,2026-08-03 11:22:40.112456,,Loan Management System
APP00002169,CUST00003307,LN00001126,2016-05-28,5433841.97,Approved,2026-08-03 11:22:40.112456,,Loan Management System
APP00002170,CUST00003609,LN00001758,2017-08-11,19356772.0,Approved,2026-08-03 11:22:40.112456,,Loan Management System
APP00002171,CUST00001248,LN00001746,2017-10-15,546189.42,Approved,2026-08-03 11:22:40.112456,,Loan Management System
APP00002172,CUST00000707,LN00000804,2016-04-22,2550976.07,Approved,2026-08-03 11:22:40.112456,,Loan Management System
APP00002173,CUST00003572,LN00002469,2015-06-18,16155947.98,Approved,2026-08-03 11:22:40.112456,,Loan Management System
APP00002174,CUST00002106,LN00000045,2016-02-28,3428792.41,Approved,2026-08-03 11:22:40.112456,,Loan Management System
APP00002175,CUST00001314,,2018-02-25,824847.45,Rejected,2026-08-03 11:22:40.112456,,Loan Management System
APP00002176,CUST00004602,LN00001894,2018-11-07,6305269.59,Approved,2026-08-03 11:22:40.112456,,Loan Management System
APP00002177,CUST00003943,LN00002249,2018-02-15,220852.95,Approved,2026-08-03 11:22:40.112456,,Loan Management System
APP00002178,CUST00000290,LN00002178,2016-11-03,266053.14,Approved,2026-08-03 11:22:40.112456,,Loan Management System
APP00002179,CUST00002861,LN00002316,2019-10-20,4346204.83,Approved,2026-08-03 11:22:40.112456,,Loan Management System
APP00002180,CUST00004542,,2019-12-22,1598953.73,Rejected,2026-08-03 11:22:40.113462,,Loan Management System
APP00002181,CUST00003016,,2018-01-11,598130.62,Rejected,2026-08-03 11:22:40.113462,,Loan Management System
APP00002182,CUST00003082,LN00000968,2021-09-22,13109593.27,Approved,2026-08-03 11:22:40.113462,,Loan Management System
APP00002183,CUST00000275,,2020-11-15,1953353.44,Rejected,2026-08-03 11:22:40.113462,,Loan Management System
APP00002184,CUST00001491,LN00002287,2023-07-30,317185.04,Approved,2026-08-03 11:22:40.113462,,Loan Management System
APP00002185,CUST00000955,LN00000034,2021-06-20,799534.95,Approved,2026-08-03 11:22:40.113462,,Loan Management System
APP00002186,CUST00004498,LN00000195,2018-12-10,1071827.81,Approved,2026-08-03 11:22:40.113462,,Loan Management System
APP00002187,CUST00002484,LN00001839,2022-01-14,766298.17,Approved,2026-08-03 11:22:40.113462,,Loan Management System
APP00002188,CUST00001129,,2022-08-29,7256848.48,Rejected,2026-08-03 11:22:40.114461,,Loan Management System
APP00002189,CUST00001109,LN00002020,2012-05-15,700130.72,Approved,2026-08-03 11:22:40.114461,,Loan Management System
APP00002190,CUST00004673,LN00001215,2026-02-02,278748.33,Approved,2026-08-03 11:22:40.114461,,Loan Management System
APP00002191,CUST00002285,LN00000310,2018-06-18,6075928.86,Approved,2026-08-03 11:22:40.114461,,Loan Management System
APP00002192,CUST00001807,LN00000354,2022-07-13,1403327.74,Approved,2026-08-03 11:22:40.114461,,Loan Management System
APP00002193,CUST00003670,LN00001356,2021-10-14,2259252.12,Approved,2026-08-03 11:22:40.114461,,Loan Management System
APP00002194,CUST00003374,LN00000890,2017-01-23,2824367.38,Approved,2026-08-03 11:22:40.114461,,Loan Management System
APP00002195,CUST00003770,LN00000029,2023-05-09,5843130.23,Approved,2026-08-03 11:22:40.114461,,Loan Management System
APP00002196,CUST00003513,LN00000749,2024-08-06,7557531.54,Approved,2026-08-03 11:22:40.114461,,Loan Management System
APP00002197,CUST00002900,LN00000819,2012-07-30,2303652.19,Approved,2026-08-03 11:22:40.114461,,Loan Management System
APP00002198,CUST00001314,,2013-05-14,3951091.7,Rejected,2026-08-03 11:22:40.114461,,Loan Management System
APP00002199,CUST00000625,LN00000306,2015-07-27,965652.77,Approved,2026-08-03 11:22:40.114461,,Loan Management System
APP00002200,CUST00003189,LN00001295,2019-11-16,10679421.15,Approved,2026-08-03 11:22:40.114461,,Loan Management System
APP00002201,CUST00002313,LN00000782,2019-01-20,783495.53,Approved,2026-08-03 11:22:40.114461,,Loan Management System
APP00002202,CUST00003438,LN00001919,2018-11-12,1394113.72,Approved,2026-08-03 11:22:40.114461,,Loan Management System
APP00002203,CUST00001871,LN00000286,2022-03-15,1293522.14,Approved,2026-08-03 11:22:40.114461,,Loan Management System
APP00002204,CUST00003358,,2024-01-15,757096.58,Rejected,2026-08-03 11:22:40.114461,,Loan Management System
APP00002205,CUST00000311,,2012-11-11,564421.71,Rejected,2026-08-03 11:22:40.115464,,Loan Management System
APP00002206,CUST00002134,LN00002383,2020-02-12,9546420.97,Approved,2026-08-03 11:22:40.115464,,Loan Management System
APP00002207,CUST00000942,,2013-03-03,877811.31,Cancelled,2026-08-03 11:22:40.115464,,Loan Management System
APP00002208,CUST00002028,LN00000860,2012-01-01,2566354.42,Approved,2026-08-03 11:22:40.115464,,Loan Management System
APP00002209,CUST00001862,LN00000790,2015-10-13,1254025.01,Approved,2026-08-03 11:22:40.115464,,Loan Management System
APP00002210,CUST00001665,LN00002297,2022-12-24,2362472.19,Approved,2026-08-03 11:22:40.115464,,Loan Management System
APP00002211,CUST00001221,LN00002236,2014-06-25,2243698.94,Approved,2026-08-03 11:22:40.115464,,Loan Management System
APP00002212,CUST00003932,LN00001848,2022-05-16,1344929.13,Approved,2026-08-03 11:22:40.115464,,Loan Management System
APP00002213,CUST00004374,,2018-12-04,522572.12,Rejected,2026-08-03 11:22:40.115464,,Loan Management System
APP00002214,CUST00001340,,2022-09-15,18409661.29,Rejected,2026-08-03 11:22:40.116470,,Loan Management System
APP00002215,CUST00001365,,2014-05-24,3751722.44,Cancelled,2026-08-03 11:22:40.116470,,Loan Management System
APP00002216,CUST00002395,LN00000952,2017-12-18,3476874.55,Approved,2026-08-03 11:22:40.116470,,Loan Management System
APP00002217,CUST00000374,,2018-12-22,1832188.88,Rejected,2026-08-03 11:22:40.116470,,Loan Management System
APP00002218,CUST00001636,,2014-04-05,2218889.73,Rejected,2026-08-03 11:22:40.116470,,Loan Management System
APP00002219,CUST00000701,LN00001887,2022-07-27,560277.0,Approved,2026-08-03 11:22:40.116470,,Loan Management System
APP00002220,CUST00001640,LN00000826,2012-07-02,1922097.02,Approved,2026-08-03 11:22:40.116470,,Loan Management System
APP00002221,CUST00003505,LN00000665,2018-06-15,1351264.3,Approved,2026-08-03 11:22:40.116470,,Loan Management System
APP00002222,CUST00000856,LN00000946,2013-04-23,1627580.84,Approved,2026-08-03 11:22:40.117471,,Loan Management System
APP00002223,CUST00002868,LN00002307,2020-02-14,1556154.87,Approved,2026-08-03 11:22:40.117471,,Loan Management System
APP00002224,CUST00004561,LN00001780,2021-02-19,2347059.58,Approved,2026-08-03 11:22:40.117471,,Loan Management System
APP00002225,CUST00004308,LN00001898,2017-05-01,562620.94,Approved,2026-08-03 11:22:40.117471,,Loan Management System
APP00002226,CUST00000379,,2023-11-14,1464508.07,Rejected,2026-08-03 11:22:40.117471,,Loan Management System
APP00002227,CUST00001971,LN00002232,2023-09-17,11026798.5,Approved,2026-08-03 11:22:40.117471,,Loan Management System
APP00002228,CUST00002860,LN00001910,2017-11-08,19076025.85,Approved,2026-08-03 11:22:40.117471,,Loan Management System
APP00002229,CUST00004727,LN00001724,2018-02-09,1854212.95,Approved,2026-08-03 11:22:40.117471,,Loan Management System
APP00002230,CUST00004060,LN00001203,2018-06-12,2075490.66,Approved,2026-08-03 11:22:40.117471,,Loan Management System
APP00002231,CUST00002978,LN00000468,2023-06-14,9012996.53,Approved,2026-08-03 11:22:40.117471,,Loan Management System
APP00002232,CUST00004076,LN00000390,2015-02-25,1550832.51,Approved,2026-08-03 11:22:40.117471,,Loan Management System
APP00002233,CUST00003675,LN00001119,2023-06-23,931820.24,Approved,2026-08-03 11:22:40.117471,,Loan Management System
APP00002234,CUST00004177,LN00002386,2014-04-12,8497902.36,Approved,2026-08-03 11:22:40.117471,,Loan Management System
APP00002235,CUST00002319,LN00001614,2023-02-05,17703827.33,Approved,2026-08-03 11:22:40.117471,,Loan Management System
APP00002236,CUST00001402,LN00001700,2021-02-10,820977.37,Approved,2026-08-03 11:22:40.117471,,Loan Management System
APP00002237,CUST00002752,LN00001024,2021-03-31,709064.92,Approved,2026-08-03 11:22:40.117471,,Loan Management System
APP00002238,CUST00001101,,2014-03-14,347443.2,Cancelled,2026-08-03 11:22:40.118466,,Loan Management System
APP00002239,CUST00004031,LN00001984,2014-07-03,1161312.03,Approved,2026-08-03 11:22:40.118466,,Loan Management System
APP00002240,CUST00003629,,2017-09-22,1565572.57,Pending,2026-08-03 11:22:40.118466,,Loan Management System
APP00002241,CUST00003963,LN00000984,2011-08-20,3557761.42,Approved,2026-08-03 11:22:40.118466,,Loan Management System
APP00002242,CUST00000413,LN00000734,2022-04-02,408083.62,Approved,2026-08-03 11:22:40.118466,,Loan Management System
APP00002243,CUST00004370,LN00000924,2015-07-02,2758768.81,Approved,2026-08-03 11:22:40.118466,,Loan Management System
APP00002244,CUST00004097,,2016-08-06,867442.1,Rejected,2026-08-03 11:22:40.119466,,Loan Management System
APP00002245,CUST00003618,LN00000654,2017-03-14,444752.96,Approved,2026-08-03 11:22:40.119466,,Loan Management System
APP00002246,CUST00002330,LN00000538,2016-10-15,1541480.55,Approved,2026-08-03 11:22:40.119466,,Loan Management System
APP00002247,CUST00004587,LN00001166,2024-06-23,3600553.78,Approved,2026-08-03 11:22:40.119466,,Loan Management System
APP00002248,CUST00004912,LN00000135,2023-08-28,1459020.53,Approved,2026-08-03 11:22:40.119466,,Loan Management System
APP00002249,CUST00002557,,2012-01-09,15641340.25,Rejected,2026-08-03 11:22:40.119466,,Loan Management System
APP00002250,CUST00001757,LN00001389,2017-12-30,7195187.59,Approved,2026-08-03 11:22:40.119466,,Loan Management System
APP00002251,CUST00004131,,2014-06-29,1547303.59,Rejected,2026-08-03 11:22:40.119466,,Loan Management System
APP00002252,CUST00002566,LN00002149,2013-03-30,1440007.63,Approved,2026-08-03 11:22:40.119466,,Loan Management System
APP00002253,CUST00004832,LN00001395,2026-02-21,1504194.31,Approved,2026-08-03 11:22:40.119466,,Loan Management System
APP00002254,CUST00003899,LN00002215,2012-03-29,5673962.74,Approved,2026-08-03 11:22:40.119466,,Loan Management System
APP00002255,CUST00001456,LN00002481,2025-09-06,27396.07,Approved,2026-08-03 11:22:40.119466,,Loan Management System
APP00002256,CUST00002098,LN00001205,2023-03-26,8270665.77,Approved,2026-08-03 11:22:40.119466,,Loan Management System
APP00002257,CUST00002188,LN00001625,2022-07-09,4002459.55,Approved,2026-08-03 11:22:40.119466,,Loan Management System
APP00002258,CUST00003181,LN00000181,2026-03-11,202010.35,Approved,2026-08-03 11:22:40.119466,,Loan Management System
APP00002259,CUST00003651,LN00002207,2021-08-26,315622.97,Approved,2026-08-03 11:22:40.119466,,Loan Management System
APP00002260,CUST00002444,,2022-10-31,2951399.51,Rejected,2026-08-03 11:22:40.120464,,Loan Management System
APP00002261,CUST00001294,LN00000025,2021-01-12,2338494.27,Approved,2026-08-03 11:22:40.120464,,Loan Management System
APP00002262,CUST00000597,,2013-02-19,8290016.01,Rejected,2026-08-03 11:22:40.120464,,Loan Management System
APP00002263,CUST00004874,LN00002091,2019-05-20,5114721.35,Approved,2026-08-03 11:22:40.120464,,Loan Management System
APP00002264,CUST00002582,LN00001467,2023-10-24,1924255.7,Approved,2026-08-03 11:22:40.120464,,Loan Management System
APP00002265,CUST00001995,LN00002435,2025-09-28,80933.04,Approved,2026-08-03 11:22:40.120464,,Loan Management System
APP00002266,CUST00002083,,2017-11-24,2301715.73,Pending,2026-08-03 11:22:40.120464,,Loan Management System
APP00002267,CUST00004396,LN00002493,2018-10-28,11264076.47,Approved,2026-08-03 11:22:40.120464,,Loan Management System
APP00002268,CUST00001011,LN00000881,2022-06-13,432790.95,Approved,2026-08-03 11:22:40.120464,,Loan Management System
APP00002269,CUST00004231,LN00002311,2016-09-21,632783.32,Approved,2026-08-03 11:22:40.120464,,Loan Management System
APP00002270,CUST00000979,,2019-03-03,2035725.0,Rejected,2026-08-03 11:22:40.121465,,Loan Management System
APP00002271,CUST00001402,,2012-05-06,19900819.77,Rejected,2026-08-03 11:22:40.121465,,Loan Management System
APP00002272,CUST00003277,,2016-01-25,1288501.68,Cancelled,2026-08-03 11:22:40.121465,,Loan Management System
APP00002273,CUST00003244,LN00000124,2015-06-07,1209909.98,Approved,2026-08-03 11:22:40.121465,,Loan Management System
APP00002274,CUST00002356,LN00001708,2019-06-10,14521724.07,Approved,2026-08-03 11:22:40.121465,,Loan Management System
APP00002275,CUST00001149,,2016-01-25,2724500.34,Rejected,2026-08-03 11:22:40.122465,,Loan Management System
APP00002276,CUST00003462,LN00002353,2018-06-19,2075623.15,Approved,2026-08-03 11:22:40.122465,,Loan Management System
APP00002277,CUST00000099,,2025-10-29,3353739.4,Cancelled,2026-08-03 11:22:40.122465,,Loan Management System
APP00002278,CUST00001783,,2016-02-26,1814025.68,Pending,2026-08-03 11:22:40.122967,,Loan Management System
APP00002279,CUST00004001,,2021-03-09,7509940.74,Rejected,2026-08-03 11:22:40.122967,,Loan Management System
APP00002280,CUST00004966,LN00000129,2018-04-04,1722221.79,Approved,2026-08-03 11:22:40.122967,,Loan Management System
APP00002281,CUST00004764,,2014-02-27,1442825.16,Cancelled,2026-08-03 11:22:40.122967,,Loan Management System
APP00002282,CUST00002039,,2024-05-20,4730301.46,Rejected,2026-08-03 11:22:40.123972,,Loan Management System
APP00002283,CUST00002512,LN00000127,2025-02-22,2772709.99,Approved,2026-08-03 11:22:40.123972,,Loan Management System
APP00002284,CUST00003252,LN00000133,2021-02-04,1476153.48,Approved,2026-08-03 11:22:40.123972,,Loan Management System
APP00002285,CUST00001587,,2022-12-14,4550653.87,Rejected,2026-08-03 11:22:40.123972,,Loan Management System
APP00002286,CUST00001126,,2017-06-08,450404.76,Rejected,2026-08-03 11:22:40.123972,,Loan Management System
APP00002287,CUST00001630,,2025-05-02,2284637.86,Rejected,2026-08-03 11:22:40.123972,,Loan Management System
APP00002288,CUST00000689,LN00000331,2025-03-09,14224812.61,Approved,2026-08-03 11:22:40.123972,,Loan Management System
APP00002289,CUST00004155,LN00002494,2011-07-22,11566446.43,Approved,2026-08-03 11:22:40.123972,,Loan Management System
APP00002290,CUST00002469,,2024-06-15,813081.85,Pending,2026-08-03 11:22:40.124976,,Loan Management System
APP00002291,CUST00001887,LN00000516,2014-04-29,2193183.93,Approved,2026-08-03 11:22:40.124976,,Loan Management System
APP00002292,CUST00003144,,2015-06-16,1657675.11,Rejected,2026-08-03 11:22:40.124976,,Loan Management System
APP00002293,CUST00000884,LN00001400,2026-02-05,1797947.97,Approved,2026-08-03 11:22:40.124976,,Loan Management System
APP00002294,CUST00004071,,2012-08-15,2950179.41,Pending,2026-08-03 11:22:40.124976,,Loan Management System
APP00002295,CUST00000952,LN00001342,2019-01-14,17544102.75,Approved,2026-08-03 11:22:40.125978,,Loan Management System
APP00002296,CUST00000789,LN00000015,2021-08-08,1109040.13,Approved,2026-08-03 11:22:40.125978,,Loan Management System
APP00002297,CUST00004414,LN00002053,2015-04-13,4866094.75,Approved,2026-08-03 11:22:40.125978,,Loan Management System
APP00002298,CUST00004479,LN00000494,2015-01-09,688904.47,Approved,2026-08-03 11:22:40.125978,,Loan Management System
APP00002299,CUST00001050,LN00001938,2024-04-23,4058547.93,Approved,2026-08-03 11:22:40.125978,,Loan Management System
APP00002300,CUST00000142,LN00002335,2026-06-24,305937.07,Approved,2026-08-03 11:22:40.125978,,Loan Management System
APP00002301,CUST00002069,LN00000874,2011-12-09,1785852.6,Approved,2026-08-03 11:22:40.125978,,Loan Management System
APP00002302,CUST00001861,LN00000447,2012-10-11,540843.41,Approved,2026-08-03 11:22:40.125978,,Loan Management System
APP00002303,CUST00000288,LN00002052,2012-04-09,12695098.4,Approved,2026-08-03 11:22:40.125978,,Loan Management System
APP00002304,CUST00002898,LN00002133,2012-09-26,460525.44,Approved,2026-08-03 11:22:40.125978,,Loan Management System
APP00002305,CUST00004847,,2018-04-21,1992810.05,Rejected,2026-08-03 11:22:40.125978,,Loan Management System
APP00002306,CUST00000384,LN00001038,2015-10-28,1459875.15,Approved,2026-08-03 11:22:40.125978,,Loan Management System
APP00002307,CUST00003229,,2020-02-16,1376768.28,Rejected,2026-08-03 11:22:40.125978,,Loan Management System
APP00002308,CUST00000098,,2021-04-21,887980.42,Pending,2026-08-03 11:22:40.126979,,Loan Management System
APP00002309,CUST00002091,LN00001842,2024-11-17,1949782.83,Approved,2026-08-03 11:22:40.126979,,Loan Management System
APP00002310,CUST00000945,LN00001232,2022-08-03,3181118.82,Approved,2026-08-03 11:22:40.126979,,Loan Management System
APP00002311,CUST00002460,,2023-02-11,7190987.82,Rejected,2026-08-03 11:22:40.126979,,Loan Management System
APP00002312,CUST00004629,LN00000608,2022-07-01,17595499.01,Approved,2026-08-03 11:22:40.126979,,Loan Management System
APP00002313,CUST00003377,,2014-02-04,452355.55,Cancelled,2026-08-03 11:22:40.126979,,Loan Management System
APP00002314,CUST00004636,LN00002422,2018-07-05,2370219.61,Approved,2026-08-03 11:22:40.126979,,Loan Management System
APP00002315,CUST00004303,LN00001302,2022-12-09,1114360.19,Approved,2026-08-03 11:22:40.126979,,Loan Management System
APP00002316,CUST00002059,LN00000809,2020-08-26,11746816.12,Approved,2026-08-03 11:22:40.126979,,Loan Management System
APP00002317,CUST00000112,LN00000333,2013-04-27,298011.06,Approved,2026-08-03 11:22:40.126979,,Loan Management System
APP00002318,CUST00003320,LN00000467,2020-09-18,3431273.78,Approved,2026-08-03 11:22:40.126979,,Loan Management System
APP00002319,CUST00000093,,2025-05-04,1461988.92,Rejected,2026-08-03 11:22:40.128077,,Loan Management System
APP00002320,CUST00002527,LN00001985,2016-02-14,1474111.95,Approved,2026-08-03 11:22:40.128077,,Loan Management System
APP00002321,CUST00004366,LN00000384,2022-09-17,5368843.85,Approved,2026-08-03 11:22:40.128077,,Loan Management System
APP00002322,CUST00002197,LN00002257,2022-03-03,6851589.34,Approved,2026-08-03 11:22:40.128077,,Loan Management System
APP00002323,CUST00004402,LN00002061,2024-08-02,8128523.59,Approved,2026-08-03 11:22:40.128077,,Loan Management System
APP00002324,CUST00002090,LN00001440,2016-11-07,10844588.1,Approved,2026-08-03 11:22:40.128077,,Loan Management System
APP00002325,CUST00000407,LN00000254,2026-05-18,15125270.57,Approved,2026-08-03 11:22:40.128077,,Loan Management System
APP00002326,CUST00002132,,2015-01-08,1698451.01,Rejected,2026-08-03 11:22:40.128077,,Loan Management System
APP00002327,CUST00000181,LN00001741,2022-01-21,164289.75,Approved,2026-08-03 11:22:40.128077,,Loan Management System
APP00002328,CUST00003310,LN00000388,2014-09-08,2136040.53,Approved,2026-08-03 11:22:40.128077,,Loan Management System
APP00002329,CUST00001551,,2025-10-10,392326.41,Rejected,2026-08-03 11:22:40.129036,,Loan Management System
APP00002330,CUST00002718,LN00001179,2026-03-19,1202831.85,Approved,2026-08-03 11:22:40.129036,,Loan Management System
APP00002331,CUST00001835,,2015-12-22,6422792.52,Pending,2026-08-03 11:22:40.129036,,Loan Management System
APP00002332,CUST00002150,LN00001111,2025-09-01,616979.87,Approved,2026-08-03 11:22:40.129036,,Loan Management System
APP00002333,CUST00001786,LN00001986,2023-05-23,1013961.39,Approved,2026-08-03 11:22:40.129036,,Loan Management System
APP00002334,CUST00000625,LN00000540,2024-12-24,9119459.84,Approved,2026-08-03 11:22:40.129036,,Loan Management System
APP00002335,CUST00004865,LN00001731,2018-08-25,686161.45,Approved,2026-08-03 11:22:40.129036,,Loan Management System
APP00002336,CUST00004744,,2021-01-19,9765472.54,Rejected,2026-08-03 11:22:40.129036,,Loan Management System
APP00002337,CUST00000689,,2018-05-07,2294639.1,Cancelled,2026-08-03 11:22:40.130064,,Loan Management System
APP00002338,CUST00003350,LN00000361,2015-08-02,900852.01,Approved,2026-08-03 11:22:40.130064,,Loan Management System
APP00002339,CUST00004972,LN00001555,2025-03-13,814318.23,Approved,2026-08-03 11:22:40.130064,,Loan Management System
APP00002340,CUST00002710,LN00001977,2011-12-09,1365088.82,Approved,2026-08-03 11:22:40.130064,,Loan Management System
APP00002341,CUST00003277,LN00001040,2016-04-24,830420.66,Approved,2026-08-03 11:22:40.130064,,Loan Management System
APP00002342,CUST00002682,,2019-05-19,3001322.67,Rejected,2026-08-03 11:22:40.130064,,Loan Management System
APP00002343,CUST00002547,LN00000379,2018-08-14,2127893.66,Approved,2026-08-03 11:22:40.130064,,Loan Management System
APP00002344,CUST00002110,LN00000907,2020-10-04,1937046.84,Approved,2026-08-03 11:22:40.130064,,Loan Management System
APP00002345,CUST00004606,LN00000126,2012-02-13,719705.5,Approved,2026-08-03 11:22:40.130064,,Loan Management System
APP00002346,CUST00004899,LN00001213,2016-05-13,1835041.29,Approved,2026-08-03 11:22:40.130064,,Loan Management System
APP00002347,CUST00004233,LN00001791,2015-06-29,499772.87,Approved,2026-08-03 11:22:40.130064,,Loan Management System
APP00002348,CUST00000266,LN00001499,2012-08-11,1562138.7,Approved,2026-08-03 11:22:40.130064,,Loan Management System
APP00002349,CUST00003807,LN00002005,2020-07-21,15516907.36,Approved,2026-08-03 11:22:40.130064,,Loan Management System
APP00002350,CUST00002790,LN00000961,2015-08-03,1516288.04,Approved,2026-08-03 11:22:40.130064,,Loan Management System
APP00002351,CUST00000074,,2014-02-08,5911844.12,Cancelled,2026-08-03 11:22:40.130978,,Loan Management System
APP00002352,CUST00000625,LN00000382,2024-11-23,9184582.51,Approved,2026-08-03 11:22:40.130978,,Loan Management System
APP00002353,CUST00004588,,2021-08-03,10428376.51,Rejected,2026-08-03 11:22:40.130978,,Loan Management System
APP00002354,CUST00002171,,2021-07-01,2312316.64,Rejected,2026-08-03 11:22:40.130978,,Loan Management System
APP00002355,CUST00004523,LN00001447,2022-09-26,7240780.57,Approved,2026-08-03 11:22:40.130978,,Loan Management System
APP00002356,CUST00004522,LN00001240,2024-12-06,1349621.11,Approved,2026-08-03 11:22:40.130978,,Loan Management System
APP00002357,CUST00001942,LN00001015,2026-01-21,566514.57,Approved,2026-08-03 11:22:40.130978,,Loan Management System
APP00002358,CUST00003899,LN00001451,2014-01-14,1598289.05,Approved,2026-08-03 11:22:40.130978,,Loan Management System
APP00002359,CUST00003538,LN00002409,2014-03-24,566062.55,Approved,2026-08-03 11:22:40.130978,,Loan Management System
APP00002360,CUST00000544,LN00000975,2017-06-20,479570.11,Approved,2026-08-03 11:22:40.130978,,Loan Management System
APP00002361,CUST00000445,LN00000395,2012-07-18,1836473.68,Approved,2026-08-03 11:22:40.130978,,Loan Management System
APP00002362,CUST00002620,LN00002438,2017-03-27,7149267.66,Approved,2026-08-03 11:22:40.130978,,Loan Management System
APP00002363,CUST00003445,LN00001281,2012-03-04,1285037.64,Approved,2026-08-03 11:22:40.130978,,Loan Management System
APP00002364,CUST00000820,,2018-02-07,2371847.06,Rejected,2026-08-03 11:22:40.130978,,Loan Management System
APP00002365,CUST00000500,,2022-09-22,2429403.2,Rejected,2026-08-03 11:22:40.130978,,Loan Management System
APP00002366,CUST00002918,,2019-11-06,10325597.52,Rejected,2026-08-03 11:22:40.132496,,Loan Management System
APP00002367,CUST00003916,LN00001691,2025-07-24,8676895.52,Approved,2026-08-03 11:22:40.132496,,Loan Management System
APP00002368,CUST00004202,LN00002038,2024-06-04,461375.25,Approved,2026-08-03 11:22:40.132496,,Loan Management System
APP00002369,CUST00004972,LN00000163,2012-05-05,7048473.16,Approved,2026-08-03 11:22:40.132496,,Loan Management System
APP00002370,CUST00001057,,2012-03-22,1111832.23,Cancelled,2026-08-03 11:22:40.132496,,Loan Management System
APP00002371,CUST00003329,LN00002472,2012-04-10,662641.23,Approved,2026-08-03 11:22:40.132496,,Loan Management System
APP00002372,CUST00002847,LN00000103,2012-09-14,1706772.77,Approved,2026-08-03 11:22:40.132496,,Loan Management System
APP00002373,CUST00000811,LN00000431,2016-11-27,1518245.56,Approved,2026-08-03 11:22:40.132496,,Loan Management System
APP00002374,CUST00000268,,2014-01-12,6415542.25,Pending,2026-08-03 11:22:40.133502,,Loan Management System
APP00002375,CUST00003207,LN00000478,2016-09-03,2114446.41,Approved,2026-08-03 11:22:40.133502,,Loan Management System
APP00002376,CUST00003147,LN00002348,2025-05-06,2550902.87,Approved,2026-08-03 11:22:40.133502,,Loan Management System
APP00002377,CUST00000695,,2023-03-03,2269752.24,Rejected,2026-08-03 11:22:40.133502,,Loan Management System
APP00002378,CUST00003679,LN00001659,2017-04-15,1002851.46,Approved,2026-08-03 11:22:40.133502,,Loan Management System
APP00002379,CUST00001655,LN00002098,2018-04-22,6910636.75,Approved,2026-08-03 11:22:40.133502,,Loan Management System
APP00002380,CUST00001849,,2018-04-27,389896.22,Pending,2026-08-03 11:22:40.133502,,Loan Management System
APP00002381,CUST00003835,,2026-07-16,1346936.08,Rejected,2026-08-03 11:22:40.133502,,Loan Management System
APP00002382,CUST00001129,LN00001861,2012-11-18,1979922.25,Approved,2026-08-03 11:22:40.133502,,Loan Management System
APP00002383,CUST00002196,LN00001471,2022-08-14,3449285.41,Approved,2026-08-03 11:22:40.133502,,Loan Management System
APP00002384,CUST00003139,,2012-06-04,385597.31,Pending,2026-08-03 11:22:40.134604,,Loan Management System
APP00002385,CUST00001007,,2024-04-09,1249501.1,Pending,2026-08-03 11:22:40.134604,,Loan Management System
APP00002386,CUST00003863,LN00000188,2024-04-26,1554813.57,Approved,2026-08-03 11:22:40.134604,,Loan Management System
APP00002387,CUST00000625,LN00000381,2023-12-02,7170008.49,Approved,2026-08-03 11:22:40.134604,,Loan Management System
APP00002388,CUST00002582,LN00000167,2022-03-13,2656165.06,Approved,2026-08-03 11:22:40.134604,,Loan Management System
APP00002389,CUST00002545,LN00001820,2015-12-07,2024582.1,Approved,2026-08-03 11:22:40.134604,,Loan Management System
APP00002390,CUST00001008,,2017-05-02,9913063.11,Pending,2026-08-03 11:22:40.135504,,Loan Management System
APP00002391,CUST00004698,LN00001683,2019-03-29,6067584.96,Approved,2026-08-03 11:22:40.135504,,Loan Management System
APP00002392,CUST00003801,LN00002239,2023-07-17,8233479.32,Approved,2026-08-03 11:22:40.135504,,Loan Management System
APP00002393,CUST00002149,,2016-05-10,19066301.25,Rejected,2026-08-03 11:22:40.135504,,Loan Management System
APP00002394,CUST00003957,,2025-12-04,1845062.31,Pending,2026-08-03 11:22:40.135504,,Loan Management System
APP00002395,CUST00000640,LN00001443,2023-07-19,698905.15,Approved,2026-08-03 11:22:40.135504,,Loan Management System
APP00002396,CUST00002725,,2026-03-09,8434039.85,Cancelled,2026-08-03 11:22:40.136500,,Loan Management System
APP00002397,CUST00000653,LN00002188,2021-07-03,1208691.3,Approved,2026-08-03 11:22:40.136500,,Loan Management System
APP00002398,CUST00000485,,2026-05-15,2421662.58,Cancelled,2026-08-03 11:22:40.136500,,Loan Management System
APP00002399,CUST00003787,LN00002253,2023-01-10,699262.76,Approved,2026-08-03 11:22:40.136500,,Loan Management System
APP00002400,CUST00000148,,2013-11-15,1623073.29,Rejected,2026-08-03 11:22:40.136500,,Loan Management System
APP00002401,CUST00002921,LN00001796,2021-08-20,2476694.31,Approved,2026-08-03 11:22:40.136500,,Loan Management System
APP00002402,CUST00004292,LN00002300,2024-02-07,885859.52,Approved,2026-08-03 11:22:40.136500,,Loan Management System
APP00002403,CUST00002565,,2024-10-02,492944.2,Pending,2026-08-03 11:22:40.136500,,Loan Management System
APP00002404,CUST00002681,LN00001362,2020-11-15,13567624.09,Approved,2026-08-03 11:22:40.136500,,Loan Management System
APP00002405,CUST00001366,LN00000678,2014-06-14,986561.36,Approved,2026-08-03 11:22:40.136500,,Loan Management System
APP00002406,CUST00000195,,2023-12-26,8287447.73,Pending,2026-08-03 11:22:40.137500,,Loan Management System
APP00002407,CUST00003860,LN00001293,2022-04-30,2524106.7,Approved,2026-08-03 11:22:40.137500,,Loan Management System
APP00002408,CUST00004228,,2021-11-17,1179602.24,Rejected,2026-08-03 11:22:40.137500,,Loan Management System
APP00002409,CUST00001658,,2022-07-27,2382411.82,Pending,2026-08-03 11:22:40.137500,,Loan Management System
APP00002410,CUST00000995,LN00001892,2026-03-03,1815995.63,Approved,2026-08-03 11:22:40.137500,,Loan Management System
APP00002411,CUST00001754,LN00001283,2024-05-02,189111.09,Approved,2026-08-03 11:22:40.137500,,Loan Management System
APP00002412,CUST00002934,LN00002217,2025-04-24,5545770.3,Approved,2026-08-03 11:22:40.137500,,Loan Management System
APP00002413,CUST00001556,,2015-03-08,1107956.72,Cancelled,2026-08-03 11:22:40.137500,,Loan Management System
APP00002414,CUST00004949,LN00001816,2021-07-18,3872911.14,Approved,2026-08-03 11:22:40.138607,,Loan Management System
APP00002415,CUST00001795,LN00000145,2013-12-03,4373422.78,Approved,2026-08-03 11:22:40.138607,,Loan Management System
APP00002416,CUST00000752,LN00001265,2021-10-29,2477767.26,Approved,2026-08-03 11:22:40.138607,,Loan Management System
APP00002417,CUST00002696,,2026-05-04,19331088.56,Cancelled,2026-08-03 11:22:40.138607,,Loan Management System
APP00002418,CUST00004135,,2017-12-12,943132.75,Pending,2026-08-03 11:22:40.138607,,Loan Management System
APP00002419,CUST00001281,LN00000699,2015-01-27,1001492.93,Approved,2026-08-03 11:22:40.138607,,Loan Management System
APP00002420,CUST00002002,,2020-05-08,1142390.73,Rejected,2026-08-03 11:22:40.138607,,Loan Management System
APP00002421,CUST00000244,LN00001509,2024-05-24,8186891.17,Approved,2026-08-03 11:22:40.138607,,Loan Management System
APP00002422,CUST00002466,LN00002301,2023-02-07,2645046.46,Approved,2026-08-03 11:22:40.138607,,Loan Management System
APP00002423,CUST00002112,,2016-11-17,9715972.94,Pending,2026-08-03 11:22:40.139607,,Loan Management System
APP00002424,CUST00002513,,2023-08-29,2032895.62,Pending,2026-08-03 11:22:40.140504,,Loan Management System
APP00002425,CUST00004569,LN00002433,2016-12-22,693058.15,Approved,2026-08-03 11:22:40.140504,,Loan Management System
APP00002426,CUST00003518,,2018-06-13,2636388.58,Rejected,2026-08-03 11:22:40.140504,,Loan Management System
APP00002427,CUST00002713,LN00002122,2020-05-14,977712.68,Approved,2026-08-03 11:22:40.140504,,Loan Management System
APP00002428,CUST00002262,LN00000155,2018-05-08,420673.28,Approved,2026-08-03 11:22:40.140504,,Loan Management System
APP00002429,CUST00001507,LN00000179,2015-11-06,2798584.1,Approved,2026-08-03 11:22:40.140504,,Loan Management System
APP00002430,CUST00004870,LN00000486,2020-11-01,11303224.57,Approved,2026-08-03 11:22:40.140504,,Loan Management System
APP00002431,CUST00001934,,2014-07-17,4820487.57,Pending,2026-08-03 11:22:40.140504,,Loan Management System
APP00002432,CUST00000781,LN00001715,2012-03-28,1353351.47,Approved,2026-08-03 11:22:40.140504,,Loan Management System
APP00002433,CUST00000549,,2026-06-23,1246326.21,Cancelled,2026-08-03 11:22:40.141601,,Loan Management System
APP00002434,CUST00000944,,2025-10-03,2599119.93,Rejected,2026-08-03 11:22:40.141601,,Loan Management System
APP00002435,CUST00004647,,2015-01-01,316317.33,Rejected,2026-08-03 11:22:40.141601,,Loan Management System
APP00002436,CUST00003187,LN00002356,2023-09-04,1319367.2,Approved,2026-08-03 11:22:40.141601,,Loan Management System
APP00002437,CUST00003300,,2015-10-31,707034.41,Pending,2026-08-03 11:22:40.142607,,Loan Management System
APP00002438,CUST00003311,,2012-02-24,2314920.67,Rejected,2026-08-03 11:22:40.142607,,Loan Management System
APP00002439,CUST00005000,LN00001788,2015-03-21,4732294.34,Approved,2026-08-03 11:22:40.142607,,Loan Management System
APP00002440,CUST00003845,,2012-06-12,67118.69,Rejected,2026-08-03 11:22:40.142607,,Loan Management System
APP00002441,CUST00002968,LN00000765,2013-10-12,1031001.71,Approved,2026-08-03 11:22:40.143204,,Loan Management System
APP00002442,CUST00002215,LN00001703,2015-03-28,6983785.95,Approved,2026-08-03 11:22:40.143204,,Loan Management System
APP00002443,CUST00003997,,2016-03-31,2506393.88,Rejected,2026-08-03 11:22:40.143204,,Loan Management System
APP00002444,CUST00001616,LN00002487,2020-04-13,496310.29,Approved,2026-08-03 11:22:40.143204,,Loan Management System
APP00002445,CUST00001586,LN00000498,2016-01-13,891981.98,Approved,2026-08-03 11:22:40.143204,,Loan Management System
APP00002446,CUST00003286,LN00000220,2020-09-23,2376389.23,Approved,2026-08-03 11:22:40.143204,,Loan Management System
APP00002447,CUST00003368,LN00001965,2015-05-16,448988.51,Approved,2026-08-03 11:22:40.143204,,Loan Management System
APP00002448,CUST00001793,LN00000264,2016-10-02,2669881.88,Approved,2026-08-03 11:22:40.143204,,Loan Management System
APP00002449,CUST00004992,LN00000048,2024-05-31,2078725.46,Approved,2026-08-03 11:22:40.143204,,Loan Management System
APP00002450,CUST00003547,,2015-09-14,442005.17,Cancelled,2026-08-03 11:22:40.143204,,Loan Management System
APP00002451,CUST00004029,LN00001736,2018-07-30,951495.91,Approved,2026-08-03 11:22:40.143204,,Loan Management System
APP00002452,CUST00001929,LN00001043,2016-04-01,349914.26,Approved,2026-08-03 11:22:40.143204,,Loan Management System
APP00002453,CUST00000308,LN00002305,2022-12-25,2683717.81,Approved,2026-08-03 11:22:40.143204,,Loan Management System
APP00002454,CUST00000807,LN00001365,2018-06-24,20804483.69,Approved,2026-08-03 11:22:40.143204,,Loan Management System
APP00002455,CUST00002749,LN00000174,2018-01-03,2993147.99,Approved,2026-08-03 11:22:40.143204,,Loan Management System
APP00002456,CUST00004070,LN00001710,2016-09-06,782692.42,Approved,2026-08-03 11:22:40.143204,,Loan Management System
APP00002457,CUST00003826,LN00000922,2022-02-20,19199353.33,Approved,2026-08-03 11:22:40.143204,,Loan Management System
APP00002458,CUST00003228,,2020-12-18,731701.04,Rejected,2026-08-03 11:22:40.144305,,Loan Management System
APP00002459,CUST00002713,LN00001686,2024-04-02,2435150.37,Approved,2026-08-03 11:22:40.144305,,Loan Management System
APP00002460,CUST00000840,LN00002315,2024-07-17,19047964.77,Approved,2026-08-03 11:22:40.144305,,Loan Management System
APP00002461,CUST00000425,LN00000577,2014-03-05,7551703.44,Approved,2026-08-03 11:22:40.144305,,Loan Management System
APP00002462,CUST00003545,,2025-11-01,1067720.01,Cancelled,2026-08-03 11:22:40.144305,,Loan Management System
APP00002463,CUST00004377,LN00001002,2016-02-01,6663941.3,Approved,2026-08-03 11:22:40.144305,,Loan Management System
APP00002464,CUST00001741,,2024-04-29,5251898.94,Pending,2026-08-03 11:22:40.144305,,Loan Management System
APP00002465,CUST00001972,LN00002350,2023-09-17,3948637.36,Approved,2026-08-03 11:22:40.144305,,Loan Management System
APP00002466,CUST00003013,,2016-06-08,596035.16,Pending,2026-08-03 11:22:40.145315,,Loan Management System
APP00002467,CUST00000756,,2012-01-20,19540221.69,Rejected,2026-08-03 11:22:40.145315,,Loan Management System
APP00002468,CUST00002266,,2018-03-01,5932927.08,Cancelled,2026-08-03 11:22:40.145315,,Loan Management System
APP00002469,CUST00001295,LN00001744,2011-12-26,287533.8,Approved,2026-08-03 11:22:40.145315,,Loan Management System
APP00002470,CUST00001602,LN00000536,2013-08-17,2057357.88,Approved,2026-08-03 11:22:40.145315,,Loan Management System
APP00002471,CUST00003601,LN00001473,2012-11-03,420748.08,Approved,2026-08-03 11:22:40.145315,,Loan Management System
APP00002472,CUST00002334,LN00000710,2022-10-08,1072417.33,Approved,2026-08-03 11:22:40.145315,,Loan Management System
APP00002473,CUST00002349,LN00000272,2013-07-14,476014.06,Approved,2026-08-03 11:22:40.145315,,Loan Management System
APP00002474,CUST00002057,,2022-08-07,619905.28,Rejected,2026-08-03 11:22:40.145315,,Loan Management System
APP00002475,CUST00004924,,2015-06-01,341447.44,Cancelled,2026-08-03 11:22:40.146308,,Loan Management System
APP00002476,CUST00002017,LN00000701,2019-07-11,563985.19,Approved,2026-08-03 11:22:40.146308,,Loan Management System
APP00002477,CUST00000342,LN00001449,2025-06-14,568289.79,Approved,2026-08-03 11:22:40.146308,,Loan Management System
APP00002478,CUST00001252,LN00002131,2024-10-12,1141041.15,Approved,2026-08-03 11:22:40.146308,,Loan Management System
APP00002479,CUST00004380,,2020-04-26,5289611.97,Rejected,2026-08-03 11:22:40.146308,,Loan Management System
APP00002480,CUST00003770,LN00000870,2019-05-17,1256894.77,Approved,2026-08-03 11:22:40.146308,,Loan Management System
APP00002481,CUST00000817,LN00001868,2022-01-17,493861.17,Approved,2026-08-03 11:22:40.146308,,Loan Management System
APP00002482,CUST00002000,LN00001050,2023-10-18,983626.43,Approved,2026-08-03 11:22:40.146308,,Loan Management System
APP00002483,CUST00000938,,2013-11-02,145581.2,Rejected,2026-08-03 11:22:40.146308,,Loan Management System
APP00002484,CUST00000173,LN00002141,2017-05-28,373548.22,Approved,2026-08-03 11:22:40.146308,,Loan Management System
APP00002485,CUST00003324,LN00002017,2021-03-28,1595408.13,Approved,2026-08-03 11:22:40.146308,,Loan Management System
APP00002486,CUST00003322,LN00000769,2020-06-15,800644.46,Approved,2026-08-03 11:22:40.146308,,Loan Management System
APP00002487,CUST00004443,,2015-05-24,8847167.67,Rejected,2026-08-03 11:22:40.147301,,Loan Management System
APP00002488,CUST00003166,,2015-11-18,1079115.28,Rejected,2026-08-03 11:22:40.147301,,Loan Management System
APP00002489,CUST00001827,,2021-12-08,7849615.61,Pending,2026-08-03 11:22:40.147301,,Loan Management System
APP00002490,CUST00000723,,2025-04-13,1792935.22,Rejected,2026-08-03 11:22:40.147301,,Loan Management System
APP00002491,CUST00002071,LN00002456,2011-10-28,2879332.55,Approved,2026-08-03 11:22:40.147301,,Loan Management System
APP00002492,CUST00000885,LN00000554,2022-01-17,419428.47,Approved,2026-08-03 11:22:40.147301,,Loan Management System
APP00002493,CUST00000619,LN00001377,2016-06-30,2798896.95,Approved,2026-08-03 11:22:40.148305,,Loan Management System
APP00002494,CUST00000305,,2017-12-28,1652521.77,Rejected,2026-08-03 11:22:40.148305,,Loan Management System
APP00002495,CUST00001840,LN00002326,2020-02-24,1638158.73,Approved,2026-08-03 11:22:40.148305,,Loan Management System
APP00002496,CUST00002403,,2019-05-25,4152589.41,Pending,2026-08-03 11:22:40.148305,,Loan Management System
APP00002497,CUST00001336,,2015-11-15,401863.59,Rejected,2026-08-03 11:22:40.148305,,Loan Management System
APP00002498,CUST00001411,LN00000074,2021-04-19,7454027.56,Approved,2026-08-03 11:22:40.148305,,Loan Management System
APP00002499,CUST00003342,LN00002036,2016-03-11,1425516.05,Approved,2026-08-03 11:22:40.148305,,Loan Management System
APP00002500,CUST00004492,,2016-09-22,1341533.04,Rejected,2026-08-03 11:22:40.149309,,Loan Management System
APP00002501,CUST00004312,,2023-02-08,1163082.03,Rejected,2026-08-03 11:22:40.149309,,Loan Management System
APP00002502,CUST00003693,LN00002027,2012-12-10,2632057.66,Approved,2026-08-03 11:22:40.149309,,Loan Management System
APP00002503,CUST00001239,,2025-08-11,858675.05,Pending,2026-08-03 11:22:40.149309,,Loan Management System
APP00002504,CUST00003239,LN00000963,2023-06-12,618290.11,Approved,2026-08-03 11:22:40.149309,,Loan Management System
APP00002505,CUST00000056,LN00002093,2026-03-12,5658023.9,Approved,2026-08-03 11:22:40.149309,,Loan Management System
APP00002506,CUST00003857,,2021-07-12,1972112.73,Rejected,2026-08-03 11:22:40.149309,,Loan Management System
APP00002507,CUST00003829,LN00000780,2025-07-27,1502462.94,Approved,2026-08-03 11:22:40.149309,,Loan Management System
APP00002508,CUST00003736,,2011-09-17,16410745.13,Pending,2026-08-03 11:22:40.150309,,Loan Management System
APP00002509,CUST00002571,,2020-04-15,5907935.46,Cancelled,2026-08-03 11:22:40.150309,,Loan Management System
APP00002510,CUST00001132,LN00000620,2016-01-12,3833109.91,Approved,2026-08-03 11:22:40.150309,,Loan Management System
APP00002511,CUST00000530,,2021-02-19,2091705.79,Rejected,2026-08-03 11:22:40.150309,,Loan Management System
APP00002512,CUST00004047,,2022-08-07,9330906.63,Cancelled,2026-08-03 11:22:40.150309,,Loan Management System
APP00002513,CUST00002401,LN00000040,2025-04-16,3984492.33,Approved,2026-08-03 11:22:40.150309,,Loan Management System
APP00002514,CUST00001607,LN00001175,2018-01-19,8777794.94,Approved,2026-08-03 11:22:40.151309,,Loan Management System
APP00002515,CUST00004851,LN00001505,2024-03-14,1907412.73,Approved,2026-08-03 11:22:40.151309,,Loan Management System
APP00002516,CUST00003567,LN00000022,2020-02-05,2016146.76,Approved,2026-08-03 11:22:40.151309,,Loan Management System
APP00002517,CUST00003492,LN00001701,2017-01-12,1139743.41,Approved,2026-08-03 11:22:40.151309,,Loan Management System
APP00002518,CUST00001658,LN00002340,2017-12-14,1128779.59,Approved,2026-08-03 11:22:40.151309,,Loan Management System
APP00002519,CUST00003337,LN00000065,2017-11-16,1545001.0,Approved,2026-08-03 11:22:40.151309,,Loan Management System
APP00002520,CUST00001996,LN00002329,2025-09-18,3856953.46,Approved,2026-08-03 11:22:40.151309,,Loan Management System
APP00002521,CUST00000805,LN00000682,2018-05-26,7843760.65,Approved,2026-08-03 11:22:40.151309,,Loan Management System
APP00002522,CUST00003068,LN00000165,2013-05-15,8428718.25,Approved,2026-08-03 11:22:40.151309,,Loan Management System
APP00002523,CUST00000349,LN00001834,2021-08-02,5628191.81,Approved,2026-08-03 11:22:40.151309,,Loan Management System
APP00002524,CUST00001002,LN00000939,2024-03-19,1372609.43,Approved,2026-08-03 11:22:40.151309,,Loan Management System
APP00002525,CUST00001852,LN00001345,2014-12-17,1891121.23,Approved,2026-08-03 11:22:40.151309,,Loan Management System
APP00002526,CUST00001501,LN00001556,2019-05-20,196943.29,Approved,2026-08-03 11:22:40.151309,,Loan Management System
APP00002527,CUST00000383,LN00002240,2018-11-27,6281433.67,Approved,2026-08-03 11:22:40.151309,,Loan Management System
APP00002528,CUST00001805,LN00000559,2014-04-27,4801749.48,Approved,2026-08-03 11:22:40.151309,,Loan Management System
APP00002529,CUST00000486,LN00000083,2012-11-02,896016.07,Approved,2026-08-03 11:22:40.151309,,Loan Management System
APP00002530,CUST00003547,,2012-07-20,1074192.95,Pending,2026-08-03 11:22:40.151309,,Loan Management System
APP00002531,CUST00003399,LN00001838,2015-05-07,3337482.58,Approved,2026-08-03 11:22:40.151309,,Loan Management System
APP00002532,CUST00001612,LN00000887,2012-05-19,853950.08,Approved,2026-08-03 11:22:40.151309,,Loan Management System
APP00002533,CUST00001640,LN00002390,2021-10-16,888309.74,Approved,2026-08-03 11:22:40.151309,,Loan Management System
APP00002534,CUST00004308,LN00000539,2017-08-28,1168435.81,Approved,2026-08-03 11:22:40.151309,,Loan Management System
APP00002535,CUST00003704,,2023-11-09,1443410.0,Cancelled,2026-08-03 11:22:40.152295,,Loan Management System
APP00002536,CUST00002932,LN00000628,2016-10-05,14425925.74,Approved,2026-08-03 11:22:40.152295,,Loan Management System
APP00002537,CUST00001374,LN00001435,2015-07-11,4376377.45,Approved,2026-08-03 11:22:40.152295,,Loan Management System
APP00002538,CUST00001161,LN00002424,2018-03-29,484052.17,Approved,2026-08-03 11:22:40.152295,,Loan Management System
APP00002539,CUST00003052,,2016-01-01,986865.91,Rejected,2026-08-03 11:22:40.152800,,Loan Management System
APP00002540,CUST00004950,,2018-09-15,2428074.05,Rejected,2026-08-03 11:22:40.152928,,Loan Management System
APP00002541,CUST00000422,LN00002465,2018-09-23,1461390.05,Approved,2026-08-03 11:22:40.152928,,Loan Management System
APP00002542,CUST00004633,,2018-03-11,2988088.17,Rejected,2026-08-03 11:22:40.152928,,Loan Management System
APP00002543,CUST00000630,,2024-02-13,444131.78,Pending,2026-08-03 11:22:40.152928,,Loan Management System
APP00002544,CUST00000674,LN00000107,2020-07-06,4642681.71,Approved,2026-08-03 11:22:40.152928,,Loan Management System
APP00002545,CUST00002012,LN00000342,2016-04-24,1020531.09,Approved,2026-08-03 11:22:40.152928,,Loan Management System
APP00002546,CUST00002329,LN00002432,2012-01-19,2662730.13,Approved,2026-08-03 11:22:40.152928,,Loan Management System
APP00002547,CUST00003247,LN00001003,2021-12-12,1077454.19,Approved,2026-08-03 11:22:40.153807,,Loan Management System
APP00002548,CUST00001396,,2017-06-04,1190137.58,Pending,2026-08-03 11:22:40.153807,,Loan Management System
APP00002549,CUST00002063,,2023-12-12,1780490.28,Cancelled,2026-08-03 11:22:40.153807,,Loan Management System
APP00002550,CUST00002219,LN00001828,2012-07-21,304911.26,Approved,2026-08-03 11:22:40.153807,,Loan Management System
APP00002551,CUST00003553,LN00001066,2015-04-30,9843339.09,Approved,2026-08-03 11:22:40.153807,,Loan Management System
APP00002552,CUST00001592,,2022-06-12,3871414.31,Pending,2026-08-03 11:22:40.153807,,Loan Management System
APP00002553,CUST00004444,,2024-12-09,1692754.19,Pending,2026-08-03 11:22:40.154805,,Loan Management System
APP00002554,CUST00002331,,2019-09-06,864258.52,Pending,2026-08-03 11:22:40.155807,,Loan Management System
APP00002555,CUST00003070,LN00000574,2025-04-21,1066258.67,Approved,2026-08-03 11:22:40.155807,,Loan Management System
APP00002556,CUST00000576,,2020-03-20,2200472.28,Pending,2026-08-03 11:22:40.155807,,Loan Management System
APP00002557,CUST00003252,,2016-09-10,1476233.33,Rejected,2026-08-03 11:22:40.156940,,Loan Management System
APP00002558,CUST00000081,LN00001052,2019-10-10,2544315.18,Approved,2026-08-03 11:22:40.156940,,Loan Management System
APP00002559,CUST00002664,,2025-11-20,367710.75,Rejected,2026-08-03 11:22:40.156940,,Loan Management System
APP00002560,CUST00004998,LN00000394,2020-10-16,1804149.85,Approved,2026-08-03 11:22:40.156940,,Loan Management System
APP00002561,CUST00000747,,2014-09-01,14448937.47,Rejected,2026-08-03 11:22:40.156940,,Loan Management System
APP00002562,CUST00000343,,2016-08-01,1087723.47,Pending,2026-08-03 11:22:40.158031,,Loan Management System
APP00002563,CUST00004792,,2013-03-31,1435794.42,Rejected,2026-08-03 11:22:40.158031,,Loan Management System
APP00002564,CUST00002721,,2019-08-06,2285779.85,Rejected,2026-08-03 11:22:40.159034,,Loan Management System
APP00002565,CUST00004249,,2013-10-06,1269139.87,Rejected,2026-08-03 11:22:40.159034,,Loan Management System
APP00002566,CUST00001393,,2024-03-10,2034256.38,Pending,2026-08-03 11:22:40.159949,,Loan Management System
APP00002567,CUST00000399,,2015-12-27,1733951.49,Rejected,2026-08-03 11:22:40.159949,,Loan Management System
APP00002568,CUST00000306,LN00000518,2019-01-30,1480706.11,Approved,2026-08-03 11:22:40.159949,,Loan Management System
APP00002569,CUST00003429,LN00000748,2026-02-09,898532.21,Approved,2026-08-03 11:22:40.159949,,Loan Management System
APP00002570,CUST00004855,LN00000347,2019-01-16,1472043.0,Approved,2026-08-03 11:22:40.159949,,Loan Management System
APP00002571,CUST00002612,LN00001893,2015-02-08,2255554.46,Approved,2026-08-03 11:22:40.159949,,Loan Management System
APP00002572,CUST00000668,LN00001209,2012-01-11,3340012.94,Approved,2026-08-03 11:22:40.159949,,Loan Management System
APP00002573,CUST00001367,,2017-08-18,790090.93,Cancelled,2026-08-03 11:22:40.160950,,Loan Management System
APP00002574,CUST00003108,,2015-05-21,857659.65,Rejected,2026-08-03 11:22:40.160950,,Loan Management System
APP00002575,CUST00004497,LN00001274,2021-06-27,7705040.86,Approved,2026-08-03 11:22:40.160950,,Loan Management System
APP00002576,CUST00001408,LN00000033,2019-03-06,1430187.12,Approved,2026-08-03 11:22:40.160950,,Loan Management System
APP00002577,CUST00002495,LN00001014,2016-12-27,2157159.78,Approved,2026-08-03 11:22:40.160950,,Loan Management System
APP00002578,CUST00002222,,2017-11-28,1706487.63,Rejected,2026-08-03 11:22:40.160950,,Loan Management System
APP00002579,CUST00004670,,2016-01-08,2382967.29,Rejected,2026-08-03 11:22:40.160950,,Loan Management System
APP00002580,CUST00000903,LN00001638,2024-04-16,96731.64,Approved,2026-08-03 11:22:40.160950,,Loan Management System
APP00002581,CUST00003217,LN00001235,2025-07-23,9528113.35,Approved,2026-08-03 11:22:40.160950,,Loan Management System
APP00002582,CUST00001385,LN00002271,2021-10-18,9491888.91,Approved,2026-08-03 11:22:40.160950,,Loan Management System
APP00002583,CUST00003992,LN00002158,2022-08-07,249737.12,Approved,2026-08-03 11:22:40.160950,,Loan Management System
APP00002584,CUST00001827,LN00001611,2014-10-11,3224941.69,Approved,2026-08-03 11:22:40.162505,,Loan Management System
APP00002585,CUST00004217,LN00002314,2017-03-31,1672069.09,Approved,2026-08-03 11:22:40.162505,,Loan Management System
APP00002586,CUST00002956,,2026-04-29,17646760.61,Cancelled,2026-08-03 11:22:40.162595,,Loan Management System
APP00002587,CUST00000546,,2022-05-19,3423974.82,Rejected,2026-08-03 11:22:40.162595,,Loan Management System
APP00002588,CUST00003870,LN00001457,2017-03-23,875514.68,Approved,2026-08-03 11:22:40.162595,,Loan Management System
APP00002589,CUST00002646,LN00000599,2014-11-10,683568.88,Approved,2026-08-03 11:22:40.162595,,Loan Management System
APP00002590,CUST00000520,LN00000657,2022-11-14,7712551.44,Approved,2026-08-03 11:22:40.162595,,Loan Management System
APP00002591,CUST00004127,LN00001299,2018-05-20,1209391.39,Approved,2026-08-03 11:22:40.162595,,Loan Management System
APP00002592,CUST00001611,LN00000404,2020-07-30,1055330.21,Approved,2026-08-03 11:22:40.162595,,Loan Management System
APP00002593,CUST00003387,,2014-11-23,8159625.66,Pending,2026-08-03 11:22:40.163511,,Loan Management System
APP00002594,CUST00004275,LN00001370,2019-05-27,1355845.72,Approved,2026-08-03 11:22:40.163511,,Loan Management System
APP00002595,CUST00000292,,2013-08-16,232053.4,Cancelled,2026-08-03 11:22:40.163511,,Loan Management System
APP00002596,CUST00000007,LN00002095,2021-04-25,2642500.26,Approved,2026-08-03 11:22:40.163511,,Loan Management System
APP00002597,CUST00004801,LN00000228,2013-06-18,1141543.71,Approved,2026-08-03 11:22:40.163511,,Loan Management System
APP00002598,CUST00001385,LN00000307,2024-11-04,258072.8,Approved,2026-08-03 11:22:40.163511,,Loan Management System
APP00002599,CUST00000075,,2018-08-12,3471027.4,Rejected,2026-08-03 11:22:40.163511,,Loan Management System
APP00002600,CUST00003438,LN00000807,2017-02-24,2977186.12,Approved,2026-08-03 11:22:40.163511,,Loan Management System
APP00002601,CUST00002698,,2026-05-27,3389558.87,Rejected,2026-08-03 11:22:40.164583,,Loan Management System
APP00002602,CUST00000842,LN00001388,2013-12-01,901968.6,Approved,2026-08-03 11:22:40.164583,,Loan Management System
APP00002603,CUST00001196,LN00001912,2023-02-22,2069870.99,Approved,2026-08-03 11:22:40.164583,,Loan Management System
APP00002604,CUST00002863,,2014-12-29,9714017.3,Rejected,2026-08-03 11:22:40.164583,,Loan Management System
APP00002605,CUST00001420,LN00001279,2016-02-05,3505339.19,Approved,2026-08-03 11:22:40.164583,,Loan Management System
APP00002606,CUST00000299,LN00002057,2011-08-27,21290457.15,Approved,2026-08-03 11:22:40.164583,,Loan Management System
APP00002607,CUST00004129,,2021-04-10,6870515.85,Rejected,2026-08-03 11:22:40.164583,,Loan Management System
APP00002608,CUST00003842,LN00000363,2018-06-15,315370.54,Approved,2026-08-03 11:22:40.164583,,Loan Management System
APP00002609,CUST00004982,LN00000142,2019-04-06,831162.06,Approved,2026-08-03 11:22:40.164583,,Loan Management System
APP00002610,CUST00002227,LN00000758,2019-05-28,260545.99,Approved,2026-08-03 11:22:40.164583,,Loan Management System
APP00002611,CUST00001916,,2026-04-04,1010656.74,Rejected,2026-08-03 11:22:40.165616,,Loan Management System
APP00002612,CUST00003382,LN00000175,2017-12-16,905355.56,Approved,2026-08-03 11:22:40.165616,,Loan Management System
APP00002613,CUST00000860,,2024-11-02,17551414.63,Rejected,2026-08-03 11:22:40.165616,,Loan Management System
APP00002614,CUST00004913,LN00000696,2018-12-14,2262005.21,Approved,2026-08-03 11:22:40.165616,,Loan Management System
APP00002615,CUST00004881,,2019-11-18,5905935.15,Pending,2026-08-03 11:22:40.165616,,Loan Management System
APP00002616,CUST00002514,,2017-03-30,952382.52,Rejected,2026-08-03 11:22:40.166609,,Loan Management System
APP00002617,CUST00002092,LN00002455,2012-10-24,15712515.29,Approved,2026-08-03 11:22:40.166609,,Loan Management System
APP00002618,CUST00003961,,2016-12-01,2570878.28,Rejected,2026-08-03 11:22:40.166609,,Loan Management System
APP00002619,CUST00004385,,2022-05-19,2226575.95,Rejected,2026-08-03 11:22:40.166609,,Loan Management System
APP00002620,CUST00001849,LN00001161,2016-08-07,3122941.07,Approved,2026-08-03 11:22:40.166609,,Loan Management System
APP00002621,CUST00004424,LN00001376,2023-08-11,9155564.5,Approved,2026-08-03 11:22:40.166609,,Loan Management System
APP00002622,CUST00000284,LN00002396,2019-09-18,2185317.66,Approved,2026-08-03 11:22:40.166609,,Loan Management System
APP00002623,CUST00003502,LN00001771,2022-05-15,5466337.88,Approved,2026-08-03 11:22:40.166609,,Loan Management System
APP00002624,CUST00001488,LN00000917,2011-12-31,973846.98,Approved,2026-08-03 11:22:40.166609,,Loan Management System
APP00002625,CUST00004836,LN00002187,2016-02-20,1274109.36,Approved,2026-08-03 11:22:40.166609,,Loan Management System
APP00002626,CUST00004599,LN00001172,2015-05-30,2176525.2,Approved,2026-08-03 11:22:40.166609,,Loan Management System
APP00002627,CUST00002886,,2024-08-04,654882.69,Rejected,2026-08-03 11:22:40.167574,,Loan Management System
APP00002628,CUST00001557,LN00002477,2022-01-23,7384835.0,Approved,2026-08-03 11:22:40.167574,,Loan Management System
APP00002629,CUST00003887,LN00000904,2019-07-20,761598.41,Approved,2026-08-03 11:22:40.167574,,Loan Management System
APP00002630,CUST00003642,,2024-12-11,140598.87,Pending,2026-08-03 11:22:40.167574,,Loan Management System
APP00002631,CUST00000368,LN00002289,2016-09-15,649435.09,Approved,2026-08-03 11:22:40.167574,,Loan Management System
APP00002632,CUST00003221,LN00001676,2012-12-26,243913.13,Approved,2026-08-03 11:22:40.167574,,Loan Management System
APP00002633,CUST00000169,LN00002471,2013-08-27,3209927.41,Approved,2026-08-03 11:22:40.167574,,Loan Management System
APP00002634,CUST00002561,,2018-12-18,8172083.43,Pending,2026-08-03 11:22:40.167574,,Loan Management System
APP00002635,CUST00000978,,2022-05-13,2493637.72,Pending,2026-08-03 11:22:40.168518,,Loan Management System
APP00002636,CUST00000249,,2018-11-22,3271836.41,Rejected,2026-08-03 11:22:40.168518,,Loan Management System
APP00002637,CUST00004791,LN00001201,2014-03-12,786549.83,Approved,2026-08-03 11:22:40.168518,,Loan Management System
APP00002638,CUST00004385,LN00001959,2020-12-29,894591.13,Approved,2026-08-03 11:22:40.168518,,Loan Management System
APP00002639,CUST00002096,,2019-09-16,1398070.31,Rejected,2026-08-03 11:22:40.168518,,Loan Management System
APP00002640,CUST00004047,,2018-02-08,284781.66,Pending,2026-08-03 11:22:40.169623,,Loan Management System
APP00002641,CUST00003742,LN00001572,2016-07-22,1498183.21,Approved,2026-08-03 11:22:40.169623,,Loan Management System
APP00002642,CUST00002922,,2012-03-24,2114480.14,Rejected,2026-08-03 11:22:40.169623,,Loan Management System
APP00002643,CUST00002222,LN00000350,2026-02-12,1654806.86,Approved,2026-08-03 11:22:40.169623,,Loan Management System
APP00002644,CUST00003570,,2014-12-24,5538224.98,Pending,2026-08-03 11:22:40.169623,,Loan Management System
APP00002645,CUST00000965,LN00000977,2018-10-21,5115746.35,Approved,2026-08-03 11:22:40.169623,,Loan Management System
APP00002646,CUST00000873,,2011-10-29,3303754.87,Cancelled,2026-08-03 11:22:40.169623,,Loan Management System
APP00002647,CUST00000891,LN00002099,2023-07-29,455701.99,Approved,2026-08-03 11:22:40.170516,,Loan Management System
APP00002648,CUST00004963,,2024-06-17,1231892.49,Pending,2026-08-03 11:22:40.170516,,Loan Management System
APP00002649,CUST00003791,,2025-10-05,825679.26,Cancelled,2026-08-03 11:22:40.171511,,Loan Management System
APP00002650,CUST00004351,LN00000969,2025-04-08,1194579.21,Approved,2026-08-03 11:22:40.171511,,Loan Management System
APP00002651,CUST00001041,,2014-10-30,859261.98,Pending,2026-08-03 11:22:40.171511,,Loan Management System
APP00002652,CUST00004375,LN00001976,2020-11-22,3555599.55,Approved,2026-08-03 11:22:40.171511,,Loan Management System
APP00002653,CUST00003941,LN00000278,2021-06-05,1686682.03,Approved,2026-08-03 11:22:40.171511,,Loan Management System
APP00002654,CUST00004612,LN00000081,2024-09-24,644246.88,Approved,2026-08-03 11:22:40.171511,,Loan Management System
APP00002655,CUST00003300,,2024-01-25,586076.57,Rejected,2026-08-03 11:22:40.171511,,Loan Management System
APP00002656,CUST00000699,LN00001548,2019-05-01,1144266.78,Approved,2026-08-03 11:22:40.171511,,Loan Management System
APP00002657,CUST00003839,LN00002496,2017-06-24,1163457.6,Approved,2026-08-03 11:22:40.171511,,Loan Management System
APP00002658,CUST00000621,LN00000912,2012-09-04,2661400.92,Approved,2026-08-03 11:22:40.171511,,Loan Management System
APP00002659,CUST00003782,LN00000301,2013-10-02,1548653.54,Approved,2026-08-03 11:22:40.172511,,Loan Management System
APP00002660,CUST00002890,LN00002285,2013-08-24,1792858.84,Approved,2026-08-03 11:22:40.172511,,Loan Management System
APP00002661,CUST00000130,LN00000233,2015-07-08,4223887.08,Approved,2026-08-03 11:22:40.172511,,Loan Management System
APP00002662,CUST00001921,LN00000511,2017-03-14,3229558.39,Approved,2026-08-03 11:22:40.172511,,Loan Management System
APP00002663,CUST00002191,LN00001737,2022-09-09,1668230.21,Approved,2026-08-03 11:22:40.172511,,Loan Management System
APP00002664,CUST00001011,LN00001414,2022-10-20,692278.15,Approved,2026-08-03 11:22:40.172511,,Loan Management System
APP00002665,CUST00003677,,2016-10-17,4750382.63,Rejected,2026-08-03 11:22:40.173017,,Loan Management System
APP00002666,CUST00000643,LN00000576,2015-12-31,93927.6,Approved,2026-08-03 11:22:40.173017,,Loan Management System
APP00002667,CUST00001954,,2012-09-11,2229581.2,Rejected,2026-08-03 11:22:40.173017,,Loan Management System
APP00002668,CUST00004829,LN00001434,2017-12-10,884761.23,Approved,2026-08-03 11:22:40.173017,,Loan Management System
APP00002669,CUST00003958,LN00002360,2016-05-05,1475704.12,Approved,2026-08-03 11:22:40.173017,,Loan Management System
APP00002670,CUST00002566,,2016-07-14,3481813.17,Rejected,2026-08-03 11:22:40.173017,,Loan Management System
APP00002671,CUST00003499,LN00001288,2019-01-22,17073175.1,Approved,2026-08-03 11:22:40.173017,,Loan Management System
APP00002672,CUST00000451,LN00001132,2019-11-28,1028063.71,Approved,2026-08-03 11:22:40.173017,,Loan Management System
APP00002673,CUST00001759,LN00001755,2017-10-28,4289046.61,Approved,2026-08-03 11:22:40.173017,,Loan Management System
APP00002674,CUST00003843,LN00000325,2022-07-20,1794237.02,Approved,2026-08-03 11:22:40.173017,,Loan Management System
APP00002675,CUST00002954,,2017-05-02,1456902.92,Cancelled,2026-08-03 11:22:40.174022,,Loan Management System
APP00002676,CUST00004329,LN00001994,2013-12-21,457007.8,Approved,2026-08-03 11:22:40.174022,,Loan Management System
APP00002677,CUST00000312,,2023-04-09,2449612.81,Rejected,2026-08-03 11:22:40.174022,,Loan Management System
APP00002678,CUST00002070,,2013-11-11,7372025.7,Rejected,2026-08-03 11:22:40.174022,,Loan Management System
APP00002679,CUST00002639,LN00001990,2017-06-25,1734885.3,Approved,2026-08-03 11:22:40.174022,,Loan Management System
APP00002680,CUST00000785,LN00001091,2014-10-28,6145667.33,Approved,2026-08-03 11:22:40.174022,,Loan Management System
APP00002681,CUST00003005,LN00002252,2017-04-08,1683977.97,Approved,2026-08-03 11:22:40.174022,,Loan Management System
APP00002682,CUST00002493,,2024-05-07,13956824.04,Pending,2026-08-03 11:22:40.175027,,Loan Management System
APP00002683,CUST00000538,LN00000851,2020-10-04,42377.12,Approved,2026-08-03 11:22:40.175027,,Loan Management System
APP00002684,CUST00003035,,2014-05-23,2151548.08,Rejected,2026-08-03 11:22:40.175027,,Loan Management System
APP00002685,CUST00000270,,2025-05-26,179691.9,Rejected,2026-08-03 11:22:40.175027,,Loan Management System
APP00002686,CUST00000767,,2018-06-13,8467930.85,Pending,2026-08-03 11:22:40.175027,,Loan Management System
APP00002687,CUST00001842,,2011-11-29,613173.03,Rejected,2026-08-03 11:22:40.176027,,Loan Management System
APP00002688,CUST00002954,,2015-06-22,2567063.36,Pending,2026-08-03 11:22:40.176027,,Loan Management System
APP00002689,CUST00000140,LN00002260,2012-08-05,343726.46,Approved,2026-08-03 11:22:40.176027,,Loan Management System
APP00002690,CUST00000190,,2023-12-16,1318637.31,Cancelled,2026-08-03 11:22:40.176027,,Loan Management System
APP00002691,CUST00002426,LN00002417,2015-03-25,208396.32,Approved,2026-08-03 11:22:40.176027,,Loan Management System
APP00002692,CUST00004435,LN00000328,2018-04-28,1698277.03,Approved,2026-08-03 11:22:40.176027,,Loan Management System
APP00002693,CUST00002360,,2024-01-28,6390026.41,Rejected,2026-08-03 11:22:40.176027,,Loan Management System
APP00002694,CUST00002002,,2011-12-17,3170594.22,Rejected,2026-08-03 11:22:40.177027,,Loan Management System
APP00002695,CUST00003809,LN00001151,2019-12-10,1994583.74,Approved,2026-08-03 11:22:40.177027,,Loan Management System
APP00002696,CUST00001480,,2020-03-03,597079.53,Pending,2026-08-03 11:22:40.177027,,Loan Management System
APP00002697,CUST00004368,,2014-06-18,1077088.8,Rejected,2026-08-03 11:22:40.177027,,Loan Management System
APP00002698,CUST00004523,,2013-09-06,8233450.55,Rejected,2026-08-03 11:22:40.178028,,Loan Management System
APP00002699,CUST00004092,LN00002457,2015-11-14,449783.24,Approved,2026-08-03 11:22:40.178028,,Loan Management System
APP00002700,CUST00002195,LN00000208,2026-03-28,1698967.53,Approved,2026-08-03 11:22:40.178028,,Loan Management System
APP00002701,CUST00003387,,2017-12-20,2906811.1,Pending,2026-08-03 11:22:40.178028,,Loan Management System
APP00002702,CUST00003678,,2026-07-01,1386372.53,Rejected,2026-08-03 11:22:40.178028,,Loan Management System
APP00002703,CUST00003778,LN00000622,2013-04-30,556108.14,Approved,2026-08-03 11:22:40.178028,,Loan Management System
APP00002704,CUST00001158,LN00000594,2026-05-20,8722260.73,Approved,2026-08-03 11:22:40.178028,,Loan Management System
APP00002705,CUST00002494,LN00000359,2024-05-27,8711954.85,Approved,2026-08-03 11:22:40.178028,,Loan Management System
APP00002706,CUST00000527,,2012-05-30,499294.38,Rejected,2026-08-03 11:22:40.179028,,Loan Management System
APP00002707,CUST00000263,LN00002256,2025-01-01,11957518.07,Approved,2026-08-03 11:22:40.179028,,Loan Management System
APP00002708,CUST00004050,,2012-05-27,8864412.32,Pending,2026-08-03 11:22:40.179028,,Loan Management System
APP00002709,CUST00000038,LN00000694,2016-12-05,2405393.79,Approved,2026-08-03 11:22:40.179028,,Loan Management System
APP00002710,CUST00002226,LN00000973,2024-09-26,6464760.68,Approved,2026-08-03 11:22:40.179028,,Loan Management System
APP00002711,CUST00004869,LN00000915,2012-02-13,17954788.88,Approved,2026-08-03 11:22:40.179028,,Loan Management System
APP00002712,CUST00001222,LN00001697,2019-06-21,390760.3,Approved,2026-08-03 11:22:40.179028,,Loan Management System
APP00002713,CUST00001886,,2018-09-04,1522884.23,Cancelled,2026-08-03 11:22:40.179028,,Loan Management System
APP00002714,CUST00001958,LN00001195,2012-12-01,111869.73,Approved,2026-08-03 11:22:40.179028,,Loan Management System
APP00002715,CUST00000632,,2018-01-20,1799749.51,Rejected,2026-08-03 11:22:40.180027,,Loan Management System
APP00002716,CUST00000800,,2013-09-08,3639668.75,Rejected,2026-08-03 11:22:40.180027,,Loan Management System
APP00002717,CUST00000957,LN00000647,2024-02-06,1050713.68,Approved,2026-08-03 11:22:40.180027,,Loan Management System
APP00002718,CUST00001493,LN00002218,2021-03-20,1093470.19,Approved,2026-08-03 11:22:40.180027,,Loan Management System
APP00002719,CUST00000436,LN00000744,2022-09-14,1024022.38,Approved,2026-08-03 11:22:40.180027,,Loan Management System
APP00002720,CUST00004739,LN00000136,2016-10-23,2226812.14,Approved,2026-08-03 11:22:40.180027,,Loan Management System
APP00002721,CUST00004017,LN00001722,2020-08-12,2753869.0,Approved,2026-08-03 11:22:40.180027,,Loan Management System
APP00002722,CUST00003027,,2023-05-31,2034942.99,Pending,2026-08-03 11:22:40.180027,,Loan Management System
APP00002723,CUST00003939,LN00000630,2021-09-24,193125.43,Approved,2026-08-03 11:22:40.180027,,Loan Management System
APP00002724,CUST00002300,LN00000437,2015-07-24,18154697.88,Approved,2026-08-03 11:22:40.180027,,Loan Management System
APP00002725,CUST00004425,,2018-09-30,3057675.7,Rejected,2026-08-03 11:22:40.181027,,Loan Management System
APP00002726,CUST00001308,,2022-11-04,2360765.25,Rejected,2026-08-03 11:22:40.181027,,Loan Management System
APP00002727,CUST00004150,LN00001809,2011-11-19,19749196.62,Approved,2026-08-03 11:22:40.181027,,Loan Management System
APP00002728,CUST00003782,LN00002116,2025-12-03,2836897.19,Approved,2026-08-03 11:22:40.181027,,Loan Management System
APP00002729,CUST00003618,LN00000416,2015-06-29,548223.32,Approved,2026-08-03 11:22:40.181027,,Loan Management System
APP00002730,CUST00000934,LN00002488,2021-05-14,7161837.94,Approved,2026-08-03 11:22:40.181027,,Loan Management System
APP00002731,CUST00004933,LN00000642,2025-04-21,435762.58,Approved,2026-08-03 11:22:40.181027,,Loan Management System
APP00002732,CUST00001927,,2023-07-05,1214693.75,Rejected,2026-08-03 11:22:40.181027,,Loan Management System
APP00002733,CUST00002050,,2013-12-02,747673.94,Cancelled,2026-08-03 11:22:40.181027,,Loan Management System
APP00002734,CUST00001898,LN00000185,2013-06-23,8751145.73,Approved,2026-08-03 11:22:40.181027,,Loan Management System
APP00002735,CUST00003452,LN00002174,2022-01-28,766959.99,Approved,2026-08-03 11:22:40.181027,,Loan Management System
APP00002736,CUST00000332,LN00000679,2022-01-09,789040.78,Approved,2026-08-03 11:22:40.181027,,Loan Management System
APP00002737,CUST00004565,LN00000109,2015-09-30,1273952.05,Approved,2026-08-03 11:22:40.181027,,Loan Management System
APP00002738,CUST00002552,,2013-08-03,1609113.63,Rejected,2026-08-03 11:22:40.181027,,Loan Management System
APP00002739,CUST00004305,LN00001781,2014-12-26,779913.06,Approved,2026-08-03 11:22:40.181027,,Loan Management System
APP00002740,CUST00002636,LN00001766,2019-03-11,3637933.96,Approved,2026-08-03 11:22:40.181027,,Loan Management System
APP00002741,CUST00002775,LN00000018,2011-12-14,5734318.69,Approved,2026-08-03 11:22:40.181027,,Loan Management System
APP00002742,CUST00000922,,2020-01-20,2772479.63,Rejected,2026-08-03 11:22:40.182654,,Loan Management System
APP00002743,CUST00000465,LN00000044,2017-04-05,3506786.11,Approved,2026-08-03 11:22:40.182654,,Loan Management System
APP00002744,CUST00003671,LN00000176,2021-09-18,830250.3,Approved,2026-08-03 11:22:40.182654,,Loan Management System
APP00002745,CUST00001311,,2014-12-26,4762601.36,Rejected,2026-08-03 11:22:40.182654,,Loan Management System
APP00002746,CUST00004181,LN00001995,2021-02-15,1302075.41,Approved,2026-08-03 11:22:40.182654,,Loan Management System
APP00002747,CUST00003412,LN00001612,2022-02-12,710102.13,Approved,2026-08-03 11:22:40.182654,,Loan Management System
APP00002748,CUST00004087,LN00000199,2023-10-03,1228042.67,Approved,2026-08-03 11:22:40.182654,,Loan Management System
APP00002749,CUST00004779,,2017-09-04,536154.9,Rejected,2026-08-03 11:22:40.182654,,Loan Management System
APP00002750,CUST00001728,LN00001385,2015-09-02,1511362.12,Approved,2026-08-03 11:22:40.182654,,Loan Management System
APP00002751,CUST00000992,,2016-08-11,1955963.18,Cancelled,2026-08-03 11:22:40.183539,,Loan Management System
APP00002752,CUST00000870,LN00001963,2016-03-14,65117.74,Approved,2026-08-03 11:22:40.183539,,Loan Management System
APP00002753,CUST00004468,LN00001964,2021-03-12,435091.7,Approved,2026-08-03 11:22:40.183539,,Loan Management System
APP00002754,CUST00002476,LN00001506,2013-02-05,943184.93,Approved,2026-08-03 11:22:40.183539,,Loan Management System
APP00002755,CUST00004624,LN00001087,2015-10-30,593004.26,Approved,2026-08-03 11:22:40.183539,,Loan Management System
APP00002756,CUST00001472,,2015-02-13,99768.63,Rejected,2026-08-03 11:22:40.183539,,Loan Management System
APP00002757,CUST00004572,LN00002025,2012-05-23,181656.31,Approved,2026-08-03 11:22:40.183539,,Loan Management System
APP00002758,CUST00004846,LN00001564,2021-07-03,2213772.4,Approved,2026-08-03 11:22:40.183539,,Loan Management System
APP00002759,CUST00004687,LN00001251,2016-08-26,7342615.9,Approved,2026-08-03 11:22:40.183539,,Loan Management System
APP00002760,CUST00001803,LN00000648,2022-10-30,3242013.91,Approved,2026-08-03 11:22:40.183539,,Loan Management System
APP00002761,CUST00001333,,2011-10-21,216874.02,Rejected,2026-08-03 11:22:40.183539,,Loan Management System
APP00002762,CUST00002219,,2023-01-05,1323945.1,Rejected,2026-08-03 11:22:40.184544,,Loan Management System
APP00002763,CUST00002638,,2013-02-06,737684.78,Rejected,2026-08-03 11:22:40.184544,,Loan Management System
APP00002764,CUST00001710,LN00000997,2018-11-09,1622021.4,Approved,2026-08-03 11:22:40.184544,,Loan Management System
APP00002765,CUST00004993,,2025-10-17,1869307.33,Cancelled,2026-08-03 11:22:40.184544,,Loan Management System
APP00002766,CUST00001326,LN00002376,2021-04-12,7340298.12,Approved,2026-08-03 11:22:40.184544,,Loan Management System
APP00002767,CUST00004707,,2022-12-20,737185.75,Rejected,2026-08-03 11:22:40.184544,,Loan Management System
APP00002768,CUST00003832,LN00002321,2012-11-10,1130462.88,Approved,2026-08-03 11:22:40.185544,,Loan Management System
APP00002769,CUST00003895,LN00001513,2013-03-04,3437713.78,Approved,2026-08-03 11:22:40.185544,,Loan Management System
APP00002770,CUST00002183,LN00001778,2013-07-31,137435.33,Approved,2026-08-03 11:22:40.185544,,Loan Management System
APP00002771,CUST00004210,LN00002464,2020-07-13,2500341.36,Approved,2026-08-03 11:22:40.185544,,Loan Management System
APP00002772,CUST00002667,LN00000960,2022-02-11,7844845.66,Approved,2026-08-03 11:22:40.185544,,Loan Management System
APP00002773,CUST00002182,,2023-11-24,2160071.16,Pending,2026-08-03 11:22:40.185544,,Loan Management System
APP00002774,CUST00001708,LN00000649,2014-10-18,1727731.87,Approved,2026-08-03 11:22:40.185544,,Loan Management System
APP00002775,CUST00002357,LN00000843,2024-04-20,1389179.92,Approved,2026-08-03 11:22:40.185544,,Loan Management System
APP00002776,CUST00004812,LN00000309,2025-03-22,1344864.53,Approved,2026-08-03 11:22:40.185544,,Loan Management System
APP00002777,CUST00002550,,2019-05-11,710390.42,Rejected,2026-08-03 11:22:40.185544,,Loan Management System
APP00002778,CUST00000377,LN00000406,2012-06-18,6033356.46,Approved,2026-08-03 11:22:40.185544,,Loan Management System
APP00002779,CUST00001564,LN00001641,2014-11-26,66748.96,Approved,2026-08-03 11:22:40.185544,,Loan Management System
APP00002780,CUST00003095,LN00001602,2016-05-30,2096443.97,Approved,2026-08-03 11:22:40.185544,,Loan Management System
APP00002781,CUST00001681,,2012-06-09,3337515.94,Rejected,2026-08-03 11:22:40.186544,,Loan Management System
APP00002782,CUST00000831,LN00001178,2016-07-02,995932.62,Approved,2026-08-03 11:22:40.186544,,Loan Management System
APP00002783,CUST00001150,LN00001902,2018-07-16,2865932.97,Approved,2026-08-03 11:22:40.186544,,Loan Management System
APP00002784,CUST00000751,LN00001314,2024-05-13,1695218.18,Approved,2026-08-03 11:22:40.186544,,Loan Management System
APP00002785,CUST00001437,,2026-01-31,944342.73,Rejected,2026-08-03 11:22:40.186544,,Loan Management System
APP00002786,CUST00004534,LN00000320,2026-03-13,802623.34,Approved,2026-08-03 11:22:40.186544,,Loan Management System
APP00002787,CUST00003958,LN00002243,2020-05-28,4831222.42,Approved,2026-08-03 11:22:40.186544,,Loan Management System
APP00002788,CUST00004853,LN00001154,2022-03-20,330113.98,Approved,2026-08-03 11:22:40.186544,,Loan Management System
APP00002789,CUST00000085,LN00002410,2016-03-05,2205054.76,Approved,2026-08-03 11:22:40.186544,,Loan Management System
APP00002790,CUST00000199,,2024-02-25,653340.73,Rejected,2026-08-03 11:22:40.186544,,Loan Management System
APP00002791,CUST00000095,LN00001528,2015-08-08,1055010.98,Approved,2026-08-03 11:22:40.186544,,Loan Management System
APP00002792,CUST00004655,LN00000560,2025-01-21,3361008.66,Approved,2026-08-03 11:22:40.186544,,Loan Management System
APP00002793,CUST00004472,,2026-01-25,15996912.11,Rejected,2026-08-03 11:22:40.187544,,Loan Management System
APP00002794,CUST00003499,,2024-06-26,716277.23,Pending,2026-08-03 11:22:40.187544,,Loan Management System
APP00002795,CUST00004507,LN00000353,2012-04-16,1749769.74,Approved,2026-08-03 11:22:40.187544,,Loan Management System
APP00002796,CUST00003958,,2011-10-02,2230832.02,Pending,2026-08-03 11:22:40.187544,,Loan Management System
APP00002797,CUST00004165,,2026-01-30,1911757.16,Rejected,2026-08-03 11:22:40.187544,,Loan Management System
APP00002798,CUST00000454,,2013-12-09,9255115.92,Rejected,2026-08-03 11:22:40.188544,,Loan Management System
APP00002799,CUST00000384,,2022-11-14,4300590.08,Rejected,2026-08-03 11:22:40.188544,,Loan Management System
APP00002800,CUST00000710,LN00001367,2015-04-15,10483100.87,Approved,2026-08-03 11:22:40.188544,,Loan Management System
APP00002801,CUST00003230,,2017-03-06,2118702.48,Pending,2026-08-03 11:22:40.188544,,Loan Management System
APP00002802,CUST00001384,,2017-09-01,1833247.06,Rejected,2026-08-03 11:22:40.189554,,Loan Management System
APP00002803,CUST00003511,LN00001163,2015-10-04,2143452.36,Approved,2026-08-03 11:22:40.189554,,Loan Management System
APP00002804,CUST00003649,LN00001951,2014-02-16,2467494.11,Approved,2026-08-03 11:22:40.189554,,Loan Management System
APP00002805,CUST00003915,LN00000423,2012-02-14,11975559.76,Approved,2026-08-03 11:22:40.189554,,Loan Management System
APP00002806,CUST00002182,,2017-12-04,723647.77,Rejected,2026-08-03 11:22:40.189554,,Loan Management System
APP00002807,CUST00002094,LN00001422,2017-03-03,6485550.82,Approved,2026-08-03 11:22:40.189554,,Loan Management System
APP00002808,CUST00001366,,2014-09-12,603922.8,Cancelled,2026-08-03 11:22:40.189554,,Loan Management System
APP00002809,CUST00003699,LN00000049,2017-03-07,3715253.99,Approved,2026-08-03 11:22:40.189554,,Loan Management System
APP00002810,CUST00000663,,2018-05-28,928306.77,Rejected,2026-08-03 11:22:40.190544,,Loan Management System
APP00002811,CUST00002181,LN00002134,2020-03-18,633743.91,Approved,2026-08-03 11:22:40.190544,,Loan Management System
APP00002812,CUST00001304,LN00000370,2014-05-05,2135541.48,Approved,2026-08-03 11:22:40.190544,,Loan Management System
APP00002813,CUST00001381,LN00001914,2012-08-18,2311230.82,Approved,2026-08-03 11:22:40.190544,,Loan Management System
APP00002814,CUST00002411,LN00001060,2019-11-14,12617692.66,Approved,2026-08-03 11:22:40.190544,,Loan Management System
APP00002815,CUST00000636,LN00002373,2014-11-05,2275271.07,Approved,2026-08-03 11:22:40.190544,,Loan Management System
APP00002816,CUST00000427,LN00001869,2022-04-19,14283293.92,Approved,2026-08-03 11:22:40.190544,,Loan Management System
APP00002817,CUST00004935,LN00000321,2023-11-13,7040669.75,Approved,2026-08-03 11:22:40.190544,,Loan Management System
APP00002818,CUST00001501,LN00001823,2024-01-25,737507.46,Approved,2026-08-03 11:22:40.190544,,Loan Management System
APP00002819,CUST00002462,,2013-11-03,554689.43,Rejected,2026-08-03 11:22:40.190544,,Loan Management System
APP00002820,CUST00001354,,2023-06-06,16433531.49,Pending,2026-08-03 11:22:40.190544,,Loan Management System
APP00002821,CUST00002328,,2023-12-11,2902252.57,Pending,2026-08-03 11:22:40.191544,,Loan Management System
APP00002822,CUST00001025,LN00001130,2026-03-17,1205651.04,Approved,2026-08-03 11:22:40.191544,,Loan Management System
APP00002823,CUST00004747,,2025-12-13,3465749.28,Rejected,2026-08-03 11:22:40.191544,,Loan Management System
APP00002824,CUST00001330,LN00001885,2013-05-28,10900318.21,Approved,2026-08-03 11:22:40.191544,,Loan Management System
APP00002825,CUST00000549,,2013-05-08,10040413.48,Cancelled,2026-08-03 11:22:40.191544,,Loan Management System
APP00002826,CUST00002010,LN00001876,2020-07-21,506961.19,Approved,2026-08-03 11:22:40.191544,,Loan Management System
APP00002827,CUST00003098,LN00002303,2013-03-03,1032629.68,Approved,2026-08-03 11:22:40.191544,,Loan Management System
APP00002828,CUST00002120,,2019-10-19,8979556.59,Pending,2026-08-03 11:22:40.192544,,Loan Management System
APP00002829,CUST00000773,,2025-03-27,3017916.38,Rejected,2026-08-03 11:22:40.192544,,Loan Management System
APP00002830,CUST00004523,,2021-04-07,3401301.36,Cancelled,2026-08-03 11:22:40.193049,,Loan Management System
APP00002831,CUST00000205,,2023-02-16,5683582.75,Pending,2026-08-03 11:22:40.193049,,Loan Management System
APP00002832,CUST00000103,LN00000105,2022-05-03,20838001.83,Approved,2026-08-03 11:22:40.193049,,Loan Management System
APP00002833,CUST00004666,LN00000845,2025-12-25,644352.96,Approved,2026-08-03 11:22:40.193049,,Loan Management System
APP00002834,CUST00001061,LN00001278,2025-07-22,1632854.03,Approved,2026-08-03 11:22:40.193049,,Loan Management System
APP00002835,CUST00004843,LN00001782,2012-09-07,3253791.51,Approved,2026-08-03 11:22:40.193049,,Loan Management System
APP00002836,CUST00004215,LN00002281,2022-09-02,597328.09,Approved,2026-08-03 11:22:40.193049,,Loan Management System
APP00002837,CUST00000297,LN00001706,2022-05-23,887154.97,Approved,2026-08-03 11:22:40.193049,,Loan Management System
APP00002838,CUST00003545,LN00000616,2013-05-21,502175.76,Approved,2026-08-03 11:22:40.193049,,Loan Management System
APP00002839,CUST00004061,LN00001890,2020-10-30,525421.6,Approved,2026-08-03 11:22:40.193049,,Loan Management System
APP00002840,CUST00004578,LN00001336,2020-05-13,853482.74,Approved,2026-08-03 11:22:40.193049,,Loan Management System
APP00002841,CUST00003221,LN00001112,2014-11-07,4484157.22,Approved,2026-08-03 11:22:40.193049,,Loan Management System
APP00002842,CUST00001752,LN00000223,2011-06-16,6855933.12,Approved,2026-08-03 11:22:40.193049,,Loan Management System
APP00002843,CUST00004833,,2018-08-01,568405.29,Cancelled,2026-08-03 11:22:40.194054,,Loan Management System
APP00002844,CUST00002414,,2019-01-31,2736430.96,Pending,2026-08-03 11:22:40.194054,,Loan Management System
APP00002845,CUST00004107,,2012-05-14,2589819.63,Rejected,2026-08-03 11:22:40.194054,,Loan Management System
APP00002846,CUST00003340,,2012-08-30,17752356.64,Pending,2026-08-03 11:22:40.194054,,Loan Management System
APP00002847,CUST00003693,LN00000964,2024-08-17,1769844.24,Approved,2026-08-03 11:22:40.194054,,Loan Management System
APP00002848,CUST00001128,LN00000290,2012-01-13,2607874.87,Approved,2026-08-03 11:22:40.194054,,Loan Management System
APP00002849,CUST00001447,,2011-10-18,1290208.48,Rejected,2026-08-03 11:22:40.195058,,Loan Management System
APP00002850,CUST00001634,LN00000805,2015-07-19,3887722.82,Approved,2026-08-03 11:22:40.195058,,Loan Management System
APP00002851,CUST00001395,,2024-08-23,2146399.29,Rejected,2026-08-03 11:22:40.195058,,Loan Management System
APP00002852,CUST00000978,LN00000438,2016-02-01,1397470.25,Approved,2026-08-03 11:22:40.195058,,Loan Management System
APP00002853,CUST00004963,,2023-11-25,1318963.19,Rejected,2026-08-03 11:22:40.195058,,Loan Management System
APP00002854,CUST00001575,LN00000629,2018-12-28,1154116.94,Approved,2026-08-03 11:22:40.195058,,Loan Management System
APP00002855,CUST00001313,,2015-05-25,8821717.36,Rejected,2026-08-03 11:22:40.196058,,Loan Management System
APP00002856,CUST00002021,,2022-12-25,1019719.73,Pending,2026-08-03 11:22:40.196058,,Loan Management System
APP00002857,CUST00000434,LN00002458,2015-03-08,2664206.59,Approved,2026-08-03 11:22:40.196058,,Loan Management System
APP00002858,CUST00004752,,2020-06-01,227550.83,Cancelled,2026-08-03 11:22:40.196058,,Loan Management System
APP00002859,CUST00004448,,2020-06-26,2307444.04,Rejected,2026-08-03 11:22:40.196058,,Loan Management System
APP00002860,CUST00004870,LN00000768,2022-12-10,7822972.96,Approved,2026-08-03 11:22:40.196058,,Loan Management System
APP00002861,CUST00000688,,2013-03-16,2303799.16,Pending,2026-08-03 11:22:40.197058,,Loan Management System
APP00002862,CUST00000533,LN00000837,2021-04-30,7024092.61,Approved,2026-08-03 11:22:40.197058,,Loan Management System
APP00002863,CUST00004543,LN00001623,2013-02-21,5657036.88,Approved,2026-08-03 11:22:40.197058,,Loan Management System
APP00002864,CUST00001797,,2019-10-14,1855107.92,Cancelled,2026-08-03 11:22:40.197058,,Loan Management System
APP00002865,CUST00000048,,2017-06-20,872542.87,Cancelled,2026-08-03 11:22:40.197058,,Loan Management System
APP00002866,CUST00004126,LN00001565,2016-08-09,2441220.11,Approved,2026-08-03 11:22:40.197058,,Loan Management System
APP00002867,CUST00002159,LN00002363,2024-10-16,1720411.67,Approved,2026-08-03 11:22:40.197058,,Loan Management System
APP00002868,CUST00001381,,2025-11-10,810784.14,Rejected,2026-08-03 11:22:40.198058,,Loan Management System
APP00002869,CUST00002038,,2025-08-24,1994568.26,Rejected,2026-08-03 11:22:40.198058,,Loan Management System
APP00002870,CUST00001596,LN00001123,2012-05-04,1199838.67,Approved,2026-08-03 11:22:40.198058,,Loan Management System
APP00002871,CUST00003745,LN00000949,2016-11-20,5925494.77,Approved,2026-08-03 11:22:40.198058,,Loan Management System
APP00002872,CUST00002682,LN00001844,2022-08-23,3229198.52,Approved,2026-08-03 11:22:40.198058,,Loan Management System
APP00002873,CUST00004936,LN00002337,2021-12-07,336117.46,Approved,2026-08-03 11:22:40.198058,,Loan Management System
APP00002874,CUST00004890,LN00001268,2013-01-04,1395267.79,Approved,2026-08-03 11:22:40.198058,,Loan Management System
APP00002875,CUST00000900,LN00001606,2021-11-18,8914390.3,Approved,2026-08-03 11:22:40.198058,,Loan Management System
APP00002876,CUST00002239,,2026-01-10,1525667.13,Rejected,2026-08-03 11:22:40.198058,,Loan Management System
APP00002877,CUST00000400,LN00001351,2023-06-03,188404.49,Approved,2026-08-03 11:22:40.198058,,Loan Management System
APP00002878,CUST00004982,LN00002361,2024-05-08,3033729.2,Approved,2026-08-03 11:22:40.198058,,Loan Management System
APP00002879,CUST00001948,LN00001790,2026-04-05,971957.52,Approved,2026-08-03 11:22:40.198058,,Loan Management System
APP00002880,CUST00000965,LN00002018,2021-07-30,1455478.63,Approved,2026-08-03 11:22:40.199058,,Loan Management System
APP00002881,CUST00000537,LN00002044,2016-05-14,2111566.56,Approved,2026-08-03 11:22:40.199058,,Loan Management System
APP00002882,CUST00003522,,2017-01-15,88352.07,Rejected,2026-08-03 11:22:40.199058,,Loan Management System
APP00002883,CUST00001898,LN00002250,2018-06-09,1403570.45,Approved,2026-08-03 11:22:40.199058,,Loan Management System
APP00002884,CUST00000571,,2017-03-20,18096522.29,Rejected,2026-08-03 11:22:40.199058,,Loan Management System
APP00002885,CUST00002535,LN00001460,2026-05-14,3123009.6,Approved,2026-08-03 11:22:40.199058,,Loan Management System
APP00002886,CUST00002988,,2012-06-10,1072468.28,Pending,2026-08-03 11:22:40.199058,,Loan Management System
APP00002887,CUST00003765,,2020-03-17,594922.47,Pending,2026-08-03 11:22:40.200058,,Loan Management System
APP00002888,CUST00001879,LN00002075,2020-07-15,2600669.91,Approved,2026-08-03 11:22:40.200058,,Loan Management System
APP00002889,CUST00003521,LN00002008,2018-09-14,131404.9,Approved,2026-08-03 11:22:40.200058,,Loan Management System
APP00002890,CUST00004464,,2022-07-13,6027923.57,Rejected,2026-08-03 11:22:40.200058,,Loan Management System
APP00002891,CUST00000326,LN00000422,2021-08-18,839233.26,Approved,2026-08-03 11:22:40.200058,,Loan Management System
APP00002892,CUST00002357,,2018-06-12,17101371.89,Rejected,2026-08-03 11:22:40.200058,,Loan Management System
APP00002893,CUST00002072,LN00001086,2016-09-11,1436447.89,Approved,2026-08-03 11:22:40.200058,,Loan Management System
APP00002894,CUST00002593,LN00001482,2012-10-21,1752085.06,Approved,2026-08-03 11:22:40.200058,,Loan Management System
APP00002895,CUST00004998,LN00002085,2018-04-18,1079730.89,Approved,2026-08-03 11:22:40.200058,,Loan Management System
APP00002896,CUST00002795,LN00000817,2023-07-22,8784290.94,Approved,2026-08-03 11:22:40.200058,,Loan Management System
APP00002897,CUST00000034,LN00001363,2011-10-20,3721540.74,Approved,2026-08-03 11:22:40.200058,,Loan Management System
APP00002898,CUST00000057,LN00000668,2023-05-26,275343.02,Approved,2026-08-03 11:22:40.201058,,Loan Management System
APP00002899,CUST00001957,,2013-01-30,1999790.15,Rejected,2026-08-03 11:22:40.201205,,Loan Management System
APP00002900,CUST00000582,LN00000692,2021-11-14,4550982.17,Approved,2026-08-03 11:22:40.201205,,Loan Management System
APP00002901,CUST00004696,,2019-03-11,4016487.28,Rejected,2026-08-03 11:22:40.201205,,Loan Management System
APP00002902,CUST00002108,,2016-12-17,3373855.61,Rejected,2026-08-03 11:22:40.202224,,Loan Management System
APP00002903,CUST00002272,LN00002235,2022-06-10,5588516.98,Approved,2026-08-03 11:22:40.202224,,Loan Management System
APP00002904,CUST00004667,LN00000950,2021-05-06,1281426.96,Approved,2026-08-03 11:22:40.202224,,Loan Management System
APP00002905,CUST00003862,,2024-04-06,1444381.5,Rejected,2026-08-03 11:22:40.202224,,Loan Management System
APP00002906,CUST00001260,,2022-09-13,903921.98,Rejected,2026-08-03 11:22:40.202224,,Loan Management System
APP00002907,CUST00004044,,2011-11-21,1481731.59,Cancelled,2026-08-03 11:22:40.202224,,Loan Management System
APP00002908,CUST00001464,LN00002066,2017-01-11,1166401.51,Approved,2026-08-03 11:22:40.202224,,Loan Management System
APP00002909,CUST00002167,,2018-06-13,1508355.85,Pending,2026-08-03 11:22:40.203320,,Loan Management System
APP00002910,CUST00001201,LN00000910,2015-05-06,7007302.39,Approved,2026-08-03 11:22:40.203320,,Loan Management System
APP00002911,CUST00000318,LN00000927,2022-10-25,2141488.12,Approved,2026-08-03 11:22:40.203320,,Loan Management System
APP00002912,CUST00000984,LN00001503,2016-06-15,15504611.7,Approved,2026-08-03 11:22:40.203320,,Loan Management System
APP00002913,CUST00004632,,2020-12-04,2258674.49,Rejected,2026-08-03 11:22:40.203320,,Loan Management System
APP00002914,CUST00003773,LN00000944,2014-03-16,776402.32,Approved,2026-08-03 11:22:40.203320,,Loan Management System
APP00002915,CUST00001068,LN00000856,2015-03-07,7082355.73,Approved,2026-08-03 11:22:40.203320,,Loan Management System
APP00002916,CUST00000291,LN00001810,2013-10-26,1304727.28,Approved,2026-08-03 11:22:40.203320,,Loan Management System
APP00002917,CUST00002236,,2022-02-12,636569.65,Rejected,2026-08-03 11:22:40.204321,,Loan Management System
APP00002918,CUST00002879,LN00000863,2022-11-17,238315.52,Approved,2026-08-03 11:22:40.204321,,Loan Management System
APP00002919,CUST00000615,LN00000832,2021-06-28,2397276.01,Approved,2026-08-03 11:22:40.204321,,Loan Management System
APP00002920,CUST00002881,LN00000427,2022-10-01,3201854.84,Approved,2026-08-03 11:22:40.204321,,Loan Management System
APP00002921,CUST00003759,LN00000723,2013-12-23,2852826.67,Approved,2026-08-03 11:22:40.204321,,Loan Management System
APP00002922,CUST00003143,,2022-09-21,2190367.36,Rejected,2026-08-03 11:22:40.204321,,Loan Management System
APP00002923,CUST00001794,,2023-01-04,7964488.24,Rejected,2026-08-03 11:22:40.204321,,Loan Management System
APP00002924,CUST00001696,LN00001284,2014-07-09,4415901.15,Approved,2026-08-03 11:22:40.204321,,Loan Management System
APP00002925,CUST00003987,LN00001721,2015-07-03,1021773.59,Approved,2026-08-03 11:22:40.204321,,Loan Management System
APP00002926,CUST00004467,,2017-10-07,5566194.55,Pending,2026-08-03 11:22:40.205262,,Loan Management System
APP00002927,CUST00003862,LN00000257,2015-01-16,6838557.89,Approved,2026-08-03 11:22:40.205262,,Loan Management System
APP00002928,CUST00003894,,2025-06-24,755210.33,Rejected,2026-08-03 11:22:40.205262,,Loan Management System
APP00002929,CUST00004956,,2015-05-19,1452221.96,Rejected,2026-08-03 11:22:40.205262,,Loan Management System
APP00002930,CUST00001742,LN00002181,2012-09-12,238091.23,Approved,2026-08-03 11:22:40.205262,,Loan Management System
APP00002931,CUST00003780,,2017-03-26,986872.67,Rejected,2026-08-03 11:22:40.205262,,Loan Management System
APP00002932,CUST00004625,LN00000465,2019-01-08,1510697.97,Approved,2026-08-03 11:22:40.205262,,Loan Management System
APP00002933,CUST00004423,,2024-08-22,1386984.28,Rejected,2026-08-03 11:22:40.206300,,Loan Management System
APP00002934,CUST00003476,LN00001745,2023-04-30,664610.15,Approved,2026-08-03 11:22:40.206300,,Loan Management System
APP00002935,CUST00001197,LN00001109,2016-05-23,4724213.07,Approved,2026-08-03 11:22:40.206300,,Loan Management System
APP00002936,CUST00004689,,2019-08-20,1646432.54,Pending,2026-08-03 11:22:40.206300,,Loan Management System
APP00002937,CUST00001754,LN00001929,2021-01-24,80341.08,Approved,2026-08-03 11:22:40.206300,,Loan Management System
APP00002938,CUST00000553,LN00001456,2021-07-30,3686880.69,Approved,2026-08-03 11:22:40.206300,,Loan Management System
APP00002939,CUST00002956,LN00000841,2017-06-07,8362799.19,Approved,2026-08-03 11:22:40.206300,,Loan Management System
APP00002940,CUST00000049,,2013-03-30,2518487.43,Rejected,2026-08-03 11:22:40.206300,,Loan Management System
APP00002941,CUST00001529,,2024-07-03,7545476.88,Pending,2026-08-03 11:22:40.207318,,Loan Management System
APP00002942,CUST00001992,LN00000942,2024-09-16,1117819.42,Approved,2026-08-03 11:22:40.207318,,Loan Management System
APP00002943,CUST00002310,,2011-08-16,122361.85,Rejected,2026-08-03 11:22:40.207318,,Loan Management System
APP00002944,CUST00004485,LN00000088,2017-12-23,10375515.82,Approved,2026-08-03 11:22:40.207318,,Loan Management System
APP00002945,CUST00000411,,2017-08-17,5961747.79,Pending,2026-08-03 11:22:40.207318,,Loan Management System
APP00002946,CUST00002970,LN00000295,2015-07-18,11176594.89,Approved,2026-08-03 11:22:40.207318,,Loan Management System
APP00002947,CUST00000797,LN00000615,2012-01-13,896846.03,Approved,2026-08-03 11:22:40.207318,,Loan Management System
APP00002948,CUST00002084,LN00001650,2025-09-06,1223810.06,Approved,2026-08-03 11:22:40.207318,,Loan Management System
APP00002949,CUST00002917,LN00002385,2018-08-21,1182781.47,Approved,2026-08-03 11:22:40.207318,,Loan Management System
APP00002950,CUST00004387,LN00002096,2018-10-01,3010025.74,Approved,2026-08-03 11:22:40.207318,,Loan Management System
APP00002951,CUST00003856,LN00001516,2023-03-28,2374563.07,Approved,2026-08-03 11:22:40.207318,,Loan Management System
APP00002952,CUST00000341,,2014-05-19,3299540.21,Pending,2026-08-03 11:22:40.208321,,Loan Management System
APP00002953,CUST00004007,LN00000754,2014-07-16,2525888.95,Approved,2026-08-03 11:22:40.208321,,Loan Management System
APP00002954,CUST00000016,LN00000329,2023-11-04,2353798.0,Approved,2026-08-03 11:22:40.208321,,Loan Management System
APP00002955,CUST00001994,,2025-07-26,1059513.65,Rejected,2026-08-03 11:22:40.208321,,Loan Management System
APP00002956,CUST00004072,,2023-10-13,3904904.19,Rejected,2026-08-03 11:22:40.208321,,Loan Management System
APP00002957,CUST00001381,,2024-03-20,1197382.75,Rejected,2026-08-03 11:22:40.209332,,Loan Management System
APP00002958,CUST00004463,LN00001807,2022-10-09,1566624.94,Approved,2026-08-03 11:22:40.209332,,Loan Management System
APP00002959,CUST00002557,LN00000527,2013-12-24,48424.64,Approved,2026-08-03 11:22:40.209332,,Loan Management System
APP00002960,CUST00004304,LN00000796,2020-05-09,2977342.48,Approved,2026-08-03 11:22:40.209332,,Loan Management System
APP00002961,CUST00003428,LN00000358,2013-01-23,1636824.06,Approved,2026-08-03 11:22:40.209332,,Loan Management System
APP00002962,CUST00004484,LN00002199,2025-08-12,902109.66,Approved,2026-08-03 11:22:40.209332,,Loan Management System
APP00002963,CUST00001280,LN00001305,2014-03-11,2695333.33,Approved,2026-08-03 11:22:40.209332,,Loan Management System
APP00002964,CUST00003905,LN00000588,2025-06-01,3886776.72,Approved,2026-08-03 11:22:40.209332,,Loan Management System
APP00002965,CUST00000611,,2015-04-03,547198.16,Rejected,2026-08-03 11:22:40.209332,,Loan Management System
APP00002966,CUST00003818,LN00000296,2016-04-12,2046912.94,Approved,2026-08-03 11:22:40.209332,,Loan Management System
APP00002967,CUST00003224,LN00000459,2017-05-28,4122742.71,Approved,2026-08-03 11:22:40.209332,,Loan Management System
APP00002968,CUST00001121,,2023-10-12,584207.31,Cancelled,2026-08-03 11:22:40.209332,,Loan Management System
APP00002969,CUST00003766,LN00000738,2023-05-09,1879967.43,Approved,2026-08-03 11:22:40.209332,,Loan Management System
APP00002970,CUST00002981,LN00001802,2020-08-20,6403961.11,Approved,2026-08-03 11:22:40.209332,,Loan Management System
APP00002971,CUST00004131,LN00001099,2014-10-15,265229.41,Approved,2026-08-03 11:22:40.210334,,Loan Management System
APP00002972,CUST00000940,LN00000931,2019-05-05,127366.4,Approved,2026-08-03 11:22:40.210334,,Loan Management System
APP00002973,CUST00001705,LN00002391,2013-12-05,910754.16,Approved,2026-08-03 11:22:40.210334,,Loan Management System
APP00002974,CUST00004722,LN00001841,2023-10-27,1914897.46,Approved,2026-08-03 11:22:40.210334,,Loan Management System
APP00002975,CUST00002106,LN00001883,2025-01-11,3121446.9,Approved,2026-08-03 11:22:40.210334,,Loan Management System
APP00002976,CUST00002562,,2019-05-15,540859.89,Pending,2026-08-03 11:22:40.210334,,Loan Management System
APP00002977,CUST00003785,LN00000982,2022-08-04,739633.28,Approved,2026-08-03 11:22:40.210334,,Loan Management System
APP00002978,CUST00000117,LN00000932,2023-06-14,7128323.95,Approved,2026-08-03 11:22:40.210334,,Loan Management System
APP00002979,CUST00002092,LN00001304,2026-01-19,192522.76,Approved,2026-08-03 11:22:40.210334,,Loan Management System
APP00002980,CUST00004924,,2020-01-27,2603374.4,Pending,2026-08-03 11:22:40.210334,,Loan Management System
APP00002981,CUST00002703,LN00002238,2015-08-20,52252.41,Approved,2026-08-03 11:22:40.210334,,Loan Management System
APP00002982,CUST00002150,,2020-08-10,8440987.71,Pending,2026-08-03 11:22:40.211320,,Loan Management System
APP00002983,CUST00001096,LN00000513,2013-08-27,3134750.31,Approved,2026-08-03 11:22:40.211320,,Loan Management System
APP00002984,CUST00001719,LN00002459,2025-10-08,1170878.78,Approved,2026-08-03 11:22:40.211320,,Loan Management System
APP00002985,CUST00000981,LN00002388,2014-12-06,1769680.23,Approved,2026-08-03 11:22:40.211320,,Loan Management System
APP00002986,CUST00003782,LN00001399,2025-01-04,968135.24,Approved,2026-08-03 11:22:40.211320,,Loan Management System
APP00002987,CUST00000151,LN00000487,2014-03-12,1316404.92,Approved,2026-08-03 11:22:40.211320,,Loan Management System
APP00002988,CUST00003934,,2020-03-26,756051.23,Pending,2026-08-03 11:22:40.211320,,Loan Management System
APP00002989,CUST00001420,LN00002229,2025-04-06,7143793.61,Approved,2026-08-03 11:22:40.211320,,Loan Management System
APP00002990,CUST00000800,LN00001865,2012-09-08,662251.54,Approved,2026-08-03 11:22:40.211320,,Loan Management System
APP00002991,CUST00002707,,2014-07-17,5482804.26,Rejected,2026-08-03 11:22:40.211320,,Loan Management System
APP00002992,CUST00000899,LN00002399,2020-11-19,7379516.34,Approved,2026-08-03 11:22:40.211320,,Loan Management System
APP00002993,CUST00004528,LN00000793,2016-03-02,3086795.27,Approved,2026-08-03 11:22:40.211320,,Loan Management System
APP00002994,CUST00004199,,2018-03-06,2287000.37,Rejected,2026-08-03 11:22:40.212317,,Loan Management System
APP00002995,CUST00001266,LN00001262,2018-12-05,725140.78,Approved,2026-08-03 11:22:40.212317,,Loan Management System
APP00002996,CUST00003449,LN00001405,2016-02-14,1116297.33,Approved,2026-08-03 11:22:40.212317,,Loan Management System
APP00002997,CUST00003388,LN00000579,2023-06-08,3211724.29,Approved,2026-08-03 11:22:40.212317,,Loan Management System
APP00002998,CUST00002846,LN00000791,2025-11-02,1110296.89,Approved,2026-08-03 11:22:40.212317,,Loan Management System
APP00002999,CUST00001605,LN00001321,2017-01-06,305456.15,Approved,2026-08-03 11:22:40.212317,,Loan Management System
APP00003000,CUST00000950,,2018-09-16,6158391.15,Pending,2026-08-03 11:22:40.212317,,Loan Management System
APP00003001,CUST00001249,LN00001171,2022-02-05,5734153.32,Approved,2026-08-03 11:22:40.212920,,Loan Management System
APP00003002,CUST00004487,LN00001920,2013-02-18,3676038.67,Approved,2026-08-03 11:22:40.212920,,Loan Management System
APP00003003,CUST00002146,,2016-03-29,688267.02,Rejected,2026-08-03 11:22:40.212920,,Loan Management System
APP00003004,CUST00001621,LN00000976,2020-08-02,717517.1,Approved,2026-08-03 11:22:40.212920,,Loan Management System
APP00003005,CUST00003695,LN00001866,2013-08-27,2632042.93,Approved,2026-08-03 11:22:40.212920,,Loan Management System
APP00003006,CUST00002685,,2016-08-03,6024734.98,Pending,2026-08-03 11:22:40.212920,,Loan Management System
APP00003007,CUST00001687,LN00001688,2015-12-31,2991710.9,Approved,2026-08-03 11:22:40.212920,,Loan Management System
APP00003008,CUST00000842,LN00001329,2022-08-22,9078434.23,Approved,2026-08-03 11:22:40.212920,,Loan Management System
APP00003009,CUST00002427,LN00000041,2014-03-06,5293284.46,Approved,2026-08-03 11:22:40.212920,,Loan Management System
APP00003010,CUST00000833,LN00000152,2021-06-22,2661297.46,Approved,2026-08-03 11:22:40.212920,,Loan Management System
APP00003011,CUST00000370,LN00001118,2011-10-26,377141.11,Approved,2026-08-03 11:22:40.212920,,Loan Management System
APP00003012,CUST00003317,,2023-06-30,5607518.59,Cancelled,2026-08-03 11:22:40.212920,,Loan Management System
APP00003013,CUST00004839,LN00001155,2023-03-28,561971.52,Approved,2026-08-03 11:22:40.214021,,Loan Management System
APP00003014,CUST00002885,LN00000073,2017-08-25,658988.95,Approved,2026-08-03 11:22:40.214021,,Loan Management System
APP00003015,CUST00000624,,2025-12-05,2408471.69,Rejected,2026-08-03 11:22:40.214021,,Loan Management System
APP00003016,CUST00004994,LN00001287,2022-08-24,1088806.07,Approved,2026-08-03 11:22:40.214021,,Loan Management System
APP00003017,CUST00000224,,2026-03-25,612357.06,Rejected,2026-08-03 11:22:40.214021,,Loan Management System
APP00003018,CUST00004703,,2016-12-04,635991.63,Rejected,2026-08-03 11:22:40.214021,,Loan Management System
APP00003019,CUST00003302,,2023-09-12,3993558.48,Rejected,2026-08-03 11:22:40.215028,,Loan Management System
APP00003020,CUST00003469,LN00001561,2012-10-26,986919.81,Approved,2026-08-03 11:22:40.215028,,Loan Management System
APP00003021,CUST00003315,LN00000460,2012-08-24,1644308.85,Approved,2026-08-03 11:22:40.215028,,Loan Management System
APP00003022,CUST00004868,,2015-01-02,1154382.37,Rejected,2026-08-03 11:22:40.215028,,Loan Management System
APP00003023,CUST00004925,,2015-02-26,1953973.99,Pending,2026-08-03 11:22:40.215028,,Loan Management System
APP00003024,CUST00004389,LN00001756,2020-11-05,745351.64,Approved,2026-08-03 11:22:40.215028,,Loan Management System
APP00003025,CUST00000523,LN00000246,2013-08-19,175723.37,Approved,2026-08-03 11:22:40.215028,,Loan Management System
APP00003026,CUST00001867,LN00001162,2012-12-16,8299863.06,Approved,2026-08-03 11:22:40.215028,,Loan Management System
APP00003027,CUST00000351,LN00001575,2025-12-19,863335.11,Approved,2026-08-03 11:22:40.215028,,Loan Management System
APP00003028,CUST00001898,LN00000794,2024-06-29,7974264.28,Approved,2026-08-03 11:22:40.215028,,Loan Management System
APP00003029,CUST00000061,,2020-02-28,1353312.86,Cancelled,2026-08-03 11:22:40.216013,,Loan Management System
APP00003030,CUST00003035,,2020-10-24,3705878.81,Rejected,2026-08-03 11:22:40.216013,,Loan Management System
APP00003031,CUST00002234,,2023-05-26,638747.17,Pending,2026-08-03 11:22:40.216013,,Loan Management System
APP00003032,CUST00001458,LN00001667,2026-02-21,499826.04,Approved,2026-08-03 11:22:40.216013,,Loan Management System
APP00003033,CUST00003424,LN00000120,2025-10-15,13618176.19,Approved,2026-08-03 11:22:40.216013,,Loan Management System
APP00003034,CUST00001537,LN00001153,2021-04-30,3067359.88,Approved,2026-08-03 11:22:40.216013,,Loan Management System
APP00003035,CUST00000899,LN00002248,2016-05-18,3123026.66,Approved,2026-08-03 11:22:40.216013,,Loan Management System
APP00003036,CUST00000968,LN00000781,2020-11-12,1517752.56,Approved,2026-08-03 11:22:40.216013,,Loan Management System
APP00003037,CUST00000903,,2021-07-02,5705939.62,Rejected,2026-08-03 11:22:40.217017,,Loan Management System
APP00003038,CUST00004102,LN00000013,2020-11-05,8048497.17,Approved,2026-08-03 11:22:40.217017,,Loan Management System
APP00003039,CUST00004765,LN00000479,2022-10-25,4238330.4,Approved,2026-08-03 11:22:40.217017,,Loan Management System
APP00003040,CUST00002569,LN00001402,2017-05-04,1415675.79,Approved,2026-08-03 11:22:40.217017,,Loan Management System
APP00003041,CUST00001366,LN00000213,2020-02-18,6051275.89,Approved,2026-08-03 11:22:40.217017,,Loan Management System
APP00003042,CUST00004732,,2026-07-07,9316378.26,Pending,2026-08-03 11:22:40.217017,,Loan Management System
APP00003043,CUST00002226,LN00002031,2018-09-29,269963.28,Approved,2026-08-03 11:22:40.217017,,Loan Management System
APP00003044,CUST00000673,LN00002086,2026-02-01,1251462.59,Approved,2026-08-03 11:22:40.217017,,Loan Management System
APP00003045,CUST00001389,LN00000079,2022-10-21,166923.96,Approved,2026-08-03 11:22:40.217017,,Loan Management System
APP00003046,CUST00004649,,2013-05-25,3030576.5,Pending,2026-08-03 11:22:40.217017,,Loan Management System
APP00003047,CUST00000250,LN00000759,2012-04-12,692057.02,Approved,2026-08-03 11:22:40.217017,,Loan Management System
APP00003048,CUST00004135,LN00000659,2013-08-20,16240912.88,Approved,2026-08-03 11:22:40.217967,,Loan Management System
APP00003049,CUST00002821,LN00001911,2014-01-22,1086964.61,Approved,2026-08-03 11:22:40.217967,,Loan Management System
APP00003050,CUST00003135,,2012-06-27,3950904.54,Rejected,2026-08-03 11:22:40.217967,,Loan Management System
APP00003051,CUST00002827,,2022-12-27,2436695.91,Pending,2026-08-03 11:22:40.217967,,Loan Management System
APP00003052,CUST00002302,LN00001483,2025-12-03,2291126.63,Approved,2026-08-03 11:22:40.217967,,Loan Management System
APP00003053,CUST00002432,,2014-12-27,774141.2,Rejected,2026-08-03 11:22:40.217967,,Loan Management System
APP00003054,CUST00000255,LN00000348,2025-03-26,789351.45,Approved,2026-08-03 11:22:40.217967,,Loan Management System
APP00003055,CUST00002601,LN00001476,2015-12-19,2252164.22,Approved,2026-08-03 11:22:40.218927,,Loan Management System
APP00003056,CUST00004586,LN00001267,2011-12-07,276517.45,Approved,2026-08-03 11:22:40.218927,,Loan Management System
APP00003057,CUST00002197,,2023-03-19,5678117.92,Rejected,2026-08-03 11:22:40.218927,,Loan Management System
APP00003058,CUST00000660,LN00000036,2025-04-03,2984197.47,Approved,2026-08-03 11:22:40.218927,,Loan Management System
APP00003059,CUST00001607,,2014-01-28,903137.71,Pending,2026-08-03 11:22:40.218927,,Loan Management System
APP00003060,CUST00003981,,2025-11-12,4321081.87,Rejected,2026-08-03 11:22:40.218927,,Loan Management System
APP00003061,CUST00004454,LN00001095,2020-07-19,3032822.12,Approved,2026-08-03 11:22:40.218927,,Loan Management System
APP00003062,CUST00003823,LN00001061,2019-02-15,1458462.5,Approved,2026-08-03 11:22:40.218927,,Loan Management System
APP00003063,CUST00000904,LN00002107,2014-05-24,4586333.44,Approved,2026-08-03 11:22:40.218927,,Loan Management System
APP00003064,CUST00000108,LN00000134,2026-06-21,541361.95,Approved,2026-08-03 11:22:40.218927,,Loan Management System
APP00003065,CUST00002522,,2012-02-19,2061796.24,Rejected,2026-08-03 11:22:40.220047,,Loan Management System
APP00003066,CUST00003663,,2017-09-08,18644530.22,Cancelled,2026-08-03 11:22:40.220047,,Loan Management System
APP00003067,CUST00002255,LN00001403,2024-12-08,935452.7,Approved,2026-08-03 11:22:40.220047,,Loan Management System
APP00003068,CUST00001685,LN00000229,2017-08-14,994843.11,Approved,2026-08-03 11:22:40.220047,,Loan Management System
APP00003069,CUST00001299,,2022-01-25,1170291.77,Rejected,2026-08-03 11:22:40.220047,,Loan Management System
APP00003070,CUST00000482,LN00002475,2022-06-09,2199339.51,Approved,2026-08-03 11:22:40.220047,,Loan Management System
APP00003071,CUST00004157,,2026-04-19,5571987.89,Rejected,2026-08-03 11:22:40.221014,,Loan Management System
APP00003072,CUST00002866,,2015-05-27,1910088.69,Rejected,2026-08-03 11:22:40.221014,,Loan Management System
APP00003073,CUST00001396,LN00002087,2024-03-11,9951123.71,Approved,2026-08-03 11:22:40.221014,,Loan Management System
APP00003074,CUST00001231,LN00001975,2022-06-15,3855830.61,Approved,2026-08-03 11:22:40.221014,,Loan Management System
APP00003075,CUST00004532,LN00001121,2013-08-19,1003502.37,Approved,2026-08-03 11:22:40.221014,,Loan Management System
APP00003076,CUST00000975,,2020-04-11,1460090.41,Cancelled,2026-08-03 11:22:40.221014,,Loan Management System
APP00003077,CUST00004370,LN00000294,2020-03-28,3021702.47,Approved,2026-08-03 11:22:40.221014,,Loan Management System
APP00003078,CUST00003962,,2023-05-17,2123846.06,Cancelled,2026-08-03 11:22:40.221014,,Loan Management System
APP00003079,CUST00001792,LN00000330,2017-03-15,169052.6,Approved,2026-08-03 11:22:40.221014,,Loan Management System
APP00003080,CUST00004671,LN00001141,2017-04-26,701744.79,Approved,2026-08-03 11:22:40.221014,,Loan Management System
APP00003081,CUST00004763,LN00000590,2017-06-20,807733.8,Approved,2026-08-03 11:22:40.221014,,Loan Management System
APP00003082,CUST00001002,LN00001083,2023-06-27,2766184.66,Approved,2026-08-03 11:22:40.221014,,Loan Management System
APP00003083,CUST00001931,LN00001233,2014-01-12,748291.42,Approved,2026-08-03 11:22:40.221014,,Loan Management System
APP00003084,CUST00004801,LN00000504,2013-02-17,7333248.7,Approved,2026-08-03 11:22:40.221014,,Loan Management System
APP00003085,CUST00002134,LN00002495,2021-11-22,2601399.65,Approved,2026-08-03 11:22:40.221014,,Loan Management System
APP00003086,CUST00004542,,2011-10-22,3666918.54,Cancelled,2026-08-03 11:22:40.221014,,Loan Management System
APP00003087,CUST00002041,,2024-03-28,864046.22,Cancelled,2026-08-03 11:22:40.222611,,Loan Management System
APP00003088,CUST00004543,LN00000143,2013-11-30,2485713.05,Approved,2026-08-03 11:22:40.222611,,Loan Management System
APP00003089,CUST00002376,LN00000903,2012-11-11,3075964.23,Approved,2026-08-03 11:22:40.222611,,Loan Management System
APP00003090,CUST00004817,,2022-02-22,1185074.5,Pending,2026-08-03 11:22:40.222611,,Loan Management System
APP00003091,CUST00002431,LN00001785,2020-12-18,245954.07,Approved,2026-08-03 11:22:40.222611,,Loan Management System
APP00003092,CUST00000910,,2025-09-15,1358473.56,Pending,2026-08-03 11:22:40.222611,,Loan Management System
APP00003093,CUST00001959,LN00002246,2017-09-01,3070468.85,Approved,2026-08-03 11:22:40.222611,,Loan Management System
APP00003094,CUST00002862,,2022-05-15,2572668.98,Rejected,2026-08-03 11:22:40.222611,,Loan Management System
APP00003095,CUST00003720,,2023-07-29,2057306.3,Cancelled,2026-08-03 11:22:40.223617,,Loan Management System
APP00003096,CUST00001548,LN00000899,2025-08-31,2849989.53,Approved,2026-08-03 11:22:40.223617,,Loan Management System
APP00003097,CUST00004523,LN00001477,2017-05-02,2823689.48,Approved,2026-08-03 11:22:40.223617,,Loan Management System
APP00003098,CUST00003305,,2020-11-19,1478083.41,Rejected,2026-08-03 11:22:40.223617,,Loan Management System
APP00003099,CUST00000882,LN00002479,2012-08-24,1387544.2,Approved,2026-08-03 11:22:40.223617,,Loan Management System
APP00003100,CUST00000727,,2014-12-05,1653970.2,Rejected,2026-08-03 11:22:40.223617,,Loan Management System
APP00003101,CUST00000950,,2024-10-15,1289730.48,Rejected,2026-08-03 11:22:40.224726,,Loan Management System
APP00003102,CUST00004265,LN00000688,2015-01-19,209728.14,Approved,2026-08-03 11:22:40.224726,,Loan Management System
APP00003103,CUST00004283,LN00000399,2012-05-07,4049358.62,Approved,2026-08-03 11:22:40.224726,,Loan Management System
APP00003104,CUST00003535,LN00002153,2014-06-28,20567061.42,Approved,2026-08-03 11:22:40.224726,,Loan Management System
APP00003105,CUST00001131,,2014-08-09,2560161.97,Cancelled,2026-08-03 11:22:40.224726,,Loan Management System
APP00003106,CUST00001733,,2023-03-14,2434077.31,Pending,2026-08-03 11:22:40.224726,,Loan Management System
APP00003107,CUST00003435,LN00000377,2019-03-07,1502486.36,Approved,2026-08-03 11:22:40.224726,,Loan Management System
APP00003108,CUST00000796,LN00000462,2017-10-03,2737811.24,Approved,2026-08-03 11:22:40.224726,,Loan Management System
APP00003109,CUST00002168,,2014-07-17,4815485.15,Cancelled,2026-08-03 11:22:40.224726,,Loan Management System
APP00003110,CUST00001866,LN00000131,2012-09-04,2404499.51,Approved,2026-08-03 11:22:40.225713,,Loan Management System
APP00003111,CUST00004398,LN00001036,2017-06-26,2264224.97,Approved,2026-08-03 11:22:40.225713,,Loan Management System
APP00003112,CUST00001608,LN00002411,2019-03-02,2155699.09,Approved,2026-08-03 11:22:40.225713,,Loan Management System
APP00003113,CUST00004195,LN00001940,2026-03-13,864355.56,Approved,2026-08-03 11:22:40.225713,,Loan Management System
APP00003114,CUST00003909,LN00000314,2022-09-28,229284.85,Approved,2026-08-03 11:22:40.225713,,Loan Management System
APP00003115,CUST00003206,,2016-05-02,4847611.15,Pending,2026-08-03 11:22:40.225713,,Loan Management System
APP00003116,CUST00000633,LN00000779,2018-10-29,1056339.29,Approved,2026-08-03 11:22:40.225713,,Loan Management System
APP00003117,CUST00003138,,2016-01-30,4085089.0,Cancelled,2026-08-03 11:22:40.225713,,Loan Management System
APP00003118,CUST00003908,LN00000802,2012-10-08,2265550.13,Approved,2026-08-03 11:22:40.225713,,Loan Management System
APP00003119,CUST00004459,LN00000116,2020-12-07,1965545.78,Approved,2026-08-03 11:22:40.225713,,Loan Management System
APP00003120,CUST00001101,,2021-07-09,13865747.82,Pending,2026-08-03 11:22:40.226625,,Loan Management System
APP00003121,CUST00002456,LN00001320,2015-10-12,2763624.46,Approved,2026-08-03 11:22:40.226625,,Loan Management System
APP00003122,CUST00003048,LN00001847,2019-03-19,440708.04,Approved,2026-08-03 11:22:40.226625,,Loan Management System
APP00003123,CUST00001639,,2017-03-18,1628461.19,Rejected,2026-08-03 11:22:40.226625,,Loan Management System
APP00003124,CUST00001343,,2019-07-09,5538645.85,Pending,2026-08-03 11:22:40.226625,,Loan Management System
APP00003125,CUST00003391,,2023-08-29,956105.64,Rejected,2026-08-03 11:22:40.226625,,Loan Management System
APP00003126,CUST00003946,LN00000411,2012-08-16,405572.61,Approved,2026-08-03 11:22:40.226625,,Loan Management System
APP00003127,CUST00002626,,2012-04-07,859011.5,Rejected,2026-08-03 11:22:40.227712,,Loan Management System
APP00003128,CUST00000051,,2014-03-15,985710.89,Rejected,2026-08-03 11:22:40.227712,,Loan Management System
APP00003129,CUST00001687,LN00000947,2021-05-07,14672636.76,Approved,2026-08-03 11:22:40.227712,,Loan Management System
APP00003130,CUST00000372,LN00000718,2023-01-08,8186221.8,Approved,2026-08-03 11:22:40.227712,,Loan Management System
APP00003131,CUST00004928,LN00000360,2025-11-13,2880445.59,Approved,2026-08-03 11:22:40.227712,,Loan Management System
APP00003132,CUST00001742,LN00002490,2023-10-22,3214329.22,Approved,2026-08-03 11:22:40.227712,,Loan Management System
APP00003133,CUST00002157,LN00000514,2022-06-02,330735.6,Approved,2026-08-03 11:22:40.227712,,Loan Management System
APP00003134,CUST00003199,LN00001947,2013-04-05,14485308.93,Approved,2026-08-03 11:22:40.227712,,Loan Management System
APP00003135,CUST00002945,LN00001761,2016-03-30,10132477.54,Approved,2026-08-03 11:22:40.227712,,Loan Management System
APP00003136,CUST00003157,LN00000700,2020-04-08,1077240.59,Approved,2026-08-03 11:22:40.227712,,Loan Management System
APP00003137,CUST00000629,LN00000313,2013-03-21,12408218.5,Approved,2026-08-03 11:22:40.227712,,Loan Management System
APP00003138,CUST00002857,LN00001943,2016-05-28,1218712.63,Approved,2026-08-03 11:22:40.227712,,Loan Management System
APP00003139,CUST00001966,LN00000030,2020-09-16,1520122.42,Approved,2026-08-03 11:22:40.227712,,Loan Management System
APP00003140,CUST00003987,,2024-12-03,1520504.27,Cancelled,2026-08-03 11:22:40.228710,,Loan Management System
APP00003141,CUST00002491,,2023-08-17,18234717.33,Pending,2026-08-03 11:22:40.228710,,Loan Management System
APP00003142,CUST00000809,LN00001165,2020-12-29,5229481.96,Approved,2026-08-03 11:22:40.228710,,Loan Management System
APP00003143,CUST00002695,,2020-07-10,170526.95,Rejected,2026-08-03 11:22:40.228710,,Loan Management System
APP00003144,CUST00002076,LN00000090,2019-03-13,7151694.83,Approved,2026-08-03 11:22:40.228710,,Loan Management System
APP00003145,CUST00001506,LN00000652,2012-08-27,1551682.44,Approved,2026-08-03 11:22:40.228710,,Loan Management System
APP00003146,CUST00003532,,2020-06-10,594377.31,Rejected,2026-08-03 11:22:40.228710,,Loan Management System
APP00003147,CUST00002701,LN00001485,2025-12-07,13458669.57,Approved,2026-08-03 11:22:40.228710,,Loan Management System
APP00003148,CUST00003985,LN00000862,2017-04-11,583038.9,Approved,2026-08-03 11:22:40.228710,,Loan Management System
APP00003149,CUST00004200,LN00000775,2021-11-18,511168.9,Approved,2026-08-03 11:22:40.228710,,Loan Management System
APP00003150,CUST00004913,LN00000169,2025-01-01,7584700.16,Approved,2026-08-03 11:22:40.229742,,Loan Management System
APP00003151,CUST00004748,,2020-10-28,16395474.32,Pending,2026-08-03 11:22:40.229742,,Loan Management System
APP00003152,CUST00003070,,2020-09-21,2103075.08,Rejected,2026-08-03 11:22:40.229742,,Loan Management System
APP00003153,CUST00003134,,2018-06-13,3325569.29,Cancelled,2026-08-03 11:22:40.229742,,Loan Management System
APP00003154,CUST00001570,LN00001811,2011-09-11,2875663.6,Approved,2026-08-03 11:22:40.229742,,Loan Management System
APP00003155,CUST00002380,LN00000585,2019-07-08,4468970.86,Approved,2026-08-03 11:22:40.229742,,Loan Management System
APP00003156,CUST00001378,LN00001795,2024-11-22,7310684.31,Approved,2026-08-03 11:22:40.230725,,Loan Management System
APP00003157,CUST00004331,LN00001520,2016-12-27,1198661.91,Approved,2026-08-03 11:22:40.230725,,Loan Management System
APP00003158,CUST00000438,LN00001786,2015-01-11,1033280.5,Approved,2026-08-03 11:22:40.230725,,Loan Management System
APP00003159,CUST00003051,LN00000991,2017-08-31,2062062.08,Approved,2026-08-03 11:22:40.230725,,Loan Management System
APP00003160,CUST00000255,,2017-09-21,384690.57,Cancelled,2026-08-03 11:22:40.230725,,Loan Management System
APP00003161,CUST00000226,,2016-07-31,3246509.0,Pending,2026-08-03 11:22:40.230725,,Loan Management System
APP00003162,CUST00003891,LN00000277,2011-11-01,18728903.2,Approved,2026-08-03 11:22:40.230725,,Loan Management System
APP00003163,CUST00001888,LN00000343,2019-06-15,3903250.37,Approved,2026-08-03 11:22:40.230725,,Loan Management System
APP00003164,CUST00002794,,2020-08-11,1828135.11,Pending,2026-08-03 11:22:40.230725,,Loan Management System
APP00003165,CUST00000593,LN00002266,2016-05-18,2899496.27,Approved,2026-08-03 11:22:40.230725,,Loan Management System
APP00003166,CUST00001864,,2021-02-19,2265071.67,Rejected,2026-08-03 11:22:40.230725,,Loan Management System
APP00003167,CUST00004773,LN00001590,2016-02-03,3343521.49,Approved,2026-08-03 11:22:40.230725,,Loan Management System
APP00003168,CUST00004097,LN00000156,2017-08-09,191636.79,Approved,2026-08-03 11:22:40.230725,,Loan Management System
APP00003169,CUST00001190,LN00000937,2021-10-25,100978.02,Approved,2026-08-03 11:22:40.230725,,Loan Management System
APP00003170,CUST00002819,LN00002428,2018-02-07,448717.82,Approved,2026-08-03 11:22:40.230725,,Loan Management System
APP00003171,CUST00001956,,2015-09-04,1652805.04,Pending,2026-08-03 11:22:40.232232,,Loan Management System
APP00003172,CUST00003453,,2022-07-06,11876434.23,Cancelled,2026-08-03 11:22:40.232232,,Loan Management System
APP00003173,CUST00003362,LN00000448,2011-09-26,1167980.73,Approved,2026-08-03 11:22:40.232232,,Loan Management System
APP00003174,CUST00003115,LN00001962,2024-07-22,7727399.63,Approved,2026-08-03 11:22:40.232232,,Loan Management System
APP00003175,CUST00003395,,2015-09-26,13317433.57,Rejected,2026-08-03 11:22:40.232232,,Loan Management System
APP00003176,CUST00002137,LN00001921,2024-02-05,2849224.95,Approved,2026-08-03 11:22:40.232232,,Loan Management System
APP00003177,CUST00000882,LN00000147,2024-03-07,2247085.74,Approved,2026-08-03 11:22:40.232232,,Loan Management System
APP00003178,CUST00000826,LN00000521,2018-10-18,2594843.38,Approved,2026-08-03 11:22:40.232232,,Loan Management System
APP00003179,CUST00001337,,2025-02-17,1206711.63,Rejected,2026-08-03 11:22:40.233242,,Loan Management System
APP00003180,CUST00002041,,2013-07-07,10537973.68,Cancelled,2026-08-03 11:22:40.233242,,Loan Management System
APP00003181,CUST00002554,LN00000823,2020-10-01,2099658.12,Approved,2026-08-03 11:22:40.233242,,Loan Management System
APP00003182,CUST00001146,LN00002040,2013-06-03,9629476.03,Approved,2026-08-03 11:22:40.233242,,Loan Management System
APP00003183,CUST00000226,LN00000355,2020-10-04,1560655.89,Approved,2026-08-03 11:22:40.233242,,Loan Management System
APP00003184,CUST00004661,LN00000828,2025-08-30,367713.01,Approved,2026-08-03 11:22:40.233242,,Loan Management System
APP00003185,CUST00003912,,2012-01-03,2706595.85,Pending,2026-08-03 11:22:40.233242,,Loan Management System
APP00003186,CUST00000715,,2020-05-18,3610020.92,Rejected,2026-08-03 11:22:40.233242,,Loan Management System
APP00003187,CUST00000618,LN00001618,2022-09-25,17736693.74,Approved,2026-08-03 11:22:40.234320,,Loan Management System
APP00003188,CUST00002770,,2020-05-02,2150436.95,Cancelled,2026-08-03 11:22:40.234320,,Loan Management System
APP00003189,CUST00001899,,2025-03-30,138389.76,Cancelled,2026-08-03 11:22:40.234320,,Loan Management System
APP00003190,CUST00002740,,2020-03-29,3251132.21,Pending,2026-08-03 11:22:40.234320,,Loan Management System
APP00003191,CUST00002345,,2019-03-02,1753528.0,Pending,2026-08-03 11:22:40.235336,,Loan Management System
APP00003192,CUST00003173,,2019-11-13,1268109.87,Rejected,2026-08-03 11:22:40.235336,,Loan Management System
APP00003193,CUST00001055,LN00002286,2021-07-20,1543546.58,Approved,2026-08-03 11:22:40.235336,,Loan Management System
APP00003194,CUST00004709,,2016-08-17,2275335.46,Cancelled,2026-08-03 11:22:40.235336,,Loan Management System
APP00003195,CUST00003954,LN00000445,2016-11-05,20305902.62,Approved,2026-08-03 11:22:40.235336,,Loan Management System
APP00003196,CUST00003263,,2017-01-13,2341064.5,Rejected,2026-08-03 11:22:40.235336,,Loan Management System
APP00003197,CUST00001404,,2020-04-30,530984.57,Pending,2026-08-03 11:22:40.236323,,Loan Management System
APP00003198,CUST00002207,LN00002366,2020-07-09,3316128.8,Approved,2026-08-03 11:22:40.236323,,Loan Management System
APP00003199,CUST00004929,LN00002225,2014-01-03,2296297.08,Approved,2026-08-03 11:22:40.236323,,Loan Management System
APP00003200,CUST00003561,LN00001174,2020-05-09,7324680.63,Approved,2026-08-03 11:22:40.236323,,Loan Management System
APP00003201,CUST00000758,LN00001167,2018-08-22,1519938.97,Approved,2026-08-03 11:22:40.236323,,Loan Management System
APP00003202,CUST00002430,LN00001632,2017-10-07,902780.51,Approved,2026-08-03 11:22:40.236323,,Loan Management System
APP00003203,CUST00004692,,2011-09-17,1258778.46,Rejected,2026-08-03 11:22:40.236323,,Loan Management System
APP00003204,CUST00001388,,2022-04-02,2351058.59,Rejected,2026-08-03 11:22:40.236323,,Loan Management System
APP00003205,CUST00003402,LN00001051,2018-05-08,3579205.24,Approved,2026-08-03 11:22:40.236323,,Loan Management System
APP00003206,CUST00003852,LN00002212,2020-11-26,2284687.09,Approved,2026-08-03 11:22:40.236323,,Loan Management System
APP00003207,CUST00004380,LN00001341,2022-02-13,892404.28,Approved,2026-08-03 11:22:40.236323,,Loan Management System
APP00003208,CUST00002073,LN00000752,2018-10-06,2639669.77,Approved,2026-08-03 11:22:40.237316,,Loan Management System
APP00003209,CUST00004724,LN00000273,2015-08-31,2628374.75,Approved,2026-08-03 11:22:40.237316,,Loan Management System
APP00003210,CUST00004275,LN00002002,2011-12-28,7522021.06,Approved,2026-08-03 11:22:40.237316,,Loan Management System
APP00003211,CUST00003409,LN00000651,2018-11-24,495585.31,Approved,2026-08-03 11:22:40.237316,,Loan Management System
APP00003212,CUST00003393,LN00000473,2020-07-13,2366238.96,Approved,2026-08-03 11:22:40.237316,,Loan Management System
APP00003213,CUST00003971,,2022-08-02,587899.19,Rejected,2026-08-03 11:22:40.237316,,Loan Management System
APP00003214,CUST00003420,,2025-06-25,18463731.24,Rejected,2026-08-03 11:22:40.237316,,Loan Management System
APP00003215,CUST00004924,,2012-10-24,6665832.49,Cancelled,2026-08-03 11:22:40.237316,,Loan Management System
APP00003216,CUST00003174,,2024-04-17,2182397.63,Rejected,2026-08-03 11:22:40.238328,,Loan Management System
APP00003217,CUST00003639,,2023-04-04,5001651.67,Rejected,2026-08-03 11:22:40.238328,,Loan Management System
APP00003218,CUST00003118,LN00000469,2016-08-07,4351566.62,Approved,2026-08-03 11:22:40.238328,,Loan Management System
APP00003219,CUST00002843,,2011-12-28,8465578.06,Pending,2026-08-03 11:22:40.238328,,Loan Management System
APP00003220,CUST00002141,LN00000289,2012-09-06,982971.3,Approved,2026-08-03 11:22:40.238328,,Loan Management System
APP00003221,CUST00003931,LN00000914,2022-08-04,1433531.1,Approved,2026-08-03 11:22:40.238328,,Loan Management System
APP00003222,CUST00000671,LN00002351,2018-11-15,19100788.38,Approved,2026-08-03 11:22:40.238328,,Loan Management System
APP00003223,CUST00002833,,2013-01-27,2409871.35,Rejected,2026-08-03 11:22:40.239327,,Loan Management System
APP00003224,CUST00000023,LN00001840,2012-03-06,2558685.05,Approved,2026-08-03 11:22:40.239327,,Loan Management System
APP00003225,CUST00004020,LN00000172,2021-07-29,4547289.19,Approved,2026-08-03 11:22:40.239327,,Loan Management System
APP00003226,CUST00002139,LN00001620,2025-09-23,330328.81,Approved,2026-08-03 11:22:40.239327,,Loan Management System
APP00003227,CUST00004234,LN00000043,2018-09-04,1678511.2,Approved,2026-08-03 11:22:40.239327,,Loan Management System
APP00003228,CUST00000242,,2021-01-29,505573.63,Cancelled,2026-08-03 11:22:40.239327,,Loan Management System
APP00003229,CUST00004842,LN00002473,2015-06-29,466919.37,Approved,2026-08-03 11:22:40.239327,,Loan Management System
APP00003230,CUST00003395,LN00002000,2024-03-06,757802.84,Approved,2026-08-03 11:22:40.239327,,Loan Management System
APP00003231,CUST00000568,LN00000777,2023-09-19,408055.38,Approved,2026-08-03 11:22:40.239327,,Loan Management System
APP00003232,CUST00001865,LN00001140,2018-12-24,835063.94,Approved,2026-08-03 11:22:40.239327,,Loan Management System
APP00003233,CUST00003107,,2018-07-09,373907.65,Cancelled,2026-08-03 11:22:40.239327,,Loan Management System
APP00003234,CUST00001733,LN00002171,2021-02-16,7854585.07,Approved,2026-08-03 11:22:40.239327,,Loan Management System
APP00003235,CUST00002674,,2019-04-06,1450697.36,Rejected,2026-08-03 11:22:40.240326,,Loan Management System
APP00003236,CUST00002357,LN00002330,2024-02-24,1742268.84,Approved,2026-08-03 11:22:40.240326,,Loan Management System
APP00003237,CUST00000692,LN00001704,2022-07-18,674731.09,Approved,2026-08-03 11:22:40.240326,,Loan Management System
APP00003238,CUST00003896,LN00000042,2023-05-31,1807963.84,Approved,2026-08-03 11:22:40.240326,,Loan Management System
APP00003239,CUST00003926,LN00001677,2024-12-14,550043.62,Approved,2026-08-03 11:22:40.240326,,Loan Management System
APP00003240,CUST00003993,LN00001117,2016-07-24,686362.62,Approved,2026-08-03 11:22:40.240326,,Loan Management System
APP00003241,CUST00004516,LN00000840,2011-08-14,11100256.25,Approved,2026-08-03 11:22:40.240326,,Loan Management System
APP00003242,CUST00004617,LN00001269,2015-05-06,3621023.31,Approved,2026-08-03 11:22:40.240326,,Loan Management System
APP00003243,CUST00001246,LN00001732,2021-07-20,2489034.83,Approved,2026-08-03 11:22:40.240326,,Loan Management System
APP00003244,CUST00000736,LN00001058,2022-05-29,1015956.73,Approved,2026-08-03 11:22:40.240326,,Loan Management System
APP00003245,CUST00004568,LN00002200,2016-06-19,1616731.67,Approved,2026-08-03 11:22:40.240326,,Loan Management System
APP00003246,CUST00000325,LN00000581,2017-12-10,2261381.81,Approved,2026-08-03 11:22:40.240326,,Loan Management System
APP00003247,CUST00003364,LN00000639,2018-12-28,5283140.36,Approved,2026-08-03 11:22:40.240326,,Loan Management System
APP00003248,CUST00001292,LN00002139,2014-09-23,251281.36,Approved,2026-08-03 11:22:40.240326,,Loan Management System
APP00003249,CUST00001301,,2023-07-06,7072368.09,Rejected,2026-08-03 11:22:40.240326,,Loan Management System
APP00003250,CUST00004526,LN00001647,2020-06-20,4600798.37,Approved,2026-08-03 11:22:40.240326,,Loan Management System
APP00003251,CUST00004048,,2017-09-02,1890202.65,Rejected,2026-08-03 11:22:40.241329,,Loan Management System
APP00003252,CUST00001830,LN00001523,2016-07-16,1157734.2,Approved,2026-08-03 11:22:40.241329,,Loan Management System
APP00003253,CUST00000324,,2013-05-23,17139976.11,Rejected,2026-08-03 11:22:40.241329,,Loan Management System
APP00003254,CUST00001529,,2016-07-07,5091551.99,Cancelled,2026-08-03 11:22:40.241329,,Loan Management System
APP00003255,CUST00000812,LN00000936,2014-05-09,351023.11,Approved,2026-08-03 11:22:40.241329,,Loan Management System
APP00003256,CUST00000332,,2021-11-27,7268709.0,Rejected,2026-08-03 11:22:40.241329,,Loan Management System
APP00003257,CUST00001476,LN00001598,2021-10-04,4586937.77,Approved,2026-08-03 11:22:40.241329,,Loan Management System
APP00003258,CUST00000350,,2016-05-17,6247676.2,Cancelled,2026-08-03 11:22:40.242333,,Loan Management System
APP00003259,CUST00000416,,2024-08-09,1624873.75,Pending,2026-08-03 11:22:40.242333,,Loan Management System
APP00003260,CUST00002620,LN00000726,2015-09-13,1385347.18,Approved,2026-08-03 11:22:40.242333,,Loan Management System
APP00003261,CUST00004716,,2018-01-28,2024207.24,Pending,2026-08-03 11:22:40.242333,,Loan Management System
APP00003262,CUST00001775,LN00001355,2022-03-31,9785870.82,Approved,2026-08-03 11:22:40.242333,,Loan Management System
APP00003263,CUST00003305,LN00000985,2025-11-17,662316.78,Approved,2026-08-03 11:22:40.242928,,Loan Management System
APP00003264,CUST00003952,LN00002395,2022-06-15,2070838.47,Approved,2026-08-03 11:22:40.242928,,Loan Management System
APP00003265,CUST00000949,LN00001190,2014-12-29,2571289.51,Approved,2026-08-03 11:22:40.242928,,Loan Management System
APP00003266,CUST00004373,,2020-08-29,6642818.39,Rejected,2026-08-03 11:22:40.242928,,Loan Management System
APP00003267,CUST00000501,,2015-04-30,980495.04,Rejected,2026-08-03 11:22:40.242928,,Loan Management System
APP00003268,CUST00003249,,2013-11-27,1343778.05,Pending,2026-08-03 11:22:40.242928,,Loan Management System
APP00003269,CUST00000038,,2024-04-16,795918.89,Rejected,2026-08-03 11:22:40.242928,,Loan Management System
APP00003270,CUST00003030,,2018-03-28,5625974.3,Rejected,2026-08-03 11:22:40.244019,,Loan Management System
APP00003271,CUST00000090,,2025-02-20,926100.13,Cancelled,2026-08-03 11:22:40.244019,,Loan Management System
APP00003272,CUST00004225,,2025-02-25,3417420.7,Rejected,2026-08-03 11:22:40.244019,,Loan Management System
APP00003273,CUST00001876,LN00002203,2026-04-09,1193242.27,Approved,2026-08-03 11:22:40.244019,,Loan Management System
APP00003274,CUST00000310,LN00000844,2018-02-19,4762064.96,Approved,2026-08-03 11:22:40.244019,,Loan Management System
APP00003275,CUST00004961,LN00001563,2017-05-02,119602.11,Approved,2026-08-03 11:22:40.244019,,Loan Management System
APP00003276,CUST00000386,,2016-08-28,123766.31,Rejected,2026-08-03 11:22:40.244019,,Loan Management System
APP00003277,CUST00002600,LN00000186,2023-02-14,1147933.44,Approved,2026-08-03 11:22:40.244019,,Loan Management System
APP00003278,CUST00004067,LN00000064,2013-07-17,11856980.4,Approved,2026-08-03 11:22:40.245030,,Loan Management System
APP00003279,CUST00004562,,2021-01-01,2430952.1,Rejected,2026-08-03 11:22:40.245030,,Loan Management System
APP00003280,CUST00004801,,2026-06-20,1125919.7,Rejected,2026-08-03 11:22:40.245030,,Loan Management System
APP00003281,CUST00003044,LN00000847,2018-09-09,854019.57,Approved,2026-08-03 11:22:40.245030,,Loan Management System
APP00003282,CUST00002095,LN00002029,2018-12-28,7852283.24,Approved,2026-08-03 11:22:40.245030,,Loan Management System
APP00003283,CUST00001776,LN00000834,2011-10-13,237027.81,Approved,2026-08-03 11:22:40.245030,,Loan Management System
APP00003284,CUST00001223,LN00000299,2015-01-30,1447409.13,Approved,2026-08-03 11:22:40.245030,,Loan Management System
APP00003285,CUST00001964,LN00002359,2021-10-22,4208708.44,Approved,2026-08-03 11:22:40.245030,,Loan Management System
APP00003286,CUST00002097,LN00000908,2012-06-15,798537.44,Approved,2026-08-03 11:22:40.245030,,Loan Management System
APP00003287,CUST00000130,LN00000761,2015-10-25,2331064.4,Approved,2026-08-03 11:22:40.245030,,Loan Management System
APP00003288,CUST00001783,,2018-04-16,927107.03,Pending,2026-08-03 11:22:40.245030,,Loan Management System
APP00003289,CUST00001626,LN00001873,2017-02-02,1717845.21,Approved,2026-08-03 11:22:40.245030,,Loan Management System
APP00003290,CUST00000830,,2020-11-25,18050052.86,Pending,2026-08-03 11:22:40.246028,,Loan Management System
APP00003291,CUST00002192,,2013-01-12,2000789.84,Rejected,2026-08-03 11:22:40.246028,,Loan Management System
APP00003292,CUST00004240,LN00002189,2012-06-15,3475387.45,Approved,2026-08-03 11:22:40.246028,,Loan Management System
APP00003293,CUST00003286,LN00000879,2011-12-08,6226087.83,Approved,2026-08-03 11:22:40.246028,,Loan Management System
APP00003294,CUST00003766,,2024-04-25,109488.09,Pending,2026-08-03 11:22:40.246028,,Loan Management System
APP00003295,CUST00003788,LN00000184,2023-10-09,2010377.38,Approved,2026-08-03 11:22:40.246028,,Loan Management System
APP00003296,CUST00000395,LN00001519,2012-04-03,551111.02,Approved,2026-08-03 11:22:40.246028,,Loan Management System
APP00003297,CUST00002390,,2018-08-10,1582273.66,Rejected,2026-08-03 11:22:40.247040,,Loan Management System
APP00003298,CUST00004692,,2022-07-29,164348.11,Cancelled,2026-08-03 11:22:40.247040,,Loan Management System
APP00003299,CUST00000422,LN00002084,2012-10-11,1828973.81,Approved,2026-08-03 11:22:40.247040,,Loan Management System
APP00003300,CUST00000946,LN00000731,2012-09-10,232012.35,Approved,2026-08-03 11:22:40.247040,,Loan Management System
APP00003301,CUST00003835,LN00002083,2017-06-26,7011124.92,Approved,2026-08-03 11:22:40.247040,,Loan Management System
APP00003302,CUST00003601,LN00001777,2015-08-10,4594692.13,Approved,2026-08-03 11:22:40.247040,,Loan Management System
APP00003303,CUST00001839,,2015-05-05,1210496.62,Pending,2026-08-03 11:22:40.247040,,Loan Management System
APP00003304,CUST00001450,LN00000215,2014-12-18,1960737.69,Approved,2026-08-03 11:22:40.247040,,Loan Management System
APP00003305,CUST00001385,LN00002451,2019-06-19,820084.68,Approved,2026-08-03 11:22:40.247040,,Loan Management System
APP00003306,CUST00001399,,2014-11-22,3215009.51,Pending,2026-08-03 11:22:40.248030,,Loan Management System
APP00003307,CUST00001015,LN00002195,2019-02-22,3855054.9,Approved,2026-08-03 11:22:40.248030,,Loan Management System
APP00003308,CUST00001779,,2014-09-02,920898.56,Pending,2026-08-03 11:22:40.248030,,Loan Management System
APP00003309,CUST00001797,LN00001577,2013-05-20,927818.32,Approved,2026-08-03 11:22:40.248030,,Loan Management System
APP00003310,CUST00003809,LN00001241,2016-08-31,1221324.82,Approved,2026-08-03 11:22:40.248030,,Loan Management System
APP00003311,CUST00004189,LN00000194,2016-07-22,2683879.31,Approved,2026-08-03 11:22:40.248030,,Loan Management System
APP00003312,CUST00004122,LN00000115,2023-04-03,8910298.1,Approved,2026-08-03 11:22:40.248030,,Loan Management System
APP00003313,CUST00003935,,2022-07-21,13738473.92,Pending,2026-08-03 11:22:40.248030,,Loan Management System
APP00003314,CUST00003025,LN00000197,2019-04-16,3287390.9,Approved,2026-08-03 11:22:40.248030,,Loan Management System
APP00003315,CUST00001074,LN00002346,2024-07-21,2289082.57,Approved,2026-08-03 11:22:40.248030,,Loan Management System
APP00003316,CUST00002981,LN00000711,2022-04-06,2746215.81,Approved,2026-08-03 11:22:40.248030,,Loan Management System
APP00003317,CUST00001244,LN00001258,2018-11-19,1142840.19,Approved,2026-08-03 11:22:40.248030,,Loan Management System
APP00003318,CUST00000798,LN00000366,2015-02-16,1743464.72,Approved,2026-08-03 11:22:40.248030,,Loan Management System
APP00003319,CUST00002869,LN00000771,2021-07-28,1454318.31,Approved,2026-08-03 11:22:40.248030,,Loan Management System
APP00003320,CUST00003024,,2014-12-11,3235235.33,Rejected,2026-08-03 11:22:40.249036,,Loan Management System
APP00003321,CUST00001338,,2023-12-06,1315530.44,Cancelled,2026-08-03 11:22:40.249036,,Loan Management System
APP00003322,CUST00004142,LN00002234,2020-02-28,7304922.17,Approved,2026-08-03 11:22:40.249036,,Loan Management System
APP00003323,CUST00002739,,2019-11-16,3699111.45,Rejected,2026-08-03 11:22:40.249036,,Loan Management System
APP00003324,CUST00001876,LN00000226,2019-10-27,1372854.7,Approved,2026-08-03 11:22:40.249036,,Loan Management System
APP00003325,CUST00004491,LN00001177,2019-01-15,19665095.23,Approved,2026-08-03 11:22:40.249036,,Loan Management System
APP00003326,CUST00001504,,2013-10-07,246042.86,Rejected,2026-08-03 11:22:40.250024,,Loan Management System
APP00003327,CUST00001364,LN00002210,2019-05-09,2014187.95,Approved,2026-08-03 11:22:40.250024,,Loan Management System
APP00003328,CUST00001325,,2013-04-15,2552777.36,Rejected,2026-08-03 11:22:40.250024,,Loan Management System
APP00003329,CUST00001914,LN00002447,2025-08-18,1241169.84,Approved,2026-08-03 11:22:40.250024,,Loan Management System
APP00003330,CUST00003777,LN00002352,2012-04-29,46372.24,Approved,2026-08-03 11:22:40.250024,,Loan Management System
APP00003331,CUST00003305,LN00001983,2011-12-05,795187.83,Approved,2026-08-03 11:22:40.250024,,Loan Management System
APP00003332,CUST00000799,LN00001317,2019-03-18,656282.64,Approved,2026-08-03 11:22:40.250024,,Loan Management System
APP00003333,CUST00002722,,2016-12-28,1728024.16,Pending,2026-08-03 11:22:40.250024,,Loan Management System
APP00003334,CUST00003623,LN00000428,2021-06-23,6798613.42,Approved,2026-08-03 11:22:40.250024,,Loan Management System
APP00003335,CUST00003615,LN00002013,2016-11-02,1259280.58,Approved,2026-08-03 11:22:40.250024,,Loan Management System
APP00003336,CUST00000340,,2017-03-04,11127863.92,Rejected,2026-08-03 11:22:40.251024,,Loan Management System
APP00003337,CUST00001966,LN00000098,2022-12-25,2154971.33,Approved,2026-08-03 11:22:40.251024,,Loan Management System
APP00003338,CUST00002418,LN00002009,2019-03-22,428554.18,Approved,2026-08-03 11:22:40.251024,,Loan Management System
APP00003339,CUST00000305,,2023-05-20,8152193.86,Cancelled,2026-08-03 11:22:40.251024,,Loan Management System
APP00003340,CUST00003981,LN00000338,2019-03-18,1027097.31,Approved,2026-08-03 11:22:40.251024,,Loan Management System
APP00003341,CUST00002488,LN00001545,2021-05-18,4816754.13,Approved,2026-08-03 11:22:40.251024,,Loan Management System
APP00003342,CUST00002257,LN00001783,2025-09-06,1866792.75,Approved,2026-08-03 11:22:40.251024,,Loan Management System
APP00003343,CUST00002486,LN00002194,2019-06-05,1275510.62,Approved,2026-08-03 11:22:40.251024,,Loan Management System
APP00003344,CUST00004191,,2017-10-14,9616072.58,Rejected,2026-08-03 11:22:40.251024,,Loan Management System
APP00003345,CUST00002820,LN00001747,2015-03-16,7740999.51,Approved,2026-08-03 11:22:40.251024,,Loan Management System
APP00003346,CUST00001512,LN00001200,2012-10-22,266646.49,Approved,2026-08-03 11:22:40.251024,,Loan Management System
APP00003347,CUST00001235,LN00000812,2014-01-10,452692.15,Approved,2026-08-03 11:22:40.251024,,Loan Management System
APP00003348,CUST00002344,,2011-09-02,1345279.24,Pending,2026-08-03 11:22:40.251024,,Loan Management System
APP00003349,CUST00001939,,2016-11-30,1460385.83,Pending,2026-08-03 11:22:40.251024,,Loan Management System
APP00003350,CUST00004768,,2015-10-10,3744334.55,Rejected,2026-08-03 11:22:40.251024,,Loan Management System
APP00003351,CUST00004883,LN00002204,2026-01-09,2852152.03,Approved,2026-08-03 11:22:40.251024,,Loan Management System
APP00003352,CUST00004191,LN00000555,2024-04-14,1035099.12,Approved,2026-08-03 11:22:40.251024,,Loan Management System
APP00003353,CUST00002781,,2016-04-17,3530716.31,Cancelled,2026-08-03 11:22:40.252594,,Loan Management System
APP00003354,CUST00001452,,2025-11-17,5989559.79,Rejected,2026-08-03 11:22:40.252594,,Loan Management System
APP00003355,CUST00002518,LN00002186,2025-01-21,992665.3,Approved,2026-08-03 11:22:40.252594,,Loan Management System
APP00003356,CUST00001868,LN00001158,2013-12-28,988487.27,Approved,2026-08-03 11:22:40.252594,,Loan Management System
APP00003357,CUST00000945,,2023-02-23,2855124.5,Pending,2026-08-03 11:22:40.253194,,Loan Management System
APP00003358,CUST00002339,LN00000824,2019-06-08,3930565.28,Approved,2026-08-03 11:22:40.253194,,Loan Management System
APP00003359,CUST00003786,LN00001615,2024-05-25,1733764.82,Approved,2026-08-03 11:22:40.253194,,Loan Management System
APP00003360,CUST00001890,LN00002137,2020-07-26,3322533.25,Approved,2026-08-03 11:22:40.253194,,Loan Management System
APP00003361,CUST00001163,LN00002179,2014-02-07,6416339.58,Approved,2026-08-03 11:22:40.253194,,Loan Management System
APP00003362,CUST00000240,,2017-09-09,1307085.95,Cancelled,2026-08-03 11:22:40.253194,,Loan Management System
APP00003363,CUST00000294,LN00002160,2014-07-06,283747.62,Approved,2026-08-03 11:22:40.253194,,Loan Management System
APP00003364,CUST00001701,LN00001313,2025-05-22,492339.2,Approved,2026-08-03 11:22:40.253194,,Loan Management System
APP00003365,CUST00003300,LN00000373,2018-03-18,1973523.42,Approved,2026-08-03 11:22:40.253194,,Loan Management System
APP00003366,CUST00000569,LN00002130,2017-02-12,7699892.39,Approved,2026-08-03 11:22:40.253194,,Loan Management System
APP00003367,CUST00002974,,2014-07-30,499940.81,Cancelled,2026-08-03 11:22:40.253194,,Loan Management System
APP00003368,CUST00003041,LN00002478,2019-05-10,647874.53,Approved,2026-08-03 11:22:40.253194,,Loan Management System
APP00003369,CUST00000336,LN00001968,2025-10-25,1929445.28,Approved,2026-08-03 11:22:40.253194,,Loan Management System
APP00003370,CUST00000595,,2025-11-27,3468401.7,Pending,2026-08-03 11:22:40.254294,,Loan Management System
APP00003371,CUST00001815,LN00000241,2025-05-17,589744.4,Approved,2026-08-03 11:22:40.254294,,Loan Management System
APP00003372,CUST00003136,,2026-03-12,1745277.37,Rejected,2026-08-03 11:22:40.254294,,Loan Management System
APP00003373,CUST00001363,LN00002299,2025-07-21,1354309.15,Approved,2026-08-03 11:22:40.254294,,Loan Management System
APP00003374,CUST00001199,LN00000171,2018-09-29,1557437.09,Approved,2026-08-03 11:22:40.254294,,Loan Management System
APP00003375,CUST00001375,,2014-12-05,1037298.12,Pending,2026-08-03 11:22:40.254294,,Loan Management System
APP00003376,CUST00002373,,2016-01-24,1035116.57,Pending,2026-08-03 11:22:40.254294,,Loan Management System
APP00003377,CUST00002928,LN00001656,2016-08-08,387582.48,Approved,2026-08-03 11:22:40.254294,,Loan Management System
APP00003378,CUST00001830,LN00000772,2016-11-01,1110604.47,Approved,2026-08-03 11:22:40.254294,,Loan Management System
APP00003379,CUST00002319,LN00002317,2014-09-15,217021.15,Approved,2026-08-03 11:22:40.254294,,Loan Management System
APP00003380,CUST00003589,LN00000981,2020-01-12,508122.54,Approved,2026-08-03 11:22:40.254294,,Loan Management System
APP00003381,CUST00001671,LN00000580,2013-05-23,2084342.21,Approved,2026-08-03 11:22:40.255291,,Loan Management System
APP00003382,CUST00003290,,2022-05-01,906559.4,Pending,2026-08-03 11:22:40.255291,,Loan Management System
APP00003383,CUST00000728,LN00001498,2021-12-05,1428988.93,Approved,2026-08-03 11:22:40.255291,,Loan Management System
APP00003384,CUST00004411,,2025-05-30,3877653.76,Pending,2026-08-03 11:22:40.255291,,Loan Management System
APP00003385,CUST00000344,,2021-06-26,798623.64,Rejected,2026-08-03 11:22:40.255291,,Loan Management System
APP00003386,CUST00003381,LN00001009,2018-12-25,1520854.85,Approved,2026-08-03 11:22:40.255291,,Loan Management System
APP00003387,CUST00001343,,2018-06-24,2375746.09,Rejected,2026-08-03 11:22:40.256286,,Loan Management System
APP00003388,CUST00002108,LN00001386,2019-05-07,8518010.31,Approved,2026-08-03 11:22:40.256286,,Loan Management System
APP00003389,CUST00000084,LN00000269,2018-12-05,2978054.44,Approved,2026-08-03 11:22:40.256286,,Loan Management System
APP00003390,CUST00004205,,2012-03-17,12925887.77,Rejected,2026-08-03 11:22:40.256286,,Loan Management System
APP00003391,CUST00003465,LN00000477,2020-12-31,460397.89,Approved,2026-08-03 11:22:40.256286,,Loan Management System
APP00003392,CUST00004853,,2016-01-08,2573314.72,Rejected,2026-08-03 11:22:40.256286,,Loan Management System
APP00003393,CUST00004261,LN00001835,2013-06-01,2388926.84,Approved,2026-08-03 11:22:40.256286,,Loan Management System
APP00003394,CUST00004798,LN00001593,2026-04-14,6450370.12,Approved,2026-08-03 11:22:40.256286,,Loan Management System
APP00003395,CUST00000002,LN00001863,2021-11-21,7979021.68,Approved,2026-08-03 11:22:40.256286,,Loan Management System
APP00003396,CUST00000494,LN00001382,2025-08-28,835889.73,Approved,2026-08-03 11:22:40.256286,,Loan Management System
APP00003397,CUST00001637,LN00000636,2015-11-06,715348.15,Approved,2026-08-03 11:22:40.256286,,Loan Management System
APP00003398,CUST00001557,LN00000792,2022-05-16,1250667.64,Approved,2026-08-03 11:22:40.256286,,Loan Management System
APP00003399,CUST00002878,,2015-05-21,1185050.87,Pending,2026-08-03 11:22:40.256286,,Loan Management System
APP00003400,CUST00002298,,2024-09-20,1491039.45,Rejected,2026-08-03 11:22:40.257288,,Loan Management System
APP00003401,CUST00003725,LN00002039,2020-04-17,1383983.52,Approved,2026-08-03 11:22:40.257288,,Loan Management System
APP00003402,CUST00004517,,2024-01-23,5649578.4,Rejected,2026-08-03 11:22:40.257288,,Loan Management System
APP00003403,CUST00004764,LN00000409,2025-12-24,899529.63,Approved,2026-08-03 11:22:40.257288,,Loan Management System
APP00003404,CUST00001753,LN00000686,2016-08-15,13804075.29,Approved,2026-08-03 11:22:40.257288,,Loan Management System
APP00003405,CUST00002808,LN00002124,2018-04-13,4989444.01,Approved,2026-08-03 11:22:40.257288,,Loan Management System
APP00003406,CUST00003489,LN00000739,2018-01-29,2514253.68,Approved,2026-08-03 11:22:40.257288,,Loan Management System
APP00003407,CUST00003628,LN00001430,2014-10-06,9238411.35,Approved,2026-08-03 11:22:40.257288,,Loan Management System
APP00003408,CUST00004234,LN00000442,2022-06-04,5078171.34,Approved,2026-08-03 11:22:40.257288,,Loan Management System
APP00003409,CUST00003526,LN00001194,2022-10-04,13201766.35,Approved,2026-08-03 11:22:40.257288,,Loan Management System
APP00003410,CUST00001363,LN00001277,2022-12-14,1396718.74,Approved,2026-08-03 11:22:40.257288,,Loan Management System
APP00003411,CUST00000289,,2020-02-17,925413.55,Rejected,2026-08-03 11:22:40.257288,,Loan Management System
APP00003412,CUST00002764,LN00000493,2017-04-03,1273965.85,Approved,2026-08-03 11:22:40.257288,,Loan Management System
APP00003413,CUST00001764,LN00002202,2022-06-13,3139916.17,Approved,2026-08-03 11:22:40.258292,,Loan Management System
APP00003414,CUST00000881,LN00000159,2020-04-02,217801.89,Approved,2026-08-03 11:22:40.258292,,Loan Management System
APP00003415,CUST00001109,,2023-03-24,1566642.04,Rejected,2026-08-03 11:22:40.258292,,Loan Management System
APP00003416,CUST00000385,,2014-05-29,487408.36,Rejected,2026-08-03 11:22:40.258292,,Loan Management System
APP00003417,CUST00003962,LN00000125,2025-07-14,8227659.99,Approved,2026-08-03 11:22:40.258292,,Loan Management System
APP00003418,CUST00004149,LN00001824,2018-08-12,2637075.5,Approved,2026-08-03 11:22:40.258292,,Loan Management System
APP00003419,CUST00002068,LN00000610,2018-05-03,1919254.39,Approved,2026-08-03 11:22:40.258292,,Loan Management System
APP00003420,CUST00003137,,2014-04-18,373211.1,Rejected,2026-08-03 11:22:40.258292,,Loan Management System
APP00003421,CUST00003523,LN00002489,2015-07-31,8098054.11,Approved,2026-08-03 11:22:40.258292,,Loan Management System
APP00003422,CUST00002052,,2021-03-22,2887940.78,Pending,2026-08-03 11:22:40.259289,,Loan Management System
APP00003423,CUST00004068,,2021-03-18,4521158.42,Cancelled,2026-08-03 11:22:40.259289,,Loan Management System
APP00003424,CUST00002588,LN00000728,2021-11-09,3203378.55,Approved,2026-08-03 11:22:40.259289,,Loan Management System
APP00003425,CUST00003500,LN00001806,2013-06-01,1358033.9,Approved,2026-08-03 11:22:40.259289,,Loan Management System
APP00003426,CUST00004380,LN00000725,2012-04-19,20138036.9,Approved,2026-08-03 11:22:40.259289,,Loan Management System
APP00003427,CUST00004685,LN00001533,2024-11-28,1230221.96,Approved,2026-08-03 11:22:40.259289,,Loan Management System
APP00003428,CUST00004364,LN00000634,2021-04-14,2616677.62,Approved,2026-08-03 11:22:40.259289,,Loan Management System
APP00003429,CUST00001249,LN00000398,2012-07-09,445029.87,Approved,2026-08-03 11:22:40.259289,,Loan Management System
APP00003430,CUST00004527,LN00001415,2019-10-23,7927805.3,Approved,2026-08-03 11:22:40.259289,,Loan Management System
APP00003431,CUST00000710,,2012-08-27,2559675.15,Rejected,2026-08-03 11:22:40.259289,,Loan Management System
APP00003432,CUST00002643,LN00000895,2024-06-09,899422.38,Approved,2026-08-03 11:22:40.259289,,Loan Management System
APP00003433,CUST00000399,LN00002347,2022-02-24,4116286.66,Approved,2026-08-03 11:22:40.259289,,Loan Management System
APP00003434,CUST00001397,LN00000745,2023-03-08,4477868.67,Approved,2026-08-03 11:22:40.259289,,Loan Management System
APP00003435,CUST00001513,LN00002041,2017-04-20,2238083.14,Approved,2026-08-03 11:22:40.259289,,Loan Management System
APP00003436,CUST00001250,LN00000773,2024-04-27,1497193.06,Approved,2026-08-03 11:22:40.259289,,Loan Management System
APP00003437,CUST00002062,LN00000707,2012-12-30,2613653.99,Approved,2026-08-03 11:22:40.259289,,Loan Management System
APP00003438,CUST00003021,,2025-01-18,2957107.71,Rejected,2026-08-03 11:22:40.260295,,Loan Management System
APP00003439,CUST00003289,LN00000285,2023-07-23,1318589.79,Approved,2026-08-03 11:22:40.260295,,Loan Management System
APP00003440,CUST00002843,,2018-03-10,3972291.33,Rejected,2026-08-03 11:22:40.260295,,Loan Management System
APP00003441,CUST00001771,LN00001536,2014-07-09,1266843.56,Approved,2026-08-03 11:22:40.260295,,Loan Management System
APP00003442,CUST00000704,LN00000114,2022-06-05,3497537.65,Approved,2026-08-03 11:22:40.260295,,Loan Management System
APP00003443,CUST00001797,LN00001255,2019-12-10,1329251.77,Approved,2026-08-03 11:22:40.260295,,Loan Management System
APP00003444,CUST00003444,,2012-04-06,1277924.27,Pending,2026-08-03 11:22:40.260295,,Loan Management System
APP00003445,CUST00004536,,2022-08-14,1667055.44,Cancelled,2026-08-03 11:22:40.260295,,Loan Management System
APP00003446,CUST00001417,LN00001576,2019-09-22,273809.08,Approved,2026-08-03 11:22:40.261288,,Loan Management System
APP00003447,CUST00003324,,2013-05-05,113451.14,Rejected,2026-08-03 11:22:40.261288,,Loan Management System
APP00003448,CUST00002779,LN00001339,2024-06-04,900148.31,Approved,2026-08-03 11:22:40.261288,,Loan Management System
APP00003449,CUST00004643,LN00000020,2015-03-20,861030.71,Approved,2026-08-03 11:22:40.261288,,Loan Management System
APP00003450,CUST00004715,LN00000052,2017-12-13,1679895.75,Approved,2026-08-03 11:22:40.261288,,Loan Management System
APP00003451,CUST00002436,LN00002168,2021-06-06,18757124.13,Approved,2026-08-03 11:22:40.261288,,Loan Management System
APP00003452,CUST00000180,LN00000008,2013-12-08,8532008.93,Approved,2026-08-03 11:22:40.261288,,Loan Management System
APP00003453,CUST00003570,,2021-04-14,1195468.98,Rejected,2026-08-03 11:22:40.261288,,Loan Management System
APP00003454,CUST00001338,LN00002431,2015-04-14,810547.41,Approved,2026-08-03 11:22:40.261288,,Loan Management System
APP00003455,CUST00001670,LN00000392,2021-05-15,402067.86,Approved,2026-08-03 11:22:40.261288,,Loan Management System
APP00003456,CUST00002712,,2022-09-15,2174641.83,Pending,2026-08-03 11:22:40.261288,,Loan Management System
APP00003457,CUST00002580,LN00001529,2020-07-21,8797418.44,Approved,2026-08-03 11:22:40.261288,,Loan Management System
APP00003458,CUST00004166,LN00000243,2024-06-15,1016886.75,Approved,2026-08-03 11:22:40.261288,,Loan Management System
APP00003459,CUST00000710,LN00000250,2020-12-05,161729.95,Approved,2026-08-03 11:22:40.262285,,Loan Management System
APP00003460,CUST00004342,,2022-09-13,3338585.19,Rejected,2026-08-03 11:22:40.262285,,Loan Management System
APP00003461,CUST00002625,,2025-10-19,2828547.51,Pending,2026-08-03 11:22:40.262285,,Loan Management System
APP00003462,CUST00001925,LN00000084,2025-12-26,2715568.29,Approved,2026-08-03 11:22:40.262285,,Loan Management System
APP00003463,CUST00000811,LN00001056,2023-04-22,1217261.03,Approved,2026-08-03 11:22:40.262285,,Loan Management System
APP00003464,CUST00002844,,2015-11-13,3543848.89,Rejected,2026-08-03 11:22:40.262877,,Loan Management System
APP00003465,CUST00000240,,2017-12-27,2942821.18,Rejected,2026-08-03 11:22:40.262877,,Loan Management System
APP00003466,CUST00000605,LN00002146,2025-05-05,8065162.72,Approved,2026-08-03 11:22:40.262877,,Loan Management System
APP00003467,CUST00000853,LN00002283,2022-10-27,450012.84,Approved,2026-08-03 11:22:40.262877,,Loan Management System
APP00003468,CUST00001047,LN00001851,2019-09-03,1279116.95,Approved,2026-08-03 11:22:40.262877,,Loan Management System
APP00003469,CUST00001699,,2017-08-03,14130164.95,Rejected,2026-08-03 11:22:40.262877,,Loan Management System
APP00003470,CUST00003762,LN00001392,2020-02-28,1236808.94,Approved,2026-08-03 11:22:40.262877,,Loan Management System
APP00003471,CUST00003834,LN00000335,2014-10-22,729212.03,Approved,2026-08-03 11:22:40.262877,,Loan Management System
APP00003472,CUST00001309,LN00001439,2012-04-15,10415789.91,Approved,2026-08-03 11:22:40.262877,,Loan Management System
APP00003473,CUST00003234,,2021-11-12,1876477.87,Rejected,2026-08-03 11:22:40.262877,,Loan Management System
APP00003474,CUST00003324,LN00000929,2021-01-07,17459459.34,Approved,2026-08-03 11:22:40.262877,,Loan Management System
APP00003475,CUST00003380,LN00000822,2017-03-09,1265383.96,Approved,2026-08-03 11:22:40.263974,,Loan Management System
APP00003476,CUST00004675,LN00001645,2026-05-14,2803308.67,Approved,2026-08-03 11:22:40.263974,,Loan Management System
APP00003477,CUST00002415,,2019-01-26,14192904.97,Rejected,2026-08-03 11:22:40.263974,,Loan Management System
APP00003478,CUST00002145,LN00001068,2023-03-26,106526.8,Approved,2026-08-03 11:22:40.263974,,Loan Management System
APP00003479,CUST00003678,LN00000756,2023-04-27,2563679.62,Approved,2026-08-03 11:22:40.263974,,Loan Management System
APP00003480,CUST00004778,LN00000372,2011-06-23,1603721.18,Approved,2026-08-03 11:22:40.263974,,Loan Management System
APP00003481,CUST00002219,,2020-05-04,5516568.28,Rejected,2026-08-03 11:22:40.263974,,Loan Management System
APP00003482,CUST00003361,LN00002047,2021-07-31,1061261.59,Approved,2026-08-03 11:22:40.263974,,Loan Management System
APP00003483,CUST00003781,LN00002319,2013-10-24,226915.97,Approved,2026-08-03 11:22:40.263974,,Loan Management System
APP00003484,CUST00003863,LN00001763,2013-07-14,3080897.4,Approved,2026-08-03 11:22:40.263974,,Loan Management System
APP00003485,CUST00000678,,2014-10-07,6775062.46,Rejected,2026-08-03 11:22:40.263974,,Loan Management System
APP00003486,CUST00002563,,2014-04-06,1924569.98,Rejected,2026-08-03 11:22:40.264970,,Loan Management System
APP00003487,CUST00001943,LN00000727,2019-08-06,1055397.93,Approved,2026-08-03 11:22:40.264970,,Loan Management System
APP00003488,CUST00001222,LN00001455,2020-02-14,9937077.55,Approved,2026-08-03 11:22:40.264970,,Loan Management System
APP00003489,CUST00004703,,2023-10-16,1139814.31,Pending,2026-08-03 11:22:40.264970,,Loan Management System
APP00003490,CUST00004573,,2025-06-26,249332.47,Rejected,2026-08-03 11:22:40.264970,,Loan Management System
APP00003491,CUST00001380,LN00001275,2011-10-20,2234068.95,Approved,2026-08-03 11:22:40.264970,,Loan Management System
APP00003492,CUST00002348,LN00000393,2023-12-29,878988.27,Approved,2026-08-03 11:22:40.264970,,Loan Management System
APP00003493,CUST00002992,,2018-08-22,683349.99,Rejected,2026-08-03 11:22:40.265973,,Loan Management System
APP00003494,CUST00003623,,2025-05-21,424998.13,Rejected,2026-08-03 11:22:40.265973,,Loan Management System
APP00003495,CUST00000995,LN00000750,2013-04-27,1492732.79,Approved,2026-08-03 11:22:40.265973,,Loan Management System
APP00003496,CUST00004242,LN00001407,2011-06-29,10056127.29,Approved,2026-08-03 11:22:40.265973,,Loan Management System
APP00003497,CUST00000372,,2019-10-12,10763932.22,Rejected,2026-08-03 11:22:40.265973,,Loan Management System
APP00003498,CUST00004262,,2023-01-27,347292.84,Rejected,2026-08-03 11:22:40.265973,,Loan Management System
APP00003499,CUST00004941,LN00000568,2024-11-08,485011.93,Approved,2026-08-03 11:22:40.265973,,Loan Management System
APP00003500,CUST00002031,LN00001944,2021-10-04,4475546.14,Approved,2026-08-03 11:22:40.265973,,Loan Management System
APP00003501,CUST00003900,LN00001562,2018-12-26,2658207.31,Approved,2026-08-03 11:22:40.265973,,Loan Management System
APP00003502,CUST00000982,,2021-08-21,1464779.98,Pending,2026-08-03 11:22:40.266970,,Loan Management System
APP00003503,CUST00002624,LN00001670,2022-12-07,583371.17,Approved,2026-08-03 11:22:40.266970,,Loan Management System
APP00003504,CUST00003534,LN00001587,2025-08-23,710933.38,Approved,2026-08-03 11:22:40.266970,,Loan Management System
APP00003505,CUST00001659,LN00001653,2025-06-15,1381837.27,Approved,2026-08-03 11:22:40.266970,,Loan Management System
APP00003506,CUST00003610,LN00000386,2019-10-06,358216.19,Approved,2026-08-03 11:22:40.266970,,Loan Management System
APP00003507,CUST00003295,LN00002453,2021-11-24,3942407.73,Approved,2026-08-03 11:22:40.266970,,Loan Management System
APP00003508,CUST00002504,,2013-10-05,1295962.0,Rejected,2026-08-03 11:22:40.266970,,Loan Management System
APP00003509,CUST00000192,,2021-05-05,1642878.91,Rejected,2026-08-03 11:22:40.266970,,Loan Management System
APP00003510,CUST00001353,LN00001360,2014-04-11,396485.91,Approved,2026-08-03 11:22:40.266970,,Loan Management System
APP00003511,CUST00004339,LN00000490,2021-10-01,1340862.21,Approved,2026-08-03 11:22:40.266970,,Loan Management System
APP00003512,CUST00002909,LN00002028,2016-02-01,3084492.05,Approved,2026-08-03 11:22:40.266970,,Loan Management System
APP00003513,CUST00001373,LN00000121,2024-08-16,1733882.86,Approved,2026-08-03 11:22:40.266970,,Loan Management System
APP00003514,CUST00002535,LN00000743,2013-12-07,3291693.4,Approved,2026-08-03 11:22:40.266970,,Loan Management System
APP00003515,CUST00003227,LN00000735,2021-05-13,9206240.3,Approved,2026-08-03 11:22:40.266970,,Loan Management System
APP00003516,CUST00004412,LN00001020,2019-02-18,549243.44,Approved,2026-08-03 11:22:40.266970,,Loan Management System
APP00003517,CUST00001597,,2012-07-15,654912.21,Pending,2026-08-03 11:22:40.267972,,Loan Management System
APP00003518,CUST00003273,LN00000798,2022-02-17,3194735.81,Approved,2026-08-03 11:22:40.267972,,Loan Management System
APP00003519,CUST00003940,LN00000661,2016-08-05,441301.41,Approved,2026-08-03 11:22:40.267972,,Loan Management System
APP00003520,CUST00001187,,2014-08-25,1137806.01,Rejected,2026-08-03 11:22:40.267972,,Loan Management System
APP00003521,CUST00000583,LN00001695,2023-01-14,2186437.14,Approved,2026-08-03 11:22:40.267972,,Loan Management System
APP00003522,CUST00002062,LN00002170,2023-02-13,2399189.64,Approved,2026-08-03 11:22:40.267972,,Loan Management System
APP00003523,CUST00000807,LN00000261,2023-04-27,2405693.09,Approved,2026-08-03 11:22:40.267972,,Loan Management System
APP00003524,CUST00000247,LN00000291,2026-03-13,1367646.21,Approved,2026-08-03 11:22:40.267972,,Loan Management System
APP00003525,CUST00003671,,2022-06-08,479653.1,Rejected,2026-08-03 11:22:40.267972,,Loan Management System
APP00003526,CUST00002887,,2011-11-26,1516728.81,Cancelled,2026-08-03 11:22:40.268935,,Loan Management System
APP00003527,CUST00002191,LN00000491,2015-01-30,338724.62,Approved,2026-08-03 11:22:40.268935,,Loan Management System
APP00003528,CUST00001106,LN00001468,2013-11-22,1701106.16,Approved,2026-08-03 11:22:40.268935,,Loan Management System
APP00003529,CUST00003701,LN00000217,2017-11-02,2685082.85,Approved,2026-08-03 11:22:40.268935,,Loan Management System
APP00003530,CUST00001745,,2019-03-25,472196.7,Rejected,2026-08-03 11:22:40.268935,,Loan Management System
APP00003531,CUST00003500,,2021-11-26,4439870.24,Pending,2026-08-03 11:22:40.268935,,Loan Management System
APP00003532,CUST00000288,LN00000028,2022-08-07,3874381.21,Approved,2026-08-03 11:22:40.268935,,Loan Management System
APP00003533,CUST00004309,LN00001289,2016-04-12,845096.59,Approved,2026-08-03 11:22:40.268935,,Loan Management System
APP00003534,CUST00004774,,2014-06-27,392391.06,Rejected,2026-08-03 11:22:40.269975,,Loan Management System
APP00003535,CUST00004192,LN00002211,2021-05-08,283965.73,Approved,2026-08-03 11:22:40.269975,,Loan Management System
APP00003536,CUST00001864,,2025-09-17,1865342.83,Rejected,2026-08-03 11:22:40.269975,,Loan Management System
APP00003537,CUST00000776,,2018-07-29,342306.84,Rejected,2026-08-03 11:22:40.269975,,Loan Management System
APP00003538,CUST00004258,LN00000591,2016-10-08,8311398.02,Approved,2026-08-03 11:22:40.269975,,Loan Management System
APP00003539,CUST00001515,LN00001668,2022-12-16,7315222.73,Approved,2026-08-03 11:22:40.269975,,Loan Management System
APP00003540,CUST00000599,LN00002081,2022-12-09,8599636.12,Approved,2026-08-03 11:22:40.269975,,Loan Management System
APP00003541,CUST00004591,LN00000953,2018-03-19,1978895.6,Approved,2026-08-03 11:22:40.269975,,Loan Management System
APP00003542,CUST00003489,,2022-03-10,9604149.08,Pending,2026-08-03 11:22:40.269975,,Loan Management System
APP00003543,CUST00004936,LN00001354,2012-01-17,1018234.0,Approved,2026-08-03 11:22:40.269975,,Loan Management System
APP00003544,CUST00003548,LN00001248,2013-08-07,1108568.47,Approved,2026-08-03 11:22:40.269975,,Loan Management System
APP00003545,CUST00004864,LN00002206,2021-12-04,17842855.39,Approved,2026-08-03 11:22:40.269975,,Loan Management System
APP00003546,CUST00002894,LN00001270,2022-12-24,6889965.14,Approved,2026-08-03 11:22:40.269975,,Loan Management System
APP00003547,CUST00001923,LN00001852,2025-12-14,579596.72,Approved,2026-08-03 11:22:40.270974,,Loan Management System
APP00003548,CUST00000764,LN00000882,2018-11-13,324053.57,Approved,2026-08-03 11:22:40.270974,,Loan Management System
APP00003549,CUST00002019,LN00001624,2022-04-03,2550715.09,Approved,2026-08-03 11:22:40.270974,,Loan Management System
APP00003550,CUST00003539,,2012-10-03,15648752.09,Pending,2026-08-03 11:22:40.270974,,Loan Management System
APP00003551,CUST00003993,LN00000547,2022-10-29,2361196.27,Approved,2026-08-03 11:22:40.270974,,Loan Management System
APP00003552,CUST00000145,LN00001765,2025-07-16,4974572.09,Approved,2026-08-03 11:22:40.270974,,Loan Management System
APP00003553,CUST00003903,LN00002011,2014-03-16,494044.51,Approved,2026-08-03 11:22:40.270974,,Loan Management System
APP00003554,CUST00004799,,2013-11-01,9774792.65,Pending,2026-08-03 11:22:40.270974,,Loan Management System
APP00003555,CUST00003355,LN00000113,2016-01-16,838233.1,Approved,2026-08-03 11:22:40.270974,,Loan Management System
APP00003556,CUST00002872,,2011-11-13,17613977.48,Rejected,2026-08-03 11:22:40.270974,,Loan Management System
APP00003557,CUST00000499,LN00001033,2014-07-24,10745169.91,Approved,2026-08-03 11:22:40.270974,,Loan Management System
APP00003558,CUST00002889,,2020-06-24,5740160.19,Cancelled,2026-08-03 11:22:40.270974,,Loan Management System
APP00003559,CUST00000637,LN00001131,2024-05-10,9193469.58,Approved,2026-08-03 11:22:40.270974,,Loan Management System
APP00003560,CUST00001488,LN00000268,2017-11-18,1722995.89,Approved,2026-08-03 11:22:40.270974,,Loan Management System
APP00003561,CUST00004972,LN00001452,2019-11-19,1951763.91,Approved,2026-08-03 11:22:40.270974,,Loan Management System
APP00003562,CUST00000024,LN00000262,2014-12-31,144199.79,Approved,2026-08-03 11:22:40.270974,,Loan Management System
APP00003563,CUST00002116,LN00000606,2016-03-11,5975692.05,Approved,2026-08-03 11:22:40.270974,,Loan Management System
APP00003564,CUST00002097,LN00001953,2019-09-02,872917.69,Approved,2026-08-03 11:22:40.270974,,Loan Management System
APP00003565,CUST00002380,,2019-09-06,6776427.43,Cancelled,2026-08-03 11:22:40.270974,,Loan Management System
APP00003566,CUST00001576,LN00001424,2024-07-23,2100734.32,Approved,2026-08-03 11:22:40.270974,,Loan Management System
APP00003567,CUST00004232,LN00000236,2021-03-27,20853461.04,Approved,2026-08-03 11:22:40.272570,,Loan Management System
APP00003568,CUST00001873,,2012-04-01,16653547.02,Rejected,2026-08-03 11:22:40.272570,,Loan Management System
APP00003569,CUST00002695,,2026-07-09,1833380.32,Rejected,2026-08-03 11:22:40.272570,,Loan Management System
APP00003570,CUST00003468,,2024-12-02,2101564.93,Cancelled,2026-08-03 11:22:40.272570,,Loan Management System
APP00003571,CUST00000343,LN00002290,2021-01-24,1402175.67,Approved,2026-08-03 11:22:40.272570,,Loan Management System
APP00003572,CUST00003205,LN00001837,2020-02-13,7413259.97,Approved,2026-08-03 11:22:40.272570,,Loan Management System
APP00003573,CUST00002491,,2024-05-21,1455698.01,Pending,2026-08-03 11:22:40.272570,,Loan Management System
APP00003574,CUST00002983,LN00002421,2011-11-26,2329999.83,Approved,2026-08-03 11:22:40.272570,,Loan Management System
APP00003575,CUST00001122,,2013-03-04,531579.14,Cancelled,2026-08-03 11:22:40.273660,,Loan Management System
APP00003576,CUST00004402,LN00000091,2022-05-12,9037455.04,Approved,2026-08-03 11:22:40.273660,,Loan Management System
APP00003577,CUST00004310,,2022-10-21,1274356.84,Pending,2026-08-03 11:22:40.273660,,Loan Management System
APP00003578,CUST00004546,LN00000702,2024-12-14,9096482.28,Approved,2026-08-03 11:22:40.273660,,Loan Management System
APP00003579,CUST00000188,LN00000265,2018-05-14,734344.57,Approved,2026-08-03 11:22:40.273660,,Loan Management System
APP00003580,CUST00003479,LN00001787,2021-07-15,210584.68,Approved,2026-08-03 11:22:40.273660,,Loan Management System
APP00003581,CUST00001492,LN00002442,2012-01-28,2075817.49,Approved,2026-08-03 11:22:40.273660,,Loan Management System
APP00003582,CUST00003084,LN00002434,2013-03-22,17694963.04,Approved,2026-08-03 11:22:40.273660,,Loan Management System
APP00003583,CUST00000688,LN00001886,2026-01-23,650353.57,Approved,2026-08-03 11:22:40.273660,,Loan Management System
APP00003584,CUST00000985,,2018-09-29,686579.38,Rejected,2026-08-03 11:22:40.273660,,Loan Management System
APP00003585,CUST00002887,,2017-11-20,14571873.2,Rejected,2026-08-03 11:22:40.274674,,Loan Management System
APP00003586,CUST00001395,LN00000218,2024-05-27,1223312.98,Approved,2026-08-03 11:22:40.274674,,Loan Management System
APP00003587,CUST00001283,,2023-06-16,1266693.64,Rejected,2026-08-03 11:22:40.274674,,Loan Management System
APP00003588,CUST00003104,LN00001103,2016-04-07,1931055.33,Approved,2026-08-03 11:22:40.274674,,Loan Management System
APP00003589,CUST00001431,,2018-11-19,1297899.81,Rejected,2026-08-03 11:22:40.274674,,Loan Management System
APP00003590,CUST00004901,,2015-06-28,5920239.63,Rejected,2026-08-03 11:22:40.274674,,Loan Management System
APP00003591,CUST00000728,LN00001906,2018-10-21,787423.43,Approved,2026-08-03 11:22:40.274674,,Loan Management System
APP00003592,CUST00000945,LN00000918,2015-09-23,588449.67,Approved,2026-08-03 11:22:40.274674,,Loan Management System
APP00003593,CUST00001218,LN00002270,2022-09-06,1063225.12,Approved,2026-08-03 11:22:40.274674,,Loan Management System
APP00003594,CUST00002845,LN00001427,2019-04-28,1178646.98,Approved,2026-08-03 11:22:40.275679,,Loan Management System
APP00003595,CUST00001799,LN00000934,2024-08-13,2356692.22,Approved,2026-08-03 11:22:40.275679,,Loan Management System
APP00003596,CUST00003700,LN00000430,2020-05-03,2181399.36,Approved,2026-08-03 11:22:40.275679,,Loan Management System
APP00003597,CUST00001209,LN00001285,2019-07-15,4290483.14,Approved,2026-08-03 11:22:40.275679,,Loan Management System
APP00003598,CUST00003262,LN00002193,2016-09-24,12182485.38,Approved,2026-08-03 11:22:40.275679,,Loan Management System
APP00003599,CUST00003612,LN00001949,2020-02-13,8111689.97,Approved,2026-08-03 11:22:40.275679,,Loan Management System
APP00003600,CUST00000650,LN00002079,2021-01-17,2543679.84,Approved,2026-08-03 11:22:40.275679,,Loan Management System
APP00003601,CUST00004122,LN00000396,2024-03-16,1615947.74,Approved,2026-08-03 11:22:40.275679,,Loan Management System
APP00003602,CUST00000645,LN00000528,2020-09-21,1708518.03,Approved,2026-08-03 11:22:40.275679,,Loan Management System
APP00003603,CUST00001985,LN00002420,2017-06-10,7878123.5,Approved,2026-08-03 11:22:40.275679,,Loan Management System
APP00003604,CUST00001322,LN00001012,2021-08-27,280163.77,Approved,2026-08-03 11:22:40.275679,,Loan Management System
APP00003605,CUST00003813,,2026-07-03,2209441.23,Rejected,2026-08-03 11:22:40.275679,,Loan Management System
APP00003606,CUST00004358,LN00001318,2013-01-21,880542.66,Approved,2026-08-03 11:22:40.275679,,Loan Management System
APP00003607,CUST00001383,,2018-07-16,2500766.45,Rejected,2026-08-03 11:22:40.275679,,Loan Management System
APP00003608,CUST00003909,LN00000551,2021-01-03,8708798.15,Approved,2026-08-03 11:22:40.275679,,Loan Management System
APP00003609,CUST00002913,LN00000316,2017-06-30,8756500.47,Approved,2026-08-03 11:22:40.275679,,Loan Management System
APP00003610,CUST00002368,,2011-09-05,391571.52,Rejected,2026-08-03 11:22:40.276673,,Loan Management System
APP00003611,CUST00000649,LN00001463,2013-02-13,1963915.57,Approved,2026-08-03 11:22:40.276673,,Loan Management System
APP00003612,CUST00001535,LN00002214,2024-02-21,1176336.53,Approved,2026-08-03 11:22:40.276673,,Loan Management System
APP00003613,CUST00003903,LN00001312,2018-05-15,3326986.9,Approved,2026-08-03 11:22:40.276673,,Loan Management System
APP00003614,CUST00000351,,2013-08-04,1331660.03,Pending,2026-08-03 11:22:40.276673,,Loan Management System
APP00003615,CUST00003364,LN00000962,2013-04-18,1764472.99,Approved,2026-08-03 11:22:40.276673,,Loan Management System
APP00003616,CUST00000506,LN00001494,2019-09-21,704104.42,Approved,2026-08-03 11:22:40.276673,,Loan Management System
APP00003617,CUST00000574,,2017-12-19,1333797.79,Rejected,2026-08-03 11:22:40.276673,,Loan Management System
APP00003618,CUST00000722,LN00001517,2016-07-24,852913.39,Approved,2026-08-03 11:22:40.276673,,Loan Management System
APP00003619,CUST00002973,LN00001767,2013-01-21,635333.17,Approved,2026-08-03 11:22:40.276673,,Loan Management System
APP00003620,CUST00000540,,2018-07-17,5971075.46,Pending,2026-08-03 11:22:40.277662,,Loan Management System
APP00003621,CUST00001294,LN00001080,2020-11-16,18648821.44,Approved,2026-08-03 11:22:40.277662,,Loan Management System
APP00003622,CUST00003668,LN00001491,2022-02-11,573611.0,Approved,2026-08-03 11:22:40.277662,,Loan Management System
APP00003623,CUST00004716,LN00001072,2021-05-09,3134552.11,Approved,2026-08-03 11:22:40.277662,,Loan Management System
APP00003624,CUST00002697,LN00001586,2011-11-27,1095706.14,Approved,2026-08-03 11:22:40.277662,,Loan Management System
APP00003625,CUST00001809,LN00002358,2019-02-16,14047496.13,Approved,2026-08-03 11:22:40.277662,,Loan Management System
APP00003626,CUST00004967,,2015-11-26,11045344.78,Rejected,2026-08-03 11:22:40.277662,,Loan Management System
APP00003627,CUST00001089,LN00001637,2017-01-16,282651.17,Approved,2026-08-03 11:22:40.277662,,Loan Management System
APP00003628,CUST00000868,,2026-02-17,2105334.51,Rejected,2026-08-03 11:22:40.277662,,Loan Management System
APP00003629,CUST00001779,LN00002125,2026-05-16,988831.64,Approved,2026-08-03 11:22:40.277662,,Loan Management System
APP00003630,CUST00004133,LN00002441,2013-11-15,3758928.39,Approved,2026-08-03 11:22:40.277662,,Loan Management System
APP00003631,CUST00004749,LN00002476,2025-01-26,7514237.71,Approved,2026-08-03 11:22:40.277662,,Loan Management System
APP00003632,CUST00000180,,2017-10-22,1577289.1,Cancelled,2026-08-03 11:22:40.278662,,Loan Management System
APP00003633,CUST00003329,LN00000788,2015-12-28,1878652.42,Approved,2026-08-03 11:22:40.278662,,Loan Management System
APP00003634,CUST00004243,LN00002327,2024-08-08,829319.01,Approved,2026-08-03 11:22:40.278662,,Loan Management System
APP00003635,CUST00004996,LN00002258,2022-07-15,70742.71,Approved,2026-08-03 11:22:40.278662,,Loan Management System
APP00003636,CUST00000494,LN00002279,2017-06-03,356824.89,Approved,2026-08-03 11:22:40.278662,,Loan Management System
APP00003637,CUST00000826,,2018-08-13,1210491.97,Cancelled,2026-08-03 11:22:40.278662,,Loan Management System
APP00003638,CUST00000810,,2020-12-23,910832.84,Pending,2026-08-03 11:22:40.278662,,Loan Management System
APP00003639,CUST00003401,LN00001698,2011-12-29,7121834.08,Approved,2026-08-03 11:22:40.278662,,Loan Management System
APP00003640,CUST00003488,,2019-10-17,1516502.42,Rejected,2026-08-03 11:22:40.278662,,Loan Management System
APP00003641,CUST00002716,LN00001798,2016-03-08,3860378.07,Approved,2026-08-03 11:22:40.278662,,Loan Management System
APP00003642,CUST00001114,LN00001980,2025-08-16,2705635.03,Approved,2026-08-03 11:22:40.278662,,Loan Management System
APP00003643,CUST00001440,LN00000086,2026-04-23,950487.63,Approved,2026-08-03 11:22:40.278662,,Loan Management System
APP00003644,CUST00003470,LN00000999,2024-01-18,640061.05,Approved,2026-08-03 11:22:40.278662,,Loan Management System
APP00003645,CUST00000216,LN00001216,2019-04-11,10618696.32,Approved,2026-08-03 11:22:40.279668,,Loan Management System
APP00003646,CUST00002243,LN00000051,2013-01-25,5781511.71,Approved,2026-08-03 11:22:40.279668,,Loan Management System
APP00003647,CUST00000781,LN00000596,2015-04-17,1024056.69,Approved,2026-08-03 11:22:40.279668,,Loan Management System
APP00003648,CUST00003196,,2021-05-31,2073111.71,Rejected,2026-08-03 11:22:40.279668,,Loan Management System
APP00003649,CUST00003762,,2017-06-11,1613293.48,Pending,2026-08-03 11:22:40.279668,,Loan Management System
APP00003650,CUST00000297,,2024-10-03,1214634.63,Rejected,2026-08-03 11:22:40.279668,,Loan Management System
APP00003651,CUST00001725,LN00002483,2021-09-03,286226.86,Approved,2026-08-03 11:22:40.279668,,Loan Management System
APP00003652,CUST00001264,LN00002491,2013-11-24,2755046.56,Approved,2026-08-03 11:22:40.279668,,Loan Management System
APP00003653,CUST00002419,LN00000926,2019-07-04,2214987.79,Approved,2026-08-03 11:22:40.279668,,Loan Management System
APP00003654,CUST00004839,LN00001005,2020-08-19,902487.0,Approved,2026-08-03 11:22:40.279668,,Loan Management System
APP00003655,CUST00001924,LN00000897,2016-04-10,929486.71,Approved,2026-08-03 11:22:40.279668,,Loan Management System
APP00003656,CUST00001561,LN00000920,2025-09-26,2058371.92,Approved,2026-08-03 11:22:40.279668,,Loan Management System
APP00003657,CUST00004716,,2013-04-17,776875.71,Rejected,2026-08-03 11:22:40.280668,,Loan Management System
APP00003658,CUST00001273,,2015-03-27,2804798.87,Rejected,2026-08-03 11:22:40.280668,,Loan Management System
APP00003659,CUST00003070,LN00002026,2023-01-07,5166107.73,Approved,2026-08-03 11:22:40.280668,,Loan Management System
APP00003660,CUST00002631,LN00000108,2023-12-05,1185809.93,Approved,2026-08-03 11:22:40.280668,,Loan Management System
APP00003661,CUST00002279,LN00001122,2016-03-05,15351805.74,Approved,2026-08-03 11:22:40.280668,,Loan Management System
APP00003662,CUST00001079,LN00000635,2014-10-19,4047699.16,Approved,2026-08-03 11:22:40.280668,,Loan Management System
APP00003663,CUST00002229,,2022-01-12,1192077.06,Cancelled,2026-08-03 11:22:40.280668,,Loan Management System
APP00003664,CUST00002663,LN00002245,2014-02-20,17083896.56,Approved,2026-08-03 11:22:40.280668,,Loan Management System
APP00003665,CUST00000281,LN00001008,2019-05-15,1279903.34,Approved,2026-08-03 11:22:40.280668,,Loan Management System
APP00003666,CUST00004762,,2018-03-16,2249524.89,Rejected,2026-08-03 11:22:40.280668,,Loan Management System
APP00003667,CUST00003502,LN00000168,2014-02-23,1172466.9,Approved,2026-08-03 11:22:40.280668,,Loan Management System
APP00003668,CUST00002589,LN00001813,2024-11-17,202807.7,Approved,2026-08-03 11:22:40.280668,,Loan Management System
APP00003669,CUST00002964,,2025-08-04,1431939.22,Rejected,2026-08-03 11:22:40.280668,,Loan Management System
APP00003670,CUST00002552,,2014-01-22,555539.44,Rejected,2026-08-03 11:22:40.282255,,Loan Management System
APP00003671,CUST00001873,LN00000921,2011-11-21,2083821.84,Approved,2026-08-03 11:22:40.282255,,Loan Management System
APP00003672,CUST00001012,LN00001327,2025-08-11,103261.22,Approved,2026-08-03 11:22:40.282255,,Loan Management System
APP00003673,CUST00002251,LN00000337,2020-08-27,2431480.59,Approved,2026-08-03 11:22:40.282255,,Loan Management System
APP00003674,CUST00000552,,2013-01-31,325194.94,Rejected,2026-08-03 11:22:40.282255,,Loan Management System
APP00003675,CUST00004287,LN00002336,2024-06-21,719239.37,Approved,2026-08-03 11:22:40.282255,,Loan Management System
APP00003676,CUST00003801,LN00001204,2019-02-27,10135866.33,Approved,2026-08-03 11:22:40.282255,,Loan Management System
APP00003677,CUST00003485,LN00000425,2012-11-14,2250405.31,Approved,2026-08-03 11:22:40.282255,,Loan Management System
APP00003678,CUST00000200,LN00001578,2015-07-21,884097.43,Approved,2026-08-03 11:22:40.282255,,Loan Management System
APP00003679,CUST00002124,,2012-12-12,7649156.06,Rejected,2026-08-03 11:22:40.282255,,Loan Management System
APP00003680,CUST00004001,,2021-12-12,1988365.03,Rejected,2026-08-03 11:22:40.282255,,Loan Management System
APP00003681,CUST00000232,,2012-03-24,630864.7,Rejected,2026-08-03 11:22:40.283365,,Loan Management System
APP00003682,CUST00003696,,2023-11-29,3580843.8,Cancelled,2026-08-03 11:22:40.283365,,Loan Management System
APP00003683,CUST00001318,,2018-02-15,12233939.51,Rejected,2026-08-03 11:22:40.283365,,Loan Management System
APP00003684,CUST00003862,,2018-05-27,12957967.26,Rejected,2026-08-03 11:22:40.283365,,Loan Management System
APP00003685,CUST00002664,,2022-01-12,2509849.67,Rejected,2026-08-03 11:22:40.283365,,Loan Management System
APP00003686,CUST00002248,LN00000545,2023-03-02,1426318.79,Approved,2026-08-03 11:22:40.284349,,Loan Management System
APP00003687,CUST00003497,LN00001626,2012-03-01,2671822.79,Approved,2026-08-03 11:22:40.284349,,Loan Management System
APP00003688,CUST00003937,LN00001450,2022-09-01,4747272.95,Approved,2026-08-03 11:22:40.284349,,Loan Management System
APP00003689,CUST00004263,LN00002183,2018-12-14,17678967.31,Approved,2026-08-03 11:22:40.284349,,Loan Management System
APP00003690,CUST00004028,LN00001394,2013-10-15,1208944.02,Approved,2026-08-03 11:22:40.284349,,Loan Management System
APP00003691,CUST00002614,LN00000598,2022-10-11,292744.51,Approved,2026-08-03 11:22:40.284349,,Loan Management System
APP00003692,CUST00002661,,2019-01-20,1238134.02,Pending,2026-08-03 11:22:40.284349,,Loan Management System
APP00003693,CUST00004415,LN00001079,2024-02-12,10323343.71,Approved,2026-08-03 11:22:40.284349,,Loan Management System
APP00003694,CUST00001547,,2015-01-07,1130739.72,Cancelled,2026-08-03 11:22:40.284349,,Loan Management System
APP00003695,CUST00000239,LN00001658,2026-05-13,1723354.08,Approved,2026-08-03 11:22:40.284349,,Loan Management System
APP00003696,CUST00004875,LN00002445,2019-07-13,5597636.67,Approved,2026-08-03 11:22:40.284349,,Loan Management System
APP00003697,CUST00000005,LN00000383,2020-12-03,818612.52,Approved,2026-08-03 11:22:40.284349,,Loan Management System
APP00003698,CUST00003900,,2012-02-27,1830418.07,Rejected,2026-08-03 11:22:40.285360,,Loan Management System
APP00003699,CUST00003208,LN00000814,2018-02-03,2039283.12,Approved,2026-08-03 11:22:40.285360,,Loan Management System
APP00003700,CUST00004465,,2020-04-09,18245234.82,Rejected,2026-08-03 11:22:40.285360,,Loan Management System
APP00003701,CUST00002780,LN00000312,2013-03-02,1119087.83,Approved,2026-08-03 11:22:40.285360,,Loan Management System
APP00003702,CUST00003103,LN00001631,2021-05-04,399643.3,Approved,2026-08-03 11:22:40.285360,,Loan Management System
APP00003703,CUST00004525,,2022-01-19,540733.83,Cancelled,2026-08-03 11:22:40.285360,,Loan Management System
APP00003704,CUST00001282,,2014-06-21,16682394.12,Pending,2026-08-03 11:22:40.285360,,Loan Management System
APP00003705,CUST00003788,LN00000729,2025-11-19,1915760.09,Approved,2026-08-03 11:22:40.285360,,Loan Management System
APP00003706,CUST00004934,LN00002450,2023-07-08,2679468.61,Approved,2026-08-03 11:22:40.285360,,Loan Management System
APP00003707,CUST00002021,LN00002294,2017-01-28,1294688.89,Approved,2026-08-03 11:22:40.285360,,Loan Management System
APP00003708,CUST00002551,LN00001214,2023-05-19,2147504.91,Approved,2026-08-03 11:22:40.285360,,Loan Management System
APP00003709,CUST00001762,LN00002296,2013-08-20,7109579.9,Approved,2026-08-03 11:22:40.286349,,Loan Management System
APP00003710,CUST00002498,LN00002074,2017-11-28,665699.61,Approved,2026-08-03 11:22:40.286349,,Loan Management System
APP00003711,CUST00004675,LN00001272,2026-02-19,2399805.97,Approved,2026-08-03 11:22:40.286349,,Loan Management System
APP00003712,CUST00004898,LN00002384,2020-06-30,1302784.29,Approved,2026-08-03 11:22:40.286349,,Loan Management System
APP00003713,CUST00004044,LN00000778,2020-02-07,10132137.5,Approved,2026-08-03 11:22:40.286349,,Loan Management System
APP00003714,CUST00002347,,2022-12-24,1016583.48,Rejected,2026-08-03 11:22:40.286349,,Loan Management System
APP00003715,CUST00002199,LN00000457,2016-01-12,1297378.3,Approved,2026-08-03 11:22:40.286349,,Loan Management System
APP00003716,CUST00003222,LN00000066,2012-11-12,2710274.98,Approved,2026-08-03 11:22:40.286349,,Loan Management System
APP00003717,CUST00002591,LN00001323,2024-09-17,19833646.14,Approved,2026-08-03 11:22:40.286349,,Loan Management System
APP00003718,CUST00003881,LN00000691,2021-05-03,4546110.0,Approved,2026-08-03 11:22:40.286349,,Loan Management System
APP00003719,CUST00003933,LN00000653,2022-11-09,2070312.88,Approved,2026-08-03 11:22:40.286349,,Loan Management System
APP00003720,CUST00004537,LN00001481,2022-06-23,1069425.75,Approved,2026-08-03 11:22:40.286349,,Loan Management System
APP00003721,CUST00000298,,2024-02-15,2740639.13,Rejected,2026-08-03 11:22:40.286349,,Loan Management System
APP00003722,CUST00003267,,2023-07-23,3698366.03,Pending,2026-08-03 11:22:40.287349,,Loan Management System
APP00003723,CUST00002618,,2012-10-02,161537.73,Rejected,2026-08-03 11:22:40.287349,,Loan Management System
APP00003724,CUST00001092,LN00001794,2013-12-12,1788179.11,Approved,2026-08-03 11:22:40.287349,,Loan Management System
APP00003725,CUST00003072,LN00001381,2018-08-19,2227632.49,Approved,2026-08-03 11:22:40.287349,,Loan Management System
APP00003726,CUST00004419,,2016-06-04,2665302.51,Rejected,2026-08-03 11:22:40.287349,,Loan Management System
APP00003727,CUST00000911,,2023-12-10,2069409.72,Rejected,2026-08-03 11:22:40.287349,,Loan Management System
APP00003728,CUST00000410,LN00001437,2024-10-05,3675851.82,Approved,2026-08-03 11:22:40.287349,,Loan Management System
APP00003729,CUST00000706,LN00001989,2017-05-09,1268457.75,Approved,2026-08-03 11:22:40.287349,,Loan Management System
APP00003730,CUST00004175,LN00001085,2016-02-14,948203.67,Approved,2026-08-03 11:22:40.287349,,Loan Management System
APP00003731,CUST00002613,,2017-07-01,272325.27,Rejected,2026-08-03 11:22:40.288351,,Loan Management System
APP00003732,CUST00001753,,2025-06-17,16302115.55,Cancelled,2026-08-03 11:22:40.288351,,Loan Management System
APP00003733,CUST00004347,,2016-04-16,8398827.84,Rejected,2026-08-03 11:22:40.288351,,Loan Management System
APP00003734,CUST00004987,LN00000829,2018-08-15,1672593.45,Approved,2026-08-03 11:22:40.288351,,Loan Management System
APP00003735,CUST00004273,,2021-11-25,8213123.67,Cancelled,2026-08-03 11:22:40.288351,,Loan Management System
APP00003736,CUST00001861,LN00001568,2023-03-19,2211560.46,Approved,2026-08-03 11:22:40.288351,,Loan Management System
APP00003737,CUST00004345,LN00000763,2013-08-09,1384540.47,Approved,2026-08-03 11:22:40.288351,,Loan Management System
APP00003738,CUST00004396,,2018-06-17,1623378.88,Pending,2026-08-03 11:22:40.289349,,Loan Management System
APP00003739,CUST00004730,LN00002037,2015-03-30,1595428.7,Approved,2026-08-03 11:22:40.289349,,Loan Management System
APP00003740,CUST00003519,LN00001282,2024-05-26,21119834.24,Approved,2026-08-03 11:22:40.289349,,Loan Management System
APP00003741,CUST00001734,LN00001664,2013-11-18,1715149.91,Approved,2026-08-03 11:22:40.289349,,Loan Management System
APP00003742,CUST00004997,LN00000371,2017-11-28,1525389.37,Approved,2026-08-03 11:22:40.289349,,Loan Management System
APP00003743,CUST00004801,,2018-07-06,1798478.81,Cancelled,2026-08-03 11:22:40.289349,,Loan Management System
APP00003744,CUST00002594,,2020-03-13,1496203.74,Pending,2026-08-03 11:22:40.289349,,Loan Management System
APP00003745,CUST00000084,,2013-05-25,452933.02,Rejected,2026-08-03 11:22:40.289349,,Loan Management System
APP00003746,CUST00002330,,2021-02-02,1777059.14,Rejected,2026-08-03 11:22:40.290354,,Loan Management System
APP00003747,CUST00000984,,2012-10-25,243777.29,Rejected,2026-08-03 11:22:40.290354,,Loan Management System
APP00003748,CUST00003974,LN00000415,2026-03-21,4460200.52,Approved,2026-08-03 11:22:40.290354,,Loan Management System
APP00003749,CUST00002230,LN00001253,2018-05-06,4072784.76,Approved,2026-08-03 11:22:40.290354,,Loan Management System
APP00003750,CUST00003591,,2017-05-15,1101537.14,Pending,2026-08-03 11:22:40.290354,,Loan Management System
APP00003751,CUST00002050,,2013-07-30,4803790.54,Cancelled,2026-08-03 11:22:40.290354,,Loan Management System
APP00003752,CUST00000853,LN00001297,2019-07-20,101101.94,Approved,2026-08-03 11:22:40.290354,,Loan Management System
APP00003753,CUST00003556,,2015-12-21,5006353.35,Rejected,2026-08-03 11:22:40.291351,,Loan Management System
APP00003754,CUST00003087,LN00000933,2015-12-03,2576370.76,Approved,2026-08-03 11:22:40.291351,,Loan Management System
APP00003755,CUST00000204,LN00002205,2013-02-07,7311821.69,Approved,2026-08-03 11:22:40.291351,,Loan Management System
APP00003756,CUST00002679,,2015-11-04,3106304.23,Rejected,2026-08-03 11:22:40.291351,,Loan Management System
APP00003757,CUST00002423,,2023-05-25,356368.69,Pending,2026-08-03 11:22:40.291351,,Loan Management System
APP00003758,CUST00001364,,2019-02-13,375467.91,Rejected,2026-08-03 11:22:40.291351,,Loan Management System
APP00003759,CUST00004405,LN00001441,2024-03-10,1143224.49,Approved,2026-08-03 11:22:40.291351,,Loan Management System
APP00003760,CUST00004227,LN00001368,2025-11-18,2710122.86,Approved,2026-08-03 11:22:40.291351,,Loan Management System
APP00003761,CUST00002521,LN00000365,2019-09-26,4067341.06,Approved,2026-08-03 11:22:40.292349,,Loan Management System
APP00003762,CUST00001631,,2024-09-07,5721061.98,Rejected,2026-08-03 11:22:40.292349,,Loan Management System
APP00003763,CUST00001491,LN00002048,2019-10-05,1614736.72,Approved,2026-08-03 11:22:40.292349,,Loan Management System
APP00003764,CUST00002577,LN00000705,2014-05-24,2162766.61,Approved,2026-08-03 11:22:40.292349,,Loan Management System
APP00003765,CUST00004663,LN00001428,2017-01-05,5629210.71,Approved,2026-08-03 11:22:40.292349,,Loan Management System
APP00003766,CUST00003099,,2023-03-08,968945.66,Rejected,2026-08-03 11:22:40.292349,,Loan Management System
APP00003767,CUST00004034,LN00001644,2020-09-18,715413.38,Approved,2026-08-03 11:22:40.292941,,Loan Management System
APP00003768,CUST00003338,LN00001319,2016-12-03,748083.84,Approved,2026-08-03 11:22:40.292941,,Loan Management System
APP00003769,CUST00004339,LN00002242,2020-05-04,20493979.11,Approved,2026-08-03 11:22:40.292941,,Loan Management System
APP00003770,CUST00001492,LN00002288,2012-12-26,3832767.79,Approved,2026-08-03 11:22:40.292941,,Loan Management System
APP00003771,CUST00002115,,2013-07-25,1901996.67,Rejected,2026-08-03 11:22:40.292941,,Loan Management System
APP00003772,CUST00000123,,2015-12-22,6805839.26,Pending,2026-08-03 11:22:40.292941,,Loan Management System
APP00003773,CUST00000767,,2012-09-25,2008914.5,Cancelled,2026-08-03 11:22:40.292941,,Loan Management System
APP00003774,CUST00000744,LN00000858,2018-12-08,680867.05,Approved,2026-08-03 11:22:40.292941,,Loan Management System
APP00003775,CUST00002990,,2022-05-14,2382565.15,Cancelled,2026-08-03 11:22:40.292941,,Loan Management System
APP00003776,CUST00001644,,2025-01-01,2650013.53,Rejected,2026-08-03 11:22:40.294030,,Loan Management System
APP00003777,CUST00001966,LN00000658,2025-11-26,551787.05,Approved,2026-08-03 11:22:40.294030,,Loan Management System
APP00003778,CUST00002840,LN00001078,2018-09-19,1277273.36,Approved,2026-08-03 11:22:40.294030,,Loan Management System
APP00003779,CUST00002684,LN00001877,2016-07-08,3343515.32,Approved,2026-08-03 11:22:40.294030,,Loan Management System
APP00003780,CUST00003295,,2018-08-08,145851.79,Rejected,2026-08-03 11:22:40.294030,,Loan Management System
APP00003781,CUST00002706,,2017-08-05,1258317.52,Rejected,2026-08-03 11:22:40.294030,,Loan Management System
APP00003782,CUST00000501,,2020-05-16,4051017.96,Rejected,2026-08-03 11:22:40.295035,,Loan Management System
APP00003783,CUST00002753,LN00001330,2026-05-09,8816829.75,Approved,2026-08-03 11:22:40.295035,,Loan Management System
APP00003784,CUST00000026,LN00000196,2014-02-11,3268530.11,Approved,2026-08-03 11:22:40.295035,,Loan Management System
APP00003785,CUST00003505,LN00001827,2024-03-05,2001676.49,Approved,2026-08-03 11:22:40.295035,,Loan Management System
APP00003786,CUST00002556,LN00001134,2026-05-01,769281.22,Approved,2026-08-03 11:22:40.295035,,Loan Management System
APP00003787,CUST00004317,LN00001019,2016-03-28,1234264.22,Approved,2026-08-03 11:22:40.295035,,Loan Management System
APP00003788,CUST00003931,LN00001444,2025-03-31,86961.65,Approved,2026-08-03 11:22:40.295035,,Loan Management System
APP00003789,CUST00003499,LN00001410,2016-08-07,2846133.12,Approved,2026-08-03 11:22:40.295035,,Loan Management System
APP00003790,CUST00001990,LN00001469,2018-06-26,3673534.76,Approved,2026-08-03 11:22:40.295035,,Loan Management System
APP00003791,CUST00003747,LN00001039,2017-03-24,2270090.27,Approved,2026-08-03 11:22:40.295035,,Loan Management System
APP00003792,CUST00004573,LN00001871,2020-11-22,393790.13,Approved,2026-08-03 11:22:40.295035,,Loan Management System
APP00003793,CUST00003700,,2014-08-16,16185627.69,Pending,2026-08-03 11:22:40.295035,,Loan Management System
APP00003794,CUST00004249,LN00000117,2015-04-15,493112.7,Approved,2026-08-03 11:22:40.295035,,Loan Management System
APP00003795,CUST00002307,LN00001689,2021-06-12,1060799.92,Approved,2026-08-03 11:22:40.295035,,Loan Management System
APP00003796,CUST00001908,,2017-08-07,3464188.56,Cancelled,2026-08-03 11:22:40.295035,,Loan Management System
APP00003797,CUST00000592,LN00001198,2014-06-08,3247592.62,Approved,2026-08-03 11:22:40.295035,,Loan Management System
APP00003798,CUST00002115,,2021-05-06,840751.89,Rejected,2026-08-03 11:22:40.296039,,Loan Management System
APP00003799,CUST00002539,LN00000405,2014-03-05,9400275.49,Approved,2026-08-03 11:22:40.296039,,Loan Management System
APP00003800,CUST00003330,LN00001348,2013-09-11,5111483.87,Approved,2026-08-03 11:22:40.296039,,Loan Management System
APP00003801,CUST00004607,,2024-04-12,2013516.7,Pending,2026-08-03 11:22:40.296039,,Loan Management System
APP00003802,CUST00000896,LN00000099,2016-01-03,3984530.49,Approved,2026-08-03 11:22:40.296039,,Loan Management System
APP00003803,CUST00003368,LN00000741,2018-05-08,1020498.38,Approved,2026-08-03 11:22:40.296039,,Loan Management System
APP00003804,CUST00000278,LN00002323,2025-11-02,939701.97,Approved,2026-08-03 11:22:40.296039,,Loan Management System
APP00003805,CUST00000254,LN00000885,2019-05-02,265012.56,Approved,2026-08-03 11:22:40.296039,,Loan Management System
APP00003806,CUST00000003,,2024-02-05,1381091.92,Pending,2026-08-03 11:22:40.296039,,Loan Management System
APP00003807,CUST00003674,,2015-09-15,1302401.03,Rejected,2026-08-03 11:22:40.296956,,Loan Management System
APP00003808,CUST00004283,,2026-06-08,514858.43,Rejected,2026-08-03 11:22:40.296956,,Loan Management System
APP00003809,CUST00001380,,2016-02-07,203452.45,Rejected,2026-08-03 11:22:40.296956,,Loan Management System
APP00003810,CUST00004613,,2015-02-07,1074756.69,Rejected,2026-08-03 11:22:40.297953,,Loan Management System
APP00003811,CUST00004796,LN00000106,2014-05-23,869289.8,Approved,2026-08-03 11:22:40.297953,,Loan Management System
APP00003812,CUST00003081,,2015-01-13,128633.26,Pending,2026-08-03 11:22:40.297953,,Loan Management System
APP00003813,CUST00003046,,2025-10-16,3509687.03,Cancelled,2026-08-03 11:22:40.297953,,Loan Management System
APP00003814,CUST00002563,,2015-11-01,2357392.75,Cancelled,2026-08-03 11:22:40.297953,,Loan Management System
APP00003815,CUST00002452,,2025-10-24,6915161.13,Rejected,2026-08-03 11:22:40.298953,,Loan Management System
APP00003816,CUST00000478,,2022-02-09,293889.53,Rejected,2026-08-03 11:22:40.298953,,Loan Management System
APP00003817,CUST00000840,,2017-08-23,3248122.94,Rejected,2026-08-03 11:22:40.298953,,Loan Management System
APP00003818,CUST00003629,LN00001769,2015-01-27,434291.7,Approved,2026-08-03 11:22:40.298953,,Loan Management System
APP00003819,CUST00000318,LN00001634,2013-09-06,340485.35,Approved,2026-08-03 11:22:40.298953,,Loan Management System
APP00003820,CUST00002574,,2013-08-16,2267898.96,Pending,2026-08-03 11:22:40.298953,,Loan Management System
APP00003821,CUST00004584,LN00000153,2018-09-23,10600670.51,Approved,2026-08-03 11:22:40.298953,,Loan Management System
APP00003822,CUST00002470,,2023-01-31,1755218.06,Cancelled,2026-08-03 11:22:40.299954,,Loan Management System
APP00003823,CUST00002693,LN00002142,2017-07-09,370122.98,Approved,2026-08-03 11:22:40.299954,,Loan Management System
APP00003824,CUST00001064,LN00002349,2014-05-25,5581175.48,Approved,2026-08-03 11:22:40.299954,,Loan Management System
APP00003825,CUST00004023,,2011-09-13,304603.11,Rejected,2026-08-03 11:22:40.299954,,Loan Management System
APP00003826,CUST00001981,,2024-08-02,1310138.39,Cancelled,2026-08-03 11:22:40.299954,,Loan Management System
APP00003827,CUST00004876,LN00001888,2022-08-20,1400062.79,Approved,2026-08-03 11:22:40.299954,,Loan Management System
APP00003828,CUST00001827,LN00001804,2025-01-07,3552539.55,Approved,2026-08-03 11:22:40.299954,,Loan Management System
APP00003829,CUST00004224,LN00001423,2020-12-07,2934765.7,Approved,2026-08-03 11:22:40.299954,,Loan Management System
APP00003830,CUST00002900,,2017-11-25,1544524.33,Cancelled,2026-08-03 11:22:40.300959,,Loan Management System
APP00003831,CUST00000207,,2022-02-22,1581781.99,Pending,2026-08-03 11:22:40.300959,,Loan Management System
APP00003832,CUST00002154,LN00000164,2026-02-26,4522707.04,Approved,2026-08-03 11:22:40.300959,,Loan Management System
APP00003833,CUST00001553,LN00001613,2015-10-24,5961137.36,Approved,2026-08-03 11:22:40.300959,,Loan Management System
APP00003834,CUST00001999,LN00001728,2024-03-19,938543.36,Approved,2026-08-03 11:22:40.300959,,Loan Management System
APP00003835,CUST00004069,LN00002474,2018-08-18,4967407.96,Approved,2026-08-03 11:22:40.300959,,Loan Management System
APP00003836,CUST00001839,,2019-12-08,8067767.18,Cancelled,2026-08-03 11:22:40.300959,,Loan Management System
APP00003837,CUST00001960,LN00002377,2018-12-17,1838585.41,Approved,2026-08-03 11:22:40.300959,,Loan Management System
APP00003838,CUST00004406,LN00001478,2022-02-28,2156420.46,Approved,2026-08-03 11:22:40.300959,,Loan Management System
APP00003839,CUST00001424,LN00000978,2022-09-30,327418.58,Approved,2026-08-03 11:22:40.300959,,Loan Management System
APP00003840,CUST00001139,LN00000482,2016-01-08,9674468.12,Approved,2026-08-03 11:22:40.300959,,Loan Management System
APP00003841,CUST00003153,,2015-05-14,2363042.22,Approved,2026-08-03 11:22:40.300959,,Loan Management System
APP00003842,CUST00001487,,2024-05-07,1769967.5,Approved,2026-08-03 11:22:40.302624,,Loan Management System
APP00003843,CUST00003244,,2021-05-25,1834219.53,Pending,2026-08-03 11:22:40.302624,,Loan Management System
APP00003844,CUST00003662,,2013-10-07,438052.9,Approved,2026-08-03 11:22:40.302624,,Loan Management System
APP00003845,CUST00001928,,2012-07-04,2030343.55,Rejected,2026-08-03 11:22:40.302624,,Loan Management System
APP00003846,CUST00001944,,2020-07-12,684034.84,Cancelled,2026-08-03 11:22:40.303645,,Loan Management System
APP00003847,CUST00004597,,2025-03-08,1197044.76,Approved,2026-08-03 11:22:40.303645,,Loan Management System
APP00003848,CUST00003044,,2018-10-14,451255.47,Rejected,2026-08-03 11:22:40.303645,,Loan Management System
APP00003849,CUST00002692,,2019-09-22,1572089.21,Approved,2026-08-03 11:22:40.303645,,Loan Management System
APP00003850,CUST00002565,,2020-10-14,3338472.22,Approved,2026-08-03 11:22:40.304653,,Loan Management System
APP00003851,CUST00002595,,2012-02-21,3678779.27,Approved,2026-08-03 11:22:40.304653,,Loan Management System
APP00003852,CUST00004963,,2020-02-19,3929162.19,Approved,2026-08-03 11:22:40.304653,,Loan Management System
APP00003853,CUST00003675,,2017-06-29,1775617.54,Approved,2026-08-03 11:22:40.304653,,Loan Management System
APP00003854,CUST00002498,,2018-04-14,3079719.36,Pending,2026-08-03 11:22:40.305660,,Loan Management System
APP00003855,CUST00003510,,2026-03-23,586111.32,Approved,2026-08-03 11:22:40.305660,,Loan Management System
APP00003856,CUST00002993,,2023-04-06,1289470.1,Approved,2026-08-03 11:22:40.305660,,Loan Management System
APP00003857,CUST00002257,,2024-10-14,1724307.54,Approved,2026-08-03 11:22:40.305660,,Loan Management System
APP00003858,CUST00003193,,2014-07-24,3152749.48,Approved,2026-08-03 11:22:40.306740,,Loan Management System
APP00003859,CUST00002988,,2019-05-13,636263.69,Approved,2026-08-03 11:22:40.306740,,Loan Management System
APP00003860,CUST00003980,,2013-08-19,645911.08,Approved,2026-08-03 11:22:40.306740,,Loan Management System
APP00003861,CUST00004136,,2023-06-19,2786651.05,Rejected,2026-08-03 11:22:40.306740,,Loan Management System
APP00003862,CUST00003683,,2020-05-27,811507.33,Approved,2026-08-03 11:22:40.306740,,Loan Management System
APP00003863,CUST00004446,,2019-05-31,863729.87,Approved,2026-08-03 11:22:40.307733,,Loan Management System
APP00003864,CUST00003711,,2016-12-15,2316685.04,Approved,2026-08-03 11:22:40.307733,,Loan Management System
APP00003865,CUST00003068,,2023-04-24,2204722.89,Approved,2026-08-03 11:22:40.307733,,Loan Management System
APP00003866,CUST00003097,,2011-09-24,2294225.47,Approved,2026-08-03 11:22:40.307733,,Loan Management System
APP00003867,CUST00001433,,2011-10-15,1322273.11,Approved,2026-08-03 11:22:40.308743,,Loan Management System
APP00003868,CUST00003530,,2023-01-20,2026031.18,Approved,2026-08-03 11:22:40.308743,,Loan Management System
APP00003869,CUST00002438,,2015-03-04,489121.72,Approved,2026-08-03 11:22:40.308743,,Loan Management System
APP00003870,CUST00004505,,2018-01-15,979382.77,Approved,2026-08-03 11:22:40.308743,,Loan Management System
APP00003871,CUST00000450,,2021-06-21,2336679.07,Rejected,2026-08-03 11:22:40.309735,,Loan Management System
APP00003872,CUST00000849,,2013-04-20,1572608.62,Cancelled,2026-08-03 11:22:40.309735,,Loan Management System
APP00003873,CUST00001634,,2017-02-14,960069.66,Rejected,2026-08-03 11:22:40.309735,,Loan Management System
APP00003874,CUST00003231,,2017-09-26,1350308.01,Rejected,2026-08-03 11:22:40.309735,,Loan Management System
APP00003875,CUST00001957,,2022-01-04,1087185.61,Approved,2026-08-03 11:22:40.309735,,Loan Management System
APP00003876,CUST00000290,,2026-04-01,4423108.45,Approved,2026-08-03 11:22:40.310739,,Loan Management System
APP00003877,CUST00002349,,2016-01-02,1357539.77,Approved,2026-08-03 11:22:40.310739,,Loan Management System
APP00003878,CUST00003577,,2014-10-08,2401927.05,Approved,2026-08-03 11:22:40.310739,,Loan Management System
APP00003879,CUST00000289,,2020-12-01,15164989.75,Approved,2026-08-03 11:22:40.310739,,Loan Management System
APP00003880,CUST00004935,,2016-01-22,215980.8,Rejected,2026-08-03 11:22:40.310739,,Loan Management System
APP00003881,CUST00000886,,2015-08-15,1027025.68,Approved,2026-08-03 11:22:40.310739,,Loan Management System
APP00003882,CUST00003830,,2016-03-03,4239688.54,Approved,2026-08-03 11:22:40.310739,,Loan Management System
APP00003883,CUST00000828,,2019-08-09,511917.15,Rejected,2026-08-03 11:22:40.312395,,Loan Management System
APP00003884,CUST00003465,,2022-01-06,2826009.69,Approved,2026-08-03 11:22:40.312395,,Loan Management System
APP00003885,CUST00004737,,2017-06-03,737276.51,Approved,2026-08-03 11:22:40.312395,,Loan Management System
APP00003886,CUST00000476,,2017-10-23,2795420.01,Approved,2026-08-03 11:22:40.312395,,Loan Management System
APP00003887,CUST00000270,,2014-09-18,9458356.07,Rejected,2026-08-03 11:22:40.313441,,Loan Management System
APP00003888,CUST00000695,,2020-01-27,8760439.61,Approved,2026-08-03 11:22:40.313441,,Loan Management System
APP00003889,CUST00004714,,2018-10-19,18124801.17,Approved,2026-08-03 11:22:40.313441,,Loan Management System
APP00003890,CUST00001277,,2015-03-03,610566.36,Pending,2026-08-03 11:22:40.313441,,Loan Management System
APP00003891,CUST00001564,,2018-09-19,220845.71,Approved,2026-08-03 11:22:40.314428,,Loan Management System
APP00003892,CUST00002450,,2023-07-05,1315049.3,Cancelled,2026-08-03 11:22:40.314428,,Loan Management System
APP00003893,CUST00000454,,2024-05-19,2392392.23,Approved,2026-08-03 11:22:40.314428,,Loan Management System
APP00003894,CUST00003867,,2017-12-02,518806.36,Approved,2026-08-03 11:22:40.314428,,Loan Management System
APP00003895,CUST00004924,,2017-10-18,1135564.62,Approved,2026-08-03 11:22:40.314428,,Loan Management System
APP00003896,CUST00002512,,2026-02-13,432008.26,Cancelled,2026-08-03 11:22:40.315427,,Loan Management System
APP00003897,CUST00000825,,2018-05-27,1164523.49,Rejected,2026-08-03 11:22:40.315427,,Loan Management System
APP00003898,CUST00003034,,2016-05-05,916879.48,Approved,2026-08-03 11:22:40.315427,,Loan Management System
APP00003899,CUST00000015,,2019-04-03,2328600.63,Approved,2026-08-03 11:22:40.315427,,Loan Management System
APP00003900,CUST00002068,,2014-08-24,12796878.79,Rejected,2026-08-03 11:22:40.316431,,Loan Management System
APP00003901,CUST00004113,,2021-04-22,623346.83,Approved,2026-08-03 11:22:40.316431,,Loan Management System
APP00003902,CUST00004691,,2013-10-25,17006370.94,Approved,2026-08-03 11:22:40.316431,,Loan Management System
APP00003903,CUST00002356,,2021-05-20,296847.31,Pending,2026-08-03 11:22:40.316431,,Loan Management System
APP00003904,CUST00003038,,2023-04-04,2279831.92,Approved,2026-08-03 11:22:40.317427,,Loan Management System
APP00003905,CUST00002731,,2015-06-23,9473209.41,Approved,2026-08-03 11:22:40.317427,,Loan Management System
APP00003906,CUST00002074,,2025-06-09,3959340.48,Approved,2026-08-03 11:22:40.317427,,Loan Management System
APP00003907,CUST00004200,,2013-04-14,2225291.81,Pending,2026-08-03 11:22:40.317427,,Loan Management System
APP00003908,CUST00004600,,2023-11-06,817886.19,Approved,2026-08-03 11:22:40.317427,,Loan Management System
APP00003909,CUST00003781,,2016-03-06,9581359.32,Approved,2026-08-03 11:22:40.318443,,Loan Management System
APP00003910,CUST00002307,,2025-04-07,2398748.27,Approved,2026-08-03 11:22:40.318443,,Loan Management System
APP00003911,CUST00002527,,2015-08-07,4312845.01,Approved,2026-08-03 11:22:40.318443,,Loan Management System
APP00003912,CUST00004621,,2021-01-12,12231823.15,Approved,2026-08-03 11:22:40.318443,,Loan Management System
APP00003913,CUST00001101,,2018-12-09,7733476.79,Rejected,2026-08-03 11:22:40.319439,,Loan Management System
APP00003914,CUST00001504,,2026-02-25,385854.52,Approved,2026-08-03 11:22:40.319439,,Loan Management System
APP00003915,CUST00000221,,2018-01-24,740545.16,Cancelled,2026-08-03 11:22:40.319439,,Loan Management System
APP00003916,CUST00003644,,2014-12-03,2661486.7,Approved,2026-08-03 11:22:40.319439,,Loan Management System
APP00003917,CUST00000117,,2014-01-25,702239.11,Approved,2026-08-03 11:22:40.320438,,Loan Management System
APP00003918,CUST00003353,,2025-03-13,327653.33,Rejected,2026-08-03 11:22:40.320438,,Loan Management System
APP00003919,CUST00002315,,2024-02-25,681622.94,Approved,2026-08-03 11:22:40.320438,,Loan Management System
APP00003920,CUST00000456,,2014-02-17,8717264.63,Approved,2026-08-03 11:22:40.320438,,Loan Management System
APP00003921,CUST00004007,,2019-08-20,104660.99,Approved,2026-08-03 11:22:40.320438,,Loan Management System
APP00003922,CUST00001102,,2025-04-17,2277247.49,Cancelled,2026-08-03 11:22:40.321425,,Loan Management System
APP00003923,CUST00004896,,2011-10-02,1819357.34,Approved,2026-08-03 11:22:40.321425,,Loan Management System
APP00003924,CUST00001355,,2014-08-04,1652793.7,Approved,2026-08-03 11:22:40.321425,,Loan Management System
APP00003925,CUST00001406,,2018-10-04,8559997.4,Rejected,2026-08-03 11:22:40.321425,,Loan Management System
APP00003926,CUST00001664,,2020-02-01,1345766.47,Approved,2026-08-03 11:22:40.322440,,Loan Management System
APP00003927,CUST00003674,,2013-11-15,11455514.25,Pending,2026-08-03 11:22:40.322440,,Loan Management System
APP00003928,CUST00002359,,2026-01-13,3710735.49,Rejected,2026-08-03 11:22:40.322440,,Loan Management System
APP00003929,CUST00001730,,2022-04-25,19985410.06,Approved,2026-08-03 11:22:40.323032,,Loan Management System
APP00003930,CUST00002599,,2020-05-19,8823624.69,Rejected,2026-08-03 11:22:40.323032,,Loan Management System
APP00003931,CUST00004043,,2020-09-02,473368.2,Approved,2026-08-03 11:22:40.323032,,Loan Management System
APP00003932,CUST00002605,,2023-11-05,423834.59,Approved,2026-08-03 11:22:40.323032,,Loan Management System
APP00003933,CUST00001187,,2016-12-15,1046617.56,Rejected,2026-08-03 11:22:40.324123,,Loan Management System
APP00003934,CUST00001614,,2024-12-11,1494799.07,Approved,2026-08-03 11:22:40.324123,,Loan Management System
APP00003935,CUST00004503,,2019-11-12,158296.34,Approved,2026-08-03 11:22:40.324123,,Loan Management System
APP00003936,CUST00003930,,2016-09-09,2305349.66,Pending,2026-08-03 11:22:40.324123,,Loan Management System
APP00003937,CUST00003112,,2015-11-09,3365600.39,Approved,2026-08-03 11:22:40.324123,,Loan Management System
APP00003938,CUST00002260,,2021-02-24,2451384.55,Rejected,2026-08-03 11:22:40.325115,,Loan Management System
APP00003939,CUST00003766,,2026-03-11,1258456.07,Approved,2026-08-03 11:22:40.325115,,Loan Management System
APP00003940,CUST00004589,,2021-03-31,8624520.59,Rejected,2026-08-03 11:22:40.325115,,Loan Management System
APP00003941,CUST00002821,,2012-05-25,552423.91,Rejected,2026-08-03 11:22:40.325115,,Loan Management System
APP00003942,CUST00000785,,2018-05-13,266958.63,Rejected,2026-08-03 11:22:40.326128,,Loan Management System
APP00003943,CUST00002246,,2013-04-09,9965408.37,Approved,2026-08-03 11:22:40.326128,,Loan Management System
APP00003944,CUST00004536,,2023-05-02,2709126.93,Approved,2026-08-03 11:22:40.326128,,Loan Management System
APP00003945,CUST00000481,,2014-05-13,11335085.39,Pending,2026-08-03 11:22:40.326128,,Loan Management System
APP00003946,CUST00004109,,2012-08-10,457643.79,Approved,2026-08-03 11:22:40.326128,,Loan Management System
APP00003947,CUST00004546,,2015-04-02,9457843.02,Approved,2026-08-03 11:22:40.327148,,Loan Management System
APP00003948,CUST00001142,,2025-06-06,582808.83,Approved,2026-08-03 11:22:40.327148,,Loan Management System
APP00003949,CUST00002890,,2015-11-30,210830.22,Approved,2026-08-03 11:22:40.327148,,Loan Management System
APP00003950,CUST00003604,,2019-09-11,1456141.58,Rejected,2026-08-03 11:22:40.327148,,Loan Management System
APP00003951,CUST00002363,,2025-11-10,7685796.74,Approved,2026-08-03 11:22:40.328121,,Loan Management System
APP00003952,CUST00002392,,2022-04-20,831336.96,Approved,2026-08-03 11:22:40.328121,,Loan Management System
APP00003953,CUST00004789,,2013-03-23,15878051.4,Pending,2026-08-03 11:22:40.328121,,Loan Management System
APP00003954,CUST00002418,,2019-03-29,1260809.65,Pending,2026-08-03 11:22:40.328121,,Loan Management System
APP00003955,CUST00004146,,2024-04-02,6747402.51,Approved,2026-08-03 11:22:40.329120,,Loan Management System
APP00003956,CUST00004546,,2017-04-12,19975738.97,Approved,2026-08-03 11:22:40.329120,,Loan Management System
APP00003957,CUST00001232,,2016-01-03,400585.6,Approved,2026-08-03 11:22:40.329120,,Loan Management System
APP00003958,CUST00001726,,2017-09-22,1223283.99,Approved,2026-08-03 11:22:40.329120,,Loan Management System
APP00003959,CUST00002250,,2017-09-18,809825.96,Approved,2026-08-03 11:22:40.330120,,Loan Management System
APP00003960,CUST00002473,,2021-02-12,13437459.19,Pending,2026-08-03 11:22:40.330120,,Loan Management System
APP00003961,CUST00004496,,2021-01-26,613377.29,Cancelled,2026-08-03 11:22:40.330120,,Loan Management System
APP00003962,CUST00002607,,2025-05-14,2479616.52,Approved,2026-08-03 11:22:40.330120,,Loan Management System
APP00003963,CUST00003279,,2015-12-21,691401.01,Approved,2026-08-03 11:22:40.331120,,Loan Management System
APP00003964,CUST00004889,,2017-06-10,796922.51,Approved,2026-08-03 11:22:40.331120,,Loan Management System
APP00003965,CUST00004592,,2011-12-04,967845.05,Pending,2026-08-03 11:22:40.331120,,Loan Management System
APP00003966,CUST00001471,,2018-08-04,2026597.03,Approved,2026-08-03 11:22:40.331120,,Loan Management System
APP00003967,CUST00001908,,2013-08-25,2376622.99,Rejected,2026-08-03 11:22:40.331120,,Loan Management System
APP00003968,CUST00004846,,2017-07-23,5880386.1,Approved,2026-08-03 11:22:40.331120,,Loan Management System
APP00003969,CUST00000529,,2026-05-05,1392572.72,Approved,2026-08-03 11:22:40.331120,,Loan Management System
APP00003970,CUST00002577,,2023-02-23,11619155.19,Approved,2026-08-03 11:22:40.332708,,Loan Management System
APP00003971,CUST00004113,,2021-11-20,1472684.4,Rejected,2026-08-03 11:22:40.332708,,Loan Management System
APP00003972,CUST00002624,,2014-12-21,6113047.21,Pending,2026-08-03 11:22:40.332708,,Loan Management System
APP00003973,CUST00004654,,2021-05-26,868314.48,Approved,2026-08-03 11:22:40.332708,,Loan Management System
APP00003974,CUST00001122,,2021-05-20,2294610.97,Approved,2026-08-03 11:22:40.333797,,Loan Management System
APP00003975,CUST00004400,,2022-08-23,2379231.42,Approved,2026-08-03 11:22:40.333797,,Loan Management System
APP00003976,CUST00001907,,2022-08-18,1285019.78,Approved,2026-08-03 11:22:40.333797,,Loan Management System
APP00003977,CUST00004283,,2020-09-29,1817917.14,Approved,2026-08-03 11:22:40.333797,,Loan Management System
APP00003978,CUST00004502,,2014-07-22,1676408.61,Approved,2026-08-03 11:22:40.333797,,Loan Management System
APP00003979,CUST00003349,,2024-11-10,1334262.12,Rejected,2026-08-03 11:22:40.334813,,Loan Management System
APP00003980,CUST00003286,,2016-06-05,3508462.52,Pending,2026-08-03 11:22:40.334813,,Loan Management System
APP00003981,CUST00004917,,2017-08-17,131012.73,Approved,2026-08-03 11:22:40.334813,,Loan Management System
APP00003982,CUST00002497,,2017-02-12,2304428.84,Approved,2026-08-03 11:22:40.334813,,Loan Management System
APP00003983,CUST00003408,,2023-01-15,57385.78,Approved,2026-08-03 11:22:40.335816,,Loan Management System
APP00003984,CUST00003533,,2020-04-08,13141498.68,Rejected,2026-08-03 11:22:40.335816,,Loan Management System
APP00003985,CUST00004768,,2019-11-18,427981.66,Cancelled,2026-08-03 11:22:40.335816,,Loan Management System
APP00003986,CUST00002036,,2024-10-07,9179054.39,Rejected,2026-08-03 11:22:40.335816,,Loan Management System
APP00003987,CUST00002114,,2024-02-12,532588.69,Rejected,2026-08-03 11:22:40.336813,,Loan Management System
APP00003988,CUST00001526,,2019-03-11,1695794.49,Approved,2026-08-03 11:22:40.336813,,Loan Management System
APP00003989,CUST00003858,,2012-12-02,698059.76,Approved,2026-08-03 11:22:40.336813,,Loan Management System
APP00003990,CUST00004382,,2018-01-25,5115684.0,Cancelled,2026-08-03 11:22:40.336813,,Loan Management System
APP00003991,CUST00001341,,2022-01-10,4981267.65,Approved,2026-08-03 11:22:40.336813,,Loan Management System
APP00003992,CUST00004854,,2016-06-17,14542243.36,Approved,2026-08-03 11:22:40.337828,,Loan Management System
APP00003993,CUST00004567,,2019-06-23,424310.97,Approved,2026-08-03 11:22:40.337828,,Loan Management System
APP00003994,CUST00003921,,2022-05-02,3387622.77,Approved,2026-08-03 11:22:40.337828,,Loan Management System
APP00003995,CUST00003125,,2014-01-19,461667.33,Approved,2026-08-03 11:22:40.337828,,Loan Management System
APP00003996,CUST00003100,,2026-05-11,1374294.41,Approved,2026-08-03 11:22:40.338809,,Loan Management System
APP00003997,CUST00000071,,2014-06-09,568978.0,Approved,2026-08-03 11:22:40.338809,,Loan Management System
APP00003998,CUST00002931,,2022-06-26,6294624.79,Approved,2026-08-03 11:22:40.338809,,Loan Management System
APP00003999,CUST00002445,,2025-04-29,870630.4,Pending,2026-08-03 11:22:40.338809,,Loan Management System
APP00004000,CUST00000922,,2017-04-29,1466639.15,Rejected,2026-08-03 11:22:40.339806,,Loan Management System
