rate_date,currency,currency_symbol,rate_to_inr,source
2026-07-25,US Dollar,$,96.7212,Exchange Rate API
2026-07-24,US Dollar,$,96.883,Exchange Rate API
2026-07-23,US Dollar,$,96.3308,Exchange Rate API
2026-07-22,US Dollar,$,96.0707,Exchange Rate API
2026-07-21,US Dollar,$,95.7516,Exchange Rate API
2026-07-20,US Dollar,$,96.0233,Exchange Rate API
2026-07-19,US Dollar,$,96.2269,Exchange Rate API
2026-07-18,US Dollar,$,96.6798,Exchange Rate API
2026-07-17,US Dollar,$,96.2006,Exchange Rate API
2026-07-16,US Dollar,$,96.1105,Exchange Rate API
2026-07-15,US Dollar,$,95.5682,Exchange Rate API
2026-07-14,US Dollar,$,95.2455,Exchange Rate API
2026-07-13,US Dollar,$,95.2516,Exchange Rate API
2026-07-12,US Dollar,$,94.7104,Exchange Rate API
2026-07-11,US Dollar,$,94.3681,Exchange Rate API
2026-07-10,US Dollar,$,94.5378,Exchange Rate API
2026-07-09,US Dollar,$,94.5888,Exchange Rate API
2026-07-08,US Dollar,$,94.2715,Exchange Rate API
2026-07-07,US Dollar,$,94.3725,Exchange Rate API
2026-07-06,US Dollar,$,94.7229,Exchange Rate API
2026-07-05,US Dollar,$,94.1619,Exchange Rate API
2026-07-04,US Dollar,$,94.5075,Exchange Rate API
2026-07-03,US Dollar,$,94.7322,Exchange Rate API
2026-07-02,US Dollar,$,94.5506,Exchange Rate API
2026-07-01,US Dollar,$,94.1597,Exchange Rate API
2026-06-30,US Dollar,$,94.6763,Exchange Rate API
2026-06-29,US Dollar,$,94.4907,Exchange Rate API
2026-06-28,US Dollar,$,94.0289,Exchange Rate API
2026-06-27,US Dollar,$,93.5739,Exchange Rate API
2026-06-26,US Dollar,$,93.9641,Exchange Rate API
2026-06-25,US Dollar,$,94.0811,Exchange Rate API
2026-06-24,US Dollar,$,94.4278,Exchange Rate API
2026-06-23,US Dollar,$,94.6881,Exchange Rate API
2026-06-22,US Dollar,$,94.7293,Exchange Rate API
2026-06-21,US Dollar,$,95.2671,Exchange Rate API
2026-06-20,US Dollar,$,95.1282,Exchange Rate API
2026-06-19,US Dollar,$,95.1876,Exchange Rate API
2026-06-18,US Dollar,$,95.5639,Exchange Rate API
2026-06-17,US Dollar,$,95.6998,Exchange Rate API
2026-06-16,US Dollar,$,96.1152,Exchange Rate API
2026-06-15,US Dollar,$,96.2044,Exchange Rate API
2026-06-14,US Dollar,$,96.4406,Exchange Rate API
2026-06-13,US Dollar,$,95.915,Exchange Rate API
2026-06-12,US Dollar,$,95.6018,Exchange Rate API
2026-06-11,US Dollar,$,95.3602,Exchange Rate API
2026-06-10,US Dollar,$,94.8793,Exchange Rate API
2026-06-09,US Dollar,$,94.5751,Exchange Rate API
2026-06-08,US Dollar,$,94.1223,Exchange Rate API
2026-06-07,US Dollar,$,93.8715,Exchange Rate API
2026-06-06,US Dollar,$,94.0243,Exchange Rate API
2026-06-05,US Dollar,$,93.8718,Exchange Rate API
2026-06-04,US Dollar,$,93.7256,Exchange Rate API
2026-06-03,US Dollar,$,93.3989,Exchange Rate API
2026-06-02,US Dollar,$,93.1377,Exchange Rate API
2026-06-01,US Dollar,$,93.6257,Exchange Rate API
2026-05-31,US Dollar,$,93.792,Exchange Rate API
2026-05-30,US Dollar,$,93.9148,Exchange Rate API
2026-05-29,US Dollar,$,93.5442,Exchange Rate API
2026-05-28,US Dollar,$,93.8014,Exchange Rate API
2026-05-27,US Dollar,$,93.4225,Exchange Rate API
2026-05-26,US Dollar,$,93.2874,Exchange Rate API
2026-05-25,US Dollar,$,93.8354,Exchange Rate API
2026-05-24,US Dollar,$,93.993,Exchange Rate API
2026-05-23,US Dollar,$,94.0572,Exchange Rate API
2026-05-22,US Dollar,$,94.2656,Exchange Rate API
2026-05-21,US Dollar,$,94.6534,Exchange Rate API
2026-05-20,US Dollar,$,94.9669,Exchange Rate API
2026-05-19,US Dollar,$,94.6581,Exchange Rate API
2026-05-18,US Dollar,$,94.1266,Exchange Rate API
2026-05-17,US Dollar,$,93.9182,Exchange Rate API
2026-05-16,US Dollar,$,93.6564,Exchange Rate API
2026-05-15,US Dollar,$,93.3316,Exchange Rate API
2026-05-14,US Dollar,$,93.8276,Exchange Rate API
2026-05-13,US Dollar,$,94.2514,Exchange Rate API
2026-05-12,US Dollar,$,94.0418,Exchange Rate API
2026-05-11,US Dollar,$,94.2172,Exchange Rate API
2026-05-10,US Dollar,$,94.0992,Exchange Rate API
2026-05-09,US Dollar,$,94.5673,Exchange Rate API
2026-05-08,US Dollar,$,94.5206,Exchange Rate API
2026-05-07,US Dollar,$,94.2539,Exchange Rate API
2026-05-06,US Dollar,$,93.9673,Exchange Rate API
2026-05-05,US Dollar,$,94.0365,Exchange Rate API
2026-05-04,US Dollar,$,93.7688,Exchange Rate API
2026-05-03,US Dollar,$,93.864,Exchange Rate API
2026-05-02,US Dollar,$,94.3121,Exchange Rate API
2026-05-01,US Dollar,$,94.1982,Exchange Rate API
2026-04-30,US Dollar,$,93.8809,Exchange Rate API
2026-04-29,US Dollar,$,94.4414,Exchange Rate API
2026-04-28,US Dollar,$,94.4522,Exchange Rate API
2026-04-27,US Dollar,$,93.9885,Exchange Rate API
2026-04-26,US Dollar,$,93.4777,Exchange Rate API
2026-04-25,US Dollar,$,93.0398,Exchange Rate API
2026-04-24,US Dollar,$,93.1821,Exchange Rate API
2026-04-23,US Dollar,$,93.5087,Exchange Rate API
2026-04-22,US Dollar,$,93.4214,Exchange Rate API
2026-04-21,US Dollar,$,92.9321,Exchange Rate API
2026-04-20,US Dollar,$,92.8001,Exchange Rate API
2026-04-19,US Dollar,$,93.3526,Exchange Rate API
2026-04-18,US Dollar,$,93.3852,Exchange Rate API
2026-04-17,US Dollar,$,93.9131,Exchange Rate API
2026-04-16,US Dollar,$,94.3197,Exchange Rate API
2026-04-15,US Dollar,$,93.7668,Exchange Rate API
2026-04-14,US Dollar,$,94.0152,Exchange Rate API
2026-04-13,US Dollar,$,94.2202,Exchange Rate API
2026-04-12,US Dollar,$,94.262,Exchange Rate API
2026-04-11,US Dollar,$,93.9982,Exchange Rate API
2026-04-10,US Dollar,$,94.1572,Exchange Rate API
2026-04-09,US Dollar,$,93.7183,Exchange Rate API
2026-04-08,US Dollar,$,93.6449,Exchange Rate API
2026-04-07,US Dollar,$,93.5929,Exchange Rate API
2026-04-06,US Dollar,$,94.1026,Exchange Rate API
2026-04-05,US Dollar,$,94.527,Exchange Rate API
2026-04-04,US Dollar,$,94.2586,Exchange Rate API
2026-04-03,US Dollar,$,94.2593,Exchange Rate API
2026-04-02,US Dollar,$,93.8958,Exchange Rate API
2026-04-01,US Dollar,$,94.3607,Exchange Rate API
2026-03-31,US Dollar,$,94.7802,Exchange Rate API
2026-03-30,US Dollar,$,94.551,Exchange Rate API
2026-03-29,US Dollar,$,94.7087,Exchange Rate API
2026-03-28,US Dollar,$,94.8325,Exchange Rate API
2026-03-27,US Dollar,$,94.4374,Exchange Rate API
2026-03-26,US Dollar,$,94.7349,Exchange Rate API
2026-03-25,US Dollar,$,94.7797,Exchange Rate API
2026-03-24,US Dollar,$,95.0966,Exchange Rate API
2026-03-23,US Dollar,$,95.1312,Exchange Rate API
2026-03-22,US Dollar,$,94.5611,Exchange Rate API
2026-03-21,US Dollar,$,94.3616,Exchange Rate API
2026-03-20,US Dollar,$,93.8175,Exchange Rate API
2026-03-19,US Dollar,$,94.3006,Exchange Rate API
2026-03-18,US Dollar,$,94.7292,Exchange Rate API
2026-03-17,US Dollar,$,95.1062,Exchange Rate API
2026-03-16,US Dollar,$,94.8865,Exchange Rate API
2026-03-15,US Dollar,$,94.3831,Exchange Rate API
2026-03-14,US Dollar,$,94.8112,Exchange Rate API
2026-03-13,US Dollar,$,95.3197,Exchange Rate API
2026-03-12,US Dollar,$,94.8458,Exchange Rate API
2026-03-11,US Dollar,$,94.8299,Exchange Rate API
2026-03-10,US Dollar,$,94.3397,Exchange Rate API
2026-03-09,US Dollar,$,94.6347,Exchange Rate API
2026-03-08,US Dollar,$,94.9366,Exchange Rate API
2026-03-07,US Dollar,$,94.5132,Exchange Rate API
2026-03-06,US Dollar,$,94.4852,Exchange Rate API
2026-03-05,US Dollar,$,94.5417,Exchange Rate API
2026-03-04,US Dollar,$,94.2752,Exchange Rate API
2026-03-03,US Dollar,$,94.6965,Exchange Rate API
2026-03-02,US Dollar,$,94.6092,Exchange Rate API
2026-03-01,US Dollar,$,94.282,Exchange Rate API
2026-02-28,US Dollar,$,94.3265,Exchange Rate API
2026-02-27,US Dollar,$,94.5868,Exchange Rate API
2026-02-26,US Dollar,$,94.2476,Exchange Rate API
2026-02-25,US Dollar,$,94.0347,Exchange Rate API
2026-02-24,US Dollar,$,94.5934,Exchange Rate API
2026-02-23,US Dollar,$,94.7635,Exchange Rate API
2026-02-22,US Dollar,$,94.6931,Exchange Rate API
2026-02-21,US Dollar,$,94.7131,Exchange Rate API
2026-02-20,US Dollar,$,94.2823,Exchange Rate API
2026-02-19,US Dollar,$,93.9708,Exchange Rate API
2026-02-18,US Dollar,$,93.7882,Exchange Rate API
2026-02-17,US Dollar,$,93.8876,Exchange Rate API
2026-02-16,US Dollar,$,93.5835,Exchange Rate API
2026-02-15,US Dollar,$,93.2693,Exchange Rate API
2026-02-14,US Dollar,$,92.7891,Exchange Rate API
2026-02-13,US Dollar,$,92.9351,Exchange Rate API
2026-02-12,US Dollar,$,92.6328,Exchange Rate API
2026-02-11,US Dollar,$,93.0835,Exchange Rate API
2026-02-10,US Dollar,$,93.4852,Exchange Rate API
2026-02-09,US Dollar,$,93.0038,Exchange Rate API
2026-02-08,US Dollar,$,92.7114,Exchange Rate API
2026-02-07,US Dollar,$,92.8994,Exchange Rate API
2026-02-06,US Dollar,$,92.5808,Exchange Rate API
2026-02-05,US Dollar,$,92.1723,Exchange Rate API
2026-02-04,US Dollar,$,92.654,Exchange Rate API
2026-02-03,US Dollar,$,92.733,Exchange Rate API
2026-02-02,US Dollar,$,92.7026,Exchange Rate API
2026-02-01,US Dollar,$,93.0192,Exchange Rate API
2026-01-31,US Dollar,$,93.3624,Exchange Rate API
2026-01-30,US Dollar,$,93.0156,Exchange Rate API
2026-01-29,US Dollar,$,92.5657,Exchange Rate API
2026-01-28,US Dollar,$,92.4891,Exchange Rate API
2026-01-27,US Dollar,$,92.4043,Exchange Rate API
2026-01-26,US Dollar,$,92.3677,Exchange Rate API
2026-01-25,US Dollar,$,92.6216,Exchange Rate API
2026-01-24,US Dollar,$,92.8143,Exchange Rate API
2026-01-23,US Dollar,$,93.3535,Exchange Rate API
2026-01-22,US Dollar,$,92.9036,Exchange Rate API
2026-01-21,US Dollar,$,92.795,Exchange Rate API
2026-01-20,US Dollar,$,92.6161,Exchange Rate API
2026-01-19,US Dollar,$,93.0181,Exchange Rate API
2026-01-18,US Dollar,$,92.7375,Exchange Rate API
2026-01-17,US Dollar,$,92.3927,Exchange Rate API
2026-01-16,US Dollar,$,92.3357,Exchange Rate API
2026-01-15,US Dollar,$,92.2491,Exchange Rate API
2026-01-14,US Dollar,$,92.004,Exchange Rate API
2026-01-13,US Dollar,$,91.7278,Exchange Rate API
2026-01-12,US Dollar,$,92.1937,Exchange Rate API
2026-01-11,US Dollar,$,92.1308,Exchange Rate API
2026-01-10,US Dollar,$,92.5303,Exchange Rate API
2026-01-09,US Dollar,$,92.5862,Exchange Rate API
2026-01-08,US Dollar,$,92.0869,Exchange Rate API
2026-01-07,US Dollar,$,92.6386,Exchange Rate API
2026-01-06,US Dollar,$,93.0121,Exchange Rate API
2026-01-05,US Dollar,$,93.5356,Exchange Rate API
2026-01-04,US Dollar,$,94.0142,Exchange Rate API
2026-01-03,US Dollar,$,94.4076,Exchange Rate API
2026-01-02,US Dollar,$,94.0296,Exchange Rate API
2026-01-01,US Dollar,$,94.0134,Exchange Rate API
2025-12-31,US Dollar,$,93.6905,Exchange Rate API
2025-12-30,US Dollar,$,93.5792,Exchange Rate API
2025-12-29,US Dollar,$,93.0836,Exchange Rate API
2025-12-28,US Dollar,$,92.9484,Exchange Rate API
2025-12-27,US Dollar,$,93.4897,Exchange Rate API
2025-12-26,US Dollar,$,93.2263,Exchange Rate API
2025-12-25,US Dollar,$,93.5441,Exchange Rate API
2025-12-24,US Dollar,$,93.4936,Exchange Rate API
2025-12-23,US Dollar,$,93.4072,Exchange Rate API
2025-12-22,US Dollar,$,93.9198,Exchange Rate API
2025-12-21,US Dollar,$,94.4782,Exchange Rate API
2025-12-20,US Dollar,$,94.5414,Exchange Rate API
2025-12-19,US Dollar,$,94.7892,Exchange Rate API
2025-12-18,US Dollar,$,94.3965,Exchange Rate API
2025-12-17,US Dollar,$,94.1662,Exchange Rate API
2025-12-16,US Dollar,$,94.6958,Exchange Rate API
2025-12-15,US Dollar,$,94.7858,Exchange Rate API
2025-12-14,US Dollar,$,94.8338,Exchange Rate API
2025-12-13,US Dollar,$,95.116,Exchange Rate API
2025-12-12,US Dollar,$,94.6106,Exchange Rate API
2025-12-11,US Dollar,$,94.7062,Exchange Rate API
2025-12-10,US Dollar,$,94.7094,Exchange Rate API
2025-12-09,US Dollar,$,95.1103,Exchange Rate API
2025-12-08,US Dollar,$,94.7193,Exchange Rate API
2025-12-07,US Dollar,$,95.243,Exchange Rate API
2025-12-06,US Dollar,$,94.7631,Exchange Rate API
2025-12-05,US Dollar,$,94.4058,Exchange Rate API
2025-12-04,US Dollar,$,94.5135,Exchange Rate API
2025-12-03,US Dollar,$,94.7122,Exchange Rate API
2025-12-02,US Dollar,$,94.4112,Exchange Rate API
2025-12-01,US Dollar,$,93.9806,Exchange Rate API
2025-11-30,US Dollar,$,94.4208,Exchange Rate API
2025-11-29,US Dollar,$,94.1332,Exchange Rate API
2025-11-28,US Dollar,$,94.24,Exchange Rate API
2025-11-27,US Dollar,$,94.375,Exchange Rate API
2025-11-26,US Dollar,$,94.2835,Exchange Rate API
2025-11-25,US Dollar,$,94.3782,Exchange Rate API
2025-11-24,US Dollar,$,94.404,Exchange Rate API
2025-11-23,US Dollar,$,94.8965,Exchange Rate API
2025-11-22,US Dollar,$,94.5597,Exchange Rate API
2025-11-21,US Dollar,$,94.805,Exchange Rate API
2025-11-20,US Dollar,$,94.5077,Exchange Rate API
2025-11-19,US Dollar,$,94.3895,Exchange Rate API
2025-11-18,US Dollar,$,94.584,Exchange Rate API
2025-11-17,US Dollar,$,94.357,Exchange Rate API
2025-11-16,US Dollar,$,94.1489,Exchange Rate API
2025-11-15,US Dollar,$,94.4335,Exchange Rate API
2025-11-14,US Dollar,$,93.9491,Exchange Rate API
2025-11-13,US Dollar,$,93.9021,Exchange Rate API
2025-11-12,US Dollar,$,94.4638,Exchange Rate API
2025-11-11,US Dollar,$,95.0262,Exchange Rate API
2025-11-10,US Dollar,$,94.5396,Exchange Rate API
2025-11-09,US Dollar,$,94.2142,Exchange Rate API
2025-11-08,US Dollar,$,93.9487,Exchange Rate API
2025-11-07,US Dollar,$,94.4371,Exchange Rate API
2025-11-06,US Dollar,$,94.8687,Exchange Rate API
2025-11-05,US Dollar,$,95.3005,Exchange Rate API
2025-11-04,US Dollar,$,95.1513,Exchange Rate API
2025-11-03,US Dollar,$,94.7605,Exchange Rate API
2025-11-02,US Dollar,$,95.14,Exchange Rate API
2025-11-01,US Dollar,$,95.3724,Exchange Rate API
2025-10-31,US Dollar,$,95.5002,Exchange Rate API
2025-10-30,US Dollar,$,96.0586,Exchange Rate API
2025-10-29,US Dollar,$,96.2361,Exchange Rate API
2025-10-28,US Dollar,$,95.6677,Exchange Rate API
2025-10-27,US Dollar,$,96.0317,Exchange Rate API
2025-10-26,US Dollar,$,95.8005,Exchange Rate API
2025-10-25,US Dollar,$,95.9883,Exchange Rate API
2025-10-24,US Dollar,$,96.4939,Exchange Rate API
2025-10-23,US Dollar,$,96.0704,Exchange Rate API
2025-10-22,US Dollar,$,95.627,Exchange Rate API
2025-10-21,US Dollar,$,95.1761,Exchange Rate API
2025-10-20,US Dollar,$,95.2369,Exchange Rate API
2025-10-19,US Dollar,$,94.9767,Exchange Rate API
2025-10-18,US Dollar,$,95.0962,Exchange Rate API
2025-10-17,US Dollar,$,95.3445,Exchange Rate API
2025-10-16,US Dollar,$,95.0054,Exchange Rate API
2025-10-15,US Dollar,$,95.1584,Exchange Rate API
2025-10-14,US Dollar,$,94.8889,Exchange Rate API
2025-10-13,US Dollar,$,94.8758,Exchange Rate API
2025-10-12,US Dollar,$,95.3373,Exchange Rate API
2025-10-11,US Dollar,$,95.7333,Exchange Rate API
2025-10-10,US Dollar,$,95.2649,Exchange Rate API
2025-10-09,US Dollar,$,95.1775,Exchange Rate API
2025-10-08,US Dollar,$,94.9224,Exchange Rate API
2025-10-07,US Dollar,$,94.3569,Exchange Rate API
2025-10-06,US Dollar,$,94.6639,Exchange Rate API
2025-10-05,US Dollar,$,94.8197,Exchange Rate API
2025-10-04,US Dollar,$,94.5488,Exchange Rate API
2025-10-03,US Dollar,$,94.8225,Exchange Rate API
2025-10-02,US Dollar,$,94.8813,Exchange Rate API
2025-10-01,US Dollar,$,94.799,Exchange Rate API
2025-09-30,US Dollar,$,94.2412,Exchange Rate API
2025-09-29,US Dollar,$,93.7608,Exchange Rate API
2025-09-28,US Dollar,$,94.1918,Exchange Rate API
2025-09-27,US Dollar,$,94.6484,Exchange Rate API
2025-09-26,US Dollar,$,94.7002,Exchange Rate API
2025-09-25,US Dollar,$,95.0804,Exchange Rate API
2025-09-24,US Dollar,$,95.1745,Exchange Rate API
2025-09-23,US Dollar,$,94.7726,Exchange Rate API
2025-09-22,US Dollar,$,94.3489,Exchange Rate API
2025-09-21,US Dollar,$,94.1318,Exchange Rate API
2025-09-20,US Dollar,$,94.5825,Exchange Rate API
2025-09-19,US Dollar,$,94.9186,Exchange Rate API
2025-09-18,US Dollar,$,95.3294,Exchange Rate API
2025-09-17,US Dollar,$,95.7858,Exchange Rate API
2025-09-16,US Dollar,$,95.4526,Exchange Rate API
2025-09-15,US Dollar,$,95.1657,Exchange Rate API
2025-09-14,US Dollar,$,94.7121,Exchange Rate API
2025-09-13,US Dollar,$,95.0305,Exchange Rate API
2025-09-12,US Dollar,$,95.4686,Exchange Rate API
2025-09-11,US Dollar,$,95.3613,Exchange Rate API
2025-09-10,US Dollar,$,95.4994,Exchange Rate API
2025-09-09,US Dollar,$,95.1035,Exchange Rate API
2025-09-08,US Dollar,$,95.5941,Exchange Rate API
2025-09-07,US Dollar,$,96.0123,Exchange Rate API
2025-09-06,US Dollar,$,96.561,Exchange Rate API
2025-09-05,US Dollar,$,96.9211,Exchange Rate API
2025-09-04,US Dollar,$,97.3647,Exchange Rate API
2025-09-03,US Dollar,$,96.8095,Exchange Rate API
2025-09-02,US Dollar,$,97.0843,Exchange Rate API
2025-09-01,US Dollar,$,96.8888,Exchange Rate API
2025-08-31,US Dollar,$,97.3897,Exchange Rate API
2025-08-30,US Dollar,$,97.7429,Exchange Rate API
2025-08-29,US Dollar,$,98.1699,Exchange Rate API
2025-08-28,US Dollar,$,98.536,Exchange Rate API
2025-08-27,US Dollar,$,98.2603,Exchange Rate API
2025-08-26,US Dollar,$,98.5992,Exchange Rate API
2025-08-25,US Dollar,$,98.1355,Exchange Rate API
2025-08-24,US Dollar,$,98.5738,Exchange Rate API
2025-08-23,US Dollar,$,98.998,Exchange Rate API
2025-08-22,US Dollar,$,98.6683,Exchange Rate API
2025-08-21,US Dollar,$,99.0431,Exchange Rate API
2025-08-20,US Dollar,$,98.9959,Exchange Rate API
2025-08-19,US Dollar,$,98.7645,Exchange Rate API
2025-08-18,US Dollar,$,99.1145,Exchange Rate API
2025-08-17,US Dollar,$,98.7905,Exchange Rate API
2025-08-16,US Dollar,$,98.2258,Exchange Rate API
2025-08-15,US Dollar,$,97.8641,Exchange Rate API
2025-08-14,US Dollar,$,97.6624,Exchange Rate API
2025-08-13,US Dollar,$,98.0894,Exchange Rate API
2025-08-12,US Dollar,$,98.639,Exchange Rate API
2025-08-11,US Dollar,$,98.3776,Exchange Rate API
2025-08-10,US Dollar,$,98.5446,Exchange Rate API
2025-08-09,US Dollar,$,98.426,Exchange Rate API
2025-08-08,US Dollar,$,98.9943,Exchange Rate API
2025-08-07,US Dollar,$,99.0373,Exchange Rate API
2025-08-06,US Dollar,$,99.5593,Exchange Rate API
2025-08-05,US Dollar,$,99.0997,Exchange Rate API
2025-08-04,US Dollar,$,99.6591,Exchange Rate API
2025-08-03,US Dollar,$,99.2747,Exchange Rate API
2025-08-02,US Dollar,$,99.8257,Exchange Rate API
2025-08-01,US Dollar,$,99.5448,Exchange Rate API
2025-07-31,US Dollar,$,99.077,Exchange Rate API
2025-07-30,US Dollar,$,98.9992,Exchange Rate API
2025-07-29,US Dollar,$,99.2707,Exchange Rate API
2025-07-28,US Dollar,$,99.0487,Exchange Rate API
2025-07-27,US Dollar,$,99.1749,Exchange Rate API
2025-07-26,US Dollar,$,99.1885,Exchange Rate API
2026-07-25,Euro,€,109.9143,Exchange Rate API
2026-07-24,Euro,€,110.0153,Exchange Rate API
2026-07-23,Euro,€,109.6915,Exchange Rate API
2026-07-22,Euro,€,109.9663,Exchange Rate API
2026-07-21,Euro,€,109.3087,Exchange Rate API
2026-07-20,Euro,€,109.8669,Exchange Rate API
2026-07-19,Euro,€,109.9176,Exchange Rate API
2026-07-18,Euro,€,110.207,Exchange Rate API
2026-07-17,Euro,€,110.527,Exchange Rate API
2026-07-16,Euro,€,110.7533,Exchange Rate API
2026-07-15,Euro,€,110.5728,Exchange Rate API
2026-07-14,Euro,€,110.0022,Exchange Rate API
2026-07-13,Euro,€,110.219,Exchange Rate API
2026-07-12,Euro,€,109.9944,Exchange Rate API
2026-07-11,Euro,€,109.7488,Exchange Rate API
2026-07-10,Euro,€,110.2071,Exchange Rate API
2026-07-09,Euro,€,110.4977,Exchange Rate API
2026-07-08,Euro,€,110.2329,Exchange Rate API
2026-07-07,Euro,€,109.9806,Exchange Rate API
2026-07-06,Euro,€,109.8597,Exchange Rate API
2026-07-05,Euro,€,109.731,Exchange Rate API
2026-07-04,Euro,€,109.4619,Exchange Rate API
2026-07-03,Euro,€,108.9723,Exchange Rate API
2026-07-02,Euro,€,108.8683,Exchange Rate API
2026-07-01,Euro,€,109.4436,Exchange Rate API
2026-06-30,Euro,€,109.6765,Exchange Rate API
2026-06-29,Euro,€,110.2066,Exchange Rate API
2026-06-28,Euro,€,110.3594,Exchange Rate API
2026-06-27,Euro,€,110.0958,Exchange Rate API
2026-06-26,Euro,€,110.1591,Exchange Rate API
2026-06-25,Euro,€,109.4987,Exchange Rate API
2026-06-24,Euro,€,109.2187,Exchange Rate API
2026-06-23,Euro,€,109.1268,Exchange Rate API
2026-06-22,Euro,€,109.2315,Exchange Rate API
2026-06-21,Euro,€,109.4343,Exchange Rate API
2026-06-20,Euro,€,109.3883,Exchange Rate API
2026-06-19,Euro,€,109.3124,Exchange Rate API
2026-06-18,Euro,€,108.9368,Exchange Rate API
2026-06-17,Euro,€,108.9017,Exchange Rate API
2026-06-16,Euro,€,109.426,Exchange Rate API
2026-06-15,Euro,€,109.8147,Exchange Rate API
2026-06-14,Euro,€,109.3794,Exchange Rate API
2026-06-13,Euro,€,108.8344,Exchange Rate API
2026-06-12,Euro,€,108.8546,Exchange Rate API
2026-06-11,Euro,€,109.0283,Exchange Rate API
2026-06-10,Euro,€,108.8127,Exchange Rate API
2026-06-09,Euro,€,109.2285,Exchange Rate API
2026-06-08,Euro,€,109.5577,Exchange Rate API
2026-06-07,Euro,€,109.7849,Exchange Rate API
2026-06-06,Euro,€,109.4221,Exchange Rate API
2026-06-05,Euro,€,109.027,Exchange Rate API
2026-06-04,Euro,€,108.4048,Exchange Rate API
2026-06-03,Euro,€,108.0729,Exchange Rate API
2026-06-02,Euro,€,108.0407,Exchange Rate API
2026-06-01,Euro,€,108.4941,Exchange Rate API
2026-05-31,Euro,€,107.938,Exchange Rate API
2026-05-30,Euro,€,107.8272,Exchange Rate API
2026-05-29,Euro,€,107.9951,Exchange Rate API
2026-05-28,Euro,€,107.5991,Exchange Rate API
2026-05-27,Euro,€,107.8526,Exchange Rate API
2026-05-26,Euro,€,107.8453,Exchange Rate API
2026-05-25,Euro,€,107.514,Exchange Rate API
2026-05-24,Euro,€,107.7153,Exchange Rate API
2026-05-23,Euro,€,107.0762,Exchange Rate API
2026-05-22,Euro,€,107.3987,Exchange Rate API
2026-05-21,Euro,€,107.7467,Exchange Rate API
2026-05-20,Euro,€,107.238,Exchange Rate API
2026-05-19,Euro,€,107.1417,Exchange Rate API
2026-05-18,Euro,€,106.725,Exchange Rate API
2026-05-17,Euro,€,107.3115,Exchange Rate API
2026-05-16,Euro,€,107.3346,Exchange Rate API
2026-05-15,Euro,€,106.7553,Exchange Rate API
2026-05-14,Euro,€,106.434,Exchange Rate API
2026-05-13,Euro,€,106.8789,Exchange Rate API
2026-05-12,Euro,€,106.8231,Exchange Rate API
2026-05-11,Euro,€,107.2095,Exchange Rate API
2026-05-10,Euro,€,107.4251,Exchange Rate API
2026-05-09,Euro,€,108.054,Exchange Rate API
2026-05-08,Euro,€,108.1778,Exchange Rate API
2026-05-07,Euro,€,108.762,Exchange Rate API
2026-05-06,Euro,€,109.2729,Exchange Rate API
2026-05-05,Euro,€,109.4206,Exchange Rate API
2026-05-04,Euro,€,109.7085,Exchange Rate API
2026-05-03,Euro,€,109.7148,Exchange Rate API
2026-05-02,Euro,€,110.15,Exchange Rate API
2026-05-01,Euro,€,110.2133,Exchange Rate API
2026-04-30,Euro,€,110.7386,Exchange Rate API
2026-04-29,Euro,€,111.0624,Exchange Rate API
2026-04-28,Euro,€,111.0286,Exchange Rate API
2026-04-27,Euro,€,110.7078,Exchange Rate API
2026-04-26,Euro,€,110.372,Exchange Rate API
2026-04-25,Euro,€,110.5543,Exchange Rate API
2026-04-24,Euro,€,110.9069,Exchange Rate API
2026-04-23,Euro,€,110.9352,Exchange Rate API
2026-04-22,Euro,€,111.1039,Exchange Rate API
2026-04-21,Euro,€,110.8034,Exchange Rate API
2026-04-20,Euro,€,110.2416,Exchange Rate API
2026-04-19,Euro,€,109.9581,Exchange Rate API
2026-04-18,Euro,€,109.6569,Exchange Rate API
2026-04-17,Euro,€,109.4197,Exchange Rate API
2026-04-16,Euro,€,109.4724,Exchange Rate API
2026-04-15,Euro,€,108.9973,Exchange Rate API
2026-04-14,Euro,€,108.6458,Exchange Rate API
2026-04-13,Euro,€,108.8987,Exchange Rate API
2026-04-12,Euro,€,109.1684,Exchange Rate API
2026-04-11,Euro,€,108.5975,Exchange Rate API
2026-04-10,Euro,€,108.4771,Exchange Rate API
2026-04-09,Euro,€,108.5326,Exchange Rate API
2026-04-08,Euro,€,108.4229,Exchange Rate API
2026-04-07,Euro,€,108.0415,Exchange Rate API
2026-04-06,Euro,€,107.938,Exchange Rate API
2026-04-05,Euro,€,108.4624,Exchange Rate API
2026-04-04,Euro,€,108.5718,Exchange Rate API
2026-04-03,Euro,€,108.8265,Exchange Rate API
2026-04-02,Euro,€,109.2924,Exchange Rate API
2026-04-01,Euro,€,109.6407,Exchange Rate API
2026-03-31,Euro,€,109.4833,Exchange Rate API
2026-03-30,Euro,€,108.8341,Exchange Rate API
2026-03-29,Euro,€,108.6405,Exchange Rate API
2026-03-28,Euro,€,108.971,Exchange Rate API
2026-03-27,Euro,€,109.4332,Exchange Rate API
2026-03-26,Euro,€,110.0286,Exchange Rate API
2026-03-25,Euro,€,109.9217,Exchange Rate API
2026-03-24,Euro,€,110.2482,Exchange Rate API
2026-03-23,Euro,€,110.3092,Exchange Rate API
2026-03-22,Euro,€,110.4459,Exchange Rate API
2026-03-21,Euro,€,110.0755,Exchange Rate API
2026-03-20,Euro,€,109.7049,Exchange Rate API
2026-03-19,Euro,€,109.6204,Exchange Rate API
2026-03-18,Euro,€,109.0009,Exchange Rate API
2026-03-17,Euro,€,108.7866,Exchange Rate API
2026-03-16,Euro,€,109.0205,Exchange Rate API
2026-03-15,Euro,€,108.8953,Exchange Rate API
2026-03-14,Euro,€,108.4576,Exchange Rate API
2026-03-13,Euro,€,108.4152,Exchange Rate API
2026-03-12,Euro,€,107.9308,Exchange Rate API
2026-03-11,Euro,€,108.0891,Exchange Rate API
2026-03-10,Euro,€,107.4755,Exchange Rate API
2026-03-09,Euro,€,107.3388,Exchange Rate API
2026-03-08,Euro,€,107.4217,Exchange Rate API
2026-03-07,Euro,€,106.8121,Exchange Rate API
2026-03-06,Euro,€,106.9951,Exchange Rate API
2026-03-05,Euro,€,106.5274,Exchange Rate API
2026-03-04,Euro,€,106.4784,Exchange Rate API
2026-03-03,Euro,€,105.9038,Exchange Rate API
2026-03-02,Euro,€,105.7502,Exchange Rate API
2026-03-01,Euro,€,105.3843,Exchange Rate API
2026-02-28,Euro,€,105.1653,Exchange Rate API
2026-02-27,Euro,€,105.495,Exchange Rate API
2026-02-26,Euro,€,105.342,Exchange Rate API
2026-02-25,Euro,€,105.6606,Exchange Rate API
2026-02-24,Euro,€,106.0815,Exchange Rate API
2026-02-23,Euro,€,105.7661,Exchange Rate API
2026-02-22,Euro,€,105.2355,Exchange Rate API
2026-02-21,Euro,€,104.6286,Exchange Rate API
2026-02-20,Euro,€,104.6781,Exchange Rate API
2026-02-19,Euro,€,105.3061,Exchange Rate API
2026-02-18,Euro,€,105.1165,Exchange Rate API
2026-02-17,Euro,€,105.3059,Exchange Rate API
2026-02-16,Euro,€,105.6613,Exchange Rate API
2026-02-15,Euro,€,105.8537,Exchange Rate API
2026-02-14,Euro,€,106.1766,Exchange Rate API
2026-02-13,Euro,€,106.7495,Exchange Rate API
2026-02-12,Euro,€,106.3644,Exchange Rate API
2026-02-11,Euro,€,105.7522,Exchange Rate API
2026-02-10,Euro,€,105.3111,Exchange Rate API
2026-02-09,Euro,€,104.8387,Exchange Rate API
2026-02-08,Euro,€,105.0519,Exchange Rate API
2026-02-07,Euro,€,105.1325,Exchange Rate API
2026-02-06,Euro,€,104.7767,Exchange Rate API
2026-02-05,Euro,€,105.0275,Exchange Rate API
2026-02-04,Euro,€,105.3639,Exchange Rate API
2026-02-03,Euro,€,104.9439,Exchange Rate API
2026-02-02,Euro,€,105.079,Exchange Rate API
2026-02-01,Euro,€,105.3916,Exchange Rate API
2026-01-31,Euro,€,104.9041,Exchange Rate API
2026-01-30,Euro,€,105.3061,Exchange Rate API
2026-01-29,Euro,€,105.8934,Exchange Rate API
2026-01-28,Euro,€,105.3954,Exchange Rate API
2026-01-27,Euro,€,104.7955,Exchange Rate API
2026-01-26,Euro,€,104.559,Exchange Rate API
2026-01-25,Euro,€,104.7815,Exchange Rate API
2026-01-24,Euro,€,105.3576,Exchange Rate API
2026-01-23,Euro,€,105.2269,Exchange Rate API
2026-01-22,Euro,€,105.4984,Exchange Rate API
2026-01-21,Euro,€,104.9616,Exchange Rate API
2026-01-20,Euro,€,105.2017,Exchange Rate API
2026-01-19,Euro,€,105.3623,Exchange Rate API
2026-01-18,Euro,€,104.859,Exchange Rate API
2026-01-17,Euro,€,105.2019,Exchange Rate API
2026-01-16,Euro,€,105.6441,Exchange Rate API
2026-01-15,Euro,€,105.7714,Exchange Rate API
2026-01-14,Euro,€,105.2904,Exchange Rate API
2026-01-13,Euro,€,105.9017,Exchange Rate API
2026-01-12,Euro,€,106.2609,Exchange Rate API
2026-01-11,Euro,€,106.0661,Exchange Rate API
2026-01-10,Euro,€,105.9749,Exchange Rate API
2026-01-09,Euro,€,105.8103,Exchange Rate API
2026-01-08,Euro,€,105.8179,Exchange Rate API
2026-01-07,Euro,€,105.6163,Exchange Rate API
2026-01-06,Euro,€,106.0594,Exchange Rate API
2026-01-05,Euro,€,106.4696,Exchange Rate API
2026-01-04,Euro,€,105.9656,Exchange Rate API
2026-01-03,Euro,€,106.5515,Exchange Rate API
2026-01-02,Euro,€,106.7249,Exchange Rate API
2026-01-01,Euro,€,107.1459,Exchange Rate API
2025-12-31,Euro,€,107.4124,Exchange Rate API
2025-12-30,Euro,€,107.3292,Exchange Rate API
2025-12-29,Euro,€,107.6303,Exchange Rate API
2025-12-28,Euro,€,108.2315,Exchange Rate API
2025-12-27,Euro,€,107.9329,Exchange Rate API
2025-12-26,Euro,€,108.3321,Exchange Rate API
2025-12-25,Euro,€,108.3817,Exchange Rate API
2025-12-24,Euro,€,108.3602,Exchange Rate API
2025-12-23,Euro,€,108.2764,Exchange Rate API
2025-12-22,Euro,€,108.5766,Exchange Rate API
2025-12-21,Euro,€,108.2748,Exchange Rate API
2025-12-20,Euro,€,108.7318,Exchange Rate API
2025-12-19,Euro,€,109.1633,Exchange Rate API
2025-12-18,Euro,€,108.6218,Exchange Rate API
2025-12-17,Euro,€,109.1192,Exchange Rate API
2025-12-16,Euro,€,108.7838,Exchange Rate API
2025-12-15,Euro,€,108.7377,Exchange Rate API
2025-12-14,Euro,€,108.8817,Exchange Rate API
2025-12-13,Euro,€,108.7236,Exchange Rate API
2025-12-12,Euro,€,108.1087,Exchange Rate API
2025-12-11,Euro,€,108.564,Exchange Rate API
2025-12-10,Euro,€,108.1495,Exchange Rate API
2025-12-09,Euro,€,107.7759,Exchange Rate API
2025-12-08,Euro,€,108.1611,Exchange Rate API
2025-12-07,Euro,€,107.9539,Exchange Rate API
2025-12-06,Euro,€,108.4466,Exchange Rate API
2025-12-05,Euro,€,108.7084,Exchange Rate API
2025-12-04,Euro,€,108.4165,Exchange Rate API
2025-12-03,Euro,€,107.7792,Exchange Rate API
2025-12-02,Euro,€,108.3587,Exchange Rate API
2025-12-01,Euro,€,107.8199,Exchange Rate API
2025-11-30,Euro,€,108.1046,Exchange Rate API
2025-11-29,Euro,€,108.0898,Exchange Rate API
2025-11-28,Euro,€,108.4247,Exchange Rate API
2025-11-27,Euro,€,108.6727,Exchange Rate API
2025-11-26,Euro,€,108.863,Exchange Rate API
2025-11-25,Euro,€,108.851,Exchange Rate API
2025-11-24,Euro,€,109.2336,Exchange Rate API
2025-11-23,Euro,€,108.7002,Exchange Rate API
2025-11-22,Euro,€,108.337,Exchange Rate API
2025-11-21,Euro,€,108.5863,Exchange Rate API
2025-11-20,Euro,€,108.3338,Exchange Rate API
2025-11-19,Euro,€,108.4398,Exchange Rate API
2025-11-18,Euro,€,108.405,Exchange Rate API
2025-11-17,Euro,€,108.4452,Exchange Rate API
2025-11-16,Euro,€,108.3483,Exchange Rate API
2025-11-15,Euro,€,108.6681,Exchange Rate API
2025-11-14,Euro,€,108.4474,Exchange Rate API
2025-11-13,Euro,€,108.7114,Exchange Rate API
2025-11-12,Euro,€,108.4126,Exchange Rate API
2025-11-11,Euro,€,108.0892,Exchange Rate API
2025-11-10,Euro,€,107.5972,Exchange Rate API
2025-11-09,Euro,€,107.2003,Exchange Rate API
2025-11-08,Euro,€,106.7109,Exchange Rate API
2025-11-07,Euro,€,106.7568,Exchange Rate API
2025-11-06,Euro,€,107.0927,Exchange Rate API
2025-11-05,Euro,€,106.6881,Exchange Rate API
2025-11-04,Euro,€,106.325,Exchange Rate API
2025-11-03,Euro,€,106.3048,Exchange Rate API
2025-11-02,Euro,€,106.5913,Exchange Rate API
2025-11-01,Euro,€,107.2009,Exchange Rate API
2025-10-31,Euro,€,107.2326,Exchange Rate API
2025-10-30,Euro,€,106.9534,Exchange Rate API
2025-10-29,Euro,€,106.4407,Exchange Rate API
2025-10-28,Euro,€,106.05,Exchange Rate API
2025-10-27,Euro,€,105.7032,Exchange Rate API
2025-10-26,Euro,€,105.2966,Exchange Rate API
2025-10-25,Euro,€,104.6827,Exchange Rate API
2025-10-24,Euro,€,104.7256,Exchange Rate API
2025-10-23,Euro,€,104.442,Exchange Rate API
2025-10-22,Euro,€,105.0364,Exchange Rate API
2025-10-21,Euro,€,105.1037,Exchange Rate API
2025-10-20,Euro,€,105.3527,Exchange Rate API
2025-10-19,Euro,€,104.8802,Exchange Rate API
2025-10-18,Euro,€,105.3439,Exchange Rate API
2025-10-17,Euro,€,105.3324,Exchange Rate API
2025-10-16,Euro,€,105.8035,Exchange Rate API
2025-10-15,Euro,€,105.8975,Exchange Rate API
2025-10-14,Euro,€,105.8586,Exchange Rate API
2025-10-13,Euro,€,105.783,Exchange Rate API
2025-10-12,Euro,€,105.3823,Exchange Rate API
2025-10-11,Euro,€,104.815,Exchange Rate API
2025-10-10,Euro,€,105.3698,Exchange Rate API
2025-10-09,Euro,€,105.3416,Exchange Rate API
2025-10-08,Euro,€,105.7488,Exchange Rate API
2025-10-07,Euro,€,105.6228,Exchange Rate API
2025-10-06,Euro,€,105.083,Exchange Rate API
2025-10-05,Euro,€,105.2462,Exchange Rate API
2025-10-04,Euro,€,104.6824,Exchange Rate API
2025-10-03,Euro,€,104.2417,Exchange Rate API
2025-10-02,Euro,€,104.3203,Exchange Rate API
2025-10-01,Euro,€,104.0747,Exchange Rate API
2025-09-30,Euro,€,104.6916,Exchange Rate API
2025-09-29,Euro,€,104.2123,Exchange Rate API
2025-09-28,Euro,€,104.543,Exchange Rate API
2025-09-27,Euro,€,104.6764,Exchange Rate API
2025-09-26,Euro,€,105.0416,Exchange Rate API
2025-09-25,Euro,€,104.6958,Exchange Rate API
2025-09-24,Euro,€,104.7242,Exchange Rate API
2025-09-23,Euro,€,104.662,Exchange Rate API
2025-09-22,Euro,€,104.5901,Exchange Rate API
2025-09-21,Euro,€,105.0421,Exchange Rate API
2025-09-20,Euro,€,105.6598,Exchange Rate API
2025-09-19,Euro,€,105.413,Exchange Rate API
2025-09-18,Euro,€,105.5661,Exchange Rate API
2025-09-17,Euro,€,105.705,Exchange Rate API
2025-09-16,Euro,€,106.0095,Exchange Rate API
2025-09-15,Euro,€,106.5789,Exchange Rate API
2025-09-14,Euro,€,106.2052,Exchange Rate API
2025-09-13,Euro,€,105.8369,Exchange Rate API
2025-09-12,Euro,€,106.0407,Exchange Rate API
2025-09-11,Euro,€,105.6043,Exchange Rate API
2025-09-10,Euro,€,105.1909,Exchange Rate API
2025-09-09,Euro,€,104.6545,Exchange Rate API
2025-09-08,Euro,€,104.0299,Exchange Rate API
2025-09-07,Euro,€,103.9681,Exchange Rate API
2025-09-06,Euro,€,104.0851,Exchange Rate API
2025-09-05,Euro,€,103.8244,Exchange Rate API
2025-09-04,Euro,€,103.4898,Exchange Rate API
2025-09-03,Euro,€,103.7468,Exchange Rate API
2025-09-02,Euro,€,103.9995,Exchange Rate API
2025-09-01,Euro,€,103.9421,Exchange Rate API
2025-08-31,Euro,€,104.1758,Exchange Rate API
2025-08-30,Euro,€,104.7057,Exchange Rate API
2025-08-29,Euro,€,105.0673,Exchange Rate API
2025-08-28,Euro,€,105.225,Exchange Rate API
2025-08-27,Euro,€,105.4285,Exchange Rate API
2025-08-26,Euro,€,105.9772,Exchange Rate API
2025-08-25,Euro,€,105.882,Exchange Rate API
2025-08-24,Euro,€,105.9386,Exchange Rate API
2025-08-23,Euro,€,106.1263,Exchange Rate API
2025-08-22,Euro,€,106.6464,Exchange Rate API
2025-08-21,Euro,€,107.0644,Exchange Rate API
2025-08-20,Euro,€,106.5138,Exchange Rate API
2025-08-19,Euro,€,106.0868,Exchange Rate API
2025-08-18,Euro,€,105.8419,Exchange Rate API
2025-08-17,Euro,€,106.1581,Exchange Rate API
2025-08-16,Euro,€,106.2463,Exchange Rate API
2025-08-15,Euro,€,105.9768,Exchange Rate API
2025-08-14,Euro,€,105.4991,Exchange Rate API
2025-08-13,Euro,€,105.738,Exchange Rate API
2025-08-12,Euro,€,105.9914,Exchange Rate API
2025-08-11,Euro,€,106.5544,Exchange Rate API
2025-08-10,Euro,€,106.555,Exchange Rate API
2025-08-09,Euro,€,106.5471,Exchange Rate API
2025-08-08,Euro,€,106.0107,Exchange Rate API
2025-08-07,Euro,€,105.4253,Exchange Rate API
2025-08-06,Euro,€,105.3393,Exchange Rate API
2025-08-05,Euro,€,105.1147,Exchange Rate API
2025-08-04,Euro,€,104.7998,Exchange Rate API
2025-08-03,Euro,€,104.2859,Exchange Rate API
2025-08-02,Euro,€,104.8639,Exchange Rate API
2025-08-01,Euro,€,105.2867,Exchange Rate API
2025-07-31,Euro,€,105.3817,Exchange Rate API
2025-07-30,Euro,€,105.9518,Exchange Rate API
2025-07-29,Euro,€,106.587,Exchange Rate API
2025-07-28,Euro,€,106.8074,Exchange Rate API
2025-07-27,Euro,€,106.512,Exchange Rate API
2025-07-26,Euro,€,105.9243,Exchange Rate API
2026-07-25,British Pound,£,128.783,Exchange Rate API
2026-07-24,British Pound,£,128.7374,Exchange Rate API
2026-07-23,British Pound,£,128.9715,Exchange Rate API
2026-07-22,British Pound,£,129.6154,Exchange Rate API
2026-07-21,British Pound,£,129.12,Exchange Rate API
2026-07-20,British Pound,£,129.2522,Exchange Rate API
2026-07-19,British Pound,£,129.4613,Exchange Rate API
2026-07-18,British Pound,£,129.4484,Exchange Rate API
2026-07-17,British Pound,£,128.8134,Exchange Rate API
2026-07-16,British Pound,£,128.5784,Exchange Rate API
2026-07-15,British Pound,£,128.3212,Exchange Rate API
2026-07-14,British Pound,£,128.5832,Exchange Rate API
2026-07-13,British Pound,£,129.1352,Exchange Rate API
2026-07-12,British Pound,£,128.8715,Exchange Rate API
2026-07-11,British Pound,£,129.171,Exchange Rate API
2026-07-10,British Pound,£,128.8427,Exchange Rate API
2026-07-09,British Pound,£,129.531,Exchange Rate API
2026-07-08,British Pound,£,130.0184,Exchange Rate API
2026-07-07,British Pound,£,130.0966,Exchange Rate API
2026-07-06,British Pound,£,130.0261,Exchange Rate API
2026-07-05,British Pound,£,129.7367,Exchange Rate API
2026-07-04,British Pound,£,129.4616,Exchange Rate API
2026-07-03,British Pound,£,130.1921,Exchange Rate API
2026-07-02,British Pound,£,130.0424,Exchange Rate API
2026-07-01,British Pound,£,130.0652,Exchange Rate API
2026-06-30,British Pound,£,130.827,Exchange Rate API
2026-06-29,British Pound,£,131.0745,Exchange Rate API
2026-06-28,British Pound,£,131.1415,Exchange Rate API
2026-06-27,British Pound,£,131.005,Exchange Rate API
2026-06-26,British Pound,£,130.5139,Exchange Rate API
2026-06-25,British Pound,£,130.2974,Exchange Rate API
2026-06-24,British Pound,£,130.6984,Exchange Rate API
2026-06-23,British Pound,£,130.8951,Exchange Rate API
2026-06-22,British Pound,£,131.3035,Exchange Rate API
2026-06-21,British Pound,£,130.8364,Exchange Rate API
2026-06-20,British Pound,£,130.9137,Exchange Rate API
2026-06-19,British Pound,£,131.5856,Exchange Rate API
2026-06-18,British Pound,£,131.4879,Exchange Rate API
2026-06-17,British Pound,£,131.8007,Exchange Rate API
2026-06-16,British Pound,£,131.2019,Exchange Rate API
2026-06-15,British Pound,£,131.9468,Exchange Rate API
2026-06-14,British Pound,£,132.1192,Exchange Rate API
2026-06-13,British Pound,£,131.7059,Exchange Rate API
2026-06-12,British Pound,£,131.166,Exchange Rate API
2026-06-11,British Pound,£,131.246,Exchange Rate API
2026-06-10,British Pound,£,131.3283,Exchange Rate API
2026-06-09,British Pound,£,130.6872,Exchange Rate API
2026-06-08,British Pound,£,131.4592,Exchange Rate API
2026-06-07,British Pound,£,132.1106,Exchange Rate API
2026-06-06,British Pound,£,132.0495,Exchange Rate API
2026-06-05,British Pound,£,131.4433,Exchange Rate API
2026-06-04,British Pound,£,131.9672,Exchange Rate API
2026-06-03,British Pound,£,131.9646,Exchange Rate API
2026-06-02,British Pound,£,132.3076,Exchange Rate API
2026-06-01,British Pound,£,132.3217,Exchange Rate API
2026-05-31,British Pound,£,131.9619,Exchange Rate API
2026-05-30,British Pound,£,132.4919,Exchange Rate API
2026-05-29,British Pound,£,133.2554,Exchange Rate API
2026-05-28,British Pound,£,132.8456,Exchange Rate API
2026-05-27,British Pound,£,132.9273,Exchange Rate API
2026-05-26,British Pound,£,132.7416,Exchange Rate API
2026-05-25,British Pound,£,133.4136,Exchange Rate API
2026-05-24,British Pound,£,133.4268,Exchange Rate API
2026-05-23,British Pound,£,134.0341,Exchange Rate API
2026-05-22,British Pound,£,134.6196,Exchange Rate API
2026-05-21,British Pound,£,134.2581,Exchange Rate API
2026-05-20,British Pound,£,134.7253,Exchange Rate API
2026-05-19,British Pound,£,134.5878,Exchange Rate API
2026-05-18,British Pound,£,135.2891,Exchange Rate API
2026-05-17,British Pound,£,135.3017,Exchange Rate API
2026-05-16,British Pound,£,135.8222,Exchange Rate API
2026-05-15,British Pound,£,135.4683,Exchange Rate API
2026-05-14,British Pound,£,135.1408,Exchange Rate API
2026-05-13,British Pound,£,135.2818,Exchange Rate API
2026-05-12,British Pound,£,136.0917,Exchange Rate API
2026-05-11,British Pound,£,136.0748,Exchange Rate API
2026-05-10,British Pound,£,135.501,Exchange Rate API
2026-05-09,British Pound,£,135.5637,Exchange Rate API
2026-05-08,British Pound,£,135.3118,Exchange Rate API
2026-05-07,British Pound,£,135.3961,Exchange Rate API
2026-05-06,British Pound,£,135.4667,Exchange Rate API
2026-05-05,British Pound,£,135.3941,Exchange Rate API
2026-05-04,British Pound,£,135.1045,Exchange Rate API
2026-05-03,British Pound,£,134.5997,Exchange Rate API
2026-05-02,British Pound,£,134.9187,Exchange Rate API
2026-05-01,British Pound,£,135.0349,Exchange Rate API
2026-04-30,British Pound,£,134.6032,Exchange Rate API
2026-04-29,British Pound,£,135.0483,Exchange Rate API
2026-04-28,British Pound,£,134.3087,Exchange Rate API
2026-04-27,British Pound,£,134.7031,Exchange Rate API
2026-04-26,British Pound,£,135.0348,Exchange Rate API
2026-04-25,British Pound,£,135.5394,Exchange Rate API
2026-04-24,British Pound,£,135.3541,Exchange Rate API
2026-04-23,British Pound,£,135.62,Exchange Rate API
2026-04-22,British Pound,£,136.142,Exchange Rate API
2026-04-21,British Pound,£,136.9275,Exchange Rate API
2026-04-20,British Pound,£,136.9198,Exchange Rate API
2026-04-19,British Pound,£,136.1591,Exchange Rate API
2026-04-18,British Pound,£,136.1628,Exchange Rate API
2026-04-17,British Pound,£,136.3102,Exchange Rate API
2026-04-16,British Pound,£,136.9149,Exchange Rate API
2026-04-15,British Pound,£,137.5297,Exchange Rate API
2026-04-14,British Pound,£,137.4312,Exchange Rate API
2026-04-13,British Pound,£,137.474,Exchange Rate API
2026-04-12,British Pound,£,137.4029,Exchange Rate API
2026-04-11,British Pound,£,137.7697,Exchange Rate API
2026-04-10,British Pound,£,137.6209,Exchange Rate API
2026-04-09,British Pound,£,137.8765,Exchange Rate API
2026-04-08,British Pound,£,137.3046,Exchange Rate API
2026-04-07,British Pound,£,137.2543,Exchange Rate API
2026-04-06,British Pound,£,138.0271,Exchange Rate API
2026-04-05,British Pound,£,137.7597,Exchange Rate API
2026-04-04,British Pound,£,138.0783,Exchange Rate API
2026-04-03,British Pound,£,138.3266,Exchange Rate API
2026-04-02,British Pound,£,138.9105,Exchange Rate API
2026-04-01,British Pound,£,139.4978,Exchange Rate API
2026-03-31,British Pound,£,140.0993,Exchange Rate API
2026-03-30,British Pound,£,139.8976,Exchange Rate API
2026-03-29,British Pound,£,139.5898,Exchange Rate API
2026-03-28,British Pound,£,139.9562,Exchange Rate API
2026-03-27,British Pound,£,140.3919,Exchange Rate API
2026-03-26,British Pound,£,141.0193,Exchange Rate API
2026-03-25,British Pound,£,140.2339,Exchange Rate API
2026-03-24,British Pound,£,139.5076,Exchange Rate API
2026-03-23,British Pound,£,139.7272,Exchange Rate API
2026-03-22,British Pound,£,140.433,Exchange Rate API
2026-03-21,British Pound,£,141.2713,Exchange Rate API
2026-03-20,British Pound,£,141.6896,Exchange Rate API
2026-03-19,British Pound,£,141.5773,Exchange Rate API
2026-03-18,British Pound,£,140.8951,Exchange Rate API
2026-03-17,British Pound,£,141.1212,Exchange Rate API
2026-03-16,British Pound,£,141.7521,Exchange Rate API
2026-03-15,British Pound,£,141.6563,Exchange Rate API
2026-03-14,British Pound,£,141.9861,Exchange Rate API
2026-03-13,British Pound,£,142.6735,Exchange Rate API
2026-03-12,British Pound,£,141.8962,Exchange Rate API
2026-03-11,British Pound,£,142.4005,Exchange Rate API
2026-03-10,British Pound,£,142.0474,Exchange Rate API
2026-03-09,British Pound,£,141.8341,Exchange Rate API
2026-03-08,British Pound,£,141.2309,Exchange Rate API
2026-03-07,British Pound,£,141.2837,Exchange Rate API
2026-03-06,British Pound,£,141.3955,Exchange Rate API
2026-03-05,British Pound,£,141.8918,Exchange Rate API
2026-03-04,British Pound,£,141.3299,Exchange Rate API
2026-03-03,British Pound,£,140.6158,Exchange Rate API
2026-03-02,British Pound,£,141.2416,Exchange Rate API
2026-03-01,British Pound,£,141.4445,Exchange Rate API
2026-02-28,British Pound,£,141.0046,Exchange Rate API
2026-02-27,British Pound,£,141.7031,Exchange Rate API
2026-02-26,British Pound,£,141.0962,Exchange Rate API
2026-02-25,British Pound,£,141.0304,Exchange Rate API
2026-02-24,British Pound,£,140.614,Exchange Rate API
2026-02-23,British Pound,£,140.2011,Exchange Rate API
2026-02-22,British Pound,£,139.3757,Exchange Rate API
2026-02-21,British Pound,£,139.8852,Exchange Rate API
2026-02-20,British Pound,£,140.5587,Exchange Rate API
2026-02-19,British Pound,£,140.8583,Exchange Rate API
2026-02-18,British Pound,£,140.2802,Exchange Rate API
2026-02-17,British Pound,£,140.1821,Exchange Rate API
2026-02-16,British Pound,£,139.9223,Exchange Rate API
2026-02-15,British Pound,£,140.0693,Exchange Rate API
2026-02-14,British Pound,£,140.3028,Exchange Rate API
2026-02-13,British Pound,£,140.1754,Exchange Rate API
2026-02-12,British Pound,£,139.755,Exchange Rate API
2026-02-11,British Pound,£,140.3341,Exchange Rate API
2026-02-10,British Pound,£,139.8276,Exchange Rate API
2026-02-09,British Pound,£,139.6341,Exchange Rate API
2026-02-08,British Pound,£,139.606,Exchange Rate API
2026-02-07,British Pound,£,139.1657,Exchange Rate API
2026-02-06,British Pound,£,139.2858,Exchange Rate API
2026-02-05,British Pound,£,139.4108,Exchange Rate API
2026-02-04,British Pound,£,140.235,Exchange Rate API
2026-02-03,British Pound,£,139.8904,Exchange Rate API
2026-02-02,British Pound,£,140.6927,Exchange Rate API
2026-02-01,British Pound,£,140.9598,Exchange Rate API
2026-01-31,British Pound,£,140.5783,Exchange Rate API
2026-01-30,British Pound,£,140.6895,Exchange Rate API
2026-01-29,British Pound,£,141.0032,Exchange Rate API
2026-01-28,British Pound,£,141.4172,Exchange Rate API
2026-01-27,British Pound,£,140.6519,Exchange Rate API
2026-01-26,British Pound,£,140.8315,Exchange Rate API
2026-01-25,British Pound,£,140.826,Exchange Rate API
2026-01-24,British Pound,£,141.509,Exchange Rate API
2026-01-23,British Pound,£,141.1459,Exchange Rate API
2026-01-22,British Pound,£,141.6521,Exchange Rate API
2026-01-21,British Pound,£,141.8341,Exchange Rate API
2026-01-20,British Pound,£,141.5827,Exchange Rate API
2026-01-19,British Pound,£,141.8148,Exchange Rate API
2026-01-18,British Pound,£,142.0205,Exchange Rate API
2026-01-17,British Pound,£,142.3235,Exchange Rate API
2026-01-16,British Pound,£,142.7008,Exchange Rate API
2026-01-15,British Pound,£,142.9734,Exchange Rate API
2026-01-14,British Pound,£,143.5539,Exchange Rate API
2026-01-13,British Pound,£,143.7748,Exchange Rate API
2026-01-12,British Pound,£,144.4708,Exchange Rate API
2026-01-11,British Pound,£,144.7245,Exchange Rate API
2026-01-10,British Pound,£,144.3927,Exchange Rate API
2026-01-09,British Pound,£,144.2902,Exchange Rate API
2026-01-08,British Pound,£,144.428,Exchange Rate API
2026-01-07,British Pound,£,144.8307,Exchange Rate API
2026-01-06,British Pound,£,144.1184,Exchange Rate API
2026-01-05,British Pound,£,143.7641,Exchange Rate API
2026-01-04,British Pound,£,144.191,Exchange Rate API
2026-01-03,British Pound,£,143.6298,Exchange Rate API
2026-01-02,British Pound,£,142.9958,Exchange Rate API
2026-01-01,British Pound,£,143.0634,Exchange Rate API
2025-12-31,British Pound,£,143.8728,Exchange Rate API
2025-12-30,British Pound,£,143.9261,Exchange Rate API
2025-12-29,British Pound,£,144.6402,Exchange Rate API
2025-12-28,British Pound,£,145.2138,Exchange Rate API
2025-12-27,British Pound,£,144.7903,Exchange Rate API
2025-12-26,British Pound,£,145.3544,Exchange Rate API
2025-12-25,British Pound,£,145.3227,Exchange Rate API
2025-12-24,British Pound,£,145.8572,Exchange Rate API
2025-12-23,British Pound,£,146.2887,Exchange Rate API
2025-12-22,British Pound,£,146.0056,Exchange Rate API
2025-12-21,British Pound,£,145.3314,Exchange Rate API
2025-12-20,British Pound,£,146.1387,Exchange Rate API
2025-12-19,British Pound,£,145.5087,Exchange Rate API
2025-12-18,British Pound,£,146.3233,Exchange Rate API
2025-12-17,British Pound,£,146.9557,Exchange Rate API
2025-12-16,British Pound,£,147.3511,Exchange Rate API
2025-12-15,British Pound,£,148.1997,Exchange Rate API
2025-12-14,British Pound,£,149.0307,Exchange Rate API
2025-12-13,British Pound,£,149.5754,Exchange Rate API
2025-12-12,British Pound,£,149.3345,Exchange Rate API
2025-12-11,British Pound,£,149.8554,Exchange Rate API
2025-12-10,British Pound,£,148.9813,Exchange Rate API
2025-12-09,British Pound,£,149.0467,Exchange Rate API
2025-12-08,British Pound,£,148.9658,Exchange Rate API
2025-12-07,British Pound,£,149.2747,Exchange Rate API
2025-12-06,British Pound,£,149.5834,Exchange Rate API
2025-12-05,British Pound,£,149.7352,Exchange Rate API
2025-12-04,British Pound,£,150.3145,Exchange Rate API
2025-12-03,British Pound,£,151.1087,Exchange Rate API
2025-12-02,British Pound,£,150.3985,Exchange Rate API
2025-12-01,British Pound,£,149.9181,Exchange Rate API
2025-11-30,British Pound,£,149.0636,Exchange Rate API
2025-11-29,British Pound,£,149.7509,Exchange Rate API
2025-11-28,British Pound,£,149.8612,Exchange Rate API
2025-11-27,British Pound,£,150.608,Exchange Rate API
2025-11-26,British Pound,£,150.1044,Exchange Rate API
2025-11-25,British Pound,£,149.3176,Exchange Rate API
2025-11-24,British Pound,£,149.8979,Exchange Rate API
2025-11-23,British Pound,£,150.6343,Exchange Rate API
2025-11-22,British Pound,£,150.2767,Exchange Rate API
2025-11-21,British Pound,£,150.1113,Exchange Rate API
2025-11-20,British Pound,£,149.4624,Exchange Rate API
2025-11-19,British Pound,£,150.2628,Exchange Rate API
2025-11-18,British Pound,£,149.91,Exchange Rate API
2025-11-17,British Pound,£,149.8967,Exchange Rate API
2025-11-16,British Pound,£,149.1721,Exchange Rate API
2025-11-15,British Pound,£,149.8653,Exchange Rate API
2025-11-14,British Pound,£,149.2101,Exchange Rate API
2025-11-13,British Pound,£,149.1271,Exchange Rate API
2025-11-12,British Pound,£,149.4322,Exchange Rate API
2025-11-11,British Pound,£,149.8682,Exchange Rate API
2025-11-10,British Pound,£,150.6702,Exchange Rate API
2025-11-09,British Pound,£,150.524,Exchange Rate API
2025-11-08,British Pound,£,150.9616,Exchange Rate API
2025-11-07,British Pound,£,150.3358,Exchange Rate API
2025-11-06,British Pound,£,150.1822,Exchange Rate API
2025-11-05,British Pound,£,149.4596,Exchange Rate API
2025-11-04,British Pound,£,149.4405,Exchange Rate API
2025-11-03,British Pound,£,149.2757,Exchange Rate API
2025-11-02,British Pound,£,150.0845,Exchange Rate API
2025-11-01,British Pound,£,149.2429,Exchange Rate API
2025-10-31,British Pound,£,149.011,Exchange Rate API
2025-10-30,British Pound,£,148.9098,Exchange Rate API
2025-10-29,British Pound,£,149.7149,Exchange Rate API
2025-10-28,British Pound,£,150.3535,Exchange Rate API
2025-10-27,British Pound,£,149.6306,Exchange Rate API
2025-10-26,British Pound,£,149.964,Exchange Rate API
2025-10-25,British Pound,£,150.044,Exchange Rate API
2025-10-24,British Pound,£,150.9044,Exchange Rate API
2025-10-23,British Pound,£,150.6485,Exchange Rate API
2025-10-22,British Pound,£,150.4644,Exchange Rate API
2025-10-21,British Pound,£,149.9043,Exchange Rate API
2025-10-20,British Pound,£,149.2246,Exchange Rate API
2025-10-19,British Pound,£,149.8478,Exchange Rate API
2025-10-18,British Pound,£,149.7664,Exchange Rate API
2025-10-17,British Pound,£,150.0589,Exchange Rate API
2025-10-16,British Pound,£,150.3141,Exchange Rate API
2025-10-15,British Pound,£,150.4893,Exchange Rate API
2025-10-14,British Pound,£,149.6249,Exchange Rate API
2025-10-13,British Pound,£,150.1398,Exchange Rate API
2025-10-12,British Pound,£,149.6778,Exchange Rate API
2025-10-11,British Pound,£,149.0059,Exchange Rate API
2025-10-10,British Pound,£,149.1214,Exchange Rate API
2025-10-09,British Pound,£,148.3494,Exchange Rate API
2025-10-08,British Pound,£,148.8214,Exchange Rate API
2025-10-07,British Pound,£,148.2984,Exchange Rate API
2025-10-06,British Pound,£,147.7929,Exchange Rate API
2025-10-05,British Pound,£,148.4486,Exchange Rate API
2025-10-04,British Pound,£,148.1432,Exchange Rate API
2025-10-03,British Pound,£,147.5167,Exchange Rate API
2025-10-02,British Pound,£,148.2257,Exchange Rate API
2025-10-01,British Pound,£,147.3414,Exchange Rate API
2025-09-30,British Pound,£,147.9751,Exchange Rate API
2025-09-29,British Pound,£,147.3442,Exchange Rate API
2025-09-28,British Pound,£,146.69,Exchange Rate API
2025-09-27,British Pound,£,146.2511,Exchange Rate API
2025-09-26,British Pound,£,145.6798,Exchange Rate API
2025-09-25,British Pound,£,145.9614,Exchange Rate API
2025-09-24,British Pound,£,145.1308,Exchange Rate API
2025-09-23,British Pound,£,144.2859,Exchange Rate API
2025-09-22,British Pound,£,144.788,Exchange Rate API
2025-09-21,British Pound,£,144.3327,Exchange Rate API
2025-09-20,British Pound,£,144.0275,Exchange Rate API
2025-09-19,British Pound,£,143.4645,Exchange Rate API
2025-09-18,British Pound,£,142.6939,Exchange Rate API
2025-09-17,British Pound,£,143.1078,Exchange Rate API
2025-09-16,British Pound,£,143.1526,Exchange Rate API
2025-09-15,British Pound,£,143.5746,Exchange Rate API
2025-09-14,British Pound,£,143.5337,Exchange Rate API
2025-09-13,British Pound,£,144.0126,Exchange Rate API
2025-09-12,British Pound,£,144.0355,Exchange Rate API
2025-09-11,British Pound,£,143.3598,Exchange Rate API
2025-09-10,British Pound,£,143.3664,Exchange Rate API
2025-09-09,British Pound,£,144.1327,Exchange Rate API
2025-09-08,British Pound,£,143.3429,Exchange Rate API
2025-09-07,British Pound,£,143.8301,Exchange Rate API
2025-09-06,British Pound,£,144.4635,Exchange Rate API
2025-09-05,British Pound,£,144.5007,Exchange Rate API
2025-09-04,British Pound,£,144.4279,Exchange Rate API
2025-09-03,British Pound,£,145.2321,Exchange Rate API
2025-09-02,British Pound,£,144.4667,Exchange Rate API
2025-09-01,British Pound,£,144.4303,Exchange Rate API
2025-08-31,British Pound,£,144.2598,Exchange Rate API
2025-08-30,British Pound,£,144.582,Exchange Rate API
2025-08-29,British Pound,£,144.5651,Exchange Rate API
2025-08-28,British Pound,£,145.2758,Exchange Rate API
2025-08-27,British Pound,£,144.5323,Exchange Rate API
2025-08-26,British Pound,£,143.8052,Exchange Rate API
2025-08-25,British Pound,£,143.9921,Exchange Rate API
2025-08-24,British Pound,£,143.2416,Exchange Rate API
2025-08-23,British Pound,£,142.8549,Exchange Rate API
2025-08-22,British Pound,£,143.083,Exchange Rate API
2025-08-21,British Pound,£,143.166,Exchange Rate API
2025-08-20,British Pound,£,142.8657,Exchange Rate API
2025-08-19,British Pound,£,143.7137,Exchange Rate API
2025-08-18,British Pound,£,143.7664,Exchange Rate API
2025-08-17,British Pound,£,143.6865,Exchange Rate API
2025-08-16,British Pound,£,143.8683,Exchange Rate API
2025-08-15,British Pound,£,143.1763,Exchange Rate API
2025-08-14,British Pound,£,143.523,Exchange Rate API
2025-08-13,British Pound,£,144.1306,Exchange Rate API
2025-08-12,British Pound,£,144.3916,Exchange Rate API
2025-08-11,British Pound,£,144.8576,Exchange Rate API
2025-08-10,British Pound,£,145.2415,Exchange Rate API
2025-08-09,British Pound,£,144.7448,Exchange Rate API
2025-08-08,British Pound,£,144.6607,Exchange Rate API
2025-08-07,British Pound,£,144.1894,Exchange Rate API
2025-08-06,British Pound,£,143.9107,Exchange Rate API
2025-08-05,British Pound,£,143.8304,Exchange Rate API
2025-08-04,British Pound,£,143.6854,Exchange Rate API
2025-08-03,British Pound,£,142.9872,Exchange Rate API
2025-08-02,British Pound,£,142.8615,Exchange Rate API
2025-08-01,British Pound,£,143.1446,Exchange Rate API
2025-07-31,British Pound,£,142.9287,Exchange Rate API
2025-07-30,British Pound,£,142.3329,Exchange Rate API
2025-07-29,British Pound,£,143.0554,Exchange Rate API
2025-07-28,British Pound,£,142.3123,Exchange Rate API
2025-07-27,British Pound,£,142.8789,Exchange Rate API
2025-07-26,British Pound,£,142.1815,Exchange Rate API
2026-07-25,Japanese Yen,¥,0.5902,Exchange Rate API
2026-07-24,Japanese Yen,¥,0.5919,Exchange Rate API
2026-07-23,Japanese Yen,¥,0.5941,Exchange Rate API
2026-07-22,Japanese Yen,¥,0.5945,Exchange Rate API
2026-07-21,Japanese Yen,¥,0.5951,Exchange Rate API
2026-07-20,Japanese Yen,¥,0.5955,Exchange Rate API
2026-07-19,Japanese Yen,¥,0.5943,Exchange Rate API
2026-07-18,Japanese Yen,¥,0.5916,Exchange Rate API
2026-07-17,Japanese Yen,¥,0.5906,Exchange Rate API
2026-07-16,Japanese Yen,¥,0.5918,Exchange Rate API
2026-07-15,Japanese Yen,¥,0.5936,Exchange Rate API
2026-07-14,Japanese Yen,¥,0.5962,Exchange Rate API
2026-07-13,Japanese Yen,¥,0.5978,Exchange Rate API
2026-07-12,Japanese Yen,¥,0.6012,Exchange Rate API
2026-07-11,Japanese Yen,¥,0.6019,Exchange Rate API
2026-07-10,Japanese Yen,¥,0.6008,Exchange Rate API
2026-07-09,Japanese Yen,¥,0.6014,Exchange Rate API
2026-07-08,Japanese Yen,¥,0.5993,Exchange Rate API
2026-07-07,Japanese Yen,¥,0.6004,Exchange Rate API
2026-07-06,Japanese Yen,¥,0.5984,Exchange Rate API
2026-07-05,Japanese Yen,¥,0.5956,Exchange Rate API
2026-07-04,Japanese Yen,¥,0.5981,Exchange Rate API
2026-07-03,Japanese Yen,¥,0.5971,Exchange Rate API
2026-07-02,Japanese Yen,¥,0.599,Exchange Rate API
2026-07-01,Japanese Yen,¥,0.5995,Exchange Rate API
2026-06-30,Japanese Yen,¥,0.6017,Exchange Rate API
2026-06-29,Japanese Yen,¥,0.6042,Exchange Rate API
2026-06-28,Japanese Yen,¥,0.6076,Exchange Rate API
2026-06-27,Japanese Yen,¥,0.6099,Exchange Rate API
2026-06-26,Japanese Yen,¥,0.6107,Exchange Rate API
2026-06-25,Japanese Yen,¥,0.6117,Exchange Rate API
2026-06-24,Japanese Yen,¥,0.6082,Exchange Rate API
2026-06-23,Japanese Yen,¥,0.6113,Exchange Rate API
2026-06-22,Japanese Yen,¥,0.6137,Exchange Rate API
2026-06-21,Japanese Yen,¥,0.612,Exchange Rate API
2026-06-20,Japanese Yen,¥,0.6097,Exchange Rate API
2026-06-19,Japanese Yen,¥,0.6112,Exchange Rate API
2026-06-18,Japanese Yen,¥,0.6098,Exchange Rate API
2026-06-17,Japanese Yen,¥,0.6086,Exchange Rate API
2026-06-16,Japanese Yen,¥,0.605,Exchange Rate API
2026-06-15,Japanese Yen,¥,0.6077,Exchange Rate API
2026-06-14,Japanese Yen,¥,0.6082,Exchange Rate API
2026-06-13,Japanese Yen,¥,0.6075,Exchange Rate API
2026-06-12,Japanese Yen,¥,0.6049,Exchange Rate API
2026-06-11,Japanese Yen,¥,0.6059,Exchange Rate API
2026-06-10,Japanese Yen,¥,0.6025,Exchange Rate API
2026-06-09,Japanese Yen,¥,0.6043,Exchange Rate API
2026-06-08,Japanese Yen,¥,0.6022,Exchange Rate API
2026-06-07,Japanese Yen,¥,0.6016,Exchange Rate API
2026-06-06,Japanese Yen,¥,0.6005,Exchange Rate API
2026-06-05,Japanese Yen,¥,0.5996,Exchange Rate API
2026-06-04,Japanese Yen,¥,0.6012,Exchange Rate API
2026-06-03,Japanese Yen,¥,0.6032,Exchange Rate API
2026-06-02,Japanese Yen,¥,0.6037,Exchange Rate API
2026-06-01,Japanese Yen,¥,0.6007,Exchange Rate API
2026-05-31,Japanese Yen,¥,0.5975,Exchange Rate API
2026-05-30,Japanese Yen,¥,0.595,Exchange Rate API
2026-05-29,Japanese Yen,¥,0.5958,Exchange Rate API
2026-05-28,Japanese Yen,¥,0.597,Exchange Rate API
2026-05-27,Japanese Yen,¥,0.5954,Exchange Rate API
2026-05-26,Japanese Yen,¥,0.5966,Exchange Rate API
2026-05-25,Japanese Yen,¥,0.5965,Exchange Rate API
2026-05-24,Japanese Yen,¥,0.5961,Exchange Rate API
2026-05-23,Japanese Yen,¥,0.5945,Exchange Rate API
2026-05-22,Japanese Yen,¥,0.5963,Exchange Rate API
2026-05-21,Japanese Yen,¥,0.5935,Exchange Rate API
2026-05-20,Japanese Yen,¥,0.593,Exchange Rate API
2026-05-19,Japanese Yen,¥,0.5915,Exchange Rate API
2026-05-18,Japanese Yen,¥,0.5928,Exchange Rate API
2026-05-17,Japanese Yen,¥,0.5927,Exchange Rate API
2026-05-16,Japanese Yen,¥,0.5939,Exchange Rate API
2026-05-15,Japanese Yen,¥,0.5907,Exchange Rate API
2026-05-14,Japanese Yen,¥,0.59,Exchange Rate API
2026-05-13,Japanese Yen,¥,0.5907,Exchange Rate API
2026-05-12,Japanese Yen,¥,0.5872,Exchange Rate API
2026-05-11,Japanese Yen,¥,0.5858,Exchange Rate API
2026-05-10,Japanese Yen,¥,0.5838,Exchange Rate API
2026-05-09,Japanese Yen,¥,0.5813,Exchange Rate API
2026-05-08,Japanese Yen,¥,0.5796,Exchange Rate API
2026-05-07,Japanese Yen,¥,0.5784,Exchange Rate API
2026-05-06,Japanese Yen,¥,0.575,Exchange Rate API
2026-05-05,Japanese Yen,¥,0.5767,Exchange Rate API
2026-05-04,Japanese Yen,¥,0.5745,Exchange Rate API
2026-05-03,Japanese Yen,¥,0.5737,Exchange Rate API
2026-05-02,Japanese Yen,¥,0.5751,Exchange Rate API
2026-05-01,Japanese Yen,¥,0.5751,Exchange Rate API
2026-04-30,Japanese Yen,¥,0.5774,Exchange Rate API
2026-04-29,Japanese Yen,¥,0.5795,Exchange Rate API
2026-04-28,Japanese Yen,¥,0.5765,Exchange Rate API
2026-04-27,Japanese Yen,¥,0.579,Exchange Rate API
2026-04-26,Japanese Yen,¥,0.5758,Exchange Rate API
2026-04-25,Japanese Yen,¥,0.5725,Exchange Rate API
2026-04-24,Japanese Yen,¥,0.5754,Exchange Rate API
2026-04-23,Japanese Yen,¥,0.5779,Exchange Rate API
2026-04-22,Japanese Yen,¥,0.5784,Exchange Rate API
2026-04-21,Japanese Yen,¥,0.5789,Exchange Rate API
2026-04-20,Japanese Yen,¥,0.5804,Exchange Rate API
2026-04-19,Japanese Yen,¥,0.5798,Exchange Rate API
2026-04-18,Japanese Yen,¥,0.5771,Exchange Rate API
2026-04-17,Japanese Yen,¥,0.5738,Exchange Rate API
2026-04-16,Japanese Yen,¥,0.5726,Exchange Rate API
2026-04-15,Japanese Yen,¥,0.5747,Exchange Rate API
2026-04-14,Japanese Yen,¥,0.5755,Exchange Rate API
2026-04-13,Japanese Yen,¥,0.5778,Exchange Rate API
2026-04-12,Japanese Yen,¥,0.5807,Exchange Rate API
2026-04-11,Japanese Yen,¥,0.5778,Exchange Rate API
2026-04-10,Japanese Yen,¥,0.5802,Exchange Rate API
2026-04-09,Japanese Yen,¥,0.5784,Exchange Rate API
2026-04-08,Japanese Yen,¥,0.579,Exchange Rate API
2026-04-07,Japanese Yen,¥,0.5792,Exchange Rate API
2026-04-06,Japanese Yen,¥,0.5785,Exchange Rate API
2026-04-05,Japanese Yen,¥,0.5772,Exchange Rate API
2026-04-04,Japanese Yen,¥,0.5761,Exchange Rate API
2026-04-03,Japanese Yen,¥,0.5749,Exchange Rate API
2026-04-02,Japanese Yen,¥,0.5726,Exchange Rate API
2026-04-01,Japanese Yen,¥,0.5727,Exchange Rate API
2026-03-31,Japanese Yen,¥,0.57,Exchange Rate API
2026-03-30,Japanese Yen,¥,0.5701,Exchange Rate API
2026-03-29,Japanese Yen,¥,0.5729,Exchange Rate API
2026-03-28,Japanese Yen,¥,0.5719,Exchange Rate API
2026-03-27,Japanese Yen,¥,0.5735,Exchange Rate API
2026-03-26,Japanese Yen,¥,0.5757,Exchange Rate API
2026-03-25,Japanese Yen,¥,0.5779,Exchange Rate API
2026-03-24,Japanese Yen,¥,0.5761,Exchange Rate API
2026-03-23,Japanese Yen,¥,0.5737,Exchange Rate API
2026-03-22,Japanese Yen,¥,0.5716,Exchange Rate API
2026-03-21,Japanese Yen,¥,0.5723,Exchange Rate API
2026-03-20,Japanese Yen,¥,0.5741,Exchange Rate API
2026-03-19,Japanese Yen,¥,0.5752,Exchange Rate API
2026-03-18,Japanese Yen,¥,0.573,Exchange Rate API
2026-03-17,Japanese Yen,¥,0.5749,Exchange Rate API
2026-03-16,Japanese Yen,¥,0.5749,Exchange Rate API
2026-03-15,Japanese Yen,¥,0.5767,Exchange Rate API
2026-03-14,Japanese Yen,¥,0.5785,Exchange Rate API
2026-03-13,Japanese Yen,¥,0.5781,Exchange Rate API
2026-03-12,Japanese Yen,¥,0.581,Exchange Rate API
2026-03-11,Japanese Yen,¥,0.5814,Exchange Rate API
2026-03-10,Japanese Yen,¥,0.5823,Exchange Rate API
2026-03-09,Japanese Yen,¥,0.5832,Exchange Rate API
2026-03-08,Japanese Yen,¥,0.5857,Exchange Rate API
2026-03-07,Japanese Yen,¥,0.5866,Exchange Rate API
2026-03-06,Japanese Yen,¥,0.5841,Exchange Rate API
2026-03-05,Japanese Yen,¥,0.5811,Exchange Rate API
2026-03-04,Japanese Yen,¥,0.5807,Exchange Rate API
2026-03-03,Japanese Yen,¥,0.5793,Exchange Rate API
2026-03-02,Japanese Yen,¥,0.5777,Exchange Rate API
2026-03-01,Japanese Yen,¥,0.5746,Exchange Rate API
2026-02-28,Japanese Yen,¥,0.5747,Exchange Rate API
2026-02-27,Japanese Yen,¥,0.5734,Exchange Rate API
2026-02-26,Japanese Yen,¥,0.5731,Exchange Rate API
2026-02-25,Japanese Yen,¥,0.5701,Exchange Rate API
2026-02-24,Japanese Yen,¥,0.5724,Exchange Rate API
2026-02-23,Japanese Yen,¥,0.5695,Exchange Rate API
2026-02-22,Japanese Yen,¥,0.572,Exchange Rate API
2026-02-21,Japanese Yen,¥,0.5744,Exchange Rate API
2026-02-20,Japanese Yen,¥,0.5752,Exchange Rate API
2026-02-19,Japanese Yen,¥,0.5752,Exchange Rate API
2026-02-18,Japanese Yen,¥,0.5749,Exchange Rate API
2026-02-17,Japanese Yen,¥,0.5753,Exchange Rate API
2026-02-16,Japanese Yen,¥,0.5773,Exchange Rate API
2026-02-15,Japanese Yen,¥,0.58,Exchange Rate API
2026-02-14,Japanese Yen,¥,0.5797,Exchange Rate API
2026-02-13,Japanese Yen,¥,0.5819,Exchange Rate API
2026-02-12,Japanese Yen,¥,0.583,Exchange Rate API
2026-02-11,Japanese Yen,¥,0.5818,Exchange Rate API
2026-02-10,Japanese Yen,¥,0.5816,Exchange Rate API
2026-02-09,Japanese Yen,¥,0.5792,Exchange Rate API
2026-02-08,Japanese Yen,¥,0.5762,Exchange Rate API
2026-02-07,Japanese Yen,¥,0.5735,Exchange Rate API
2026-02-06,Japanese Yen,¥,0.5762,Exchange Rate API
2026-02-05,Japanese Yen,¥,0.5751,Exchange Rate API
2026-02-04,Japanese Yen,¥,0.5766,Exchange Rate API
2026-02-03,Japanese Yen,¥,0.5766,Exchange Rate API
2026-02-02,Japanese Yen,¥,0.5743,Exchange Rate API
2026-02-01,Japanese Yen,¥,0.5726,Exchange Rate API
2026-01-31,Japanese Yen,¥,0.5722,Exchange Rate API
2026-01-30,Japanese Yen,¥,0.5718,Exchange Rate API
2026-01-29,Japanese Yen,¥,0.572,Exchange Rate API
2026-01-28,Japanese Yen,¥,0.5697,Exchange Rate API
2026-01-27,Japanese Yen,¥,0.5688,Exchange Rate API
2026-01-26,Japanese Yen,¥,0.5673,Exchange Rate API
2026-01-25,Japanese Yen,¥,0.5667,Exchange Rate API
2026-01-24,Japanese Yen,¥,0.5656,Exchange Rate API
2026-01-23,Japanese Yen,¥,0.5663,Exchange Rate API
2026-01-22,Japanese Yen,¥,0.5683,Exchange Rate API
2026-01-21,Japanese Yen,¥,0.5693,Exchange Rate API
2026-01-20,Japanese Yen,¥,0.5663,Exchange Rate API
2026-01-19,Japanese Yen,¥,0.5635,Exchange Rate API
2026-01-18,Japanese Yen,¥,0.5647,Exchange Rate API
2026-01-17,Japanese Yen,¥,0.5632,Exchange Rate API
2026-01-16,Japanese Yen,¥,0.5647,Exchange Rate API
2026-01-15,Japanese Yen,¥,0.5658,Exchange Rate API
2026-01-14,Japanese Yen,¥,0.5686,Exchange Rate API
2026-01-13,Japanese Yen,¥,0.5711,Exchange Rate API
2026-01-12,Japanese Yen,¥,0.57,Exchange Rate API
2026-01-11,Japanese Yen,¥,0.5706,Exchange Rate API
2026-01-10,Japanese Yen,¥,0.5681,Exchange Rate API
2026-01-09,Japanese Yen,¥,0.5671,Exchange Rate API
2026-01-08,Japanese Yen,¥,0.5703,Exchange Rate API
2026-01-07,Japanese Yen,¥,0.5717,Exchange Rate API
2026-01-06,Japanese Yen,¥,0.571,Exchange Rate API
2026-01-05,Japanese Yen,¥,0.5717,Exchange Rate API
2026-01-04,Japanese Yen,¥,0.5747,Exchange Rate API
2026-01-03,Japanese Yen,¥,0.5734,Exchange Rate API
2026-01-02,Japanese Yen,¥,0.5726,Exchange Rate API
2026-01-01,Japanese Yen,¥,0.5746,Exchange Rate API
2025-12-31,Japanese Yen,¥,0.5768,Exchange Rate API
2025-12-30,Japanese Yen,¥,0.578,Exchange Rate API
2025-12-29,Japanese Yen,¥,0.5803,Exchange Rate API
2025-12-28,Japanese Yen,¥,0.582,Exchange Rate API
2025-12-27,Japanese Yen,¥,0.5833,Exchange Rate API
2025-12-26,Japanese Yen,¥,0.5835,Exchange Rate API
2025-12-25,Japanese Yen,¥,0.5845,Exchange Rate API
2025-12-24,Japanese Yen,¥,0.584,Exchange Rate API
2025-12-23,Japanese Yen,¥,0.583,Exchange Rate API
2025-12-22,Japanese Yen,¥,0.582,Exchange Rate API
2025-12-21,Japanese Yen,¥,0.5798,Exchange Rate API
2025-12-20,Japanese Yen,¥,0.5778,Exchange Rate API
2025-12-19,Japanese Yen,¥,0.5809,Exchange Rate API
2025-12-18,Japanese Yen,¥,0.5808,Exchange Rate API
2025-12-17,Japanese Yen,¥,0.5789,Exchange Rate API
2025-12-16,Japanese Yen,¥,0.5764,Exchange Rate API
2025-12-15,Japanese Yen,¥,0.5735,Exchange Rate API
2025-12-14,Japanese Yen,¥,0.5759,Exchange Rate API
2025-12-13,Japanese Yen,¥,0.5731,Exchange Rate API
2025-12-12,Japanese Yen,¥,0.575,Exchange Rate API
2025-12-11,Japanese Yen,¥,0.5773,Exchange Rate API
2025-12-10,Japanese Yen,¥,0.58,Exchange Rate API
2025-12-09,Japanese Yen,¥,0.5768,Exchange Rate API
2025-12-08,Japanese Yen,¥,0.5757,Exchange Rate API
2025-12-07,Japanese Yen,¥,0.5775,Exchange Rate API
2025-12-06,Japanese Yen,¥,0.5749,Exchange Rate API
2025-12-05,Japanese Yen,¥,0.574,Exchange Rate API
2025-12-04,Japanese Yen,¥,0.5717,Exchange Rate API
2025-12-03,Japanese Yen,¥,0.574,Exchange Rate API
2025-12-02,Japanese Yen,¥,0.5759,Exchange Rate API
2025-12-01,Japanese Yen,¥,0.578,Exchange Rate API
2025-11-30,Japanese Yen,¥,0.5757,Exchange Rate API
2025-11-29,Japanese Yen,¥,0.5753,Exchange Rate API
2025-11-28,Japanese Yen,¥,0.5747,Exchange Rate API
2025-11-27,Japanese Yen,¥,0.5759,Exchange Rate API
2025-11-26,Japanese Yen,¥,0.5741,Exchange Rate API
2025-11-25,Japanese Yen,¥,0.5737,Exchange Rate API
2025-11-24,Japanese Yen,¥,0.5722,Exchange Rate API
2025-11-23,Japanese Yen,¥,0.5739,Exchange Rate API
2025-11-22,Japanese Yen,¥,0.5735,Exchange Rate API
2025-11-21,Japanese Yen,¥,0.5737,Exchange Rate API
2025-11-20,Japanese Yen,¥,0.5724,Exchange Rate API
2025-11-19,Japanese Yen,¥,0.5745,Exchange Rate API
2025-11-18,Japanese Yen,¥,0.5743,Exchange Rate API
2025-11-17,Japanese Yen,¥,0.5766,Exchange Rate API
2025-11-16,Japanese Yen,¥,0.5757,Exchange Rate API
2025-11-15,Japanese Yen,¥,0.5788,Exchange Rate API
2025-11-14,Japanese Yen,¥,0.5822,Exchange Rate API
2025-11-13,Japanese Yen,¥,0.5819,Exchange Rate API
2025-11-12,Japanese Yen,¥,0.5804,Exchange Rate API
2025-11-11,Japanese Yen,¥,0.5796,Exchange Rate API
2025-11-10,Japanese Yen,¥,0.5798,Exchange Rate API
2025-11-09,Japanese Yen,¥,0.583,Exchange Rate API
2025-11-08,Japanese Yen,¥,0.5852,Exchange Rate API
2025-11-07,Japanese Yen,¥,0.5873,Exchange Rate API
2025-11-06,Japanese Yen,¥,0.5848,Exchange Rate API
2025-11-05,Japanese Yen,¥,0.583,Exchange Rate API
2025-11-04,Japanese Yen,¥,0.584,Exchange Rate API
2025-11-03,Japanese Yen,¥,0.5866,Exchange Rate API
2025-11-02,Japanese Yen,¥,0.587,Exchange Rate API
2025-11-01,Japanese Yen,¥,0.5842,Exchange Rate API
2025-10-31,Japanese Yen,¥,0.5866,Exchange Rate API
2025-10-30,Japanese Yen,¥,0.5891,Exchange Rate API
2025-10-29,Japanese Yen,¥,0.5876,Exchange Rate API
2025-10-28,Japanese Yen,¥,0.5895,Exchange Rate API
2025-10-27,Japanese Yen,¥,0.5879,Exchange Rate API
2025-10-26,Japanese Yen,¥,0.5908,Exchange Rate API
2025-10-25,Japanese Yen,¥,0.5883,Exchange Rate API
2025-10-24,Japanese Yen,¥,0.5879,Exchange Rate API
2025-10-23,Japanese Yen,¥,0.591,Exchange Rate API
2025-10-22,Japanese Yen,¥,0.589,Exchange Rate API
2025-10-21,Japanese Yen,¥,0.5887,Exchange Rate API
2025-10-20,Japanese Yen,¥,0.5876,Exchange Rate API
2025-10-19,Japanese Yen,¥,0.5843,Exchange Rate API
2025-10-18,Japanese Yen,¥,0.5812,Exchange Rate API
2025-10-17,Japanese Yen,¥,0.5812,Exchange Rate API
2025-10-16,Japanese Yen,¥,0.5794,Exchange Rate API
2025-10-15,Japanese Yen,¥,0.5828,Exchange Rate API
2025-10-14,Japanese Yen,¥,0.5819,Exchange Rate API
2025-10-13,Japanese Yen,¥,0.5786,Exchange Rate API
2025-10-12,Japanese Yen,¥,0.5816,Exchange Rate API
2025-10-11,Japanese Yen,¥,0.584,Exchange Rate API
2025-10-10,Japanese Yen,¥,0.5851,Exchange Rate API
2025-10-09,Japanese Yen,¥,0.5871,Exchange Rate API
2025-10-08,Japanese Yen,¥,0.5845,Exchange Rate API
2025-10-07,Japanese Yen,¥,0.583,Exchange Rate API
2025-10-06,Japanese Yen,¥,0.5853,Exchange Rate API
2025-10-05,Japanese Yen,¥,0.5867,Exchange Rate API
2025-10-04,Japanese Yen,¥,0.5842,Exchange Rate API
2025-10-03,Japanese Yen,¥,0.5856,Exchange Rate API
2025-10-02,Japanese Yen,¥,0.5852,Exchange Rate API
2025-10-01,Japanese Yen,¥,0.5817,Exchange Rate API
2025-09-30,Japanese Yen,¥,0.5788,Exchange Rate API
2025-09-29,Japanese Yen,¥,0.5771,Exchange Rate API
2025-09-28,Japanese Yen,¥,0.5794,Exchange Rate API
2025-09-27,Japanese Yen,¥,0.5797,Exchange Rate API
2025-09-26,Japanese Yen,¥,0.5813,Exchange Rate API
2025-09-25,Japanese Yen,¥,0.5815,Exchange Rate API
2025-09-24,Japanese Yen,¥,0.5788,Exchange Rate API
2025-09-23,Japanese Yen,¥,0.5773,Exchange Rate API
2025-09-22,Japanese Yen,¥,0.5759,Exchange Rate API
2025-09-21,Japanese Yen,¥,0.5728,Exchange Rate API
2025-09-20,Japanese Yen,¥,0.5722,Exchange Rate API
2025-09-19,Japanese Yen,¥,0.5742,Exchange Rate API
2025-09-18,Japanese Yen,¥,0.5739,Exchange Rate API
2025-09-17,Japanese Yen,¥,0.5712,Exchange Rate API
2025-09-16,Japanese Yen,¥,0.574,Exchange Rate API
2025-09-15,Japanese Yen,¥,0.5747,Exchange Rate API
2025-09-14,Japanese Yen,¥,0.5714,Exchange Rate API
2025-09-13,Japanese Yen,¥,0.5715,Exchange Rate API
2025-09-12,Japanese Yen,¥,0.5697,Exchange Rate API
2025-09-11,Japanese Yen,¥,0.5673,Exchange Rate API
2025-09-10,Japanese Yen,¥,0.5668,Exchange Rate API
2025-09-09,Japanese Yen,¥,0.5676,Exchange Rate API
2025-09-08,Japanese Yen,¥,0.5658,Exchange Rate API
2025-09-07,Japanese Yen,¥,0.5652,Exchange Rate API
2025-09-06,Japanese Yen,¥,0.5663,Exchange Rate API
2025-09-05,Japanese Yen,¥,0.5635,Exchange Rate API
2025-09-04,Japanese Yen,¥,0.5667,Exchange Rate API
2025-09-03,Japanese Yen,¥,0.5638,Exchange Rate API
2025-09-02,Japanese Yen,¥,0.564,Exchange Rate API
2025-09-01,Japanese Yen,¥,0.564,Exchange Rate API
2025-08-31,Japanese Yen,¥,0.5673,Exchange Rate API
2025-08-30,Japanese Yen,¥,0.5677,Exchange Rate API
2025-08-29,Japanese Yen,¥,0.567,Exchange Rate API
2025-08-28,Japanese Yen,¥,0.5668,Exchange Rate API
2025-08-27,Japanese Yen,¥,0.5677,Exchange Rate API
2025-08-26,Japanese Yen,¥,0.571,Exchange Rate API
2025-08-25,Japanese Yen,¥,0.5693,Exchange Rate API
2025-08-24,Japanese Yen,¥,0.566,Exchange Rate API
2025-08-23,Japanese Yen,¥,0.568,Exchange Rate API
2025-08-22,Japanese Yen,¥,0.5669,Exchange Rate API
2025-08-21,Japanese Yen,¥,0.5685,Exchange Rate API
2025-08-20,Japanese Yen,¥,0.5694,Exchange Rate API
2025-08-19,Japanese Yen,¥,0.5713,Exchange Rate API
2025-08-18,Japanese Yen,¥,0.5729,Exchange Rate API
2025-08-17,Japanese Yen,¥,0.5717,Exchange Rate API
2025-08-16,Japanese Yen,¥,0.5686,Exchange Rate API
2025-08-15,Japanese Yen,¥,0.5689,Exchange Rate API
2025-08-14,Japanese Yen,¥,0.571,Exchange Rate API
2025-08-13,Japanese Yen,¥,0.5688,Exchange Rate API
2025-08-12,Japanese Yen,¥,0.5707,Exchange Rate API
2025-08-11,Japanese Yen,¥,0.5705,Exchange Rate API
2025-08-10,Japanese Yen,¥,0.5718,Exchange Rate API
2025-08-09,Japanese Yen,¥,0.5727,Exchange Rate API
2025-08-08,Japanese Yen,¥,0.5748,Exchange Rate API
2025-08-07,Japanese Yen,¥,0.5718,Exchange Rate API
2025-08-06,Japanese Yen,¥,0.5737,Exchange Rate API
2025-08-05,Japanese Yen,¥,0.5734,Exchange Rate API
2025-08-04,Japanese Yen,¥,0.572,Exchange Rate API
2025-08-03,Japanese Yen,¥,0.5689,Exchange Rate API
2025-08-02,Japanese Yen,¥,0.5668,Exchange Rate API
2025-08-01,Japanese Yen,¥,0.5637,Exchange Rate API
2025-07-31,Japanese Yen,¥,0.5666,Exchange Rate API
2025-07-30,Japanese Yen,¥,0.5667,Exchange Rate API
2025-07-29,Japanese Yen,¥,0.57,Exchange Rate API
2025-07-28,Japanese Yen,¥,0.5703,Exchange Rate API
2025-07-27,Japanese Yen,¥,0.5686,Exchange Rate API
2025-07-26,Japanese Yen,¥,0.5703,Exchange Rate API
2026-07-25,Australian Dollar,A$,67.4582,Exchange Rate API
2026-07-24,Australian Dollar,A$,67.3424,Exchange Rate API
2026-07-23,Australian Dollar,A$,67.5694,Exchange Rate API
2026-07-22,Australian Dollar,A$,67.866,Exchange Rate API
2026-07-21,Australian Dollar,A$,67.7291,Exchange Rate API
2026-07-20,Australian Dollar,A$,67.4239,Exchange Rate API
2026-07-19,Australian Dollar,A$,67.3171,Exchange Rate API
2026-07-18,Australian Dollar,A$,67.6317,Exchange Rate API
2026-07-17,Australian Dollar,A$,67.8292,Exchange Rate API
2026-07-16,Australian Dollar,A$,68.1504,Exchange Rate API
2026-07-15,Australian Dollar,A$,68.0577,Exchange Rate API
2026-07-14,Australian Dollar,A$,68.4446,Exchange Rate API
2026-07-13,Australian Dollar,A$,68.4415,Exchange Rate API
2026-07-12,Australian Dollar,A$,68.4395,Exchange Rate API
2026-07-11,Australian Dollar,A$,68.788,Exchange Rate API
2026-07-10,Australian Dollar,A$,68.8039,Exchange Rate API
2026-07-09,Australian Dollar,A$,69.0525,Exchange Rate API
2026-07-08,Australian Dollar,A$,69.2407,Exchange Rate API
2026-07-07,Australian Dollar,A$,68.8908,Exchange Rate API
2026-07-06,Australian Dollar,A$,68.9755,Exchange Rate API
2026-07-05,Australian Dollar,A$,69.2423,Exchange Rate API
2026-07-04,Australian Dollar,A$,69.2801,Exchange Rate API
2026-07-03,Australian Dollar,A$,69.1315,Exchange Rate API
2026-07-02,Australian Dollar,A$,68.7831,Exchange Rate API
2026-07-01,Australian Dollar,A$,68.9159,Exchange Rate API
2026-06-30,Australian Dollar,A$,68.7559,Exchange Rate API
2026-06-29,Australian Dollar,A$,68.8406,Exchange Rate API
2026-06-28,Australian Dollar,A$,68.7796,Exchange Rate API
2026-06-27,Australian Dollar,A$,68.9362,Exchange Rate API
2026-06-26,Australian Dollar,A$,68.8134,Exchange Rate API
2026-06-25,Australian Dollar,A$,68.4355,Exchange Rate API
2026-06-24,Australian Dollar,A$,68.7394,Exchange Rate API
2026-06-23,Australian Dollar,A$,68.6178,Exchange Rate API
2026-06-22,Australian Dollar,A$,69.028,Exchange Rate API
2026-06-21,Australian Dollar,A$,68.8413,Exchange Rate API
2026-06-20,Australian Dollar,A$,69.2378,Exchange Rate API
2026-06-19,Australian Dollar,A$,69.6099,Exchange Rate API
2026-06-18,Australian Dollar,A$,69.2549,Exchange Rate API
2026-06-17,Australian Dollar,A$,69.3692,Exchange Rate API
2026-06-16,Australian Dollar,A$,69.2554,Exchange Rate API
2026-06-15,Australian Dollar,A$,69.5056,Exchange Rate API
2026-06-14,Australian Dollar,A$,69.6552,Exchange Rate API
2026-06-13,Australian Dollar,A$,70.0337,Exchange Rate API
2026-06-12,Australian Dollar,A$,69.7335,Exchange Rate API
2026-06-11,Australian Dollar,A$,69.8235,Exchange Rate API
2026-06-10,Australian Dollar,A$,70.0592,Exchange Rate API
2026-06-09,Australian Dollar,A$,69.6681,Exchange Rate API
2026-06-08,Australian Dollar,A$,69.3063,Exchange Rate API
2026-06-07,Australian Dollar,A$,69.5379,Exchange Rate API
2026-06-06,Australian Dollar,A$,69.4264,Exchange Rate API
2026-06-05,Australian Dollar,A$,69.3288,Exchange Rate API
2026-06-04,Australian Dollar,A$,69.3847,Exchange Rate API
2026-06-03,Australian Dollar,A$,69.4722,Exchange Rate API
2026-06-02,Australian Dollar,A$,69.6215,Exchange Rate API
2026-06-01,Australian Dollar,A$,69.9965,Exchange Rate API
2026-05-31,Australian Dollar,A$,69.889,Exchange Rate API
2026-05-30,Australian Dollar,A$,70.1096,Exchange Rate API
2026-05-29,Australian Dollar,A$,70.1718,Exchange Rate API
2026-05-28,Australian Dollar,A$,70.1966,Exchange Rate API
2026-05-27,Australian Dollar,A$,70.1107,Exchange Rate API
2026-05-26,Australian Dollar,A$,70.2365,Exchange Rate API
2026-05-25,Australian Dollar,A$,70.0255,Exchange Rate API
2026-05-24,Australian Dollar,A$,69.7007,Exchange Rate API
2026-05-23,Australian Dollar,A$,69.8978,Exchange Rate API
2026-05-22,Australian Dollar,A$,69.897,Exchange Rate API
2026-05-21,Australian Dollar,A$,69.8022,Exchange Rate API
2026-05-20,Australian Dollar,A$,69.8539,Exchange Rate API
2026-05-19,Australian Dollar,A$,69.6542,Exchange Rate API
2026-05-18,Australian Dollar,A$,69.4538,Exchange Rate API
2026-05-17,Australian Dollar,A$,69.409,Exchange Rate API
2026-05-16,Australian Dollar,A$,69.8224,Exchange Rate API
2026-05-15,Australian Dollar,A$,69.6427,Exchange Rate API
2026-05-14,Australian Dollar,A$,69.9908,Exchange Rate API
2026-05-13,Australian Dollar,A$,69.9834,Exchange Rate API
2026-05-12,Australian Dollar,A$,69.6665,Exchange Rate API
2026-05-11,Australian Dollar,A$,69.9615,Exchange Rate API
2026-05-10,Australian Dollar,A$,69.9212,Exchange Rate API
2026-05-09,Australian Dollar,A$,70.2557,Exchange Rate API
2026-05-08,Australian Dollar,A$,70.2094,Exchange Rate API
2026-05-07,Australian Dollar,A$,69.8621,Exchange Rate API
2026-05-06,Australian Dollar,A$,70.0146,Exchange Rate API
2026-05-05,Australian Dollar,A$,70.3049,Exchange Rate API
2026-05-04,Australian Dollar,A$,70.1527,Exchange Rate API
2026-05-03,Australian Dollar,A$,70.0243,Exchange Rate API
2026-05-02,Australian Dollar,A$,69.6587,Exchange Rate API
2026-05-01,Australian Dollar,A$,69.694,Exchange Rate API
2026-04-30,Australian Dollar,A$,70.0213,Exchange Rate API
2026-04-29,Australian Dollar,A$,70.3165,Exchange Rate API
2026-04-28,Australian Dollar,A$,70.4952,Exchange Rate API
2026-04-27,Australian Dollar,A$,70.8567,Exchange Rate API
2026-04-26,Australian Dollar,A$,70.9738,Exchange Rate API
2026-04-25,Australian Dollar,A$,71.2239,Exchange Rate API
2026-04-24,Australian Dollar,A$,71.2314,Exchange Rate API
2026-04-23,Australian Dollar,A$,70.9077,Exchange Rate API
2026-04-22,Australian Dollar,A$,70.6533,Exchange Rate API
2026-04-21,Australian Dollar,A$,70.3471,Exchange Rate API
2026-04-20,Australian Dollar,A$,70.5922,Exchange Rate API
2026-04-19,Australian Dollar,A$,70.1909,Exchange Rate API
2026-04-18,Australian Dollar,A$,70.2364,Exchange Rate API
2026-04-17,Australian Dollar,A$,70.1259,Exchange Rate API
2026-04-16,Australian Dollar,A$,70.3814,Exchange Rate API
2026-04-15,Australian Dollar,A$,70.425,Exchange Rate API
2026-04-14,Australian Dollar,A$,70.5196,Exchange Rate API
2026-04-13,Australian Dollar,A$,70.1694,Exchange Rate API
2026-04-12,Australian Dollar,A$,70.0088,Exchange Rate API
2026-04-11,Australian Dollar,A$,70.4285,Exchange Rate API
2026-04-10,Australian Dollar,A$,70.6135,Exchange Rate API
2026-04-09,Australian Dollar,A$,70.6353,Exchange Rate API
2026-04-08,Australian Dollar,A$,70.8635,Exchange Rate API
2026-04-07,Australian Dollar,A$,71.1385,Exchange Rate API
2026-04-06,Australian Dollar,A$,70.7746,Exchange Rate API
2026-04-05,Australian Dollar,A$,71.1758,Exchange Rate API
2026-04-04,Australian Dollar,A$,71.2974,Exchange Rate API
2026-04-03,Australian Dollar,A$,71.2546,Exchange Rate API
2026-04-02,Australian Dollar,A$,71.4086,Exchange Rate API
2026-04-01,Australian Dollar,A$,71.2754,Exchange Rate API
2026-03-31,Australian Dollar,A$,71.5987,Exchange Rate API
2026-03-30,Australian Dollar,A$,71.8395,Exchange Rate API
2026-03-29,Australian Dollar,A$,71.96,Exchange Rate API
2026-03-28,Australian Dollar,A$,71.6854,Exchange Rate API
2026-03-27,Australian Dollar,A$,72.0865,Exchange Rate API
2026-03-26,Australian Dollar,A$,72.0282,Exchange Rate API
2026-03-25,Australian Dollar,A$,72.3832,Exchange Rate API
2026-03-24,Australian Dollar,A$,71.997,Exchange Rate API
2026-03-23,Australian Dollar,A$,71.6723,Exchange Rate API
2026-03-22,Australian Dollar,A$,71.3739,Exchange Rate API
2026-03-21,Australian Dollar,A$,71.0867,Exchange Rate API
2026-03-20,Australian Dollar,A$,70.9354,Exchange Rate API
2026-03-19,Australian Dollar,A$,71.1136,Exchange Rate API
2026-03-18,Australian Dollar,A$,70.9822,Exchange Rate API
2026-03-17,Australian Dollar,A$,71.3578,Exchange Rate API
2026-03-16,Australian Dollar,A$,71.696,Exchange Rate API
2026-03-15,Australian Dollar,A$,71.9936,Exchange Rate API
2026-03-14,Australian Dollar,A$,71.7781,Exchange Rate API
2026-03-13,Australian Dollar,A$,71.8944,Exchange Rate API
2026-03-12,Australian Dollar,A$,71.9383,Exchange Rate API
2026-03-11,Australian Dollar,A$,71.6147,Exchange Rate API
2026-03-10,Australian Dollar,A$,71.4453,Exchange Rate API
2026-03-09,Australian Dollar,A$,71.474,Exchange Rate API
2026-03-08,Australian Dollar,A$,71.4762,Exchange Rate API
2026-03-07,Australian Dollar,A$,71.192,Exchange Rate API
2026-03-06,Australian Dollar,A$,71.5693,Exchange Rate API
2026-03-05,Australian Dollar,A$,71.2723,Exchange Rate API
2026-03-04,Australian Dollar,A$,71.4081,Exchange Rate API
2026-03-03,Australian Dollar,A$,71.5972,Exchange Rate API
2026-03-02,Australian Dollar,A$,71.6875,Exchange Rate API
2026-03-01,Australian Dollar,A$,71.9822,Exchange Rate API
2026-02-28,Australian Dollar,A$,72.0372,Exchange Rate API
2026-02-27,Australian Dollar,A$,72.3183,Exchange Rate API
2026-02-26,Australian Dollar,A$,71.909,Exchange Rate API
2026-02-25,Australian Dollar,A$,71.5168,Exchange Rate API
2026-02-24,Australian Dollar,A$,71.6382,Exchange Rate API
2026-02-23,Australian Dollar,A$,71.7042,Exchange Rate API
2026-02-22,Australian Dollar,A$,71.8342,Exchange Rate API
2026-02-21,Australian Dollar,A$,72.0643,Exchange Rate API
2026-02-20,Australian Dollar,A$,71.9922,Exchange Rate API
2026-02-19,Australian Dollar,A$,72.1123,Exchange Rate API
2026-02-18,Australian Dollar,A$,72.1106,Exchange Rate API
2026-02-17,Australian Dollar,A$,72.2206,Exchange Rate API
2026-02-16,Australian Dollar,A$,72.0383,Exchange Rate API
2026-02-15,Australian Dollar,A$,72.4331,Exchange Rate API
2026-02-14,Australian Dollar,A$,72.4183,Exchange Rate API
2026-02-13,Australian Dollar,A$,72.6831,Exchange Rate API
2026-02-12,Australian Dollar,A$,72.8444,Exchange Rate API
2026-02-11,Australian Dollar,A$,72.6673,Exchange Rate API
2026-02-10,Australian Dollar,A$,72.2949,Exchange Rate API
2026-02-09,Australian Dollar,A$,71.9131,Exchange Rate API
2026-02-08,Australian Dollar,A$,71.861,Exchange Rate API
2026-02-07,Australian Dollar,A$,71.8474,Exchange Rate API
2026-02-06,Australian Dollar,A$,71.5922,Exchange Rate API
2026-02-05,Australian Dollar,A$,71.6838,Exchange Rate API
2026-02-04,Australian Dollar,A$,71.5226,Exchange Rate API
2026-02-03,Australian Dollar,A$,71.71,Exchange Rate API
2026-02-02,Australian Dollar,A$,71.9115,Exchange Rate API
2026-02-01,Australian Dollar,A$,72.2228,Exchange Rate API
2026-01-31,Australian Dollar,A$,72.6348,Exchange Rate API
2026-01-30,Australian Dollar,A$,72.313,Exchange Rate API
2026-01-29,Australian Dollar,A$,72.2007,Exchange Rate API
2026-01-28,Australian Dollar,A$,72.2541,Exchange Rate API
2026-01-27,Australian Dollar,A$,72.0973,Exchange Rate API
2026-01-26,Australian Dollar,A$,72.0683,Exchange Rate API
2026-01-25,Australian Dollar,A$,71.8672,Exchange Rate API
2026-01-24,Australian Dollar,A$,71.6498,Exchange Rate API
2026-01-23,Australian Dollar,A$,71.3031,Exchange Rate API
2026-01-22,Australian Dollar,A$,71.1236,Exchange Rate API
2026-01-21,Australian Dollar,A$,71.0247,Exchange Rate API
2026-01-20,Australian Dollar,A$,71.123,Exchange Rate API
2026-01-19,Australian Dollar,A$,70.9082,Exchange Rate API
2026-01-18,Australian Dollar,A$,71.219,Exchange Rate API
2026-01-17,Australian Dollar,A$,70.9282,Exchange Rate API
2026-01-16,Australian Dollar,A$,70.7813,Exchange Rate API
2026-01-15,Australian Dollar,A$,70.8473,Exchange Rate API
2026-01-14,Australian Dollar,A$,70.6881,Exchange Rate API
2026-01-13,Australian Dollar,A$,70.9113,Exchange Rate API
2026-01-12,Australian Dollar,A$,70.9098,Exchange Rate API
2026-01-11,Australian Dollar,A$,70.9223,Exchange Rate API
2026-01-10,Australian Dollar,A$,70.9212,Exchange Rate API
2026-01-09,Australian Dollar,A$,70.7583,Exchange Rate API
2026-01-08,Australian Dollar,A$,70.3534,Exchange Rate API
2026-01-07,Australian Dollar,A$,70.7293,Exchange Rate API
2026-01-06,Australian Dollar,A$,70.7339,Exchange Rate API
2026-01-05,Australian Dollar,A$,71.13,Exchange Rate API
2026-01-04,Australian Dollar,A$,70.8869,Exchange Rate API
2026-01-03,Australian Dollar,A$,70.7618,Exchange Rate API
2026-01-02,Australian Dollar,A$,70.3801,Exchange Rate API
2026-01-01,Australian Dollar,A$,70.3758,Exchange Rate API
2025-12-31,Australian Dollar,A$,70.6987,Exchange Rate API
2025-12-30,Australian Dollar,A$,70.8296,Exchange Rate API
2025-12-29,Australian Dollar,A$,70.8046,Exchange Rate API
2025-12-28,Australian Dollar,A$,70.8358,Exchange Rate API
2025-12-27,Australian Dollar,A$,71.1309,Exchange Rate API
2025-12-26,Australian Dollar,A$,71.0719,Exchange Rate API
2025-12-25,Australian Dollar,A$,71.3981,Exchange Rate API
2025-12-24,Australian Dollar,A$,71.593,Exchange Rate API
2025-12-23,Australian Dollar,A$,71.8197,Exchange Rate API
2025-12-22,Australian Dollar,A$,71.7042,Exchange Rate API
2025-12-21,Australian Dollar,A$,71.6187,Exchange Rate API
2025-12-20,Australian Dollar,A$,71.6791,Exchange Rate API
2025-12-19,Australian Dollar,A$,71.4165,Exchange Rate API
2025-12-18,Australian Dollar,A$,71.4621,Exchange Rate API
2025-12-17,Australian Dollar,A$,71.0964,Exchange Rate API
2025-12-16,Australian Dollar,A$,71.1,Exchange Rate API
2025-12-15,Australian Dollar,A$,71.3256,Exchange Rate API
2025-12-14,Australian Dollar,A$,71.1371,Exchange Rate API
2025-12-13,Australian Dollar,A$,71.5546,Exchange Rate API
2025-12-12,Australian Dollar,A$,71.7095,Exchange Rate API
2025-12-11,Australian Dollar,A$,71.3815,Exchange Rate API
2025-12-10,Australian Dollar,A$,71.7884,Exchange Rate API
2025-12-09,Australian Dollar,A$,71.697,Exchange Rate API
2025-12-08,Australian Dollar,A$,71.9507,Exchange Rate API
2025-12-07,Australian Dollar,A$,71.8118,Exchange Rate API
2025-12-06,Australian Dollar,A$,72.1901,Exchange Rate API
2025-12-05,Australian Dollar,A$,72.411,Exchange Rate API
2025-12-04,Australian Dollar,A$,72.1495,Exchange Rate API
2025-12-03,Australian Dollar,A$,72.1574,Exchange Rate API
2025-12-02,Australian Dollar,A$,72.1575,Exchange Rate API
2025-12-01,Australian Dollar,A$,71.7638,Exchange Rate API
2025-11-30,Australian Dollar,A$,71.4512,Exchange Rate API
2025-11-29,Australian Dollar,A$,71.308,Exchange Rate API
2025-11-28,Australian Dollar,A$,71.2855,Exchange Rate API
2025-11-27,Australian Dollar,A$,71.2487,Exchange Rate API
2025-11-26,Australian Dollar,A$,71.3396,Exchange Rate API
2025-11-25,Australian Dollar,A$,71.3529,Exchange Rate API
2025-11-24,Australian Dollar,A$,71.2056,Exchange Rate API
2025-11-23,Australian Dollar,A$,71.3022,Exchange Rate API
2025-11-22,Australian Dollar,A$,71.0134,Exchange Rate API
2025-11-21,Australian Dollar,A$,71.4315,Exchange Rate API
2025-11-20,Australian Dollar,A$,71.6366,Exchange Rate API
2025-11-19,Australian Dollar,A$,71.464,Exchange Rate API
2025-11-18,Australian Dollar,A$,71.3237,Exchange Rate API
2025-11-17,Australian Dollar,A$,71.6047,Exchange Rate API
2025-11-16,Australian Dollar,A$,71.6325,Exchange Rate API
2025-11-15,Australian Dollar,A$,71.8119,Exchange Rate API
2025-11-14,Australian Dollar,A$,71.6394,Exchange Rate API
2025-11-13,Australian Dollar,A$,71.9108,Exchange Rate API
2025-11-12,Australian Dollar,A$,71.7972,Exchange Rate API
2025-11-11,Australian Dollar,A$,71.9469,Exchange Rate API
2025-11-10,Australian Dollar,A$,72.3612,Exchange Rate API
2025-11-09,Australian Dollar,A$,72.4339,Exchange Rate API
2025-11-08,Australian Dollar,A$,72.6918,Exchange Rate API
2025-11-07,Australian Dollar,A$,72.8884,Exchange Rate API
2025-11-06,Australian Dollar,A$,73.0529,Exchange Rate API
2025-11-05,Australian Dollar,A$,72.6379,Exchange Rate API
2025-11-04,Australian Dollar,A$,72.6158,Exchange Rate API
2025-11-03,Australian Dollar,A$,73.0228,Exchange Rate API
2025-11-02,Australian Dollar,A$,73.2707,Exchange Rate API
2025-11-01,Australian Dollar,A$,73.5135,Exchange Rate API
2025-10-31,Australian Dollar,A$,73.582,Exchange Rate API
2025-10-30,Australian Dollar,A$,73.7775,Exchange Rate API
2025-10-29,Australian Dollar,A$,73.8514,Exchange Rate API
2025-10-28,Australian Dollar,A$,73.5594,Exchange Rate API
2025-10-27,Australian Dollar,A$,73.6733,Exchange Rate API
2025-10-26,Australian Dollar,A$,73.7792,Exchange Rate API
2025-10-25,Australian Dollar,A$,74.0813,Exchange Rate API
2025-10-24,Australian Dollar,A$,73.7682,Exchange Rate API
2025-10-23,Australian Dollar,A$,73.9282,Exchange Rate API
2025-10-22,Australian Dollar,A$,73.5126,Exchange Rate API
2025-10-21,Australian Dollar,A$,73.908,Exchange Rate API
2025-10-20,Australian Dollar,A$,73.562,Exchange Rate API
2025-10-19,Australian Dollar,A$,73.1373,Exchange Rate API
2025-10-18,Australian Dollar,A$,72.9738,Exchange Rate API
2025-10-17,Australian Dollar,A$,72.6686,Exchange Rate API
2025-10-16,Australian Dollar,A$,72.8347,Exchange Rate API
2025-10-15,Australian Dollar,A$,72.7564,Exchange Rate API
2025-10-14,Australian Dollar,A$,72.9965,Exchange Rate API
2025-10-13,Australian Dollar,A$,73.3649,Exchange Rate API
2025-10-12,Australian Dollar,A$,73.6931,Exchange Rate API
2025-10-11,Australian Dollar,A$,73.9017,Exchange Rate API
2025-10-10,Australian Dollar,A$,73.5135,Exchange Rate API
2025-10-09,Australian Dollar,A$,73.1942,Exchange Rate API
2025-10-08,Australian Dollar,A$,72.9371,Exchange Rate API
2025-10-07,Australian Dollar,A$,72.784,Exchange Rate API
2025-10-06,Australian Dollar,A$,72.9257,Exchange Rate API
2025-10-05,Australian Dollar,A$,72.948,Exchange Rate API
2025-10-04,Australian Dollar,A$,72.785,Exchange Rate API
2025-10-03,Australian Dollar,A$,72.4996,Exchange Rate API
2025-10-02,Australian Dollar,A$,72.8581,Exchange Rate API
2025-10-01,Australian Dollar,A$,72.7202,Exchange Rate API
2025-09-30,Australian Dollar,A$,72.593,Exchange Rate API
2025-09-29,Australian Dollar,A$,72.8299,Exchange Rate API
2025-09-28,Australian Dollar,A$,73.023,Exchange Rate API
2025-09-27,Australian Dollar,A$,73.1486,Exchange Rate API
2025-09-26,Australian Dollar,A$,73.3183,Exchange Rate API
2025-09-25,Australian Dollar,A$,73.4151,Exchange Rate API
2025-09-24,Australian Dollar,A$,73.144,Exchange Rate API
2025-09-23,Australian Dollar,A$,72.9215,Exchange Rate API
2025-09-22,Australian Dollar,A$,72.9723,Exchange Rate API
2025-09-21,Australian Dollar,A$,72.7314,Exchange Rate API
2025-09-20,Australian Dollar,A$,73.1441,Exchange Rate API
2025-09-19,Australian Dollar,A$,72.9665,Exchange Rate API
2025-09-18,Australian Dollar,A$,72.7818,Exchange Rate API
2025-09-17,Australian Dollar,A$,72.5261,Exchange Rate API
2025-09-16,Australian Dollar,A$,72.7045,Exchange Rate API
2025-09-15,Australian Dollar,A$,72.5449,Exchange Rate API
2025-09-14,Australian Dollar,A$,72.4133,Exchange Rate API
2025-09-13,Australian Dollar,A$,72.7902,Exchange Rate API
2025-09-12,Australian Dollar,A$,73.0482,Exchange Rate API
2025-09-11,Australian Dollar,A$,72.8496,Exchange Rate API
2025-09-10,Australian Dollar,A$,72.519,Exchange Rate API
2025-09-09,Australian Dollar,A$,72.6727,Exchange Rate API
2025-09-08,Australian Dollar,A$,72.5678,Exchange Rate API
2025-09-07,Australian Dollar,A$,72.9859,Exchange Rate API
2025-09-06,Australian Dollar,A$,73.2647,Exchange Rate API
2025-09-05,Australian Dollar,A$,73.6644,Exchange Rate API
2025-09-04,Australian Dollar,A$,73.9337,Exchange Rate API
2025-09-03,Australian Dollar,A$,73.7478,Exchange Rate API
2025-09-02,Australian Dollar,A$,73.5599,Exchange Rate API
2025-09-01,Australian Dollar,A$,73.7489,Exchange Rate API
2025-08-31,Australian Dollar,A$,73.6129,Exchange Rate API
2025-08-30,Australian Dollar,A$,73.562,Exchange Rate API
2025-08-29,Australian Dollar,A$,73.347,Exchange Rate API
2025-08-28,Australian Dollar,A$,73.3286,Exchange Rate API
2025-08-27,Australian Dollar,A$,73.0664,Exchange Rate API
2025-08-26,Australian Dollar,A$,73.1002,Exchange Rate API
2025-08-25,Australian Dollar,A$,73.48,Exchange Rate API
2025-08-24,Australian Dollar,A$,73.653,Exchange Rate API
2025-08-23,Australian Dollar,A$,73.3324,Exchange Rate API
2025-08-22,Australian Dollar,A$,73.4342,Exchange Rate API
2025-08-21,Australian Dollar,A$,73.5107,Exchange Rate API
2025-08-20,Australian Dollar,A$,73.2835,Exchange Rate API
2025-08-19,Australian Dollar,A$,73.4329,Exchange Rate API
2025-08-18,Australian Dollar,A$,73.4603,Exchange Rate API
2025-08-17,Australian Dollar,A$,73.5819,Exchange Rate API
2025-08-16,Australian Dollar,A$,73.1868,Exchange Rate API
2025-08-15,Australian Dollar,A$,73.1107,Exchange Rate API
2025-08-14,Australian Dollar,A$,73.3014,Exchange Rate API
2025-08-13,Australian Dollar,A$,72.95,Exchange Rate API
2025-08-12,Australian Dollar,A$,73.187,Exchange Rate API
2025-08-11,Australian Dollar,A$,72.7524,Exchange Rate API
2025-08-10,Australian Dollar,A$,72.7964,Exchange Rate API
2025-08-09,Australian Dollar,A$,73.1712,Exchange Rate API
2025-08-08,Australian Dollar,A$,73.0895,Exchange Rate API
2025-08-07,Australian Dollar,A$,73.4711,Exchange Rate API
2025-08-06,Australian Dollar,A$,73.8047,Exchange Rate API
2025-08-05,Australian Dollar,A$,73.7847,Exchange Rate API
2025-08-04,Australian Dollar,A$,73.5186,Exchange Rate API
2025-08-03,Australian Dollar,A$,73.9279,Exchange Rate API
2025-08-02,Australian Dollar,A$,73.7693,Exchange Rate API
2025-08-01,Australian Dollar,A$,73.8985,Exchange Rate API
2025-07-31,Australian Dollar,A$,74.2603,Exchange Rate API
2025-07-30,Australian Dollar,A$,73.8945,Exchange Rate API
2025-07-29,Australian Dollar,A$,73.9602,Exchange Rate API
2025-07-28,Australian Dollar,A$,73.9914,Exchange Rate API
2025-07-27,Australian Dollar,A$,74.1895,Exchange Rate API
2025-07-26,Australian Dollar,A$,74.5783,Exchange Rate API
2026-07-25,Canadian Dollar,C$,68.5824,Exchange Rate API
2026-07-24,Canadian Dollar,C$,68.315,Exchange Rate API
2026-07-23,Canadian Dollar,C$,68.6284,Exchange Rate API
2026-07-22,Canadian Dollar,C$,68.3614,Exchange Rate API
2026-07-21,Canadian Dollar,C$,68.7056,Exchange Rate API
2026-07-20,Canadian Dollar,C$,69.1155,Exchange Rate API
2026-07-19,Canadian Dollar,C$,69.0301,Exchange Rate API
2026-07-18,Canadian Dollar,C$,69.0263,Exchange Rate API
2026-07-17,Canadian Dollar,C$,69.3879,Exchange Rate API
2026-07-16,Canadian Dollar,C$,69.7727,Exchange Rate API
2026-07-15,Canadian Dollar,C$,70.1294,Exchange Rate API
2026-07-14,Canadian Dollar,C$,70.4464,Exchange Rate API
2026-07-13,Canadian Dollar,C$,70.0316,Exchange Rate API
2026-07-12,Canadian Dollar,C$,70.0887,Exchange Rate API
2026-07-11,Canadian Dollar,C$,69.7584,Exchange Rate API
2026-07-10,Canadian Dollar,C$,70.1627,Exchange Rate API
2026-07-09,Canadian Dollar,C$,69.9813,Exchange Rate API
2026-07-08,Canadian Dollar,C$,70.392,Exchange Rate API
2026-07-07,Canadian Dollar,C$,70.4286,Exchange Rate API
2026-07-06,Canadian Dollar,C$,70.4235,Exchange Rate API
2026-07-05,Canadian Dollar,C$,70.7941,Exchange Rate API
2026-07-04,Canadian Dollar,C$,71.0923,Exchange Rate API
2026-07-03,Canadian Dollar,C$,71.065,Exchange Rate API
2026-07-02,Canadian Dollar,C$,70.803,Exchange Rate API
2026-07-01,Canadian Dollar,C$,70.4739,Exchange Rate API
2026-06-30,Canadian Dollar,C$,70.1885,Exchange Rate API
2026-06-29,Canadian Dollar,C$,70.1539,Exchange Rate API
2026-06-28,Canadian Dollar,C$,69.9496,Exchange Rate API
2026-06-27,Canadian Dollar,C$,69.6862,Exchange Rate API
2026-06-26,Canadian Dollar,C$,69.8841,Exchange Rate API
2026-06-25,Canadian Dollar,C$,70.1279,Exchange Rate API
2026-06-24,Canadian Dollar,C$,70.1849,Exchange Rate API
2026-06-23,Canadian Dollar,C$,70.4016,Exchange Rate API
2026-06-22,Canadian Dollar,C$,70.1275,Exchange Rate API
2026-06-21,Canadian Dollar,C$,70.4272,Exchange Rate API
2026-06-20,Canadian Dollar,C$,70.7628,Exchange Rate API
2026-06-19,Canadian Dollar,C$,71.0405,Exchange Rate API
2026-06-18,Canadian Dollar,C$,71.0535,Exchange Rate API
2026-06-17,Canadian Dollar,C$,70.7011,Exchange Rate API
2026-06-16,Canadian Dollar,C$,70.8447,Exchange Rate API
2026-06-15,Canadian Dollar,C$,70.5767,Exchange Rate API
2026-06-14,Canadian Dollar,C$,70.2723,Exchange Rate API
2026-06-13,Canadian Dollar,C$,70.1235,Exchange Rate API
2026-06-12,Canadian Dollar,C$,69.9115,Exchange Rate API
2026-06-11,Canadian Dollar,C$,69.7108,Exchange Rate API
2026-06-10,Canadian Dollar,C$,69.4896,Exchange Rate API
2026-06-09,Canadian Dollar,C$,69.7012,Exchange Rate API
2026-06-08,Canadian Dollar,C$,70.081,Exchange Rate API
2026-06-07,Canadian Dollar,C$,69.9144,Exchange Rate API
2026-06-06,Canadian Dollar,C$,70.1014,Exchange Rate API
2026-06-05,Canadian Dollar,C$,69.6904,Exchange Rate API
2026-06-04,Canadian Dollar,C$,69.8189,Exchange Rate API
2026-06-03,Canadian Dollar,C$,69.9804,Exchange Rate API
2026-06-02,Canadian Dollar,C$,69.6127,Exchange Rate API
2026-06-01,Canadian Dollar,C$,69.2938,Exchange Rate API
2026-05-31,Canadian Dollar,C$,69.1332,Exchange Rate API
2026-05-30,Canadian Dollar,C$,69.0547,Exchange Rate API
2026-05-29,Canadian Dollar,C$,69.0568,Exchange Rate API
2026-05-28,Canadian Dollar,C$,69.3842,Exchange Rate API
2026-05-27,Canadian Dollar,C$,69.5537,Exchange Rate API
2026-05-26,Canadian Dollar,C$,69.3959,Exchange Rate API
2026-05-25,Canadian Dollar,C$,69.0773,Exchange Rate API
2026-05-24,Canadian Dollar,C$,69.4222,Exchange Rate API
2026-05-23,Canadian Dollar,C$,69.2515,Exchange Rate API
2026-05-22,Canadian Dollar,C$,69.3468,Exchange Rate API
2026-05-21,Canadian Dollar,C$,69.1131,Exchange Rate API
2026-05-20,Canadian Dollar,C$,68.8092,Exchange Rate API
2026-05-19,Canadian Dollar,C$,68.5228,Exchange Rate API
2026-05-18,Canadian Dollar,C$,68.7265,Exchange Rate API
2026-05-17,Canadian Dollar,C$,68.8137,Exchange Rate API
2026-05-16,Canadian Dollar,C$,68.7442,Exchange Rate API
2026-05-15,Canadian Dollar,C$,68.7848,Exchange Rate API
2026-05-14,Canadian Dollar,C$,68.7607,Exchange Rate API
2026-05-13,Canadian Dollar,C$,68.7917,Exchange Rate API
2026-05-12,Canadian Dollar,C$,68.9272,Exchange Rate API
2026-05-11,Canadian Dollar,C$,68.6943,Exchange Rate API
2026-05-10,Canadian Dollar,C$,68.4861,Exchange Rate API
2026-05-09,Canadian Dollar,C$,68.6955,Exchange Rate API
2026-05-08,Canadian Dollar,C$,69.0031,Exchange Rate API
2026-05-07,Canadian Dollar,C$,68.6569,Exchange Rate API
2026-05-06,Canadian Dollar,C$,68.613,Exchange Rate API
2026-05-05,Canadian Dollar,C$,68.7808,Exchange Rate API
2026-05-04,Canadian Dollar,C$,68.4326,Exchange Rate API
2026-05-03,Canadian Dollar,C$,68.4853,Exchange Rate API
2026-05-02,Canadian Dollar,C$,68.1251,Exchange Rate API
2026-05-01,Canadian Dollar,C$,68.1641,Exchange Rate API
2026-04-30,Canadian Dollar,C$,68.1686,Exchange Rate API
2026-04-29,Canadian Dollar,C$,68.2281,Exchange Rate API
2026-04-28,Canadian Dollar,C$,67.9414,Exchange Rate API
2026-04-27,Canadian Dollar,C$,67.8013,Exchange Rate API
2026-04-26,Canadian Dollar,C$,67.8179,Exchange Rate API
2026-04-25,Canadian Dollar,C$,67.5056,Exchange Rate API
2026-04-24,Canadian Dollar,C$,67.267,Exchange Rate API
2026-04-23,Canadian Dollar,C$,67.3341,Exchange Rate API
2026-04-22,Canadian Dollar,C$,67.0036,Exchange Rate API
2026-04-21,Canadian Dollar,C$,67.0119,Exchange Rate API
2026-04-20,Canadian Dollar,C$,67.2601,Exchange Rate API
2026-04-19,Canadian Dollar,C$,67.2225,Exchange Rate API
2026-04-18,Canadian Dollar,C$,67.2332,Exchange Rate API
2026-04-17,Canadian Dollar,C$,67.1983,Exchange Rate API
2026-04-16,Canadian Dollar,C$,66.8417,Exchange Rate API
2026-04-15,Canadian Dollar,C$,66.8115,Exchange Rate API
2026-04-14,Canadian Dollar,C$,67.0576,Exchange Rate API
2026-04-13,Canadian Dollar,C$,67.2373,Exchange Rate API
2026-04-12,Canadian Dollar,C$,67.1533,Exchange Rate API
2026-04-11,Canadian Dollar,C$,67.4083,Exchange Rate API
2026-04-10,Canadian Dollar,C$,67.6071,Exchange Rate API
2026-04-09,Canadian Dollar,C$,67.6706,Exchange Rate API
2026-04-08,Canadian Dollar,C$,67.3014,Exchange Rate API
2026-04-07,Canadian Dollar,C$,67.1758,Exchange Rate API
2026-04-06,Canadian Dollar,C$,66.8241,Exchange Rate API
2026-04-05,Canadian Dollar,C$,67.2203,Exchange Rate API
2026-04-04,Canadian Dollar,C$,67.5709,Exchange Rate API
2026-04-03,Canadian Dollar,C$,67.2214,Exchange Rate API
2026-04-02,Canadian Dollar,C$,67.5713,Exchange Rate API
2026-04-01,Canadian Dollar,C$,67.1916,Exchange Rate API
2026-03-31,Canadian Dollar,C$,67.1181,Exchange Rate API
2026-03-30,Canadian Dollar,C$,67.3347,Exchange Rate API
2026-03-29,Canadian Dollar,C$,67.5495,Exchange Rate API
2026-03-28,Canadian Dollar,C$,67.9372,Exchange Rate API
2026-03-27,Canadian Dollar,C$,68.0561,Exchange Rate API
2026-03-26,Canadian Dollar,C$,67.9911,Exchange Rate API
2026-03-25,Canadian Dollar,C$,68.3932,Exchange Rate API
2026-03-24,Canadian Dollar,C$,68.2967,Exchange Rate API
2026-03-23,Canadian Dollar,C$,68.5996,Exchange Rate API
2026-03-22,Canadian Dollar,C$,68.9344,Exchange Rate API
2026-03-21,Canadian Dollar,C$,68.8315,Exchange Rate API
2026-03-20,Canadian Dollar,C$,68.9824,Exchange Rate API
2026-03-19,Canadian Dollar,C$,69.1163,Exchange Rate API
2026-03-18,Canadian Dollar,C$,69.1489,Exchange Rate API
2026-03-17,Canadian Dollar,C$,69.2763,Exchange Rate API
2026-03-16,Canadian Dollar,C$,69.1497,Exchange Rate API
2026-03-15,Canadian Dollar,C$,68.8829,Exchange Rate API
2026-03-14,Canadian Dollar,C$,68.9137,Exchange Rate API
2026-03-13,Canadian Dollar,C$,68.9376,Exchange Rate API
2026-03-12,Canadian Dollar,C$,69.1261,Exchange Rate API
2026-03-11,Canadian Dollar,C$,68.8961,Exchange Rate API
2026-03-10,Canadian Dollar,C$,68.4856,Exchange Rate API
2026-03-09,Canadian Dollar,C$,68.0934,Exchange Rate API
2026-03-08,Canadian Dollar,C$,67.9286,Exchange Rate API
2026-03-07,Canadian Dollar,C$,68.07,Exchange Rate API
2026-03-06,Canadian Dollar,C$,68.1063,Exchange Rate API
2026-03-05,Canadian Dollar,C$,68.1324,Exchange Rate API
2026-03-04,Canadian Dollar,C$,68.3968,Exchange Rate API
2026-03-03,Canadian Dollar,C$,68.1896,Exchange Rate API
2026-03-02,Canadian Dollar,C$,68.0637,Exchange Rate API
2026-03-01,Canadian Dollar,C$,67.8805,Exchange Rate API
2026-02-28,Canadian Dollar,C$,68.2368,Exchange Rate API
2026-02-27,Canadian Dollar,C$,68.4211,Exchange Rate API
2026-02-26,Canadian Dollar,C$,68.1032,Exchange Rate API
2026-02-25,Canadian Dollar,C$,68.3561,Exchange Rate API
2026-02-24,Canadian Dollar,C$,68.2899,Exchange Rate API
2026-02-23,Canadian Dollar,C$,68.5079,Exchange Rate API
2026-02-22,Canadian Dollar,C$,68.8234,Exchange Rate API
2026-02-21,Canadian Dollar,C$,68.4234,Exchange Rate API
2026-02-20,Canadian Dollar,C$,68.1821,Exchange Rate API
2026-02-19,Canadian Dollar,C$,67.8556,Exchange Rate API
2026-02-18,Canadian Dollar,C$,67.4758,Exchange Rate API
2026-02-17,Canadian Dollar,C$,67.555,Exchange Rate API
2026-02-16,Canadian Dollar,C$,67.7198,Exchange Rate API
2026-02-15,Canadian Dollar,C$,67.353,Exchange Rate API
2026-02-14,Canadian Dollar,C$,67.5474,Exchange Rate API
2026-02-13,Canadian Dollar,C$,67.4682,Exchange Rate API
2026-02-12,Canadian Dollar,C$,67.2531,Exchange Rate API
2026-02-11,Canadian Dollar,C$,67.0249,Exchange Rate API
2026-02-10,Canadian Dollar,C$,67.3174,Exchange Rate API
2026-02-09,Canadian Dollar,C$,66.9591,Exchange Rate API
2026-02-08,Canadian Dollar,C$,66.9622,Exchange Rate API
2026-02-07,Canadian Dollar,C$,66.7929,Exchange Rate API
2026-02-06,Canadian Dollar,C$,67.046,Exchange Rate API
2026-02-05,Canadian Dollar,C$,67.2323,Exchange Rate API
2026-02-04,Canadian Dollar,C$,67.0862,Exchange Rate API
2026-02-03,Canadian Dollar,C$,67.165,Exchange Rate API
2026-02-02,Canadian Dollar,C$,67.3041,Exchange Rate API
2026-02-01,Canadian Dollar,C$,67.1593,Exchange Rate API
2026-01-31,Canadian Dollar,C$,66.9995,Exchange Rate API
2026-01-30,Canadian Dollar,C$,66.7127,Exchange Rate API
2026-01-29,Canadian Dollar,C$,66.841,Exchange Rate API
2026-01-28,Canadian Dollar,C$,66.6173,Exchange Rate API
2026-01-27,Canadian Dollar,C$,66.4578,Exchange Rate API
2026-01-26,Canadian Dollar,C$,66.1077,Exchange Rate API
2026-01-25,Canadian Dollar,C$,66.4635,Exchange Rate API
2026-01-24,Canadian Dollar,C$,66.7663,Exchange Rate API
2026-01-23,Canadian Dollar,C$,67.0961,Exchange Rate API
2026-01-22,Canadian Dollar,C$,67.1975,Exchange Rate API
2026-01-21,Canadian Dollar,C$,67.1388,Exchange Rate API
2026-01-20,Canadian Dollar,C$,67.1353,Exchange Rate API
2026-01-19,Canadian Dollar,C$,67.5158,Exchange Rate API
2026-01-18,Canadian Dollar,C$,67.8736,Exchange Rate API
2026-01-17,Canadian Dollar,C$,68.0132,Exchange Rate API
2026-01-16,Canadian Dollar,C$,68.2465,Exchange Rate API
2026-01-15,Canadian Dollar,C$,68.0981,Exchange Rate API
2026-01-14,Canadian Dollar,C$,68.0297,Exchange Rate API
2026-01-13,Canadian Dollar,C$,67.7433,Exchange Rate API
2026-01-12,Canadian Dollar,C$,67.6429,Exchange Rate API
2026-01-11,Canadian Dollar,C$,67.8494,Exchange Rate API
2026-01-10,Canadian Dollar,C$,67.8278,Exchange Rate API
2026-01-09,Canadian Dollar,C$,68.1121,Exchange Rate API
2026-01-08,Canadian Dollar,C$,67.9492,Exchange Rate API
2026-01-07,Canadian Dollar,C$,68.1185,Exchange Rate API
2026-01-06,Canadian Dollar,C$,68.3684,Exchange Rate API
2026-01-05,Canadian Dollar,C$,68.7087,Exchange Rate API
2026-01-04,Canadian Dollar,C$,68.7601,Exchange Rate API
2026-01-03,Canadian Dollar,C$,69.1461,Exchange Rate API
2026-01-02,Canadian Dollar,C$,69.1936,Exchange Rate API
2026-01-01,Canadian Dollar,C$,68.8898,Exchange Rate API
2025-12-31,Canadian Dollar,C$,68.6772,Exchange Rate API
2025-12-30,Canadian Dollar,C$,68.4327,Exchange Rate API
2025-12-29,Canadian Dollar,C$,68.5532,Exchange Rate API
2025-12-28,Canadian Dollar,C$,68.9005,Exchange Rate API
2025-12-27,Canadian Dollar,C$,69.1875,Exchange Rate API
2025-12-26,Canadian Dollar,C$,68.8491,Exchange Rate API
2025-12-25,Canadian Dollar,C$,69.0346,Exchange Rate API
2025-12-24,Canadian Dollar,C$,68.7782,Exchange Rate API
2025-12-23,Canadian Dollar,C$,68.5871,Exchange Rate API
2025-12-22,Canadian Dollar,C$,68.73,Exchange Rate API
2025-12-21,Canadian Dollar,C$,68.8149,Exchange Rate API
2025-12-20,Canadian Dollar,C$,69.1234,Exchange Rate API
2025-12-19,Canadian Dollar,C$,68.8647,Exchange Rate API
2025-12-18,Canadian Dollar,C$,69.081,Exchange Rate API
2025-12-17,Canadian Dollar,C$,69.2669,Exchange Rate API
2025-12-16,Canadian Dollar,C$,69.3158,Exchange Rate API
2025-12-15,Canadian Dollar,C$,69.2987,Exchange Rate API
2025-12-14,Canadian Dollar,C$,69.6059,Exchange Rate API
2025-12-13,Canadian Dollar,C$,69.4664,Exchange Rate API
2025-12-12,Canadian Dollar,C$,69.8474,Exchange Rate API
2025-12-11,Canadian Dollar,C$,69.4412,Exchange Rate API
2025-12-10,Canadian Dollar,C$,69.8055,Exchange Rate API
2025-12-09,Canadian Dollar,C$,70.1926,Exchange Rate API
2025-12-08,Canadian Dollar,C$,69.8703,Exchange Rate API
2025-12-07,Canadian Dollar,C$,70.2892,Exchange Rate API
2025-12-06,Canadian Dollar,C$,70.2714,Exchange Rate API
2025-12-05,Canadian Dollar,C$,70.0543,Exchange Rate API
2025-12-04,Canadian Dollar,C$,70.1421,Exchange Rate API
2025-12-03,Canadian Dollar,C$,69.8934,Exchange Rate API
2025-12-02,Canadian Dollar,C$,70.2416,Exchange Rate API
2025-12-01,Canadian Dollar,C$,70.2855,Exchange Rate API
2025-11-30,Canadian Dollar,C$,70.5179,Exchange Rate API
2025-11-29,Canadian Dollar,C$,70.4169,Exchange Rate API
2025-11-28,Canadian Dollar,C$,70.4453,Exchange Rate API
2025-11-27,Canadian Dollar,C$,70.3263,Exchange Rate API
2025-11-26,Canadian Dollar,C$,70.1251,Exchange Rate API
2025-11-25,Canadian Dollar,C$,70.1359,Exchange Rate API
2025-11-24,Canadian Dollar,C$,70.1336,Exchange Rate API
2025-11-23,Canadian Dollar,C$,69.7958,Exchange Rate API
2025-11-22,Canadian Dollar,C$,70.1989,Exchange Rate API
2025-11-21,Canadian Dollar,C$,70.1732,Exchange Rate API
2025-11-20,Canadian Dollar,C$,70.4593,Exchange Rate API
2025-11-19,Canadian Dollar,C$,70.8096,Exchange Rate API
2025-11-18,Canadian Dollar,C$,70.6997,Exchange Rate API
2025-11-17,Canadian Dollar,C$,70.6267,Exchange Rate API
2025-11-16,Canadian Dollar,C$,70.6797,Exchange Rate API
2025-11-15,Canadian Dollar,C$,70.4433,Exchange Rate API
2025-11-14,Canadian Dollar,C$,70.144,Exchange Rate API
2025-11-13,Canadian Dollar,C$,69.9426,Exchange Rate API
2025-11-12,Canadian Dollar,C$,70.3075,Exchange Rate API
2025-11-11,Canadian Dollar,C$,70.3743,Exchange Rate API
2025-11-10,Canadian Dollar,C$,70.3047,Exchange Rate API
2025-11-09,Canadian Dollar,C$,70.0115,Exchange Rate API
2025-11-08,Canadian Dollar,C$,69.8686,Exchange Rate API
2025-11-07,Canadian Dollar,C$,69.7679,Exchange Rate API
2025-11-06,Canadian Dollar,C$,70.047,Exchange Rate API
2025-11-05,Canadian Dollar,C$,70.0464,Exchange Rate API
2025-11-04,Canadian Dollar,C$,70.1764,Exchange Rate API
2025-11-03,Canadian Dollar,C$,70.3321,Exchange Rate API
2025-11-02,Canadian Dollar,C$,70.1273,Exchange Rate API
2025-11-01,Canadian Dollar,C$,70.3979,Exchange Rate API
2025-10-31,Canadian Dollar,C$,70.792,Exchange Rate API
2025-10-30,Canadian Dollar,C$,70.9124,Exchange Rate API
2025-10-29,Canadian Dollar,C$,70.9044,Exchange Rate API
2025-10-28,Canadian Dollar,C$,70.6221,Exchange Rate API
2025-10-27,Canadian Dollar,C$,70.8721,Exchange Rate API
2025-10-26,Canadian Dollar,C$,70.5908,Exchange Rate API
2025-10-25,Canadian Dollar,C$,70.7774,Exchange Rate API
2025-10-24,Canadian Dollar,C$,70.7675,Exchange Rate API
2025-10-23,Canadian Dollar,C$,71.1215,Exchange Rate API
2025-10-22,Canadian Dollar,C$,71.1575,Exchange Rate API
2025-10-21,Canadian Dollar,C$,71.2786,Exchange Rate API
2025-10-20,Canadian Dollar,C$,70.9012,Exchange Rate API
2025-10-19,Canadian Dollar,C$,70.5046,Exchange Rate API
2025-10-18,Canadian Dollar,C$,70.7979,Exchange Rate API
2025-10-17,Canadian Dollar,C$,71.1761,Exchange Rate API
2025-10-16,Canadian Dollar,C$,71.3198,Exchange Rate API
2025-10-15,Canadian Dollar,C$,71.546,Exchange Rate API
2025-10-14,Canadian Dollar,C$,71.4708,Exchange Rate API
2025-10-13,Canadian Dollar,C$,71.7646,Exchange Rate API
2025-10-12,Canadian Dollar,C$,71.5333,Exchange Rate API
2025-10-11,Canadian Dollar,C$,71.7111,Exchange Rate API
2025-10-10,Canadian Dollar,C$,71.2887,Exchange Rate API
2025-10-09,Canadian Dollar,C$,71.2936,Exchange Rate API
2025-10-08,Canadian Dollar,C$,71.1851,Exchange Rate API
2025-10-07,Canadian Dollar,C$,71.2858,Exchange Rate API
2025-10-06,Canadian Dollar,C$,71.4284,Exchange Rate API
2025-10-05,Canadian Dollar,C$,71.5283,Exchange Rate API
2025-10-04,Canadian Dollar,C$,71.5139,Exchange Rate API
2025-10-03,Canadian Dollar,C$,71.5035,Exchange Rate API
2025-10-02,Canadian Dollar,C$,71.0802,Exchange Rate API
2025-10-01,Canadian Dollar,C$,71.1243,Exchange Rate API
2025-09-30,Canadian Dollar,C$,70.7077,Exchange Rate API
2025-09-29,Canadian Dollar,C$,70.7327,Exchange Rate API
2025-09-28,Canadian Dollar,C$,70.5415,Exchange Rate API
2025-09-27,Canadian Dollar,C$,70.9457,Exchange Rate API
2025-09-26,Canadian Dollar,C$,70.5346,Exchange Rate API
2025-09-25,Canadian Dollar,C$,70.7997,Exchange Rate API
2025-09-24,Canadian Dollar,C$,70.9476,Exchange Rate API
2025-09-23,Canadian Dollar,C$,71.2083,Exchange Rate API
2025-09-22,Canadian Dollar,C$,71.5585,Exchange Rate API
2025-09-21,Canadian Dollar,C$,71.221,Exchange Rate API
2025-09-20,Canadian Dollar,C$,70.876,Exchange Rate API
2025-09-19,Canadian Dollar,C$,70.5774,Exchange Rate API
2025-09-18,Canadian Dollar,C$,70.3165,Exchange Rate API
2025-09-17,Canadian Dollar,C$,70.3388,Exchange Rate API
2025-09-16,Canadian Dollar,C$,70.6049,Exchange Rate API
2025-09-15,Canadian Dollar,C$,70.4078,Exchange Rate API
2025-09-14,Canadian Dollar,C$,70.3207,Exchange Rate API
2025-09-13,Canadian Dollar,C$,70.2136,Exchange Rate API
2025-09-12,Canadian Dollar,C$,70.1344,Exchange Rate API
2025-09-11,Canadian Dollar,C$,70.1891,Exchange Rate API
2025-09-10,Canadian Dollar,C$,70.602,Exchange Rate API
2025-09-09,Canadian Dollar,C$,70.3697,Exchange Rate API
2025-09-08,Canadian Dollar,C$,70.5251,Exchange Rate API
2025-09-07,Canadian Dollar,C$,70.8195,Exchange Rate API
2025-09-06,Canadian Dollar,C$,70.9501,Exchange Rate API
2025-09-05,Canadian Dollar,C$,71.2551,Exchange Rate API
2025-09-04,Canadian Dollar,C$,71.4771,Exchange Rate API
2025-09-03,Canadian Dollar,C$,71.1284,Exchange Rate API
2025-09-02,Canadian Dollar,C$,71.0253,Exchange Rate API
2025-09-01,Canadian Dollar,C$,71.0702,Exchange Rate API
2025-08-31,Canadian Dollar,C$,70.6916,Exchange Rate API
2025-08-30,Canadian Dollar,C$,70.2755,Exchange Rate API
2025-08-29,Canadian Dollar,C$,69.9984,Exchange Rate API
2025-08-28,Canadian Dollar,C$,69.9983,Exchange Rate API
2025-08-27,Canadian Dollar,C$,69.9428,Exchange Rate API
2025-08-26,Canadian Dollar,C$,70.1815,Exchange Rate API
2025-08-25,Canadian Dollar,C$,70.237,Exchange Rate API
2025-08-24,Canadian Dollar,C$,70.5387,Exchange Rate API
2025-08-23,Canadian Dollar,C$,70.1962,Exchange Rate API
2025-08-22,Canadian Dollar,C$,70.2199,Exchange Rate API
2025-08-21,Canadian Dollar,C$,69.8344,Exchange Rate API
2025-08-20,Canadian Dollar,C$,69.5926,Exchange Rate API
2025-08-19,Canadian Dollar,C$,69.9,Exchange Rate API
2025-08-18,Canadian Dollar,C$,70.2251,Exchange Rate API
2025-08-17,Canadian Dollar,C$,70.2045,Exchange Rate API
2025-08-16,Canadian Dollar,C$,69.8225,Exchange Rate API
2025-08-15,Canadian Dollar,C$,69.4659,Exchange Rate API
2025-08-14,Canadian Dollar,C$,69.8207,Exchange Rate API
2025-08-13,Canadian Dollar,C$,70.1553,Exchange Rate API
2025-08-12,Canadian Dollar,C$,70.2088,Exchange Rate API
2025-08-11,Canadian Dollar,C$,69.8153,Exchange Rate API
2025-08-10,Canadian Dollar,C$,70.1745,Exchange Rate API
2025-08-09,Canadian Dollar,C$,70.0183,Exchange Rate API
2025-08-08,Canadian Dollar,C$,70.406,Exchange Rate API
2025-08-07,Canadian Dollar,C$,70.4795,Exchange Rate API
2025-08-06,Canadian Dollar,C$,70.6928,Exchange Rate API
2025-08-05,Canadian Dollar,C$,70.8732,Exchange Rate API
2025-08-04,Canadian Dollar,C$,70.7867,Exchange Rate API
2025-08-03,Canadian Dollar,C$,70.4273,Exchange Rate API
2025-08-02,Canadian Dollar,C$,70.142,Exchange Rate API
2025-08-01,Canadian Dollar,C$,69.9236,Exchange Rate API
2025-07-31,Canadian Dollar,C$,70.2044,Exchange Rate API
2025-07-30,Canadian Dollar,C$,70.111,Exchange Rate API
2025-07-29,Canadian Dollar,C$,70.4446,Exchange Rate API
2025-07-28,Canadian Dollar,C$,70.3024,Exchange Rate API
2025-07-27,Canadian Dollar,C$,70.518,Exchange Rate API
2025-07-26,Canadian Dollar,C$,70.2133,Exchange Rate API
2026-07-25,Swiss Franc,CHF,118.3292,Exchange Rate API
2026-07-24,Swiss Franc,CHF,118.6475,Exchange Rate API
2026-07-23,Swiss Franc,CHF,118.6486,Exchange Rate API
2026-07-22,Swiss Franc,CHF,119.3239,Exchange Rate API
2026-07-21,Swiss Franc,CHF,118.6848,Exchange Rate API
2026-07-20,Swiss Franc,CHF,118.5952,Exchange Rate API
2026-07-19,Swiss Franc,CHF,119.0772,Exchange Rate API
2026-07-18,Swiss Franc,CHF,118.8494,Exchange Rate API
2026-07-17,Swiss Franc,CHF,119.2331,Exchange Rate API
2026-07-16,Swiss Franc,CHF,119.8839,Exchange Rate API
2026-07-15,Swiss Franc,CHF,119.7353,Exchange Rate API
2026-07-14,Swiss Franc,CHF,120.1284,Exchange Rate API
2026-07-13,Swiss Franc,CHF,119.4503,Exchange Rate API
2026-07-12,Swiss Franc,CHF,119.1254,Exchange Rate API
2026-07-11,Swiss Franc,CHF,119.8296,Exchange Rate API
2026-07-10,Swiss Franc,CHF,119.8161,Exchange Rate API
2026-07-09,Swiss Franc,CHF,119.6088,Exchange Rate API
2026-07-08,Swiss Franc,CHF,120.242,Exchange Rate API
2026-07-07,Swiss Franc,CHF,120.1437,Exchange Rate API
2026-07-06,Swiss Franc,CHF,120.4028,Exchange Rate API
2026-07-05,Swiss Franc,CHF,120.6349,Exchange Rate API
2026-07-04,Swiss Franc,CHF,120.0351,Exchange Rate API
2026-07-03,Swiss Franc,CHF,120.206,Exchange Rate API
2026-07-02,Swiss Franc,CHF,120.6359,Exchange Rate API
2026-07-01,Swiss Franc,CHF,120.9444,Exchange Rate API
2026-06-30,Swiss Franc,CHF,120.3378,Exchange Rate API
2026-06-29,Swiss Franc,CHF,119.8385,Exchange Rate API
2026-06-28,Swiss Franc,CHF,120.1429,Exchange Rate API
2026-06-27,Swiss Franc,CHF,120.3359,Exchange Rate API
2026-06-26,Swiss Franc,CHF,120.682,Exchange Rate API
2026-06-25,Swiss Franc,CHF,120.4165,Exchange Rate API
2026-06-24,Swiss Franc,CHF,119.848,Exchange Rate API
2026-06-23,Swiss Franc,CHF,119.1364,Exchange Rate API
2026-06-22,Swiss Franc,CHF,118.8623,Exchange Rate API
2026-06-21,Swiss Franc,CHF,118.6625,Exchange Rate API
2026-06-20,Swiss Franc,CHF,118.3347,Exchange Rate API
2026-06-19,Swiss Franc,CHF,117.8129,Exchange Rate API
2026-06-18,Swiss Franc,CHF,117.3709,Exchange Rate API
2026-06-17,Swiss Franc,CHF,117.2988,Exchange Rate API
2026-06-16,Swiss Franc,CHF,117.3759,Exchange Rate API
2026-06-15,Swiss Franc,CHF,117.2464,Exchange Rate API
2026-06-14,Swiss Franc,CHF,116.5799,Exchange Rate API
2026-06-13,Swiss Franc,CHF,116.3755,Exchange Rate API
2026-06-12,Swiss Franc,CHF,115.8072,Exchange Rate API
2026-06-11,Swiss Franc,CHF,115.9435,Exchange Rate API
2026-06-10,Swiss Franc,CHF,115.6992,Exchange Rate API
2026-06-09,Swiss Franc,CHF,115.5399,Exchange Rate API
2026-06-08,Swiss Franc,CHF,115.2513,Exchange Rate API
2026-06-07,Swiss Franc,CHF,115.0961,Exchange Rate API
2026-06-06,Swiss Franc,CHF,114.5225,Exchange Rate API
2026-06-05,Swiss Franc,CHF,115.0738,Exchange Rate API
2026-06-04,Swiss Franc,CHF,115.6333,Exchange Rate API
2026-06-03,Swiss Franc,CHF,116.2968,Exchange Rate API
2026-06-02,Swiss Franc,CHF,116.3972,Exchange Rate API
2026-06-01,Swiss Franc,CHF,115.9357,Exchange Rate API
2026-05-31,Swiss Franc,CHF,115.7698,Exchange Rate API
2026-05-30,Swiss Franc,CHF,115.2681,Exchange Rate API
2026-05-29,Swiss Franc,CHF,114.993,Exchange Rate API
2026-05-28,Swiss Franc,CHF,114.9835,Exchange Rate API
2026-05-27,Swiss Franc,CHF,114.3809,Exchange Rate API
2026-05-26,Swiss Franc,CHF,114.2912,Exchange Rate API
2026-05-25,Swiss Franc,CHF,114.183,Exchange Rate API
2026-05-24,Swiss Franc,CHF,114.1614,Exchange Rate API
2026-05-23,Swiss Franc,CHF,113.5818,Exchange Rate API
2026-05-22,Swiss Franc,CHF,113.2434,Exchange Rate API
2026-05-21,Swiss Franc,CHF,112.899,Exchange Rate API
2026-05-20,Swiss Franc,CHF,113.0684,Exchange Rate API
2026-05-19,Swiss Franc,CHF,113.1957,Exchange Rate API
2026-05-18,Swiss Franc,CHF,112.7821,Exchange Rate API
2026-05-17,Swiss Franc,CHF,112.2502,Exchange Rate API
2026-05-16,Swiss Franc,CHF,111.9871,Exchange Rate API
2026-05-15,Swiss Franc,CHF,112.5902,Exchange Rate API
2026-05-14,Swiss Franc,CHF,112.3635,Exchange Rate API
2026-05-13,Swiss Franc,CHF,112.5256,Exchange Rate API
2026-05-12,Swiss Franc,CHF,112.9362,Exchange Rate API
2026-05-11,Swiss Franc,CHF,112.7052,Exchange Rate API
2026-05-10,Swiss Franc,CHF,112.4817,Exchange Rate API
2026-05-09,Swiss Franc,CHF,112.9075,Exchange Rate API
2026-05-08,Swiss Franc,CHF,113.3946,Exchange Rate API
2026-05-07,Swiss Franc,CHF,114.0399,Exchange Rate API
2026-05-06,Swiss Franc,CHF,113.5419,Exchange Rate API
2026-05-05,Swiss Franc,CHF,113.2976,Exchange Rate API
2026-05-04,Swiss Franc,CHF,113.9057,Exchange Rate API
2026-05-03,Swiss Franc,CHF,113.4968,Exchange Rate API
2026-05-02,Swiss Franc,CHF,113.2437,Exchange Rate API
2026-05-01,Swiss Franc,CHF,113.875,Exchange Rate API
2026-04-30,Swiss Franc,CHF,114.5155,Exchange Rate API
2026-04-29,Swiss Franc,CHF,114.2289,Exchange Rate API
2026-04-28,Swiss Franc,CHF,114.4961,Exchange Rate API
2026-04-27,Swiss Franc,CHF,114.4837,Exchange Rate API
2026-04-26,Swiss Franc,CHF,114.5879,Exchange Rate API
2026-04-25,Swiss Franc,CHF,114.2337,Exchange Rate API
2026-04-24,Swiss Franc,CHF,114.0638,Exchange Rate API
2026-04-23,Swiss Franc,CHF,114.497,Exchange Rate API
2026-04-22,Swiss Franc,CHF,114.3499,Exchange Rate API
2026-04-21,Swiss Franc,CHF,113.8201,Exchange Rate API
2026-04-20,Swiss Franc,CHF,113.9073,Exchange Rate API
2026-04-19,Swiss Franc,CHF,114.0334,Exchange Rate API
2026-04-18,Swiss Franc,CHF,114.0958,Exchange Rate API
2026-04-17,Swiss Franc,CHF,114.3446,Exchange Rate API
2026-04-16,Swiss Franc,CHF,114.4133,Exchange Rate API
2026-04-15,Swiss Franc,CHF,115.0353,Exchange Rate API
2026-04-14,Swiss Franc,CHF,114.9823,Exchange Rate API
2026-04-13,Swiss Franc,CHF,115.2698,Exchange Rate API
2026-04-12,Swiss Franc,CHF,115.1847,Exchange Rate API
2026-04-11,Swiss Franc,CHF,114.8963,Exchange Rate API
2026-04-10,Swiss Franc,CHF,115.1622,Exchange Rate API
2026-04-09,Swiss Franc,CHF,115.603,Exchange Rate API
2026-04-08,Swiss Franc,CHF,116.0131,Exchange Rate API
2026-04-07,Swiss Franc,CHF,115.8866,Exchange Rate API
2026-04-06,Swiss Franc,CHF,115.8856,Exchange Rate API
2026-04-05,Swiss Franc,CHF,116.071,Exchange Rate API
2026-04-04,Swiss Franc,CHF,115.7117,Exchange Rate API
2026-04-03,Swiss Franc,CHF,115.932,Exchange Rate API
2026-04-02,Swiss Franc,CHF,116.2314,Exchange Rate API
2026-04-01,Swiss Franc,CHF,116.6346,Exchange Rate API
2026-03-31,Swiss Franc,CHF,116.0383,Exchange Rate API
2026-03-30,Swiss Franc,CHF,116.7216,Exchange Rate API
2026-03-29,Swiss Franc,CHF,116.6925,Exchange Rate API
2026-03-28,Swiss Franc,CHF,116.5536,Exchange Rate API
2026-03-27,Swiss Franc,CHF,116.5628,Exchange Rate API
2026-03-26,Swiss Franc,CHF,117.1508,Exchange Rate API
2026-03-25,Swiss Franc,CHF,117.4203,Exchange Rate API
2026-03-24,Swiss Franc,CHF,117.4818,Exchange Rate API
2026-03-23,Swiss Franc,CHF,117.8917,Exchange Rate API
2026-03-22,Swiss Franc,CHF,117.693,Exchange Rate API
2026-03-21,Swiss Franc,CHF,118.2516,Exchange Rate API
2026-03-20,Swiss Franc,CHF,118.304,Exchange Rate API
2026-03-19,Swiss Franc,CHF,118.5002,Exchange Rate API
2026-03-18,Swiss Franc,CHF,117.91,Exchange Rate API
2026-03-17,Swiss Franc,CHF,118.2905,Exchange Rate API
2026-03-16,Swiss Franc,CHF,118.5142,Exchange Rate API
2026-03-15,Swiss Franc,CHF,118.308,Exchange Rate API
2026-03-14,Swiss Franc,CHF,118.5167,Exchange Rate API
2026-03-13,Swiss Franc,CHF,117.8686,Exchange Rate API
2026-03-12,Swiss Franc,CHF,118.5526,Exchange Rate API
2026-03-11,Swiss Franc,CHF,118.8051,Exchange Rate API
2026-03-10,Swiss Franc,CHF,118.662,Exchange Rate API
2026-03-09,Swiss Franc,CHF,119.0218,Exchange Rate API
2026-03-08,Swiss Franc,CHF,119.687,Exchange Rate API
2026-03-07,Swiss Franc,CHF,119.5871,Exchange Rate API
2026-03-06,Swiss Franc,CHF,118.8847,Exchange Rate API
2026-03-05,Swiss Franc,CHF,118.5405,Exchange Rate API
2026-03-04,Swiss Franc,CHF,118.5557,Exchange Rate API
2026-03-03,Swiss Franc,CHF,118.5824,Exchange Rate API
2026-03-02,Swiss Franc,CHF,118.697,Exchange Rate API
2026-03-01,Swiss Franc,CHF,118.8042,Exchange Rate API
2026-02-28,Swiss Franc,CHF,118.7269,Exchange Rate API
2026-02-27,Swiss Franc,CHF,118.5718,Exchange Rate API
2026-02-26,Swiss Franc,CHF,118.9593,Exchange Rate API
2026-02-25,Swiss Franc,CHF,119.0858,Exchange Rate API
2026-02-24,Swiss Franc,CHF,119.0865,Exchange Rate API
2026-02-23,Swiss Franc,CHF,118.865,Exchange Rate API
2026-02-22,Swiss Franc,CHF,118.1868,Exchange Rate API
2026-02-21,Swiss Franc,CHF,117.626,Exchange Rate API
2026-02-20,Swiss Franc,CHF,117.5074,Exchange Rate API
2026-02-19,Swiss Franc,CHF,118.1585,Exchange Rate API
2026-02-18,Swiss Franc,CHF,117.6141,Exchange Rate API
2026-02-17,Swiss Franc,CHF,118.2361,Exchange Rate API
2026-02-16,Swiss Franc,CHF,117.7277,Exchange Rate API
2026-02-15,Swiss Franc,CHF,117.462,Exchange Rate API
2026-02-14,Swiss Franc,CHF,117.399,Exchange Rate API
2026-02-13,Swiss Franc,CHF,116.986,Exchange Rate API
2026-02-12,Swiss Franc,CHF,116.962,Exchange Rate API
2026-02-11,Swiss Franc,CHF,116.9285,Exchange Rate API
2026-02-10,Swiss Franc,CHF,116.8417,Exchange Rate API
2026-02-09,Swiss Franc,CHF,117.1176,Exchange Rate API
2026-02-08,Swiss Franc,CHF,116.8631,Exchange Rate API
2026-02-07,Swiss Franc,CHF,116.583,Exchange Rate API
2026-02-06,Swiss Franc,CHF,117.0169,Exchange Rate API
2026-02-05,Swiss Franc,CHF,116.4764,Exchange Rate API
2026-02-04,Swiss Franc,CHF,116.9645,Exchange Rate API
2026-02-03,Swiss Franc,CHF,117.1722,Exchange Rate API
2026-02-02,Swiss Franc,CHF,117.4213,Exchange Rate API
2026-02-01,Swiss Franc,CHF,116.9484,Exchange Rate API
2026-01-31,Swiss Franc,CHF,117.6275,Exchange Rate API
2026-01-30,Swiss Franc,CHF,117.266,Exchange Rate API
2026-01-29,Swiss Franc,CHF,116.8079,Exchange Rate API
2026-01-28,Swiss Franc,CHF,116.3315,Exchange Rate API
2026-01-27,Swiss Franc,CHF,116.415,Exchange Rate API
2026-01-26,Swiss Franc,CHF,117.0555,Exchange Rate API
2026-01-25,Swiss Franc,CHF,116.6788,Exchange Rate API
2026-01-24,Swiss Franc,CHF,116.5459,Exchange Rate API
2026-01-23,Swiss Franc,CHF,116.1046,Exchange Rate API
2026-01-22,Swiss Franc,CHF,116.3003,Exchange Rate API
2026-01-21,Swiss Franc,CHF,116.2056,Exchange Rate API
2026-01-20,Swiss Franc,CHF,115.5491,Exchange Rate API
2026-01-19,Swiss Franc,CHF,115.7073,Exchange Rate API
2026-01-18,Swiss Franc,CHF,115.287,Exchange Rate API
2026-01-17,Swiss Franc,CHF,115.4146,Exchange Rate API
2026-01-16,Swiss Franc,CHF,115.2606,Exchange Rate API
2026-01-15,Swiss Franc,CHF,115.5438,Exchange Rate API
2026-01-14,Swiss Franc,CHF,115.1359,Exchange Rate API
2026-01-13,Swiss Franc,CHF,115.4845,Exchange Rate API
2026-01-12,Swiss Franc,CHF,115.9123,Exchange Rate API
2026-01-11,Swiss Franc,CHF,115.3038,Exchange Rate API
2026-01-10,Swiss Franc,CHF,114.7528,Exchange Rate API
2026-01-09,Swiss Franc,CHF,115.265,Exchange Rate API
2026-01-08,Swiss Franc,CHF,114.832,Exchange Rate API
2026-01-07,Swiss Franc,CHF,114.5922,Exchange Rate API
2026-01-06,Swiss Franc,CHF,114.5338,Exchange Rate API
2026-01-05,Swiss Franc,CHF,114.2072,Exchange Rate API
2026-01-04,Swiss Franc,CHF,114.7042,Exchange Rate API
2026-01-03,Swiss Franc,CHF,114.7423,Exchange Rate API
2026-01-02,Swiss Franc,CHF,114.9338,Exchange Rate API
2026-01-01,Swiss Franc,CHF,115.0675,Exchange Rate API
2025-12-31,Swiss Franc,CHF,115.2212,Exchange Rate API
2025-12-30,Swiss Franc,CHF,115.3415,Exchange Rate API
2025-12-29,Swiss Franc,CHF,115.131,Exchange Rate API
2025-12-28,Swiss Franc,CHF,115.6084,Exchange Rate API
2025-12-27,Swiss Franc,CHF,115.7712,Exchange Rate API
2025-12-26,Swiss Franc,CHF,116.2071,Exchange Rate API
2025-12-25,Swiss Franc,CHF,116.4943,Exchange Rate API
2025-12-24,Swiss Franc,CHF,116.2111,Exchange Rate API
2025-12-23,Swiss Franc,CHF,116.3708,Exchange Rate API
2025-12-22,Swiss Franc,CHF,115.7909,Exchange Rate API
2025-12-21,Swiss Franc,CHF,115.2823,Exchange Rate API
2025-12-20,Swiss Franc,CHF,114.7537,Exchange Rate API
2025-12-19,Swiss Franc,CHF,114.4857,Exchange Rate API
2025-12-18,Swiss Franc,CHF,114.0503,Exchange Rate API
2025-12-17,Swiss Franc,CHF,114.315,Exchange Rate API
2025-12-16,Swiss Franc,CHF,114.3298,Exchange Rate API
2025-12-15,Swiss Franc,CHF,114.2176,Exchange Rate API
2025-12-14,Swiss Franc,CHF,113.7213,Exchange Rate API
2025-12-13,Swiss Franc,CHF,113.5626,Exchange Rate API
2025-12-12,Swiss Franc,CHF,113.1344,Exchange Rate API
2025-12-11,Swiss Franc,CHF,113.3184,Exchange Rate API
2025-12-10,Swiss Franc,CHF,113.5814,Exchange Rate API
2025-12-09,Swiss Franc,CHF,113.7794,Exchange Rate API
2025-12-08,Swiss Franc,CHF,114.4619,Exchange Rate API
2025-12-07,Swiss Franc,CHF,114.5373,Exchange Rate API
2025-12-06,Swiss Franc,CHF,114.5231,Exchange Rate API
2025-12-05,Swiss Franc,CHF,114.0288,Exchange Rate API
2025-12-04,Swiss Franc,CHF,113.7751,Exchange Rate API
2025-12-03,Swiss Franc,CHF,113.7082,Exchange Rate API
2025-12-02,Swiss Franc,CHF,113.0991,Exchange Rate API
2025-12-01,Swiss Franc,CHF,112.9078,Exchange Rate API
2025-11-30,Swiss Franc,CHF,112.2433,Exchange Rate API
2025-11-29,Swiss Franc,CHF,111.7537,Exchange Rate API
2025-11-28,Swiss Franc,CHF,112.1764,Exchange Rate API
2025-11-27,Swiss Franc,CHF,112.8008,Exchange Rate API
2025-11-26,Swiss Franc,CHF,112.8082,Exchange Rate API
2025-11-25,Swiss Franc,CHF,112.8014,Exchange Rate API
2025-11-24,Swiss Franc,CHF,113.0514,Exchange Rate API
2025-11-23,Swiss Franc,CHF,112.9369,Exchange Rate API
2025-11-22,Swiss Franc,CHF,113.3975,Exchange Rate API
2025-11-21,Swiss Franc,CHF,113.3821,Exchange Rate API
2025-11-20,Swiss Franc,CHF,112.8143,Exchange Rate API
2025-11-19,Swiss Franc,CHF,112.1792,Exchange Rate API
2025-11-18,Swiss Franc,CHF,112.5306,Exchange Rate API
2025-11-17,Swiss Franc,CHF,112.2498,Exchange Rate API
2025-11-16,Swiss Franc,CHF,111.9465,Exchange Rate API
2025-11-15,Swiss Franc,CHF,111.997,Exchange Rate API
2025-11-14,Swiss Franc,CHF,111.5511,Exchange Rate API
2025-11-13,Swiss Franc,CHF,111.494,Exchange Rate API
2025-11-12,Swiss Franc,CHF,111.8185,Exchange Rate API
2025-11-11,Swiss Franc,CHF,112.1753,Exchange Rate API
2025-11-10,Swiss Franc,CHF,112.2422,Exchange Rate API
2025-11-09,Swiss Franc,CHF,111.7212,Exchange Rate API
2025-11-08,Swiss Franc,CHF,111.204,Exchange Rate API
2025-11-07,Swiss Franc,CHF,111.5711,Exchange Rate API
2025-11-06,Swiss Franc,CHF,112.0039,Exchange Rate API
2025-11-05,Swiss Franc,CHF,111.825,Exchange Rate API
2025-11-04,Swiss Franc,CHF,112.2579,Exchange Rate API
2025-11-03,Swiss Franc,CHF,111.6404,Exchange Rate API
2025-11-02,Swiss Franc,CHF,111.9338,Exchange Rate API
2025-11-01,Swiss Franc,CHF,111.9961,Exchange Rate API
2025-10-31,Swiss Franc,CHF,112.6543,Exchange Rate API
2025-10-30,Swiss Franc,CHF,112.1168,Exchange Rate API
2025-10-29,Swiss Franc,CHF,112.5609,Exchange Rate API
2025-10-28,Swiss Franc,CHF,112.9004,Exchange Rate API
2025-10-27,Swiss Franc,CHF,112.6263,Exchange Rate API
2025-10-26,Swiss Franc,CHF,113.3011,Exchange Rate API
2025-10-25,Swiss Franc,CHF,113.2328,Exchange Rate API
2025-10-24,Swiss Franc,CHF,113.027,Exchange Rate API
2025-10-23,Swiss Franc,CHF,113.4566,Exchange Rate API
2025-10-22,Swiss Franc,CHF,113.3736,Exchange Rate API
2025-10-21,Swiss Franc,CHF,114.0456,Exchange Rate API
2025-10-20,Swiss Franc,CHF,114.4228,Exchange Rate API
2025-10-19,Swiss Franc,CHF,114.0616,Exchange Rate API
2025-10-18,Swiss Franc,CHF,114.4869,Exchange Rate API
2025-10-17,Swiss Franc,CHF,114.6077,Exchange Rate API
2025-10-16,Swiss Franc,CHF,114.4023,Exchange Rate API
2025-10-15,Swiss Franc,CHF,114.6916,Exchange Rate API
2025-10-14,Swiss Franc,CHF,114.8743,Exchange Rate API
2025-10-13,Swiss Franc,CHF,114.4139,Exchange Rate API
2025-10-12,Swiss Franc,CHF,113.9186,Exchange Rate API
2025-10-11,Swiss Franc,CHF,113.5175,Exchange Rate API
2025-10-10,Swiss Franc,CHF,113.1183,Exchange Rate API
2025-10-09,Swiss Franc,CHF,112.5202,Exchange Rate API
2025-10-08,Swiss Franc,CHF,112.3188,Exchange Rate API
2025-10-07,Swiss Franc,CHF,112.0237,Exchange Rate API
2025-10-06,Swiss Franc,CHF,112.0758,Exchange Rate API
2025-10-05,Swiss Franc,CHF,111.8386,Exchange Rate API
2025-10-04,Swiss Franc,CHF,112.1125,Exchange Rate API
2025-10-03,Swiss Franc,CHF,111.8291,Exchange Rate API
2025-10-02,Swiss Franc,CHF,111.5169,Exchange Rate API
2025-10-01,Swiss Franc,CHF,111.996,Exchange Rate API
2025-09-30,Swiss Franc,CHF,112.6485,Exchange Rate API
2025-09-29,Swiss Franc,CHF,112.8909,Exchange Rate API
2025-09-28,Swiss Franc,CHF,112.3426,Exchange Rate API
2025-09-27,Swiss Franc,CHF,112.9665,Exchange Rate API
2025-09-26,Swiss Franc,CHF,113.3538,Exchange Rate API
2025-09-25,Swiss Franc,CHF,113.9234,Exchange Rate API
2025-09-24,Swiss Franc,CHF,114.5967,Exchange Rate API
2025-09-23,Swiss Franc,CHF,115.1014,Exchange Rate API
2025-09-22,Swiss Franc,CHF,114.5861,Exchange Rate API
2025-09-21,Swiss Franc,CHF,115.0895,Exchange Rate API
2025-09-20,Swiss Franc,CHF,114.7438,Exchange Rate API
2025-09-19,Swiss Franc,CHF,115.0349,Exchange Rate API
2025-09-18,Swiss Franc,CHF,115.4883,Exchange Rate API
2025-09-17,Swiss Franc,CHF,115.8507,Exchange Rate API
2025-09-16,Swiss Franc,CHF,116.0957,Exchange Rate API
2025-09-15,Swiss Franc,CHF,116.081,Exchange Rate API
2025-09-14,Swiss Franc,CHF,116.1889,Exchange Rate API
2025-09-13,Swiss Franc,CHF,115.8664,Exchange Rate API
2025-09-12,Swiss Franc,CHF,115.7471,Exchange Rate API
2025-09-11,Swiss Franc,CHF,115.6804,Exchange Rate API
2025-09-10,Swiss Franc,CHF,115.8659,Exchange Rate API
2025-09-09,Swiss Franc,CHF,116.3944,Exchange Rate API
2025-09-08,Swiss Franc,CHF,115.8261,Exchange Rate API
2025-09-07,Swiss Franc,CHF,115.8478,Exchange Rate API
2025-09-06,Swiss Franc,CHF,115.5395,Exchange Rate API
2025-09-05,Swiss Franc,CHF,116.1445,Exchange Rate API
2025-09-04,Swiss Franc,CHF,115.962,Exchange Rate API
2025-09-03,Swiss Franc,CHF,116.5885,Exchange Rate API
2025-09-02,Swiss Franc,CHF,116.3469,Exchange Rate API
2025-09-01,Swiss Franc,CHF,115.6523,Exchange Rate API
2025-08-31,Swiss Franc,CHF,116.0328,Exchange Rate API
2025-08-30,Swiss Franc,CHF,116.3568,Exchange Rate API
2025-08-29,Swiss Franc,CHF,116.6792,Exchange Rate API
2025-08-28,Swiss Franc,CHF,116.621,Exchange Rate API
2025-08-27,Swiss Franc,CHF,116.8507,Exchange Rate API
2025-08-26,Swiss Franc,CHF,116.6519,Exchange Rate API
2025-08-25,Swiss Franc,CHF,116.0406,Exchange Rate API
2025-08-24,Swiss Franc,CHF,116.0885,Exchange Rate API
2025-08-23,Swiss Franc,CHF,115.6954,Exchange Rate API
2025-08-22,Swiss Franc,CHF,115.5977,Exchange Rate API
2025-08-21,Swiss Franc,CHF,115.198,Exchange Rate API
2025-08-20,Swiss Franc,CHF,114.878,Exchange Rate API
2025-08-19,Swiss Franc,CHF,115.3306,Exchange Rate API
2025-08-18,Swiss Franc,CHF,115.1061,Exchange Rate API
2025-08-17,Swiss Franc,CHF,115.2137,Exchange Rate API
2025-08-16,Swiss Franc,CHF,115.3051,Exchange Rate API
2025-08-15,Swiss Franc,CHF,115.2848,Exchange Rate API
2025-08-14,Swiss Franc,CHF,115.0686,Exchange Rate API
2025-08-13,Swiss Franc,CHF,115.3207,Exchange Rate API
2025-08-12,Swiss Franc,CHF,114.6958,Exchange Rate API
2025-08-11,Swiss Franc,CHF,114.1447,Exchange Rate API
2025-08-10,Swiss Franc,CHF,114.5336,Exchange Rate API
2025-08-09,Swiss Franc,CHF,114.478,Exchange Rate API
2025-08-08,Swiss Franc,CHF,113.9618,Exchange Rate API
2025-08-07,Swiss Franc,CHF,114.4509,Exchange Rate API
2025-08-06,Swiss Franc,CHF,114.3703,Exchange Rate API
2025-08-05,Swiss Franc,CHF,113.685,Exchange Rate API
2025-08-04,Swiss Franc,CHF,114.3099,Exchange Rate API
2025-08-03,Swiss Franc,CHF,113.9016,Exchange Rate API
2025-08-02,Swiss Franc,CHF,114.1594,Exchange Rate API
2025-08-01,Swiss Franc,CHF,113.6552,Exchange Rate API
2025-07-31,Swiss Franc,CHF,113.8598,Exchange Rate API
2025-07-30,Swiss Franc,CHF,113.3939,Exchange Rate API
2025-07-29,Swiss Franc,CHF,113.9827,Exchange Rate API
2025-07-28,Swiss Franc,CHF,113.6736,Exchange Rate API
2025-07-27,Swiss Franc,CHF,113.8845,Exchange Rate API
2025-07-26,Swiss Franc,CHF,113.5434,Exchange Rate API
2026-07-25,Singapore Dollar,S$,74.744,Exchange Rate API
2026-07-24,Singapore Dollar,S$,75.1062,Exchange Rate API
2026-07-23,Singapore Dollar,S$,74.8047,Exchange Rate API
2026-07-22,Singapore Dollar,S$,74.7117,Exchange Rate API
2026-07-21,Singapore Dollar,S$,74.5373,Exchange Rate API
2026-07-20,Singapore Dollar,S$,74.7157,Exchange Rate API
2026-07-19,Singapore Dollar,S$,74.4773,Exchange Rate API
2026-07-18,Singapore Dollar,S$,74.6163,Exchange Rate API
2026-07-17,Singapore Dollar,S$,74.7987,Exchange Rate API
2026-07-16,Singapore Dollar,S$,74.3509,Exchange Rate API
2026-07-15,Singapore Dollar,S$,74.3302,Exchange Rate API
2026-07-14,Singapore Dollar,S$,74.0026,Exchange Rate API
2026-07-13,Singapore Dollar,S$,73.7594,Exchange Rate API
2026-07-12,Singapore Dollar,S$,73.9187,Exchange Rate API
2026-07-11,Singapore Dollar,S$,73.4834,Exchange Rate API
2026-07-10,Singapore Dollar,S$,73.6559,Exchange Rate API
2026-07-09,Singapore Dollar,S$,73.9362,Exchange Rate API
2026-07-08,Singapore Dollar,S$,74.3693,Exchange Rate API
2026-07-07,Singapore Dollar,S$,74.3,Exchange Rate API
2026-07-06,Singapore Dollar,S$,73.972,Exchange Rate API
2026-07-05,Singapore Dollar,S$,73.591,Exchange Rate API
2026-07-04,Singapore Dollar,S$,73.4877,Exchange Rate API
2026-07-03,Singapore Dollar,S$,73.6912,Exchange Rate API
2026-07-02,Singapore Dollar,S$,73.3396,Exchange Rate API
2026-07-01,Singapore Dollar,S$,73.1753,Exchange Rate API
2026-06-30,Singapore Dollar,S$,73.5098,Exchange Rate API
2026-06-29,Singapore Dollar,S$,73.1897,Exchange Rate API
2026-06-28,Singapore Dollar,S$,73.4299,Exchange Rate API
2026-06-27,Singapore Dollar,S$,73.653,Exchange Rate API
2026-06-26,Singapore Dollar,S$,73.3288,Exchange Rate API
2026-06-25,Singapore Dollar,S$,73.7626,Exchange Rate API
2026-06-24,Singapore Dollar,S$,73.4465,Exchange Rate API
2026-06-23,Singapore Dollar,S$,73.4734,Exchange Rate API
2026-06-22,Singapore Dollar,S$,73.04,Exchange Rate API
2026-06-21,Singapore Dollar,S$,73.1715,Exchange Rate API
2026-06-20,Singapore Dollar,S$,73.1189,Exchange Rate API
2026-06-19,Singapore Dollar,S$,73.3141,Exchange Rate API
2026-06-18,Singapore Dollar,S$,73.4268,Exchange Rate API
2026-06-17,Singapore Dollar,S$,73.1196,Exchange Rate API
2026-06-16,Singapore Dollar,S$,73.0421,Exchange Rate API
2026-06-15,Singapore Dollar,S$,73.2056,Exchange Rate API
2026-06-14,Singapore Dollar,S$,73.5218,Exchange Rate API
2026-06-13,Singapore Dollar,S$,73.1572,Exchange Rate API
2026-06-12,Singapore Dollar,S$,72.8065,Exchange Rate API
2026-06-11,Singapore Dollar,S$,73.0271,Exchange Rate API
2026-06-10,Singapore Dollar,S$,73.1056,Exchange Rate API
2026-06-09,Singapore Dollar,S$,73.0039,Exchange Rate API
2026-06-08,Singapore Dollar,S$,73.4097,Exchange Rate API
2026-06-07,Singapore Dollar,S$,73.2463,Exchange Rate API
2026-06-06,Singapore Dollar,S$,72.9297,Exchange Rate API
2026-06-05,Singapore Dollar,S$,72.7345,Exchange Rate API
2026-06-04,Singapore Dollar,S$,72.3716,Exchange Rate API
2026-06-03,Singapore Dollar,S$,72.418,Exchange Rate API
2026-06-02,Singapore Dollar,S$,72.5049,Exchange Rate API
2026-06-01,Singapore Dollar,S$,72.5985,Exchange Rate API
2026-05-31,Singapore Dollar,S$,72.8415,Exchange Rate API
2026-05-30,Singapore Dollar,S$,73.008,Exchange Rate API
2026-05-29,Singapore Dollar,S$,73.3128,Exchange Rate API
2026-05-28,Singapore Dollar,S$,73.4522,Exchange Rate API
2026-05-27,Singapore Dollar,S$,73.2774,Exchange Rate API
2026-05-26,Singapore Dollar,S$,73.293,Exchange Rate API
2026-05-25,Singapore Dollar,S$,73.3014,Exchange Rate API
2026-05-24,Singapore Dollar,S$,73.5194,Exchange Rate API
2026-05-23,Singapore Dollar,S$,73.339,Exchange Rate API
2026-05-22,Singapore Dollar,S$,72.947,Exchange Rate API
2026-05-21,Singapore Dollar,S$,73.2953,Exchange Rate API
2026-05-20,Singapore Dollar,S$,73.6952,Exchange Rate API
2026-05-19,Singapore Dollar,S$,73.6907,Exchange Rate API
2026-05-18,Singapore Dollar,S$,73.3483,Exchange Rate API
2026-05-17,Singapore Dollar,S$,73.3479,Exchange Rate API
2026-05-16,Singapore Dollar,S$,73.4306,Exchange Rate API
2026-05-15,Singapore Dollar,S$,73.4555,Exchange Rate API
2026-05-14,Singapore Dollar,S$,73.8766,Exchange Rate API
2026-05-13,Singapore Dollar,S$,74.3082,Exchange Rate API
2026-05-12,Singapore Dollar,S$,74.6951,Exchange Rate API
2026-05-11,Singapore Dollar,S$,74.3652,Exchange Rate API
2026-05-10,Singapore Dollar,S$,74.6872,Exchange Rate API
2026-05-09,Singapore Dollar,S$,74.7485,Exchange Rate API
2026-05-08,Singapore Dollar,S$,74.6278,Exchange Rate API
2026-05-07,Singapore Dollar,S$,74.7916,Exchange Rate API
2026-05-06,Singapore Dollar,S$,75.0274,Exchange Rate API
2026-05-05,Singapore Dollar,S$,75.4366,Exchange Rate API
2026-05-04,Singapore Dollar,S$,75.6813,Exchange Rate API
2026-05-03,Singapore Dollar,S$,75.2424,Exchange Rate API
2026-05-02,Singapore Dollar,S$,74.8519,Exchange Rate API
2026-05-01,Singapore Dollar,S$,74.6383,Exchange Rate API
2026-04-30,Singapore Dollar,S$,74.2261,Exchange Rate API
2026-04-29,Singapore Dollar,S$,73.8346,Exchange Rate API
2026-04-28,Singapore Dollar,S$,74.0909,Exchange Rate API
2026-04-27,Singapore Dollar,S$,74.0968,Exchange Rate API
2026-04-26,Singapore Dollar,S$,74.2111,Exchange Rate API
2026-04-25,Singapore Dollar,S$,74.212,Exchange Rate API
2026-04-24,Singapore Dollar,S$,74.1367,Exchange Rate API
2026-04-23,Singapore Dollar,S$,74.3162,Exchange Rate API
2026-04-22,Singapore Dollar,S$,73.9438,Exchange Rate API
2026-04-21,Singapore Dollar,S$,73.9762,Exchange Rate API
2026-04-20,Singapore Dollar,S$,74.0792,Exchange Rate API
2026-04-19,Singapore Dollar,S$,73.8814,Exchange Rate API
2026-04-18,Singapore Dollar,S$,73.7129,Exchange Rate API
2026-04-17,Singapore Dollar,S$,73.7229,Exchange Rate API
2026-04-16,Singapore Dollar,S$,73.4603,Exchange Rate API
2026-04-15,Singapore Dollar,S$,73.7319,Exchange Rate API
2026-04-14,Singapore Dollar,S$,73.7641,Exchange Rate API
2026-04-13,Singapore Dollar,S$,73.6674,Exchange Rate API
2026-04-12,Singapore Dollar,S$,73.7861,Exchange Rate API
2026-04-11,Singapore Dollar,S$,74.0823,Exchange Rate API
2026-04-10,Singapore Dollar,S$,74.2433,Exchange Rate API
2026-04-09,Singapore Dollar,S$,73.8567,Exchange Rate API
2026-04-08,Singapore Dollar,S$,74.0328,Exchange Rate API
2026-04-07,Singapore Dollar,S$,74.2371,Exchange Rate API
2026-04-06,Singapore Dollar,S$,74.5457,Exchange Rate API
2026-04-05,Singapore Dollar,S$,74.1502,Exchange Rate API
2026-04-04,Singapore Dollar,S$,73.782,Exchange Rate API
2026-04-03,Singapore Dollar,S$,73.724,Exchange Rate API
2026-04-02,Singapore Dollar,S$,73.6827,Exchange Rate API
2026-04-01,Singapore Dollar,S$,73.7789,Exchange Rate API
2026-03-31,Singapore Dollar,S$,73.6101,Exchange Rate API
2026-03-30,Singapore Dollar,S$,73.8236,Exchange Rate API
2026-03-29,Singapore Dollar,S$,74.0368,Exchange Rate API
2026-03-28,Singapore Dollar,S$,73.6987,Exchange Rate API
2026-03-27,Singapore Dollar,S$,73.8826,Exchange Rate API
2026-03-26,Singapore Dollar,S$,74.0612,Exchange Rate API
2026-03-25,Singapore Dollar,S$,73.7624,Exchange Rate API
2026-03-24,Singapore Dollar,S$,74.1634,Exchange Rate API
2026-03-23,Singapore Dollar,S$,74.1839,Exchange Rate API
2026-03-22,Singapore Dollar,S$,74.4358,Exchange Rate API
2026-03-21,Singapore Dollar,S$,74.633,Exchange Rate API
2026-03-20,Singapore Dollar,S$,74.3347,Exchange Rate API
2026-03-19,Singapore Dollar,S$,74.0019,Exchange Rate API
2026-03-18,Singapore Dollar,S$,74.2515,Exchange Rate API
2026-03-17,Singapore Dollar,S$,74.0455,Exchange Rate API
2026-03-16,Singapore Dollar,S$,74.3888,Exchange Rate API
2026-03-15,Singapore Dollar,S$,74.6311,Exchange Rate API
2026-03-14,Singapore Dollar,S$,74.2096,Exchange Rate API
2026-03-13,Singapore Dollar,S$,74.4831,Exchange Rate API
2026-03-12,Singapore Dollar,S$,74.2793,Exchange Rate API
2026-03-11,Singapore Dollar,S$,73.8906,Exchange Rate API
2026-03-10,Singapore Dollar,S$,74.0789,Exchange Rate API
2026-03-09,Singapore Dollar,S$,74.147,Exchange Rate API
2026-03-08,Singapore Dollar,S$,73.7707,Exchange Rate API
2026-03-07,Singapore Dollar,S$,73.731,Exchange Rate API
2026-03-06,Singapore Dollar,S$,73.6072,Exchange Rate API
2026-03-05,Singapore Dollar,S$,73.6069,Exchange Rate API
2026-03-04,Singapore Dollar,S$,73.666,Exchange Rate API
2026-03-03,Singapore Dollar,S$,73.549,Exchange Rate API
2026-03-02,Singapore Dollar,S$,73.3329,Exchange Rate API
2026-03-01,Singapore Dollar,S$,72.9835,Exchange Rate API
2026-02-28,Singapore Dollar,S$,73.0482,Exchange Rate API
2026-02-27,Singapore Dollar,S$,73.2435,Exchange Rate API
2026-02-26,Singapore Dollar,S$,73.0048,Exchange Rate API
2026-02-25,Singapore Dollar,S$,73.0125,Exchange Rate API
2026-02-24,Singapore Dollar,S$,72.613,Exchange Rate API
2026-02-23,Singapore Dollar,S$,72.9292,Exchange Rate API
2026-02-22,Singapore Dollar,S$,72.7056,Exchange Rate API
2026-02-21,Singapore Dollar,S$,72.681,Exchange Rate API
2026-02-20,Singapore Dollar,S$,72.5789,Exchange Rate API
2026-02-19,Singapore Dollar,S$,72.2741,Exchange Rate API
2026-02-18,Singapore Dollar,S$,72.648,Exchange Rate API
2026-02-17,Singapore Dollar,S$,72.9596,Exchange Rate API
2026-02-16,Singapore Dollar,S$,73.0059,Exchange Rate API
2026-02-15,Singapore Dollar,S$,73.3685,Exchange Rate API
2026-02-14,Singapore Dollar,S$,73.5804,Exchange Rate API
2026-02-13,Singapore Dollar,S$,73.5092,Exchange Rate API
2026-02-12,Singapore Dollar,S$,73.352,Exchange Rate API
2026-02-11,Singapore Dollar,S$,73.2783,Exchange Rate API
2026-02-10,Singapore Dollar,S$,73.472,Exchange Rate API
2026-02-09,Singapore Dollar,S$,73.2703,Exchange Rate API
2026-02-08,Singapore Dollar,S$,72.8992,Exchange Rate API
2026-02-07,Singapore Dollar,S$,72.7879,Exchange Rate API
2026-02-06,Singapore Dollar,S$,72.7897,Exchange Rate API
2026-02-05,Singapore Dollar,S$,73.1408,Exchange Rate API
2026-02-04,Singapore Dollar,S$,72.8594,Exchange Rate API
2026-02-03,Singapore Dollar,S$,73.1255,Exchange Rate API
2026-02-02,Singapore Dollar,S$,73.5479,Exchange Rate API
2026-02-01,Singapore Dollar,S$,73.9487,Exchange Rate API
2026-01-31,Singapore Dollar,S$,73.5662,Exchange Rate API
2026-01-30,Singapore Dollar,S$,73.5354,Exchange Rate API
2026-01-29,Singapore Dollar,S$,73.3433,Exchange Rate API
2026-01-28,Singapore Dollar,S$,73.6468,Exchange Rate API
2026-01-27,Singapore Dollar,S$,73.4942,Exchange Rate API
2026-01-26,Singapore Dollar,S$,73.541,Exchange Rate API
2026-01-25,Singapore Dollar,S$,73.1068,Exchange Rate API
2026-01-24,Singapore Dollar,S$,72.8442,Exchange Rate API
2026-01-23,Singapore Dollar,S$,72.9,Exchange Rate API
2026-01-22,Singapore Dollar,S$,72.7285,Exchange Rate API
2026-01-21,Singapore Dollar,S$,72.8356,Exchange Rate API
2026-01-20,Singapore Dollar,S$,72.8041,Exchange Rate API
2026-01-19,Singapore Dollar,S$,72.8842,Exchange Rate API
2026-01-18,Singapore Dollar,S$,72.8784,Exchange Rate API
2026-01-17,Singapore Dollar,S$,73.1168,Exchange Rate API
2026-01-16,Singapore Dollar,S$,72.8496,Exchange Rate API
2026-01-15,Singapore Dollar,S$,73.1997,Exchange Rate API
2026-01-14,Singapore Dollar,S$,73.4285,Exchange Rate API
2026-01-13,Singapore Dollar,S$,73.2039,Exchange Rate API
2026-01-12,Singapore Dollar,S$,72.7703,Exchange Rate API
2026-01-11,Singapore Dollar,S$,72.6917,Exchange Rate API
2026-01-10,Singapore Dollar,S$,72.4588,Exchange Rate API
2026-01-09,Singapore Dollar,S$,72.3253,Exchange Rate API
2026-01-08,Singapore Dollar,S$,72.62,Exchange Rate API
2026-01-07,Singapore Dollar,S$,72.9487,Exchange Rate API
2026-01-06,Singapore Dollar,S$,73.3435,Exchange Rate API
2026-01-05,Singapore Dollar,S$,72.9047,Exchange Rate API
2026-01-04,Singapore Dollar,S$,73.0423,Exchange Rate API
2026-01-03,Singapore Dollar,S$,73.3482,Exchange Rate API
2026-01-02,Singapore Dollar,S$,73.5482,Exchange Rate API
2026-01-01,Singapore Dollar,S$,73.1987,Exchange Rate API
2025-12-31,Singapore Dollar,S$,73.2249,Exchange Rate API
2025-12-30,Singapore Dollar,S$,72.9948,Exchange Rate API
2025-12-29,Singapore Dollar,S$,72.9878,Exchange Rate API
2025-12-28,Singapore Dollar,S$,72.6023,Exchange Rate API
2025-12-27,Singapore Dollar,S$,73.0353,Exchange Rate API
2025-12-26,Singapore Dollar,S$,73.2208,Exchange Rate API
2025-12-25,Singapore Dollar,S$,72.8632,Exchange Rate API
2025-12-24,Singapore Dollar,S$,73.2315,Exchange Rate API
2025-12-23,Singapore Dollar,S$,73.5806,Exchange Rate API
2025-12-22,Singapore Dollar,S$,73.598,Exchange Rate API
2025-12-21,Singapore Dollar,S$,73.7754,Exchange Rate API
2025-12-20,Singapore Dollar,S$,73.6625,Exchange Rate API
2025-12-19,Singapore Dollar,S$,74.082,Exchange Rate API
2025-12-18,Singapore Dollar,S$,73.713,Exchange Rate API
2025-12-17,Singapore Dollar,S$,73.3553,Exchange Rate API
2025-12-16,Singapore Dollar,S$,73.0327,Exchange Rate API
2025-12-15,Singapore Dollar,S$,73.3131,Exchange Rate API
2025-12-14,Singapore Dollar,S$,72.9391,Exchange Rate API
2025-12-13,Singapore Dollar,S$,72.9985,Exchange Rate API
2025-12-12,Singapore Dollar,S$,72.9415,Exchange Rate API
2025-12-11,Singapore Dollar,S$,73.3478,Exchange Rate API
2025-12-10,Singapore Dollar,S$,73.1161,Exchange Rate API
2025-12-09,Singapore Dollar,S$,72.9064,Exchange Rate API
2025-12-08,Singapore Dollar,S$,72.7446,Exchange Rate API
2025-12-07,Singapore Dollar,S$,73.0072,Exchange Rate API
2025-12-06,Singapore Dollar,S$,73.1831,Exchange Rate API
2025-12-05,Singapore Dollar,S$,73.3898,Exchange Rate API
2025-12-04,Singapore Dollar,S$,73.2296,Exchange Rate API
2025-12-03,Singapore Dollar,S$,73.0292,Exchange Rate API
2025-12-02,Singapore Dollar,S$,72.6565,Exchange Rate API
2025-12-01,Singapore Dollar,S$,72.3973,Exchange Rate API
2025-11-30,Singapore Dollar,S$,72.6405,Exchange Rate API
2025-11-29,Singapore Dollar,S$,72.7143,Exchange Rate API
2025-11-28,Singapore Dollar,S$,72.4136,Exchange Rate API
2025-11-27,Singapore Dollar,S$,72.122,Exchange Rate API
2025-11-26,Singapore Dollar,S$,72.0926,Exchange Rate API
2025-11-25,Singapore Dollar,S$,72.0117,Exchange Rate API
2025-11-24,Singapore Dollar,S$,72.0427,Exchange Rate API
2025-11-23,Singapore Dollar,S$,72.4444,Exchange Rate API
2025-11-22,Singapore Dollar,S$,72.1902,Exchange Rate API
2025-11-21,Singapore Dollar,S$,72.0241,Exchange Rate API
2025-11-20,Singapore Dollar,S$,71.821,Exchange Rate API
2025-11-19,Singapore Dollar,S$,71.4934,Exchange Rate API
2025-11-18,Singapore Dollar,S$,71.1997,Exchange Rate API
2025-11-17,Singapore Dollar,S$,71.3587,Exchange Rate API
2025-11-16,Singapore Dollar,S$,71.6382,Exchange Rate API
2025-11-15,Singapore Dollar,S$,71.8074,Exchange Rate API
2025-11-14,Singapore Dollar,S$,71.4113,Exchange Rate API
2025-11-13,Singapore Dollar,S$,71.6992,Exchange Rate API
2025-11-12,Singapore Dollar,S$,71.551,Exchange Rate API
2025-11-11,Singapore Dollar,S$,71.2,Exchange Rate API
2025-11-10,Singapore Dollar,S$,70.9849,Exchange Rate API
2025-11-09,Singapore Dollar,S$,70.862,Exchange Rate API
2025-11-08,Singapore Dollar,S$,70.8734,Exchange Rate API
2025-11-07,Singapore Dollar,S$,71.0241,Exchange Rate API
2025-11-06,Singapore Dollar,S$,70.8197,Exchange Rate API
2025-11-05,Singapore Dollar,S$,71.2367,Exchange Rate API
2025-11-04,Singapore Dollar,S$,70.8359,Exchange Rate API
2025-11-03,Singapore Dollar,S$,70.7546,Exchange Rate API
2025-11-02,Singapore Dollar,S$,70.714,Exchange Rate API
2025-11-01,Singapore Dollar,S$,70.9245,Exchange Rate API
2025-10-31,Singapore Dollar,S$,70.7116,Exchange Rate API
2025-10-30,Singapore Dollar,S$,70.6794,Exchange Rate API
2025-10-29,Singapore Dollar,S$,70.9372,Exchange Rate API
2025-10-28,Singapore Dollar,S$,70.6306,Exchange Rate API
2025-10-27,Singapore Dollar,S$,70.217,Exchange Rate API
2025-10-26,Singapore Dollar,S$,70.4954,Exchange Rate API
2025-10-25,Singapore Dollar,S$,70.9036,Exchange Rate API
2025-10-24,Singapore Dollar,S$,70.5894,Exchange Rate API
2025-10-23,Singapore Dollar,S$,70.8636,Exchange Rate API
2025-10-22,Singapore Dollar,S$,70.755,Exchange Rate API
2025-10-21,Singapore Dollar,S$,70.8656,Exchange Rate API
2025-10-20,Singapore Dollar,S$,70.9886,Exchange Rate API
2025-10-19,Singapore Dollar,S$,71.0587,Exchange Rate API
2025-10-18,Singapore Dollar,S$,70.853,Exchange Rate API
2025-10-17,Singapore Dollar,S$,71.1189,Exchange Rate API
2025-10-16,Singapore Dollar,S$,70.7108,Exchange Rate API
2025-10-15,Singapore Dollar,S$,70.3412,Exchange Rate API
2025-10-14,Singapore Dollar,S$,70.6809,Exchange Rate API
2025-10-13,Singapore Dollar,S$,70.6329,Exchange Rate API
2025-10-12,Singapore Dollar,S$,70.3183,Exchange Rate API
2025-10-11,Singapore Dollar,S$,70.6601,Exchange Rate API
2025-10-10,Singapore Dollar,S$,70.9394,Exchange Rate API
2025-10-09,Singapore Dollar,S$,70.796,Exchange Rate API
2025-10-08,Singapore Dollar,S$,70.4075,Exchange Rate API
2025-10-07,Singapore Dollar,S$,70.3745,Exchange Rate API
2025-10-06,Singapore Dollar,S$,70.0941,Exchange Rate API
2025-10-05,Singapore Dollar,S$,70.1562,Exchange Rate API
2025-10-04,Singapore Dollar,S$,70.427,Exchange Rate API
2025-10-03,Singapore Dollar,S$,70.3383,Exchange Rate API
2025-10-02,Singapore Dollar,S$,69.9412,Exchange Rate API
2025-10-01,Singapore Dollar,S$,70.095,Exchange Rate API
2025-09-30,Singapore Dollar,S$,69.8198,Exchange Rate API
2025-09-29,Singapore Dollar,S$,69.5808,Exchange Rate API
2025-09-28,Singapore Dollar,S$,69.3196,Exchange Rate API
2025-09-27,Singapore Dollar,S$,69.1365,Exchange Rate API
2025-09-26,Singapore Dollar,S$,69.4546,Exchange Rate API
2025-09-25,Singapore Dollar,S$,69.0668,Exchange Rate API
2025-09-24,Singapore Dollar,S$,69.1656,Exchange Rate API
2025-09-23,Singapore Dollar,S$,68.9546,Exchange Rate API
2025-09-22,Singapore Dollar,S$,68.7851,Exchange Rate API
2025-09-21,Singapore Dollar,S$,68.7125,Exchange Rate API
2025-09-20,Singapore Dollar,S$,68.7543,Exchange Rate API
2025-09-19,Singapore Dollar,S$,68.3921,Exchange Rate API
2025-09-18,Singapore Dollar,S$,68.2114,Exchange Rate API
2025-09-17,Singapore Dollar,S$,67.9145,Exchange Rate API
2025-09-16,Singapore Dollar,S$,67.6696,Exchange Rate API
2025-09-15,Singapore Dollar,S$,67.982,Exchange Rate API
2025-09-14,Singapore Dollar,S$,68.0031,Exchange Rate API
2025-09-13,Singapore Dollar,S$,68.1098,Exchange Rate API
2025-09-12,Singapore Dollar,S$,68.3568,Exchange Rate API
2025-09-11,Singapore Dollar,S$,68.5987,Exchange Rate API
2025-09-10,Singapore Dollar,S$,69.0016,Exchange Rate API
2025-09-09,Singapore Dollar,S$,69.235,Exchange Rate API
2025-09-08,Singapore Dollar,S$,69.1179,Exchange Rate API
2025-09-07,Singapore Dollar,S$,69.1548,Exchange Rate API
2025-09-06,Singapore Dollar,S$,69.1421,Exchange Rate API
2025-09-05,Singapore Dollar,S$,69.4845,Exchange Rate API
2025-09-04,Singapore Dollar,S$,69.4865,Exchange Rate API
2025-09-03,Singapore Dollar,S$,69.3934,Exchange Rate API
2025-09-02,Singapore Dollar,S$,69.1268,Exchange Rate API
2025-09-01,Singapore Dollar,S$,68.9766,Exchange Rate API
2025-08-31,Singapore Dollar,S$,68.744,Exchange Rate API
2025-08-30,Singapore Dollar,S$,69.0705,Exchange Rate API
2025-08-29,Singapore Dollar,S$,69.3014,Exchange Rate API
2025-08-28,Singapore Dollar,S$,68.9343,Exchange Rate API
2025-08-27,Singapore Dollar,S$,69.3409,Exchange Rate API
2025-08-26,Singapore Dollar,S$,69.3654,Exchange Rate API
2025-08-25,Singapore Dollar,S$,69.5875,Exchange Rate API
2025-08-24,Singapore Dollar,S$,70.0047,Exchange Rate API
2025-08-23,Singapore Dollar,S$,70.4029,Exchange Rate API
2025-08-22,Singapore Dollar,S$,70.0651,Exchange Rate API
2025-08-21,Singapore Dollar,S$,70.197,Exchange Rate API
2025-08-20,Singapore Dollar,S$,70.0003,Exchange Rate API
2025-08-19,Singapore Dollar,S$,70.266,Exchange Rate API
2025-08-18,Singapore Dollar,S$,70.6178,Exchange Rate API
2025-08-17,Singapore Dollar,S$,70.2415,Exchange Rate API
2025-08-16,Singapore Dollar,S$,70.6599,Exchange Rate API
2025-08-15,Singapore Dollar,S$,70.422,Exchange Rate API
2025-08-14,Singapore Dollar,S$,70.7148,Exchange Rate API
2025-08-13,Singapore Dollar,S$,70.9672,Exchange Rate API
2025-08-12,Singapore Dollar,S$,70.8436,Exchange Rate API
2025-08-11,Singapore Dollar,S$,71.132,Exchange Rate API
2025-08-10,Singapore Dollar,S$,71.4267,Exchange Rate API
2025-08-09,Singapore Dollar,S$,71.1491,Exchange Rate API
2025-08-08,Singapore Dollar,S$,71.2281,Exchange Rate API
2025-08-07,Singapore Dollar,S$,71.4898,Exchange Rate API
2025-08-06,Singapore Dollar,S$,71.6593,Exchange Rate API
2025-08-05,Singapore Dollar,S$,72.0153,Exchange Rate API
2025-08-04,Singapore Dollar,S$,71.6076,Exchange Rate API
2025-08-03,Singapore Dollar,S$,71.7799,Exchange Rate API
2025-08-02,Singapore Dollar,S$,72.1654,Exchange Rate API
2025-08-01,Singapore Dollar,S$,72.2205,Exchange Rate API
2025-07-31,Singapore Dollar,S$,72.2752,Exchange Rate API
2025-07-30,Singapore Dollar,S$,72.0048,Exchange Rate API
2025-07-29,Singapore Dollar,S$,72.4265,Exchange Rate API
2025-07-28,Singapore Dollar,S$,72.7582,Exchange Rate API
2025-07-27,Singapore Dollar,S$,72.7514,Exchange Rate API
2025-07-26,Singapore Dollar,S$,72.5847,Exchange Rate API
2026-07-25,UAE Dirham,د.إ,26.3394,Exchange Rate API
2026-07-24,UAE Dirham,د.إ,26.2098,Exchange Rate API
2026-07-23,UAE Dirham,د.إ,26.1257,Exchange Rate API
2026-07-22,UAE Dirham,د.إ,26.0375,Exchange Rate API
2026-07-21,UAE Dirham,د.إ,26.0458,Exchange Rate API
2026-07-20,UAE Dirham,د.إ,25.8897,Exchange Rate API
2026-07-19,UAE Dirham,د.إ,26.0195,Exchange Rate API
2026-07-18,UAE Dirham,د.إ,25.9263,Exchange Rate API
2026-07-17,UAE Dirham,د.إ,25.8113,Exchange Rate API
2026-07-16,UAE Dirham,د.إ,25.8785,Exchange Rate API
2026-07-15,UAE Dirham,د.إ,26.0085,Exchange Rate API
2026-07-14,UAE Dirham,د.إ,26.116,Exchange Rate API
2026-07-13,UAE Dirham,د.إ,26.0607,Exchange Rate API
2026-07-12,UAE Dirham,د.إ,25.9112,Exchange Rate API
2026-07-11,UAE Dirham,د.إ,25.9381,Exchange Rate API
2026-07-10,UAE Dirham,د.إ,26.068,Exchange Rate API
2026-07-09,UAE Dirham,د.إ,26.1538,Exchange Rate API
2026-07-08,UAE Dirham,د.إ,26.2625,Exchange Rate API
2026-07-07,UAE Dirham,د.إ,26.3762,Exchange Rate API
2026-07-06,UAE Dirham,د.إ,26.522,Exchange Rate API
2026-07-05,UAE Dirham,د.إ,26.4818,Exchange Rate API
2026-07-04,UAE Dirham,د.إ,26.6222,Exchange Rate API
2026-07-03,UAE Dirham,د.إ,26.5888,Exchange Rate API
2026-07-02,UAE Dirham,د.إ,26.4615,Exchange Rate API
2026-07-01,UAE Dirham,د.إ,26.3986,Exchange Rate API
2026-06-30,UAE Dirham,د.إ,26.2834,Exchange Rate API
2026-06-29,UAE Dirham,د.إ,26.1754,Exchange Rate API
2026-06-28,UAE Dirham,د.إ,26.3163,Exchange Rate API
2026-06-27,UAE Dirham,د.إ,26.4085,Exchange Rate API
2026-06-26,UAE Dirham,د.إ,26.5545,Exchange Rate API
2026-06-25,UAE Dirham,د.إ,26.602,Exchange Rate API
2026-06-24,UAE Dirham,د.إ,26.498,Exchange Rate API
2026-06-23,UAE Dirham,د.إ,26.647,Exchange Rate API
2026-06-22,UAE Dirham,د.إ,26.7089,Exchange Rate API
2026-06-21,UAE Dirham,د.إ,26.8463,Exchange Rate API
2026-06-20,UAE Dirham,د.إ,26.9388,Exchange Rate API
2026-06-19,UAE Dirham,د.إ,26.8493,Exchange Rate API
2026-06-18,UAE Dirham,د.إ,26.878,Exchange Rate API
2026-06-17,UAE Dirham,د.إ,26.7733,Exchange Rate API
2026-06-16,UAE Dirham,د.إ,26.7112,Exchange Rate API
2026-06-15,UAE Dirham,د.إ,26.7716,Exchange Rate API
2026-06-14,UAE Dirham,د.إ,26.6519,Exchange Rate API
2026-06-13,UAE Dirham,د.إ,26.7251,Exchange Rate API
2026-06-12,UAE Dirham,د.إ,26.869,Exchange Rate API
2026-06-11,UAE Dirham,د.إ,27.0137,Exchange Rate API
2026-06-10,UAE Dirham,د.إ,26.9786,Exchange Rate API
2026-06-09,UAE Dirham,د.إ,27.1386,Exchange Rate API
2026-06-08,UAE Dirham,د.إ,27.2901,Exchange Rate API
2026-06-07,UAE Dirham,د.إ,27.137,Exchange Rate API
2026-06-06,UAE Dirham,د.إ,27.1703,Exchange Rate API
2026-06-05,UAE Dirham,د.إ,27.3076,Exchange Rate API
2026-06-04,UAE Dirham,د.إ,27.4608,Exchange Rate API
2026-06-03,UAE Dirham,د.إ,27.3688,Exchange Rate API
2026-06-02,UAE Dirham,د.إ,27.3903,Exchange Rate API
2026-06-01,UAE Dirham,د.إ,27.5338,Exchange Rate API
2026-05-31,UAE Dirham,د.إ,27.4151,Exchange Rate API
2026-05-30,UAE Dirham,د.إ,27.4958,Exchange Rate API
2026-05-29,UAE Dirham,د.إ,27.4094,Exchange Rate API
2026-05-28,UAE Dirham,د.إ,27.5681,Exchange Rate API
2026-05-27,UAE Dirham,د.إ,27.4582,Exchange Rate API
2026-05-26,UAE Dirham,د.إ,27.5852,Exchange Rate API
2026-05-25,UAE Dirham,د.إ,27.4491,Exchange Rate API
2026-05-24,UAE Dirham,د.إ,27.5179,Exchange Rate API
2026-05-23,UAE Dirham,د.إ,27.5638,Exchange Rate API
2026-05-22,UAE Dirham,د.إ,27.6917,Exchange Rate API
2026-05-21,UAE Dirham,د.إ,27.674,Exchange Rate API
2026-05-20,UAE Dirham,د.إ,27.596,Exchange Rate API
2026-05-19,UAE Dirham,د.إ,27.5131,Exchange Rate API
2026-05-18,UAE Dirham,د.إ,27.3704,Exchange Rate API
2026-05-17,UAE Dirham,د.إ,27.2905,Exchange Rate API
2026-05-16,UAE Dirham,د.إ,27.1621,Exchange Rate API
2026-05-15,UAE Dirham,د.إ,26.9995,Exchange Rate API
2026-05-14,UAE Dirham,د.إ,26.9625,Exchange Rate API
2026-05-13,UAE Dirham,د.إ,27.0378,Exchange Rate API
2026-05-12,UAE Dirham,د.إ,27.19,Exchange Rate API
2026-05-11,UAE Dirham,د.إ,27.3155,Exchange Rate API
2026-05-10,UAE Dirham,د.إ,27.3132,Exchange Rate API
2026-05-09,UAE Dirham,د.إ,27.2734,Exchange Rate API
2026-05-08,UAE Dirham,د.إ,27.2885,Exchange Rate API
2026-05-07,UAE Dirham,د.إ,27.158,Exchange Rate API
2026-05-06,UAE Dirham,د.إ,27.1513,Exchange Rate API
2026-05-05,UAE Dirham,د.إ,27.2699,Exchange Rate API
2026-05-04,UAE Dirham,د.إ,27.3193,Exchange Rate API
2026-05-03,UAE Dirham,د.إ,27.3807,Exchange Rate API
2026-05-02,UAE Dirham,د.إ,27.2699,Exchange Rate API
2026-05-01,UAE Dirham,د.إ,27.1304,Exchange Rate API
2026-04-30,UAE Dirham,د.إ,27.243,Exchange Rate API
2026-04-29,UAE Dirham,د.إ,27.176,Exchange Rate API
2026-04-28,UAE Dirham,د.إ,27.1169,Exchange Rate API
2026-04-27,UAE Dirham,د.إ,27.2639,Exchange Rate API
2026-04-26,UAE Dirham,د.إ,27.1246,Exchange Rate API
2026-04-25,UAE Dirham,د.إ,27.0172,Exchange Rate API
2026-04-24,UAE Dirham,د.إ,26.9768,Exchange Rate API
2026-04-23,UAE Dirham,د.إ,27.0519,Exchange Rate API
2026-04-22,UAE Dirham,د.إ,27.0672,Exchange Rate API
2026-04-21,UAE Dirham,د.إ,27.1965,Exchange Rate API
2026-04-20,UAE Dirham,د.إ,27.0637,Exchange Rate API
2026-04-19,UAE Dirham,د.إ,27.0942,Exchange Rate API
2026-04-18,UAE Dirham,د.إ,27.1311,Exchange Rate API
2026-04-17,UAE Dirham,د.إ,27.1255,Exchange Rate API
2026-04-16,UAE Dirham,د.إ,26.9728,Exchange Rate API
2026-04-15,UAE Dirham,د.إ,27.116,Exchange Rate API
2026-04-14,UAE Dirham,د.إ,27.007,Exchange Rate API
2026-04-13,UAE Dirham,د.إ,27.1333,Exchange Rate API
2026-04-12,UAE Dirham,د.إ,27.0217,Exchange Rate API
2026-04-11,UAE Dirham,د.إ,26.8924,Exchange Rate API
2026-04-10,UAE Dirham,د.إ,26.7974,Exchange Rate API
2026-04-09,UAE Dirham,د.إ,26.6977,Exchange Rate API
2026-04-08,UAE Dirham,د.إ,26.7609,Exchange Rate API
2026-04-07,UAE Dirham,د.إ,26.8322,Exchange Rate API
2026-04-06,UAE Dirham,د.إ,26.9062,Exchange Rate API
2026-04-05,UAE Dirham,د.إ,26.8304,Exchange Rate API
2026-04-04,UAE Dirham,د.إ,26.7601,Exchange Rate API
2026-04-03,UAE Dirham,د.إ,26.6758,Exchange Rate API
2026-04-02,UAE Dirham,د.إ,26.5316,Exchange Rate API
2026-04-01,UAE Dirham,د.إ,26.5545,Exchange Rate API
2026-03-31,UAE Dirham,د.إ,26.6628,Exchange Rate API
2026-03-30,UAE Dirham,د.إ,26.552,Exchange Rate API
2026-03-29,UAE Dirham,د.إ,26.5077,Exchange Rate API
2026-03-28,UAE Dirham,د.إ,26.4847,Exchange Rate API
2026-03-27,UAE Dirham,د.إ,26.4194,Exchange Rate API
2026-03-26,UAE Dirham,د.إ,26.4708,Exchange Rate API
2026-03-25,UAE Dirham,د.إ,26.5026,Exchange Rate API
2026-03-24,UAE Dirham,د.إ,26.4071,Exchange Rate API
2026-03-23,UAE Dirham,د.إ,26.2568,Exchange Rate API
2026-03-22,UAE Dirham,د.إ,26.1531,Exchange Rate API
2026-03-21,UAE Dirham,د.إ,26.0878,Exchange Rate API
2026-03-20,UAE Dirham,د.إ,25.9569,Exchange Rate API
2026-03-19,UAE Dirham,د.إ,26.064,Exchange Rate API
2026-03-18,UAE Dirham,د.إ,26.0041,Exchange Rate API
2026-03-17,UAE Dirham,د.إ,25.9721,Exchange Rate API
2026-03-16,UAE Dirham,د.إ,25.9687,Exchange Rate API
2026-03-15,UAE Dirham,د.إ,26.0189,Exchange Rate API
2026-03-14,UAE Dirham,د.إ,25.8912,Exchange Rate API
2026-03-13,UAE Dirham,د.إ,25.9049,Exchange Rate API
2026-03-12,UAE Dirham,د.إ,25.8069,Exchange Rate API
2026-03-11,UAE Dirham,د.إ,25.9263,Exchange Rate API
2026-03-10,UAE Dirham,د.إ,25.8857,Exchange Rate API
2026-03-09,UAE Dirham,د.إ,25.8689,Exchange Rate API
2026-03-08,UAE Dirham,د.إ,25.7954,Exchange Rate API
2026-03-07,UAE Dirham,د.إ,25.7846,Exchange Rate API
2026-03-06,UAE Dirham,د.إ,25.6999,Exchange Rate API
2026-03-05,UAE Dirham,د.إ,25.6285,Exchange Rate API
2026-03-04,UAE Dirham,د.إ,25.4937,Exchange Rate API
2026-03-03,UAE Dirham,د.إ,25.5709,Exchange Rate API
2026-03-02,UAE Dirham,د.إ,25.6223,Exchange Rate API
2026-03-01,UAE Dirham,د.إ,25.4949,Exchange Rate API
2026-02-28,UAE Dirham,د.إ,25.4471,Exchange Rate API
2026-02-27,UAE Dirham,د.إ,25.4598,Exchange Rate API
2026-02-26,UAE Dirham,د.إ,25.6036,Exchange Rate API
2026-02-25,UAE Dirham,د.إ,25.6312,Exchange Rate API
2026-02-24,UAE Dirham,د.إ,25.6477,Exchange Rate API
2026-02-23,UAE Dirham,د.إ,25.7526,Exchange Rate API
2026-02-22,UAE Dirham,د.إ,25.851,Exchange Rate API
2026-02-21,UAE Dirham,د.إ,25.8258,Exchange Rate API
2026-02-20,UAE Dirham,د.إ,25.8368,Exchange Rate API
2026-02-19,UAE Dirham,د.إ,25.9506,Exchange Rate API
2026-02-18,UAE Dirham,د.إ,25.9428,Exchange Rate API
2026-02-17,UAE Dirham,د.إ,26.0616,Exchange Rate API
2026-02-16,UAE Dirham,د.إ,26.0542,Exchange Rate API
2026-02-15,UAE Dirham,د.إ,25.9226,Exchange Rate API
2026-02-14,UAE Dirham,د.إ,26.0479,Exchange Rate API
2026-02-13,UAE Dirham,د.إ,26.1149,Exchange Rate API
2026-02-12,UAE Dirham,د.إ,26.1156,Exchange Rate API
2026-02-11,UAE Dirham,د.إ,26.2411,Exchange Rate API
2026-02-10,UAE Dirham,د.إ,26.3357,Exchange Rate API
2026-02-09,UAE Dirham,د.إ,26.3918,Exchange Rate API
2026-02-08,UAE Dirham,د.إ,26.4299,Exchange Rate API
2026-02-07,UAE Dirham,د.إ,26.3095,Exchange Rate API
2026-02-06,UAE Dirham,د.إ,26.3907,Exchange Rate API
2026-02-05,UAE Dirham,د.إ,26.2871,Exchange Rate API
2026-02-04,UAE Dirham,د.إ,26.4399,Exchange Rate API
2026-02-03,UAE Dirham,د.إ,26.5897,Exchange Rate API
2026-02-02,UAE Dirham,د.إ,26.6881,Exchange Rate API
2026-02-01,UAE Dirham,د.إ,26.5684,Exchange Rate API
2026-01-31,UAE Dirham,د.إ,26.544,Exchange Rate API
2026-01-30,UAE Dirham,د.إ,26.6995,Exchange Rate API
2026-01-29,UAE Dirham,د.إ,26.6788,Exchange Rate API
2026-01-28,UAE Dirham,د.إ,26.838,Exchange Rate API
2026-01-27,UAE Dirham,د.إ,26.879,Exchange Rate API
2026-01-26,UAE Dirham,د.إ,26.9868,Exchange Rate API
2026-01-25,UAE Dirham,د.إ,26.9084,Exchange Rate API
2026-01-24,UAE Dirham,د.إ,27.041,Exchange Rate API
2026-01-23,UAE Dirham,د.إ,27.1754,Exchange Rate API
2026-01-22,UAE Dirham,د.إ,27.0342,Exchange Rate API
2026-01-21,UAE Dirham,د.إ,26.9979,Exchange Rate API
2026-01-20,UAE Dirham,د.إ,26.9646,Exchange Rate API
2026-01-19,UAE Dirham,د.إ,26.9083,Exchange Rate API
2026-01-18,UAE Dirham,د.إ,26.836,Exchange Rate API
2026-01-17,UAE Dirham,د.إ,26.8225,Exchange Rate API
2026-01-16,UAE Dirham,د.إ,26.9427,Exchange Rate API
2026-01-15,UAE Dirham,د.إ,27.0353,Exchange Rate API
2026-01-14,UAE Dirham,د.إ,27.0752,Exchange Rate API
2026-01-13,UAE Dirham,د.إ,27.0825,Exchange Rate API
2026-01-12,UAE Dirham,د.إ,27.0564,Exchange Rate API
2026-01-11,UAE Dirham,د.إ,27.0286,Exchange Rate API
2026-01-10,UAE Dirham,د.إ,26.9145,Exchange Rate API
2026-01-09,UAE Dirham,د.إ,26.9429,Exchange Rate API
2026-01-08,UAE Dirham,د.إ,27.0264,Exchange Rate API
2026-01-07,UAE Dirham,د.إ,27.169,Exchange Rate API
2026-01-06,UAE Dirham,د.إ,27.3075,Exchange Rate API
2026-01-05,UAE Dirham,د.إ,27.328,Exchange Rate API
2026-01-04,UAE Dirham,د.إ,27.1972,Exchange Rate API
2026-01-03,UAE Dirham,د.إ,27.1274,Exchange Rate API
2026-01-02,UAE Dirham,د.إ,27.139,Exchange Rate API
2026-01-01,UAE Dirham,د.إ,27.0882,Exchange Rate API
2025-12-31,UAE Dirham,د.إ,27.0592,Exchange Rate API
2025-12-30,UAE Dirham,د.إ,27.0212,Exchange Rate API
2025-12-29,UAE Dirham,د.إ,27.0165,Exchange Rate API
2025-12-28,UAE Dirham,د.إ,27.0518,Exchange Rate API
2025-12-27,UAE Dirham,د.إ,26.9017,Exchange Rate API
2025-12-26,UAE Dirham,د.إ,26.8292,Exchange Rate API
2025-12-25,UAE Dirham,د.إ,26.7145,Exchange Rate API
2025-12-24,UAE Dirham,د.إ,26.7493,Exchange Rate API
2025-12-23,UAE Dirham,د.إ,26.8115,Exchange Rate API
2025-12-22,UAE Dirham,د.إ,26.6631,Exchange Rate API
2025-12-21,UAE Dirham,د.إ,26.7877,Exchange Rate API
2025-12-20,UAE Dirham,د.إ,26.7335,Exchange Rate API
2025-12-19,UAE Dirham,د.إ,26.6493,Exchange Rate API
2025-12-18,UAE Dirham,د.إ,26.7279,Exchange Rate API
2025-12-17,UAE Dirham,د.إ,26.8629,Exchange Rate API
2025-12-16,UAE Dirham,د.إ,26.9909,Exchange Rate API
2025-12-15,UAE Dirham,د.إ,26.8355,Exchange Rate API
2025-12-14,UAE Dirham,د.إ,26.9377,Exchange Rate API
2025-12-13,UAE Dirham,د.إ,26.874,Exchange Rate API
2025-12-12,UAE Dirham,د.إ,26.8032,Exchange Rate API
2025-12-11,UAE Dirham,د.إ,26.8005,Exchange Rate API
2025-12-10,UAE Dirham,د.إ,26.8636,Exchange Rate API
2025-12-09,UAE Dirham,د.إ,26.7341,Exchange Rate API
2025-12-08,UAE Dirham,د.إ,26.8524,Exchange Rate API
2025-12-07,UAE Dirham,د.إ,26.7346,Exchange Rate API
2025-12-06,UAE Dirham,د.إ,26.8867,Exchange Rate API
2025-12-05,UAE Dirham,د.إ,26.8683,Exchange Rate API
2025-12-04,UAE Dirham,د.إ,26.9734,Exchange Rate API
2025-12-03,UAE Dirham,د.إ,26.8988,Exchange Rate API
2025-12-02,UAE Dirham,د.إ,26.8719,Exchange Rate API
2025-12-01,UAE Dirham,د.إ,26.9188,Exchange Rate API
2025-11-30,UAE Dirham,د.إ,26.818,Exchange Rate API
2025-11-29,UAE Dirham,د.إ,26.7251,Exchange Rate API
2025-11-28,UAE Dirham,د.إ,26.829,Exchange Rate API
2025-11-27,UAE Dirham,د.إ,26.9066,Exchange Rate API
2025-11-26,UAE Dirham,د.إ,26.9904,Exchange Rate API
2025-11-25,UAE Dirham,د.إ,27.1093,Exchange Rate API
2025-11-24,UAE Dirham,د.إ,27.2137,Exchange Rate API
2025-11-23,UAE Dirham,د.إ,27.2187,Exchange Rate API
2025-11-22,UAE Dirham,د.إ,27.1073,Exchange Rate API
2025-11-21,UAE Dirham,د.إ,27.0459,Exchange Rate API
2025-11-20,UAE Dirham,د.إ,27.0481,Exchange Rate API
2025-11-19,UAE Dirham,د.إ,26.9298,Exchange Rate API
2025-11-18,UAE Dirham,د.إ,27.0433,Exchange Rate API
2025-11-17,UAE Dirham,د.إ,27.1664,Exchange Rate API
2025-11-16,UAE Dirham,د.إ,27.0128,Exchange Rate API
2025-11-15,UAE Dirham,د.إ,26.9132,Exchange Rate API
2025-11-14,UAE Dirham,د.إ,27.0207,Exchange Rate API
2025-11-13,UAE Dirham,د.إ,27.13,Exchange Rate API
2025-11-12,UAE Dirham,د.إ,27.0484,Exchange Rate API
2025-11-11,UAE Dirham,د.إ,27.0343,Exchange Rate API
2025-11-10,UAE Dirham,د.إ,27.1699,Exchange Rate API
2025-11-09,UAE Dirham,د.إ,27.2366,Exchange Rate API
2025-11-08,UAE Dirham,د.إ,27.1627,Exchange Rate API
2025-11-07,UAE Dirham,د.إ,27.2681,Exchange Rate API
2025-11-06,UAE Dirham,د.إ,27.2698,Exchange Rate API
2025-11-05,UAE Dirham,د.إ,27.3141,Exchange Rate API
2025-11-04,UAE Dirham,د.إ,27.1908,Exchange Rate API
2025-11-03,UAE Dirham,د.إ,27.0376,Exchange Rate API
2025-11-02,UAE Dirham,د.إ,26.9962,Exchange Rate API
2025-11-01,UAE Dirham,د.إ,27.0267,Exchange Rate API
2025-10-31,UAE Dirham,د.إ,26.9221,Exchange Rate API
2025-10-30,UAE Dirham,د.إ,27.0418,Exchange Rate API
2025-10-29,UAE Dirham,د.إ,27.07,Exchange Rate API
2025-10-28,UAE Dirham,د.إ,27.0212,Exchange Rate API
2025-10-27,UAE Dirham,د.إ,26.9121,Exchange Rate API
2025-10-26,UAE Dirham,د.إ,27.0395,Exchange Rate API
2025-10-25,UAE Dirham,د.إ,27.1203,Exchange Rate API
2025-10-24,UAE Dirham,د.إ,27.1818,Exchange Rate API
2025-10-23,UAE Dirham,د.إ,27.1117,Exchange Rate API
2025-10-22,UAE Dirham,د.إ,27.0748,Exchange Rate API
2025-10-21,UAE Dirham,د.إ,26.9653,Exchange Rate API
2025-10-20,UAE Dirham,د.إ,26.9887,Exchange Rate API
2025-10-19,UAE Dirham,د.إ,27.1393,Exchange Rate API
2025-10-18,UAE Dirham,د.إ,27.2556,Exchange Rate API
2025-10-17,UAE Dirham,د.إ,27.3038,Exchange Rate API
2025-10-16,UAE Dirham,د.إ,27.362,Exchange Rate API
2025-10-15,UAE Dirham,د.إ,27.2862,Exchange Rate API
2025-10-14,UAE Dirham,د.إ,27.2566,Exchange Rate API
2025-10-13,UAE Dirham,د.إ,27.0996,Exchange Rate API
2025-10-12,UAE Dirham,د.إ,27.1908,Exchange Rate API
2025-10-11,UAE Dirham,د.إ,27.2781,Exchange Rate API
2025-10-10,UAE Dirham,د.إ,27.1173,Exchange Rate API
2025-10-09,UAE Dirham,د.إ,27.2512,Exchange Rate API
2025-10-08,UAE Dirham,د.إ,27.2994,Exchange Rate API
2025-10-07,UAE Dirham,د.إ,27.3325,Exchange Rate API
2025-10-06,UAE Dirham,د.إ,27.1713,Exchange Rate API
2025-10-05,UAE Dirham,د.إ,27.0906,Exchange Rate API
2025-10-04,UAE Dirham,د.إ,27.1898,Exchange Rate API
2025-10-03,UAE Dirham,د.إ,27.1263,Exchange Rate API
2025-10-02,UAE Dirham,د.إ,27.2783,Exchange Rate API
2025-10-01,UAE Dirham,د.إ,27.325,Exchange Rate API
2025-09-30,UAE Dirham,د.إ,27.3,Exchange Rate API
2025-09-29,UAE Dirham,د.إ,27.2595,Exchange Rate API
2025-09-28,UAE Dirham,د.إ,27.21,Exchange Rate API
2025-09-27,UAE Dirham,د.إ,27.129,Exchange Rate API
2025-09-26,UAE Dirham,د.إ,27.1182,Exchange Rate API
2025-09-25,UAE Dirham,د.إ,27.1759,Exchange Rate API
2025-09-24,UAE Dirham,د.إ,27.2817,Exchange Rate API
2025-09-23,UAE Dirham,د.إ,27.248,Exchange Rate API
2025-09-22,UAE Dirham,د.إ,27.118,Exchange Rate API
2025-09-21,UAE Dirham,د.إ,27.1217,Exchange Rate API
2025-09-20,UAE Dirham,د.إ,27.1745,Exchange Rate API
2025-09-19,UAE Dirham,د.إ,27.2864,Exchange Rate API
2025-09-18,UAE Dirham,د.إ,27.2452,Exchange Rate API
2025-09-17,UAE Dirham,د.إ,27.2934,Exchange Rate API
2025-09-16,UAE Dirham,د.إ,27.3291,Exchange Rate API
2025-09-15,UAE Dirham,د.إ,27.263,Exchange Rate API
2025-09-14,UAE Dirham,د.إ,27.1348,Exchange Rate API
2025-09-13,UAE Dirham,د.إ,26.9928,Exchange Rate API
2025-09-12,UAE Dirham,د.إ,27.151,Exchange Rate API
2025-09-11,UAE Dirham,د.إ,27.1968,Exchange Rate API
2025-09-10,UAE Dirham,د.إ,27.3148,Exchange Rate API
2025-09-09,UAE Dirham,د.إ,27.2365,Exchange Rate API
2025-09-08,UAE Dirham,د.إ,27.3055,Exchange Rate API
2025-09-07,UAE Dirham,د.إ,27.4341,Exchange Rate API
2025-09-06,UAE Dirham,د.إ,27.3679,Exchange Rate API
2025-09-05,UAE Dirham,د.إ,27.2529,Exchange Rate API
2025-09-04,UAE Dirham,د.إ,27.3397,Exchange Rate API
2025-09-03,UAE Dirham,د.إ,27.4708,Exchange Rate API
2025-09-02,UAE Dirham,د.إ,27.5715,Exchange Rate API
2025-09-01,UAE Dirham,د.إ,27.6715,Exchange Rate API
2025-08-31,UAE Dirham,د.إ,27.7047,Exchange Rate API
2025-08-30,UAE Dirham,د.إ,27.7581,Exchange Rate API
2025-08-29,UAE Dirham,د.إ,27.8183,Exchange Rate API
2025-08-28,UAE Dirham,د.إ,27.8922,Exchange Rate API
2025-08-27,UAE Dirham,د.إ,27.9442,Exchange Rate API
2025-08-26,UAE Dirham,د.إ,28.111,Exchange Rate API
2025-08-25,UAE Dirham,د.إ,28.0298,Exchange Rate API
2025-08-24,UAE Dirham,د.إ,28.0024,Exchange Rate API
2025-08-23,UAE Dirham,د.إ,27.9649,Exchange Rate API
2025-08-22,UAE Dirham,د.إ,27.809,Exchange Rate API
2025-08-21,UAE Dirham,د.إ,27.8784,Exchange Rate API
2025-08-20,UAE Dirham,د.إ,27.9025,Exchange Rate API
2025-08-19,UAE Dirham,د.إ,27.7987,Exchange Rate API
2025-08-18,UAE Dirham,د.إ,27.8743,Exchange Rate API
2025-08-17,UAE Dirham,د.إ,27.7814,Exchange Rate API
2025-08-16,UAE Dirham,د.إ,27.7929,Exchange Rate API
2025-08-15,UAE Dirham,د.إ,27.8879,Exchange Rate API
2025-08-14,UAE Dirham,د.إ,28.0239,Exchange Rate API
2025-08-13,UAE Dirham,د.إ,28.0817,Exchange Rate API
2025-08-12,UAE Dirham,د.إ,28.0842,Exchange Rate API
2025-08-11,UAE Dirham,د.إ,28.2006,Exchange Rate API
2025-08-10,UAE Dirham,د.إ,28.3159,Exchange Rate API
2025-08-09,UAE Dirham,د.إ,28.4438,Exchange Rate API
2025-08-08,UAE Dirham,د.إ,28.335,Exchange Rate API
2025-08-07,UAE Dirham,د.إ,28.1982,Exchange Rate API
2025-08-06,UAE Dirham,د.إ,28.0723,Exchange Rate API
2025-08-05,UAE Dirham,د.إ,27.991,Exchange Rate API
2025-08-04,UAE Dirham,د.إ,28.0946,Exchange Rate API
2025-08-03,UAE Dirham,د.إ,28.1832,Exchange Rate API
2025-08-02,UAE Dirham,د.إ,28.076,Exchange Rate API
2025-08-01,UAE Dirham,د.إ,28.1365,Exchange Rate API
2025-07-31,UAE Dirham,د.إ,28.081,Exchange Rate API
2025-07-30,UAE Dirham,د.إ,27.9426,Exchange Rate API
2025-07-29,UAE Dirham,د.إ,27.8941,Exchange Rate API
2025-07-28,UAE Dirham,د.إ,27.9758,Exchange Rate API
2025-07-27,UAE Dirham,د.إ,27.911,Exchange Rate API
2025-07-26,UAE Dirham,د.إ,28.0075,Exchange Rate API
2026-07-25,Chinese Yuan,¥,14.2517,Exchange Rate API
2026-07-24,Chinese Yuan,¥,14.2108,Exchange Rate API
2026-07-23,Chinese Yuan,¥,14.1757,Exchange Rate API
2026-07-22,Chinese Yuan,¥,14.2354,Exchange Rate API
2026-07-21,Chinese Yuan,¥,14.2304,Exchange Rate API
2026-07-20,Chinese Yuan,¥,14.293,Exchange Rate API
2026-07-19,Chinese Yuan,¥,14.3073,Exchange Rate API
2026-07-18,Chinese Yuan,¥,14.3836,Exchange Rate API
2026-07-17,Chinese Yuan,¥,14.3096,Exchange Rate API
2026-07-16,Chinese Yuan,¥,14.3765,Exchange Rate API
2026-07-15,Chinese Yuan,¥,14.3766,Exchange Rate API
2026-07-14,Chinese Yuan,¥,14.44,Exchange Rate API
2026-07-13,Chinese Yuan,¥,14.4195,Exchange Rate API
2026-07-12,Chinese Yuan,¥,14.3846,Exchange Rate API
2026-07-11,Chinese Yuan,¥,14.3076,Exchange Rate API
2026-07-10,Chinese Yuan,¥,14.3684,Exchange Rate API
2026-07-09,Chinese Yuan,¥,14.3059,Exchange Rate API
2026-07-08,Chinese Yuan,¥,14.2544,Exchange Rate API
2026-07-07,Chinese Yuan,¥,14.2389,Exchange Rate API
2026-07-06,Chinese Yuan,¥,14.2508,Exchange Rate API
2026-07-05,Chinese Yuan,¥,14.3203,Exchange Rate API
2026-07-04,Chinese Yuan,¥,14.313,Exchange Rate API
2026-07-03,Chinese Yuan,¥,14.2815,Exchange Rate API
2026-07-02,Chinese Yuan,¥,14.3185,Exchange Rate API
2026-07-01,Chinese Yuan,¥,14.3664,Exchange Rate API
2026-06-30,Chinese Yuan,¥,14.3643,Exchange Rate API
2026-06-29,Chinese Yuan,¥,14.3869,Exchange Rate API
2026-06-28,Chinese Yuan,¥,14.3311,Exchange Rate API
2026-06-27,Chinese Yuan,¥,14.3542,Exchange Rate API
2026-06-26,Chinese Yuan,¥,14.2689,Exchange Rate API
2026-06-25,Chinese Yuan,¥,14.2301,Exchange Rate API
2026-06-24,Chinese Yuan,¥,14.2747,Exchange Rate API
2026-06-23,Chinese Yuan,¥,14.2179,Exchange Rate API
2026-06-22,Chinese Yuan,¥,14.263,Exchange Rate API
2026-06-21,Chinese Yuan,¥,14.2612,Exchange Rate API
2026-06-20,Chinese Yuan,¥,14.3063,Exchange Rate API
2026-06-19,Chinese Yuan,¥,14.2356,Exchange Rate API
2026-06-18,Chinese Yuan,¥,14.2552,Exchange Rate API
2026-06-17,Chinese Yuan,¥,14.278,Exchange Rate API
2026-06-16,Chinese Yuan,¥,14.2614,Exchange Rate API
2026-06-15,Chinese Yuan,¥,14.341,Exchange Rate API
2026-06-14,Chinese Yuan,¥,14.3209,Exchange Rate API
2026-06-13,Chinese Yuan,¥,14.2415,Exchange Rate API
2026-06-12,Chinese Yuan,¥,14.1901,Exchange Rate API
2026-06-11,Chinese Yuan,¥,14.1685,Exchange Rate API
2026-06-10,Chinese Yuan,¥,14.0859,Exchange Rate API
2026-06-09,Chinese Yuan,¥,14.0558,Exchange Rate API
2026-06-08,Chinese Yuan,¥,14.112,Exchange Rate API
2026-06-07,Chinese Yuan,¥,14.0596,Exchange Rate API
2026-06-06,Chinese Yuan,¥,14.0894,Exchange Rate API
2026-06-05,Chinese Yuan,¥,14.1108,Exchange Rate API
2026-06-04,Chinese Yuan,¥,14.0683,Exchange Rate API
2026-06-03,Chinese Yuan,¥,14.101,Exchange Rate API
2026-06-02,Chinese Yuan,¥,14.0747,Exchange Rate API
2026-06-01,Chinese Yuan,¥,14.012,Exchange Rate API
2026-05-31,Chinese Yuan,¥,13.9924,Exchange Rate API
2026-05-30,Chinese Yuan,¥,14.0073,Exchange Rate API
2026-05-29,Chinese Yuan,¥,13.9513,Exchange Rate API
2026-05-28,Chinese Yuan,¥,14.0055,Exchange Rate API
2026-05-27,Chinese Yuan,¥,13.9716,Exchange Rate API
2026-05-26,Chinese Yuan,¥,13.9365,Exchange Rate API
2026-05-25,Chinese Yuan,¥,13.9746,Exchange Rate API
2026-05-24,Chinese Yuan,¥,13.9908,Exchange Rate API
2026-05-23,Chinese Yuan,¥,13.9636,Exchange Rate API
2026-05-22,Chinese Yuan,¥,14.0286,Exchange Rate API
2026-05-21,Chinese Yuan,¥,14.112,Exchange Rate API
2026-05-20,Chinese Yuan,¥,14.0854,Exchange Rate API
2026-05-19,Chinese Yuan,¥,14.1532,Exchange Rate API
2026-05-18,Chinese Yuan,¥,14.1293,Exchange Rate API
2026-05-17,Chinese Yuan,¥,14.0765,Exchange Rate API
2026-05-16,Chinese Yuan,¥,14.1522,Exchange Rate API
2026-05-15,Chinese Yuan,¥,14.2232,Exchange Rate API
2026-05-14,Chinese Yuan,¥,14.2067,Exchange Rate API
2026-05-13,Chinese Yuan,¥,14.1604,Exchange Rate API
2026-05-12,Chinese Yuan,¥,14.199,Exchange Rate API
2026-05-11,Chinese Yuan,¥,14.1362,Exchange Rate API
2026-05-10,Chinese Yuan,¥,14.1759,Exchange Rate API
2026-05-09,Chinese Yuan,¥,14.1912,Exchange Rate API
2026-05-08,Chinese Yuan,¥,14.1348,Exchange Rate API
2026-05-07,Chinese Yuan,¥,14.1122,Exchange Rate API
2026-05-06,Chinese Yuan,¥,14.1377,Exchange Rate API
2026-05-05,Chinese Yuan,¥,14.0592,Exchange Rate API
2026-05-04,Chinese Yuan,¥,14.1227,Exchange Rate API
2026-05-03,Chinese Yuan,¥,14.0813,Exchange Rate API
2026-05-02,Chinese Yuan,¥,14.0872,Exchange Rate API
2026-05-01,Chinese Yuan,¥,14.0109,Exchange Rate API
2026-04-30,Chinese Yuan,¥,14.0941,Exchange Rate API
2026-04-29,Chinese Yuan,¥,14.1215,Exchange Rate API
2026-04-28,Chinese Yuan,¥,14.1475,Exchange Rate API
2026-04-27,Chinese Yuan,¥,14.066,Exchange Rate API
2026-04-26,Chinese Yuan,¥,14.098,Exchange Rate API
2026-04-25,Chinese Yuan,¥,14.0839,Exchange Rate API
2026-04-24,Chinese Yuan,¥,14.0637,Exchange Rate API
2026-04-23,Chinese Yuan,¥,14.0717,Exchange Rate API
2026-04-22,Chinese Yuan,¥,14.0674,Exchange Rate API
2026-04-21,Chinese Yuan,¥,14.0088,Exchange Rate API
2026-04-20,Chinese Yuan,¥,14.0416,Exchange Rate API
2026-04-19,Chinese Yuan,¥,14.0636,Exchange Rate API
2026-04-18,Chinese Yuan,¥,14.03,Exchange Rate API
2026-04-17,Chinese Yuan,¥,14.0572,Exchange Rate API
2026-04-16,Chinese Yuan,¥,14.0846,Exchange Rate API
2026-04-15,Chinese Yuan,¥,14.0457,Exchange Rate API
2026-04-14,Chinese Yuan,¥,14.0635,Exchange Rate API
2026-04-13,Chinese Yuan,¥,14.0023,Exchange Rate API
2026-04-12,Chinese Yuan,¥,14.0579,Exchange Rate API
2026-04-11,Chinese Yuan,¥,13.9913,Exchange Rate API
2026-04-10,Chinese Yuan,¥,14.028,Exchange Rate API
2026-04-09,Chinese Yuan,¥,13.9637,Exchange Rate API
2026-04-08,Chinese Yuan,¥,13.899,Exchange Rate API
2026-04-07,Chinese Yuan,¥,13.8333,Exchange Rate API
2026-04-06,Chinese Yuan,¥,13.7833,Exchange Rate API
2026-04-05,Chinese Yuan,¥,13.7336,Exchange Rate API
2026-04-04,Chinese Yuan,¥,13.6945,Exchange Rate API
2026-04-03,Chinese Yuan,¥,13.6983,Exchange Rate API
2026-04-02,Chinese Yuan,¥,13.6493,Exchange Rate API
2026-04-01,Chinese Yuan,¥,13.6826,Exchange Rate API
2026-03-31,Chinese Yuan,¥,13.649,Exchange Rate API
2026-03-30,Chinese Yuan,¥,13.5736,Exchange Rate API
2026-03-29,Chinese Yuan,¥,13.573,Exchange Rate API
2026-03-28,Chinese Yuan,¥,13.5254,Exchange Rate API
2026-03-27,Chinese Yuan,¥,13.5957,Exchange Rate API
2026-03-26,Chinese Yuan,¥,13.5681,Exchange Rate API
2026-03-25,Chinese Yuan,¥,13.4871,Exchange Rate API
2026-03-24,Chinese Yuan,¥,13.5149,Exchange Rate API
2026-03-23,Chinese Yuan,¥,13.5809,Exchange Rate API
2026-03-22,Chinese Yuan,¥,13.6355,Exchange Rate API
2026-03-21,Chinese Yuan,¥,13.6632,Exchange Rate API
2026-03-20,Chinese Yuan,¥,13.6057,Exchange Rate API
2026-03-19,Chinese Yuan,¥,13.5388,Exchange Rate API
2026-03-18,Chinese Yuan,¥,13.5407,Exchange Rate API
2026-03-17,Chinese Yuan,¥,13.577,Exchange Rate API
2026-03-16,Chinese Yuan,¥,13.512,Exchange Rate API
2026-03-15,Chinese Yuan,¥,13.4724,Exchange Rate API
2026-03-14,Chinese Yuan,¥,13.4289,Exchange Rate API
2026-03-13,Chinese Yuan,¥,13.5076,Exchange Rate API
2026-03-12,Chinese Yuan,¥,13.4745,Exchange Rate API
2026-03-11,Chinese Yuan,¥,13.4687,Exchange Rate API
2026-03-10,Chinese Yuan,¥,13.404,Exchange Rate API
2026-03-09,Chinese Yuan,¥,13.3517,Exchange Rate API
2026-03-08,Chinese Yuan,¥,13.2779,Exchange Rate API
2026-03-07,Chinese Yuan,¥,13.2445,Exchange Rate API
2026-03-06,Chinese Yuan,¥,13.2924,Exchange Rate API
2026-03-05,Chinese Yuan,¥,13.2625,Exchange Rate API
2026-03-04,Chinese Yuan,¥,13.3005,Exchange Rate API
2026-03-03,Chinese Yuan,¥,13.2359,Exchange Rate API
2026-03-02,Chinese Yuan,¥,13.2769,Exchange Rate API
2026-03-01,Chinese Yuan,¥,13.2045,Exchange Rate API
2026-02-28,Chinese Yuan,¥,13.2603,Exchange Rate API
2026-02-27,Chinese Yuan,¥,13.2863,Exchange Rate API
2026-02-26,Chinese Yuan,¥,13.2338,Exchange Rate API
2026-02-25,Chinese Yuan,¥,13.2112,Exchange Rate API
2026-02-24,Chinese Yuan,¥,13.2013,Exchange Rate API
2026-02-23,Chinese Yuan,¥,13.2206,Exchange Rate API
2026-02-22,Chinese Yuan,¥,13.2806,Exchange Rate API
2026-02-21,Chinese Yuan,¥,13.2157,Exchange Rate API
2026-02-20,Chinese Yuan,¥,13.2656,Exchange Rate API
2026-02-19,Chinese Yuan,¥,13.2151,Exchange Rate API
2026-02-18,Chinese Yuan,¥,13.1994,Exchange Rate API
2026-02-17,Chinese Yuan,¥,13.2726,Exchange Rate API
2026-02-16,Chinese Yuan,¥,13.2363,Exchange Rate API
2026-02-15,Chinese Yuan,¥,13.2181,Exchange Rate API
2026-02-14,Chinese Yuan,¥,13.2737,Exchange Rate API
2026-02-13,Chinese Yuan,¥,13.3215,Exchange Rate API
2026-02-12,Chinese Yuan,¥,13.3453,Exchange Rate API
2026-02-11,Chinese Yuan,¥,13.3928,Exchange Rate API
2026-02-10,Chinese Yuan,¥,13.3306,Exchange Rate API
2026-02-09,Chinese Yuan,¥,13.362,Exchange Rate API
2026-02-08,Chinese Yuan,¥,13.2912,Exchange Rate API
2026-02-07,Chinese Yuan,¥,13.3618,Exchange Rate API
2026-02-06,Chinese Yuan,¥,13.3072,Exchange Rate API
2026-02-05,Chinese Yuan,¥,13.2938,Exchange Rate API
2026-02-04,Chinese Yuan,¥,13.3083,Exchange Rate API
2026-02-03,Chinese Yuan,¥,13.3566,Exchange Rate API
2026-02-02,Chinese Yuan,¥,13.3852,Exchange Rate API
2026-02-01,Chinese Yuan,¥,13.334,Exchange Rate API
2026-01-31,Chinese Yuan,¥,13.3148,Exchange Rate API
2026-01-30,Chinese Yuan,¥,13.2922,Exchange Rate API
2026-01-29,Chinese Yuan,¥,13.217,Exchange Rate API
2026-01-28,Chinese Yuan,¥,13.2463,Exchange Rate API
2026-01-27,Chinese Yuan,¥,13.3001,Exchange Rate API
2026-01-26,Chinese Yuan,¥,13.3757,Exchange Rate API
2026-01-25,Chinese Yuan,¥,13.3164,Exchange Rate API
2026-01-24,Chinese Yuan,¥,13.3836,Exchange Rate API
2026-01-23,Chinese Yuan,¥,13.3214,Exchange Rate API
2026-01-22,Chinese Yuan,¥,13.3072,Exchange Rate API
2026-01-21,Chinese Yuan,¥,13.2347,Exchange Rate API
2026-01-20,Chinese Yuan,¥,13.1968,Exchange Rate API
2026-01-19,Chinese Yuan,¥,13.1674,Exchange Rate API
2026-01-18,Chinese Yuan,¥,13.1997,Exchange Rate API
2026-01-17,Chinese Yuan,¥,13.2279,Exchange Rate API
2026-01-16,Chinese Yuan,¥,13.2704,Exchange Rate API
2026-01-15,Chinese Yuan,¥,13.2826,Exchange Rate API
2026-01-14,Chinese Yuan,¥,13.293,Exchange Rate API
2026-01-13,Chinese Yuan,¥,13.3692,Exchange Rate API
2026-01-12,Chinese Yuan,¥,13.3964,Exchange Rate API
2026-01-11,Chinese Yuan,¥,13.3704,Exchange Rate API
2026-01-10,Chinese Yuan,¥,13.3741,Exchange Rate API
2026-01-09,Chinese Yuan,¥,13.4063,Exchange Rate API
2026-01-08,Chinese Yuan,¥,13.3412,Exchange Rate API
2026-01-07,Chinese Yuan,¥,13.3671,Exchange Rate API
2026-01-06,Chinese Yuan,¥,13.3268,Exchange Rate API
2026-01-05,Chinese Yuan,¥,13.3021,Exchange Rate API
2026-01-04,Chinese Yuan,¥,13.3302,Exchange Rate API
2026-01-03,Chinese Yuan,¥,13.3118,Exchange Rate API
2026-01-02,Chinese Yuan,¥,13.366,Exchange Rate API
2026-01-01,Chinese Yuan,¥,13.3754,Exchange Rate API
2025-12-31,Chinese Yuan,¥,13.4537,Exchange Rate API
2025-12-30,Chinese Yuan,¥,13.3818,Exchange Rate API
2025-12-29,Chinese Yuan,¥,13.4048,Exchange Rate API
2025-12-28,Chinese Yuan,¥,13.3496,Exchange Rate API
2025-12-27,Chinese Yuan,¥,13.4055,Exchange Rate API
2025-12-26,Chinese Yuan,¥,13.4621,Exchange Rate API
2025-12-25,Chinese Yuan,¥,13.5218,Exchange Rate API
2025-12-24,Chinese Yuan,¥,13.4528,Exchange Rate API
2025-12-23,Chinese Yuan,¥,13.4515,Exchange Rate API
2025-12-22,Chinese Yuan,¥,13.4097,Exchange Rate API
2025-12-21,Chinese Yuan,¥,13.4854,Exchange Rate API
2025-12-20,Chinese Yuan,¥,13.4126,Exchange Rate API
2025-12-19,Chinese Yuan,¥,13.368,Exchange Rate API
2025-12-18,Chinese Yuan,¥,13.391,Exchange Rate API
2025-12-17,Chinese Yuan,¥,13.3755,Exchange Rate API
2025-12-16,Chinese Yuan,¥,13.333,Exchange Rate API
2025-12-15,Chinese Yuan,¥,13.3265,Exchange Rate API
2025-12-14,Chinese Yuan,¥,13.3747,Exchange Rate API
2025-12-13,Chinese Yuan,¥,13.3664,Exchange Rate API
2025-12-12,Chinese Yuan,¥,13.4236,Exchange Rate API
2025-12-11,Chinese Yuan,¥,13.4151,Exchange Rate API
2025-12-10,Chinese Yuan,¥,13.3537,Exchange Rate API
2025-12-09,Chinese Yuan,¥,13.3533,Exchange Rate API
2025-12-08,Chinese Yuan,¥,13.3779,Exchange Rate API
2025-12-07,Chinese Yuan,¥,13.3141,Exchange Rate API
2025-12-06,Chinese Yuan,¥,13.3001,Exchange Rate API
2025-12-05,Chinese Yuan,¥,13.3092,Exchange Rate API
2025-12-04,Chinese Yuan,¥,13.2294,Exchange Rate API
2025-12-03,Chinese Yuan,¥,13.1645,Exchange Rate API
2025-12-02,Chinese Yuan,¥,13.181,Exchange Rate API
2025-12-01,Chinese Yuan,¥,13.1998,Exchange Rate API
2025-11-30,Chinese Yuan,¥,13.1688,Exchange Rate API
2025-11-29,Chinese Yuan,¥,13.1701,Exchange Rate API
2025-11-28,Chinese Yuan,¥,13.1238,Exchange Rate API
2025-11-27,Chinese Yuan,¥,13.1508,Exchange Rate API
2025-11-26,Chinese Yuan,¥,13.2219,Exchange Rate API
2025-11-25,Chinese Yuan,¥,13.2002,Exchange Rate API
2025-11-24,Chinese Yuan,¥,13.1296,Exchange Rate API
2025-11-23,Chinese Yuan,¥,13.0859,Exchange Rate API
2025-11-22,Chinese Yuan,¥,13.0787,Exchange Rate API
2025-11-21,Chinese Yuan,¥,13.0881,Exchange Rate API
2025-11-20,Chinese Yuan,¥,13.1069,Exchange Rate API
2025-11-19,Chinese Yuan,¥,13.1027,Exchange Rate API
2025-11-18,Chinese Yuan,¥,13.1274,Exchange Rate API
2025-11-17,Chinese Yuan,¥,13.1614,Exchange Rate API
2025-11-16,Chinese Yuan,¥,13.1004,Exchange Rate API
2025-11-15,Chinese Yuan,¥,13.1412,Exchange Rate API
2025-11-14,Chinese Yuan,¥,13.0973,Exchange Rate API
2025-11-13,Chinese Yuan,¥,13.0724,Exchange Rate API
2025-11-12,Chinese Yuan,¥,13.1241,Exchange Rate API
2025-11-11,Chinese Yuan,¥,13.1972,Exchange Rate API
2025-11-10,Chinese Yuan,¥,13.1643,Exchange Rate API
2025-11-09,Chinese Yuan,¥,13.1678,Exchange Rate API
2025-11-08,Chinese Yuan,¥,13.1997,Exchange Rate API
2025-11-07,Chinese Yuan,¥,13.1278,Exchange Rate API
2025-11-06,Chinese Yuan,¥,13.0749,Exchange Rate API
2025-11-05,Chinese Yuan,¥,13.0185,Exchange Rate API
2025-11-04,Chinese Yuan,¥,13.0524,Exchange Rate API
2025-11-03,Chinese Yuan,¥,13.0871,Exchange Rate API
2025-11-02,Chinese Yuan,¥,13.0254,Exchange Rate API
2025-11-01,Chinese Yuan,¥,13.0427,Exchange Rate API
2025-10-31,Chinese Yuan,¥,12.9938,Exchange Rate API
2025-10-30,Chinese Yuan,¥,13.0609,Exchange Rate API
2025-10-29,Chinese Yuan,¥,13.0441,Exchange Rate API
2025-10-28,Chinese Yuan,¥,13.0374,Exchange Rate API
2025-10-27,Chinese Yuan,¥,13.0814,Exchange Rate API
2025-10-26,Chinese Yuan,¥,13.1154,Exchange Rate API
2025-10-25,Chinese Yuan,¥,13.0537,Exchange Rate API
2025-10-24,Chinese Yuan,¥,13.0403,Exchange Rate API
2025-10-23,Chinese Yuan,¥,13.1071,Exchange Rate API
2025-10-22,Chinese Yuan,¥,13.1602,Exchange Rate API
2025-10-21,Chinese Yuan,¥,13.1742,Exchange Rate API
2025-10-20,Chinese Yuan,¥,13.2172,Exchange Rate API
2025-10-19,Chinese Yuan,¥,13.2093,Exchange Rate API
2025-10-18,Chinese Yuan,¥,13.2344,Exchange Rate API
2025-10-17,Chinese Yuan,¥,13.3068,Exchange Rate API
2025-10-16,Chinese Yuan,¥,13.2485,Exchange Rate API
2025-10-15,Chinese Yuan,¥,13.2483,Exchange Rate API
2025-10-14,Chinese Yuan,¥,13.2531,Exchange Rate API
2025-10-13,Chinese Yuan,¥,13.1813,Exchange Rate API
2025-10-12,Chinese Yuan,¥,13.2502,Exchange Rate API
2025-10-11,Chinese Yuan,¥,13.3041,Exchange Rate API
2025-10-10,Chinese Yuan,¥,13.3014,Exchange Rate API
2025-10-09,Chinese Yuan,¥,13.3027,Exchange Rate API
2025-10-08,Chinese Yuan,¥,13.3699,Exchange Rate API
2025-10-07,Chinese Yuan,¥,13.3181,Exchange Rate API
2025-10-06,Chinese Yuan,¥,13.3307,Exchange Rate API
2025-10-05,Chinese Yuan,¥,13.3676,Exchange Rate API
2025-10-04,Chinese Yuan,¥,13.308,Exchange Rate API
2025-10-03,Chinese Yuan,¥,13.29,Exchange Rate API
2025-10-02,Chinese Yuan,¥,13.306,Exchange Rate API
2025-10-01,Chinese Yuan,¥,13.3671,Exchange Rate API
2025-09-30,Chinese Yuan,¥,13.3678,Exchange Rate API
2025-09-29,Chinese Yuan,¥,13.3493,Exchange Rate API
2025-09-28,Chinese Yuan,¥,13.4261,Exchange Rate API
2025-09-27,Chinese Yuan,¥,13.4931,Exchange Rate API
2025-09-26,Chinese Yuan,¥,13.5356,Exchange Rate API
2025-09-25,Chinese Yuan,¥,13.4988,Exchange Rate API
2025-09-24,Chinese Yuan,¥,13.5739,Exchange Rate API
2025-09-23,Chinese Yuan,¥,13.6505,Exchange Rate API
2025-09-22,Chinese Yuan,¥,13.6428,Exchange Rate API
2025-09-21,Chinese Yuan,¥,13.5828,Exchange Rate API
2025-09-20,Chinese Yuan,¥,13.5686,Exchange Rate API
2025-09-19,Chinese Yuan,¥,13.6012,Exchange Rate API
2025-09-18,Chinese Yuan,¥,13.6417,Exchange Rate API
2025-09-17,Chinese Yuan,¥,13.6088,Exchange Rate API
2025-09-16,Chinese Yuan,¥,13.6417,Exchange Rate API
2025-09-15,Chinese Yuan,¥,13.7007,Exchange Rate API
2025-09-14,Chinese Yuan,¥,13.7355,Exchange Rate API
2025-09-13,Chinese Yuan,¥,13.8073,Exchange Rate API
2025-09-12,Chinese Yuan,¥,13.8293,Exchange Rate API
2025-09-11,Chinese Yuan,¥,13.7797,Exchange Rate API
2025-09-10,Chinese Yuan,¥,13.8002,Exchange Rate API
2025-09-09,Chinese Yuan,¥,13.7655,Exchange Rate API
2025-09-08,Chinese Yuan,¥,13.7399,Exchange Rate API
2025-09-07,Chinese Yuan,¥,13.7683,Exchange Rate API
2025-09-06,Chinese Yuan,¥,13.8478,Exchange Rate API
2025-09-05,Chinese Yuan,¥,13.8727,Exchange Rate API
2025-09-04,Chinese Yuan,¥,13.949,Exchange Rate API
2025-09-03,Chinese Yuan,¥,13.9497,Exchange Rate API
2025-09-02,Chinese Yuan,¥,13.9822,Exchange Rate API
2025-09-01,Chinese Yuan,¥,13.9524,Exchange Rate API
2025-08-31,Chinese Yuan,¥,13.888,Exchange Rate API
2025-08-30,Chinese Yuan,¥,13.8634,Exchange Rate API
2025-08-29,Chinese Yuan,¥,13.8601,Exchange Rate API
2025-08-28,Chinese Yuan,¥,13.8718,Exchange Rate API
2025-08-27,Chinese Yuan,¥,13.8996,Exchange Rate API
2025-08-26,Chinese Yuan,¥,13.8858,Exchange Rate API
2025-08-25,Chinese Yuan,¥,13.9271,Exchange Rate API
2025-08-24,Chinese Yuan,¥,13.9842,Exchange Rate API
2025-08-23,Chinese Yuan,¥,13.9483,Exchange Rate API
2025-08-22,Chinese Yuan,¥,14.0064,Exchange Rate API
2025-08-21,Chinese Yuan,¥,14.0582,Exchange Rate API
2025-08-20,Chinese Yuan,¥,14.062,Exchange Rate API
2025-08-19,Chinese Yuan,¥,13.9819,Exchange Rate API
2025-08-18,Chinese Yuan,¥,13.9224,Exchange Rate API
2025-08-17,Chinese Yuan,¥,13.9508,Exchange Rate API
2025-08-16,Chinese Yuan,¥,13.9006,Exchange Rate API
2025-08-15,Chinese Yuan,¥,13.9423,Exchange Rate API
2025-08-14,Chinese Yuan,¥,13.8856,Exchange Rate API
2025-08-13,Chinese Yuan,¥,13.85,Exchange Rate API
2025-08-12,Chinese Yuan,¥,13.8085,Exchange Rate API
2025-08-11,Chinese Yuan,¥,13.8647,Exchange Rate API
2025-08-10,Chinese Yuan,¥,13.8964,Exchange Rate API
2025-08-09,Chinese Yuan,¥,13.8622,Exchange Rate API
2025-08-08,Chinese Yuan,¥,13.9044,Exchange Rate API
2025-08-07,Chinese Yuan,¥,13.8264,Exchange Rate API
2025-08-06,Chinese Yuan,¥,13.8785,Exchange Rate API
2025-08-05,Chinese Yuan,¥,13.8123,Exchange Rate API
2025-08-04,Chinese Yuan,¥,13.8733,Exchange Rate API
2025-08-03,Chinese Yuan,¥,13.9132,Exchange Rate API
2025-08-02,Chinese Yuan,¥,13.9741,Exchange Rate API
2025-08-01,Chinese Yuan,¥,14.0147,Exchange Rate API
2025-07-31,Chinese Yuan,¥,14.025,Exchange Rate API
2025-07-30,Chinese Yuan,¥,13.9808,Exchange Rate API
2025-07-29,Chinese Yuan,¥,14.0285,Exchange Rate API
2025-07-28,Chinese Yuan,¥,14.0788,Exchange Rate API
2025-07-27,Chinese Yuan,¥,14.0429,Exchange Rate API
2025-07-26,Chinese Yuan,¥,14.0706,Exchange Rate API
2026-07-25,Hong Kong Dollar,HK$,12.3165,Exchange Rate API
2026-07-24,Hong Kong Dollar,HK$,12.2999,Exchange Rate API
2026-07-23,Hong Kong Dollar,HK$,12.3673,Exchange Rate API
2026-07-22,Hong Kong Dollar,HK$,12.4379,Exchange Rate API
2026-07-21,Hong Kong Dollar,HK$,12.4099,Exchange Rate API
2026-07-20,Hong Kong Dollar,HK$,12.4177,Exchange Rate API
2026-07-19,Hong Kong Dollar,HK$,12.3451,Exchange Rate API
2026-07-18,Hong Kong Dollar,HK$,12.3083,Exchange Rate API
2026-07-17,Hong Kong Dollar,HK$,12.3261,Exchange Rate API
2026-07-16,Hong Kong Dollar,HK$,12.3677,Exchange Rate API
2026-07-15,Hong Kong Dollar,HK$,12.4226,Exchange Rate API
2026-07-14,Hong Kong Dollar,HK$,12.4718,Exchange Rate API
2026-07-13,Hong Kong Dollar,HK$,12.5334,Exchange Rate API
2026-07-12,Hong Kong Dollar,HK$,12.5642,Exchange Rate API
2026-07-11,Hong Kong Dollar,HK$,12.5865,Exchange Rate API
2026-07-10,Hong Kong Dollar,HK$,12.625,Exchange Rate API
2026-07-09,Hong Kong Dollar,HK$,12.6321,Exchange Rate API
2026-07-08,Hong Kong Dollar,HK$,12.6478,Exchange Rate API
2026-07-07,Hong Kong Dollar,HK$,12.6897,Exchange Rate API
2026-07-06,Hong Kong Dollar,HK$,12.7604,Exchange Rate API
2026-07-05,Hong Kong Dollar,HK$,12.7289,Exchange Rate API
2026-07-04,Hong Kong Dollar,HK$,12.6796,Exchange Rate API
2026-07-03,Hong Kong Dollar,HK$,12.7074,Exchange Rate API
2026-07-02,Hong Kong Dollar,HK$,12.6597,Exchange Rate API
2026-07-01,Hong Kong Dollar,HK$,12.6101,Exchange Rate API
2026-06-30,Hong Kong Dollar,HK$,12.6122,Exchange Rate API
2026-06-29,Hong Kong Dollar,HK$,12.5936,Exchange Rate API
2026-06-28,Hong Kong Dollar,HK$,12.5828,Exchange Rate API
2026-06-27,Hong Kong Dollar,HK$,12.5913,Exchange Rate API
2026-06-26,Hong Kong Dollar,HK$,12.5354,Exchange Rate API
2026-06-25,Hong Kong Dollar,HK$,12.548,Exchange Rate API
2026-06-24,Hong Kong Dollar,HK$,12.5111,Exchange Rate API
2026-06-23,Hong Kong Dollar,HK$,12.4857,Exchange Rate API
2026-06-22,Hong Kong Dollar,HK$,12.5171,Exchange Rate API
2026-06-21,Hong Kong Dollar,HK$,12.4653,Exchange Rate API
2026-06-20,Hong Kong Dollar,HK$,12.4135,Exchange Rate API
2026-06-19,Hong Kong Dollar,HK$,12.3871,Exchange Rate API
2026-06-18,Hong Kong Dollar,HK$,12.3203,Exchange Rate API
2026-06-17,Hong Kong Dollar,HK$,12.3842,Exchange Rate API
2026-06-16,Hong Kong Dollar,HK$,12.4014,Exchange Rate API
2026-06-15,Hong Kong Dollar,HK$,12.4255,Exchange Rate API
2026-06-14,Hong Kong Dollar,HK$,12.4241,Exchange Rate API
2026-06-13,Hong Kong Dollar,HK$,12.4349,Exchange Rate API
2026-06-12,Hong Kong Dollar,HK$,12.4137,Exchange Rate API
2026-06-11,Hong Kong Dollar,HK$,12.456,Exchange Rate API
2026-06-10,Hong Kong Dollar,HK$,12.4288,Exchange Rate API
2026-06-09,Hong Kong Dollar,HK$,12.387,Exchange Rate API
2026-06-08,Hong Kong Dollar,HK$,12.34,Exchange Rate API
2026-06-07,Hong Kong Dollar,HK$,12.2761,Exchange Rate API
2026-06-06,Hong Kong Dollar,HK$,12.2769,Exchange Rate API
2026-06-05,Hong Kong Dollar,HK$,12.2645,Exchange Rate API
2026-06-04,Hong Kong Dollar,HK$,12.27,Exchange Rate API
2026-06-03,Hong Kong Dollar,HK$,12.2099,Exchange Rate API
2026-06-02,Hong Kong Dollar,HK$,12.1691,Exchange Rate API
2026-06-01,Hong Kong Dollar,HK$,12.1272,Exchange Rate API
2026-05-31,Hong Kong Dollar,HK$,12.1027,Exchange Rate API
2026-05-30,Hong Kong Dollar,HK$,12.0825,Exchange Rate API
2026-05-29,Hong Kong Dollar,HK$,12.0417,Exchange Rate API
2026-05-28,Hong Kong Dollar,HK$,12.0782,Exchange Rate API
2026-05-27,Hong Kong Dollar,HK$,12.0826,Exchange Rate API
2026-05-26,Hong Kong Dollar,HK$,12.1546,Exchange Rate API
2026-05-25,Hong Kong Dollar,HK$,12.2018,Exchange Rate API
2026-05-24,Hong Kong Dollar,HK$,12.2722,Exchange Rate API
2026-05-23,Hong Kong Dollar,HK$,12.1999,Exchange Rate API
2026-05-22,Hong Kong Dollar,HK$,12.2246,Exchange Rate API
2026-05-21,Hong Kong Dollar,HK$,12.2166,Exchange Rate API
2026-05-20,Hong Kong Dollar,HK$,12.2759,Exchange Rate API
2026-05-19,Hong Kong Dollar,HK$,12.2926,Exchange Rate API
2026-05-18,Hong Kong Dollar,HK$,12.3105,Exchange Rate API
2026-05-17,Hong Kong Dollar,HK$,12.3783,Exchange Rate API
2026-05-16,Hong Kong Dollar,HK$,12.4054,Exchange Rate API
2026-05-15,Hong Kong Dollar,HK$,12.3787,Exchange Rate API
2026-05-14,Hong Kong Dollar,HK$,12.4405,Exchange Rate API
2026-05-13,Hong Kong Dollar,HK$,12.5069,Exchange Rate API
2026-05-12,Hong Kong Dollar,HK$,12.4898,Exchange Rate API
2026-05-11,Hong Kong Dollar,HK$,12.4958,Exchange Rate API
2026-05-10,Hong Kong Dollar,HK$,12.4632,Exchange Rate API
2026-05-09,Hong Kong Dollar,HK$,12.5247,Exchange Rate API
2026-05-08,Hong Kong Dollar,HK$,12.5731,Exchange Rate API
2026-05-07,Hong Kong Dollar,HK$,12.5542,Exchange Rate API
2026-05-06,Hong Kong Dollar,HK$,12.5998,Exchange Rate API
2026-05-05,Hong Kong Dollar,HK$,12.5916,Exchange Rate API
2026-05-04,Hong Kong Dollar,HK$,12.5227,Exchange Rate API
2026-05-03,Hong Kong Dollar,HK$,12.5826,Exchange Rate API
2026-05-02,Hong Kong Dollar,HK$,12.5362,Exchange Rate API
2026-05-01,Hong Kong Dollar,HK$,12.5383,Exchange Rate API
2026-04-30,Hong Kong Dollar,HK$,12.6057,Exchange Rate API
2026-04-29,Hong Kong Dollar,HK$,12.5554,Exchange Rate API
2026-04-28,Hong Kong Dollar,HK$,12.6241,Exchange Rate API
2026-04-27,Hong Kong Dollar,HK$,12.6299,Exchange Rate API
2026-04-26,Hong Kong Dollar,HK$,12.5552,Exchange Rate API
2026-04-25,Hong Kong Dollar,HK$,12.4897,Exchange Rate API
2026-04-24,Hong Kong Dollar,HK$,12.5152,Exchange Rate API
2026-04-23,Hong Kong Dollar,HK$,12.5563,Exchange Rate API
2026-04-22,Hong Kong Dollar,HK$,12.6113,Exchange Rate API
2026-04-21,Hong Kong Dollar,HK$,12.5998,Exchange Rate API
2026-04-20,Hong Kong Dollar,HK$,12.5399,Exchange Rate API
2026-04-19,Hong Kong Dollar,HK$,12.5456,Exchange Rate API
2026-04-18,Hong Kong Dollar,HK$,12.5761,Exchange Rate API
2026-04-17,Hong Kong Dollar,HK$,12.648,Exchange Rate API
2026-04-16,Hong Kong Dollar,HK$,12.6898,Exchange Rate API
2026-04-15,Hong Kong Dollar,HK$,12.7121,Exchange Rate API
2026-04-14,Hong Kong Dollar,HK$,12.7792,Exchange Rate API
2026-04-13,Hong Kong Dollar,HK$,12.8171,Exchange Rate API
2026-04-12,Hong Kong Dollar,HK$,12.7638,Exchange Rate API
2026-04-11,Hong Kong Dollar,HK$,12.7576,Exchange Rate API
2026-04-10,Hong Kong Dollar,HK$,12.7318,Exchange Rate API
2026-04-09,Hong Kong Dollar,HK$,12.6688,Exchange Rate API
2026-04-08,Hong Kong Dollar,HK$,12.601,Exchange Rate API
2026-04-07,Hong Kong Dollar,HK$,12.6455,Exchange Rate API
2026-04-06,Hong Kong Dollar,HK$,12.6543,Exchange Rate API
2026-04-05,Hong Kong Dollar,HK$,12.6657,Exchange Rate API
2026-04-04,Hong Kong Dollar,HK$,12.6243,Exchange Rate API
2026-04-03,Hong Kong Dollar,HK$,12.5877,Exchange Rate API
2026-04-02,Hong Kong Dollar,HK$,12.5708,Exchange Rate API
2026-04-01,Hong Kong Dollar,HK$,12.5904,Exchange Rate API
2026-03-31,Hong Kong Dollar,HK$,12.5803,Exchange Rate API
2026-03-30,Hong Kong Dollar,HK$,12.5074,Exchange Rate API
2026-03-29,Hong Kong Dollar,HK$,12.5334,Exchange Rate API
2026-03-28,Hong Kong Dollar,HK$,12.5386,Exchange Rate API
2026-03-27,Hong Kong Dollar,HK$,12.5599,Exchange Rate API
2026-03-26,Hong Kong Dollar,HK$,12.5777,Exchange Rate API
2026-03-25,Hong Kong Dollar,HK$,12.6163,Exchange Rate API
2026-03-24,Hong Kong Dollar,HK$,12.6293,Exchange Rate API
2026-03-23,Hong Kong Dollar,HK$,12.6597,Exchange Rate API
2026-03-22,Hong Kong Dollar,HK$,12.5948,Exchange Rate API
2026-03-21,Hong Kong Dollar,HK$,12.6595,Exchange Rate API
2026-03-20,Hong Kong Dollar,HK$,12.5997,Exchange Rate API
2026-03-19,Hong Kong Dollar,HK$,12.6431,Exchange Rate API
2026-03-18,Hong Kong Dollar,HK$,12.613,Exchange Rate API
2026-03-17,Hong Kong Dollar,HK$,12.5504,Exchange Rate API
2026-03-16,Hong Kong Dollar,HK$,12.5904,Exchange Rate API
2026-03-15,Hong Kong Dollar,HK$,12.581,Exchange Rate API
2026-03-14,Hong Kong Dollar,HK$,12.5652,Exchange Rate API
2026-03-13,Hong Kong Dollar,HK$,12.5894,Exchange Rate API
2026-03-12,Hong Kong Dollar,HK$,12.5855,Exchange Rate API
2026-03-11,Hong Kong Dollar,HK$,12.5906,Exchange Rate API
2026-03-10,Hong Kong Dollar,HK$,12.5357,Exchange Rate API
2026-03-09,Hong Kong Dollar,HK$,12.5193,Exchange Rate API
2026-03-08,Hong Kong Dollar,HK$,12.564,Exchange Rate API
2026-03-07,Hong Kong Dollar,HK$,12.5709,Exchange Rate API
2026-03-06,Hong Kong Dollar,HK$,12.6403,Exchange Rate API
2026-03-05,Hong Kong Dollar,HK$,12.5863,Exchange Rate API
2026-03-04,Hong Kong Dollar,HK$,12.6131,Exchange Rate API
2026-03-03,Hong Kong Dollar,HK$,12.6758,Exchange Rate API
2026-03-02,Hong Kong Dollar,HK$,12.7207,Exchange Rate API
2026-03-01,Hong Kong Dollar,HK$,12.7557,Exchange Rate API
2026-02-28,Hong Kong Dollar,HK$,12.7363,Exchange Rate API
2026-02-27,Hong Kong Dollar,HK$,12.805,Exchange Rate API
2026-02-26,Hong Kong Dollar,HK$,12.8132,Exchange Rate API
2026-02-25,Hong Kong Dollar,HK$,12.8217,Exchange Rate API
2026-02-24,Hong Kong Dollar,HK$,12.7637,Exchange Rate API
2026-02-23,Hong Kong Dollar,HK$,12.6879,Exchange Rate API
2026-02-22,Hong Kong Dollar,HK$,12.7026,Exchange Rate API
2026-02-21,Hong Kong Dollar,HK$,12.7083,Exchange Rate API
2026-02-20,Hong Kong Dollar,HK$,12.7765,Exchange Rate API
2026-02-19,Hong Kong Dollar,HK$,12.7466,Exchange Rate API
2026-02-18,Hong Kong Dollar,HK$,12.7846,Exchange Rate API
2026-02-17,Hong Kong Dollar,HK$,12.8465,Exchange Rate API
2026-02-16,Hong Kong Dollar,HK$,12.8224,Exchange Rate API
2026-02-15,Hong Kong Dollar,HK$,12.809,Exchange Rate API
2026-02-14,Hong Kong Dollar,HK$,12.8314,Exchange Rate API
2026-02-13,Hong Kong Dollar,HK$,12.8333,Exchange Rate API
2026-02-12,Hong Kong Dollar,HK$,12.7811,Exchange Rate API
2026-02-11,Hong Kong Dollar,HK$,12.7383,Exchange Rate API
2026-02-10,Hong Kong Dollar,HK$,12.7895,Exchange Rate API
2026-02-09,Hong Kong Dollar,HK$,12.7426,Exchange Rate API
2026-02-08,Hong Kong Dollar,HK$,12.6939,Exchange Rate API
2026-02-07,Hong Kong Dollar,HK$,12.7395,Exchange Rate API
2026-02-06,Hong Kong Dollar,HK$,12.7934,Exchange Rate API
2026-02-05,Hong Kong Dollar,HK$,12.8473,Exchange Rate API
2026-02-04,Hong Kong Dollar,HK$,12.914,Exchange Rate API
2026-02-03,Hong Kong Dollar,HK$,12.9906,Exchange Rate API
2026-02-02,Hong Kong Dollar,HK$,12.9846,Exchange Rate API
2026-02-01,Hong Kong Dollar,HK$,12.9923,Exchange Rate API
2026-01-31,Hong Kong Dollar,HK$,12.9597,Exchange Rate API
2026-01-30,Hong Kong Dollar,HK$,12.8924,Exchange Rate API
2026-01-29,Hong Kong Dollar,HK$,12.8302,Exchange Rate API
2026-01-28,Hong Kong Dollar,HK$,12.8649,Exchange Rate API
2026-01-27,Hong Kong Dollar,HK$,12.8629,Exchange Rate API
2026-01-26,Hong Kong Dollar,HK$,12.8368,Exchange Rate API
2026-01-25,Hong Kong Dollar,HK$,12.7795,Exchange Rate API
2026-01-24,Hong Kong Dollar,HK$,12.8033,Exchange Rate API
2026-01-23,Hong Kong Dollar,HK$,12.7419,Exchange Rate API
2026-01-22,Hong Kong Dollar,HK$,12.7602,Exchange Rate API
2026-01-21,Hong Kong Dollar,HK$,12.8215,Exchange Rate API
2026-01-20,Hong Kong Dollar,HK$,12.7935,Exchange Rate API
2026-01-19,Hong Kong Dollar,HK$,12.7859,Exchange Rate API
2026-01-18,Hong Kong Dollar,HK$,12.8038,Exchange Rate API
2026-01-17,Hong Kong Dollar,HK$,12.7739,Exchange Rate API
2026-01-16,Hong Kong Dollar,HK$,12.7868,Exchange Rate API
2026-01-15,Hong Kong Dollar,HK$,12.7969,Exchange Rate API
2026-01-14,Hong Kong Dollar,HK$,12.7761,Exchange Rate API
2026-01-13,Hong Kong Dollar,HK$,12.7479,Exchange Rate API
2026-01-12,Hong Kong Dollar,HK$,12.7369,Exchange Rate API
2026-01-11,Hong Kong Dollar,HK$,12.6612,Exchange Rate API
2026-01-10,Hong Kong Dollar,HK$,12.6226,Exchange Rate API
2026-01-09,Hong Kong Dollar,HK$,12.5804,Exchange Rate API
2026-01-08,Hong Kong Dollar,HK$,12.6166,Exchange Rate API
2026-01-07,Hong Kong Dollar,HK$,12.6069,Exchange Rate API
2026-01-06,Hong Kong Dollar,HK$,12.6584,Exchange Rate API
2026-01-05,Hong Kong Dollar,HK$,12.6029,Exchange Rate API
2026-01-04,Hong Kong Dollar,HK$,12.6381,Exchange Rate API
2026-01-03,Hong Kong Dollar,HK$,12.6954,Exchange Rate API
2026-01-02,Hong Kong Dollar,HK$,12.6897,Exchange Rate API
2026-01-01,Hong Kong Dollar,HK$,12.6682,Exchange Rate API
2025-12-31,Hong Kong Dollar,HK$,12.6386,Exchange Rate API
2025-12-30,Hong Kong Dollar,HK$,12.6464,Exchange Rate API
2025-12-29,Hong Kong Dollar,HK$,12.5972,Exchange Rate API
2025-12-28,Hong Kong Dollar,HK$,12.6133,Exchange Rate API
2025-12-27,Hong Kong Dollar,HK$,12.665,Exchange Rate API
2025-12-26,Hong Kong Dollar,HK$,12.7195,Exchange Rate API
2025-12-25,Hong Kong Dollar,HK$,12.6646,Exchange Rate API
2025-12-24,Hong Kong Dollar,HK$,12.6705,Exchange Rate API
2025-12-23,Hong Kong Dollar,HK$,12.6345,Exchange Rate API
2025-12-22,Hong Kong Dollar,HK$,12.6931,Exchange Rate API
2025-12-21,Hong Kong Dollar,HK$,12.6286,Exchange Rate API
2025-12-20,Hong Kong Dollar,HK$,12.5643,Exchange Rate API
2025-12-19,Hong Kong Dollar,HK$,12.4917,Exchange Rate API
2025-12-18,Hong Kong Dollar,HK$,12.4928,Exchange Rate API
2025-12-17,Hong Kong Dollar,HK$,12.4225,Exchange Rate API
2025-12-16,Hong Kong Dollar,HK$,12.4347,Exchange Rate API
2025-12-15,Hong Kong Dollar,HK$,12.4205,Exchange Rate API
2025-12-14,Hong Kong Dollar,HK$,12.4339,Exchange Rate API
2025-12-13,Hong Kong Dollar,HK$,12.4945,Exchange Rate API
2025-12-12,Hong Kong Dollar,HK$,12.5022,Exchange Rate API
2025-12-11,Hong Kong Dollar,HK$,12.5087,Exchange Rate API
2025-12-10,Hong Kong Dollar,HK$,12.5836,Exchange Rate API
2025-12-09,Hong Kong Dollar,HK$,12.5794,Exchange Rate API
2025-12-08,Hong Kong Dollar,HK$,12.6209,Exchange Rate API
2025-12-07,Hong Kong Dollar,HK$,12.6006,Exchange Rate API
2025-12-06,Hong Kong Dollar,HK$,12.5588,Exchange Rate API
2025-12-05,Hong Kong Dollar,HK$,12.5998,Exchange Rate API
2025-12-04,Hong Kong Dollar,HK$,12.6351,Exchange Rate API
2025-12-03,Hong Kong Dollar,HK$,12.6034,Exchange Rate API
2025-12-02,Hong Kong Dollar,HK$,12.5981,Exchange Rate API
2025-12-01,Hong Kong Dollar,HK$,12.5997,Exchange Rate API
2025-11-30,Hong Kong Dollar,HK$,12.5841,Exchange Rate API
2025-11-29,Hong Kong Dollar,HK$,12.5844,Exchange Rate API
2025-11-28,Hong Kong Dollar,HK$,12.609,Exchange Rate API
2025-11-27,Hong Kong Dollar,HK$,12.6617,Exchange Rate API
2025-11-26,Hong Kong Dollar,HK$,12.7083,Exchange Rate API
2025-11-25,Hong Kong Dollar,HK$,12.7257,Exchange Rate API
2025-11-24,Hong Kong Dollar,HK$,12.6747,Exchange Rate API
2025-11-23,Hong Kong Dollar,HK$,12.6769,Exchange Rate API
2025-11-22,Hong Kong Dollar,HK$,12.6687,Exchange Rate API
2025-11-21,Hong Kong Dollar,HK$,12.6199,Exchange Rate API
2025-11-20,Hong Kong Dollar,HK$,12.6879,Exchange Rate API
2025-11-19,Hong Kong Dollar,HK$,12.7122,Exchange Rate API
2025-11-18,Hong Kong Dollar,HK$,12.7836,Exchange Rate API
2025-11-17,Hong Kong Dollar,HK$,12.8198,Exchange Rate API
2025-11-16,Hong Kong Dollar,HK$,12.8173,Exchange Rate API
2025-11-15,Hong Kong Dollar,HK$,12.7956,Exchange Rate API
2025-11-14,Hong Kong Dollar,HK$,12.7524,Exchange Rate API
2025-11-13,Hong Kong Dollar,HK$,12.7505,Exchange Rate API
2025-11-12,Hong Kong Dollar,HK$,12.6836,Exchange Rate API
2025-11-11,Hong Kong Dollar,HK$,12.6637,Exchange Rate API
2025-11-10,Hong Kong Dollar,HK$,12.5942,Exchange Rate API
2025-11-09,Hong Kong Dollar,HK$,12.5499,Exchange Rate API
2025-11-08,Hong Kong Dollar,HK$,12.6113,Exchange Rate API
2025-11-07,Hong Kong Dollar,HK$,12.5903,Exchange Rate API
2025-11-06,Hong Kong Dollar,HK$,12.5857,Exchange Rate API
2025-11-05,Hong Kong Dollar,HK$,12.5788,Exchange Rate API
2025-11-04,Hong Kong Dollar,HK$,12.5103,Exchange Rate API
2025-11-03,Hong Kong Dollar,HK$,12.5824,Exchange Rate API
2025-11-02,Hong Kong Dollar,HK$,12.5558,Exchange Rate API
2025-11-01,Hong Kong Dollar,HK$,12.5865,Exchange Rate API
2025-10-31,Hong Kong Dollar,HK$,12.5897,Exchange Rate API
2025-10-30,Hong Kong Dollar,HK$,12.6395,Exchange Rate API
2025-10-29,Hong Kong Dollar,HK$,12.6903,Exchange Rate API
2025-10-28,Hong Kong Dollar,HK$,12.6543,Exchange Rate API
2025-10-27,Hong Kong Dollar,HK$,12.661,Exchange Rate API
2025-10-26,Hong Kong Dollar,HK$,12.6114,Exchange Rate API
2025-10-25,Hong Kong Dollar,HK$,12.6347,Exchange Rate API
2025-10-24,Hong Kong Dollar,HK$,12.6143,Exchange Rate API
2025-10-23,Hong Kong Dollar,HK$,12.6375,Exchange Rate API
2025-10-22,Hong Kong Dollar,HK$,12.6884,Exchange Rate API
2025-10-21,Hong Kong Dollar,HK$,12.6909,Exchange Rate API
2025-10-20,Hong Kong Dollar,HK$,12.6721,Exchange Rate API
2025-10-19,Hong Kong Dollar,HK$,12.734,Exchange Rate API
2025-10-18,Hong Kong Dollar,HK$,12.7365,Exchange Rate API
2025-10-17,Hong Kong Dollar,HK$,12.714,Exchange Rate API
2025-10-16,Hong Kong Dollar,HK$,12.7701,Exchange Rate API
2025-10-15,Hong Kong Dollar,HK$,12.7681,Exchange Rate API
2025-10-14,Hong Kong Dollar,HK$,12.7654,Exchange Rate API
2025-10-13,Hong Kong Dollar,HK$,12.7814,Exchange Rate API
2025-10-12,Hong Kong Dollar,HK$,12.7817,Exchange Rate API
2025-10-11,Hong Kong Dollar,HK$,12.7263,Exchange Rate API
2025-10-10,Hong Kong Dollar,HK$,12.6752,Exchange Rate API
2025-10-09,Hong Kong Dollar,HK$,12.6109,Exchange Rate API
2025-10-08,Hong Kong Dollar,HK$,12.6326,Exchange Rate API
2025-10-07,Hong Kong Dollar,HK$,12.5889,Exchange Rate API
2025-10-06,Hong Kong Dollar,HK$,12.5416,Exchange Rate API
2025-10-05,Hong Kong Dollar,HK$,12.5209,Exchange Rate API
2025-10-04,Hong Kong Dollar,HK$,12.5535,Exchange Rate API
2025-10-03,Hong Kong Dollar,HK$,12.496,Exchange Rate API
2025-10-02,Hong Kong Dollar,HK$,12.4556,Exchange Rate API
2025-10-01,Hong Kong Dollar,HK$,12.5021,Exchange Rate API
2025-09-30,Hong Kong Dollar,HK$,12.5351,Exchange Rate API
2025-09-29,Hong Kong Dollar,HK$,12.5323,Exchange Rate API
2025-09-28,Hong Kong Dollar,HK$,12.5291,Exchange Rate API
2025-09-27,Hong Kong Dollar,HK$,12.4856,Exchange Rate API
2025-09-26,Hong Kong Dollar,HK$,12.4348,Exchange Rate API
2025-09-25,Hong Kong Dollar,HK$,12.4845,Exchange Rate API
2025-09-24,Hong Kong Dollar,HK$,12.413,Exchange Rate API
2025-09-23,Hong Kong Dollar,HK$,12.3449,Exchange Rate API
2025-09-22,Hong Kong Dollar,HK$,12.3558,Exchange Rate API
2025-09-21,Hong Kong Dollar,HK$,12.3056,Exchange Rate API
2025-09-20,Hong Kong Dollar,HK$,12.3247,Exchange Rate API
2025-09-19,Hong Kong Dollar,HK$,12.2565,Exchange Rate API
2025-09-18,Hong Kong Dollar,HK$,12.2671,Exchange Rate API
2025-09-17,Hong Kong Dollar,HK$,12.2017,Exchange Rate API
2025-09-16,Hong Kong Dollar,HK$,12.1663,Exchange Rate API
2025-09-15,Hong Kong Dollar,HK$,12.1196,Exchange Rate API
2025-09-14,Hong Kong Dollar,HK$,12.1862,Exchange Rate API
2025-09-13,Hong Kong Dollar,HK$,12.2007,Exchange Rate API
2025-09-12,Hong Kong Dollar,HK$,12.21,Exchange Rate API
2025-09-11,Hong Kong Dollar,HK$,12.1395,Exchange Rate API
2025-09-10,Hong Kong Dollar,HK$,12.1715,Exchange Rate API
2025-09-09,Hong Kong Dollar,HK$,12.1951,Exchange Rate API
2025-09-08,Hong Kong Dollar,HK$,12.1634,Exchange Rate API
2025-09-07,Hong Kong Dollar,HK$,12.1029,Exchange Rate API
2025-09-06,Hong Kong Dollar,HK$,12.0955,Exchange Rate API
2025-09-05,Hong Kong Dollar,HK$,12.167,Exchange Rate API
2025-09-04,Hong Kong Dollar,HK$,12.2206,Exchange Rate API
2025-09-03,Hong Kong Dollar,HK$,12.1723,Exchange Rate API
2025-09-02,Hong Kong Dollar,HK$,12.2206,Exchange Rate API
2025-09-01,Hong Kong Dollar,HK$,12.2354,Exchange Rate API
2025-08-31,Hong Kong Dollar,HK$,12.2787,Exchange Rate API
2025-08-30,Hong Kong Dollar,HK$,12.3259,Exchange Rate API
2025-08-29,Hong Kong Dollar,HK$,12.2788,Exchange Rate API
2025-08-28,Hong Kong Dollar,HK$,12.3023,Exchange Rate API
2025-08-27,Hong Kong Dollar,HK$,12.2675,Exchange Rate API
2025-08-26,Hong Kong Dollar,HK$,12.3005,Exchange Rate API
2025-08-25,Hong Kong Dollar,HK$,12.2773,Exchange Rate API
2025-08-24,Hong Kong Dollar,HK$,12.2704,Exchange Rate API
2025-08-23,Hong Kong Dollar,HK$,12.2837,Exchange Rate API
2025-08-22,Hong Kong Dollar,HK$,12.2439,Exchange Rate API
2025-08-21,Hong Kong Dollar,HK$,12.2271,Exchange Rate API
2025-08-20,Hong Kong Dollar,HK$,12.1697,Exchange Rate API
2025-08-19,Hong Kong Dollar,HK$,12.1262,Exchange Rate API
2025-08-18,Hong Kong Dollar,HK$,12.1785,Exchange Rate API
2025-08-17,Hong Kong Dollar,HK$,12.1791,Exchange Rate API
2025-08-16,Hong Kong Dollar,HK$,12.1674,Exchange Rate API
2025-08-15,Hong Kong Dollar,HK$,12.1162,Exchange Rate API
2025-08-14,Hong Kong Dollar,HK$,12.0575,Exchange Rate API
2025-08-13,Hong Kong Dollar,HK$,12.054,Exchange Rate API
2025-08-12,Hong Kong Dollar,HK$,12.0706,Exchange Rate API
2025-08-11,Hong Kong Dollar,HK$,12.0038,Exchange Rate API
2025-08-10,Hong Kong Dollar,HK$,12.0447,Exchange Rate API
2025-08-09,Hong Kong Dollar,HK$,12.0452,Exchange Rate API
2025-08-08,Hong Kong Dollar,HK$,11.9899,Exchange Rate API
2025-08-07,Hong Kong Dollar,HK$,11.9873,Exchange Rate API
2025-08-06,Hong Kong Dollar,HK$,11.9341,Exchange Rate API
2025-08-05,Hong Kong Dollar,HK$,11.9489,Exchange Rate API
2025-08-04,Hong Kong Dollar,HK$,11.9959,Exchange Rate API
2025-08-03,Hong Kong Dollar,HK$,12.053,Exchange Rate API
2025-08-02,Hong Kong Dollar,HK$,12.0928,Exchange Rate API
2025-08-01,Hong Kong Dollar,HK$,12.1145,Exchange Rate API
2025-07-31,Hong Kong Dollar,HK$,12.1177,Exchange Rate API
2025-07-30,Hong Kong Dollar,HK$,12.0989,Exchange Rate API
2025-07-29,Hong Kong Dollar,HK$,12.0326,Exchange Rate API
2025-07-28,Hong Kong Dollar,HK$,12.0369,Exchange Rate API
2025-07-27,Hong Kong Dollar,HK$,11.9978,Exchange Rate API
2025-07-26,Hong Kong Dollar,HK$,12.0413,Exchange Rate API
2026-07-25,New Zealand Dollar,NZ$,55.8659,Exchange Rate API
2026-07-24,New Zealand Dollar,NZ$,55.7863,Exchange Rate API
2026-07-23,New Zealand Dollar,NZ$,55.8459,Exchange Rate API
2026-07-22,New Zealand Dollar,NZ$,56.0077,Exchange Rate API
2026-07-21,New Zealand Dollar,NZ$,56.1835,Exchange Rate API
2026-07-20,New Zealand Dollar,NZ$,56.3161,Exchange Rate API
2026-07-19,New Zealand Dollar,NZ$,56.0442,Exchange Rate API
2026-07-18,New Zealand Dollar,NZ$,55.798,Exchange Rate API
2026-07-17,New Zealand Dollar,NZ$,55.7827,Exchange Rate API
2026-07-16,New Zealand Dollar,NZ$,55.6036,Exchange Rate API
2026-07-15,New Zealand Dollar,NZ$,55.8432,Exchange Rate API
2026-07-14,New Zealand Dollar,NZ$,55.698,Exchange Rate API
2026-07-13,New Zealand Dollar,NZ$,55.9498,Exchange Rate API
2026-07-12,New Zealand Dollar,NZ$,55.8885,Exchange Rate API
2026-07-11,New Zealand Dollar,NZ$,55.6799,Exchange Rate API
2026-07-10,New Zealand Dollar,NZ$,55.8196,Exchange Rate API
2026-07-09,New Zealand Dollar,NZ$,56.0135,Exchange Rate API
2026-07-08,New Zealand Dollar,NZ$,56.0659,Exchange Rate API
2026-07-07,New Zealand Dollar,NZ$,55.8088,Exchange Rate API
2026-07-06,New Zealand Dollar,NZ$,55.4788,Exchange Rate API
2026-07-05,New Zealand Dollar,NZ$,55.5817,Exchange Rate API
2026-07-04,New Zealand Dollar,NZ$,55.7069,Exchange Rate API
2026-07-03,New Zealand Dollar,NZ$,55.5838,Exchange Rate API
2026-07-02,New Zealand Dollar,NZ$,55.4919,Exchange Rate API
2026-07-01,New Zealand Dollar,NZ$,55.262,Exchange Rate API
2026-06-30,New Zealand Dollar,NZ$,55.3625,Exchange Rate API
2026-06-29,New Zealand Dollar,NZ$,55.1988,Exchange Rate API
2026-06-28,New Zealand Dollar,NZ$,55.4339,Exchange Rate API
2026-06-27,New Zealand Dollar,NZ$,55.3831,Exchange Rate API
2026-06-26,New Zealand Dollar,NZ$,55.2938,Exchange Rate API
2026-06-25,New Zealand Dollar,NZ$,55.1449,Exchange Rate API
2026-06-24,New Zealand Dollar,NZ$,55.2644,Exchange Rate API
2026-06-23,New Zealand Dollar,NZ$,55.4335,Exchange Rate API
2026-06-22,New Zealand Dollar,NZ$,55.3758,Exchange Rate API
2026-06-21,New Zealand Dollar,NZ$,55.5644,Exchange Rate API
2026-06-20,New Zealand Dollar,NZ$,55.5527,Exchange Rate API
2026-06-19,New Zealand Dollar,NZ$,55.4662,Exchange Rate API
2026-06-18,New Zealand Dollar,NZ$,55.5027,Exchange Rate API
2026-06-17,New Zealand Dollar,NZ$,55.3387,Exchange Rate API
2026-06-16,New Zealand Dollar,NZ$,55.2103,Exchange Rate API
2026-06-15,New Zealand Dollar,NZ$,55.1072,Exchange Rate API
2026-06-14,New Zealand Dollar,NZ$,55.2431,Exchange Rate API
2026-06-13,New Zealand Dollar,NZ$,55.3994,Exchange Rate API
2026-06-12,New Zealand Dollar,NZ$,55.6354,Exchange Rate API
2026-06-11,New Zealand Dollar,NZ$,55.7417,Exchange Rate API
2026-06-10,New Zealand Dollar,NZ$,55.9075,Exchange Rate API
2026-06-09,New Zealand Dollar,NZ$,55.8717,Exchange Rate API
2026-06-08,New Zealand Dollar,NZ$,56.0053,Exchange Rate API
2026-06-07,New Zealand Dollar,NZ$,55.778,Exchange Rate API
2026-06-06,New Zealand Dollar,NZ$,55.5869,Exchange Rate API
2026-06-05,New Zealand Dollar,NZ$,55.5206,Exchange Rate API
2026-06-04,New Zealand Dollar,NZ$,55.413,Exchange Rate API
2026-06-03,New Zealand Dollar,NZ$,55.4466,Exchange Rate API
2026-06-02,New Zealand Dollar,NZ$,55.5777,Exchange Rate API
2026-06-01,New Zealand Dollar,NZ$,55.7156,Exchange Rate API
2026-05-31,New Zealand Dollar,NZ$,55.4888,Exchange Rate API
2026-05-30,New Zealand Dollar,NZ$,55.7981,Exchange Rate API
2026-05-29,New Zealand Dollar,NZ$,55.4669,Exchange Rate API
2026-05-28,New Zealand Dollar,NZ$,55.1947,Exchange Rate API
2026-05-27,New Zealand Dollar,NZ$,54.9598,Exchange Rate API
2026-05-26,New Zealand Dollar,NZ$,55.2407,Exchange Rate API
2026-05-25,New Zealand Dollar,NZ$,55.1979,Exchange Rate API
2026-05-24,New Zealand Dollar,NZ$,54.9092,Exchange Rate API
2026-05-23,New Zealand Dollar,NZ$,54.7259,Exchange Rate API
2026-05-22,New Zealand Dollar,NZ$,54.4501,Exchange Rate API
2026-05-21,New Zealand Dollar,NZ$,54.1481,Exchange Rate API
2026-05-20,New Zealand Dollar,NZ$,54.0729,Exchange Rate API
2026-05-19,New Zealand Dollar,NZ$,54.3872,Exchange Rate API
2026-05-18,New Zealand Dollar,NZ$,54.4616,Exchange Rate API
2026-05-17,New Zealand Dollar,NZ$,54.4753,Exchange Rate API
2026-05-16,New Zealand Dollar,NZ$,54.6136,Exchange Rate API
2026-05-15,New Zealand Dollar,NZ$,54.6775,Exchange Rate API
2026-05-14,New Zealand Dollar,NZ$,54.9699,Exchange Rate API
2026-05-13,New Zealand Dollar,NZ$,55.1811,Exchange Rate API
2026-05-12,New Zealand Dollar,NZ$,55.274,Exchange Rate API
2026-05-11,New Zealand Dollar,NZ$,55.2335,Exchange Rate API
2026-05-10,New Zealand Dollar,NZ$,55.0358,Exchange Rate API
2026-05-09,New Zealand Dollar,NZ$,55.1394,Exchange Rate API
2026-05-08,New Zealand Dollar,NZ$,55.3405,Exchange Rate API
2026-05-07,New Zealand Dollar,NZ$,55.1984,Exchange Rate API
2026-05-06,New Zealand Dollar,NZ$,54.8895,Exchange Rate API
2026-05-05,New Zealand Dollar,NZ$,54.955,Exchange Rate API
2026-05-04,New Zealand Dollar,NZ$,54.9654,Exchange Rate API
2026-05-03,New Zealand Dollar,NZ$,54.7884,Exchange Rate API
2026-05-02,New Zealand Dollar,NZ$,54.5711,Exchange Rate API
2026-05-01,New Zealand Dollar,NZ$,54.2673,Exchange Rate API
2026-04-30,New Zealand Dollar,NZ$,54.0975,Exchange Rate API
2026-04-29,New Zealand Dollar,NZ$,53.7731,Exchange Rate API
2026-04-28,New Zealand Dollar,NZ$,53.5521,Exchange Rate API
2026-04-27,New Zealand Dollar,NZ$,53.8714,Exchange Rate API
2026-04-26,New Zealand Dollar,NZ$,54.0522,Exchange Rate API
2026-04-25,New Zealand Dollar,NZ$,53.9569,Exchange Rate API
2026-04-24,New Zealand Dollar,NZ$,53.889,Exchange Rate API
2026-04-23,New Zealand Dollar,NZ$,53.9447,Exchange Rate API
2026-04-22,New Zealand Dollar,NZ$,53.9562,Exchange Rate API
2026-04-21,New Zealand Dollar,NZ$,54.1096,Exchange Rate API
2026-04-20,New Zealand Dollar,NZ$,53.8295,Exchange Rate API
2026-04-19,New Zealand Dollar,NZ$,53.5648,Exchange Rate API
2026-04-18,New Zealand Dollar,NZ$,53.4263,Exchange Rate API
2026-04-17,New Zealand Dollar,NZ$,53.6377,Exchange Rate API
2026-04-16,New Zealand Dollar,NZ$,53.9048,Exchange Rate API
2026-04-15,New Zealand Dollar,NZ$,53.8065,Exchange Rate API
2026-04-14,New Zealand Dollar,NZ$,54.1056,Exchange Rate API
2026-04-13,New Zealand Dollar,NZ$,53.9605,Exchange Rate API
2026-04-12,New Zealand Dollar,NZ$,54.0294,Exchange Rate API
2026-04-11,New Zealand Dollar,NZ$,53.8313,Exchange Rate API
2026-04-10,New Zealand Dollar,NZ$,54.1089,Exchange Rate API
2026-04-09,New Zealand Dollar,NZ$,54.1575,Exchange Rate API
2026-04-08,New Zealand Dollar,NZ$,54.0022,Exchange Rate API
2026-04-07,New Zealand Dollar,NZ$,53.942,Exchange Rate API
2026-04-06,New Zealand Dollar,NZ$,53.6873,Exchange Rate API
2026-04-05,New Zealand Dollar,NZ$,53.4118,Exchange Rate API
2026-04-04,New Zealand Dollar,NZ$,53.2799,Exchange Rate API
2026-04-03,New Zealand Dollar,NZ$,53.5657,Exchange Rate API
2026-04-02,New Zealand Dollar,NZ$,53.7604,Exchange Rate API
2026-04-01,New Zealand Dollar,NZ$,54.055,Exchange Rate API
2026-03-31,New Zealand Dollar,NZ$,54.299,Exchange Rate API
2026-03-30,New Zealand Dollar,NZ$,54.503,Exchange Rate API
2026-03-29,New Zealand Dollar,NZ$,54.552,Exchange Rate API
2026-03-28,New Zealand Dollar,NZ$,54.6791,Exchange Rate API
2026-03-27,New Zealand Dollar,NZ$,54.9849,Exchange Rate API
2026-03-26,New Zealand Dollar,NZ$,55.0266,Exchange Rate API
2026-03-25,New Zealand Dollar,NZ$,55.2049,Exchange Rate API
2026-03-24,New Zealand Dollar,NZ$,55.3755,Exchange Rate API
2026-03-23,New Zealand Dollar,NZ$,55.682,Exchange Rate API
2026-03-22,New Zealand Dollar,NZ$,55.6545,Exchange Rate API
2026-03-21,New Zealand Dollar,NZ$,55.6283,Exchange Rate API
2026-03-20,New Zealand Dollar,NZ$,55.6863,Exchange Rate API
2026-03-19,New Zealand Dollar,NZ$,55.3705,Exchange Rate API
2026-03-18,New Zealand Dollar,NZ$,55.1155,Exchange Rate API
2026-03-17,New Zealand Dollar,NZ$,54.8295,Exchange Rate API
2026-03-16,New Zealand Dollar,NZ$,54.9174,Exchange Rate API
2026-03-15,New Zealand Dollar,NZ$,55.2431,Exchange Rate API
2026-03-14,New Zealand Dollar,NZ$,55.3604,Exchange Rate API
2026-03-13,New Zealand Dollar,NZ$,55.181,Exchange Rate API
2026-03-12,New Zealand Dollar,NZ$,55.059,Exchange Rate API
2026-03-11,New Zealand Dollar,NZ$,55.3599,Exchange Rate API
2026-03-10,New Zealand Dollar,NZ$,55.3709,Exchange Rate API
2026-03-09,New Zealand Dollar,NZ$,55.0451,Exchange Rate API
2026-03-08,New Zealand Dollar,NZ$,55.2645,Exchange Rate API
2026-03-07,New Zealand Dollar,NZ$,55.0976,Exchange Rate API
2026-03-06,New Zealand Dollar,NZ$,54.8285,Exchange Rate API
2026-03-05,New Zealand Dollar,NZ$,54.9428,Exchange Rate API
2026-03-04,New Zealand Dollar,NZ$,55.1545,Exchange Rate API
2026-03-03,New Zealand Dollar,NZ$,54.8739,Exchange Rate API
2026-03-02,New Zealand Dollar,NZ$,55.158,Exchange Rate API
2026-03-01,New Zealand Dollar,NZ$,55.1425,Exchange Rate API
2026-02-28,New Zealand Dollar,NZ$,55.0456,Exchange Rate API
2026-02-27,New Zealand Dollar,NZ$,55.3061,Exchange Rate API
2026-02-26,New Zealand Dollar,NZ$,55.1528,Exchange Rate API
2026-02-25,New Zealand Dollar,NZ$,55.4487,Exchange Rate API
2026-02-24,New Zealand Dollar,NZ$,55.5705,Exchange Rate API
2026-02-23,New Zealand Dollar,NZ$,55.8439,Exchange Rate API
2026-02-22,New Zealand Dollar,NZ$,55.8432,Exchange Rate API
2026-02-21,New Zealand Dollar,NZ$,55.6419,Exchange Rate API
2026-02-20,New Zealand Dollar,NZ$,55.7991,Exchange Rate API
2026-02-19,New Zealand Dollar,NZ$,56.0487,Exchange Rate API
2026-02-18,New Zealand Dollar,NZ$,55.8515,Exchange Rate API
2026-02-17,New Zealand Dollar,NZ$,55.6523,Exchange Rate API
2026-02-16,New Zealand Dollar,NZ$,55.4851,Exchange Rate API
2026-02-15,New Zealand Dollar,NZ$,55.5641,Exchange Rate API
2026-02-14,New Zealand Dollar,NZ$,55.3347,Exchange Rate API
2026-02-13,New Zealand Dollar,NZ$,55.0735,Exchange Rate API
2026-02-12,New Zealand Dollar,NZ$,55.3512,Exchange Rate API
2026-02-11,New Zealand Dollar,NZ$,55.468,Exchange Rate API
2026-02-10,New Zealand Dollar,NZ$,55.5768,Exchange Rate API
2026-02-09,New Zealand Dollar,NZ$,55.6527,Exchange Rate API
2026-02-08,New Zealand Dollar,NZ$,55.8292,Exchange Rate API
2026-02-07,New Zealand Dollar,NZ$,55.857,Exchange Rate API
2026-02-06,New Zealand Dollar,NZ$,55.5502,Exchange Rate API
2026-02-05,New Zealand Dollar,NZ$,55.5384,Exchange Rate API
2026-02-04,New Zealand Dollar,NZ$,55.6188,Exchange Rate API
2026-02-03,New Zealand Dollar,NZ$,55.6137,Exchange Rate API
2026-02-02,New Zealand Dollar,NZ$,55.9376,Exchange Rate API
2026-02-01,New Zealand Dollar,NZ$,56.2041,Exchange Rate API
2026-01-31,New Zealand Dollar,NZ$,56.4528,Exchange Rate API
2026-01-30,New Zealand Dollar,NZ$,56.4466,Exchange Rate API
2026-01-29,New Zealand Dollar,NZ$,56.7747,Exchange Rate API
2026-01-28,New Zealand Dollar,NZ$,57.0581,Exchange Rate API
2026-01-27,New Zealand Dollar,NZ$,56.9076,Exchange Rate API
2026-01-26,New Zealand Dollar,NZ$,56.7178,Exchange Rate API
2026-01-25,New Zealand Dollar,NZ$,56.77,Exchange Rate API
2026-01-24,New Zealand Dollar,NZ$,56.4663,Exchange Rate API
2026-01-23,New Zealand Dollar,NZ$,56.6691,Exchange Rate API
2026-01-22,New Zealand Dollar,NZ$,56.6544,Exchange Rate API
2026-01-21,New Zealand Dollar,NZ$,56.6821,Exchange Rate API
2026-01-20,New Zealand Dollar,NZ$,56.6838,Exchange Rate API
2026-01-19,New Zealand Dollar,NZ$,56.6115,Exchange Rate API
2026-01-18,New Zealand Dollar,NZ$,56.7381,Exchange Rate API
2026-01-17,New Zealand Dollar,NZ$,56.5167,Exchange Rate API
2026-01-16,New Zealand Dollar,NZ$,56.8399,Exchange Rate API
2026-01-15,New Zealand Dollar,NZ$,56.9751,Exchange Rate API
2026-01-14,New Zealand Dollar,NZ$,56.9478,Exchange Rate API
2026-01-13,New Zealand Dollar,NZ$,57.0771,Exchange Rate API
2026-01-12,New Zealand Dollar,NZ$,56.7427,Exchange Rate API
2026-01-11,New Zealand Dollar,NZ$,56.5457,Exchange Rate API
2026-01-10,New Zealand Dollar,NZ$,56.6007,Exchange Rate API
2026-01-09,New Zealand Dollar,NZ$,56.4821,Exchange Rate API
2026-01-08,New Zealand Dollar,NZ$,56.5585,Exchange Rate API
2026-01-07,New Zealand Dollar,NZ$,56.3954,Exchange Rate API
2026-01-06,New Zealand Dollar,NZ$,56.4283,Exchange Rate API
2026-01-05,New Zealand Dollar,NZ$,56.2503,Exchange Rate API
2026-01-04,New Zealand Dollar,NZ$,56.231,Exchange Rate API
2026-01-03,New Zealand Dollar,NZ$,56.3073,Exchange Rate API
2026-01-02,New Zealand Dollar,NZ$,56.2167,Exchange Rate API
2026-01-01,New Zealand Dollar,NZ$,56.2159,Exchange Rate API
2025-12-31,New Zealand Dollar,NZ$,56.0206,Exchange Rate API
2025-12-30,New Zealand Dollar,NZ$,56.1555,Exchange Rate API
2025-12-29,New Zealand Dollar,NZ$,56.0695,Exchange Rate API
2025-12-28,New Zealand Dollar,NZ$,56.3079,Exchange Rate API
2025-12-27,New Zealand Dollar,NZ$,56.159,Exchange Rate API
2025-12-26,New Zealand Dollar,NZ$,55.9433,Exchange Rate API
2025-12-25,New Zealand Dollar,NZ$,55.6957,Exchange Rate API
2025-12-24,New Zealand Dollar,NZ$,55.7464,Exchange Rate API
2025-12-23,New Zealand Dollar,NZ$,55.5648,Exchange Rate API
2025-12-22,New Zealand Dollar,NZ$,55.298,Exchange Rate API
2025-12-21,New Zealand Dollar,NZ$,55.1453,Exchange Rate API
2025-12-20,New Zealand Dollar,NZ$,54.9705,Exchange Rate API
2025-12-19,New Zealand Dollar,NZ$,54.9258,Exchange Rate API
2025-12-18,New Zealand Dollar,NZ$,54.8473,Exchange Rate API
2025-12-17,New Zealand Dollar,NZ$,54.6142,Exchange Rate API
2025-12-16,New Zealand Dollar,NZ$,54.9151,Exchange Rate API
2025-12-15,New Zealand Dollar,NZ$,54.6842,Exchange Rate API
2025-12-14,New Zealand Dollar,NZ$,54.8848,Exchange Rate API
2025-12-13,New Zealand Dollar,NZ$,54.6718,Exchange Rate API
2025-12-12,New Zealand Dollar,NZ$,54.6715,Exchange Rate API
2025-12-11,New Zealand Dollar,NZ$,54.9966,Exchange Rate API
2025-12-10,New Zealand Dollar,NZ$,55.2272,Exchange Rate API
2025-12-09,New Zealand Dollar,NZ$,55.2385,Exchange Rate API
2025-12-08,New Zealand Dollar,NZ$,55.3847,Exchange Rate API
2025-12-07,New Zealand Dollar,NZ$,55.5743,Exchange Rate API
2025-12-06,New Zealand Dollar,NZ$,55.4409,Exchange Rate API
2025-12-05,New Zealand Dollar,NZ$,55.4822,Exchange Rate API
2025-12-04,New Zealand Dollar,NZ$,55.5274,Exchange Rate API
2025-12-03,New Zealand Dollar,NZ$,55.4597,Exchange Rate API
2025-12-02,New Zealand Dollar,NZ$,55.5865,Exchange Rate API
2025-12-01,New Zealand Dollar,NZ$,55.293,Exchange Rate API
2025-11-30,New Zealand Dollar,NZ$,55.5012,Exchange Rate API
2025-11-29,New Zealand Dollar,NZ$,55.4856,Exchange Rate API
2025-11-28,New Zealand Dollar,NZ$,55.5721,Exchange Rate API
2025-11-27,New Zealand Dollar,NZ$,55.5387,Exchange Rate API
2025-11-26,New Zealand Dollar,NZ$,55.4285,Exchange Rate API
2025-11-25,New Zealand Dollar,NZ$,55.336,Exchange Rate API
2025-11-24,New Zealand Dollar,NZ$,55.3761,Exchange Rate API
2025-11-23,New Zealand Dollar,NZ$,55.6631,Exchange Rate API
2025-11-22,New Zealand Dollar,NZ$,55.5013,Exchange Rate API
2025-11-21,New Zealand Dollar,NZ$,55.1815,Exchange Rate API
2025-11-20,New Zealand Dollar,NZ$,54.9307,Exchange Rate API
2025-11-19,New Zealand Dollar,NZ$,55.1729,Exchange Rate API
2025-11-18,New Zealand Dollar,NZ$,55.4795,Exchange Rate API
2025-11-17,New Zealand Dollar,NZ$,55.2791,Exchange Rate API
2025-11-16,New Zealand Dollar,NZ$,55.3294,Exchange Rate API
2025-11-15,New Zealand Dollar,NZ$,55.4284,Exchange Rate API
2025-11-14,New Zealand Dollar,NZ$,55.2119,Exchange Rate API
2025-11-13,New Zealand Dollar,NZ$,55.3976,Exchange Rate API
2025-11-12,New Zealand Dollar,NZ$,55.3013,Exchange Rate API
2025-11-11,New Zealand Dollar,NZ$,55.4162,Exchange Rate API
2025-11-10,New Zealand Dollar,NZ$,55.4079,Exchange Rate API
2025-11-09,New Zealand Dollar,NZ$,55.5652,Exchange Rate API
2025-11-08,New Zealand Dollar,NZ$,55.825,Exchange Rate API
2025-11-07,New Zealand Dollar,NZ$,55.7453,Exchange Rate API
2025-11-06,New Zealand Dollar,NZ$,55.6025,Exchange Rate API
2025-11-05,New Zealand Dollar,NZ$,55.6904,Exchange Rate API
2025-11-04,New Zealand Dollar,NZ$,55.4531,Exchange Rate API
2025-11-03,New Zealand Dollar,NZ$,55.2319,Exchange Rate API
2025-11-02,New Zealand Dollar,NZ$,55.4358,Exchange Rate API
2025-11-01,New Zealand Dollar,NZ$,55.3276,Exchange Rate API
2025-10-31,New Zealand Dollar,NZ$,55.4148,Exchange Rate API
2025-10-30,New Zealand Dollar,NZ$,55.4624,Exchange Rate API
2025-10-29,New Zealand Dollar,NZ$,55.6946,Exchange Rate API
2025-10-28,New Zealand Dollar,NZ$,55.4081,Exchange Rate API
2025-10-27,New Zealand Dollar,NZ$,55.1834,Exchange Rate API
2025-10-26,New Zealand Dollar,NZ$,55.0034,Exchange Rate API
2025-10-25,New Zealand Dollar,NZ$,54.8825,Exchange Rate API
2025-10-24,New Zealand Dollar,NZ$,54.7451,Exchange Rate API
2025-10-23,New Zealand Dollar,NZ$,54.5923,Exchange Rate API
2025-10-22,New Zealand Dollar,NZ$,54.6871,Exchange Rate API
2025-10-21,New Zealand Dollar,NZ$,54.537,Exchange Rate API
2025-10-20,New Zealand Dollar,NZ$,54.5009,Exchange Rate API
2025-10-19,New Zealand Dollar,NZ$,54.7382,Exchange Rate API
2025-10-18,New Zealand Dollar,NZ$,54.6483,Exchange Rate API
2025-10-17,New Zealand Dollar,NZ$,54.7053,Exchange Rate API
2025-10-16,New Zealand Dollar,NZ$,55.0109,Exchange Rate API
2025-10-15,New Zealand Dollar,NZ$,54.9541,Exchange Rate API
2025-10-14,New Zealand Dollar,NZ$,54.7456,Exchange Rate API
2025-10-13,New Zealand Dollar,NZ$,54.4323,Exchange Rate API
2025-10-12,New Zealand Dollar,NZ$,54.5811,Exchange Rate API
2025-10-11,New Zealand Dollar,NZ$,54.6872,Exchange Rate API
2025-10-10,New Zealand Dollar,NZ$,54.9762,Exchange Rate API
2025-10-09,New Zealand Dollar,NZ$,55.1086,Exchange Rate API
2025-10-08,New Zealand Dollar,NZ$,54.8309,Exchange Rate API
2025-10-07,New Zealand Dollar,NZ$,54.6117,Exchange Rate API
2025-10-06,New Zealand Dollar,NZ$,54.3515,Exchange Rate API
2025-10-05,New Zealand Dollar,NZ$,54.067,Exchange Rate API
2025-10-04,New Zealand Dollar,NZ$,54.3127,Exchange Rate API
2025-10-03,New Zealand Dollar,NZ$,54.3443,Exchange Rate API
2025-10-02,New Zealand Dollar,NZ$,54.0354,Exchange Rate API
2025-10-01,New Zealand Dollar,NZ$,53.9686,Exchange Rate API
2025-09-30,New Zealand Dollar,NZ$,54.1402,Exchange Rate API
2025-09-29,New Zealand Dollar,NZ$,53.8694,Exchange Rate API
2025-09-28,New Zealand Dollar,NZ$,53.7158,Exchange Rate API
2025-09-27,New Zealand Dollar,NZ$,53.4936,Exchange Rate API
2025-09-26,New Zealand Dollar,NZ$,53.593,Exchange Rate API
2025-09-25,New Zealand Dollar,NZ$,53.8409,Exchange Rate API
2025-09-24,New Zealand Dollar,NZ$,53.7177,Exchange Rate API
2025-09-23,New Zealand Dollar,NZ$,53.5549,Exchange Rate API
2025-09-22,New Zealand Dollar,NZ$,53.4162,Exchange Rate API
2025-09-21,New Zealand Dollar,NZ$,53.4973,Exchange Rate API
2025-09-20,New Zealand Dollar,NZ$,53.2606,Exchange Rate API
2025-09-19,New Zealand Dollar,NZ$,53.477,Exchange Rate API
2025-09-18,New Zealand Dollar,NZ$,53.1745,Exchange Rate API
2025-09-17,New Zealand Dollar,NZ$,53.2789,Exchange Rate API
2025-09-16,New Zealand Dollar,NZ$,53.5093,Exchange Rate API
2025-09-15,New Zealand Dollar,NZ$,53.3971,Exchange Rate API
2025-09-14,New Zealand Dollar,NZ$,53.3818,Exchange Rate API
2025-09-13,New Zealand Dollar,NZ$,53.6861,Exchange Rate API
2025-09-12,New Zealand Dollar,NZ$,53.7122,Exchange Rate API
2025-09-11,New Zealand Dollar,NZ$,53.5655,Exchange Rate API
2025-09-10,New Zealand Dollar,NZ$,53.53,Exchange Rate API
2025-09-09,New Zealand Dollar,NZ$,53.8316,Exchange Rate API
2025-09-08,New Zealand Dollar,NZ$,53.9593,Exchange Rate API
2025-09-07,New Zealand Dollar,NZ$,53.7502,Exchange Rate API
2025-09-06,New Zealand Dollar,NZ$,53.8131,Exchange Rate API
2025-09-05,New Zealand Dollar,NZ$,53.8977,Exchange Rate API
2025-09-04,New Zealand Dollar,NZ$,53.9856,Exchange Rate API
2025-09-03,New Zealand Dollar,NZ$,54.0271,Exchange Rate API
2025-09-02,New Zealand Dollar,NZ$,54.0423,Exchange Rate API
2025-09-01,New Zealand Dollar,NZ$,54.1328,Exchange Rate API
2025-08-31,New Zealand Dollar,NZ$,54.0092,Exchange Rate API
2025-08-30,New Zealand Dollar,NZ$,53.9101,Exchange Rate API
2025-08-29,New Zealand Dollar,NZ$,53.9358,Exchange Rate API
2025-08-28,New Zealand Dollar,NZ$,54.133,Exchange Rate API
2025-08-27,New Zealand Dollar,NZ$,54.0952,Exchange Rate API
2025-08-26,New Zealand Dollar,NZ$,54.0081,Exchange Rate API
2025-08-25,New Zealand Dollar,NZ$,53.8524,Exchange Rate API
2025-08-24,New Zealand Dollar,NZ$,53.7255,Exchange Rate API
2025-08-23,New Zealand Dollar,NZ$,53.4032,Exchange Rate API
2025-08-22,New Zealand Dollar,NZ$,53.6053,Exchange Rate API
2025-08-21,New Zealand Dollar,NZ$,53.8291,Exchange Rate API
2025-08-20,New Zealand Dollar,NZ$,53.7283,Exchange Rate API
2025-08-19,New Zealand Dollar,NZ$,53.7084,Exchange Rate API
2025-08-18,New Zealand Dollar,NZ$,53.3915,Exchange Rate API
2025-08-17,New Zealand Dollar,NZ$,53.6619,Exchange Rate API
2025-08-16,New Zealand Dollar,NZ$,53.9497,Exchange Rate API
2025-08-15,New Zealand Dollar,NZ$,53.9349,Exchange Rate API
2025-08-14,New Zealand Dollar,NZ$,53.6172,Exchange Rate API
2025-08-13,New Zealand Dollar,NZ$,53.5724,Exchange Rate API
2025-08-12,New Zealand Dollar,NZ$,53.4393,Exchange Rate API
2025-08-11,New Zealand Dollar,NZ$,53.2669,Exchange Rate API
2025-08-10,New Zealand Dollar,NZ$,52.9519,Exchange Rate API
2025-08-09,New Zealand Dollar,NZ$,52.8716,Exchange Rate API
2025-08-08,New Zealand Dollar,NZ$,52.8156,Exchange Rate API
2025-08-07,New Zealand Dollar,NZ$,52.854,Exchange Rate API
2025-08-06,New Zealand Dollar,NZ$,52.7872,Exchange Rate API
2025-08-05,New Zealand Dollar,NZ$,52.5739,Exchange Rate API
2025-08-04,New Zealand Dollar,NZ$,52.7235,Exchange Rate API
2025-08-03,New Zealand Dollar,NZ$,52.6537,Exchange Rate API
2025-08-02,New Zealand Dollar,NZ$,52.5768,Exchange Rate API
2025-08-01,New Zealand Dollar,NZ$,52.4273,Exchange Rate API
2025-07-31,New Zealand Dollar,NZ$,52.3784,Exchange Rate API
2025-07-30,New Zealand Dollar,NZ$,52.2147,Exchange Rate API
2025-07-29,New Zealand Dollar,NZ$,52.3805,Exchange Rate API
2025-07-28,New Zealand Dollar,NZ$,52.6382,Exchange Rate API
2025-07-27,New Zealand Dollar,NZ$,52.8325,Exchange Rate API
2025-07-26,New Zealand Dollar,NZ$,52.9496,Exchange Rate API
