collateral_id,loan_id,asset_type,asset_value,valuation_date,created_at,updated_at,source_system
COL00000001,LN00001673,Property,4308870.06,2025-03-30,2026-07-25 01:44:21.940794,,Loan Management System
COL00000002,LN00001262,Property,786170.49,2018-11-07,2026-07-25 01:44:21.940794,,Loan Management System
COL00000003,LN00001220,Vehicle,2373430.67,2016-01-20,2026-07-25 01:44:21.940794,,Loan Management System
COL00000004,LN00001912,Gold,2207362.9,2023-03-27,2026-07-25 01:44:21.940794,,Loan Management System
COL00000005,LN00000505,Vehicle,1724515.59,2022-05-05,2026-07-25 01:44:21.940794,,Loan Management System
COL00000006,LN00002050,Property,14946170.28,2022-11-06,2026-07-25 01:44:21.940794,,Loan Management System
COL00000007,LN00001668,Property,7422794.74,2023-01-07,2026-07-25 01:44:21.940794,,Loan Management System
COL00000008,LN00001722,Vehicle,2505028.08,2020-09-01,2026-07-25 01:44:21.940794,,Loan Management System
COL00000009,LN00002032,Property,5211603.54,2019-10-13,2026-07-25 01:44:21.940794,,Loan Management System
COL00000010,LN00000488,Vehicle,1691614.94,2016-03-07,2026-07-25 01:44:21.940794,,Loan Management System
COL00000011,LN00000206,Property,1196529.76,2020-03-07,2026-07-25 01:44:21.940794,,Loan Management System
COL00000012,LN00002080,Property,7564051.64,2025-09-17,2026-07-25 01:44:21.940794,,Loan Management System
COL00000013,LN00000629,Property,1396898.14,2018-11-29,2026-07-25 01:44:21.940794,,Loan Management System
COL00000014,LN00000615,Gold,1410601.25,2011-12-30,2026-07-25 01:44:21.940794,,Loan Management System
COL00000015,LN00000082,Vehicle,1320271.49,2016-06-24,2026-07-25 01:44:21.940794,,Loan Management System
COL00000016,LN00001828,Gold,342483.49,2012-08-04,2026-07-25 01:44:21.940794,,Loan Management System
COL00000017,LN00001055,Vehicle,1686067.89,2015-08-17,2026-07-25 01:44:21.940794,,Loan Management System
COL00000018,LN00000182,Vehicle,3631564.69,2011-09-11,2026-07-25 01:44:21.940794,,Loan Management System
COL00000019,LN00002414,Vehicle,2731292.2,2025-08-20,2026-07-25 01:44:21.940794,,Loan Management System
COL00000020,LN00000891,Property,26792697.23,2015-02-17,2026-07-25 01:44:21.940794,,Loan Management System
COL00000021,LN00001237,Property,9561039.13,2012-09-30,2026-07-25 01:44:21.941790,,Loan Management System
COL00000022,LN00001819,Property,10420680.79,2014-07-10,2026-07-25 01:44:21.941790,,Loan Management System
COL00000023,LN00000610,Vehicle,2310022.0,2018-05-09,2026-07-25 01:44:21.941790,,Loan Management System
COL00000024,LN00000419,Property,26724291.57,2021-03-21,2026-07-25 01:44:21.941790,,Loan Management System
COL00000025,LN00001837,Property,7916649.67,2020-01-21,2026-07-25 01:44:21.941790,,Loan Management System
COL00000026,LN00000747,Property,10374413.09,2024-04-06,2026-07-25 01:44:21.941790,,Loan Management System
COL00000027,LN00001827,Property,2383603.96,2024-03-07,2026-07-25 01:44:21.941790,,Loan Management System
COL00000028,LN00001669,Property,4993566.19,2023-11-04,2026-07-25 01:44:21.941790,,Loan Management System
COL00000029,LN00002330,Vehicle,1984916.71,2024-01-27,2026-07-25 01:44:21.941790,,Loan Management System
COL00000030,LN00001388,Gold,854100.65,2013-12-23,2026-07-25 01:44:21.941790,,Loan Management System
COL00000031,LN00000020,Property,1116625.22,2015-03-28,2026-07-25 01:44:21.941790,,Loan Management System
COL00000032,LN00000189,Property,4717662.04,2016-01-20,2026-07-25 01:44:21.941790,,Loan Management System
COL00000033,LN00000857,Vehicle,1459163.95,2016-02-27,2026-07-25 01:44:21.941790,,Loan Management System
COL00000034,LN00000994,Vehicle,754593.18,2019-05-19,2026-07-25 01:44:21.941790,,Loan Management System
COL00000035,LN00002149,Gold,1801302.13,2013-04-11,2026-07-25 01:44:21.941790,,Loan Management System
COL00000036,LN00001082,Property,7904212.23,2017-07-02,2026-07-25 01:44:21.941790,,Loan Management System
COL00000037,LN00001410,Vehicle,3464321.82,2016-08-12,2026-07-25 01:44:21.941790,,Loan Management System
COL00000038,LN00001588,Vehicle,1508434.26,2022-09-22,2026-07-25 01:44:21.941790,,Loan Management System
COL00000039,LN00001396,Property,6217667.68,2012-09-27,2026-07-25 01:44:21.941790,,Loan Management System
COL00000040,LN00001213,Gold,2640595.11,2016-05-10,2026-07-25 01:44:21.941790,,Loan Management System
COL00000041,LN00000614,Vehicle,2811109.07,2017-03-05,2026-07-25 01:44:21.941790,,Loan Management System
COL00000042,LN00001682,Vehicle,2626891.12,2013-08-19,2026-07-25 01:44:21.941790,,Loan Management System
COL00000043,LN00001960,Gold,841793.09,2017-10-02,2026-07-25 01:44:21.941790,,Loan Management System
COL00000044,LN00002211,Vehicle,319644.6,2021-05-16,2026-07-25 01:44:21.941790,,Loan Management System
COL00000045,LN00000234,Vehicle,837338.5,2012-06-19,2026-07-25 01:44:21.941790,,Loan Management System
COL00000046,LN00000434,Property,17239108.51,2022-11-21,2026-07-25 01:44:21.941790,,Loan Management System
COL00000047,LN00000596,Gold,1294357.48,2015-04-21,2026-07-25 01:44:21.941790,,Loan Management System
COL00000048,LN00002195,Property,4850624.79,2019-03-14,2026-07-25 01:44:21.941790,,Loan Management System
COL00000049,LN00002039,Vehicle,1721610.51,2020-03-14,2026-07-25 01:44:21.941790,,Loan Management System
COL00000050,LN00001106,Property,2248410.01,2024-06-08,2026-07-25 01:44:21.942804,,Loan Management System
COL00000051,LN00001205,Property,10745731.19,2023-03-24,2026-07-25 01:44:21.942804,,Loan Management System
COL00000052,LN00001308,Property,7232586.59,2023-05-02,2026-07-25 01:44:21.942804,,Loan Management System
COL00000053,LN00002481,Gold,28831.4,2025-09-22,2026-07-25 01:44:21.942804,,Loan Management System
COL00000054,LN00002254,Property,9114185.85,2021-08-29,2026-07-25 01:44:21.942804,,Loan Management System
COL00000055,LN00000057,Gold,2042962.99,2021-10-03,2026-07-25 01:44:21.942804,,Loan Management System
COL00000056,LN00001609,Property,9855060.22,2015-04-06,2026-07-25 01:44:21.942804,,Loan Management System
COL00000057,LN00000105,Property,25230801.85,2022-05-09,2026-07-25 01:44:21.942804,,Loan Management System
COL00000058,LN00000343,Property,5426162.57,2019-05-09,2026-07-25 01:44:21.942804,,Loan Management System
COL00000059,LN00001135,Property,709566.57,2011-09-10,2026-07-25 01:44:21.942804,,Loan Management System
COL00000060,LN00000138,Property,3833245.24,2022-09-05,2026-07-25 01:44:21.942804,,Loan Management System
COL00000061,LN00002251,Gold,2866893.66,2024-09-20,2026-07-25 01:44:21.942804,,Loan Management System
COL00000062,LN00001897,Property,10217288.79,2018-07-12,2026-07-25 01:44:21.942804,,Loan Management System
COL00000063,LN00000941,Property,8944396.02,2013-06-10,2026-07-25 01:44:21.942804,,Loan Management System
COL00000064,LN00001184,Property,3913143.39,2022-01-27,2026-07-25 01:44:21.942804,,Loan Management System
COL00000065,LN00002422,Vehicle,2867056.53,2018-08-14,2026-07-25 01:44:21.942804,,Loan Management System
COL00000066,LN00001370,Property,1886325.95,2019-05-07,2026-07-25 01:44:21.942804,,Loan Management System
COL00000067,LN00002063,Vehicle,3455961.2,2024-06-28,2026-07-25 01:44:21.942804,,Loan Management System
COL00000068,LN00002240,Property,6481330.22,2018-12-22,2026-07-25 01:44:21.942804,,Loan Management System
COL00000069,LN00001074,Property,14673448.73,2019-07-27,2026-07-25 01:44:21.942804,,Loan Management System
COL00000070,LN00000068,Gold,2769442.03,2016-06-30,2026-07-25 01:44:21.942804,,Loan Management System
COL00000071,LN00001108,Vehicle,1563711.55,2021-08-30,2026-07-25 01:44:21.942804,,Loan Management System
COL00000072,LN00001034,Vehicle,1651027.82,2019-10-22,2026-07-25 01:44:21.942804,,Loan Management System
COL00000073,LN00000095,Property,9002275.0,2017-10-31,2026-07-25 01:44:21.942804,,Loan Management System
COL00000074,LN00000097,Property,4463257.07,2015-02-14,2026-07-25 01:44:21.942804,,Loan Management System
COL00000075,LN00001371,Gold,2370030.91,2013-06-29,2026-07-25 01:44:21.942804,,Loan Management System
COL00000076,LN00000719,Property,5713119.15,2016-10-09,2026-07-25 01:44:21.942804,,Loan Management System
COL00000077,LN00000471,Property,3579231.89,2025-04-11,2026-07-25 01:44:21.942804,,Loan Management System
COL00000078,LN00001728,Property,1072394.54,2024-02-23,2026-07-25 01:44:21.942804,,Loan Management System
COL00000079,LN00001090,Property,9170322.56,2023-10-01,2026-07-25 01:44:21.943813,,Loan Management System
COL00000080,LN00000008,Property,12904138.72,2013-11-09,2026-07-25 01:44:21.943813,,Loan Management System
COL00000081,LN00000817,Property,10197249.6,2023-07-17,2026-07-25 01:44:21.943813,,Loan Management System
COL00000082,LN00001295,Property,12745291.24,2019-11-20,2026-07-25 01:44:21.943813,,Loan Management System
COL00000083,LN00001096,Vehicle,996563.4,2024-07-05,2026-07-25 01:44:21.943813,,Loan Management System
COL00000084,LN00000735,Property,10665193.71,2021-05-02,2026-07-25 01:44:21.943813,,Loan Management System
COL00000085,LN00002161,Vehicle,2424110.85,2024-09-11,2026-07-25 01:44:21.943813,,Loan Management System
COL00000086,LN00000256,Gold,2226133.92,2018-09-18,2026-07-25 01:44:21.943813,,Loan Management System
COL00000087,LN00000809,Property,12446654.92,2020-09-27,2026-07-25 01:44:21.943813,,Loan Management System
COL00000088,LN00000503,Vehicle,2101371.57,2012-05-25,2026-07-25 01:44:21.943813,,Loan Management System
COL00000089,LN00002061,Property,8038729.8,2024-07-19,2026-07-25 01:44:21.943813,,Loan Management System
COL00000090,LN00000923,Vehicle,876174.99,2014-02-20,2026-07-25 01:44:21.943813,,Loan Management System
COL00000091,LN00001847,Gold,676614.94,2019-04-18,2026-07-25 01:44:21.943813,,Loan Management System
COL00000092,LN00001942,Vehicle,711512.49,2012-06-05,2026-07-25 01:44:21.943813,,Loan Management System
COL00000093,LN00001235,Property,11535855.84,2025-08-14,2026-07-25 01:44:21.943813,,Loan Management System
COL00000094,LN00000270,Property,9568053.27,2020-05-06,2026-07-25 01:44:21.943813,,Loan Management System
COL00000095,LN00001825,Property,8599086.31,2020-07-02,2026-07-25 01:44:21.943813,,Loan Management System
COL00000096,LN00001141,Gold,826778.19,2017-05-02,2026-07-25 01:44:21.943813,,Loan Management System
COL00000097,LN00000728,Vehicle,3769978.88,2021-12-12,2026-07-25 01:44:21.943813,,Loan Management System
COL00000098,LN00000145,Property,5231652.22,2013-12-03,2026-07-25 01:44:21.943813,,Loan Management System
COL00000099,LN00000686,Property,16255303.35,2016-09-08,2026-07-25 01:44:21.943813,,Loan Management System
COL00000100,LN00000916,Vehicle,1121319.69,2024-05-09,2026-07-25 01:44:21.943813,,Loan Management System
COL00000101,LN00002489,Property,10580309.52,2015-08-28,2026-07-25 01:44:21.943813,,Loan Management System
COL00000102,LN00002005,Property,18112311.57,2020-07-28,2026-07-25 01:44:21.943813,,Loan Management System
COL00000103,LN00000249,Vehicle,1517519.65,2019-08-05,2026-07-25 01:44:21.943813,,Loan Management System
COL00000104,LN00000449,Property,18598115.46,2019-04-15,2026-07-25 01:44:21.943813,,Loan Management System
COL00000105,LN00000074,Property,6959778.64,2021-05-11,2026-07-25 01:44:21.943813,,Loan Management System
COL00000106,LN00000818,Property,1671891.58,2015-03-01,2026-07-25 01:44:21.943813,,Loan Management System
COL00000107,LN00001884,Vehicle,4385972.59,2023-06-19,2026-07-25 01:44:21.943813,,Loan Management System
COL00000108,LN00000337,Vehicle,2959725.48,2020-08-27,2026-07-25 01:44:21.944816,,Loan Management System
COL00000109,LN00000761,Property,3560869.58,2015-10-02,2026-07-25 01:44:21.944816,,Loan Management System
COL00000110,LN00000947,Property,17105460.91,2021-05-05,2026-07-25 01:44:21.944816,,Loan Management System
COL00000111,LN00001315,Vehicle,2300129.64,2020-11-16,2026-07-25 01:44:21.944816,,Loan Management System
COL00000112,LN00002434,Property,20953630.97,2013-02-28,2026-07-25 01:44:21.944816,,Loan Management System
COL00000113,LN00000587,Property,8843918.85,2014-11-16,2026-07-25 01:44:21.944816,,Loan Management System
COL00000114,LN00001148,Vehicle,1321536.03,2025-07-14,2026-07-25 01:44:21.944816,,Loan Management System
COL00000115,LN00001937,Vehicle,2702975.39,2022-10-24,2026-07-25 01:44:21.944816,,Loan Management System
COL00000116,LN00000542,Vehicle,552719.99,2012-03-15,2026-07-25 01:44:21.944816,,Loan Management System
COL00000117,LN00001589,Gold,481771.78,2018-03-31,2026-07-25 01:44:21.944816,,Loan Management System
COL00000118,LN00002077,Property,23722356.32,2015-06-14,2026-07-25 01:44:21.944816,,Loan Management System
COL00000119,LN00001509,Property,10881189.64,2024-06-24,2026-07-25 01:44:21.944816,,Loan Management System
COL00000120,LN00000317,Property,2016277.21,2018-09-08,2026-07-25 01:44:21.944816,,Loan Management System
COL00000121,LN00000652,Vehicle,2002008.58,2012-09-24,2026-07-25 01:44:21.944816,,Loan Management System
COL00000122,LN00002019,Property,5514074.18,2012-12-25,2026-07-25 01:44:21.944816,,Loan Management System
COL00000123,LN00001083,Vehicle,3020339.14,2023-06-23,2026-07-25 01:44:21.944816,,Loan Management System
COL00000124,LN00000492,Vehicle,1487695.1,2023-09-09,2026-07-25 01:44:21.944816,,Loan Management System
COL00000125,LN00001136,Property,5762024.2,2021-04-19,2026-07-25 01:44:21.944816,,Loan Management System
COL00000126,LN00002225,Vehicle,2941390.99,2014-01-30,2026-07-25 01:44:21.944816,,Loan Management System
COL00000127,LN00001947,Property,18755703.03,2013-04-25,2026-07-25 01:44:21.944816,,Loan Management System
COL00000128,LN00001038,Property,2009465.86,2015-11-27,2026-07-25 01:44:21.944816,,Loan Management System
COL00000129,LN00001889,Vehicle,780306.56,2024-07-23,2026-07-25 01:44:21.944816,,Loan Management System
COL00000130,LN00000680,Vehicle,3128780.44,2021-03-26,2026-07-25 01:44:21.944816,,Loan Management System
COL00000131,LN00000506,Vehicle,3081347.75,2018-09-26,2026-07-25 01:44:21.944816,,Loan Management System
COL00000132,LN00000663,Property,10606749.51,2016-10-06,2026-07-25 01:44:21.944816,,Loan Management System
COL00000133,LN00001670,Vehicle,575322.23,2023-01-01,2026-07-25 01:44:21.944816,,Loan Management System
COL00000134,LN00000932,Property,10952765.36,2023-06-14,2026-07-25 01:44:21.944816,,Loan Management System
COL00000135,LN00001275,Gold,2275543.63,2011-11-20,2026-07-25 01:44:21.944816,,Loan Management System
COL00000136,LN00000968,Property,17082809.17,2021-09-29,2026-07-25 01:44:21.944816,,Loan Management System
COL00000137,LN00002470,Vehicle,3019799.28,2016-08-19,2026-07-25 01:44:21.945810,,Loan Management System
COL00000138,LN00001032,Gold,35106.17,2017-01-09,2026-07-25 01:44:21.945810,,Loan Management System
COL00000139,LN00000139,Vehicle,524089.42,2020-01-08,2026-07-25 01:44:21.945810,,Loan Management System
COL00000140,LN00001882,Property,3608963.48,2013-03-19,2026-07-25 01:44:21.945810,,Loan Management System
COL00000141,LN00001514,Property,17675385.06,2019-01-19,2026-07-25 01:44:21.945810,,Loan Management System
COL00000142,LN00001259,Property,3515803.74,2012-11-17,2026-07-25 01:44:21.945810,,Loan Management System
COL00000143,LN00000452,Property,6804764.51,2013-03-09,2026-07-25 01:44:21.945810,,Loan Management System
COL00000144,LN00001980,Vehicle,3175710.95,2025-08-23,2026-07-25 01:44:21.945810,,Loan Management System
COL00000145,LN00001625,Property,4896110.54,2022-07-04,2026-07-25 01:44:21.945810,,Loan Management System
COL00000146,LN00001446,Property,1173664.31,2018-02-11,2026-07-25 01:44:21.945810,,Loan Management System
COL00000147,LN00000263,Gold,311538.39,2023-09-08,2026-07-25 01:44:21.945810,,Loan Management System
COL00000148,LN00002357,Gold,1687320.52,2015-07-21,2026-07-25 01:44:21.945810,,Loan Management System
COL00000149,LN00000934,Vehicle,2535667.38,2024-07-23,2026-07-25 01:44:21.945810,,Loan Management System
COL00000150,LN00000422,Vehicle,969192.18,2021-08-29,2026-07-25 01:44:21.945810,,Loan Management System
COL00000151,LN00000611,Property,1084680.24,2023-01-27,2026-07-25 01:44:21.945810,,Loan Management System
COL00000152,LN00000709,Vehicle,871124.42,2020-04-19,2026-07-25 01:44:21.945810,,Loan Management System
COL00000153,LN00000117,Vehicle,569049.59,2015-03-28,2026-07-25 01:44:21.945810,,Loan Management System
COL00000154,LN00001704,Vehicle,678190.44,2022-07-03,2026-07-25 01:44:21.945810,,Loan Management System
COL00000155,LN00000033,Vehicle,1836067.93,2019-02-24,2026-07-25 01:44:21.945810,,Loan Management System
COL00000156,LN00001412,Property,977698.24,2021-06-25,2026-07-25 01:44:21.945810,,Loan Management System
COL00000157,LN00000485,Property,3226357.83,2024-02-25,2026-07-25 01:44:21.945810,,Loan Management System
COL00000158,LN00000591,Property,9271749.94,2016-09-07,2026-07-25 01:44:21.945810,,Loan Management System
COL00000159,LN00000722,Vehicle,3422799.0,2014-12-05,2026-07-25 01:44:21.945810,,Loan Management System
COL00000160,LN00001355,Property,12108151.12,2022-04-10,2026-07-25 01:44:21.945810,,Loan Management System
COL00000161,LN00002360,Property,1921194.49,2016-05-20,2026-07-25 01:44:21.945810,,Loan Management System
COL00000162,LN00000352,Vehicle,589375.39,2013-03-09,2026-07-25 01:44:21.945810,,Loan Management System
COL00000163,LN00001117,Gold,938774.87,2016-09-13,2026-07-25 01:44:21.945810,,Loan Management System
COL00000164,LN00000052,Vehicle,2222888.4,2018-01-01,2026-07-25 01:44:21.945810,,Loan Management System
COL00000165,LN00001305,Property,3049760.68,2014-03-28,2026-07-25 01:44:21.945810,,Loan Management System
COL00000166,LN00001020,Gold,628763.27,2019-03-13,2026-07-25 01:44:21.945810,,Loan Management System
COL00000167,LN00001698,Property,8775140.07,2011-11-27,2026-07-25 01:44:21.946800,,Loan Management System
COL00000168,LN00000214,Property,1948104.64,2021-11-10,2026-07-25 01:44:21.946800,,Loan Management System
COL00000169,LN00000148,Vehicle,2729223.01,2021-01-12,2026-07-25 01:44:21.946800,,Loan Management System
COL00000170,LN00000912,Vehicle,3239715.05,2012-09-17,2026-07-25 01:44:21.946800,,Loan Management System
COL00000171,LN00000824,Property,5651911.82,2019-05-29,2026-07-25 01:44:21.946800,,Loan Management System
COL00000172,LN00001877,Property,4037351.86,2016-07-09,2026-07-25 01:44:21.946800,,Loan Management System
COL00000173,LN00001323,Property,22893630.88,2024-08-18,2026-07-25 01:44:21.946800,,Loan Management System
COL00000174,LN00002405,Property,6721785.24,2013-08-19,2026-07-25 01:44:21.946800,,Loan Management System
COL00000175,LN00002332,Property,7695553.2,2012-02-28,2026-07-25 01:44:21.946800,,Loan Management System
COL00000176,LN00000778,Property,9404359.18,2020-01-30,2026-07-25 01:44:21.946800,,Loan Management System
COL00000177,LN00000334,Gold,3285762.71,2015-10-08,2026-07-25 01:44:21.946800,,Loan Management System
COL00000178,LN00000205,Vehicle,2096329.84,2014-07-08,2026-07-25 01:44:21.946800,,Loan Management System
COL00000179,LN00000050,Property,1621131.2,2013-03-31,2026-07-25 01:44:21.946800,,Loan Management System
COL00000180,LN00000502,Vehicle,3582370.39,2025-11-19,2026-07-25 01:44:21.946800,,Loan Management System
COL00000181,LN00001852,Property,554397.89,2025-11-29,2026-07-25 01:44:21.946800,,Loan Management System
COL00000182,LN00001971,Vehicle,2231957.91,2025-05-26,2026-07-25 01:44:21.946800,,Loan Management System
COL00000183,LN00000830,Property,20873142.21,2018-03-05,2026-07-25 01:44:21.946800,,Loan Management System
COL00000184,LN00000955,Property,8126948.0,2014-11-18,2026-07-25 01:44:21.946800,,Loan Management System
COL00000185,LN00002367,Property,11769034.37,2015-08-04,2026-07-25 01:44:21.946800,,Loan Management System
COL00000186,LN00001126,Property,7598928.44,2016-07-03,2026-07-25 01:44:21.946800,,Loan Management System
COL00000187,LN00001941,Vehicle,1324607.24,2023-10-15,2026-07-25 01:44:21.946800,,Loan Management System
COL00000188,LN00001177,Property,28162423.18,2019-01-27,2026-07-25 01:44:21.946800,,Loan Management System
COL00000189,LN00001282,Property,19147803.86,2024-07-05,2026-07-25 01:44:21.946800,,Loan Management System
COL00000190,LN00000696,Property,2481748.36,2019-01-20,2026-07-25 01:44:21.946800,,Loan Management System
COL00000191,LN00001009,Gold,1763756.41,2018-11-22,2026-07-25 01:44:21.946800,,Loan Management System
COL00000192,LN00001761,Property,10911045.47,2016-03-19,2026-07-25 01:44:21.946800,,Loan Management System
COL00000193,LN00000254,Property,21101739.96,2026-05-01,2026-07-25 01:44:21.946800,,Loan Management System
COL00000194,LN00001079,Property,11543882.0,2024-03-09,2026-07-25 01:44:21.946800,,Loan Management System
COL00000195,LN00000698,Property,9770715.49,2022-12-23,2026-07-25 01:44:21.946800,,Loan Management System
COL00000196,LN00000049,Property,4303256.86,2017-03-27,2026-07-25 01:44:21.946800,,Loan Management System
COL00000197,LN00000705,Vehicle,2883455.47,2014-06-01,2026-07-25 01:44:21.946800,,Loan Management System
COL00000198,LN00001245,Property,7882393.17,2021-03-03,2026-07-25 01:44:21.946800,,Loan Management System
COL00000199,LN00001724,Property,2353942.39,2018-03-02,2026-07-25 01:44:21.946800,,Loan Management System
COL00000200,LN00001976,Property,4634253.9,2021-01-03,2026-07-25 01:44:21.946800,,Loan Management System
COL00000201,LN00002273,Vehicle,2378805.28,2014-01-21,2026-07-25 01:44:21.946800,,Loan Management System
COL00000202,LN00001618,Property,17904495.41,2022-09-20,2026-07-25 01:44:21.946800,,Loan Management System
COL00000203,LN00001854,Property,22799611.04,2018-10-06,2026-07-25 01:44:21.947804,,Loan Management System
COL00000204,LN00001606,Property,12282742.33,2021-11-08,2026-07-25 01:44:21.947804,,Loan Management System
COL00000205,LN00001757,Vehicle,1199237.55,2022-06-13,2026-07-25 01:44:21.947804,,Loan Management System
COL00000206,LN00000852,Vehicle,534045.28,2025-02-08,2026-07-25 01:44:21.947804,,Loan Management System
COL00000207,LN00001655,Gold,336655.39,2025-03-25,2026-07-25 01:44:21.947804,,Loan Management System
COL00000208,LN00002116,Vehicle,3171672.48,2025-11-23,2026-07-25 01:44:21.947804,,Loan Management System
COL00000209,LN00001143,Property,10353632.69,2012-05-29,2026-07-25 01:44:21.947804,,Loan Management System
COL00000210,LN00000946,Property,1986066.39,2013-05-07,2026-07-25 01:44:21.947804,,Loan Management System
COL00000211,LN00000248,Property,5916192.65,2022-09-15,2026-07-25 01:44:21.947804,,Loan Management System
COL00000212,LN00001560,Property,4557269.26,2014-03-10,2026-07-25 01:44:21.947804,,Loan Management System
COL00000213,LN00001671,Property,2397301.46,2018-04-19,2026-07-25 01:44:21.947804,,Loan Management System
COL00000214,LN00000331,Property,21980525.87,2025-02-11,2026-07-25 01:44:21.947804,,Loan Management System
COL00000215,LN00001851,Vehicle,2042408.93,2019-09-11,2026-07-25 01:44:21.947804,,Loan Management System
COL00000216,LN00001842,Vehicle,2592367.13,2024-10-29,2026-07-25 01:44:21.947804,,Loan Management System
COL00000217,LN00001582,Property,10499079.83,2021-04-26,2026-07-25 01:44:21.947804,,Loan Management System
COL00000218,LN00001322,Property,8030885.53,2013-07-02,2026-07-25 01:44:21.947804,,Loan Management System
COL00000219,LN00001215,Gold,389752.19,2026-02-24,2026-07-25 01:44:21.947804,,Loan Management System
COL00000220,LN00001452,Property,2553575.46,2019-12-12,2026-07-25 01:44:21.947804,,Loan Management System
COL00000221,LN00000774,Vehicle,578125.82,2019-01-10,2026-07-25 01:44:21.947804,,Loan Management System
COL00000222,LN00002347,Property,4612417.04,2022-02-13,2026-07-25 01:44:21.947804,,Loan Management System
COL00000223,LN00000859,Vehicle,2748421.1,2019-10-24,2026-07-25 01:44:21.947804,,Loan Management System
COL00000224,LN00000677,Property,1376182.83,2024-04-09,2026-07-25 01:44:21.947804,,Loan Management System
COL00000225,LN00002359,Property,5074973.44,2021-11-18,2026-07-25 01:44:21.947804,,Loan Management System
COL00000226,LN00002101,Vehicle,537264.78,2018-08-13,2026-07-25 01:44:21.947804,,Loan Management System
COL00000227,LN00002015,Vehicle,2878271.4,2017-01-21,2026-07-25 01:44:21.947804,,Loan Management System
COL00000228,LN00000019,Vehicle,1250628.46,2013-02-25,2026-07-25 01:44:21.947804,,Loan Management System
COL00000229,LN00000890,Vehicle,3447766.18,2017-01-31,2026-07-25 01:44:21.947804,,Loan Management System
COL00000230,LN00000064,Property,14965788.02,2013-08-16,2026-07-25 01:44:21.947804,,Loan Management System
COL00000231,LN00000100,Property,11427718.0,2023-06-19,2026-07-25 01:44:21.947804,,Loan Management System
COL00000232,LN00002029,Property,10228610.83,2019-01-08,2026-07-25 01:44:21.947804,,Loan Management System
COL00000233,LN00001130,Gold,1582722.67,2026-04-13,2026-07-25 01:44:21.947804,,Loan Management System
COL00000234,LN00000399,Property,6343687.88,2012-05-05,2026-07-25 01:44:21.947804,,Loan Management System
COL00000235,LN00000075,Gold,859927.06,2014-10-11,2026-07-25 01:44:21.947804,,Loan Management System
COL00000236,LN00001824,Property,3462551.13,2018-09-20,2026-07-25 01:44:21.947804,,Loan Management System
COL00000237,LN00001500,Gold,1396447.2,2015-07-13,2026-07-25 01:44:21.947804,,Loan Management System
COL00000238,LN00000710,Vehicle,1334518.12,2022-10-24,2026-07-25 01:44:21.947804,,Loan Management System
COL00000239,LN00001727,Property,3943695.25,2022-11-20,2026-07-25 01:44:21.947804,,Loan Management System
COL00000240,LN00001743,Vehicle,859895.01,2016-04-04,2026-07-25 01:44:21.948802,,Loan Management System
COL00000241,LN00000906,Gold,2555426.77,2024-04-03,2026-07-25 01:44:21.948802,,Loan Management System
COL00000242,LN00001485,Property,15488764.73,2026-01-20,2026-07-25 01:44:21.948802,,Loan Management System
COL00000243,LN00000290,Vehicle,2717265.2,2012-01-10,2026-07-25 01:44:21.948802,,Loan Management System
COL00000244,LN00001062,Property,9756588.73,2025-01-07,2026-07-25 01:44:21.948802,,Loan Management System
COL00000245,LN00002081,Property,9235852.55,2022-11-16,2026-07-25 01:44:21.948802,,Loan Management System
COL00000246,LN00000268,Vehicle,2070196.05,2017-10-30,2026-07-25 01:44:21.948802,,Loan Management System
COL00000247,LN00001294,Property,9895559.87,2025-05-02,2026-07-25 01:44:21.948802,,Loan Management System
COL00000248,LN00001753,Property,12902880.62,2013-03-30,2026-07-25 01:44:21.948802,,Loan Management System
COL00000249,LN00001936,Property,3692775.22,2026-05-27,2026-07-25 01:44:21.948802,,Loan Management System
COL00000250,LN00000394,Vehicle,2777404.88,2020-10-12,2026-07-25 01:44:21.948802,,Loan Management System
COL00000251,LN00002383,Property,10306836.35,2020-01-19,2026-07-25 01:44:21.948802,,Loan Management System
COL00000252,LN00001174,Property,9714789.59,2020-06-01,2026-07-25 01:44:21.948802,,Loan Management System
COL00000253,LN00000123,Property,12106612.58,2012-06-10,2026-07-25 01:44:21.948802,,Loan Management System
COL00000254,LN00001593,Property,6349959.16,2026-03-24,2026-07-25 01:44:21.948802,,Loan Management System
COL00000255,LN00000948,Property,3244865.7,2011-12-07,2026-07-25 01:44:21.948802,,Loan Management System
COL00000256,LN00000341,Property,5518408.08,2014-08-31,2026-07-25 01:44:21.948802,,Loan Management System
COL00000257,LN00001622,Property,10637322.68,2022-03-05,2026-07-25 01:44:21.948802,,Loan Management System
COL00000258,LN00001862,Property,11391602.73,2017-01-14,2026-07-25 01:44:21.948802,,Loan Management System
COL00000259,LN00001880,Vehicle,3147594.7,2021-10-26,2026-07-25 01:44:21.948802,,Loan Management System
COL00000260,LN00001120,Property,7128664.9,2020-08-23,2026-07-25 01:44:21.948802,,Loan Management System
COL00000261,LN00002343,Vehicle,2653642.15,2014-07-23,2026-07-25 01:44:21.948802,,Loan Management System
COL00000262,LN00000546,Property,8912000.68,2015-09-24,2026-07-25 01:44:21.948802,,Loan Management System
COL00000263,LN00001000,Property,5943284.25,2020-05-26,2026-07-25 01:44:21.948802,,Loan Management System
COL00000264,LN00002387,Vehicle,2758228.21,2025-05-23,2026-07-25 01:44:21.948802,,Loan Management System
COL00000265,LN00001495,Gold,1791723.59,2026-05-23,2026-07-25 01:44:21.948802,,Loan Management System
COL00000266,LN00000812,Vehicle,576837.83,2014-01-21,2026-07-25 01:44:21.948802,,Loan Management System
COL00000267,LN00002064,Vehicle,2677507.58,2015-11-03,2026-07-25 01:44:21.948802,,Loan Management System
COL00000268,LN00000374,Property,10997705.07,2016-01-19,2026-07-25 01:44:21.948802,,Loan Management System
COL00000269,LN00002153,Property,26895656.96,2014-06-18,2026-07-25 01:44:21.948802,,Loan Management System
COL00000270,LN00000925,Gold,752607.45,2013-08-31,2026-07-25 01:44:21.948802,,Loan Management System
COL00000271,LN00001260,Vehicle,2318860.23,2021-09-22,2026-07-25 01:44:21.948802,,Loan Management System
COL00000272,LN00000933,Vehicle,3793022.68,2015-11-19,2026-07-25 01:44:21.948802,,Loan Management System
COL00000273,LN00001639,Property,1298359.08,2018-08-08,2026-07-25 01:44:21.948802,,Loan Management System
COL00000274,LN00001816,Property,4203599.04,2021-07-09,2026-07-25 01:44:21.948802,,Loan Management System
COL00000275,LN00001527,Vehicle,4243211.16,2013-12-15,2026-07-25 01:44:21.948802,,Loan Management System
COL00000276,LN00000856,Property,6494879.81,2015-04-05,2026-07-25 01:44:21.949802,,Loan Management System
COL00000277,LN00001116,Vehicle,1754165.45,2014-07-30,2026-07-25 01:44:21.949802,,Loan Management System
COL00000278,LN00001903,Vehicle,571773.03,2023-11-28,2026-07-25 01:44:21.949802,,Loan Management System
COL00000279,LN00000736,Property,5396458.77,2014-10-26,2026-07-25 01:44:21.949802,,Loan Management System
COL00000280,LN00002354,Property,12445496.35,2017-09-05,2026-07-25 01:44:21.949802,,Loan Management System
COL00000281,LN00000897,Vehicle,979615.89,2016-04-10,2026-07-25 01:44:21.949802,,Loan Management System
COL00000282,LN00000440,Property,2857358.92,2013-10-06,2026-07-25 01:44:21.949802,,Loan Management System
COL00000283,LN00002280,Vehicle,1575971.18,2016-10-29,2026-07-25 01:44:21.949802,,Loan Management System
COL00000284,LN00000737,Property,9013134.5,2023-09-27,2026-07-25 01:44:21.949802,,Loan Management System
COL00000285,LN00001484,Property,10480329.74,2017-02-19,2026-07-25 01:44:21.949802,,Loan Management System
COL00000286,LN00000326,Gold,2109787.25,2013-03-22,2026-07-25 01:44:21.949802,,Loan Management System
COL00000287,LN00001329,Property,10445851.13,2022-09-10,2026-07-25 01:44:21.949802,,Loan Management System
COL00000288,LN00000815,Gold,2005389.93,2023-05-12,2026-07-25 01:44:21.949802,,Loan Management System
COL00000289,LN00002397,Vehicle,678272.0,2026-05-16,2026-07-25 01:44:21.949802,,Loan Management System
COL00000290,LN00001374,Property,16081030.15,2014-03-05,2026-07-25 01:44:21.949802,,Loan Management System
COL00000291,LN00002087,Property,13058215.54,2024-02-24,2026-07-25 01:44:21.949802,,Loan Management System
COL00000292,LN00000468,Property,10558951.93,2023-06-28,2026-07-25 01:44:21.949802,,Loan Management System
COL00000293,LN00000808,Vehicle,2296860.52,2016-12-22,2026-07-25 01:44:21.949802,,Loan Management System
COL00000294,LN00001194,Property,13628411.82,2022-10-01,2026-07-25 01:44:21.949802,,Loan Management System
COL00000295,LN00001926,Property,19116862.54,2021-01-08,2026-07-25 01:44:21.949802,,Loan Management System
COL00000296,LN00002475,Vehicle,2410477.0,2022-06-02,2026-07-25 01:44:21.949802,,Loan Management System
COL00000297,LN00001885,Property,12753851.77,2013-06-11,2026-07-25 01:44:21.949802,,Loan Management System
COL00000298,LN00001480,Property,18299061.01,2018-03-31,2026-07-25 01:44:21.949802,,Loan Management System
COL00000299,LN00000406,Property,8885717.11,2012-07-07,2026-07-25 01:44:21.949802,,Loan Management System
COL00000300,LN00001001,Vehicle,1947274.15,2022-07-24,2026-07-25 01:44:21.949802,,Loan Management System
COL00000301,LN00002110,Property,4663470.72,2019-05-13,2026-07-25 01:44:21.949802,,Loan Management System
COL00000302,LN00001921,Property,3258494.31,2024-03-09,2026-07-25 01:44:21.949802,,Loan Management System
COL00000303,LN00000259,Property,13811234.88,2024-05-12,2026-07-25 01:44:21.949802,,Loan Management System
COL00000304,LN00001132,Vehicle,1248895.69,2019-11-25,2026-07-25 01:44:21.949802,,Loan Management System
COL00000305,LN00000898,Vehicle,2091431.48,2024-04-26,2026-07-25 01:44:21.949802,,Loan Management System
COL00000306,LN00002471,Property,3885011.24,2013-08-11,2026-07-25 01:44:21.949802,,Loan Management System
COL00000307,LN00000030,Gold,1958516.18,2020-09-30,2026-07-25 01:44:21.949802,,Loan Management System
COL00000308,LN00002335,Gold,399498.65,2026-06-20,2026-07-25 01:44:21.949802,,Loan Management System
COL00000309,LN00001962,Property,9050180.35,2024-07-08,2026-07-25 01:44:21.949802,,Loan Management System
COL00000310,LN00000991,Vehicle,2651792.92,2017-09-08,2026-07-25 01:44:21.949802,,Loan Management System
COL00000311,LN00002082,Property,6511028.07,2025-03-20,2026-07-25 01:44:21.949802,,Loan Management System
COL00000312,LN00000563,Property,9216799.45,2018-06-29,2026-07-25 01:44:21.949802,,Loan Management System
COL00000313,LN00002467,Vehicle,2177263.12,2024-09-23,2026-07-25 01:44:21.949802,,Loan Management System
COL00000314,LN00000924,Property,3074512.82,2015-08-14,2026-07-25 01:44:21.949802,,Loan Management System
COL00000315,LN00002026,Property,6191966.27,2022-12-21,2026-07-25 01:44:21.949802,,Loan Management System
COL00000316,LN00000491,Gold,515172.49,2015-02-06,2026-07-25 01:44:21.949802,,Loan Management System
COL00000317,LN00000415,Property,6977134.04,2026-02-26,2026-07-25 01:44:21.950797,,Loan Management System
COL00000318,LN00001377,Property,3992018.49,2016-07-07,2026-07-25 01:44:21.950797,,Loan Management System
COL00000319,LN00001420,Property,5617849.71,2019-10-08,2026-07-25 01:44:21.950797,,Loan Management System
COL00000320,LN00002059,Property,13513990.24,2016-08-17,2026-07-25 01:44:21.950797,,Loan Management System
COL00000321,LN00001686,Gold,2525324.53,2024-04-15,2026-07-25 01:44:21.950797,,Loan Management System
COL00000322,LN00001646,Property,10895098.11,2017-10-08,2026-07-25 01:44:21.950797,,Loan Management System
COL00000323,LN00001436,Property,1973464.19,2026-02-10,2026-07-25 01:44:21.950797,,Loan Management System
COL00000324,LN00001367,Property,13494058.54,2015-04-28,2026-07-25 01:44:21.950797,,Loan Management System
COL00000325,LN00000913,Vehicle,1399940.78,2024-11-05,2026-07-25 01:44:21.950797,,Loan Management System
COL00000326,LN00002442,Gold,2961628.06,2012-03-03,2026-07-25 01:44:21.950797,,Loan Management System
COL00000327,LN00000800,Vehicle,3560131.57,2016-03-12,2026-07-25 01:44:21.950797,,Loan Management System
COL00000328,LN00002296,Property,7090178.71,2013-09-14,2026-07-25 01:44:21.950797,,Loan Management System
COL00000329,LN00001273,Vehicle,260157.69,2021-04-22,2026-07-25 01:44:21.950797,,Loan Management System
COL00000330,LN00000985,Vehicle,746709.85,2025-12-11,2026-07-25 01:44:21.950797,,Loan Management System
COL00000331,LN00000202,Property,5720638.67,2015-12-20,2026-07-25 01:44:21.950797,,Loan Management System
COL00000332,LN00000575,Gold,3340846.72,2015-10-09,2026-07-25 01:44:21.950797,,Loan Management System
COL00000333,LN00000414,Property,7239772.4,2022-12-21,2026-07-25 01:44:21.950797,,Loan Management System
COL00000334,LN00002243,Property,6237118.55,2020-05-17,2026-07-25 01:44:21.950797,,Loan Management System
COL00000335,LN00001022,Property,13021700.91,2024-04-05,2026-07-25 01:44:21.950797,,Loan Management System
COL00000336,LN00002286,Property,1985906.26,2021-08-15,2026-07-25 01:44:21.950797,,Loan Management System
COL00000337,LN00001051,Property,4372767.76,2018-05-24,2026-07-25 01:44:21.950797,,Loan Management System
COL00000338,LN00000298,Vehicle,2298485.67,2019-10-06,2026-07-25 01:44:21.950797,,Loan Management System
COL00000339,LN00001924,Property,8493632.33,2025-04-21,2026-07-25 01:44:21.950797,,Loan Management System
COL00000340,LN00000375,Property,6002060.86,2024-11-17,2026-07-25 01:44:21.950797,,Loan Management System
COL00000341,LN00000528,Gold,1775771.96,2020-10-13,2026-07-25 01:44:21.950797,,Loan Management System
COL00000342,LN00001217,Vehicle,4167930.42,2012-09-13,2026-07-25 01:44:21.950797,,Loan Management System
COL00000343,LN00001651,Vehicle,2250396.37,2014-04-13,2026-07-25 01:44:21.950797,,Loan Management System
COL00000344,LN00000664,Property,2361297.32,2022-11-23,2026-07-25 01:44:21.950797,,Loan Management System
COL00000345,LN00000844,Property,4724684.39,2018-03-03,2026-07-25 01:44:21.950797,,Loan Management System
COL00000346,LN00002348,Gold,3037714.16,2025-04-21,2026-07-25 01:44:21.950797,,Loan Management System
COL00000347,LN00000093,Gold,1637669.14,2017-10-02,2026-07-25 01:44:21.950797,,Loan Management System
COL00000348,LN00000915,Property,18643385.92,2012-03-30,2026-07-25 01:44:21.950797,,Loan Management System
COL00000349,LN00002317,Gold,318183.54,2014-10-28,2026-07-25 01:44:21.950797,,Loan Management System
COL00000350,LN00000886,Property,6213834.6,2014-08-08,2026-07-25 01:44:21.950797,,Loan Management System
COL00000351,LN00000657,Property,7024149.12,2022-10-08,2026-07-25 01:44:21.950797,,Loan Management System
COL00000352,LN00002218,Vehicle,1282040.86,2021-04-01,2026-07-25 01:44:21.950797,,Loan Management System
COL00000353,LN00001179,Gold,1709203.58,2026-02-22,2026-07-25 01:44:21.950797,,Loan Management System
COL00000354,LN00001969,Property,834467.77,2021-02-05,2026-07-25 01:44:21.950797,,Loan Management System
COL00000355,LN00001693,Property,3031532.53,2017-10-21,2026-07-25 01:44:21.950797,,Loan Management System
COL00000356,LN00001918,Gold,1486426.57,2013-01-23,2026-07-25 01:44:21.950797,,Loan Management System
COL00000357,LN00001892,Vehicle,1786894.28,2026-03-24,2026-07-25 01:44:21.950797,,Loan Management System
COL00000358,LN00000776,Gold,2707784.88,2025-05-28,2026-07-25 01:44:21.950797,,Loan Management System
COL00000359,LN00000213,Property,8899761.14,2020-02-16,2026-07-25 01:44:21.951797,,Loan Management System
COL00000360,LN00002155,Vehicle,4388710.77,2014-02-19,2026-07-25 01:44:21.951797,,Loan Management System
COL00000361,LN00001006,Property,4135434.55,2024-08-29,2026-07-25 01:44:21.951797,,Loan Management System
COL00000362,LN00002075,Vehicle,3746085.59,2020-08-01,2026-07-25 01:44:21.951797,,Loan Management System
COL00000363,LN00002284,Vehicle,3584965.55,2018-03-24,2026-07-25 01:44:21.951797,,Loan Management System
COL00000364,LN00000699,Vehicle,1161960.82,2015-03-05,2026-07-25 01:44:21.951797,,Loan Management System
COL00000365,LN00000271,Vehicle,655326.9,2019-03-17,2026-07-25 01:44:21.951797,,Loan Management System
COL00000366,LN00000179,Vehicle,3000888.66,2015-10-05,2026-07-25 01:44:21.951797,,Loan Management System
COL00000367,LN00001170,Property,1512901.71,2025-01-03,2026-07-25 01:44:21.951797,,Loan Management System
COL00000368,LN00000880,Property,8144577.55,2012-12-09,2026-07-25 01:44:21.951797,,Loan Management System
COL00000369,LN00000758,Vehicle,403208.24,2019-06-13,2026-07-25 01:44:21.951797,,Loan Management System
COL00000370,LN00000085,Property,5807581.1,2015-06-11,2026-07-25 01:44:21.951797,,Loan Management System
COL00000371,LN00000579,Property,3975240.2,2023-06-01,2026-07-25 01:44:21.951797,,Loan Management System
COL00000372,LN00000552,Property,5483675.32,2026-05-25,2026-07-25 01:44:21.951797,,Loan Management System
COL00000373,LN00000373,Gold,2295807.76,2018-02-18,2026-07-25 01:44:21.951797,,Loan Management System
COL00000374,LN00001810,Vehicle,1895624.77,2013-09-30,2026-07-25 01:44:21.951797,,Loan Management System
COL00000375,LN00001771,Property,5948751.42,2022-06-04,2026-07-25 01:44:21.951797,,Loan Management System
COL00000376,LN00000178,Property,20481091.88,2020-06-28,2026-07-25 01:44:21.951797,,Loan Management System
COL00000377,LN00001105,Vehicle,641207.94,2021-07-08,2026-07-25 01:44:21.951797,,Loan Management System
COL00000378,LN00000003,Property,3764309.43,2011-12-08,2026-07-25 01:44:21.951797,,Loan Management System
COL00000379,LN00001077,Vehicle,1859928.78,2017-05-25,2026-07-25 01:44:21.951797,,Loan Management System
COL00000380,LN00000122,Property,17802488.44,2024-09-23,2026-07-25 01:44:21.951797,,Loan Management System
COL00000381,LN00001104,Property,13625224.5,2023-10-30,2026-07-25 01:44:21.951797,,Loan Management System
COL00000382,LN00000842,Property,10424950.93,2016-07-31,2026-07-25 01:44:21.951797,,Loan Management System
COL00000383,LN00001680,Property,10922444.59,2016-01-17,2026-07-25 01:44:21.951797,,Loan Management System
COL00000384,LN00002194,Vehicle,1577464.95,2019-05-14,2026-07-25 01:44:21.951797,,Loan Management System
COL00000385,LN00001952,Vehicle,585072.14,2022-09-21,2026-07-25 01:44:21.951797,,Loan Management System
COL00000386,LN00000960,Property,9220350.47,2022-03-06,2026-07-25 01:44:21.951797,,Loan Management System
COL00000387,LN00000929,Property,17902855.98,2021-02-22,2026-07-25 01:44:21.951797,,Loan Management System
COL00000388,LN00001153,Vehicle,3114822.1,2021-05-15,2026-07-25 01:44:21.951797,,Loan Management System
COL00000389,LN00002125,Vehicle,1371021.08,2026-05-06,2026-07-25 01:44:21.951797,,Loan Management System
COL00000390,LN00000550,Vehicle,2086126.22,2024-10-05,2026-07-25 01:44:21.951797,,Loan Management System
COL00000391,LN00001199,Vehicle,792870.98,2020-12-10,2026-07-25 01:44:21.951797,,Loan Management System
COL00000392,LN00002079,Property,3662902.44,2021-01-10,2026-07-25 01:44:21.951797,,Loan Management System
COL00000393,LN00000136,Vehicle,2999203.15,2016-11-21,2026-07-25 01:44:21.951797,,Loan Management System
COL00000394,LN00001658,Gold,2008955.37,2026-05-05,2026-07-25 01:44:21.951797,,Loan Management System
COL00000395,LN00000752,Vehicle,3087648.98,2018-09-22,2026-07-25 01:44:21.951797,,Loan Management System
COL00000396,LN00000744,Gold,1234228.18,2022-08-29,2026-07-25 01:44:21.951797,,Loan Management System
COL00000397,LN00000140,Property,3026601.56,2018-03-25,2026-07-25 01:44:21.951797,,Loan Management System
COL00000398,LN00000823,Property,2073806.08,2020-10-12,2026-07-25 01:44:21.951797,,Loan Management System
COL00000399,LN00001228,Gold,1476938.35,2018-10-06,2026-07-25 01:44:21.951797,,Loan Management System
COL00000400,LN00000989,Property,14476718.07,2013-05-04,2026-07-25 01:44:21.951797,,Loan Management System
COL00000401,LN00000562,Property,8272366.59,2014-07-15,2026-07-25 01:44:21.952791,,Loan Management System
COL00000402,LN00000147,Gold,2935164.74,2024-03-05,2026-07-25 01:44:21.952791,,Loan Management System
COL00000403,LN00001279,Property,4288857.95,2016-02-17,2026-07-25 01:44:21.952791,,Loan Management System
COL00000404,LN00001459,Property,10385079.65,2013-04-06,2026-07-25 01:44:21.952791,,Loan Management System
COL00000405,LN00000593,Gold,315792.41,2025-01-24,2026-07-25 01:44:21.952791,,Loan Management System
COL00000406,LN00001337,Property,6943808.51,2017-09-05,2026-07-25 01:44:21.952791,,Loan Management System
COL00000407,LN00002257,Property,7113452.29,2022-04-02,2026-07-25 01:44:21.952791,,Loan Management System
COL00000408,LN00000255,Vehicle,707908.47,2021-11-13,2026-07-25 01:44:21.952791,,Loan Management System
COL00000409,LN00001732,Property,3056995.35,2021-07-06,2026-07-25 01:44:21.952791,,Loan Management System
COL00000410,LN00001206,Vehicle,1593247.37,2021-08-17,2026-07-25 01:44:21.952791,,Loan Management System
COL00000411,LN00000363,Vehicle,346530.71,2018-06-12,2026-07-25 01:44:21.952791,,Loan Management System
COL00000412,LN00001030,Property,10825958.26,2019-12-11,2026-07-25 01:44:21.952791,,Loan Management System
COL00000413,LN00000133,Gold,1543137.7,2021-03-05,2026-07-25 01:44:21.952791,,Loan Management System
COL00000414,LN00001429,Property,1099468.35,2026-05-09,2026-07-25 01:44:21.952791,,Loan Management System
COL00000415,LN00002244,Vehicle,1872234.72,2021-11-19,2026-07-25 01:44:21.952791,,Loan Management System
COL00000416,LN00001855,Property,28099925.88,2023-03-26,2026-07-25 01:44:21.952791,,Loan Management System
COL00000417,LN00000473,Vehicle,2806036.88,2020-07-19,2026-07-25 01:44:21.952791,,Loan Management System
COL00000418,LN00001224,Property,2375391.88,2021-07-15,2026-07-25 01:44:21.952791,,Loan Management System
COL00000419,LN00002353,Gold,2925085.54,2018-07-08,2026-07-25 01:44:21.952791,,Loan Management System
COL00000420,LN00001002,Property,9697582.41,2016-02-22,2026-07-25 01:44:21.952791,,Loan Management System
COL00000421,LN00000943,Vehicle,1882584.16,2025-06-13,2026-07-25 01:44:21.952791,,Loan Management System
COL00000422,LN00001251,Property,9022764.38,2016-09-11,2026-07-25 01:44:21.952791,,Loan Management System
COL00000423,LN00001390,Vehicle,1976107.52,2014-10-12,2026-07-25 01:44:21.952791,,Loan Management System
COL00000424,LN00001788,Property,6231894.9,2015-03-20,2026-07-25 01:44:21.952791,,Loan Management System
COL00000425,LN00000219,Property,9997324.01,2014-04-11,2026-07-25 01:44:21.952791,,Loan Management System
COL00000426,LN00000295,Property,14758532.49,2015-07-11,2026-07-25 01:44:21.952791,,Loan Management System
COL00000427,LN00002294,Vehicle,1507577.09,2017-01-25,2026-07-25 01:44:21.952791,,Loan Management System
COL00000428,LN00001569,Property,10484947.63,2015-10-09,2026-07-25 01:44:21.952791,,Loan Management System
COL00000429,LN00001113,Property,9840119.49,2016-08-04,2026-07-25 01:44:21.952791,,Loan Management System
COL00000430,LN00000504,Property,10318183.83,2013-01-17,2026-07-25 01:44:21.952791,,Loan Management System
COL00000431,LN00002113,Gold,2926885.0,2017-09-13,2026-07-25 01:44:21.952791,,Loan Management System
COL00000432,LN00000180,Property,7162934.18,2020-11-27,2026-07-25 01:44:21.952791,,Loan Management System
COL00000433,LN00002245,Property,19001985.92,2014-03-20,2026-07-25 01:44:21.952791,,Loan Management System
COL00000434,LN00002303,Gold,1504929.65,2013-01-24,2026-07-25 01:44:21.952791,,Loan Management System
COL00000435,LN00000264,Vehicle,2538549.28,2016-10-25,2026-07-25 01:44:21.952791,,Loan Management System
COL00000436,LN00001066,Property,10718466.24,2015-04-11,2026-07-25 01:44:21.952791,,Loan Management System
COL00000437,LN00000624,Gold,2269005.18,2018-11-25,2026-07-25 01:44:21.952791,,Loan Management System
COL00000438,LN00002454,Property,5316860.88,2011-08-10,2026-07-25 01:44:21.952791,,Loan Management System
COL00000439,LN00000952,Property,4035161.02,2017-11-13,2026-07-25 01:44:21.952791,,Loan Management System
COL00000440,LN00001109,Property,6405227.24,2016-04-30,2026-07-25 01:44:21.952791,,Loan Management System
COL00000441,LN00000797,Property,6891827.05,2019-10-18,2026-07-25 01:44:21.952791,,Loan Management System
COL00000442,LN00000899,Property,3877260.6,2025-09-11,2026-07-25 01:44:21.952791,,Loan Management System
COL00000443,LN00001649,Property,13496349.96,2016-03-11,2026-07-25 01:44:21.952791,,Loan Management System
COL00000444,LN00000332,Property,7837883.54,2026-03-21,2026-07-25 01:44:21.953790,,Loan Management System
COL00000445,LN00001288,Property,22700483.11,2019-01-27,2026-07-25 01:44:21.953790,,Loan Management System
COL00000446,LN00002291,Property,16977613.98,2017-11-27,2026-07-25 01:44:21.953790,,Loan Management System
COL00000447,LN00000382,Property,11073919.84,2024-10-24,2026-07-25 01:44:21.953790,,Loan Management System
COL00000448,LN00002497,Property,1506769.59,2015-07-28,2026-07-25 01:44:21.953790,,Loan Management System
COL00000449,LN00000237,Vehicle,2663912.97,2012-11-16,2026-07-25 01:44:21.953790,,Loan Management System
COL00000450,LN00000044,Property,5379993.15,2017-04-25,2026-07-25 01:44:21.953790,,Loan Management System
COL00000451,LN00000718,Property,8692556.91,2022-12-10,2026-07-25 01:44:21.953790,,Loan Management System
COL00000452,LN00000217,Vehicle,3359730.58,2017-11-09,2026-07-25 01:44:21.953790,,Loan Management System
COL00000453,LN00001265,Property,3317991.87,2021-10-12,2026-07-25 01:44:21.953790,,Loan Management System
COL00000454,LN00001540,Property,7862542.9,2018-01-12,2026-07-25 01:44:21.953790,,Loan Management System
COL00000455,LN00001381,Property,2667035.1,2018-08-15,2026-07-25 01:44:21.953790,,Loan Management System
COL00000456,LN00002183,Property,25938638.13,2019-01-12,2026-07-25 01:44:21.953790,,Loan Management System
COL00000457,LN00002004,Property,6283803.26,2024-03-14,2026-07-25 01:44:21.953790,,Loan Management System
COL00000458,LN00000005,Property,12148565.48,2016-03-11,2026-07-25 01:44:21.953790,,Loan Management System
COL00000459,LN00002493,Property,10602718.53,2018-10-26,2026-07-25 01:44:21.953790,,Loan Management System
COL00000460,LN00001615,Property,1977376.61,2024-05-04,2026-07-25 01:44:21.953790,,Loan Management System
COL00000461,LN00000938,Vehicle,792307.82,2021-11-18,2026-07-25 01:44:21.953790,,Loan Management System
COL00000462,LN00000581,Vehicle,2128585.31,2018-01-14,2026-07-25 01:44:21.953790,,Loan Management System
COL00000463,LN00000541,Property,10148990.7,2026-03-15,2026-07-25 01:44:21.953790,,Loan Management System
COL00000464,LN00001505,Gold,1989755.63,2024-03-17,2026-07-25 01:44:21.953790,,Loan Management System
COL00000465,LN00000971,Property,18023329.73,2025-01-11,2026-07-25 01:44:21.953790,,Loan Management System
COL00000466,LN00000023,Vehicle,1133376.89,2021-10-05,2026-07-25 01:44:21.953790,,Loan Management System
COL00000467,LN00001874,Property,4466572.86,2018-01-07,2026-07-25 01:44:21.953790,,Loan Management System
COL00000468,LN00000176,Property,1183885.36,2021-08-20,2026-07-25 01:44:21.953790,,Loan Management System
COL00000469,LN00001777,Property,6057694.82,2015-09-07,2026-07-25 01:44:21.953790,,Loan Management System
COL00000470,LN00001460,Property,4268028.43,2026-06-04,2026-07-25 01:44:21.953790,,Loan Management System
COL00000471,LN00001981,Vehicle,568461.34,2023-04-16,2026-07-25 01:44:21.953790,,Loan Management System
COL00000472,LN00000091,Property,10111956.89,2022-05-16,2026-07-25 01:44:21.953790,,Loan Management System
COL00000473,LN00001468,Vehicle,1721135.91,2013-12-19,2026-07-25 01:44:21.953790,,Loan Management System
COL00000474,LN00001359,Vehicle,311793.22,2023-07-22,2026-07-25 01:44:21.953790,,Loan Management System
COL00000475,LN00000395,Property,2341154.11,2012-08-02,2026-07-25 01:44:21.953790,,Loan Management System
COL00000476,LN00002132,Property,2536794.92,2014-05-21,2026-07-25 01:44:21.953790,,Loan Management System
COL00000477,LN00001643,Vehicle,3774640.63,2024-11-13,2026-07-25 01:44:21.953790,,Loan Management System
COL00000478,LN00002057,Property,28539773.41,2011-08-12,2026-07-25 01:44:21.953790,,Loan Management System
COL00000479,LN00001175,Property,9633447.04,2017-12-28,2026-07-25 01:44:21.953790,,Loan Management System
COL00000480,LN00002392,Property,1355238.2,2026-05-16,2026-07-25 01:44:21.953790,,Loan Management System
COL00000481,LN00000098,Property,2345066.73,2022-12-09,2026-07-25 01:44:21.953790,,Loan Management System
COL00000482,LN00001411,Property,2025620.1,2025-10-12,2026-07-25 01:44:21.953790,,Loan Management System
COL00000483,LN00001647,Property,5483101.51,2020-07-09,2026-07-25 01:44:21.953790,,Loan Management System
COL00000484,LN00002306,Property,5585841.35,2018-09-17,2026-07-25 01:44:21.954794,,Loan Management System
COL00000485,LN00001133,Vehicle,1948693.59,2013-04-20,2026-07-25 01:44:21.954794,,Loan Management System
COL00000486,LN00002272,Property,8276196.96,2026-05-02,2026-07-25 01:44:21.954794,,Loan Management System
COL00000487,LN00001908,Vehicle,1718899.64,2022-11-15,2026-07-25 01:44:21.954794,,Loan Management System
COL00000488,LN00000814,Property,2926625.63,2018-01-28,2026-07-25 01:44:21.954794,,Loan Management System
COL00000489,LN00001118,Vehicle,528390.34,2011-10-08,2026-07-25 01:44:21.954794,,Loan Management System
COL00000490,LN00001137,Property,8506759.3,2016-04-27,2026-07-25 01:44:21.954794,,Loan Management System
COL00000491,LN00001362,Property,21382719.67,2020-11-20,2026-07-25 01:44:21.954794,,Loan Management System
COL00000492,LN00001198,Property,3932043.68,2014-07-04,2026-07-25 01:44:21.954794,,Loan Management System
COL00000493,LN00001440,Property,12751308.05,2016-11-23,2026-07-25 01:44:21.954794,,Loan Management System
COL00000494,LN00000010,Property,4188044.81,2013-04-05,2026-07-25 01:44:21.954794,,Loan Management System
COL00000495,LN00002206,Property,21953817.6,2022-01-04,2026-07-25 01:44:21.954794,,Loan Management System
COL00000496,LN00002223,Property,2339942.65,2019-08-23,2026-07-25 01:44:21.954794,,Loan Management System
COL00000497,LN00000519,Property,12051402.39,2020-11-19,2026-07-25 01:44:21.954794,,Loan Management System
COL00000498,LN00000153,Property,16077878.45,2018-10-22,2026-07-25 01:44:21.954794,,Loan Management System
COL00000499,LN00000974,Property,8652361.55,2012-03-29,2026-07-25 01:44:21.954794,,Loan Management System
COL00000500,LN00002053,Property,5373861.02,2015-04-04,2026-07-25 01:44:21.954794,,Loan Management System
COL00000501,LN00001454,Vehicle,1243534.79,2013-08-23,2026-07-25 01:44:21.954794,,Loan Management System
COL00000502,LN00001197,Property,5930350.2,2015-07-25,2026-07-25 01:44:21.954794,,Loan Management System
COL00000503,LN00000791,Property,1612159.79,2025-10-25,2026-07-25 01:44:21.954794,,Loan Management System
COL00000504,LN00000045,Property,4816116.38,2016-04-05,2026-07-25 01:44:21.954794,,Loan Management System
COL00000505,LN00002199,Vehicle,968258.13,2025-09-13,2026-07-25 01:44:21.954794,,Loan Management System
COL00000506,LN00000425,Property,2395295.06,2012-12-12,2026-07-25 01:44:21.954794,,Loan Management System
COL00000507,LN00000300,Property,9522990.0,2020-09-18,2026-07-25 01:44:21.954794,,Loan Management System
COL00000508,LN00002150,Property,1142216.25,2013-12-23,2026-07-25 01:44:21.954794,,Loan Management System
COL00000509,LN00000964,Vehicle,1989731.18,2024-08-24,2026-07-25 01:44:21.954794,,Loan Management System
COL00000510,LN00001916,Property,19847470.65,2025-09-06,2026-07-25 01:44:21.954794,,Loan Management System
COL00000511,LN00001794,Gold,2056176.67,2014-01-09,2026-07-25 01:44:21.954794,,Loan Management System
COL00000512,LN00001478,Vehicle,1986291.66,2022-02-20,2026-07-25 01:44:21.954794,,Loan Management System
COL00000513,LN00000022,Gold,2591235.36,2020-02-04,2026-07-25 01:44:21.954794,,Loan Management System
COL00000514,LN00000922,Property,23607325.84,2022-01-23,2026-07-25 01:44:21.954794,,Loan Management System
COL00000515,LN00001857,Property,12074335.54,2019-11-11,2026-07-25 01:44:21.954794,,Loan Management System
COL00000516,LN00001258,Vehicle,1488658.18,2018-12-08,2026-07-25 01:44:21.954794,,Loan Management System
COL00000517,LN00001342,Property,20821518.26,2019-01-22,2026-07-25 01:44:21.954794,,Loan Management System
COL00000518,LN00002342,Property,8880793.48,2014-04-24,2026-07-25 01:44:21.954794,,Loan Management System
COL00000519,LN00000762,Property,8999106.11,2025-12-01,2026-07-25 01:44:21.954794,,Loan Management System
COL00000520,LN00002370,Vehicle,1897539.12,2024-11-21,2026-07-25 01:44:21.954794,,Loan Management System
COL00000521,LN00001067,Property,9639777.89,2018-05-29,2026-07-25 01:44:21.954794,,Loan Management System
COL00000522,LN00000864,Property,16515550.11,2023-01-24,2026-07-25 01:44:21.954794,,Loan Management System
COL00000523,LN00002495,Vehicle,3814700.33,2021-12-12,2026-07-25 01:44:21.954794,,Loan Management System
COL00000524,LN00002363,Property,2552639.03,2024-11-11,2026-07-25 01:44:21.954794,,Loan Management System
COL00000525,LN00002464,Vehicle,3580375.88,2020-07-10,2026-07-25 01:44:21.955795,,Loan Management System
COL00000526,LN00000240,Gold,351323.14,2019-10-21,2026-07-25 01:44:21.955795,,Loan Management System
COL00000527,LN00000389,Vehicle,555193.52,2016-07-16,2026-07-25 01:44:21.955795,,Loan Management System
COL00000528,LN00002117,Gold,1511776.77,2013-04-18,2026-07-25 01:44:21.955795,,Loan Management System
COL00000529,LN00001702,Vehicle,623259.93,2021-12-02,2026-07-25 01:44:21.955795,,Loan Management System
COL00000530,LN00002461,Vehicle,2103852.57,2020-11-20,2026-07-25 01:44:21.955795,,Loan Management System
COL00000531,LN00001163,Property,2808201.42,2015-09-23,2026-07-25 01:44:21.955795,,Loan Management System
COL00000532,LN00001632,Vehicle,1190274.5,2017-10-01,2026-07-25 01:44:21.955795,,Loan Management System
COL00000533,LN00000157,Property,2648750.25,2015-04-05,2026-07-25 01:44:21.955795,,Loan Management System
COL00000534,LN00000566,Property,18576242.45,2024-01-30,2026-07-25 01:44:21.955795,,Loan Management System
COL00000535,LN00000640,Property,10994989.98,2011-07-13,2026-07-25 01:44:21.955795,,Loan Management System
COL00000536,LN00000516,Property,2537281.95,2014-04-20,2026-07-25 01:44:21.955795,,Loan Management System
COL00000537,LN00000998,Vehicle,3775944.36,2014-07-22,2026-07-25 01:44:21.955795,,Loan Management System
COL00000538,LN00001685,Property,7123263.41,2022-12-28,2026-07-25 01:44:21.955795,,Loan Management System
COL00000539,LN00001151,Gold,2624543.85,2019-11-16,2026-07-25 01:44:21.955795,,Loan Management System
COL00000540,LN00000278,Vehicle,2626107.04,2021-07-08,2026-07-25 01:44:21.955795,,Loan Management System
COL00000541,LN00000224,Property,2004884.75,2021-09-04,2026-07-25 01:44:21.955795,,Loan Management System
COL00000542,LN00000006,Property,11466816.45,2015-09-04,2026-07-25 01:44:21.955795,,Loan Management System
COL00000543,LN00001664,Vehicle,2222583.11,2013-12-05,2026-07-25 01:44:21.955795,,Loan Management System
COL00000544,LN00002100,Property,4143015.88,2022-05-29,2026-07-25 01:44:21.955795,,Loan Management System
COL00000545,LN00000866,Property,19794117.11,2018-06-06,2026-07-25 01:44:21.955795,,Loan Management System
COL00000546,LN00000080,Vehicle,756074.89,2015-05-14,2026-07-25 01:44:21.955795,,Loan Management System
COL00000547,LN00000185,Property,10751416.16,2013-06-10,2026-07-25 01:44:21.955795,,Loan Management System
COL00000548,LN00000843,Vehicle,1782556.31,2024-05-08,2026-07-25 01:44:21.955795,,Loan Management System
COL00000549,LN00000892,Vehicle,3500547.53,2019-04-08,2026-07-25 01:44:21.955795,,Loan Management System
COL00000550,LN00000252,Property,11047372.17,2016-01-13,2026-07-25 01:44:21.955795,,Loan Management System
COL00000551,LN00002386,Property,9064607.3,2014-04-11,2026-07-25 01:44:21.955795,,Loan Management System
COL00000552,LN00001492,Property,7636430.96,2023-09-24,2026-07-25 01:44:21.955795,,Loan Management System
COL00000553,LN00002393,Property,8689786.31,2015-10-10,2026-07-25 01:44:21.955795,,Loan Management System
COL00000554,LN00001536,Vehicle,1646901.58,2014-07-02,2026-07-25 01:44:21.955795,,Loan Management System
COL00000555,LN00002131,Vehicle,1647404.13,2024-10-23,2026-07-25 01:44:21.955795,,Loan Management System
COL00000556,LN00002229,Property,10125632.87,2025-04-12,2026-07-25 01:44:21.955795,,Loan Management System
COL00000557,LN00000940,Vehicle,1620072.99,2023-09-27,2026-07-25 01:44:21.955795,,Loan Management System
COL00000558,LN00001391,Gold,2515617.87,2021-09-12,2026-07-25 01:44:21.955795,,Loan Management System
COL00000559,LN00000706,Vehicle,257926.28,2022-09-24,2026-07-25 01:44:21.955795,,Loan Management System
COL00000560,LN00001648,Property,18483512.18,2020-02-04,2026-07-25 01:44:21.955795,,Loan Management System
COL00000561,LN00000851,Gold,56455.79,2020-10-28,2026-07-25 01:44:21.955795,,Loan Management System
COL00000562,LN00000313,Property,13714408.01,2013-02-25,2026-07-25 01:44:21.955795,,Loan Management System
COL00000563,LN00002031,Gold,269155.58,2018-10-01,2026-07-25 01:44:21.955795,,Loan Management System
COL00000564,LN00000387,Vehicle,2673770.2,2014-02-14,2026-07-25 01:44:21.955795,,Loan Management System
COL00000565,LN00001052,Vehicle,2376392.12,2019-10-26,2026-07-25 01:44:21.955795,,Loan Management System
COL00000566,LN00001602,Vehicle,3233758.54,2016-05-15,2026-07-25 01:44:21.955795,,Loan Management System
COL00000567,LN00002051,Vehicle,662975.98,2016-10-10,2026-07-25 01:44:21.956793,,Loan Management System
COL00000568,LN00002000,Property,1154512.48,2024-02-09,2026-07-25 01:44:21.956793,,Loan Management System
COL00000569,LN00000903,Property,4496156.99,2012-11-18,2026-07-25 01:44:21.956793,,Loan Management System
COL00000570,LN00001772,Property,7122735.21,2021-08-25,2026-07-25 01:44:21.956793,,Loan Management System
COL00000571,LN00002164,Property,8897277.89,2019-05-17,2026-07-25 01:44:21.956793,,Loan Management System
COL00000572,LN00000187,Vehicle,851810.48,2020-08-22,2026-07-25 01:44:21.956793,,Loan Management System
COL00000573,LN00000771,Gold,2230850.1,2021-09-09,2026-07-25 01:44:21.956793,,Loan Management System
COL00000574,LN00001358,Vehicle,2162604.3,2015-07-26,2026-07-25 01:44:21.956793,,Loan Management System
COL00000575,LN00002457,Vehicle,674506.32,2015-11-14,2026-07-25 01:44:21.956793,,Loan Management System
COL00000576,LN00000648,Property,3564933.49,2022-11-21,2026-07-25 01:44:21.956793,,Loan Management System
COL00000577,LN00002413,Vehicle,1131052.75,2014-01-10,2026-07-25 01:44:21.956793,,Loan Management System
COL00000578,LN00000437,Property,24694362.38,2015-07-21,2026-07-25 01:44:21.956793,,Loan Management System
COL00000579,LN00002320,Vehicle,1785493.27,2014-02-27,2026-07-25 01:44:21.956793,,Loan Management System
COL00000580,LN00001160,Property,8881011.59,2021-02-09,2026-07-25 01:44:21.956793,,Loan Management System
COL00000581,LN00001621,Property,920694.88,2013-11-11,2026-07-25 01:44:21.956793,,Loan Management System
COL00000582,LN00002076,Property,11993557.42,2023-06-15,2026-07-25 01:44:21.956793,,Loan Management System
COL00000583,LN00002292,Property,9480104.52,2022-06-21,2026-07-25 01:44:21.956793,,Loan Management System
COL00000584,LN00001402,Vehicle,2029692.32,2017-04-15,2026-07-25 01:44:21.956793,,Loan Management System
COL00000585,LN00001270,Property,9161858.08,2023-01-07,2026-07-25 01:44:21.956793,,Loan Management System
COL00000586,LN00000490,Gold,1592979.7,2021-10-17,2026-07-25 01:44:21.956793,,Loan Management System
COL00000587,LN00000782,Vehicle,821423.35,2019-02-01,2026-07-25 01:44:21.956793,,Loan Management System
COL00000588,LN00000276,Property,3546503.16,2017-04-19,2026-07-25 01:44:21.956793,,Loan Management System
COL00000589,LN00000661,Vehicle,494885.86,2016-08-27,2026-07-25 01:44:21.956793,,Loan Management System
COL00000590,LN00001623,Property,7922219.85,2013-03-03,2026-07-25 01:44:21.956793,,Loan Management System
COL00000591,LN00002128,Property,7929116.67,2017-04-29,2026-07-25 01:44:21.956793,,Loan Management System
COL00000592,LN00000672,Property,18286958.03,2014-10-22,2026-07-25 01:44:21.956793,,Loan Management System
COL00000593,LN00001328,Property,8820688.92,2011-07-31,2026-07-25 01:44:21.956793,,Loan Management System
COL00000594,LN00000942,Vehicle,1649270.03,2024-09-23,2026-07-25 01:44:21.956793,,Loan Management System
COL00000595,LN00002366,Property,4129681.37,2020-07-24,2026-07-25 01:44:21.956793,,Loan Management System
COL00000596,LN00001734,Vehicle,1885478.22,2023-11-21,2026-07-25 01:44:21.956793,,Loan Management System
COL00000597,LN00000408,Vehicle,3005605.26,2012-12-01,2026-07-25 01:44:21.956793,,Loan Management System
COL00000598,LN00002090,Vehicle,2727574.58,2011-11-12,2026-07-25 01:44:21.956793,,Loan Management System
COL00000599,LN00002042,Property,14727702.57,2018-10-18,2026-07-25 01:44:21.957742,,Loan Management System
COL00000600,LN00000597,Vehicle,1013173.54,2011-12-01,2026-07-25 01:44:21.957742,,Loan Management System
COL00000601,LN00000685,Property,2979015.35,2011-07-05,2026-07-25 01:44:21.957742,,Loan Management System
COL00000602,LN00001935,Vehicle,1877812.7,2017-07-02,2026-07-25 01:44:21.957742,,Loan Management System
COL00000603,LN00001513,Property,4117775.21,2013-03-22,2026-07-25 01:44:21.957742,,Loan Management System
COL00000604,LN00002326,Vehicle,2166162.8,2020-02-22,2026-07-25 01:44:21.957742,,Loan Management System
COL00000605,LN00001626,Property,2636529.03,2012-03-09,2026-07-25 01:44:21.957742,,Loan Management System
COL00000606,LN00001225,Property,10856496.66,2022-09-25,2026-07-25 01:44:21.957742,,Loan Management System
COL00000607,LN00001801,Property,18295218.74,2013-10-01,2026-07-25 01:44:21.957742,,Loan Management System
COL00000608,LN00000649,Gold,1882267.46,2014-10-30,2026-07-25 01:44:21.957742,,Loan Management System
COL00000609,LN00002419,Vehicle,258807.01,2019-03-03,2026-07-25 01:44:21.957742,,Loan Management System
COL00000610,LN00000749,Property,11381244.17,2024-08-16,2026-07-25 01:44:21.957742,,Loan Management System
COL00000611,LN00001904,Property,10928110.84,2013-02-19,2026-07-25 01:44:21.957742,,Loan Management System
COL00000612,LN00002312,Vehicle,1391475.21,2014-08-04,2026-07-25 01:44:21.957742,,Loan Management System
COL00000613,LN00001676,Vehicle,245406.88,2013-01-10,2026-07-25 01:44:21.957742,,Loan Management System
COL00000614,LN00001814,Property,2682818.54,2024-11-22,2026-07-25 01:44:21.957742,,Loan Management System
COL00000615,LN00001462,Property,8767973.72,2019-01-02,2026-07-25 01:44:21.957742,,Loan Management System
COL00000616,LN00000402,Vehicle,2408542.32,2020-01-30,2026-07-25 01:44:21.957742,,Loan Management System
COL00000617,LN00001144,Gold,561776.98,2015-10-20,2026-07-25 01:44:21.957742,,Loan Management System
COL00000618,LN00001438,Property,4093995.87,2018-07-08,2026-07-25 01:44:21.957742,,Loan Management System
COL00000619,LN00002108,Property,5324927.76,2025-03-08,2026-07-25 01:44:21.957742,,Loan Management System
COL00000620,LN00001226,Property,8206548.01,2025-03-04,2026-07-25 01:44:21.957742,,Loan Management System
COL00000621,LN00001624,Property,3690845.96,2022-03-14,2026-07-25 01:44:21.957742,,Loan Management System
COL00000622,LN00001546,Property,3245190.61,2013-12-23,2026-07-25 01:44:21.957742,,Loan Management System
COL00000623,LN00001173,Property,7281403.66,2024-10-01,2026-07-25 01:44:21.957742,,Loan Management System
COL00000624,LN00001131,Property,11431707.92,2024-05-09,2026-07-25 01:44:21.957742,,Loan Management System
COL00000625,LN00002058,Property,2133102.91,2014-12-19,2026-07-25 01:44:21.957742,,Loan Management System
COL00000626,LN00001700,Vehicle,1093086.23,2021-01-19,2026-07-25 01:44:21.957742,,Loan Management System
COL00000627,LN00002285,Gold,2203483.58,2013-09-12,2026-07-25 01:44:21.957742,,Loan Management System
COL00000628,LN00001166,Property,4012517.49,2024-07-20,2026-07-25 01:44:21.957742,,Loan Management System
COL00000629,LN00001662,Vehicle,2832869.75,2019-07-05,2026-07-25 01:44:21.957742,,Loan Management System
COL00000630,LN00000208,Vehicle,2148619.59,2026-05-13,2026-07-25 01:44:21.957742,,Loan Management System
COL00000631,LN00001770,Property,4731656.87,2022-05-25,2026-07-25 01:44:21.957742,,Loan Management System
COL00000632,LN00002438,Property,7734474.65,2017-03-08,2026-07-25 01:44:21.957742,,Loan Management System
COL00000633,LN00001389,Property,7258739.52,2018-01-13,2026-07-25 01:44:21.957742,,Loan Management System
COL00000634,LN00000619,Vehicle,783727.67,2021-06-03,2026-07-25 01:44:21.957742,,Loan Management System
COL00000635,LN00000870,Gold,1585942.82,2019-06-21,2026-07-25 01:44:21.957742,,Loan Management System
COL00000636,LN00002373,Vehicle,3167963.1,2014-10-27,2026-07-25 01:44:21.957742,,Loan Management System
COL00000637,LN00000567,Property,10735831.49,2017-03-14,2026-07-25 01:44:21.957742,,Loan Management System
COL00000638,LN00001033,Property,15576958.46,2014-08-15,2026-07-25 01:44:21.957742,,Loan Management System
COL00000639,LN00000828,Vehicle,449132.43,2025-08-31,2026-07-25 01:44:21.958791,,Loan Management System
COL00000640,LN00000676,Vehicle,3419388.95,2022-12-31,2026-07-25 01:44:21.958791,,Loan Management System
COL00000641,LN00001119,Vehicle,1299609.65,2023-07-26,2026-07-25 01:44:21.958791,,Loan Management System
COL00000642,LN00002290,Property,1908165.26,2021-01-12,2026-07-25 01:44:21.958791,,Loan Management System
COL00000643,LN00002235,Property,6368110.52,2022-07-08,2026-07-25 01:44:21.958791,,Loan Management System
COL00000644,LN00000013,Property,7439086.34,2020-11-01,2026-07-25 01:44:21.958791,,Loan Management System
COL00000645,LN00001634,Vehicle,433302.9,2013-10-02,2026-07-25 01:44:21.958791,,Loan Management System
COL00000646,LN00001796,Property,3197187.93,2021-08-24,2026-07-25 01:44:21.958791,,Loan Management System
COL00000647,LN00001791,Vehicle,533889.47,2015-07-05,2026-07-25 01:44:21.958791,,Loan Management System
COL00000648,LN00002193,Property,15244310.38,2016-10-16,2026-07-25 01:44:21.958791,,Loan Management System
COL00000649,LN00001614,Property,22104725.52,2023-01-06,2026-07-25 01:44:21.958791,,Loan Management System
COL00000650,LN00000200,Property,10198359.09,2026-06-17,2026-07-25 01:44:21.958791,,Loan Management System
COL00000651,LN00000874,Vehicle,2347875.29,2011-12-20,2026-07-25 01:44:21.958791,,Loan Management System
COL00000652,LN00002271,Property,11482420.44,2021-10-13,2026-07-25 01:44:21.958791,,Loan Management System
COL00000653,LN00001271,Gold,2985861.18,2025-09-14,2026-07-25 01:44:21.958791,,Loan Management System
COL00000654,LN00000369,Property,3328206.89,2012-07-19,2026-07-25 01:44:21.958791,,Loan Management System
COL00000655,LN00001037,Property,18979868.26,2025-01-31,2026-07-25 01:44:21.958791,,Loan Management System
COL00000656,LN00001928,Property,19833263.6,2021-06-26,2026-07-25 01:44:21.958791,,Loan Management System
COL00000657,LN00001162,Property,13559020.94,2012-12-11,2026-07-25 01:44:21.958791,,Loan Management System
COL00000658,LN00000584,Property,3285721.47,2026-02-19,2026-07-25 01:44:21.958791,,Loan Management System
COL00000659,LN00001107,Vehicle,3165469.47,2020-06-14,2026-07-25 01:44:21.958791,,Loan Management System
COL00000660,LN00001014,Gold,2655796.96,2016-12-22,2026-07-25 01:44:21.958791,,Loan Management System
COL00000661,LN00000689,Gold,221811.59,2018-10-20,2026-07-25 01:44:21.958791,,Loan Management System
COL00000662,LN00002456,Property,4296369.78,2011-11-07,2026-07-25 01:44:21.958791,,Loan Management System
COL00000663,LN00002385,Vehicle,1215407.16,2018-09-01,2026-07-25 01:44:21.958791,,Loan Management System
COL00000664,LN00000780,Vehicle,1631962.85,2025-09-07,2026-07-25 01:44:21.958791,,Loan Management System
COL00000665,LN00000655,Property,8041276.7,2022-02-12,2026-07-25 01:44:21.958791,,Loan Management System
COL00000666,LN00002255,Vehicle,441064.41,2012-06-03,2026-07-25 01:44:21.958791,,Loan Management System
COL00000667,LN00001840,Gold,3035983.29,2012-03-30,2026-07-25 01:44:21.958791,,Loan Management System
COL00000668,LN00001447,Property,8388363.01,2022-11-04,2026-07-25 01:44:21.958791,,Loan Management System
COL00000669,LN00000034,Property,772447.63,2021-07-09,2026-07-25 01:44:21.958791,,Loan Management System
COL00000670,LN00000401,Vehicle,3225745.89,2019-08-23,2026-07-25 01:44:21.958791,,Loan Management System
COL00000671,LN00000717,Property,9574230.51,2015-07-08,2026-07-25 01:44:21.958791,,Loan Management System
COL00000672,LN00000507,Property,9820885.51,2025-08-31,2026-07-25 01:44:21.958791,,Loan Management System
COL00000673,LN00000716,Gold,912879.35,2024-04-19,2026-07-25 01:44:21.958791,,Loan Management System
COL00000674,LN00000435,Vehicle,1466035.35,2023-09-20,2026-07-25 01:44:21.958791,,Loan Management System
COL00000675,LN00002371,Property,10402107.94,2019-07-13,2026-07-25 01:44:21.958791,,Loan Management System
COL00000676,LN00001554,Property,3555384.88,2011-08-27,2026-07-25 01:44:21.958791,,Loan Management System
COL00000677,LN00001300,Vehicle,2453814.46,2017-03-08,2026-07-25 01:44:21.958791,,Loan Management System
COL00000678,LN00000564,Gold,1934979.82,2011-12-02,2026-07-25 01:44:21.958791,,Loan Management System
COL00000679,LN00000433,Property,25150002.58,2015-01-11,2026-07-25 01:44:21.958791,,Loan Management System
COL00000680,LN00002376,Property,7525300.21,2021-04-02,2026-07-25 01:44:21.958791,,Loan Management System
COL00000681,LN00001731,Vehicle,718205.52,2018-08-19,2026-07-25 01:44:21.959804,,Loan Management System
COL00000682,LN00001338,Property,18949959.55,2022-01-31,2026-07-25 01:44:21.959804,,Loan Management System
COL00000683,LN00000088,Property,13561053.81,2017-12-26,2026-07-25 01:44:21.959804,,Loan Management System
COL00000684,LN00000831,Property,4126985.24,2024-08-22,2026-07-25 01:44:21.959804,,Loan Management System
COL00000685,LN00001866,Property,2943262.47,2013-08-22,2026-07-25 01:44:21.959804,,Loan Management System
COL00000686,LN00000257,Property,7810028.25,2015-02-22,2026-07-25 01:44:21.959804,,Loan Management System
COL00000687,LN00002095,Vehicle,3150755.66,2021-04-17,2026-07-25 01:44:21.959804,,Loan Management System
COL00000688,LN00000691,Property,4633893.54,2021-06-01,2026-07-25 01:44:21.959804,,Loan Management System
COL00000689,LN00002431,Property,1018278.04,2015-04-27,2026-07-25 01:44:21.959804,,Loan Management System
COL00000690,LN00000919,Gold,783743.3,2014-11-29,2026-07-25 01:44:21.959804,,Loan Management System
COL00000691,LN00001471,Property,4765110.85,2022-08-16,2026-07-25 01:44:21.959804,,Loan Management System
COL00000692,LN00000436,Vehicle,928910.58,2016-11-23,2026-07-25 01:44:21.959804,,Loan Management System
COL00000693,LN00001552,Property,12050292.43,2015-11-21,2026-07-25 01:44:21.959804,,Loan Management System
COL00000694,LN00001737,Gold,1924521.47,2022-08-19,2026-07-25 01:44:21.959804,,Loan Management System
COL00000695,LN00001501,Property,5591881.1,2022-03-27,2026-07-25 01:44:21.959804,,Loan Management System
COL00000696,LN00001566,Vehicle,2134175.16,2022-05-22,2026-07-25 01:44:21.959804,,Loan Management System
COL00000697,LN00001839,Gold,1054604.82,2021-12-17,2026-07-25 01:44:21.959804,,Loan Management System
COL00000698,LN00001982,Property,20148202.86,2016-01-11,2026-07-25 01:44:21.959804,,Loan Management System
COL00000699,LN00000826,Property,2656678.56,2012-07-29,2026-07-25 01:44:21.959804,,Loan Management System
COL00000700,LN00001047,Vehicle,1906055.97,2014-10-14,2026-07-25 01:44:21.959804,,Loan Management System
COL00000701,LN00000072,Property,7735309.71,2026-03-13,2026-07-25 01:44:21.959804,,Loan Management System
COL00000702,LN00001545,Property,6525242.21,2021-06-08,2026-07-25 01:44:21.959804,,Loan Management System
COL00000703,LN00002372,Gold,1034055.28,2025-09-29,2026-07-25 01:44:21.959804,,Loan Management System
COL00000704,LN00002156,Property,13812698.91,2024-06-28,2026-07-25 01:44:21.959804,,Loan Management System
COL00000705,LN00000198,Property,6794171.7,2011-07-27,2026-07-25 01:44:21.959804,,Loan Management System
COL00000706,LN00001463,Property,2894377.4,2013-03-11,2026-07-25 01:44:21.959804,,Loan Management System
COL00000707,LN00001169,Property,5388497.52,2021-08-23,2026-07-25 01:44:21.959804,,Loan Management System
COL00000708,LN00001221,Property,10759823.38,2024-11-23,2026-07-25 01:44:21.959804,,Loan Management System
COL00000709,LN00001773,Property,5166253.06,2011-11-10,2026-07-25 01:44:21.959804,,Loan Management System
COL00000710,LN00001512,Property,5976606.04,2026-05-07,2026-07-25 01:44:21.959804,,Loan Management System
COL00000711,LN00001386,Property,10345349.26,2019-04-03,2026-07-25 01:44:21.959804,,Loan Management System
COL00000712,LN00000308,Property,8080790.46,2019-08-08,2026-07-25 01:44:21.959804,,Loan Management System
COL00000713,LN00000400,Vehicle,701830.87,2021-06-30,2026-07-25 01:44:21.959804,,Loan Management System
COL00000714,LN00001547,Vehicle,2502478.43,2015-06-18,2026-07-25 01:44:21.959804,,Loan Management System
COL00000715,LN00001486,Gold,1272090.93,2023-01-11,2026-07-25 01:44:21.959804,,Loan Management System
COL00000716,LN00001977,Property,1681881.02,2011-12-31,2026-07-25 01:44:21.959804,,Loan Management System
COL00000717,LN00001156,Property,6792338.84,2012-06-20,2026-07-25 01:44:21.959804,,Loan Management System
COL00000718,LN00001246,Property,7089030.8,2016-06-01,2026-07-25 01:44:21.959804,,Loan Management System
COL00000719,LN00002119,Property,11108625.78,2018-12-20,2026-07-25 01:44:21.959804,,Loan Management System
COL00000720,LN00002003,Property,3124165.21,2013-01-25,2026-07-25 01:44:21.959804,,Loan Management System
COL00000721,LN00000221,Vehicle,2340936.96,2024-10-03,2026-07-25 01:44:21.959804,,Loan Management System
COL00000722,LN00002213,Property,12237367.87,2024-12-13,2026-07-25 01:44:21.959804,,Loan Management System
COL00000723,LN00002227,Property,3362906.31,2019-03-13,2026-07-25 01:44:21.960806,,Loan Management System
COL00000724,LN00002147,Property,11378318.22,2013-12-30,2026-07-25 01:44:21.960806,,Loan Management System
COL00000725,LN00000789,Vehicle,2344610.96,2024-05-01,2026-07-25 01:44:21.960806,,Loan Management System
COL00000726,LN00000553,Property,3913557.29,2018-05-29,2026-07-25 01:44:21.960806,,Loan Management System
COL00000727,LN00000388,Vehicle,2799424.6,2014-10-10,2026-07-25 01:44:21.960806,,Loan Management System
COL00000728,LN00000215,Vehicle,2707415.29,2014-12-10,2026-07-25 01:44:21.960806,,Loan Management System
COL00000729,LN00000470,Property,2668652.83,2021-12-11,2026-07-25 01:44:21.960806,,Loan Management System
COL00000730,LN00001800,Property,9770049.25,2013-12-27,2026-07-25 01:44:21.960806,,Loan Management System
COL00000731,LN00002315,Property,27025098.13,2024-07-13,2026-07-25 01:44:21.960806,,Loan Management System
COL00000732,LN00000302,Vehicle,3760289.28,2023-10-31,2026-07-25 01:44:21.960806,,Loan Management System
COL00000733,LN00000131,Property,2666306.28,2012-08-31,2026-07-25 01:44:21.960806,,Loan Management System
COL00000734,LN00001252,Property,1223992.06,2023-06-11,2026-07-25 01:44:21.960806,,Loan Management System
COL00000735,LN00001978,Vehicle,240205.62,2021-11-09,2026-07-25 01:44:21.960806,,Loan Management System
COL00000736,LN00000669,Property,868829.2,2016-07-11,2026-07-25 01:44:21.960806,,Loan Management System
COL00000737,LN00000418,Vehicle,1597131.02,2013-07-16,2026-07-25 01:44:21.960806,,Loan Management System
COL00000738,LN00002429,Vehicle,2139687.94,2012-11-23,2026-07-25 01:44:21.960806,,Loan Management System
COL00000739,LN00001255,Property,1464165.81,2019-12-29,2026-07-25 01:44:21.960806,,Loan Management System
COL00000740,LN00002349,Property,8528876.65,2014-05-07,2026-07-25 01:44:21.960806,,Loan Management System
COL00000741,LN00000879,Property,5572121.92,2011-12-09,2026-07-25 01:44:21.960806,,Loan Management System
COL00000742,LN00000914,Property,1747801.25,2022-08-07,2026-07-25 01:44:21.960806,,Loan Management System
COL00000743,LN00000379,Gold,2439723.63,2018-09-24,2026-07-25 01:44:21.960806,,Loan Management System
COL00000744,LN00000999,Gold,604399.01,2023-12-27,2026-07-25 01:44:21.960806,,Loan Management System
COL00000745,LN00000164,Property,5137830.25,2026-02-27,2026-07-25 01:44:21.960806,,Loan Management System
COL00000746,LN00001835,Property,3078125.07,2013-05-10,2026-07-25 01:44:21.960806,,Loan Management System
COL00000747,LN00001428,Property,5337726.23,2016-12-16,2026-07-25 01:44:21.960806,,Loan Management System
COL00000748,LN00001039,Vehicle,3136430.36,2017-04-16,2026-07-25 01:44:21.960806,,Loan Management System
COL00000749,LN00000540,Property,12183942.12,2025-01-28,2026-07-25 01:44:21.960806,,Loan Management System
COL00000750,LN00000486,Property,14330474.58,2020-12-20,2026-07-25 01:44:21.960806,,Loan Management System
COL00000751,LN00000078,Property,14949726.86,2012-04-27,2026-07-25 01:44:21.960806,,Loan Management System
COL00000752,LN00000303,Property,1738344.48,2021-03-26,2026-07-25 01:44:21.960806,,Loan Management System
COL00000753,LN00001681,Property,6610406.46,2020-08-31,2026-07-25 01:44:21.960806,,Loan Management System
COL00000754,LN00001869,Property,18560710.91,2022-04-12,2026-07-25 01:44:21.960806,,Loan Management System
COL00000755,LN00000101,Property,13095935.26,2023-03-03,2026-07-25 01:44:21.960806,,Loan Management System
COL00000756,LN00000730,Vehicle,2405517.28,2024-08-08,2026-07-25 01:44:21.960806,,Loan Management System
COL00000757,LN00001765,Property,5645396.72,2025-07-03,2026-07-25 01:44:21.960806,,Loan Management System
COL00000758,LN00002136,Property,1187375.49,2013-07-01,2026-07-25 01:44:21.960806,,Loan Management System
COL00000759,LN00000988,Vehicle,4386135.55,2019-11-13,2026-07-25 01:44:21.960806,,Loan Management System
COL00000760,LN00001157,Property,14394641.16,2014-02-05,2026-07-25 01:44:21.960806,,Loan Management System
COL00000761,LN00001100,Gold,31598.31,2015-03-19,2026-07-25 01:44:21.960806,,Loan Management System
COL00000762,LN00000128,Property,4777542.27,2016-12-04,2026-07-25 01:44:21.960806,,Loan Management System
COL00000763,LN00000973,Property,7361322.79,2024-11-12,2026-07-25 01:44:21.960806,,Loan Management System
COL00000764,LN00001398,Vehicle,2760828.69,2024-09-12,2026-07-25 01:44:21.960806,,Loan Management System
COL00000765,LN00001518,Vehicle,2800285.53,2012-01-15,2026-07-25 01:44:21.961803,,Loan Management System
COL00000766,LN00001798,Property,5045846.22,2016-04-05,2026-07-25 01:44:21.961803,,Loan Management System
COL00000767,LN00002043,Vehicle,2544204.93,2013-05-14,2026-07-25 01:44:21.961803,,Loan Management System
COL00000768,LN00001404,Vehicle,848341.94,2020-03-09,2026-07-25 01:44:21.961803,,Loan Management System
COL00000769,LN00001633,Vehicle,3946352.15,2023-12-13,2026-07-25 01:44:21.961803,,Loan Management System
COL00000770,LN00001768,Vehicle,3204747.24,2022-10-23,2026-07-25 01:44:21.961803,,Loan Management System
COL00000771,LN00001499,Gold,1851166.5,2012-09-13,2026-07-25 01:44:21.961803,,Loan Management System
COL00000772,LN00001070,Vehicle,1464748.76,2016-09-10,2026-07-25 01:44:21.961803,,Loan Management System
COL00000773,LN00000439,Property,14199514.65,2018-03-29,2026-07-25 01:44:21.961803,,Loan Management System
COL00000774,LN00002073,Vehicle,2501151.67,2013-09-29,2026-07-25 01:44:21.961803,,Loan Management System
COL00000775,LN00001598,Property,5766017.28,2021-11-12,2026-07-25 01:44:21.961803,,Loan Management System
COL00000776,LN00002261,Vehicle,969919.4,2017-02-22,2026-07-25 01:44:21.961803,,Loan Management System
COL00000777,LN00002318,Property,10196589.55,2015-05-02,2026-07-25 01:44:21.961803,,Loan Management System
COL00000778,LN00001871,Vehicle,556812.64,2020-11-17,2026-07-25 01:44:21.961803,,Loan Management System
COL00000779,LN00001933,Vehicle,4100280.27,2013-08-09,2026-07-25 01:44:21.961803,,Loan Management System
COL00000780,LN00001955,Vehicle,2886932.6,2025-12-17,2026-07-25 01:44:21.961803,,Loan Management System
COL00000781,LN00002002,Property,10793487.37,2012-01-30,2026-07-25 01:44:21.961803,,Loan Management System
COL00000782,LN00000795,Vehicle,1965048.69,2024-09-18,2026-07-25 01:44:21.961803,,Loan Management System
COL00000783,LN00001250,Vehicle,2980503.28,2023-03-21,2026-07-25 01:44:21.961803,,Loan Management System
COL00000784,LN00001817,Gold,3052830.97,2017-01-08,2026-07-25 01:44:21.961803,,Loan Management System
COL00000785,LN00000167,Property,2836358.67,2022-03-20,2026-07-25 01:44:21.961803,,Loan Management System
COL00000786,LN00000954,Vehicle,3321103.06,2023-09-10,2026-07-25 01:44:21.961803,,Loan Management System
COL00000787,LN00001652,Property,663786.27,2015-11-21,2026-07-25 01:44:21.961803,,Loan Management System
COL00000788,LN00001092,Property,13794536.65,2016-11-18,2026-07-25 01:44:21.961803,,Loan Management System
COL00000789,LN00002092,Property,12950239.65,2012-11-10,2026-07-25 01:44:21.961803,,Loan Management System
COL00000790,LN00001961,Property,3243396.21,2013-06-15,2026-07-25 01:44:21.961803,,Loan Management System
COL00000791,LN00000090,Property,6775756.83,2019-03-31,2026-07-25 01:44:21.961803,,Loan Management System
COL00000792,LN00002388,Vehicle,1811439.06,2014-11-30,2026-07-25 01:44:21.961803,,Loan Management System
COL00000793,LN00001455,Property,14662444.39,2020-02-07,2026-07-25 01:44:21.961803,,Loan Management System
COL00000794,LN00001975,Property,5367876.71,2022-06-01,2026-07-25 01:44:21.961803,,Loan Management System
COL00000795,LN00002105,Property,17561365.01,2011-11-26,2026-07-25 01:44:21.961803,,Loan Management System
COL00000796,LN00001026,Property,17700636.48,2022-11-11,2026-07-25 01:44:21.961803,,Loan Management System
COL00000797,LN00001663,Property,5496453.07,2012-10-25,2026-07-25 01:44:21.961803,,Loan Management System
COL00000798,LN00000177,Property,9424872.25,2019-07-02,2026-07-25 01:44:21.961803,,Loan Management System
COL00000799,LN00002344,Vehicle,2988421.61,2025-08-18,2026-07-25 01:44:21.961803,,Loan Management System
COL00000800,LN00001535,Vehicle,2090964.52,2014-06-08,2026-07-25 01:44:21.961803,,Loan Management System
COL00000801,LN00001190,Vehicle,3119206.84,2015-01-10,2026-07-25 01:44:21.961803,,Loan Management System
COL00000802,LN00001479,Property,8512525.88,2023-04-15,2026-07-25 01:44:21.961803,,Loan Management System
COL00000803,LN00000707,Property,3285539.73,2012-12-29,2026-07-25 01:44:21.961803,,Loan Management System
COL00000804,LN00001343,Property,6942104.24,2024-06-23,2026-07-25 01:44:21.961803,,Loan Management System
COL00000805,LN00001534,Property,2346077.83,2014-07-22,2026-07-25 01:44:21.961803,,Loan Management System
COL00000806,LN00001991,Property,12417484.9,2011-08-19,2026-07-25 01:44:21.961803,,Loan Management System
COL00000807,LN00002123,Property,645395.14,2012-11-13,2026-07-25 01:44:21.962803,,Loan Management System
COL00000808,LN00000523,Property,1957449.46,2011-09-07,2026-07-25 01:44:21.962803,,Loan Management System
COL00000809,LN00000588,Property,3748192.01,2025-06-05,2026-07-25 01:44:21.962803,,Loan Management System
COL00000810,LN00001795,Property,9749498.77,2024-11-24,2026-07-25 01:44:21.962803,,Loan Management System
COL00000811,LN00000207,Property,4556721.95,2013-04-24,2026-07-25 01:44:21.962803,,Loan Management System
COL00000812,LN00002418,Property,23097517.13,2025-06-06,2026-07-25 01:44:21.962803,,Loan Management System
COL00000813,LN00002466,Property,8042625.34,2013-06-11,2026-07-25 01:44:21.962803,,Loan Management System
COL00000814,LN00001239,Property,8777116.78,2014-04-30,2026-07-25 01:44:21.962803,,Loan Management System
COL00000815,LN00001811,Property,3549704.05,2011-10-17,2026-07-25 01:44:21.962803,,Loan Management System
COL00000816,LN00001048,Property,6387015.51,2012-12-10,2026-07-25 01:44:21.962803,,Loan Management System
COL00000817,LN00000545,Vehicle,1327753.82,2023-02-14,2026-07-25 01:44:21.962803,,Loan Management System
COL00000818,LN00002444,Gold,2570637.28,2025-08-19,2026-07-25 01:44:21.962803,,Loan Management System
COL00000819,LN00001356,Gold,3189468.79,2021-11-09,2026-07-25 01:44:21.962803,,Loan Management System
COL00000820,LN00002323,Vehicle,1321554.26,2025-11-10,2026-07-25 01:44:21.962803,,Loan Management System
COL00000821,LN00002187,Vehicle,1275908.65,2016-03-01,2026-07-25 01:44:21.962803,,Loan Management System
COL00000822,LN00001344,Property,12106860.69,2012-05-14,2026-07-25 01:44:21.962803,,Loan Management System
COL00000823,LN00001307,Vehicle,450365.81,2018-07-16,2026-07-25 01:44:21.962803,,Loan Management System
COL00000824,LN00001858,Property,9936540.85,2023-09-05,2026-07-25 01:44:21.962803,,Loan Management System
COL00000825,LN00001178,Vehicle,1333854.71,2016-07-31,2026-07-25 01:44:21.962803,,Loan Management System
COL00000826,LN00000277,Property,20008822.52,2011-11-06,2026-07-25 01:44:21.962803,,Loan Management System
COL00000827,LN00000151,Vehicle,1966216.56,2024-04-02,2026-07-25 01:44:21.962803,,Loan Management System
COL00000828,LN00001745,Gold,733916.99,2023-04-09,2026-07-25 01:44:21.962803,,Loan Management System
COL00000829,LN00000111,Gold,531103.74,2019-05-29,2026-07-25 01:44:21.962803,,Loan Management System
COL00000830,LN00000284,Property,4417917.79,2012-10-07,2026-07-25 01:44:21.962803,,Loan Management System
COL00000831,LN00000766,Property,19970557.38,2025-02-19,2026-07-25 01:44:21.962803,,Loan Management System
COL00000832,LN00001706,Vehicle,841145.76,2022-05-04,2026-07-25 01:44:21.962803,,Loan Management System
COL00000833,LN00001394,Vehicle,1221088.63,2013-11-14,2026-07-25 01:44:21.962803,,Loan Management System
COL00000834,LN00000585,Property,4800273.32,2019-07-15,2026-07-25 01:44:21.962803,,Loan Management System
COL00000835,LN00000222,Vehicle,331187.85,2020-07-03,2026-07-25 01:44:21.962803,,Loan Management System
COL00000836,LN00002499,Property,9780169.55,2018-08-02,2026-07-25 01:44:21.962803,,Loan Management System
COL00000837,LN00000701,Vehicle,838353.12,2019-07-28,2026-07-25 01:44:21.962803,,Loan Management System
COL00000838,LN00001999,Property,1399206.14,2013-12-19,2026-07-25 01:44:21.962803,,Loan Management System
COL00000839,LN00001098,Property,25180480.3,2014-08-24,2026-07-25 01:44:21.962803,,Loan Management System
COL00000840,LN00001168,Vehicle,1455541.46,2021-10-23,2026-07-25 01:44:21.962803,,Loan Management System
COL00000841,LN00000464,Property,726343.23,2014-03-07,2026-07-25 01:44:21.962803,,Loan Management System
COL00000842,LN00001997,Property,7620549.35,2018-04-27,2026-07-25 01:44:21.962803,,Loan Management System
COL00000843,LN00000026,Vehicle,991666.44,2014-11-13,2026-07-25 01:44:21.962803,,Loan Management System
COL00000844,LN00001285,Property,5638826.42,2019-07-16,2026-07-25 01:44:21.962803,,Loan Management System
COL00000845,LN00001176,Property,1935090.78,2019-03-10,2026-07-25 01:44:21.962803,,Loan Management System
COL00000846,LN00001726,Property,5324377.06,2017-10-30,2026-07-25 01:44:21.962803,,Loan Management System
COL00000847,LN00001891,Property,4979647.77,2023-10-20,2026-07-25 01:44:21.962803,,Loan Management System
COL00000848,LN00001306,Property,2148751.66,2017-02-18,2026-07-25 01:44:21.962803,,Loan Management System
COL00000849,LN00001759,Vehicle,561098.87,2012-08-03,2026-07-25 01:44:21.963804,,Loan Management System
COL00000850,LN00000031,Property,6699356.98,2018-08-20,2026-07-25 01:44:21.963804,,Loan Management System
COL00000851,LN00000316,Property,10619932.65,2017-07-08,2026-07-25 01:44:21.963804,,Loan Management System
COL00000852,LN00002130,Property,12734004.81,2017-03-02,2026-07-25 01:44:21.963804,,Loan Management System
COL00000853,LN00001516,Property,2488491.71,2023-04-24,2026-07-25 01:44:21.963804,,Loan Management System
COL00000854,LN00000794,Property,10834002.06,2024-07-03,2026-07-25 01:44:21.963804,,Loan Management System
COL00000855,LN00002408,Gold,2058491.82,2024-06-29,2026-07-25 01:44:21.963804,,Loan Management System
COL00000856,LN00001207,Vehicle,2509272.57,2019-06-22,2026-07-25 01:44:21.963804,,Loan Management System
COL00000857,LN00001631,Vehicle,552949.03,2021-05-25,2026-07-25 01:44:21.963804,,Loan Management System
COL00000858,LN00000445,Property,26956705.42,2016-12-03,2026-07-25 01:44:21.963804,,Loan Management System
COL00000859,LN00000175,Gold,989138.94,2018-01-13,2026-07-25 01:44:21.963804,,Loan Management System
COL00000860,LN00002144,Property,3246007.39,2025-06-24,2026-07-25 01:44:21.963804,,Loan Management System
COL00000861,LN00000945,Property,7086308.86,2016-10-07,2026-07-25 01:44:21.963804,,Loan Management System
COL00000862,LN00001914,Property,2598818.53,2012-09-12,2026-07-25 01:44:21.963804,,Loan Management System
COL00000863,LN00000029,Property,7551169.69,2023-06-21,2026-07-25 01:44:21.963804,,Loan Management System
COL00000864,LN00000048,Vehicle,2487876.82,2024-07-01,2026-07-25 01:44:21.963804,,Loan Management System
COL00000865,LN00001809,Property,21836389.46,2011-12-11,2026-07-25 01:44:21.963804,,Loan Management System
COL00000866,LN00000949,Property,6266782.97,2016-11-10,2026-07-25 01:44:21.963804,,Loan Management System
COL00000867,LN00000462,Vehicle,3068356.75,2017-10-29,2026-07-25 01:44:21.963804,,Loan Management System
COL00000868,LN00000063,Property,11026023.81,2020-08-29,2026-07-25 01:44:21.963804,,Loan Management System
COL00000869,LN00001423,Property,4061136.57,2020-12-02,2026-07-25 01:44:21.963804,,Loan Management System
COL00000870,LN00002282,Gold,661634.83,2023-06-02,2026-07-25 01:44:21.963804,,Loan Management System
COL00000871,LN00001630,Gold,1934955.94,2012-01-20,2026-07-25 01:44:21.963804,,Loan Management System
COL00000872,LN00002275,Vehicle,2043504.38,2012-12-11,2026-07-25 01:44:21.963804,,Loan Management System
COL00000873,LN00001821,Vehicle,3727733.66,2012-06-12,2026-07-25 01:44:21.963804,,Loan Management System
COL00000874,LN00000265,Vehicle,800795.99,2018-04-08,2026-07-25 01:44:21.963804,,Loan Management System
COL00000875,LN00000260,Vehicle,652802.15,2023-12-05,2026-07-25 01:44:21.963804,,Loan Management System
COL00000876,LN00000357,Gold,1133003.09,2011-10-20,2026-07-25 01:44:21.963804,,Loan Management System
COL00000877,LN00001081,Vehicle,3497438.25,2017-02-23,2026-07-25 01:44:21.963804,,Loan Management System
COL00000878,LN00002107,Property,5643754.52,2014-06-25,2026-07-25 01:44:21.963804,,Loan Management System
COL00000879,LN00000325,Gold,1908371.15,2022-07-19,2026-07-25 01:44:21.963804,,Loan Management System
COL00000880,LN00001766,Property,5973380.42,2019-03-29,2026-07-25 01:44:21.963804,,Loan Management System
COL00000881,LN00000888,Property,2776427.46,2015-11-29,2026-07-25 01:44:21.963804,,Loan Management System
COL00000882,LN00000764,Gold,3262596.08,2019-04-07,2026-07-25 01:44:21.963804,,Loan Management System
COL00000883,LN00000288,Gold,1183391.01,2015-05-23,2026-07-25 01:44:21.963804,,Loan Management System
COL00000884,LN00000311,Property,3966419.84,2014-09-22,2026-07-25 01:44:21.963804,,Loan Management System
COL00000885,LN00001694,Gold,1925771.06,2013-05-14,2026-07-25 01:44:21.963804,,Loan Management System
COL00000886,LN00000738,Vehicle,2073857.31,2023-04-30,2026-07-25 01:44:21.963804,,Loan Management System
COL00000887,LN00002396,Property,2086857.66,2019-09-03,2026-07-25 01:44:21.963804,,Loan Management System
COL00000888,LN00002158,Gold,341448.68,2022-08-19,2026-07-25 01:44:21.963804,,Loan Management System
COL00000889,LN00000872,Property,3618486.12,2022-02-20,2026-07-25 01:44:21.963804,,Loan Management System
COL00000890,LN00001645,Property,4116538.51,2026-06-20,2026-07-25 01:44:21.964804,,Loan Management System
COL00000891,LN00000377,Property,1584260.21,2019-04-04,2026-07-25 01:44:21.964804,,Loan Management System
COL00000892,LN00002247,Gold,3606960.01,2017-11-11,2026-07-25 01:44:21.964804,,Loan Management System
COL00000893,LN00000077,Vehicle,1187834.05,2012-09-02,2026-07-25 01:44:21.964804,,Loan Management System
COL00000894,LN00002400,Property,8979200.66,2013-03-24,2026-07-25 01:44:21.964804,,Loan Management System
COL00000895,LN00000992,Property,10786203.3,2022-04-22,2026-07-25 01:44:21.964804,,Loan Management System
COL00000896,LN00001368,Gold,3543758.67,2025-11-05,2026-07-25 01:44:21.964804,,Loan Management System
COL00000897,LN00002256,Property,18361259.48,2024-12-05,2026-07-25 01:44:21.964804,,Loan Management System
COL00000898,LN00001944,Property,6729424.28,2021-09-17,2026-07-25 01:44:21.964804,,Loan Management System
COL00000899,LN00002152,Property,2677699.78,2014-11-14,2026-07-25 01:44:21.964804,,Loan Management System
COL00000900,LN00002200,Vehicle,1622357.52,2016-06-09,2026-07-25 01:44:21.964804,,Loan Management System
COL00000901,LN00000349,Property,5711811.37,2026-03-19,2026-07-25 01:44:21.964804,,Loan Management System
COL00000902,LN00000950,Vehicle,1213992.68,2021-05-07,2026-07-25 01:44:21.964804,,Loan Management System
COL00000903,LN00000028,Property,4046075.98,2022-07-22,2026-07-25 01:44:21.964804,,Loan Management System
COL00000904,LN00001683,Property,8845045.45,2019-04-10,2026-07-25 01:44:21.964804,,Loan Management System
COL00000905,LN00000841,Property,9334232.85,2017-07-16,2026-07-25 01:44:21.964804,,Loan Management System
COL00000906,LN00000904,Property,1114325.76,2019-07-12,2026-07-25 01:44:21.964804,,Loan Management System
COL00000907,LN00001437,Property,4181833.66,2024-09-04,2026-07-25 01:44:21.964804,,Loan Management System
COL00000908,LN00000244,Property,6924967.88,2020-07-20,2026-07-25 01:44:21.964804,,Loan Management System
COL00000909,LN00000336,Property,12767457.03,2014-10-02,2026-07-25 01:44:21.964804,,Loan Management System
COL00000910,LN00002498,Property,6805901.82,2021-03-23,2026-07-25 01:44:21.964804,,Loan Management System
COL00000911,LN00002277,Property,4626948.4,2022-10-24,2026-07-25 01:44:21.964804,,Loan Management System
COL00000912,LN00001494,Property,1138908.87,2019-10-30,2026-07-25 01:44:21.964804,,Loan Management System
COL00000913,LN00002047,Property,1569450.8,2021-07-29,2026-07-25 01:44:21.964804,,Loan Management System
COL00000914,LN00000788,Vehicle,2447275.64,2015-12-11,2026-07-25 01:44:21.964804,,Loan Management System
COL00000915,LN00002065,Property,9593049.43,2016-06-21,2026-07-25 01:44:21.964804,,Loan Management System
COL00000916,LN00000907,Vehicle,1877726.55,2020-08-29,2026-07-25 01:44:21.964804,,Loan Management System
COL00000917,LN00001445,Vehicle,542870.34,2017-12-31,2026-07-25 01:44:21.964804,,Loan Management System
COL00000918,LN00002114,Property,19090583.14,2013-01-13,2026-07-25 01:44:21.964804,,Loan Management System
COL00000919,LN00001849,Property,16795412.08,2012-01-09,2026-07-25 01:44:21.964804,,Loan Management System
COL00000920,LN00001023,Property,9708416.29,2019-05-25,2026-07-25 01:44:21.964804,,Loan Management System
COL00000921,LN00001780,Property,2654736.89,2021-02-15,2026-07-25 01:44:21.964804,,Loan Management System
COL00000922,LN00000384,Property,7245956.82,2022-10-12,2026-07-25 01:44:21.964804,,Loan Management System
COL00000923,LN00001233,Vehicle,1094598.22,2014-01-29,2026-07-25 01:44:21.964804,,Loan Management System
COL00000924,LN00000428,Property,9030032.35,2021-06-17,2026-07-25 01:44:21.964804,,Loan Management System
COL00000925,LN00001965,Vehicle,656175.64,2015-05-25,2026-07-25 01:44:21.964804,,Loan Management System
COL00000926,LN00001278,Property,2284787.47,2025-06-25,2026-07-25 01:44:21.964804,,Loan Management System
COL00000927,LN00000769,Property,962171.53,2020-07-16,2026-07-25 01:44:21.964804,,Loan Management System
COL00000928,LN00001058,Vehicle,1453637.8,2022-07-19,2026-07-25 01:44:21.964804,,Loan Management System
COL00000929,LN00001510,Property,16212632.25,2022-04-07,2026-07-25 01:44:21.964804,,Loan Management System
COL00000930,LN00000060,Vehicle,969181.4,2012-03-24,2026-07-25 01:44:21.964804,,Loan Management System
COL00000931,LN00000129,Vehicle,2078434.98,2018-05-18,2026-07-25 01:44:21.965809,,Loan Management System
COL00000932,LN00000878,Vehicle,1614656.96,2022-11-02,2026-07-25 01:44:21.965809,,Loan Management System
COL00000933,LN00002017,Vehicle,1783899.83,2021-03-17,2026-07-25 01:44:21.965809,,Loan Management System
COL00000934,LN00000455,Property,2196618.7,2015-02-14,2026-07-25 01:44:21.965809,,Loan Management System
COL00000935,LN00000014,Gold,1873755.96,2013-01-07,2026-07-25 01:44:21.965809,,Loan Management System
COL00000936,LN00001949,Property,9849428.72,2020-02-24,2026-07-25 01:44:21.965809,,Loan Management System
COL00000937,LN00002432,Vehicle,4160056.9,2012-01-05,2026-07-25 01:44:21.965809,,Loan Management System
COL00000938,LN00000559,Property,5290768.12,2014-04-27,2026-07-25 01:44:21.965809,,Loan Management System
COL00000939,LN00000474,Property,15313689.29,2011-08-26,2026-07-25 01:44:21.965809,,Loan Management System
COL00000940,LN00000539,Gold,1600703.66,2017-09-18,2026-07-25 01:44:21.965809,,Loan Management System
COL00000941,LN00000495,Vehicle,1444767.49,2023-03-29,2026-07-25 01:44:21.965809,,Loan Management System
COL00000942,LN00000510,Property,891821.94,2011-08-12,2026-07-25 01:44:21.965809,,Loan Management System
COL00000943,LN00000802,Vehicle,2840461.15,2012-11-16,2026-07-25 01:44:21.965809,,Loan Management System
COL00000944,LN00001347,Property,20080346.69,2020-11-12,2026-07-25 01:44:21.965809,,Loan Management System
COL00000945,LN00001121,Vehicle,1238024.66,2013-08-24,2026-07-25 01:44:21.965809,,Loan Management System
COL00000946,LN00000043,Vehicle,2368461.98,2018-10-01,2026-07-25 01:44:21.965809,,Loan Management System
COL00000947,LN00000203,Property,25718291.72,2020-01-25,2026-07-25 01:44:21.965809,,Loan Management System
COL00000948,LN00001257,Vehicle,522329.97,2019-12-12,2026-07-25 01:44:21.965809,,Loan Management System
COL00000949,LN00000958,Property,14549268.57,2023-04-18,2026-07-25 01:44:21.965809,,Loan Management System
COL00000950,LN00001187,Property,8999040.85,2024-02-24,2026-07-25 01:44:21.965809,,Loan Management System
COL00000951,LN00000480,Property,8952735.35,2013-04-21,2026-07-25 01:44:21.965809,,Loan Management System
COL00000952,LN00002091,Property,5853616.42,2019-05-13,2026-07-25 01:44:21.965809,,Loan Management System
COL00000953,LN00002230,Vehicle,2785465.79,2025-09-30,2026-07-25 01:44:21.965809,,Loan Management System
COL00000954,LN00001114,Vehicle,2582075.42,2015-06-05,2026-07-25 01:44:21.965809,,Loan Management System
COL00000955,LN00001415,Property,8940523.46,2019-11-02,2026-07-25 01:44:21.965809,,Loan Management System
COL00000956,LN00001576,Gold,288421.46,2019-09-27,2026-07-25 01:44:21.965809,,Loan Management System
COL00000957,LN00000740,Vehicle,3203702.75,2019-11-30,2026-07-25 01:44:21.965809,,Loan Management System
COL00000958,LN00002098,Property,7694245.06,2018-05-10,2026-07-25 01:44:21.965809,,Loan Management System
COL00000959,LN00000770,Vehicle,1286158.05,2020-12-31,2026-07-25 01:44:21.965809,,Loan Management System
COL00000960,LN00000732,Property,19022509.14,2019-03-24,2026-07-25 01:44:21.965809,,Loan Management System
COL00000961,LN00001720,Vehicle,1557953.2,2013-03-13,2026-07-25 01:44:21.965809,,Loan Management System
COL00000962,LN00001878,Property,1747610.34,2019-04-12,2026-07-25 01:44:21.965809,,Loan Management System
COL00000963,LN00001407,Property,11573077.83,2011-07-14,2026-07-25 01:44:21.965809,,Loan Management System
COL00000964,LN00000322,Property,1505578.43,2012-06-04,2026-07-25 01:44:21.965809,,Loan Management System
COL00000965,LN00001216,Property,14070077.72,2019-04-13,2026-07-25 01:44:21.965809,,Loan Management System
COL00000966,LN00001865,Gold,869613.06,2012-08-25,2026-07-25 01:44:21.965809,,Loan Management System
COL00000967,LN00001093,Vehicle,3649621.22,2013-07-25,2026-07-25 01:44:21.965809,,Loan Management System
COL00000968,LN00000124,Vehicle,1623201.32,2015-05-19,2026-07-25 01:44:21.965809,,Loan Management System
COL00000969,LN00001708,Property,15803932.57,2019-06-02,2026-07-25 01:44:21.965809,,Loan Management System
COL00000970,LN00002351,Property,22927037.89,2018-12-19,2026-07-25 01:44:21.965809,,Loan Management System
COL00000971,LN00000582,Vehicle,592636.44,2026-05-23,2026-07-25 01:44:21.966790,,Loan Management System
COL00000972,LN00002096,Property,3222186.25,2018-11-11,2026-07-25 01:44:21.966790,,Loan Management System
COL00000973,LN00000273,Vehicle,2838674.86,2015-09-22,2026-07-25 01:44:21.966790,,Loan Management System
COL00000974,LN00000018,Property,7244169.4,2011-12-26,2026-07-25 01:44:21.966790,,Loan Management System
COL00000975,LN00001600,Property,2197279.55,2019-12-14,2026-07-25 01:44:21.966790,,Loan Management System
COL00000976,LN00001084,Property,1991477.35,2019-03-26,2026-07-25 01:44:21.966790,,Loan Management System
COL00000977,LN00001400,Gold,2334788.1,2026-01-17,2026-07-25 01:44:21.966790,,Loan Management System
COL00000978,LN00000323,Property,28061575.61,2022-12-10,2026-07-25 01:44:21.966790,,Loan Management System
COL00000979,LN00001094,Property,19401373.63,2024-02-28,2026-07-25 01:44:21.966790,,Loan Management System
COL00000980,LN00001025,Property,22720695.71,2021-11-25,2026-07-25 01:44:21.966790,,Loan Management System
COL00000981,LN00001856,Property,10919235.88,2013-05-19,2026-07-25 01:44:21.966790,,Loan Management System
COL00000982,LN00001326,Vehicle,1972864.75,2020-04-20,2026-07-25 01:44:21.966790,,Loan Management System
COL00000983,LN00000328,Property,2021646.92,2018-05-15,2026-07-25 01:44:21.966790,,Loan Management System
COL00000984,LN00000036,Property,4032374.39,2025-04-01,2026-07-25 01:44:21.966790,,Loan Management System
COL00000985,LN00001752,Property,19317395.37,2017-08-29,2026-07-25 01:44:21.966790,,Loan Management System
COL00000986,LN00002234,Property,7558297.3,2020-02-08,2026-07-25 01:44:21.966790,,Loan Management System
COL00000987,LN00002084,Gold,2316477.08,2012-09-30,2026-07-25 01:44:21.966790,,Loan Management System
COL00000988,LN00000928,Vehicle,619405.04,2013-06-23,2026-07-25 01:44:21.966790,,Loan Management System
COL00000989,LN00001035,Property,13316350.07,2015-03-03,2026-07-25 01:44:21.966790,,Loan Management System
COL00000990,LN00001831,Vehicle,314929.79,2024-10-17,2026-07-25 01:44:21.966790,,Loan Management System
COL00000991,LN00002452,Property,4910382.18,2019-02-13,2026-07-25 01:44:21.966790,,Loan Management System
COL00000992,LN00000963,Gold,815526.77,2023-05-12,2026-07-25 01:44:21.966790,,Loan Management System
COL00000993,LN00001873,Vehicle,2530861.21,2017-01-12,2026-07-25 01:44:21.966790,,Loan Management System
COL00000994,LN00000339,Property,10723371.24,2013-11-28,2026-07-25 01:44:21.966790,,Loan Management System
COL00000995,LN00002369,Vehicle,827805.0,2025-04-11,2026-07-25 01:44:21.966790,,Loan Management System
COL00000996,LN00001531,Property,1775091.57,2021-03-05,2026-07-25 01:44:21.966790,,Loan Management System
COL00000997,LN00000513,Vehicle,4090483.08,2013-10-07,2026-07-25 01:44:21.966790,,Loan Management System
COL00000998,LN00001354,Vehicle,1418207.27,2011-12-21,2026-07-25 01:44:21.966790,,Loan Management System
COL00000999,LN00000618,Vehicle,3832863.13,2014-07-13,2026-07-25 01:44:21.966790,,Loan Management System
COL00001000,LN00002460,Property,7332093.67,2014-01-31,2026-07-25 01:44:21.966790,,Loan Management System
COL00001001,LN00001584,Property,12267638.75,2023-05-24,2026-07-25 01:44:21.966790,,Loan Management System
COL00001002,LN00001826,Property,2788459.33,2013-06-29,2026-07-25 01:44:21.966790,,Loan Management System
COL00001003,LN00001406,Vehicle,2285343.89,2025-07-01,2026-07-25 01:44:21.966790,,Loan Management System
COL00001004,LN00000405,Property,11146928.43,2014-03-26,2026-07-25 01:44:21.966790,,Loan Management System
COL00001005,LN00002182,Property,4848570.92,2019-07-02,2026-07-25 01:44:21.966790,,Loan Management System
COL00001006,LN00001719,Property,14676804.16,2013-07-07,2026-07-25 01:44:21.966790,,Loan Management System
COL00001007,LN00000160,Property,11796326.22,2019-12-06,2026-07-25 01:44:21.966790,,Loan Management System
COL00001008,LN00001458,Property,4948885.76,2026-04-13,2026-07-25 01:44:21.966790,,Loan Management System
COL00001009,LN00002246,Vehicle,4278268.48,2017-09-27,2026-07-25 01:44:21.966790,,Loan Management System
COL00001010,LN00001248,Vehicle,1265899.94,2013-08-18,2026-07-25 01:44:21.966790,,Loan Management System
COL00001011,LN00001572,Vehicle,2252524.5,2016-09-09,2026-07-25 01:44:21.966790,,Loan Management System
COL00001012,LN00001171,Property,7597802.54,2022-01-14,2026-07-25 01:44:21.966790,,Loan Management System
COL00001013,LN00000572,Gold,253242.56,2026-04-01,2026-07-25 01:44:21.966790,,Loan Management System
COL00001014,LN00001080,Property,23189202.66,2020-11-29,2026-07-25 01:44:21.967798,,Loan Management System
COL00001015,LN00002170,Vehicle,2833719.23,2023-01-24,2026-07-25 01:44:21.967798,,Loan Management System
COL00001016,LN00000299,Property,1493782.73,2015-02-27,2026-07-25 01:44:21.967798,,Loan Management System
COL00001017,LN00000058,Property,13000311.34,2016-01-20,2026-07-25 01:44:21.967798,,Loan Management System
COL00001018,LN00001147,Property,7494021.32,2013-06-18,2026-07-25 01:44:21.967798,,Loan Management System
COL00001019,LN00001574,Property,2727908.55,2018-01-25,2026-07-25 01:44:21.967798,,Loan Management System
COL00001020,LN00002237,Property,3191814.42,2012-02-27,2026-07-25 01:44:21.967798,,Loan Management System
COL00001021,LN00002476,Property,8396106.88,2025-01-01,2026-07-25 01:44:21.967798,,Loan Management System
COL00001022,LN00002420,Property,9934221.2,2017-06-18,2026-07-25 01:44:21.967798,,Loan Management System
COL00001023,LN00001103,Property,2402837.1,2016-03-08,2026-07-25 01:44:21.967798,,Loan Management System
COL00001024,LN00001466,Vehicle,3514853.16,2011-10-14,2026-07-25 01:44:21.967798,,Loan Management System
COL00001025,LN00000204,Vehicle,3594986.31,2024-06-28,2026-07-25 01:44:21.967798,,Loan Management System
COL00001026,LN00000675,Vehicle,2402898.45,2018-01-03,2026-07-25 01:44:21.967798,,Loan Management System
COL00001027,LN00000606,Property,7833383.8,2016-04-17,2026-07-25 01:44:21.967798,,Loan Management System
COL00001028,LN00000059,Property,3225080.51,2025-03-25,2026-07-25 01:44:21.967798,,Loan Management System
COL00001029,LN00000296,Property,2409477.0,2016-04-15,2026-07-25 01:44:21.967798,,Loan Management System
COL00001030,LN00000785,Property,6681375.05,2026-03-11,2026-07-25 01:44:21.967798,,Loan Management System
COL00001031,LN00001243,Vehicle,1561552.16,2024-03-29,2026-07-25 01:44:21.967798,,Loan Management System
COL00001032,LN00001382,Vehicle,1167730.85,2025-10-03,2026-07-25 01:44:21.967798,,Loan Management System
COL00001033,LN00002435,Gold,106437.15,2025-10-07,2026-07-25 01:44:21.967798,,Loan Management System
COL00001034,LN00000472,Property,1663616.35,2022-08-22,2026-07-25 01:44:21.967798,,Loan Management System
COL00001035,LN00000533,Property,14007145.22,2020-12-02,2026-07-25 01:44:21.967798,,Loan Management System
COL00001036,LN00000801,Vehicle,2734577.74,2018-12-18,2026-07-25 01:44:21.967798,,Loan Management System
COL00001037,LN00000867,Vehicle,3164846.52,2023-10-31,2026-07-25 01:44:21.967798,,Loan Management System
COL00001038,LN00000172,Property,4851665.97,2021-09-04,2026-07-25 01:44:21.967798,,Loan Management System
COL00001039,LN00001599,Vehicle,1238999.3,2024-03-03,2026-07-25 01:44:21.967798,,Loan Management System
COL00001040,LN00002141,Vehicle,479314.15,2017-06-27,2026-07-25 01:44:21.967798,,Loan Management System
COL00001041,LN00000561,Property,13838147.22,2025-04-20,2026-07-25 01:44:21.967798,,Loan Management System
COL00001042,LN00002445,Property,7629778.99,2019-07-25,2026-07-25 01:44:21.967798,,Loan Management System
COL00001043,LN00000807,Property,4541795.88,2017-03-31,2026-07-25 01:44:21.967798,,Loan Management System
COL00001044,LN00001793,Vehicle,2264492.8,2024-09-08,2026-07-25 01:44:21.967798,,Loan Management System
COL00001045,LN00002173,Property,4749073.36,2022-04-25,2026-07-25 01:44:21.967798,,Loan Management System
COL00001046,LN00001542,Vehicle,1783862.32,2023-03-05,2026-07-25 01:44:21.967798,,Loan Management System
COL00001047,LN00001183,Vehicle,1633103.41,2021-03-13,2026-07-25 01:44:21.967798,,Loan Management System
COL00001048,LN00001167,Gold,1909126.91,2018-07-31,2026-07-25 01:44:21.967798,,Loan Management System
COL00001049,LN00002034,Property,7656805.79,2019-01-04,2026-07-25 01:44:21.967798,,Loan Management System
COL00001050,LN00001867,Property,27742867.07,2016-03-17,2026-07-25 01:44:21.967798,,Loan Management System
COL00001051,LN00002068,Property,4106460.78,2011-08-12,2026-07-25 01:44:21.967798,,Loan Management System
COL00001052,LN00000397,Vehicle,2177804.86,2016-11-01,2026-07-25 01:44:21.967798,,Loan Management System
COL00001053,LN00001149,Vehicle,3069302.04,2012-08-07,2026-07-25 01:44:21.967798,,Loan Management System
COL00001054,LN00001203,Vehicle,2652518.15,2018-06-27,2026-07-25 01:44:21.967798,,Loan Management System
COL00001055,LN00001140,Vehicle,1351760.83,2019-01-13,2026-07-25 01:44:21.967798,,Loan Management System
COL00001056,LN00002167,Property,2561762.85,2024-05-28,2026-07-25 01:44:21.968786,,Loan Management System
COL00001057,LN00001234,Vehicle,2037131.46,2016-01-22,2026-07-25 01:44:21.968786,,Loan Management System
COL00001058,LN00000073,Gold,790210.97,2017-09-11,2026-07-25 01:44:21.968786,,Loan Management System
COL00001059,LN00000568,Gold,495754.4,2024-10-21,2026-07-25 01:44:21.968786,,Loan Management System
COL00001060,LN00001751,Property,5213893.3,2026-01-20,2026-07-25 01:44:21.968786,,Loan Management System
COL00001061,LN00000832,Vehicle,2892184.45,2021-06-17,2026-07-25 01:44:21.968786,,Loan Management System
COL00001062,LN00000327,Vehicle,1487299.79,2012-07-27,2026-07-25 01:44:21.968786,,Loan Management System
COL00001063,LN00000158,Gold,2858990.53,2013-11-24,2026-07-25 01:44:21.968786,,Loan Management System
COL00001064,LN00002224,Vehicle,1801766.91,2020-01-18,2026-07-25 01:44:21.968786,,Loan Management System
COL00001065,LN00001165,Property,5639336.07,2021-01-04,2026-07-25 01:44:21.968786,,Loan Management System
COL00001066,LN00001603,Property,21649801.28,2024-09-10,2026-07-25 01:44:21.968786,,Loan Management System
COL00001067,LN00000321,Property,7088326.23,2023-11-23,2026-07-25 01:44:21.968786,,Loan Management System
COL00001068,LN00000407,Property,10973164.0,2020-03-10,2026-07-25 01:44:21.968786,,Loan Management System
COL00001069,LN00000820,Vehicle,1671350.62,2018-07-20,2026-07-25 01:44:21.968786,,Loan Management System
COL00001070,LN00000443,Property,5590500.19,2016-08-09,2026-07-25 01:44:21.968786,,Loan Management System
COL00001071,LN00001711,Gold,1927264.72,2022-07-11,2026-07-25 01:44:21.968786,,Loan Management System
COL00001072,LN00000536,Vehicle,3207172.13,2013-09-14,2026-07-25 01:44:21.968786,,Loan Management System
COL00001073,LN00000811,Property,6081608.1,2013-11-17,2026-07-25 01:44:21.968786,,Loan Management System
COL00001074,LN00001987,Property,2614522.65,2024-07-08,2026-07-25 01:44:21.968786,,Loan Management System
COL00001075,LN00001640,Vehicle,1225433.34,2014-06-25,2026-07-25 01:44:21.968786,,Loan Management System
COL00001076,LN00000704,Property,4699333.01,2023-12-31,2026-07-25 01:44:21.968786,,Loan Management System
COL00001077,LN00001938,Property,4869574.31,2024-04-13,2026-07-25 01:44:21.968786,,Loan Management System
COL00001078,LN00000024,Property,548267.34,2011-12-07,2026-07-25 01:44:21.968786,,Loan Management System
COL00001079,LN00000004,Vehicle,2393919.31,2024-03-04,2026-07-25 01:44:21.968786,,Loan Management System
COL00001080,LN00000659,Property,20696350.14,2013-08-10,2026-07-25 01:44:21.968786,,Loan Management System
COL00001081,LN00000116,Vehicle,2525622.47,2020-12-29,2026-07-25 01:44:21.968786,,Loan Management System
COL00001082,LN00002297,Property,3194052.86,2022-12-09,2026-07-25 01:44:21.968786,,Loan Management System
COL00001083,LN00001748,Gold,1357784.78,2019-01-10,2026-07-25 01:44:21.968786,,Loan Management System
COL00001084,LN00001760,Property,8663662.52,2018-04-07,2026-07-25 01:44:21.968786,,Loan Management System
COL00001085,LN00001376,Property,8686149.01,2023-09-27,2026-07-25 01:44:21.968786,,Loan Management System
COL00001086,LN00000819,Vehicle,2952152.07,2012-08-11,2026-07-25 01:44:21.968786,,Loan Management System
COL00001087,LN00000869,Property,1730879.64,2025-10-11,2026-07-25 01:44:21.968786,,Loan Management System
COL00001088,LN00000592,Gold,363613.89,2025-07-07,2026-07-25 01:44:21.968786,,Loan Management System
COL00001089,LN00001716,Vehicle,1455584.82,2012-02-27,2026-07-25 01:44:21.968786,,Loan Management System
COL00001090,LN00000679,Vehicle,1187289.74,2021-12-22,2026-07-25 01:44:21.968786,,Loan Management System
COL00001091,LN00002325,Property,9614229.27,2013-03-28,2026-07-25 01:44:21.968786,,Loan Management System
COL00001092,LN00000469,Property,4540500.56,2016-08-24,2026-07-25 01:44:21.968786,,Loan Management System
COL00001093,LN00000195,Vehicle,1354792.87,2018-11-25,2026-07-25 01:44:21.968786,,Loan Management System
COL00001094,LN00001983,Vehicle,1165325.04,2012-01-02,2026-07-25 01:44:21.968786,,Loan Management System
COL00001095,LN00001595,Vehicle,435589.5,2024-10-03,2026-07-25 01:44:21.968786,,Loan Management System
COL00001096,LN00000639,Property,6084516.44,2018-12-19,2026-07-25 01:44:21.968786,,Loan Management System
COL00001097,LN00000632,Vehicle,1772357.26,2013-06-27,2026-07-25 01:44:21.968786,,Loan Management System
COL00001098,LN00001738,Property,1055196.33,2013-03-21,2026-07-25 01:44:21.968786,,Loan Management System
COL00001099,LN00000569,Property,15535066.37,2018-07-01,2026-07-25 01:44:21.969788,,Loan Management System
COL00001100,LN00001439,Property,10344429.84,2012-04-03,2026-07-25 01:44:21.969788,,Loan Management System
COL00001101,LN00002377,Vehicle,2155459.47,2018-12-28,2026-07-25 01:44:21.969788,,Loan Management System
COL00001102,LN00000715,Property,9824188.83,2025-06-02,2026-07-25 01:44:21.969788,,Loan Management System
COL00001103,LN00000601,Gold,1444733.95,2017-02-04,2026-07-25 01:44:21.969788,,Loan Management System
COL00001104,LN00000350,Property,1933334.8,2026-01-19,2026-07-25 01:44:21.969788,,Loan Management System
COL00001105,LN00001227,Property,5001216.57,2014-11-05,2026-07-25 01:44:21.969788,,Loan Management System
COL00001106,LN00000604,Property,6865082.3,2012-09-27,2026-07-25 01:44:21.969788,,Loan Management System
COL00001107,LN00001834,Property,6639544.0,2021-08-25,2026-07-25 01:44:21.969788,,Loan Management System
COL00001108,LN00001054,Property,20938186.99,2024-06-10,2026-07-25 01:44:21.969788,,Loan Management System
COL00001109,LN00000294,Property,3017609.51,2020-03-26,2026-07-25 01:44:21.969788,,Loan Management System
COL00001110,LN00001274,Property,8849501.38,2021-06-30,2026-07-25 01:44:21.969788,,Loan Management System
COL00001111,LN00000130,Vehicle,1720185.81,2016-02-07,2026-07-25 01:44:21.969788,,Loan Management System
COL00001112,LN00002040,Property,12170949.41,2013-06-18,2026-07-25 01:44:21.969788,,Loan Management System
COL00001113,LN00000975,Vehicle,611857.91,2017-06-15,2026-07-25 01:44:21.969788,,Loan Management System
COL00001114,LN00000253,Property,5459680.66,2020-06-30,2026-07-25 01:44:21.969788,,Loan Management System
COL00001115,LN00001050,Gold,1460668.36,2023-10-07,2026-07-25 01:44:21.969788,,Loan Management System
COL00001116,LN00001110,Gold,1974270.0,2013-03-15,2026-07-25 01:44:21.969788,,Loan Management System
COL00001117,LN00000538,Vehicle,1581237.08,2016-10-04,2026-07-25 01:44:21.969788,,Loan Management System
COL00001118,LN00002500,Vehicle,2224053.48,2014-09-26,2026-07-25 01:44:21.969788,,Loan Management System
COL00001119,LN00000446,Property,9119731.97,2024-04-19,2026-07-25 01:44:21.969788,,Loan Management System
COL00001120,LN00001451,Vehicle,1816245.54,2014-02-01,2026-07-25 01:44:21.969788,,Loan Management System
COL00001121,LN00000191,Vehicle,1235773.25,2022-05-22,2026-07-25 01:44:21.969788,,Loan Management System
COL00001122,LN00002266,Vehicle,4142740.68,2016-05-09,2026-07-25 01:44:21.969788,,Loan Management System
COL00001123,LN00002127,Property,8174601.63,2024-03-30,2026-07-25 01:44:21.969788,,Loan Management System
COL00001124,LN00002316,Property,5058004.98,2019-10-17,2026-07-25 01:44:21.969788,,Loan Management System
COL00001125,LN00001159,Property,3835540.98,2025-05-08,2026-07-25 01:44:21.969788,,Loan Management System
COL00001126,LN00002410,Property,2385464.28,2016-03-07,2026-07-25 01:44:21.969788,,Loan Management System
COL00001127,LN00001059,Property,9009768.26,2023-08-05,2026-07-25 01:44:21.969788,,Loan Management System
COL00001128,LN00000051,Property,6488821.72,2013-01-26,2026-07-25 01:44:21.969788,,Loan Management System
COL00001129,LN00002239,Property,12963873.55,2023-07-09,2026-07-25 01:44:21.969788,,Loan Management System
COL00001130,LN00001312,Vehicle,3616279.35,2018-05-09,2026-07-25 01:44:21.969788,,Loan Management System
COL00001131,LN00000773,Gold,1641651.49,2024-05-01,2026-07-25 01:44:21.969788,,Loan Management System
COL00001132,LN00001164,Property,8623187.64,2013-07-05,2026-07-25 01:44:21.969788,,Loan Management System
COL00001133,LN00000054,Gold,3203628.85,2017-08-19,2026-07-25 01:44:21.969788,,Loan Management System
COL00001134,LN00001503,Property,18188682.75,2016-05-15,2026-07-25 01:44:21.969788,,Loan Management System
COL00001135,LN00001284,Property,4996119.36,2014-06-21,2026-07-25 01:44:21.969788,,Loan Management System
COL00001136,LN00000608,Property,22794512.34,2022-06-12,2026-07-25 01:44:21.969788,,Loan Management System
COL00001137,LN00000551,Property,9877029.13,2021-01-19,2026-07-25 01:44:21.969788,,Loan Management System
COL00001138,LN00001860,Property,9819756.8,2012-10-01,2026-07-25 01:44:21.969788,,Loan Management System
COL00001139,LN00002198,Property,9281003.08,2017-10-29,2026-07-25 01:44:21.969788,,Loan Management System
COL00001140,LN00001188,Property,9237650.84,2013-03-29,2026-07-25 01:44:21.969788,,Loan Management System
COL00001141,LN00002027,Property,3053735.82,2012-12-03,2026-07-25 01:44:21.970793,,Loan Management System
COL00001142,LN00000126,Vehicle,847522.43,2012-02-07,2026-07-25 01:44:21.970793,,Loan Management System
COL00001143,LN00001895,Property,11295331.85,2019-03-17,2026-07-25 01:44:21.970793,,Loan Management System
COL00001144,LN00002365,Vehicle,1855100.22,2015-07-03,2026-07-25 01:44:21.970793,,Loan Management System
COL00001145,LN00002268,Property,2573873.29,2023-11-01,2026-07-25 01:44:21.970793,,Loan Management System
COL00001146,LN00000246,Gold,170743.41,2013-08-22,2026-07-25 01:44:21.970793,,Loan Management System
COL00001147,LN00002437,Property,13032134.9,2022-08-08,2026-07-25 01:44:21.970793,,Loan Management System
COL00001148,LN00001864,Property,19466646.96,2014-01-03,2026-07-25 01:44:21.970793,,Loan Management System
COL00001149,LN00000846,Property,7785817.1,2025-10-04,2026-07-25 01:44:21.970793,,Loan Management System
COL00001150,LN00001718,Property,1134949.57,2019-12-08,2026-07-25 01:44:21.970793,,Loan Management System
COL00001151,LN00001310,Property,9464478.56,2016-05-24,2026-07-25 01:44:21.970793,,Loan Management System
COL00001152,LN00000530,Property,9740216.36,2025-09-08,2026-07-25 01:44:21.970793,,Loan Management System
COL00001153,LN00002215,Property,7526585.44,2012-03-26,2026-07-25 01:44:21.970793,,Loan Management System
COL00001154,LN00000305,Vehicle,4357778.53,2019-07-13,2026-07-25 01:44:21.970793,,Loan Management System
COL00001155,LN00002346,Vehicle,3501155.77,2024-08-27,2026-07-25 01:44:21.970793,,Loan Management System
COL00001156,LN00001340,Vehicle,4099901.83,2019-12-31,2026-07-25 01:44:21.970793,,Loan Management System
COL00001157,LN00001482,Vehicle,1821218.97,2012-11-27,2026-07-25 01:44:21.970793,,Loan Management System
COL00001158,LN00001497,Property,7346845.7,2012-02-26,2026-07-25 01:44:21.970793,,Loan Management System
COL00001159,LN00000099,Property,5304967.6,2016-01-18,2026-07-25 01:44:21.970793,,Loan Management System
COL00001160,LN00000634,Vehicle,3546713.26,2021-04-25,2026-07-25 01:44:21.970793,,Loan Management System
COL00001161,LN00001042,Vehicle,1073483.35,2023-06-04,2026-07-25 01:44:21.970793,,Loan Management System
COL00001162,LN00000420,Property,5125653.4,2015-09-30,2026-07-25 01:44:21.970793,,Loan Management System
COL00001163,LN00002299,Property,1390200.89,2025-08-11,2026-07-25 01:44:21.970793,,Loan Management System
COL00001164,LN00001910,Property,19482869.14,2017-11-22,2026-07-25 01:44:21.970793,,Loan Management System
COL00001165,LN00002468,Property,10938190.29,2016-06-06,2026-07-25 01:44:21.970793,,Loan Management System
COL00001166,LN00001559,Gold,2932753.75,2020-10-18,2026-07-25 01:44:21.970793,,Loan Management System
COL00001167,LN00001434,Property,1403253.67,2018-01-13,2026-07-25 01:44:21.970793,,Loan Management System
COL00001168,LN00001742,Property,3161223.53,2018-06-18,2026-07-25 01:44:21.970793,,Loan Management System
COL00001169,LN00000478,Vehicle,2490834.05,2016-08-18,2026-07-25 01:44:21.970793,,Loan Management System
COL00001170,LN00002324,Vehicle,1096988.47,2024-12-13,2026-07-25 01:44:21.970793,,Loan Management System
COL00001171,LN00002331,Vehicle,1102909.56,2020-06-09,2026-07-25 01:44:21.970793,,Loan Management System
COL00001172,LN00000236,Property,20051971.05,2021-02-22,2026-07-25 01:44:21.970793,,Loan Management System
COL00001173,LN00002168,Property,19417854.52,2021-05-25,2026-07-25 01:44:21.970793,,Loan Management System
COL00001174,LN00002083,Property,8235493.16,2017-07-07,2026-07-25 01:44:21.970793,,Loan Management System
COL00001175,LN00001013,Gold,3269950.31,2016-02-02,2026-07-25 01:44:21.970793,,Loan Management System
COL00001176,LN00001091,Property,9094675.07,2014-10-25,2026-07-25 01:44:21.970793,,Loan Management System
COL00001177,LN00000521,Vehicle,3299520.5,2018-10-24,2026-07-25 01:44:21.970793,,Loan Management System
COL00001178,LN00000739,Property,3526767.95,2018-01-11,2026-07-25 01:44:21.970793,,Loan Management System
COL00001179,LN00001707,Property,3859058.53,2025-07-13,2026-07-25 01:44:21.970793,,Loan Management System
COL00001180,LN00001713,Property,10106693.34,2013-07-04,2026-07-25 01:44:21.970793,,Loan Management System
COL00001181,LN00000594,Property,12128259.42,2026-05-20,2026-07-25 01:44:21.970793,,Loan Management System
COL00001182,LN00000684,Property,8418121.55,2025-09-25,2026-07-25 01:44:21.971792,,Loan Management System
COL00001183,LN00001532,Vehicle,2442676.2,2023-02-03,2026-07-25 01:44:21.971792,,Loan Management System
COL00001184,LN00000359,Property,10999522.19,2024-05-13,2026-07-25 01:44:21.971792,,Loan Management System
COL00001185,LN00001357,Gold,572206.92,2025-01-31,2026-07-25 01:44:21.971792,,Loan Management System
COL00001186,LN00000368,Vehicle,3032929.3,2018-05-09,2026-07-25 01:44:21.971792,,Loan Management System
COL00001187,LN00000724,Vehicle,776592.95,2011-11-28,2026-07-25 01:44:21.971792,,Loan Management System
COL00001188,LN00000972,Gold,1755059.45,2021-02-25,2026-07-25 01:44:21.971792,,Loan Management System
COL00001189,LN00000682,Property,10480078.61,2018-06-16,2026-07-25 01:44:21.971792,,Loan Management System
COL00001190,LN00001911,Gold,1034609.2,2014-01-30,2026-07-25 01:44:21.971792,,Loan Management System
COL00001191,LN00000275,Property,9762882.57,2012-08-08,2026-07-25 01:44:21.971792,,Loan Management System
COL00001192,LN00001204,Property,10518642.63,2019-03-21,2026-07-25 01:44:21.971792,,Loan Management System
COL00001193,LN00000723,Property,2983209.59,2014-01-16,2026-07-25 01:44:21.971792,,Loan Management System
COL00001194,LN00002451,Property,867254.64,2019-07-06,2026-07-25 01:44:21.971792,,Loan Management System
COL00001195,LN00001430,Property,11487515.77,2014-10-07,2026-07-25 01:44:21.971792,,Loan Management System
COL00001196,LN00002232,Property,16508495.28,2023-09-07,2026-07-25 01:44:21.971792,,Loan Management System
COL00001197,LN00002288,Property,4736976.05,2012-12-12,2026-07-25 01:44:21.971792,,Loan Management System
COL00001198,LN00000001,Vehicle,372954.21,2022-06-09,2026-07-25 01:44:21.971792,,Loan Management System
COL00001199,LN00000344,Property,6561472.79,2015-10-05,2026-07-25 01:44:21.971792,,Loan Management System
COL00001200,LN00000725,Property,22791450.83,2012-05-03,2026-07-25 01:44:21.971792,,Loan Management System
COL00001201,LN00000703,Property,14528906.29,2025-01-14,2026-07-25 01:44:21.971792,,Loan Management System
COL00001202,LN00000209,Vehicle,3489311.79,2022-03-09,2026-07-25 01:44:21.971792,,Loan Management System
COL00001203,LN00001872,Property,9593701.68,2023-08-23,2026-07-25 01:44:21.971792,,Loan Management System
COL00001204,LN00000089,Property,16441777.82,2016-03-19,2026-07-25 01:44:21.971792,,Loan Management System
COL00001205,LN00000548,Vehicle,853666.91,2013-04-08,2026-07-25 01:44:21.971792,,Loan Management System
COL00001206,LN00000635,Property,5420599.02,2014-09-28,2026-07-25 01:44:21.971792,,Loan Management System
COL00001207,LN00000347,Vehicle,1860185.03,2019-02-03,2026-07-25 01:44:21.971792,,Loan Management System
COL00001208,LN00001548,Vehicle,1393178.24,2019-05-19,2026-07-25 01:44:21.971792,,Loan Management System
COL00001209,LN00001859,Property,3483663.65,2019-01-30,2026-07-25 01:44:21.971792,,Loan Management System
COL00001210,LN00001570,Property,14925861.81,2019-04-29,2026-07-25 01:44:21.971792,,Loan Management System
COL00001211,LN00000494,Vehicle,974439.25,2014-12-26,2026-07-25 01:44:21.971792,,Loan Management System
COL00001212,LN00002088,Property,5112308.67,2012-04-07,2026-07-25 01:44:21.971792,,Loan Management System
COL00001213,LN00000902,Vehicle,468063.44,2025-09-17,2026-07-25 01:44:21.971792,,Loan Management System
COL00001214,LN00002118,Gold,1286685.8,2015-08-21,2026-07-25 01:44:21.971792,,Loan Management System
COL00001215,LN00001232,Property,3870251.98,2022-07-03,2026-07-25 01:44:21.971792,,Loan Management System
COL00001216,LN00000448,Vehicle,1538423.03,2011-09-16,2026-07-25 01:44:21.971792,,Loan Management System
COL00001217,LN00001875,Vehicle,1132009.35,2021-09-14,2026-07-25 01:44:21.971792,,Loan Management System
COL00001218,LN00001790,Property,889727.44,2026-04-16,2026-07-25 01:44:21.971792,,Loan Management System
COL00001219,LN00001399,Vehicle,1318667.26,2024-12-28,2026-07-25 01:44:21.971792,,Loan Management System
COL00001220,LN00000653,Vehicle,1887069.34,2022-11-08,2026-07-25 01:44:21.971792,,Loan Management System
COL00001221,LN00001729,Vehicle,423620.0,2023-05-22,2026-07-25 01:44:21.971792,,Loan Management System
COL00001222,LN00001324,Property,14340273.07,2018-05-24,2026-07-25 01:44:21.971792,,Loan Management System
COL00001223,LN00000385,Gold,1728667.51,2023-10-10,2026-07-25 01:44:21.971792,,Loan Management System
COL00001224,LN00000901,Property,5957873.15,2015-10-12,2026-07-25 01:44:21.972791,,Loan Management System
COL00001225,LN00000781,Property,1566209.75,2020-11-08,2026-07-25 01:44:21.972791,,Loan Management System
COL00001226,LN00002028,Vehicle,3801299.27,2016-02-18,2026-07-25 01:44:21.972791,,Loan Management System
COL00001227,LN00000638,Property,11065694.74,2023-07-29,2026-07-25 01:44:21.972791,,Loan Management System
COL00001228,LN00001467,Property,2161933.23,2023-10-27,2026-07-25 01:44:21.972791,,Loan Management System
COL00001229,LN00001365,Property,25641366.68,2018-06-06,2026-07-25 01:44:21.972791,,Loan Management System
COL00001230,LN00000454,Vehicle,419840.26,2020-09-13,2026-07-25 01:44:21.972791,,Loan Management System
COL00001231,LN00001931,Gold,880560.08,2017-02-08,2026-07-25 01:44:21.972791,,Loan Management System
COL00001232,LN00002469,Property,15488264.86,2015-08-06,2026-07-25 01:44:21.972791,,Loan Management System
COL00001233,LN00001695,Gold,1928075.58,2023-01-03,2026-07-25 01:44:21.972791,,Loan Management System
COL00001234,LN00000827,Property,8348011.86,2015-01-14,2026-07-25 01:44:21.972791,,Loan Management System
COL00001235,LN00001703,Property,8071116.72,2015-04-22,2026-07-25 01:44:21.972791,,Loan Management System
COL00001236,LN00000211,Vehicle,2584427.79,2025-10-19,2026-07-25 01:44:21.972791,,Loan Management System
COL00001237,LN00001004,Property,16132370.35,2025-03-27,2026-07-25 01:44:21.972791,,Loan Management System
COL00001238,LN00000837,Property,9218813.0,2021-04-20,2026-07-25 01:44:21.972791,,Loan Management System
COL00001239,LN00002104,Property,7606362.34,2018-05-20,2026-07-25 01:44:21.972791,,Loan Management System
COL00001240,LN00000266,Property,2097502.87,2022-12-25,2026-07-25 01:44:21.972791,,Loan Management System
COL00001241,LN00001134,Vehicle,1053419.05,2026-04-29,2026-07-25 01:44:21.972791,,Loan Management System
COL00001242,LN00002140,Gold,1771914.75,2024-09-14,2026-07-25 01:44:21.972791,,Loan Management System
COL00001243,LN00000731,Vehicle,273571.71,2012-09-26,2026-07-25 01:44:21.972791,,Loan Management System
COL00001244,LN00002023,Property,10147736.32,2024-05-15,2026-07-25 01:44:21.972791,,Loan Management System
COL00001245,LN00002345,Property,9086340.42,2023-05-03,2026-07-25 01:44:21.972791,,Loan Management System
COL00001246,LN00001607,Property,15380787.72,2025-03-02,2026-07-25 01:44:21.972791,,Loan Management System
COL00001247,LN00000760,Property,8966122.18,2021-01-03,2026-07-25 01:44:21.972791,,Loan Management System
COL00001248,LN00002488,Property,8594835.64,2021-05-05,2026-07-25 01:44:21.972791,,Loan Management System
COL00001249,LN00001212,Vehicle,1912992.62,2023-07-31,2026-07-25 01:44:21.972791,,Loan Management System
COL00001250,LN00002160,Gold,338067.33,2014-07-20,2026-07-25 01:44:21.972791,,Loan Management System
COL00001251,LN00001196,Property,8238250.39,2014-03-07,2026-07-25 01:44:21.972791,,Loan Management System
COL00001252,LN00002399,Property,9492651.87,2020-12-08,2026-07-25 01:44:21.972791,,Loan Management System
COL00001253,LN00000793,Vehicle,3552490.28,2016-03-27,2026-07-25 01:44:21.972791,,Loan Management System
COL00001254,LN00000412,Gold,1840795.11,2021-08-21,2026-07-25 01:44:21.972791,,Loan Management System
COL00001255,LN00001122,Property,15723112.01,2016-03-22,2026-07-25 01:44:21.972791,,Loan Management System
COL00001256,LN00000571,Vehicle,3606173.62,2022-11-30,2026-07-25 01:44:21.972791,,Loan Management System
COL00001257,LN00001161,Vehicle,3978484.05,2016-09-13,2026-07-25 01:44:21.972791,,Loan Management System
COL00001258,LN00000786,Property,2960413.56,2019-08-06,2026-07-25 01:44:21.972791,,Loan Management System
COL00001259,LN00001158,Vehicle,1162279.59,2014-01-10,2026-07-25 01:44:21.972791,,Loan Management System
COL00001260,LN00002465,Vehicle,2018535.1,2018-10-04,2026-07-25 01:44:21.972791,,Loan Management System
COL00001261,LN00001951,Property,3122843.29,2014-02-12,2026-07-25 01:44:21.973788,,Loan Management System
COL00001262,LN00000875,Property,8545435.42,2018-04-05,2026-07-25 01:44:21.973788,,Loan Management System
COL00001263,LN00001191,Vehicle,1072881.75,2022-03-11,2026-07-25 01:44:21.973788,,Loan Management System
COL00001264,LN00000586,Gold,544244.48,2015-04-26,2026-07-25 01:44:21.973788,,Loan Management System
COL00001265,LN00001060,Property,16705845.83,2019-11-04,2026-07-25 01:44:21.973788,,Loan Management System
COL00001266,LN00002474,Property,6653220.65,2018-08-28,2026-07-25 01:44:21.973788,,Loan Management System
COL00001267,LN00001522,Property,5123330.0,2012-06-10,2026-07-25 01:44:21.973788,,Loan Management System
COL00001268,LN00000613,Property,11238997.25,2020-08-23,2026-07-25 01:44:21.973788,,Loan Management System
COL00001269,LN00001661,Vehicle,2106207.34,2013-07-05,2026-07-25 01:44:21.973788,,Loan Management System
COL00001270,LN00000376,Vehicle,2587708.79,2024-11-03,2026-07-25 01:44:21.973788,,Loan Management System
COL00001271,LN00001902,Property,2938782.72,2018-07-21,2026-07-25 01:44:21.973788,,Loan Management System
COL00001272,LN00001672,Property,9704240.34,2025-12-10,2026-07-25 01:44:21.973788,,Loan Management System
COL00001273,LN00000465,Property,1742914.22,2018-12-23,2026-07-25 01:44:21.973788,,Loan Management System
COL00001274,LN00001316,Vehicle,1183784.82,2012-02-14,2026-07-25 01:44:21.973788,,Loan Management System
COL00001275,LN00000416,Gold,815252.53,2015-07-08,2026-07-25 01:44:21.973788,,Loan Management System
COL00001276,LN00002044,Vehicle,2499728.25,2016-04-20,2026-07-25 01:44:21.973788,,Loan Management System
COL00001277,LN00000755,Vehicle,2949324.87,2025-03-11,2026-07-25 01:44:21.973788,,Loan Management System
COL00001278,LN00000720,Property,10768792.66,2015-05-10,2026-07-25 01:44:21.973788,,Loan Management System
COL00001279,LN00002355,Vehicle,337853.22,2023-01-22,2026-07-25 01:44:21.973788,,Loan Management System
COL00001280,LN00001314,Gold,2689312.5,2024-06-20,2026-07-25 01:44:21.973788,,Loan Management System
COL00001281,LN00002336,Vehicle,786429.36,2024-08-05,2026-07-25 01:44:21.973788,,Loan Management System
COL00001282,LN00000962,Vehicle,1904103.35,2013-04-02,2026-07-25 01:44:21.973788,,Loan Management System
COL00001283,LN00001747,Property,9258364.59,2015-03-23,2026-07-25 01:44:21.973788,,Loan Management System
COL00001284,LN00002259,Vehicle,530127.7,2017-03-22,2026-07-25 01:44:21.973788,,Loan Management System
COL00001285,LN00002056,Vehicle,233737.05,2012-06-16,2026-07-25 01:44:21.973788,,Loan Management System
COL00001286,LN00002341,Property,10332229.32,2014-03-02,2026-07-25 01:44:21.973788,,Loan Management System
COL00001287,LN00001538,Gold,2866914.35,2021-12-02,2026-07-25 01:44:21.973788,,Loan Management System
COL00001288,LN00001219,Vehicle,1660338.75,2015-06-24,2026-07-25 01:44:21.973788,,Loan Management System
COL00001289,LN00000201,Property,11407322.16,2023-09-29,2026-07-25 01:44:21.973788,,Loan Management System
COL00001290,LN00000628,Property,19130007.15,2016-11-16,2026-07-25 01:44:21.973788,,Loan Management System
COL00001291,LN00002433,Vehicle,768770.51,2016-12-01,2026-07-25 01:44:21.973788,,Loan Management System
COL00001292,LN00001433,Vehicle,3127272.72,2021-03-25,2026-07-25 01:44:21.973788,,Loan Management System
COL00001293,LN00001311,Vehicle,700493.36,2022-10-27,2026-07-25 01:44:21.973788,,Loan Management System
COL00001294,LN00000910,Property,8207212.62,2015-05-06,2026-07-25 01:44:21.973788,,Loan Management System
COL00001295,LN00002249,Vehicle,242816.97,2018-02-11,2026-07-25 01:44:21.973788,,Loan Management System
COL00001296,LN00001504,Vehicle,2825786.43,2015-05-27,2026-07-25 01:44:21.973788,,Loan Management System
COL00001297,LN00002210,Gold,1983958.47,2019-05-15,2026-07-25 01:44:21.974711,,Loan Management System
COL00001298,LN00002252,Vehicle,1853882.19,2017-04-09,2026-07-25 01:44:21.974711,,Loan Management System
COL00001299,LN00000670,Property,3068918.5,2020-12-04,2026-07-25 01:44:21.974711,,Loan Management System
COL00001300,LN00000578,Vehicle,1188378.17,2024-11-21,2026-07-25 01:44:21.974711,,Loan Management System
COL00001301,LN00002411,Property,2683229.13,2019-02-16,2026-07-25 01:44:21.974711,,Loan Management System
COL00001302,LN00000836,Property,10952338.45,2024-07-05,2026-07-25 01:44:21.974711,,Loan Management System
COL00001303,LN00002030,Property,12442524.26,2022-09-28,2026-07-25 01:44:21.974711,,Loan Management System
COL00001304,LN00001945,Property,11209417.71,2016-10-22,2026-07-25 01:44:21.974711,,Loan Management System
COL00001305,LN00000656,Property,4011983.83,2016-11-17,2026-07-25 01:44:21.974711,,Loan Management System
COL00001306,LN00002448,Property,7508830.22,2013-11-24,2026-07-25 01:44:21.974711,,Loan Management System
COL00001307,LN00001010,Property,871974.76,2025-07-16,2026-07-25 01:44:21.974711,,Loan Management System
COL00001308,LN00001802,Property,6973573.56,2020-09-05,2026-07-25 01:44:21.974711,,Loan Management System
COL00001309,LN00000143,Vehicle,2438212.99,2013-12-04,2026-07-25 01:44:21.974711,,Loan Management System
COL00001310,LN00001208,Property,6993789.17,2016-06-27,2026-07-25 01:44:21.974711,,Loan Management System
COL00001311,LN00000702,Property,13022163.14,2025-01-15,2026-07-25 01:44:21.974711,,Loan Management System
COL00001312,LN00000372,Vehicle,2337742.47,2011-08-05,2026-07-25 01:44:21.974711,,Loan Management System
COL00001313,LN00001833,Vehicle,1576503.84,2020-04-06,2026-07-25 01:44:21.974711,,Loan Management System
COL00001314,LN00002222,Vehicle,1935621.08,2021-11-07,2026-07-25 01:44:21.974711,,Loan Management System
COL00001315,LN00001930,Vehicle,3114087.29,2021-01-20,2026-07-25 01:44:21.974711,,Loan Management System
COL00001316,LN00000475,Gold,699718.67,2022-11-25,2026-07-25 01:44:21.974711,,Loan Management System
COL00001317,LN00001474,Property,4634470.14,2019-07-14,2026-07-25 01:44:21.974711,,Loan Management System
COL00001318,LN00001192,Gold,1865211.2,2015-02-14,2026-07-25 01:44:21.974711,,Loan Management System
COL00001319,LN00002212,Vehicle,2991825.77,2020-12-24,2026-07-25 01:44:21.974711,,Loan Management System
COL00001320,LN00002358,Property,21246896.14,2019-02-03,2026-07-25 01:44:21.974711,,Loan Management System
COL00001321,LN00000511,Property,4178241.01,2017-03-17,2026-07-25 01:44:21.974711,,Loan Management System
COL00001322,LN00001841,Vehicle,2658042.75,2023-11-24,2026-07-25 01:44:21.974711,,Loan Management System
COL00001323,LN00002484,Property,6316826.08,2020-08-15,2026-07-25 01:44:21.974711,,Loan Management System
COL00001324,LN00001214,Property,2284594.74,2023-06-19,2026-07-25 01:44:21.974711,,Loan Management System
COL00001325,LN00001972,Property,8300514.66,2022-02-09,2026-07-25 01:44:21.974711,,Loan Management System
COL00001326,LN00000009,Vehicle,2700424.4,2024-02-01,2026-07-25 01:44:21.974711,,Loan Management System
COL00001327,LN00001610,Property,988612.06,2022-04-23,2026-07-25 01:44:21.974711,,Loan Management System
COL00001328,LN00000069,Gold,2213857.29,2025-08-30,2026-07-25 01:44:21.974711,,Loan Management System
COL00001329,LN00000396,Vehicle,1852847.81,2024-04-07,2026-07-25 01:44:21.974711,,Loan Management System
COL00001330,LN00001564,Gold,2483772.32,2021-07-04,2026-07-25 01:44:21.974711,,Loan Management System
COL00001331,LN00002262,Vehicle,602703.09,2013-02-27,2026-07-25 01:44:21.974711,,Loan Management System
COL00001332,LN00001373,Gold,797499.75,2025-09-01,2026-07-25 01:44:21.974711,,Loan Management System
COL00001333,LN00000324,Property,7850380.91,2022-08-24,2026-07-25 01:44:21.974711,,Loan Management System
COL00001334,LN00001783,Gold,2531627.54,2025-08-31,2026-07-25 01:44:21.974711,,Loan Management System
COL00001335,LN00000092,Property,8694688.83,2025-09-28,2026-07-25 01:44:21.974711,,Loan Management System
COL00001336,LN00000711,Property,4289477.4,2022-04-16,2026-07-25 01:44:21.974711,,Loan Management System
COL00001337,LN00000310,Property,7709378.88,2018-05-28,2026-07-25 01:44:21.974711,,Loan Management System
COL00001338,LN00002062,Property,12173904.58,2013-10-24,2026-07-25 01:44:21.974711,,Loan Management System
COL00001339,LN00001333,Property,6175179.52,2018-07-31,2026-07-25 01:44:21.974711,,Loan Management System
COL00001340,LN00001571,Property,9250583.28,2025-12-03,2026-07-25 01:44:21.975801,,Loan Management System
COL00001341,LN00002171,Property,10735409.15,2021-02-18,2026-07-25 01:44:21.975801,,Loan Management System
COL00001342,LN00001017,Gold,2079208.13,2025-08-15,2026-07-25 01:44:21.975801,,Loan Management System
COL00001343,LN00000163,Property,6956384.34,2012-05-10,2026-07-25 01:44:21.975801,,Loan Management System
COL00001344,LN00000103,Vehicle,2719515.02,2012-10-03,2026-07-25 01:44:21.975801,,Loan Management System
COL00001345,LN00001967,Property,6470610.07,2018-10-14,2026-07-25 01:44:21.975801,,Loan Management System
COL00001346,LN00001145,Vehicle,1822721.72,2026-02-28,2026-07-25 01:44:21.975801,,Loan Management System
COL00001347,LN00001028,Gold,1815077.08,2017-04-08,2026-07-25 01:44:21.975801,,Loan Management System
COL00001348,LN00002177,Vehicle,1085916.91,2022-03-11,2026-07-25 01:44:21.975801,,Loan Management System
COL00001349,LN00002106,Property,19484057.04,2017-01-23,2026-07-25 01:44:21.975801,,Loan Management System
COL00001350,LN00000125,Property,11631843.62,2025-07-12,2026-07-25 01:44:21.975801,,Loan Management System
COL00001351,LN00002426,Vehicle,3661801.8,2017-11-06,2026-07-25 01:44:21.975801,,Loan Management System
COL00001352,LN00001507,Gold,1836547.02,2018-12-06,2026-07-25 01:44:21.975801,,Loan Management System
COL00001353,LN00001450,Property,6435391.39,2022-08-25,2026-07-25 01:44:21.975801,,Loan Management System
COL00001354,LN00000457,Vehicle,1378222.0,2015-12-31,2026-07-25 01:44:21.975801,,Loan Management System
COL00001355,LN00000580,Vehicle,2701703.14,2013-05-07,2026-07-25 01:44:21.975801,,Loan Management System
COL00001356,LN00001543,Property,19595498.55,2015-08-20,2026-07-25 01:44:21.975801,,Loan Management System
COL00001357,LN00000642,Vehicle,509194.69,2025-04-12,2026-07-25 01:44:21.975801,,Loan Management System
COL00001358,LN00002045,Vehicle,2938663.43,2023-01-09,2026-07-25 01:44:21.975801,,Loan Management System
COL00001359,LN00001601,Property,4474259.02,2025-09-23,2026-07-25 01:44:21.975801,,Loan Management System
COL00001360,LN00001619,Property,9988770.72,2023-02-17,2026-07-25 01:44:21.975801,,Loan Management System
COL00001361,LN00000920,Property,2355794.33,2025-10-30,2026-07-25 01:44:21.975801,,Loan Management System
COL00001362,LN00000847,Vehicle,1114869.93,2018-08-24,2026-07-25 01:44:21.975801,,Loan Management System
COL00001363,LN00000430,Vehicle,2589457.84,2020-06-13,2026-07-25 01:44:21.975801,,Loan Management System
COL00001364,LN00001832,Property,24478164.93,2017-08-22,2026-07-25 01:44:21.975801,,Loan Management System
COL00001365,LN00000114,Property,4491857.92,2022-05-29,2026-07-25 01:44:21.975801,,Loan Management System
COL00001366,LN00002006,Property,9523773.49,2015-03-19,2026-07-25 01:44:21.975801,,Loan Management System
COL00001367,LN00001138,Vehicle,3063411.67,2019-06-19,2026-07-25 01:44:21.975801,,Loan Management System
COL00001368,LN00001384,Property,1091119.2,2019-07-28,2026-07-25 01:44:21.975801,,Loan Management System
COL00001369,LN00000524,Vehicle,1577949.91,2013-06-10,2026-07-25 01:44:21.975801,,Loan Management System
COL00001370,LN00000366,Vehicle,2303302.62,2015-03-10,2026-07-25 01:44:21.975801,,Loan Management System
COL00001371,LN00000547,Vehicle,3763232.3,2022-11-19,2026-07-25 01:44:21.975801,,Loan Management System
COL00001372,LN00000622,Gold,600191.08,2013-05-25,2026-07-25 01:44:21.975801,,Loan Management System
COL00001373,LN00002477,Property,7267863.71,2022-02-12,2026-07-25 01:44:21.975801,,Loan Management System
COL00001374,LN00002242,Property,28568274.31,2020-06-12,2026-07-25 01:44:21.975801,,Loan Management System
COL00001375,LN00001578,Vehicle,1452553.26,2015-07-23,2026-07-25 01:44:21.975801,,Loan Management System
COL00001376,LN00001422,Property,7930964.41,2017-03-06,2026-07-25 01:44:21.975801,,Loan Management System
COL00001377,LN00000115,Property,8828532.85,2023-03-23,2026-07-25 01:44:21.975801,,Loan Management System
COL00001378,LN00000693,Property,8701380.63,2022-08-21,2026-07-25 01:44:21.975801,,Loan Management System
COL00001379,LN00001820,Gold,2341334.37,2015-12-29,2026-07-25 01:44:21.976790,,Loan Management System
COL00001380,LN00001803,Property,7397606.45,2015-10-28,2026-07-25 01:44:21.976790,,Loan Management System
COL00001381,LN00001286,Vehicle,3526128.29,2020-05-06,2026-07-25 01:44:21.976790,,Loan Management System
COL00001382,LN00000381,Property,10992257.18,2023-12-25,2026-07-25 01:44:21.976790,,Loan Management System
COL00001383,LN00000835,Property,12964195.22,2026-01-31,2026-07-25 01:44:21.976790,,Loan Management System
COL00001384,LN00002048,Property,1704225.83,2019-10-05,2026-07-25 01:44:21.976790,,Loan Management System
COL00001385,LN00000799,Vehicle,1494859.72,2015-08-18,2026-07-25 01:44:21.976790,,Loan Management System
COL00001386,LN00000346,Gold,2380812.5,2012-10-26,2026-07-25 01:44:21.976790,,Loan Management System
COL00001387,LN00000016,Property,11245688.8,2018-09-24,2026-07-25 01:44:21.976790,,Loan Management System
COL00001388,LN00001073,Property,5517482.8,2017-10-11,2026-07-25 01:44:21.976790,,Loan Management System
COL00001389,LN00001521,Vehicle,2189435.06,2025-02-04,2026-07-25 01:44:21.976790,,Loan Management System
COL00001390,LN00001550,Vehicle,2271900.95,2015-10-21,2026-07-25 01:44:21.976790,,Loan Management System
COL00001391,LN00001045,Vehicle,2916613.31,2011-09-09,2026-07-25 01:44:21.976790,,Loan Management System
COL00001392,LN00000239,Property,15686684.77,2024-01-04,2026-07-25 01:44:21.976790,,Loan Management System
COL00001393,LN00000927,Gold,3080400.4,2022-11-14,2026-07-25 01:44:21.976790,,Loan Management System
COL00001394,LN00002205,Property,10141658.87,2013-01-18,2026-07-25 01:44:21.976790,,Loan Management System
COL00001395,LN00000423,Property,16783493.4,2012-03-21,2026-07-25 01:44:21.976790,,Loan Management System
COL00001396,LN00000314,Gold,235565.1,2022-09-13,2026-07-25 01:44:21.976790,,Loan Management System
COL00001397,LN00002067,Property,21582268.89,2013-07-14,2026-07-25 01:44:21.976790,,Loan Management System
COL00001398,LN00000627,Property,13052207.92,2024-12-03,2026-07-25 01:44:21.976790,,Loan Management System
COL00001399,LN00001049,Property,7169703.76,2015-08-04,2026-07-25 01:44:21.976790,,Loan Management System
COL00001400,LN00002406,Property,7962341.34,2016-05-13,2026-07-25 01:44:21.976790,,Loan Management System
COL00001401,LN00002458,Vehicle,2485130.54,2015-03-10,2026-07-25 01:44:21.976790,,Loan Management System
COL00001402,LN00002421,Vehicle,3322907.24,2011-12-12,2026-07-25 01:44:21.976790,,Loan Management System
COL00001403,LN00001277,Vehicle,1538539.5,2022-12-29,2026-07-25 01:44:21.976790,,Loan Management System
COL00001404,LN00001604,Property,3901154.38,2025-02-06,2026-07-25 01:44:21.976790,,Loan Management System
COL00001405,LN00001691,Property,10079742.16,2025-07-04,2026-07-25 01:44:21.976790,,Loan Management System
COL00001406,LN00002139,Gold,255031.9,2014-10-22,2026-07-25 01:44:21.976790,,Loan Management System
COL00001407,LN00000986,Vehicle,596828.3,2018-08-16,2026-07-25 01:44:21.976790,,Loan Management System
COL00001408,LN00000040,Property,4590440.09,2025-03-14,2026-07-25 01:44:21.976790,,Loan Management System
COL00001409,LN00002185,Gold,2766232.71,2016-09-15,2026-07-25 01:44:21.976790,,Loan Management System
COL00001410,LN00001846,Property,5050150.93,2016-08-18,2026-07-25 01:44:21.976790,,Loan Management System
COL00001411,LN00002146,Property,10630317.15,2025-06-02,2026-07-25 01:44:21.976790,,Loan Management System
COL00001412,LN00001424,Vehicle,2253929.4,2024-06-23,2026-07-25 01:44:21.976790,,Loan Management System
COL00001413,LN00001805,Property,9311918.5,2014-07-04,2026-07-25 01:44:21.976790,,Loan Management System
COL00001414,LN00002441,Property,5427380.22,2013-11-12,2026-07-25 01:44:21.976790,,Loan Management System
COL00001415,LN00000692,Property,5675341.13,2021-10-26,2026-07-25 01:44:21.976790,,Loan Management System
COL00001416,LN00000645,Property,4380885.42,2023-10-02,2026-07-25 01:44:21.976790,,Loan Management System
COL00001417,LN00002265,Property,5235845.96,2018-01-31,2026-07-25 01:44:21.976790,,Loan Management System
COL00001418,LN00001229,Gold,454392.18,2013-06-30,2026-07-25 01:44:21.976790,,Loan Management System
COL00001419,LN00001334,Property,16326850.41,2012-06-02,2026-07-25 01:44:21.976790,,Loan Management System
COL00001420,LN00000304,Property,10844945.69,2021-05-08,2026-07-25 01:44:21.976790,,Loan Management System
COL00001421,LN00001369,Vehicle,1539014.29,2013-05-30,2026-07-25 01:44:21.977795,,Loan Management System
COL00001422,LN00000714,Property,19085985.92,2013-02-09,2026-07-25 01:44:21.977795,,Loan Management System
COL00001423,LN00000482,Property,12273110.34,2015-12-27,2026-07-25 01:44:21.977795,,Loan Management System
COL00001424,LN00002253,Property,1142323.87,2023-01-17,2026-07-25 01:44:21.977795,,Loan Management System
COL00001425,LN00002189,Property,4461695.08,2012-07-06,2026-07-25 01:44:21.977795,,Loan Management System
COL00001426,LN00002491,Property,2945060.6,2013-12-09,2026-07-25 01:44:21.977795,,Loan Management System
COL00001427,LN00002175,Vehicle,596569.9,2017-01-15,2026-07-25 01:44:21.977795,,Loan Management System
COL00001428,LN00000810,Vehicle,2352094.84,2012-11-26,2026-07-25 01:44:21.977795,,Loan Management System
COL00001429,LN00001818,Vehicle,1571751.67,2011-10-18,2026-07-25 01:44:21.977795,,Loan Management System
COL00001430,LN00002308,Vehicle,2683647.05,2017-08-30,2026-07-25 01:44:21.977795,,Loan Management System
COL00001431,LN00001072,Property,3543086.38,2021-06-05,2026-07-25 01:44:21.977795,,Loan Management System
COL00001432,LN00000589,Property,4525673.85,2019-05-02,2026-07-25 01:44:21.977795,,Loan Management System
COL00001433,LN00002295,Vehicle,3176075.27,2025-05-04,2026-07-25 01:44:21.977795,,Loan Management System
COL00001434,LN00000660,Gold,1556015.16,2023-10-20,2026-07-25 01:44:21.977795,,Loan Management System
COL00001435,LN00002070,Vehicle,1400829.8,2024-03-24,2026-07-25 01:44:21.977795,,Loan Management System
COL00001436,LN00001346,Gold,1475689.44,2016-01-10,2026-07-25 01:44:21.977795,,Loan Management System
COL00001437,LN00000409,Gold,1094560.4,2025-12-29,2026-07-25 01:44:21.977795,,Loan Management System
COL00001438,LN00001629,Gold,1853162.13,2018-12-28,2026-07-25 01:44:21.977795,,Loan Management System
COL00001439,LN00002379,Property,12701771.73,2024-07-28,2026-07-25 01:44:21.977795,,Loan Management System
COL00001440,LN00001850,Vehicle,2100411.97,2012-07-13,2026-07-25 01:44:21.977795,,Loan Management System
COL00001441,LN00000245,Vehicle,2028835.09,2024-07-25,2026-07-25 01:44:21.977795,,Loan Management System
COL00001442,LN00000631,Property,10494098.17,2020-03-24,2026-07-25 01:44:21.977795,,Loan Management System
COL00001443,LN00001863,Property,10945791.02,2021-11-20,2026-07-25 01:44:21.977795,,Loan Management System
COL00001444,LN00000483,Gold,2204965.0,2013-06-25,2026-07-25 01:44:21.977795,,Loan Management System
COL00001445,LN00001808,Gold,634237.27,2026-04-12,2026-07-25 01:44:21.977795,,Loan Management System
COL00001446,LN00000370,Gold,2572148.23,2014-05-08,2026-07-25 01:44:21.977795,,Loan Management System
COL00001447,LN00000779,Vehicle,1068589.01,2018-10-08,2026-07-25 01:44:21.977795,,Loan Management System
COL00001448,LN00001909,Vehicle,1934725.47,2015-11-11,2026-07-25 01:44:21.977795,,Loan Management System
COL00001449,LN00002494,Property,10364577.51,2011-07-21,2026-07-25 01:44:21.977795,,Loan Management System
COL00001450,LN00002221,Property,10793727.59,2017-01-03,2026-07-25 01:44:21.977795,,Loan Management System
COL00001451,LN00000335,Gold,812968.22,2014-10-09,2026-07-25 01:44:21.977795,,Loan Management System
COL00001452,LN00002124,Property,6224321.34,2018-03-25,2026-07-25 01:44:21.977795,,Loan Management System
COL00001453,LN00001320,Vehicle,3361597.32,2015-11-03,2026-07-25 01:44:21.977795,,Loan Management System
COL00001454,LN00001717,Gold,534014.83,2016-09-17,2026-07-25 01:44:21.977795,,Loan Management System
COL00001455,LN00001029,Property,4637664.07,2011-12-19,2026-07-25 01:44:21.977795,,Loan Management System
COL00001456,LN00001723,Vehicle,1060627.19,2013-10-27,2026-07-25 01:44:21.977795,,Loan Management System
COL00001457,LN00001613,Property,8280011.53,2015-10-20,2026-07-25 01:44:21.977795,,Loan Management System
COL00001458,LN00002402,Property,20687354.73,2025-12-02,2026-07-25 01:44:21.977795,,Loan Management System
COL00001459,LN00000110,Gold,938760.13,2014-04-20,2026-07-25 01:44:21.977795,,Loan Management System
COL00001460,LN00000813,Property,16351022.96,2015-06-26,2026-07-25 01:44:21.977795,,Loan Management System
COL00001461,LN00000854,Gold,240342.73,2015-03-26,2026-07-25 01:44:21.977795,,Loan Management System
COL00001462,LN00002313,Property,1902073.95,2015-02-20,2026-07-25 01:44:21.977795,,Loan Management System
COL00001463,LN00001879,Property,2367384.43,2020-02-23,2026-07-25 01:44:21.978786,,Loan Management System
COL00001464,LN00001348,Property,6671354.9,2013-10-03,2026-07-25 01:44:21.978786,,Loan Management System
COL00001465,LN00001076,Property,4241596.31,2020-07-25,2026-07-25 01:44:21.978786,,Loan Management System
COL00001466,LN00001763,Vehicle,3451169.31,2013-08-20,2026-07-25 01:44:21.978786,,Loan Management System
COL00001467,LN00001799,Property,4208925.84,2026-02-14,2026-07-25 01:44:21.978786,,Loan Management System
COL00001468,LN00000993,Vehicle,2630889.13,2025-08-14,2026-07-25 01:44:21.978786,,Loan Management System
COL00001469,LN00002384,Property,1622669.14,2020-06-27,2026-07-25 01:44:21.978786,,Loan Management System
COL00001470,LN00000884,Property,19964459.41,2026-04-04,2026-07-25 01:44:21.978786,,Loan Management System
COL00001471,LN00001253,Property,4472202.53,2018-05-04,2026-07-25 01:44:21.978786,,Loan Management System
COL00001472,LN00000768,Property,9516380.34,2022-11-14,2026-07-25 01:44:21.978786,,Loan Management System
COL00001473,LN00001998,Property,3097320.18,2012-09-26,2026-07-25 01:44:21.978786,,Loan Management System
COL00001474,LN00001893,Vehicle,2676136.81,2015-03-12,2026-07-25 01:44:21.978786,,Loan Management System
COL00001475,LN00002179,Property,8264393.09,2014-02-08,2026-07-25 01:44:21.978786,,Loan Management System
COL00001476,LN00002233,Gold,1633099.66,2012-12-11,2026-07-25 01:44:21.978786,,Loan Management System
COL00001477,LN00002447,Vehicle,1723870.17,2025-09-10,2026-07-25 01:44:21.978786,,Loan Management System
COL00001478,LN00000646,Property,23883674.99,2024-02-17,2026-07-25 01:44:21.978786,,Loan Management System
COL00001479,LN00001330,Property,9355908.34,2026-05-04,2026-07-25 01:44:21.978786,,Loan Management System
COL00001480,LN00001605,Property,5202755.26,2015-06-08,2026-07-25 01:44:21.978786,,Loan Management System
COL00001481,LN00000165,Property,9494822.58,2013-05-13,2026-07-25 01:44:21.978786,,Loan Management System
COL00001482,LN00000889,Vehicle,2091920.25,2017-12-19,2026-07-25 01:44:21.978786,,Loan Management System
COL00001483,LN00001735,Property,13838663.95,2014-03-09,2026-07-25 01:44:21.978786,,Loan Management System
COL00001484,LN00001907,Vehicle,3487896.09,2016-10-16,2026-07-25 01:44:21.978786,,Loan Management System
COL00001485,LN00002016,Vehicle,742297.49,2024-09-11,2026-07-25 01:44:21.978786,,Loan Management System
COL00001486,LN00000066,Property,3732615.48,2012-10-28,2026-07-25 01:44:21.978786,,Loan Management System
COL00001487,LN00000607,Gold,1827449.11,2017-06-14,2026-07-25 01:44:21.978786,,Loan Management System
COL00001488,LN00001202,Property,9360820.29,2011-07-29,2026-07-25 01:44:21.978786,,Loan Management System
COL00001489,LN00000292,Property,1456588.08,2017-02-12,2026-07-25 01:44:21.978786,,Loan Management System
COL00001490,LN00000690,Vehicle,1787064.69,2024-11-30,2026-07-25 01:44:21.978786,,Loan Management System
COL00001491,LN00000120,Property,14619863.0,2025-10-30,2026-07-25 01:44:21.978786,,Loan Management System
COL00001492,LN00000340,Property,18874892.24,2018-09-17,2026-07-25 01:44:21.978786,,Loan Management System
COL00001493,LN00000772,Vehicle,1715491.03,2016-12-03,2026-07-25 01:44:21.978786,,Loan Management System
COL00001494,LN00000216,Property,9410230.03,2014-02-07,2026-07-25 01:44:21.978786,,Loan Management System
COL00001495,LN00001950,Vehicle,2156895.64,2015-02-20,2026-07-25 01:44:21.978786,,Loan Management System
COL00001496,LN00000429,Gold,364313.94,2021-02-18,2026-07-25 01:44:21.978786,,Loan Management System
COL00001497,LN00002049,Property,2426464.2,2020-06-20,2026-07-25 01:44:21.978786,,Loan Management System
COL00001498,LN00002010,Gold,2842347.63,2017-04-13,2026-07-25 01:44:21.978786,,Loan Management System
COL00001499,LN00001568,Vehicle,2623470.63,2023-03-23,2026-07-25 01:44:21.978786,,Loan Management System
COL00001500,LN00001762,Vehicle,3279008.51,2014-09-20,2026-07-25 01:44:21.978786,,Loan Management System
COL00001501,LN00000576,Gold,121124.36,2016-01-08,2026-07-25 01:44:21.978786,,Loan Management System
COL00001502,LN00001968,Property,2863453.22,2025-12-07,2026-07-25 01:44:21.978786,,Loan Management System
COL00001503,LN00002407,Gold,2221180.63,2012-12-07,2026-07-25 01:44:21.978786,,Loan Management System
COL00001504,LN00000235,Vehicle,588535.96,2015-08-27,2026-07-25 01:44:21.978786,,Loan Management System
COL00001505,LN00000007,Property,17530987.02,2015-04-16,2026-07-25 01:44:21.978786,,Loan Management System
COL00001506,LN00000729,Vehicle,2464005.05,2025-12-12,2026-07-25 01:44:21.979786,,Loan Management System
COL00001507,LN00000708,Vehicle,1443901.39,2016-04-26,2026-07-25 01:44:21.979786,,Loan Management System
COL00001508,LN00001553,Vehicle,686409.89,2022-11-25,2026-07-25 01:44:21.979786,,Loan Management System
COL00001509,LN00000002,Property,7579528.14,2013-05-21,2026-07-25 01:44:21.979786,,Loan Management System
COL00001510,LN00002455,Property,16469159.33,2012-11-15,2026-07-25 01:44:21.979786,,Loan Management System
COL00001511,LN00002480,Vehicle,2042657.97,2013-06-08,2026-07-25 01:44:21.979786,,Loan Management System
COL00001512,LN00002093,Property,5526061.74,2026-03-04,2026-07-25 01:44:21.979786,,Loan Management System
COL00001513,LN00001036,Property,3300464.13,2017-07-11,2026-07-25 01:44:21.979786,,Loan Management System
COL00001514,LN00000196,Property,4260492.97,2014-03-10,2026-07-25 01:44:21.979786,,Loan Management System
COL00001515,LN00000673,Vehicle,4233172.0,2018-08-30,2026-07-25 01:44:21.979786,,Loan Management System
COL00001516,LN00000577,Property,8555832.76,2014-03-23,2026-07-25 01:44:21.979786,,Loan Management System
COL00001517,LN00000355,Vehicle,1744107.45,2020-09-26,2026-07-25 01:44:21.979786,,Loan Management System
COL00001518,LN00000979,Vehicle,2329908.62,2017-10-15,2026-07-25 01:44:21.979786,,Loan Management System
COL00001519,LN00001539,Property,794838.72,2026-05-10,2026-07-25 01:44:21.979786,,Loan Management System
COL00001520,LN00001011,Property,12509258.15,2023-12-13,2026-07-25 01:44:21.979786,,Loan Management System
COL00001521,LN00000757,Property,14642455.79,2020-05-06,2026-07-25 01:44:21.979786,,Loan Management System
COL00001522,LN00002176,Gold,2934768.53,2026-03-22,2026-07-25 01:44:21.979786,,Loan Management System
COL00001523,LN00000038,Property,5581243.1,2011-08-15,2026-07-25 01:44:21.979786,,Loan Management System
COL00001524,LN00000232,Vehicle,1490686.48,2016-09-23,2026-07-25 01:44:21.979786,,Loan Management System
COL00001525,LN00002403,Property,9055347.65,2020-04-06,2026-07-25 01:44:21.979786,,Loan Management System
COL00001526,LN00001990,Property,2414500.18,2017-06-27,2026-07-25 01:44:21.979786,,Loan Management System
COL00001527,LN00001785,Vehicle,241951.1,2020-11-30,2026-07-25 01:44:21.979786,,Loan Management System
COL00001528,LN00002352,Gold,60139.14,2012-04-08,2026-07-25 01:44:21.979786,,Loan Management System
COL00001529,LN00001896,Vehicle,2841525.96,2015-05-31,2026-07-25 01:44:21.979786,,Loan Management System
COL00001530,LN00002378,Property,8598093.74,2019-05-17,2026-07-25 01:44:21.979786,,Loan Management System
COL00001531,LN00001830,Gold,458395.99,2019-02-12,2026-07-25 01:44:21.979786,,Loan Management System
COL00001532,LN00000306,Vehicle,1358640.02,2015-08-23,2026-07-25 01:44:21.979786,,Loan Management System
COL00001533,LN00000647,Gold,1574679.06,2024-01-18,2026-07-25 01:44:21.979786,,Loan Management System
COL00001534,LN00002217,Property,7672087.31,2025-04-12,2026-07-25 01:44:21.979786,,Loan Management System
COL00001535,LN00000042,Property,2229924.26,2023-05-31,2026-07-25 01:44:21.979786,,Loan Management System
COL00001536,LN00000267,Property,8581068.87,2022-07-17,2026-07-25 01:44:21.979786,,Loan Management System
COL00001537,LN00002109,Property,6148734.32,2022-01-20,2026-07-25 01:44:21.979786,,Loan Management System
COL00001538,LN00000595,Property,23416949.7,2015-05-17,2026-07-25 01:44:21.979786,,Loan Management System
COL00001539,LN00002197,Vehicle,3347825.8,2012-07-11,2026-07-25 01:44:21.979786,,Loan Management System
COL00001540,LN00002216,Property,8390765.74,2019-03-10,2026-07-25 01:44:21.979786,,Loan Management System
COL00001541,LN00001674,Property,3952116.01,2020-12-24,2026-07-25 01:44:21.979786,,Loan Management System
COL00001542,LN00000518,Vehicle,1660405.4,2019-01-21,2026-07-25 01:44:21.979786,,Loan Management System
COL00001543,LN00002473,Gold,687836.08,2015-07-19,2026-07-25 01:44:21.979786,,Loan Management System
COL00001544,LN00000358,Vehicle,1937210.17,2013-01-29,2026-07-25 01:44:21.979786,,Loan Management System
COL00001545,LN00002453,Property,4713825.96,2022-01-06,2026-07-25 01:44:21.979786,,Loan Management System
COL00001546,LN00000223,Property,7504785.63,2011-07-18,2026-07-25 01:44:21.979786,,Loan Management System
COL00001547,LN00001244,Vehicle,2585341.11,2025-07-11,2026-07-25 01:44:21.979786,,Loan Management System
COL00001548,LN00001383,Vehicle,1691794.56,2019-10-08,2026-07-25 01:44:21.979786,,Loan Management System
COL00001549,LN00002066,Vehicle,1399852.09,2017-01-26,2026-07-25 01:44:21.980795,,Loan Management System
COL00001550,LN00002329,Property,5926386.97,2025-09-29,2026-07-25 01:44:21.980795,,Loan Management System
COL00001551,LN00001319,Vehicle,967041.87,2016-11-10,2026-07-25 01:44:21.980795,,Loan Management System
COL00001552,LN00002018,Gold,2188741.42,2021-08-19,2026-07-25 01:44:21.980795,,Loan Management System
COL00001553,LN00000574,Vehicle,1444662.08,2025-04-10,2026-07-25 01:44:21.980795,,Loan Management System
COL00001554,LN00000353,Gold,2098572.73,2012-05-06,2026-07-25 01:44:21.980795,,Loan Management System
COL00001555,LN00001922,Property,8664397.8,2024-01-20,2026-07-25 01:44:21.980795,,Loan Management System
COL00001556,LN00000184,Property,3200365.94,2023-10-25,2026-07-25 01:44:21.980795,,Loan Management System
COL00001557,LN00000274,Vehicle,1643043.05,2015-05-03,2026-07-25 01:44:21.980795,,Loan Management System
COL00001558,LN00001417,Property,6925134.29,2014-01-23,2026-07-25 01:44:21.980795,,Loan Management System
COL00001559,LN00001758,Property,22559308.66,2017-07-30,2026-07-25 01:44:21.980795,,Loan Management System
COL00001560,LN00002302,Property,5608325.53,2020-07-01,2026-07-25 01:44:21.980795,,Loan Management System
COL00001561,LN00002485,Property,12687695.43,2011-10-11,2026-07-25 01:44:21.980795,,Loan Management System
COL00001562,LN00000132,Vehicle,755113.66,2015-01-25,2026-07-25 01:44:21.980795,,Loan Management System
COL00001563,LN00002052,Property,14709885.35,2012-04-03,2026-07-25 01:44:21.980795,,Loan Management System
COL00001564,LN00000149,Property,4360582.0,2020-09-11,2026-07-25 01:44:21.980795,,Loan Management System
COL00001565,LN00001970,Property,6737195.4,2024-07-25,2026-07-25 01:44:21.980795,,Loan Management System
COL00001566,LN00000970,Gold,925578.78,2013-07-22,2026-07-25 01:44:21.980795,,Loan Management System
COL00001567,LN00002021,Vehicle,3143266.9,2014-03-05,2026-07-25 01:44:21.980795,,Loan Management System
COL00001568,LN00000356,Property,13133307.0,2025-10-01,2026-07-25 01:44:21.980795,,Loan Management System
COL00001569,LN00002382,Property,3674622.32,2018-01-17,2026-07-25 01:44:21.980795,,Loan Management System
COL00001570,LN00000329,Vehicle,3453212.58,2023-11-13,2026-07-25 01:44:21.980795,,Loan Management System
COL00001571,LN00001636,Gold,2116559.44,2016-07-25,2026-07-25 01:44:21.980795,,Loan Management System
COL00001572,LN00002248,Property,4303368.85,2016-05-09,2026-07-25 01:44:21.980795,,Loan Management System
COL00001573,LN00001940,Vehicle,1082959.45,2026-04-24,2026-07-25 01:44:21.980795,,Loan Management System
COL00001574,LN00002154,Property,4698000.81,2021-10-14,2026-07-25 01:44:21.980795,,Loan Management System
COL00001575,LN00001993,Property,11642057.86,2026-05-01,2026-07-25 01:44:21.980795,,Loan Management System
COL00001576,LN00000121,Vehicle,2799820.39,2024-07-22,2026-07-25 01:44:21.980795,,Loan Management System
COL00001577,LN00002309,Property,7694674.94,2011-11-10,2026-07-25 01:44:21.980795,,Loan Management System
COL00001578,LN00000442,Property,6863894.01,2022-06-28,2026-07-25 01:44:21.980795,,Loan Management System
COL00001579,LN00002496,Vehicle,1360318.27,2017-06-25,2026-07-25 01:44:21.980795,,Loan Management System
COL00001580,LN00002322,Property,6826427.68,2016-07-22,2026-07-25 01:44:21.980795,,Loan Management System
COL00001581,LN00001966,Vehicle,2547191.18,2025-04-09,2026-07-25 01:44:21.980795,,Loan Management System
COL00001582,LN00001739,Vehicle,1001721.04,2025-09-03,2026-07-25 01:44:21.980795,,Loan Management System
COL00001583,LN00000107,Property,5406873.06,2020-08-21,2026-07-25 01:44:21.980795,,Loan Management System
COL00001584,LN00001408,Property,6048702.55,2016-05-11,2026-07-25 01:44:21.980795,,Loan Management System
COL00001585,LN00001894,Property,8927373.62,2018-11-03,2026-07-25 01:44:21.980795,,Loan Management System
COL00001586,LN00002449,Gold,2822036.85,2024-06-06,2026-07-25 01:44:21.980795,,Loan Management System
COL00001587,LN00002450,Vehicle,3620477.62,2023-07-10,2026-07-25 01:44:21.980795,,Loan Management System
COL00001588,LN00001642,Property,13010667.86,2013-10-12,2026-07-25 01:44:21.980795,,Loan Management System
COL00001589,LN00000654,Vehicle,493387.11,2017-02-08,2026-07-25 01:44:21.980795,,Loan Management System
COL00001590,LN00000570,Property,8140214.07,2025-02-21,2026-07-25 01:44:21.980795,,Loan Management System
COL00001591,LN00000413,Gold,2310478.28,2012-09-05,2026-07-25 01:44:21.980795,,Loan Management System
COL00001592,LN00001529,Property,9859677.84,2020-07-31,2026-07-25 01:44:21.981799,,Loan Management System
COL00001593,LN00000071,Property,13333749.12,2022-01-16,2026-07-25 01:44:21.981799,,Loan Management System
COL00001594,LN00001218,Vehicle,1508981.1,2023-03-07,2026-07-25 01:44:21.981799,,Loan Management System
COL00001595,LN00000242,Property,4766094.83,2012-09-18,2026-07-25 01:44:21.981799,,Loan Management System
COL00001596,LN00000169,Property,11029431.62,2024-12-27,2026-07-25 01:44:21.981799,,Loan Management System
COL00001597,LN00001325,Property,2317798.65,2026-03-20,2026-07-25 01:44:21.981799,,Loan Management System
COL00001598,LN00001774,Property,8150409.56,2012-05-11,2026-07-25 01:44:21.981799,,Loan Management System
COL00001599,LN00001725,Vehicle,4395658.62,2019-04-07,2026-07-25 01:44:21.981799,,Loan Management System
COL00001600,LN00000041,Property,5745924.62,2014-03-13,2026-07-25 01:44:21.981799,,Loan Management System
COL00001601,LN00001276,Gold,545596.64,2024-07-16,2026-07-25 01:44:21.981799,,Loan Management System
COL00001602,LN00000517,Property,11430129.92,2024-02-12,2026-07-25 01:44:21.981799,,Loan Management System
COL00001603,LN00001594,Property,11707865.24,2023-03-11,2026-07-25 01:44:21.981799,,Loan Management System
COL00001604,LN00001363,Property,3436528.99,2011-10-05,2026-07-25 01:44:21.981799,,Loan Management System
COL00001605,LN00000840,Property,12413807.62,2011-08-04,2026-07-25 01:44:21.981799,,Loan Management System
COL00001606,LN00000289,Gold,1155144.1,2012-09-14,2026-07-25 01:44:21.981799,,Loan Management System
COL00001607,LN00001939,Vehicle,3524269.44,2018-09-21,2026-07-25 01:44:21.981799,,Loan Management System
COL00001608,LN00000458,Gold,192151.83,2013-10-18,2026-07-25 01:44:21.981799,,Loan Management System
COL00001609,LN00000012,Property,4289878.42,2024-02-02,2026-07-25 01:44:21.981799,,Loan Management System
COL00001610,LN00000055,Property,3630449.03,2025-12-15,2026-07-25 01:44:21.981799,,Loan Management System
COL00001611,LN00001710,Property,1027938.23,2016-08-22,2026-07-25 01:44:21.981799,,Loan Management System
COL00001612,LN00000977,Property,7037843.64,2018-10-12,2026-07-25 01:44:21.981799,,Loan Management System
COL00001613,LN00001069,Property,2699814.43,2015-08-14,2026-07-25 01:44:21.981799,,Loan Management System
COL00001614,LN00001591,Property,5414954.64,2011-08-22,2026-07-25 01:44:21.981799,,Loan Management System
COL00001615,LN00000853,Property,5613925.32,2021-09-29,2026-07-25 01:44:21.981799,,Loan Management System
COL00001616,LN00000745,Property,6390987.21,2023-04-02,2026-07-25 01:44:21.981799,,Loan Management System
COL00001617,LN00001699,Property,3499300.15,2022-01-17,2026-07-25 01:44:21.981799,,Loan Management System
