application_id,customer_id,loan_id,application_date,requested_amount,approval_status,created_at,updated_at,source_system
APP00000001,CUST00002933,,2022-11-12,1927035.39,Rejected,2026-07-25 01:44:21.178348,,Loan Management System
APP00000002,CUST00003986,,2022-12-06,3827106.86,Cancelled,2026-07-25 01:44:21.178348,,Loan Management System
APP00000003,CUST00000905,LN00000894,2017-03-01,1494030.14,Approved,2026-07-25 01:44:21.178348,,Loan Management System
APP00000004,CUST00001251,,2020-06-19,843234.66,Rejected,2026-07-25 01:44:21.179348,,Loan Management System
APP00000005,CUST00001781,LN00001987,2024-06-17,2634168.16,Approved,2026-07-25 01:44:21.179348,,Loan Management System
APP00000006,CUST00001331,LN00000563,2018-06-04,9056475.16,Approved,2026-07-25 01:44:21.179348,,Loan Management System
APP00000007,CUST00002564,LN00001511,2023-07-05,987033.39,Approved,2026-07-25 01:44:21.179348,,Loan Management System
APP00000008,CUST00004970,,2020-10-25,377988.4,Rejected,2026-07-25 01:44:21.179348,,Loan Management System
APP00000009,CUST00000784,,2020-03-11,1161535.27,Pending,2026-07-25 01:44:21.180352,,Loan Management System
APP00000010,CUST00002610,,2024-12-09,1596848.25,Rejected,2026-07-25 01:44:21.180352,,Loan Management System
APP00000011,CUST00004648,LN00000157,2015-04-07,2030223.41,Approved,2026-07-25 01:44:21.180352,,Loan Management System
APP00000012,CUST00004955,,2020-12-27,2444686.64,Cancelled,2026-07-25 01:44:21.180352,,Loan Management System
APP00000013,CUST00002585,LN00001583,2016-06-06,3378576.41,Approved,2026-07-25 01:44:21.180352,,Loan Management System
APP00000014,CUST00004190,LN00001581,2017-08-07,162639.17,Approved,2026-07-25 01:44:21.181370,,Loan Management System
APP00000015,CUST00001984,LN00000687,2016-05-25,1358573.47,Approved,2026-07-25 01:44:21.181370,,Loan Management System
APP00000016,CUST00004604,LN00001879,2020-01-02,2176112.74,Approved,2026-07-25 01:44:21.181370,,Loan Management System
APP00000017,CUST00004700,LN00001793,2024-09-24,2074050.62,Approved,2026-07-25 01:44:21.181370,,Loan Management System
APP00000018,CUST00001111,LN00001674,2020-12-23,2964218.77,Approved,2026-07-25 01:44:21.181370,,Loan Management System
APP00000019,CUST00003268,LN00000816,2014-02-02,986562.15,Approved,2026-07-25 01:44:21.181370,,Loan Management System
APP00000020,CUST00003905,LN00000024,2011-11-29,499305.2,Approved,2026-07-25 01:44:21.181370,,Loan Management System
APP00000021,CUST00001468,LN00001831,2024-08-19,269204.15,Approved,2026-07-25 01:44:21.181370,,Loan Management System
APP00000022,CUST00003235,,2017-08-20,2793148.61,Pending,2026-07-25 01:44:21.181370,,Loan Management System
APP00000023,CUST00000811,,2024-12-22,3278737.26,Pending,2026-07-25 01:44:21.182357,,Loan Management System
APP00000024,CUST00002786,LN00001371,2013-05-29,2237999.89,Approved,2026-07-25 01:44:21.182357,,Loan Management System
APP00000025,CUST00001323,,2017-06-05,531033.93,Pending,2026-07-25 01:44:21.182357,,Loan Management System
APP00000026,CUST00001404,LN00001627,2016-09-17,165312.98,Approved,2026-07-25 01:44:21.182357,,Loan Management System
APP00000027,CUST00004915,LN00002144,2025-06-28,3179329.67,Approved,2026-07-25 01:44:21.182357,,Loan Management System
APP00000028,CUST00003541,LN00001242,2021-07-17,1309651.21,Approved,2026-07-25 01:44:21.182357,,Loan Management System
APP00000029,CUST00000473,,2024-09-07,881060.45,Rejected,2026-07-25 01:44:21.182357,,Loan Management System
APP00000030,CUST00004483,,2021-06-17,645737.6,Rejected,2026-07-25 01:44:21.183355,,Loan Management System
APP00000031,CUST00004649,LN00001193,2015-12-26,1307654.89,Approved,2026-07-25 01:44:21.183355,,Loan Management System
APP00000032,CUST00001836,LN00000414,2022-11-30,5687876.02,Approved,2026-07-25 01:44:21.183355,,Loan Management System
APP00000033,CUST00004940,,2012-04-25,1925439.36,Rejected,2026-07-25 01:44:21.183355,,Loan Management System
APP00000034,CUST00002504,LN00000206,2020-02-16,959475.15,Approved,2026-07-25 01:44:21.183355,,Loan Management System
APP00000035,CUST00003986,,2020-11-06,1628725.16,Rejected,2026-07-25 01:44:21.184371,,Loan Management System
APP00000036,CUST00002707,,2017-04-27,4976477.34,Cancelled,2026-07-25 01:44:21.184371,,Loan Management System
APP00000037,CUST00001850,,2025-05-26,2954362.98,Pending,2026-07-25 01:44:21.184371,,Loan Management System
APP00000038,CUST00003400,LN00001538,2021-10-22,2102920.22,Approved,2026-07-25 01:44:21.184371,,Loan Management System
APP00000039,CUST00000571,,2025-09-08,2064963.05,Rejected,2026-07-25 01:44:21.185368,,Loan Management System
APP00000040,CUST00002063,LN00000039,2024-06-05,1226109.85,Approved,2026-07-25 01:44:21.185368,,Loan Management System
APP00000041,CUST00002767,LN00000967,2023-03-02,2702795.79,Approved,2026-07-25 01:44:21.185368,,Loan Management System
APP00000042,CUST00000238,,2022-04-23,9887754.35,Cancelled,2026-07-25 01:44:21.185368,,Loan Management System
APP00000043,CUST00002428,LN00000336,2014-09-04,10440395.52,Approved,2026-07-25 01:44:21.185368,,Loan Management System
APP00000044,CUST00000257,LN00001259,2012-10-18,2422016.98,Approved,2026-07-25 01:44:21.185368,,Loan Management System
APP00000045,CUST00000301,LN00001836,2019-02-08,59434.03,Approved,2026-07-25 01:44:21.185368,,Loan Management System
APP00000046,CUST00000118,LN00000014,2012-12-29,1811746.47,Approved,2026-07-25 01:44:21.185368,,Loan Management System
APP00000047,CUST00000557,LN00001067,2018-04-13,7616160.27,Approved,2026-07-25 01:44:21.185368,,Loan Management System
APP00000048,CUST00002887,,2016-07-21,588124.81,Rejected,2026-07-25 01:44:21.185368,,Loan Management System
APP00000049,CUST00002147,LN00000489,2016-03-28,1302210.17,Approved,2026-07-25 01:44:21.185368,,Loan Management System
APP00000050,CUST00001432,LN00001897,2018-06-12,10519764.57,Approved,2026-07-25 01:44:21.185368,,Loan Management System
APP00000051,CUST00003229,LN00002355,2022-12-14,272838.02,Approved,2026-07-25 01:44:21.185368,,Loan Management System
APP00000052,CUST00002274,LN00000849,2024-02-15,1033064.95,Approved,2026-07-25 01:44:21.185368,,Loan Management System
APP00000053,CUST00000419,LN00001584,2023-05-17,8404224.73,Approved,2026-07-25 01:44:21.185368,,Loan Management System
APP00000054,CUST00002004,LN00001185,2012-07-02,376681.37,Approved,2026-07-25 01:44:21.185368,,Loan Management System
APP00000055,CUST00000721,LN00001660,2025-03-21,808419.85,Approved,2026-07-25 01:44:21.185368,,Loan Management System
APP00000056,CUST00002464,LN00001699,2022-01-13,3697384.78,Approved,2026-07-25 01:44:21.186363,,Loan Management System
APP00000057,CUST00004869,,2025-06-07,3247166.87,Rejected,2026-07-25 01:44:21.186363,,Loan Management System
APP00000058,CUST00001164,LN00002306,2018-09-27,5190474.8,Approved,2026-07-25 01:44:21.186363,,Loan Management System
APP00000059,CUST00004248,LN00000076,2023-07-04,1768874.97,Approved,2026-07-25 01:44:21.186363,,Loan Management System
APP00000060,CUST00003526,LN00000582,2026-04-19,530428.27,Approved,2026-07-25 01:44:21.186363,,Loan Management System
APP00000061,CUST00003586,LN00002277,2022-09-10,3596112.96,Approved,2026-07-25 01:44:21.186363,,Loan Management System
APP00000062,CUST00001087,LN00000375,2024-10-13,5378690.58,Approved,2026-07-25 01:44:21.186363,,Loan Management System
APP00000063,CUST00002330,LN00001646,2017-09-10,8799358.83,Approved,2026-07-25 01:44:21.186363,,Loan Management System
APP00000064,CUST00003769,LN00002068,2011-08-14,2644507.86,Approved,2026-07-25 01:44:21.186363,,Loan Management System
APP00000065,CUST00000889,,2026-03-25,816877.22,Rejected,2026-07-25 01:44:21.186363,,Loan Management System
APP00000066,CUST00003614,LN00002368,2016-09-01,1118002.5,Approved,2026-07-25 01:44:21.186363,,Loan Management System
APP00000067,CUST00003012,LN00000483,2013-06-12,2465772.5,Approved,2026-07-25 01:44:21.186363,,Loan Management System
APP00000068,CUST00004179,LN00001358,2015-07-15,2008845.45,Approved,2026-07-25 01:44:21.186363,,Loan Management System
APP00000069,CUST00003123,LN00000650,2017-08-16,3169492.06,Approved,2026-07-25 01:44:21.186363,,Loan Management System
APP00000070,CUST00003587,LN00001649,2016-02-17,10240213.49,Approved,2026-07-25 01:44:21.186363,,Loan Management System
APP00000071,CUST00003448,LN00001250,2023-03-26,2607823.96,Approved,2026-07-25 01:44:21.186363,,Loan Management System
APP00000072,CUST00002688,LN00001687,2022-12-08,328291.87,Approved,2026-07-25 01:44:21.186363,,Loan Management System
APP00000073,CUST00004434,,2024-03-16,1290765.39,Pending,2026-07-25 01:44:21.187355,,Loan Management System
APP00000074,CUST00000466,,2019-01-16,2667484.85,Rejected,2026-07-25 01:44:21.187355,,Loan Management System
APP00000075,CUST00000109,LN00001343,2024-06-04,6859419.96,Approved,2026-07-25 01:44:21.187355,,Loan Management System
APP00000076,CUST00001415,LN00001966,2025-03-21,1969077.89,Approved,2026-07-25 01:44:21.187355,,Loan Management System
APP00000077,CUST00001169,LN00000432,2015-11-18,1518515.08,Approved,2026-07-25 01:44:21.187355,,Loan Management System
APP00000078,CUST00001732,LN00000240,2019-10-17,246729.8,Approved,2026-07-25 01:44:21.187355,,Loan Management System
APP00000079,CUST00003457,,2023-05-03,17428610.33,Rejected,2026-07-25 01:44:21.187355,,Loan Management System
APP00000080,CUST00001693,LN00000440,2013-10-02,2178100.09,Approved,2026-07-25 01:44:21.187355,,Loan Management System
APP00000081,CUST00000195,LN00002159,2012-10-09,495411.96,Approved,2026-07-25 01:44:21.187355,,Loan Management System
APP00000082,CUST00002732,LN00001675,2017-10-02,1605660.18,Approved,2026-07-25 01:44:21.187355,,Loan Management System
APP00000083,CUST00000862,LN00002419,2019-02-22,223405.07,Approved,2026-07-25 01:44:21.187355,,Loan Management System
APP00000084,CUST00002373,LN00001366,2012-12-31,3054571.16,Approved,2026-07-25 01:44:21.187355,,Loan Management System
APP00000085,CUST00003556,LN00000717,2015-07-03,7294439.28,Approved,2026-07-25 01:44:21.187355,,Loan Management System
APP00000086,CUST00002802,LN00002367,2015-06-26,8112727.38,Approved,2026-07-25 01:44:21.188358,,Loan Management System
APP00000087,CUST00002169,,2018-11-20,6499610.64,Pending,2026-07-25 01:44:21.188358,,Loan Management System
APP00000088,CUST00004062,LN00000080,2015-06-07,603874.6,Approved,2026-07-25 01:44:21.188358,,Loan Management System
APP00000089,CUST00004524,LN00000170,2023-01-06,239098.69,Approved,2026-07-25 01:44:21.188358,,Loan Management System
APP00000090,CUST00003324,LN00000057,2021-10-22,2237128.88,Approved,2026-07-25 01:44:21.188358,,Loan Management System
APP00000091,CUST00002715,LN00001147,2013-05-30,4981213.11,Approved,2026-07-25 01:44:21.188358,,Loan Management System
APP00000092,CUST00000726,LN00001156,2012-05-23,6932593.49,Approved,2026-07-25 01:44:21.188358,,Loan Management System
APP00000093,CUST00001368,,2013-04-22,5832197.68,Rejected,2026-07-25 01:44:21.188358,,Loan Management System
APP00000094,CUST00000132,LN00002007,2017-10-24,82780.04,Approved,2026-07-25 01:44:21.188358,,Loan Management System
APP00000095,CUST00003137,LN00000180,2020-11-21,7351196.61,Approved,2026-07-25 01:44:21.188358,,Loan Management System
APP00000096,CUST00001591,LN00001870,2021-06-06,1288252.26,Approved,2026-07-25 01:44:21.188358,,Loan Management System
APP00000097,CUST00004946,,2016-10-10,4822048.75,Rejected,2026-07-25 01:44:21.189354,,Loan Management System
APP00000098,CUST00003432,LN00001148,2025-07-01,980817.6,Approved,2026-07-25 01:44:21.189354,,Loan Management System
APP00000099,CUST00004778,LN00001497,2012-03-02,6135300.56,Approved,2026-07-25 01:44:21.189354,,Loan Management System
APP00000100,CUST00004742,,2023-10-09,250161.72,Pending,2026-07-25 01:44:21.189354,,Loan Management System
APP00000101,CUST00002071,LN00000274,2015-05-01,1853159.77,Approved,2026-07-25 01:44:21.189354,,Loan Management System
APP00000102,CUST00000726,,2014-05-25,3723288.79,Pending,2026-07-25 01:44:21.189354,,Loan Management System
APP00000103,CUST00002652,,2023-04-19,11652004.17,Rejected,2026-07-25 01:44:21.189354,,Loan Management System
APP00000104,CUST00004286,,2019-02-11,4846541.12,Rejected,2026-07-25 01:44:21.190363,,Loan Management System
APP00000105,CUST00000464,LN00000451,2021-01-23,1333244.66,Approved,2026-07-25 01:44:21.190363,,Loan Management System
APP00000106,CUST00001795,,2019-03-03,1019226.73,Rejected,2026-07-25 01:44:21.190363,,Loan Management System
APP00000107,CUST00004301,LN00002342,2014-03-04,6003703.32,Approved,2026-07-25 01:44:21.190363,,Loan Management System
APP00000108,CUST00000462,,2023-12-05,108789.01,Pending,2026-07-25 01:44:21.190363,,Loan Management System
APP00000109,CUST00003374,,2026-05-13,1032021.88,Cancelled,2026-07-25 01:44:21.191349,,Loan Management System
APP00000110,CUST00004100,,2017-07-23,9607055.74,Pending,2026-07-25 01:44:21.191349,,Loan Management System
APP00000111,CUST00002433,,2022-01-08,1698721.38,Rejected,2026-07-25 01:44:21.191349,,Loan Management System
APP00000112,CUST00002702,,2018-12-17,163739.27,Rejected,2026-07-25 01:44:21.191349,,Loan Management System
APP00000113,CUST00002080,,2016-03-26,1991708.56,Rejected,2026-07-25 01:44:21.191349,,Loan Management System
APP00000114,CUST00001163,LN00001784,2024-06-04,998395.75,Approved,2026-07-25 01:44:21.192352,,Loan Management System
APP00000115,CUST00001477,LN00001375,2019-11-22,264005.67,Approved,2026-07-25 01:44:21.192352,,Loan Management System
APP00000116,CUST00000698,,2022-12-24,824430.51,Cancelled,2026-07-25 01:44:21.192352,,Loan Management System
APP00000117,CUST00004230,LN00000859,2019-10-06,2478229.69,Approved,2026-07-25 01:44:21.192352,,Loan Management System
APP00000118,CUST00002521,,2017-09-28,2286943.39,Rejected,2026-07-25 01:44:21.192352,,Loan Management System
APP00000119,CUST00000231,LN00000709,2020-04-18,605239.19,Approved,2026-07-25 01:44:21.192352,,Loan Management System
APP00000120,CUST00004815,LN00001168,2021-10-01,1220617.37,Approved,2026-07-25 01:44:21.192352,,Loan Management System
APP00000121,CUST00004712,,2012-02-03,632850.87,Pending,2026-07-25 01:44:21.192352,,Loan Management System
APP00000122,CUST00003913,LN00000100,2023-05-15,7486595.09,Approved,2026-07-25 01:44:21.192352,,Loan Management System
APP00000123,CUST00004847,,2025-12-31,664028.22,Rejected,2026-07-25 01:44:21.193378,,Loan Management System
APP00000124,CUST00003447,LN00000004,2024-03-03,1843111.41,Approved,2026-07-25 01:44:21.193378,,Loan Management System
APP00000125,CUST00002128,LN00001801,2013-09-20,18518885.66,Approved,2026-07-25 01:44:21.193378,,Loan Management System
APP00000126,CUST00004154,LN00001196,2014-01-29,5218334.15,Approved,2026-07-25 01:44:21.193378,,Loan Management System
APP00000127,CUST00001550,LN00001465,2019-03-15,3966245.49,Approved,2026-07-25 01:44:21.193378,,Loan Management System
APP00000128,CUST00003786,LN00000940,2023-08-19,1510161.04,Approved,2026-07-25 01:44:21.193378,,Loan Management System
APP00000129,CUST00004257,LN00000408,2012-10-25,1882921.23,Approved,2026-07-25 01:44:21.193378,,Loan Management System
APP00000130,CUST00004442,,2024-10-21,8603787.72,Cancelled,2026-07-25 01:44:21.193378,,Loan Management System
APP00000131,CUST00003409,,2022-07-15,145674.3,Pending,2026-07-25 01:44:21.193378,,Loan Management System
APP00000132,CUST00000314,,2017-10-17,2902402.29,Rejected,2026-07-25 01:44:21.194356,,Loan Management System
APP00000133,CUST00004444,LN00000374,2016-01-01,9397063.52,Approved,2026-07-25 01:44:21.194356,,Loan Management System
APP00000134,CUST00001232,LN00001905,2016-10-24,1369064.22,Approved,2026-07-25 01:44:21.194356,,Loan Management System
APP00000135,CUST00001893,,2021-03-18,2092040.43,Rejected,2026-07-25 01:44:21.194356,,Loan Management System
APP00000136,CUST00002201,LN00002412,2020-02-20,553526.48,Approved,2026-07-25 01:44:21.194356,,Loan Management System
APP00000137,CUST00000331,,2021-11-08,2409200.08,Rejected,2026-07-25 01:44:21.194356,,Loan Management System
APP00000138,CUST00004150,LN00000205,2014-06-22,1495404.51,Approved,2026-07-25 01:44:21.194356,,Loan Management System
APP00000139,CUST00002919,LN00001961,2013-06-19,2510046.05,Approved,2026-07-25 01:44:21.194356,,Loan Management System
APP00000140,CUST00004679,LN00001030,2019-11-26,8804176.22,Approved,2026-07-25 01:44:21.194356,,Loan Management System
APP00000141,CUST00002052,LN00000239,2023-12-11,13186508.42,Approved,2026-07-25 01:44:21.194356,,Loan Management System
APP00000142,CUST00002330,,2019-02-11,2041775.25,Rejected,2026-07-25 01:44:21.194356,,Loan Management System
APP00000143,CUST00001339,LN00001550,2015-09-26,2206365.01,Approved,2026-07-25 01:44:21.195361,,Loan Management System
APP00000144,CUST00004032,LN00001108,2021-09-11,1384993.77,Approved,2026-07-25 01:44:21.195361,,Loan Management System
APP00000145,CUST00000134,,2013-11-26,894671.89,Cancelled,2026-07-25 01:44:21.195361,,Loan Management System
APP00000146,CUST00001872,LN00000889,2017-12-25,1455681.13,Approved,2026-07-25 01:44:21.195361,,Loan Management System
APP00000147,CUST00004034,,2017-10-21,8169112.86,Rejected,2026-07-25 01:44:21.195361,,Loan Management System
APP00000148,CUST00001175,,2018-05-02,928203.93,Rejected,2026-07-25 01:44:21.195361,,Loan Management System
APP00000149,CUST00003499,LN00000203,2019-12-29,19954010.4,Approved,2026-07-25 01:44:21.195361,,Loan Management System
APP00000150,CUST00000063,,2022-08-12,1750952.86,Rejected,2026-07-25 01:44:21.196357,,Loan Management System
APP00000151,CUST00000903,,2016-04-20,586209.22,Cancelled,2026-07-25 01:44:21.196357,,Loan Management System
APP00000152,CUST00001759,LN00001956,2013-04-20,2698204.83,Approved,2026-07-25 01:44:21.196357,,Loan Management System
APP00000153,CUST00001621,LN00002430,2017-10-20,2567582.4,Approved,2026-07-25 01:44:21.196357,,Loan Management System
APP00000154,CUST00004031,LN00001833,2020-02-19,1531672.62,Approved,2026-07-25 01:44:21.196357,,Loan Management System
APP00000155,CUST00002458,LN00000672,2014-09-16,11949054.05,Approved,2026-07-25 01:44:21.196357,,Loan Management System
APP00000156,CUST00001221,LN00002228,2013-04-17,279177.96,Approved,2026-07-25 01:44:21.196357,,Loan Management System
APP00000157,CUST00001877,LN00000747,2024-04-22,8595022.59,Approved,2026-07-25 01:44:21.196357,,Loan Management System
APP00000158,CUST00003558,,2018-02-22,863345.9,Rejected,2026-07-25 01:44:21.196357,,Loan Management System
APP00000159,CUST00004016,,2021-02-12,9711045.43,Rejected,2026-07-25 01:44:21.196357,,Loan Management System
APP00000160,CUST00000314,,2013-07-25,1773756.38,Rejected,2026-07-25 01:44:21.197356,,Loan Management System
APP00000161,CUST00002316,LN00001789,2025-04-18,2558109.7,Approved,2026-07-25 01:44:21.197356,,Loan Management System
APP00000162,CUST00003735,,2024-09-29,3147520.89,Rejected,2026-07-25 01:44:21.197356,,Loan Management System
APP00000163,CUST00002418,LN00001768,2022-09-27,2905715.97,Approved,2026-07-25 01:44:21.197356,,Loan Management System
APP00000164,CUST00003087,LN00002080,2025-09-08,6061768.54,Approved,2026-07-25 01:44:21.197356,,Loan Management System
APP00000165,CUST00004550,LN00002094,2016-10-10,607449.38,Approved,2026-07-25 01:44:21.197356,,Loan Management System
APP00000166,CUST00003643,,2021-12-21,888905.21,Rejected,2026-07-25 01:44:21.197356,,Loan Management System
APP00000167,CUST00002849,LN00002112,2023-03-17,126582.74,Approved,2026-07-25 01:44:21.197356,,Loan Management System
APP00000168,CUST00003932,,2023-05-15,1021673.56,Pending,2026-07-25 01:44:21.198359,,Loan Management System
APP00000169,CUST00003541,LN00001404,2020-02-29,801847.06,Approved,2026-07-25 01:44:21.198359,,Loan Management System
APP00000170,CUST00000482,LN00002276,2021-05-12,576783.87,Approved,2026-07-25 01:44:21.198359,,Loan Management System
APP00000171,CUST00004109,LN00001442,2019-06-21,2031927.95,Approved,2026-07-25 01:44:21.198359,,Loan Management System
APP00000172,CUST00002923,LN00001525,2017-10-22,661072.19,Approved,2026-07-25 01:44:21.198359,,Loan Management System
APP00000173,CUST00003962,,2026-01-26,7593812.13,Pending,2026-07-25 01:44:21.198359,,Loan Management System
APP00000174,CUST00000381,LN00000280,2015-04-30,1185963.24,Approved,2026-07-25 01:44:21.198359,,Loan Management System
APP00000175,CUST00003888,LN00001303,2013-04-16,1109467.48,Approved,2026-07-25 01:44:21.198359,,Loan Management System
APP00000176,CUST00000598,LN00001349,2016-05-03,84834.62,Approved,2026-07-25 01:44:21.198359,,Loan Management System
APP00000177,CUST00001807,LN00001832,2017-09-01,16003693.96,Approved,2026-07-25 01:44:21.198359,,Loan Management System
APP00000178,CUST00002819,LN00000054,2017-07-09,2457723.75,Approved,2026-07-25 01:44:21.198359,,Loan Management System
APP00000179,CUST00001177,LN00000992,2022-04-17,8114093.19,Approved,2026-07-25 01:44:21.198359,,Loan Management System
APP00000180,CUST00003235,,2022-12-03,1091272.84,Cancelled,2026-07-25 01:44:21.198359,,Loan Management System
APP00000181,CUST00001184,LN00000972,2021-02-12,1664164.8,Approved,2026-07-25 01:44:21.198359,,Loan Management System
APP00000182,CUST00001677,LN00002169,2019-01-20,1142718.54,Approved,2026-07-25 01:44:21.198359,,Loan Management System
APP00000183,CUST00003639,,2020-12-01,2556108.14,Pending,2026-07-25 01:44:21.199362,,Loan Management System
APP00000184,CUST00004116,LN00000212,2022-05-29,1505261.29,Approved,2026-07-25 01:44:21.199362,,Loan Management System
APP00000185,CUST00004527,,2016-07-02,1383617.84,Rejected,2026-07-25 01:44:21.199362,,Loan Management System
APP00000186,CUST00003172,LN00001993,2026-04-10,9464658.15,Approved,2026-07-25 01:44:21.199362,,Loan Management System
APP00000187,CUST00000267,LN00001453,2012-01-26,613950.28,Approved,2026-07-25 01:44:21.199362,,Loan Management System
APP00000188,CUST00002804,LN00000092,2025-08-17,9619092.89,Approved,2026-07-25 01:44:21.199362,,Loan Management System
APP00000189,CUST00004472,,2025-01-23,3462975.86,Rejected,2026-07-25 01:44:21.199362,,Loan Management System
APP00000190,CUST00000097,,2017-09-17,6750026.37,Rejected,2026-07-25 01:44:21.200363,,Loan Management System
APP00000191,CUST00000289,LN00001129,2022-05-19,1781197.19,Approved,2026-07-25 01:44:21.200363,,Loan Management System
APP00000192,CUST00001486,,2015-05-18,578184.25,Pending,2026-07-25 01:44:21.200363,,Loan Management System
APP00000193,CUST00000675,,2013-08-17,4957619.62,Rejected,2026-07-25 01:44:21.200363,,Loan Management System
APP00000194,CUST00001410,LN00001597,2012-04-12,1167575.23,Approved,2026-07-25 01:44:21.200363,,Loan Management System
APP00000195,CUST00003393,LN00001350,2018-11-19,1026333.06,Approved,2026-07-25 01:44:21.200363,,Loan Management System
APP00000196,CUST00002118,LN00001948,2021-04-15,607305.59,Approved,2026-07-25 01:44:21.200363,,Loan Management System
APP00000197,CUST00001247,LN00001391,2021-09-20,2041661.91,Approved,2026-07-25 01:44:21.200363,,Loan Management System
APP00000198,CUST00003688,LN00000059,2025-02-19,3310911.59,Approved,2026-07-25 01:44:21.200363,,Loan Management System
APP00000199,CUST00001337,,2017-09-13,2035314.33,Rejected,2026-07-25 01:44:21.200363,,Loan Management System
APP00000200,CUST00000922,LN00001662,2019-07-05,2994706.23,Approved,2026-07-25 01:44:21.200363,,Loan Management System
APP00000201,CUST00001758,LN00000677,2024-04-10,1199908.94,Approved,2026-07-25 01:44:21.201369,,Loan Management System
APP00000202,CUST00002425,,2017-11-02,1286469.02,Rejected,2026-07-25 01:44:21.201369,,Loan Management System
APP00000203,CUST00000391,,2019-07-07,6973406.43,Cancelled,2026-07-25 01:44:21.201369,,Loan Management System
APP00000204,CUST00001090,,2025-03-26,15995889.76,Rejected,2026-07-25 01:44:21.201369,,Loan Management System
APP00000205,CUST00001267,,2020-12-11,764346.57,Rejected,2026-07-25 01:44:21.202359,,Loan Management System
APP00000206,CUST00002120,LN00000302,2023-09-25,2543837.51,Approved,2026-07-25 01:44:21.202359,,Loan Management System
APP00000207,CUST00004661,LN00001774,2012-06-01,5510447.57,Approved,2026-07-25 01:44:21.202359,,Loan Management System
APP00000208,CUST00003920,,2013-01-10,1163950.03,Rejected,2026-07-25 01:44:21.202359,,Loan Management System
APP00000209,CUST00002606,LN00000407,2020-01-20,9687461.85,Approved,2026-07-25 01:44:21.202359,,Loan Management System
APP00000210,CUST00000750,,2016-10-27,954208.67,Rejected,2026-07-25 01:44:21.202359,,Loan Management System
APP00000211,CUST00004320,LN00000906,2024-03-30,1966000.35,Approved,2026-07-25 01:44:21.202359,,Loan Management System
APP00000212,CUST00002594,LN00000810,2012-11-21,1659301.67,Approved,2026-07-25 01:44:21.202359,,Loan Management System
APP00000213,CUST00003211,LN00000038,2011-08-23,3793223.99,Approved,2026-07-25 01:44:21.202359,,Loan Management System
APP00000214,CUST00001454,LN00001082,2017-06-27,5795820.08,Approved,2026-07-25 01:44:21.202359,,Loan Management System
APP00000215,CUST00000227,,2024-08-24,342272.81,Rejected,2026-07-25 01:44:21.203356,,Loan Management System
APP00000216,CUST00001660,LN00000685,2011-07-05,3135230.77,Approved,2026-07-25 01:44:21.203356,,Loan Management System
APP00000217,CUST00003322,LN00000621,2012-03-13,2469914.62,Approved,2026-07-25 01:44:21.203356,,Loan Management System
APP00000218,CUST00002785,LN00000497,2025-12-03,3225295.28,Approved,2026-07-25 01:44:21.203356,,Loan Management System
APP00000219,CUST00002215,,2013-09-10,140246.42,Cancelled,2026-07-25 01:44:21.203356,,Loan Management System
APP00000220,CUST00002793,,2016-12-14,618552.07,Pending,2026-07-25 01:44:21.204275,,Loan Management System
APP00000221,CUST00002708,LN00001923,2017-10-02,1017645.15,Approved,2026-07-25 01:44:21.204275,,Loan Management System
APP00000222,CUST00001111,LN00000292,2017-02-20,1331515.42,Approved,2026-07-25 01:44:21.204275,,Loan Management System
APP00000223,CUST00004191,LN00001307,2018-07-09,337405.77,Approved,2026-07-25 01:44:21.204275,,Loan Management System
APP00000224,CUST00003345,,2023-02-18,3742891.37,Pending,2026-07-25 01:44:21.204275,,Loan Management System
APP00000225,CUST00000683,LN00000267,2022-08-03,6218320.1,Approved,2026-07-25 01:44:21.204275,,Loan Management System
APP00000226,CUST00001934,LN00002118,2015-08-15,1099890.88,Approved,2026-07-25 01:44:21.204275,,Loan Management System
APP00000227,CUST00000950,LN00000319,2019-05-16,1650961.53,Approved,2026-07-25 01:44:21.204275,,Loan Management System
APP00000228,CUST00004817,LN00001076,2020-07-28,4267347.52,Approved,2026-07-25 01:44:21.204275,,Loan Management System
APP00000229,CUST00001205,LN00001152,2012-10-23,138585.79,Approved,2026-07-25 01:44:21.204275,,Loan Management System
APP00000230,CUST00004901,,2014-08-28,349833.12,Rejected,2026-07-25 01:44:21.204275,,Loan Management System
APP00000231,CUST00000365,LN00001055,2015-07-08,1730080.55,Approved,2026-07-25 01:44:21.204275,,Loan Management System
APP00000232,CUST00001523,,2018-12-03,625852.06,Rejected,2026-07-25 01:44:21.205274,,Loan Management System
APP00000233,CUST00003057,LN00001479,2023-04-24,6652660.05,Approved,2026-07-25 01:44:21.205274,,Loan Management System
APP00000234,CUST00001013,,2026-05-01,4616287.21,Pending,2026-07-25 01:44:21.205274,,Loan Management System
APP00000235,CUST00003896,LN00000935,2017-09-07,941570.29,Approved,2026-07-25 01:44:21.205274,,Loan Management System
APP00000236,CUST00000316,,2025-09-15,1160400.35,Rejected,2026-07-25 01:44:21.205274,,Loan Management System
APP00000237,CUST00000705,LN00000154,2021-05-09,108698.97,Approved,2026-07-25 01:44:21.205274,,Loan Management System
APP00000238,CUST00002234,,2020-05-17,460996.95,Rejected,2026-07-25 01:44:21.205274,,Loan Management System
APP00000239,CUST00001075,LN00000537,2012-02-23,113853.8,Approved,2026-07-25 01:44:21.205274,,Loan Management System
APP00000240,CUST00000267,LN00001237,2012-09-08,8224398.14,Approved,2026-07-25 01:44:21.205274,,Loan Management System
APP00000241,CUST00002435,,2014-05-13,1456587.62,Pending,2026-07-25 01:44:21.206272,,Loan Management System
APP00000242,CUST00001594,LN00000625,2017-04-26,416914.54,Approved,2026-07-25 01:44:21.206272,,Loan Management System
APP00000243,CUST00001028,LN00001133,2013-03-25,1444736.53,Approved,2026-07-25 01:44:21.206272,,Loan Management System
APP00000244,CUST00003282,LN00000323,2022-11-28,19321905.93,Approved,2026-07-25 01:44:21.206272,,Loan Management System
APP00000245,CUST00004539,LN00001859,2019-01-11,2701077.97,Approved,2026-07-25 01:44:21.206272,,Loan Management System
APP00000246,CUST00001819,,2020-05-22,7919574.23,Rejected,2026-07-25 01:44:21.206272,,Loan Management System
APP00000247,CUST00000074,LN00002461,2020-10-21,1809067.71,Approved,2026-07-25 01:44:21.206272,,Loan Management System
APP00000248,CUST00004493,,2025-12-14,10439105.35,Cancelled,2026-07-25 01:44:21.206272,,Loan Management System
APP00000249,CUST00003230,,2012-11-26,3042920.03,Rejected,2026-07-25 01:44:21.207271,,Loan Management System
APP00000250,CUST00004568,LN00002264,2022-12-31,923811.45,Approved,2026-07-25 01:44:21.207271,,Loan Management System
APP00000251,CUST00001088,LN00002426,2017-10-22,2784940.81,Approved,2026-07-25 01:44:21.207271,,Loan Management System
APP00000252,CUST00001388,LN00000542,2012-03-21,382763.83,Approved,2026-07-25 01:44:21.207271,,Loan Management System
APP00000253,CUST00004389,LN00001093,2013-07-01,2285347.61,Approved,2026-07-25 01:44:21.207271,,Loan Management System
APP00000254,CUST00000207,,2013-09-09,2791644.82,Cancelled,2026-07-25 01:44:21.207271,,Loan Management System
APP00000255,CUST00000504,LN00001901,2018-05-05,378530.63,Approved,2026-07-25 01:44:21.207271,,Loan Management System
APP00000256,CUST00001651,,2016-09-17,2330144.77,Rejected,2026-07-25 01:44:21.207271,,Loan Management System
APP00000257,CUST00001192,,2022-01-05,16080395.72,Rejected,2026-07-25 01:44:21.208273,,Loan Management System
APP00000258,CUST00000558,LN00001711,2022-07-31,1797223.96,Approved,2026-07-25 01:44:21.208273,,Loan Management System
APP00000259,CUST00001442,LN00000541,2026-01-25,8099649.7,Approved,2026-07-25 01:44:21.208273,,Loan Management System
APP00000260,CUST00001058,LN00000998,2014-07-10,2407282.26,Approved,2026-07-25 01:44:21.208273,,Loan Management System
APP00000261,CUST00002591,,2022-06-19,8684660.12,Rejected,2026-07-25 01:44:21.208273,,Loan Management System
APP00000262,CUST00003583,LN00001326,2020-03-12,1449957.73,Approved,2026-07-25 01:44:21.208273,,Loan Management System
APP00000263,CUST00002728,LN00001022,2024-04-26,10333068.25,Approved,2026-07-25 01:44:21.208273,,Loan Management System
APP00000264,CUST00002262,LN00001472,2014-03-07,658410.14,Approved,2026-07-25 01:44:21.208273,,Loan Management System
APP00000265,CUST00001304,LN00000695,2019-05-06,651109.66,Approved,2026-07-25 01:44:21.208273,,Loan Management System
APP00000266,CUST00004850,LN00001010,2025-06-26,748167.92,Approved,2026-07-25 01:44:21.208273,,Loan Management System
APP00000267,CUST00002795,,2022-10-08,11521705.64,Rejected,2026-07-25 01:44:21.208273,,Loan Management System
APP00000268,CUST00003159,LN00000324,2022-09-03,5622263.92,Approved,2026-07-25 01:44:21.208273,,Loan Management System
APP00000269,CUST00004558,LN00001957,2017-07-05,1493171.15,Approved,2026-07-25 01:44:21.208273,,Loan Management System
APP00000270,CUST00000701,LN00001608,2017-06-23,1286852.34,Approved,2026-07-25 01:44:21.208273,,Loan Management System
APP00000271,CUST00002183,LN00000499,2020-02-20,2390726.42,Approved,2026-07-25 01:44:21.208273,,Loan Management System
APP00000272,CUST00001466,LN00001433,2021-02-19,2772791.83,Approved,2026-07-25 01:44:21.209272,,Loan Management System
APP00000273,CUST00001850,LN00001372,2022-06-02,444952.59,Approved,2026-07-25 01:44:21.209272,,Loan Management System
APP00000274,CUST00001516,LN00000609,2020-01-31,1388006.71,Approved,2026-07-25 01:44:21.209272,,Loan Management System
APP00000275,CUST00000804,,2012-05-02,645566.19,Rejected,2026-07-25 01:44:21.209272,,Loan Management System
APP00000276,CUST00001896,,2022-06-22,1708203.51,Pending,2026-07-25 01:44:21.209272,,Loan Management System
APP00000277,CUST00004065,,2024-09-04,1474844.02,Cancelled,2026-07-25 01:44:21.209272,,Loan Management System
APP00000278,CUST00002685,,2021-05-16,9104982.91,Cancelled,2026-07-25 01:44:21.210272,,Loan Management System
APP00000279,CUST00004197,LN00001895,2019-02-24,9548544.33,Approved,2026-07-25 01:44:21.210272,,Loan Management System
APP00000280,CUST00001034,LN00000848,2020-08-08,231237.75,Approved,2026-07-25 01:44:21.210272,,Loan Management System
APP00000281,CUST00002122,LN00001526,2018-11-15,1497945.71,Approved,2026-07-25 01:44:21.210272,,Loan Management System
APP00000282,CUST00003623,LN00001750,2015-07-10,1009663.82,Approved,2026-07-25 01:44:21.210272,,Loan Management System
APP00000283,CUST00004476,LN00001663,2012-11-02,5071204.12,Approved,2026-07-25 01:44:21.210272,,Loan Management System
APP00000284,CUST00002089,,2022-06-07,3737735.7,Rejected,2026-07-25 01:44:21.210272,,Loan Management System
APP00000285,CUST00003894,LN00001830,2019-01-12,327385.64,Approved,2026-07-25 01:44:21.210272,,Loan Management System
APP00000286,CUST00001023,,2020-01-13,10969376.18,Rejected,2026-07-25 01:44:21.210272,,Loan Management System
APP00000287,CUST00001476,LN00001445,2018-01-16,430451.69,Approved,2026-07-25 01:44:21.210272,,Loan Management System
APP00000288,CUST00001435,,2020-11-04,710776.72,Pending,2026-07-25 01:44:21.210272,,Loan Management System
APP00000289,CUST00003352,LN00000362,2014-04-20,2587969.5,Approved,2026-07-25 01:44:21.211271,,Loan Management System
APP00000290,CUST00000842,LN00000387,2014-02-10,2503088.95,Approved,2026-07-25 01:44:21.211271,,Loan Management System
APP00000291,CUST00002712,LN00001244,2025-07-17,2512758.58,Approved,2026-07-25 01:44:21.211271,,Loan Management System
APP00000292,CUST00002792,,2015-09-23,480261.92,Rejected,2026-07-25 01:44:21.211271,,Loan Management System
APP00000293,CUST00000249,LN00000586,2015-04-15,515906.05,Approved,2026-07-25 01:44:21.211271,,Loan Management System
APP00000294,CUST00003527,LN00001569,2015-09-23,8384221.61,Approved,2026-07-25 01:44:21.211271,,Loan Management System
APP00000295,CUST00003099,LN00001825,2020-06-18,6701937.39,Approved,2026-07-25 01:44:21.211271,,Loan Management System
APP00000296,CUST00003261,,2012-10-20,14070810.61,Rejected,2026-07-25 01:44:21.211271,,Loan Management System
APP00000297,CUST00000332,,2023-04-11,9816696.56,Pending,2026-07-25 01:44:21.211271,,Loan Management System
APP00000298,CUST00000423,LN00001998,2012-08-03,2323681.16,Approved,2026-07-25 01:44:21.211271,,Loan Management System
APP00000299,CUST00004283,LN00001042,2023-05-14,1127614.45,Approved,2026-07-25 01:44:21.211271,,Loan Management System
APP00000300,CUST00002892,LN00002088,2012-03-25,4059191.52,Approved,2026-07-25 01:44:21.211271,,Loan Management System
APP00000301,CUST00004207,LN00000452,2013-03-18,5512454.84,Approved,2026-07-25 01:44:21.212270,,Loan Management System
APP00000302,CUST00004996,LN00002067,2013-07-25,14313327.98,Approved,2026-07-25 01:44:21.212270,,Loan Management System
APP00000303,CUST00001127,,2019-06-18,979938.19,Pending,2026-07-25 01:44:21.212270,,Loan Management System
APP00000304,CUST00003911,LN00001739,2025-08-17,748140.71,Approved,2026-07-25 01:44:21.212270,,Loan Management System
APP00000305,CUST00001990,,2017-05-07,581631.5,Rejected,2026-07-25 01:44:21.212270,,Loan Management System
APP00000306,CUST00003379,,2021-11-18,2537289.91,Rejected,2026-07-25 01:44:21.212270,,Loan Management System
APP00000307,CUST00003266,LN00002382,2017-12-04,2853683.2,Approved,2026-07-25 01:44:21.212270,,Loan Management System
APP00000308,CUST00002021,,2016-11-17,736908.58,Rejected,2026-07-25 01:44:21.213271,,Loan Management System
APP00000309,CUST00002918,,2026-03-21,298362.62,Pending,2026-07-25 01:44:21.213271,,Loan Management System
APP00000310,CUST00002394,LN00000453,2012-09-22,130526.92,Approved,2026-07-25 01:44:21.213271,,Loan Management System
APP00000311,CUST00004516,LN00000543,2017-07-28,2348628.0,Approved,2026-07-25 01:44:21.213271,,Loan Management System
APP00000312,CUST00004104,LN00001448,2024-12-23,1225370.21,Approved,2026-07-25 01:44:21.213271,,Loan Management System
APP00000313,CUST00003175,LN00001334,2012-05-07,15004855.89,Approved,2026-07-25 01:44:21.213271,,Loan Management System
APP00000314,CUST00004902,LN00001145,2026-02-26,1325237.24,Approved,2026-07-25 01:44:21.213271,,Loan Management System
APP00000315,CUST00004650,LN00001222,2024-12-27,504502.89,Approved,2026-07-25 01:44:21.213271,,Loan Management System
APP00000316,CUST00002904,,2021-02-11,19024354.1,Rejected,2026-07-25 01:44:21.213271,,Loan Management System
APP00000317,CUST00002190,,2013-05-14,19695946.72,Rejected,2026-07-25 01:44:21.213271,,Loan Management System
APP00000318,CUST00004904,,2016-12-27,1251724.53,Rejected,2026-07-25 01:44:21.214367,,Loan Management System
APP00000319,CUST00000510,LN00001298,2017-05-18,1143720.62,Approved,2026-07-25 01:44:21.214367,,Loan Management System
APP00000320,CUST00001867,LN00001219,2015-06-28,1154443.92,Approved,2026-07-25 01:44:21.214367,,Loan Management System
APP00000321,CUST00000754,LN00001157,2014-01-01,11053618.14,Approved,2026-07-25 01:44:21.214367,,Loan Management System
APP00000322,CUST00004203,LN00002165,2024-04-18,671967.97,Approved,2026-07-25 01:44:21.214367,,Loan Management System
APP00000323,CUST00002367,LN00001702,2021-11-21,564012.07,Approved,2026-07-25 01:44:21.214367,,Loan Management System
APP00000324,CUST00000432,,2015-10-12,2364561.67,Rejected,2026-07-25 01:44:21.214367,,Loan Management System
APP00000325,CUST00001714,LN00001742,2018-05-16,2662611.87,Approved,2026-07-25 01:44:21.214367,,Loan Management System
APP00000326,CUST00000017,LN00001648,2019-12-15,14740469.72,Approved,2026-07-25 01:44:21.214367,,Loan Management System
APP00000327,CUST00004932,LN00000751,2024-08-24,601394.97,Approved,2026-07-25 01:44:21.214367,,Loan Management System
APP00000328,CUST00002229,LN00000603,2026-03-07,283838.47,Approved,2026-07-25 01:44:21.214367,,Loan Management System
APP00000329,CUST00002295,,2018-02-05,19016471.0,Rejected,2026-07-25 01:44:21.214367,,Loan Management System
APP00000330,CUST00000832,LN00000531,2017-11-02,3658338.91,Approved,2026-07-25 01:44:21.214367,,Loan Management System
APP00000331,CUST00003418,,2018-09-04,14392755.01,Rejected,2026-07-25 01:44:21.215357,,Loan Management System
APP00000332,CUST00004328,,2015-10-14,5420567.11,Rejected,2026-07-25 01:44:21.215357,,Loan Management System
APP00000333,CUST00002632,LN00000589,2019-04-08,3198582.71,Approved,2026-07-25 01:44:21.215357,,Loan Management System
APP00000334,CUST00004127,LN00002408,2024-06-17,1663038.91,Approved,2026-07-25 01:44:21.215357,,Loan Management System
APP00000335,CUST00004133,LN00001361,2016-10-31,251140.48,Approved,2026-07-25 01:44:21.215357,,Loan Management System
APP00000336,CUST00003828,,2023-10-30,831554.18,Rejected,2026-07-25 01:44:21.215357,,Loan Management System
APP00000337,CUST00003265,LN00000003,2011-11-26,2795026.1,Approved,2026-07-25 01:44:21.215357,,Loan Management System
APP00000338,CUST00001680,LN00000480,2013-03-18,8257034.15,Approved,2026-07-25 01:44:21.215357,,Loan Management System
APP00000339,CUST00001020,LN00000450,2021-12-31,1077452.97,Approved,2026-07-25 01:44:21.215357,,Loan Management System
APP00000340,CUST00003995,,2020-01-15,3415955.55,Pending,2026-07-25 01:44:21.216363,,Loan Management System
APP00000341,CUST00004184,LN00001972,2022-02-07,8942092.79,Approved,2026-07-25 01:44:21.216363,,Loan Management System
APP00000342,CUST00003295,LN00000570,2025-03-03,7136740.69,Approved,2026-07-25 01:44:21.216363,,Loan Management System
APP00000343,CUST00003145,LN00001996,2022-09-15,712656.8,Approved,2026-07-25 01:44:21.216363,,Loan Management System
APP00000344,CUST00002814,,2026-07-08,1593789.83,Pending,2026-07-25 01:44:21.216363,,Loan Management System
APP00000345,CUST00000217,LN00001192,2015-01-23,1623239.27,Approved,2026-07-25 01:44:21.216363,,Loan Management System
APP00000346,CUST00004771,LN00001628,2024-12-10,1590718.34,Approved,2026-07-25 01:44:21.216363,,Loan Management System
APP00000347,CUST00004267,,2011-12-16,283888.33,Cancelled,2026-07-25 01:44:21.216363,,Loan Management System
APP00000348,CUST00001087,,2013-02-03,7865390.43,Rejected,2026-07-25 01:44:21.216363,,Loan Management System
APP00000349,CUST00003218,LN00000776,2025-05-13,2302434.9,Approved,2026-07-25 01:44:21.216363,,Loan Management System
APP00000350,CUST00002167,LN00001101,2024-02-03,87686.95,Approved,2026-07-25 01:44:21.216363,,Loan Management System
APP00000351,CUST00004114,LN00000470,2021-12-02,2267137.92,Approved,2026-07-25 01:44:21.217362,,Loan Management System
APP00000352,CUST00002749,LN00001717,2016-08-19,359201.38,Approved,2026-07-25 01:44:21.217362,,Loan Management System
APP00000353,CUST00001521,LN00002295,2025-04-13,2397420.42,Approved,2026-07-25 01:44:21.217362,,Loan Management System
APP00000354,CUST00003181,,2021-06-26,3156233.76,Rejected,2026-07-25 01:44:21.217362,,Loan Management System
APP00000355,CUST00004344,LN00001720,2013-02-22,1321711.65,Approved,2026-07-25 01:44:21.217362,,Loan Management System
APP00000356,CUST00002697,,2012-05-22,2422393.08,Rejected,2026-07-25 01:44:21.217362,,Loan Management System
APP00000357,CUST00001147,,2012-06-03,1483184.21,Pending,2026-07-25 01:44:21.217362,,Loan Management System
APP00000358,CUST00000852,LN00000674,2022-10-12,593435.87,Approved,2026-07-25 01:44:21.217362,,Loan Management System
APP00000359,CUST00004174,,2019-12-25,13089337.16,Rejected,2026-07-25 01:44:21.218364,,Loan Management System
APP00000360,CUST00000120,,2021-09-22,645968.47,Rejected,2026-07-25 01:44:21.218364,,Loan Management System
APP00000361,CUST00004824,LN00002119,2018-12-06,7585926.68,Approved,2026-07-25 01:44:21.218364,,Loan Management System
APP00000362,CUST00004316,LN00000713,2017-03-05,403685.08,Approved,2026-07-25 01:44:21.218364,,Loan Management System
APP00000363,CUST00002250,LN00000951,2023-01-21,337373.07,Approved,2026-07-25 01:44:21.218364,,Loan Management System
APP00000364,CUST00000610,,2011-09-13,304801.2,Rejected,2026-07-25 01:44:21.218364,,Loan Management System
APP00000365,CUST00002195,,2025-12-22,12622271.79,Rejected,2026-07-25 01:44:21.218364,,Loan Management System
APP00000366,CUST00002830,,2013-05-22,1928610.11,Pending,2026-07-25 01:44:21.219357,,Loan Management System
APP00000367,CUST00004992,LN00000930,2015-03-22,73057.24,Approved,2026-07-25 01:44:21.219357,,Loan Management System
APP00000368,CUST00001370,,2013-11-03,526558.1,Pending,2026-07-25 01:44:21.219357,,Loan Management System
APP00000369,CUST00000326,LN00001822,2013-08-13,500104.06,Approved,2026-07-25 01:44:21.219357,,Loan Management System
APP00000370,CUST00003903,LN00000667,2018-05-03,898032.05,Approved,2026-07-25 01:44:21.219357,,Loan Management System
APP00000371,CUST00000293,LN00002012,2017-10-18,4074930.55,Approved,2026-07-25 01:44:21.219357,,Loan Management System
APP00000372,CUST00002771,LN00001589,2018-03-25,405911.13,Approved,2026-07-25 01:44:21.219357,,Loan Management System
APP00000373,CUST00002942,LN00000183,2022-12-23,250359.14,Approved,2026-07-25 01:44:21.219357,,Loan Management System
APP00000374,CUST00001822,LN00002060,2015-02-02,1057174.09,Approved,2026-07-25 01:44:21.219357,,Loan Management System
APP00000375,CUST00001089,LN00001522,2012-05-11,4468304.87,Approved,2026-07-25 01:44:21.219357,,Loan Management System
APP00000376,CUST00000521,LN00001059,2023-08-27,8415329.2,Approved,2026-07-25 01:44:21.219357,,Loan Management System
APP00000377,CUST00003871,,2021-02-13,7818847.81,Rejected,2026-07-25 01:44:21.219357,,Loan Management System
APP00000378,CUST00000716,,2014-11-15,122455.59,Pending,2026-07-25 01:44:21.220365,,Loan Management System
APP00000379,CUST00001296,LN00002003,2013-01-18,2438063.37,Approved,2026-07-25 01:44:21.220365,,Loan Management System
APP00000380,CUST00003568,LN00000905,2011-11-14,1379132.67,Approved,2026-07-25 01:44:21.220365,,Loan Management System
APP00000381,CUST00003326,LN00000061,2023-11-20,457956.78,Approved,2026-07-25 01:44:21.220365,,Loan Management System
APP00000382,CUST00000038,LN00000808,2016-11-07,2571605.67,Approved,2026-07-25 01:44:21.220365,,Loan Management System
APP00000383,CUST00003580,,2018-02-18,2383935.97,Rejected,2026-07-25 01:44:21.220365,,Loan Management System
APP00000384,CUST00001717,,2020-02-21,4102945.34,Rejected,2026-07-25 01:44:21.220365,,Loan Management System
APP00000385,CUST00004525,,2019-03-23,2445582.42,Pending,2026-07-25 01:44:21.221363,,Loan Management System
APP00000386,CUST00004019,,2024-07-25,1085978.96,Rejected,2026-07-25 01:44:21.221363,,Loan Management System
APP00000387,CUST00001897,LN00000230,2025-09-07,204614.08,Approved,2026-07-25 01:44:21.221363,,Loan Management System
APP00000388,CUST00000920,,2016-04-27,37305.03,Rejected,2026-07-25 01:44:21.221363,,Loan Management System
APP00000389,CUST00000338,LN00001347,2020-11-25,15911871.84,Approved,2026-07-25 01:44:21.221363,,Loan Management System
APP00000390,CUST00000671,,2023-02-19,843842.62,Rejected,2026-07-25 01:44:21.221363,,Loan Management System
APP00000391,CUST00004011,LN00000242,2012-09-24,3958266.17,Approved,2026-07-25 01:44:21.221363,,Loan Management System
APP00000392,CUST00000418,LN00001000,2020-04-20,3918074.32,Approved,2026-07-25 01:44:21.221363,,Loan Management System
APP00000393,CUST00001841,LN00001236,2013-11-05,720772.38,Approved,2026-07-25 01:44:21.221363,,Loan Management System
APP00000394,CUST00004498,LN00000996,2014-01-10,277637.39,Approved,2026-07-25 01:44:21.221363,,Loan Management System
APP00000395,CUST00001788,LN00002389,2025-02-18,1052926.42,Approved,2026-07-25 01:44:21.221363,,Loan Management System
APP00000396,CUST00002722,LN00000279,2020-11-30,3255337.77,Approved,2026-07-25 01:44:21.222366,,Loan Management System
APP00000397,CUST00003900,LN00001191,2022-02-16,911882.29,Approved,2026-07-25 01:44:21.222366,,Loan Management System
APP00000398,CUST00003438,LN00001114,2015-05-31,2199439.39,Approved,2026-07-25 01:44:21.222366,,Loan Management System
APP00000399,CUST00000521,LN00002393,2015-09-29,7011434.66,Approved,2026-07-25 01:44:21.222366,,Loan Management System
APP00000400,CUST00004597,LN00001849,2011-12-17,11995507.31,Approved,2026-07-25 01:44:21.222366,,Loan Management System
APP00000401,CUST00001738,,2014-12-12,348013.18,Rejected,2026-07-25 01:44:21.222366,,Loan Management System
APP00000402,CUST00000706,LN00001531,2021-03-09,1325347.39,Approved,2026-07-25 01:44:21.222366,,Loan Management System
APP00000403,CUST00001165,LN00000472,2022-08-26,1404071.13,Approved,2026-07-25 01:44:21.222366,,Loan Management System
APP00000404,CUST00004455,,2018-05-23,430071.18,Cancelled,2026-07-25 01:44:21.222366,,Loan Management System
APP00000405,CUST00001462,,2020-01-26,1237338.75,Rejected,2026-07-25 01:44:21.222366,,Loan Management System
APP00000406,CUST00003397,,2012-03-31,711020.84,Cancelled,2026-07-25 01:44:21.223373,,Loan Management System
APP00000407,CUST00001894,,2012-05-01,2321442.42,Rejected,2026-07-25 01:44:21.223373,,Loan Management System
APP00000408,CUST00003381,,2012-03-22,2272596.33,Rejected,2026-07-25 01:44:21.223373,,Loan Management System
APP00000409,CUST00002596,,2013-11-22,1697483.49,Rejected,2026-07-25 01:44:21.224272,,Loan Management System
APP00000410,CUST00001521,LN00000096,2017-07-11,1260999.72,Approved,2026-07-25 01:44:21.224272,,Loan Management System
APP00000411,CUST00003071,LN00001044,2020-12-21,2909940.01,Approved,2026-07-25 01:44:21.224272,,Loan Management System
APP00000412,CUST00004493,,2020-05-25,6852311.55,Rejected,2026-07-25 01:44:21.224272,,Loan Management System
APP00000413,CUST00000314,LN00001693,2017-11-01,2879479.98,Approved,2026-07-25 01:44:21.224272,,Loan Management System
APP00000414,CUST00004264,,2014-02-04,1636344.41,Rejected,2026-07-25 01:44:21.225272,,Loan Management System
APP00000415,CUST00002326,,2021-11-16,10351718.57,Cancelled,2026-07-25 01:44:21.225272,,Loan Management System
APP00000416,CUST00004197,,2020-05-01,1109631.11,Rejected,2026-07-25 01:44:21.225272,,Loan Management System
APP00000417,CUST00004346,LN00000891,2015-01-14,20033158.46,Approved,2026-07-25 01:44:21.225272,,Loan Management System
APP00000418,CUST00001593,LN00002113,2017-08-19,2151247.71,Approved,2026-07-25 01:44:21.225272,,Loan Management System
APP00000419,CUST00003104,,2021-12-28,2231385.07,Cancelled,2026-07-25 01:44:21.226389,,Loan Management System
APP00000420,CUST00002862,LN00002255,2012-05-14,394182.08,Approved,2026-07-25 01:44:21.226389,,Loan Management System
APP00000421,CUST00004289,LN00001150,2018-04-02,3491461.25,Approved,2026-07-25 01:44:21.226389,,Loan Management System
APP00000422,CUST00003378,LN00001527,2013-12-22,2802304.31,Approved,2026-07-25 01:44:21.226389,,Loan Management System
APP00000423,CUST00003307,LN00002105,2011-11-29,16371374.02,Approved,2026-07-25 01:44:21.226389,,Loan Management System
APP00000424,CUST00002686,LN00002196,2012-02-12,2146090.2,Approved,2026-07-25 01:44:21.226389,,Loan Management System
APP00000425,CUST00000094,LN00001492,2023-10-11,7050575.23,Approved,2026-07-25 01:44:21.226389,,Loan Management System
APP00000426,CUST00004448,,2017-04-14,1251362.09,Rejected,2026-07-25 01:44:21.226389,,Loan Management System
APP00000427,CUST00001515,LN00001105,2021-07-23,590381.86,Approved,2026-07-25 01:44:21.226389,,Loan Management System
APP00000428,CUST00001793,LN00001603,2024-09-22,15929707.31,Approved,2026-07-25 01:44:21.226389,,Loan Management System
APP00000429,CUST00002149,LN00000082,2016-06-16,1180048.97,Approved,2026-07-25 01:44:21.227341,,Loan Management System
APP00000430,CUST00002318,LN00000797,2019-10-08,5874749.78,Approved,2026-07-25 01:44:21.227341,,Loan Management System
APP00000431,CUST00002471,LN00001954,2015-05-11,1467075.74,Approved,2026-07-25 01:44:21.227341,,Loan Management System
APP00000432,CUST00002404,LN00000871,2013-08-23,4089026.81,Approved,2026-07-25 01:44:21.227341,,Loan Management System
APP00000433,CUST00003987,LN00000187,2020-08-26,675485.13,Approved,2026-07-25 01:44:21.227341,,Loan Management System
APP00000434,CUST00001577,LN00000572,2026-02-07,205045.82,Approved,2026-07-25 01:44:21.227341,,Loan Management System
APP00000435,CUST00002227,LN00000019,2013-01-30,1152300.76,Approved,2026-07-25 01:44:21.227341,,Loan Management System
APP00000436,CUST00002060,LN00001554,2011-08-22,2382308.35,Approved,2026-07-25 01:44:21.227341,,Loan Management System
APP00000437,CUST00004154,LN00002102,2016-05-06,1427124.1,Approved,2026-07-25 01:44:21.227341,,Loan Management System
APP00000438,CUST00004382,,2018-08-25,7371927.74,Rejected,2026-07-25 01:44:21.227341,,Loan Management System
APP00000439,CUST00003662,,2021-06-28,15346394.93,Cancelled,2026-07-25 01:44:21.228385,,Loan Management System
APP00000440,CUST00001297,LN00002333,2022-09-26,1321939.01,Approved,2026-07-25 01:44:21.228385,,Loan Management System
APP00000441,CUST00004948,,2025-02-11,4886274.71,Cancelled,2026-07-25 01:44:21.228385,,Loan Management System
APP00000442,CUST00004747,LN00000994,2019-03-22,723267.77,Approved,2026-07-25 01:44:21.228385,,Loan Management System
APP00000443,CUST00001374,LN00000762,2025-12-25,7418786.73,Approved,2026-07-25 01:44:21.228385,,Loan Management System
APP00000444,CUST00000771,,2019-08-21,9159353.56,Rejected,2026-07-25 01:44:21.228385,,Loan Management System
APP00000445,CUST00003901,LN00001226,2025-02-22,5298081.15,Approved,2026-07-25 01:44:21.228385,,Loan Management System
APP00000446,CUST00004804,,2022-09-18,2581542.89,Rejected,2026-07-25 01:44:21.229375,,Loan Management System
APP00000447,CUST00000001,,2024-11-17,5722534.13,Rejected,2026-07-25 01:44:21.229375,,Loan Management System
APP00000448,CUST00002716,,2024-10-06,18524366.35,Rejected,2026-07-25 01:44:21.229375,,Loan Management System
APP00000449,CUST00001434,LN00001829,2019-08-25,79583.69,Approved,2026-07-25 01:44:21.229375,,Loan Management System
APP00000450,CUST00004136,LN00001974,2023-01-12,1140104.38,Approved,2026-07-25 01:44:21.230373,,Loan Management System
APP00000451,CUST00003395,LN00000799,2015-07-11,984337.56,Approved,2026-07-25 01:44:21.230373,,Loan Management System
APP00000452,CUST00003367,,2023-11-01,9623501.43,Cancelled,2026-07-25 01:44:21.230373,,Loan Management System
APP00000453,CUST00002177,,2012-06-08,8881672.07,Rejected,2026-07-25 01:44:21.230373,,Loan Management System
APP00000454,CUST00001671,LN00001855,2023-03-24,19410421.09,Approved,2026-07-25 01:44:21.230373,,Loan Management System
APP00000455,CUST00002816,LN00000118,2023-03-05,579368.39,Approved,2026-07-25 01:44:21.230373,,Loan Management System
APP00000456,CUST00004999,,2014-06-18,3456664.62,Rejected,2026-07-25 01:44:21.231379,,Loan Management System
APP00000457,CUST00002366,,2020-06-24,8772995.17,Pending,2026-07-25 01:44:21.231379,,Loan Management System
APP00000458,CUST00001069,LN00002226,2012-08-11,752732.79,Approved,2026-07-25 01:44:21.231379,,Loan Management System
APP00000459,CUST00003764,LN00001041,2021-08-19,1315012.15,Approved,2026-07-25 01:44:21.231379,,Loan Management System
APP00000460,CUST00003617,LN00001328,2011-06-15,8878175.89,Approved,2026-07-25 01:44:21.231379,,Loan Management System
APP00000461,CUST00003710,LN00001682,2013-07-23,1853851.62,Approved,2026-07-25 01:44:21.231379,,Loan Management System
APP00000462,CUST00000680,LN00001397,2016-02-08,124847.22,Approved,2026-07-25 01:44:21.231379,,Loan Management System
APP00000463,CUST00001488,LN00002156,2024-06-23,14129179.46,Approved,2026-07-25 01:44:21.231379,,Loan Management System
APP00000464,CUST00002116,LN00001988,2016-09-04,1173572.41,Approved,2026-07-25 01:44:21.231379,,Loan Management System
APP00000465,CUST00004622,LN00001958,2025-10-28,192979.13,Approved,2026-07-25 01:44:21.231379,,Loan Management System
APP00000466,CUST00002859,LN00002267,2015-09-07,451692.65,Approved,2026-07-25 01:44:21.231379,,Loan Management System
APP00000467,CUST00002667,LN00000532,2021-06-02,1739439.27,Approved,2026-07-25 01:44:21.231379,,Loan Management System
APP00000468,CUST00000639,LN00001779,2024-11-12,221676.8,Approved,2026-07-25 01:44:21.231379,,Loan Management System
APP00000469,CUST00001658,,2018-09-08,752522.25,Rejected,2026-07-25 01:44:21.232371,,Loan Management System
APP00000470,CUST00004670,LN00002263,2020-12-04,218975.51,Approved,2026-07-25 01:44:21.232371,,Loan Management System
APP00000471,CUST00002807,,2018-08-03,1965338.28,Rejected,2026-07-25 01:44:21.232371,,Loan Management System
APP00000472,CUST00003134,,2023-04-23,865416.23,Rejected,2026-07-25 01:44:21.232371,,Loan Management System
APP00000473,CUST00001682,,2015-01-11,1797947.87,Rejected,2026-07-25 01:44:21.232371,,Loan Management System
APP00000474,CUST00001331,,2018-07-17,5433722.91,Rejected,2026-07-25 01:44:21.233360,,Loan Management System
APP00000475,CUST00002510,LN00001874,2018-01-02,3728886.4,Approved,2026-07-25 01:44:21.233360,,Loan Management System
APP00000476,CUST00000551,LN00002463,2021-11-30,2850600.23,Approved,2026-07-25 01:44:21.233360,,Loan Management System
APP00000477,CUST00004122,,2019-08-02,1318502.18,Rejected,2026-07-25 01:44:21.233360,,Loan Management System
APP00000478,CUST00004941,,2026-05-30,573917.05,Pending,2026-07-25 01:44:21.233360,,Loan Management System
APP00000479,CUST00002391,LN00001429,2026-03-16,996075.5,Approved,2026-07-25 01:44:21.233360,,Loan Management System
APP00000480,CUST00001602,,2023-07-27,4169699.15,Rejected,2026-07-25 01:44:21.233360,,Loan Management System
APP00000481,CUST00003662,LN00000873,2020-07-07,1082945.35,Approved,2026-07-25 01:44:21.233360,,Loan Management System
APP00000482,CUST00001802,,2020-05-20,194921.33,Rejected,2026-07-25 01:44:21.234353,,Loan Management System
APP00000483,CUST00001300,LN00002492,2016-05-27,3317864.75,Approved,2026-07-25 01:44:21.234353,,Loan Management System
APP00000484,CUST00002093,,2021-02-07,345745.8,Rejected,2026-07-25 01:44:21.234353,,Loan Management System
APP00000485,CUST00002882,LN00001743,2016-03-29,767136.52,Approved,2026-07-25 01:44:21.234353,,Loan Management System
APP00000486,CUST00001128,LN00002090,2011-11-03,1873805.53,Approved,2026-07-25 01:44:21.234353,,Loan Management System
APP00000487,CUST00003705,LN00001383,2019-09-29,1395092.37,Approved,2026-07-25 01:44:21.234353,,Loan Management System
APP00000488,CUST00002790,,2017-12-21,2258484.21,Rejected,2026-07-25 01:44:21.235366,,Loan Management System
APP00000489,CUST00003633,LN00002291,2017-11-19,15510287.19,Approved,2026-07-25 01:44:21.235366,,Loan Management System
APP00000490,CUST00002405,,2014-07-05,2299057.37,Rejected,2026-07-25 01:44:21.235366,,Loan Management System
APP00000491,CUST00002786,,2019-05-20,490808.98,Pending,2026-07-25 01:44:21.235366,,Loan Management System
APP00000492,CUST00004307,LN00001916,2025-09-06,15528481.11,Approved,2026-07-25 01:44:21.235366,,Loan Management System
APP00000493,CUST00001060,,2017-05-21,546783.46,Cancelled,2026-07-25 01:44:21.235366,,Loan Management System
APP00000494,CUST00000008,LN00002071,2018-11-12,763586.98,Approved,2026-07-25 01:44:21.235366,,Loan Management System
APP00000495,CUST00004721,,2017-08-03,2236969.09,Rejected,2026-07-25 01:44:21.236356,,Loan Management System
APP00000496,CUST00003117,LN00000364,2019-09-22,599086.26,Approved,2026-07-25 01:44:21.236356,,Loan Management System
APP00000497,CUST00000566,LN00002454,2011-08-24,4986804.88,Approved,2026-07-25 01:44:21.236356,,Loan Management System
APP00000498,CUST00004691,LN00002378,2019-05-18,5373850.98,Approved,2026-07-25 01:44:21.236356,,Loan Management System
APP00000499,CUST00004023,LN00002227,2019-02-11,3179558.01,Approved,2026-07-25 01:44:21.236356,,Loan Management System
APP00000500,CUST00000574,LN00000640,2011-06-27,8099441.79,Approved,2026-07-25 01:44:21.236356,,Loan Management System
APP00000501,CUST00003948,,2016-04-22,2980933.4,Pending,2026-07-25 01:44:21.236356,,Loan Management System
APP00000502,CUST00000945,LN00000708,2016-05-15,955722.52,Approved,2026-07-25 01:44:21.236356,,Loan Management System
APP00000503,CUST00004297,LN00000454,2020-08-12,304838.81,Approved,2026-07-25 01:44:21.236356,,Loan Management System
APP00000504,CUST00003753,,2015-05-22,2488524.72,Rejected,2026-07-25 01:44:21.236356,,Loan Management System
APP00000505,CUST00002862,,2016-08-16,16242834.58,Cancelled,2026-07-25 01:44:21.237356,,Loan Management System
APP00000506,CUST00002932,LN00001850,2012-07-03,1657399.42,Approved,2026-07-25 01:44:21.237356,,Loan Management System
APP00000507,CUST00002907,LN00002108,2025-02-01,5317824.29,Approved,2026-07-25 01:44:21.237356,,Loan Management System
APP00000508,CUST00004562,LN00000207,2013-05-02,3321974.61,Approved,2026-07-25 01:44:21.237356,,Loan Management System
APP00000509,CUST00000404,,2016-12-15,758618.88,Rejected,2026-07-25 01:44:21.237356,,Loan Management System
APP00000510,CUST00001958,LN00000760,2021-01-01,8358228.56,Approved,2026-07-25 01:44:21.237356,,Loan Management System
APP00000511,CUST00003174,LN00000618,2014-07-10,2912715.56,Approved,2026-07-25 01:44:21.237356,,Loan Management System
APP00000512,CUST00004483,LN00000496,2022-05-02,363584.13,Approved,2026-07-25 01:44:21.237356,,Loan Management System
APP00000513,CUST00000787,LN00001266,2015-09-22,1297796.1,Approved,2026-07-25 01:44:21.237356,,Loan Management System
APP00000514,CUST00003051,LN00000833,2023-04-20,1484992.1,Approved,2026-07-25 01:44:21.237356,,Loan Management System
APP00000515,CUST00000832,LN00001610,2022-04-03,920360.77,Approved,2026-07-25 01:44:21.237356,,Loan Management System
APP00000516,CUST00002756,,2021-04-26,263051.19,Cancelled,2026-07-25 01:44:21.237356,,Loan Management System
APP00000517,CUST00002988,LN00000626,2023-12-07,280178.37,Approved,2026-07-25 01:44:21.237356,,Loan Management System
APP00000518,CUST00000016,,2018-01-08,1794548.29,Rejected,2026-07-25 01:44:21.238364,,Loan Management System
APP00000519,CUST00003479,,2018-04-10,1432268.3,Rejected,2026-07-25 01:44:21.238364,,Loan Management System
APP00000520,CUST00002345,,2025-06-26,2257068.67,Rejected,2026-07-25 01:44:21.238364,,Loan Management System
APP00000521,CUST00001308,,2017-06-07,476925.9,Rejected,2026-07-25 01:44:21.238364,,Loan Management System
APP00000522,CUST00000026,LN00000955,2014-10-22,7501257.43,Approved,2026-07-25 01:44:21.238364,,Loan Management System
APP00000523,CUST00004678,LN00001034,2019-10-07,1593215.39,Approved,2026-07-25 01:44:21.238364,,Loan Management System
APP00000524,CUST00001850,,2012-04-11,2526649.69,Rejected,2026-07-25 01:44:21.239367,,Loan Management System
APP00000525,CUST00003958,,2016-06-15,9723062.22,Pending,2026-07-25 01:44:21.239567,,Loan Management System
APP00000526,CUST00002184,LN00000806,2016-01-15,193142.18,Approved,2026-07-25 01:44:21.239567,,Loan Management System
APP00000527,CUST00000287,,2017-06-15,6598391.58,Rejected,2026-07-25 01:44:21.239567,,Loan Management System
APP00000528,CUST00002067,LN00000550,2024-10-12,1601919.8,Approved,2026-07-25 01:44:21.239567,,Loan Management System
APP00000529,CUST00003698,LN00001937,2022-10-12,2137918.1,Approved,2026-07-25 01:44:21.239567,,Loan Management System
APP00000530,CUST00004012,LN00000868,2014-04-30,591034.76,Approved,2026-07-25 01:44:21.239567,,Loan Management System
APP00000531,CUST00004684,LN00000979,2017-10-02,2408198.14,Approved,2026-07-25 01:44:21.239567,,Loan Management System
APP00000532,CUST00003954,,2014-12-31,628805.44,Rejected,2026-07-25 01:44:21.239567,,Loan Management System
APP00000533,CUST00002117,,2025-08-24,1003025.81,Cancelled,2026-07-25 01:44:21.240598,,Loan Management System
APP00000534,CUST00000662,LN00001913,2019-08-09,752315.11,Approved,2026-07-25 01:44:21.240598,,Loan Management System
APP00000535,CUST00001768,,2016-03-04,2518438.1,Rejected,2026-07-25 01:44:21.240598,,Loan Management System
APP00000536,CUST00002040,,2021-02-14,3560402.6,Rejected,2026-07-25 01:44:21.240598,,Loan Management System
APP00000537,CUST00003047,LN00002334,2017-03-14,365209.39,Approved,2026-07-25 01:44:21.240598,,Loan Management System
APP00000538,CUST00003811,LN00002259,2017-02-16,401922.76,Approved,2026-07-25 01:44:21.240598,,Loan Management System
APP00000539,CUST00000024,LN00000966,2025-11-20,503551.72,Approved,2026-07-25 01:44:21.240598,,Loan Management System
APP00000540,CUST00004966,,2022-01-13,639034.85,Rejected,2026-07-25 01:44:21.241597,,Loan Management System
APP00000541,CUST00001136,,2024-03-01,13692806.69,Rejected,2026-07-25 01:44:21.241597,,Loan Management System
APP00000542,CUST00004160,LN00001254,2016-03-07,943770.04,Approved,2026-07-25 01:44:21.241597,,Loan Management System
APP00000543,CUST00004236,,2015-08-19,2334361.78,Rejected,2026-07-25 01:44:21.241597,,Loan Management System
APP00000544,CUST00002612,LN00000345,2026-05-02,996562.5,Approved,2026-07-25 01:44:21.241597,,Loan Management System
APP00000545,CUST00004838,,2012-06-04,71652.99,Rejected,2026-07-25 01:44:21.241597,,Loan Management System
APP00000546,CUST00002130,LN00001337,2017-09-08,5721461.93,Approved,2026-07-25 01:44:21.241597,,Loan Management System
APP00000547,CUST00004636,LN00001164,2013-06-20,6757052.52,Approved,2026-07-25 01:44:21.241597,,Loan Management System
APP00000548,CUST00003950,LN00002341,2014-01-31,7944184.75,Approved,2026-07-25 01:44:21.242676,,Loan Management System
APP00000549,CUST00002757,LN00001713,2013-05-23,7974390.01,Approved,2026-07-25 01:44:21.242676,,Loan Management System
APP00000550,CUST00002211,,2013-04-07,2893340.14,Cancelled,2026-07-25 01:44:21.242676,,Loan Management System
APP00000551,CUST00001651,LN00001229,2013-06-16,397563.22,Approved,2026-07-25 01:44:21.242676,,Loan Management System
APP00000552,CUST00001648,LN00002064,2015-10-30,1775112.13,Approved,2026-07-25 01:44:21.242676,,Loan Management System
APP00000553,CUST00003037,,2023-10-07,2579337.91,Rejected,2026-07-25 01:44:21.242676,,Loan Management System
APP00000554,CUST00004010,LN00001346,2016-01-22,1339520.24,Approved,2026-07-25 01:44:21.242676,,Loan Management System
APP00000555,CUST00000231,,2013-04-09,743705.13,Rejected,2026-07-25 01:44:21.242676,,Loan Management System
APP00000556,CUST00004648,LN00001128,2013-07-29,1284788.88,Approved,2026-07-25 01:44:21.242676,,Loan Management System
APP00000557,CUST00003179,,2011-08-26,2441530.52,Rejected,2026-07-25 01:44:21.243675,,Loan Management System
APP00000558,CUST00003851,,2020-12-03,344159.36,Rejected,2026-07-25 01:44:21.243675,,Loan Management System
APP00000559,CUST00001180,,2014-04-01,2065207.39,Pending,2026-07-25 01:44:21.243675,,Loan Management System
APP00000560,CUST00002793,,2018-06-26,503498.91,Pending,2026-07-25 01:44:21.243675,,Loan Management System
APP00000561,CUST00004288,LN00000227,2011-11-08,3219551.05,Approved,2026-07-25 01:44:21.243675,,Loan Management System
APP00000562,CUST00000055,,2019-09-07,955203.44,Rejected,2026-07-25 01:44:21.244689,,Loan Management System
APP00000563,CUST00004559,,2022-08-18,1591731.92,Pending,2026-07-25 01:44:21.244689,,Loan Management System
APP00000564,CUST00001066,LN00001696,2015-06-04,2732854.48,Approved,2026-07-25 01:44:21.244689,,Loan Management System
APP00000565,CUST00001453,LN00000861,2018-02-02,853300.46,Approved,2026-07-25 01:44:21.244689,,Loan Management System
APP00000566,CUST00000707,,2017-01-09,4804800.57,Rejected,2026-07-25 01:44:21.244689,,Loan Management System
APP00000567,CUST00001317,,2016-06-01,1316474.1,Rejected,2026-07-25 01:44:21.244689,,Loan Management System
APP00000568,CUST00001576,,2022-07-20,2604085.55,Rejected,2026-07-25 01:44:21.245688,,Loan Management System
APP00000569,CUST00004011,LN00002104,2018-04-19,6130448.87,Approved,2026-07-25 01:44:21.245688,,Loan Management System
APP00000570,CUST00003988,LN00001680,2015-12-01,9290877.99,Approved,2026-07-25 01:44:21.245688,,Loan Management System
APP00000571,CUST00004596,LN00001579,2018-01-12,3355269.25,Approved,2026-07-25 01:44:21.245688,,Loan Management System
APP00000572,CUST00000665,LN00001077,2017-04-21,1952161.99,Approved,2026-07-25 01:44:21.245688,,Loan Management System
APP00000573,CUST00004048,LN00000703,2025-01-27,9014085.55,Approved,2026-07-25 01:44:21.245688,,Loan Management System
APP00000574,CUST00002611,,2024-02-17,1102730.76,Rejected,2026-07-25 01:44:21.246682,,Loan Management System
APP00000575,CUST00004440,,2023-11-12,2718434.36,Rejected,2026-07-25 01:44:21.246682,,Loan Management System
APP00000576,CUST00002536,LN00001553,2022-09-30,590425.76,Approved,2026-07-25 01:44:21.246682,,Loan Management System
APP00000577,CUST00002668,LN00000638,2023-07-01,7860237.14,Approved,2026-07-25 01:44:21.246682,,Loan Management System
APP00000578,CUST00001834,,2018-09-02,1572839.47,Rejected,2026-07-25 01:44:21.246682,,Loan Management System
APP00000579,CUST00004805,LN00000297,2022-10-27,1009404.91,Approved,2026-07-25 01:44:21.246682,,Loan Management System
APP00000580,CUST00003933,,2012-03-06,869860.99,Pending,2026-07-25 01:44:21.247684,,Loan Management System
APP00000581,CUST00002902,,2025-10-14,7806574.8,Rejected,2026-07-25 01:44:21.247684,,Loan Management System
APP00000582,CUST00003744,LN00002375,2023-01-13,2142602.95,Approved,2026-07-25 01:44:21.247684,,Loan Management System
APP00000583,CUST00001094,LN00000158,2013-11-17,2106631.77,Approved,2026-07-25 01:44:21.247684,,Loan Management System
APP00000584,CUST00002392,,2014-09-24,337736.91,Pending,2026-07-25 01:44:21.247684,,Loan Management System
APP00000585,CUST00000623,LN00002092,2012-10-17,10068366.69,Approved,2026-07-25 01:44:21.247684,,Loan Management System
APP00000586,CUST00004963,LN00001942,2012-04-11,554612.09,Approved,2026-07-25 01:44:21.247684,,Loan Management System
APP00000587,CUST00003117,LN00001311,2022-09-01,754976.73,Approved,2026-07-25 01:44:21.247684,,Loan Management System
APP00000588,CUST00003551,LN00000055,2025-11-21,3408770.71,Approved,2026-07-25 01:44:21.247684,,Loan Management System
APP00000589,CUST00002041,LN00000144,2016-01-19,170539.24,Approved,2026-07-25 01:44:21.247684,,Loan Management System
APP00000590,CUST00003112,,2021-10-25,141501.39,Rejected,2026-07-25 01:44:21.248686,,Loan Management System
APP00000591,CUST00002609,,2013-05-21,1033147.41,Rejected,2026-07-25 01:44:21.248686,,Loan Management System
APP00000592,CUST00003055,,2017-04-05,50673.44,Pending,2026-07-25 01:44:21.248686,,Loan Management System
APP00000593,CUST00000170,LN00000583,2012-02-17,1366283.1,Approved,2026-07-25 01:44:21.248686,,Loan Management System
APP00000594,CUST00002882,LN00002462,2023-11-20,267950.75,Approved,2026-07-25 01:44:21.248686,,Loan Management System
APP00000595,CUST00004479,LN00002049,2020-07-02,1546323.08,Approved,2026-07-25 01:44:21.248686,,Loan Management System
APP00000596,CUST00001689,LN00002398,2017-11-05,3277236.42,Approved,2026-07-25 01:44:21.248686,,Loan Management System
APP00000597,CUST00003599,LN00001418,2019-02-12,2254876.09,Approved,2026-07-25 01:44:21.248686,,Loan Management System
APP00000598,CUST00004693,LN00000877,2021-01-14,551296.65,Approved,2026-07-25 01:44:21.248686,,Loan Management System
APP00000599,CUST00002627,LN00002241,2019-01-01,1233355.06,Approved,2026-07-25 01:44:21.248686,,Loan Management System
APP00000600,CUST00003415,LN00000209,2022-02-28,2312068.95,Approved,2026-07-25 01:44:21.248686,,Loan Management System
APP00000601,CUST00000310,,2016-03-15,6798941.95,Cancelled,2026-07-25 01:44:21.249691,,Loan Management System
APP00000602,CUST00002922,LN00001493,2024-05-12,216628.81,Approved,2026-07-25 01:44:21.249691,,Loan Management System
APP00000603,CUST00000205,LN00001401,2018-06-25,136284.6,Approved,2026-07-25 01:44:21.249691,,Loan Management System
APP00000604,CUST00004252,LN00002056,2012-05-31,223663.39,Approved,2026-07-25 01:44:21.249691,,Loan Management System
APP00000605,CUST00002655,,2014-04-29,705021.03,Cancelled,2026-07-25 01:44:21.249691,,Loan Management System
APP00000606,CUST00002362,LN00000249,2019-08-08,1320368.36,Approved,2026-07-25 01:44:21.249691,,Loan Management System
APP00000607,CUST00002706,LN00000495,2023-02-28,1164569.09,Approved,2026-07-25 01:44:21.249691,,Loan Management System
APP00000608,CUST00004341,,2023-10-15,2989574.19,Rejected,2026-07-25 01:44:21.249691,,Loan Management System
APP00000609,CUST00001951,LN00000315,2018-10-11,744470.5,Approved,2026-07-25 01:44:21.249691,,Loan Management System
APP00000610,CUST00004242,,2011-10-20,633128.44,Rejected,2026-07-25 01:44:21.250685,,Loan Management System
APP00000611,CUST00000835,LN00000380,2023-05-02,428166.76,Approved,2026-07-25 01:44:21.250685,,Loan Management System
APP00000612,CUST00003683,LN00000825,2018-07-18,584436.56,Approved,2026-07-25 01:44:21.250685,,Loan Management System
APP00000613,CUST00002343,LN00001225,2022-10-17,9400042.1,Approved,2026-07-25 01:44:21.250685,,Loan Management System
APP00000614,CUST00000520,LN00002223,2019-07-15,1560888.73,Approved,2026-07-25 01:44:21.250685,,Loan Management System
APP00000615,CUST00003712,,2014-07-19,769316.52,Rejected,2026-07-25 01:44:21.250685,,Loan Management System
APP00000616,CUST00004511,LN00000009,2024-01-31,2831304.33,Approved,2026-07-25 01:44:21.250685,,Loan Management System
APP00000617,CUST00003678,LN00001931,2017-02-11,675164.9,Approved,2026-07-25 01:44:21.250685,,Loan Management System
APP00000618,CUST00001626,LN00001062,2024-12-30,8465137.35,Approved,2026-07-25 01:44:21.250685,,Loan Management System
APP00000619,CUST00004640,LN00001558,2023-01-21,652782.28,Approved,2026-07-25 01:44:21.250685,,Loan Management System
APP00000620,CUST00004676,,2017-02-20,5239073.15,Rejected,2026-07-25 01:44:21.250685,,Loan Management System
APP00000621,CUST00000542,LN00000529,2012-01-12,1495691.95,Approved,2026-07-25 01:44:21.250685,,Loan Management System
APP00000622,CUST00003675,LN00002272,2026-05-10,8239075.04,Approved,2026-07-25 01:44:21.251679,,Loan Management System
APP00000623,CUST00001599,LN00001300,2017-02-04,1774467.06,Approved,2026-07-25 01:44:21.251679,,Loan Management System
APP00000624,CUST00004721,LN00001074,2019-06-29,11839757.14,Approved,2026-07-25 01:44:21.251679,,Loan Management System
APP00000625,CUST00003903,,2013-12-14,3163869.98,Rejected,2026-07-25 01:44:21.251679,,Loan Management System
APP00000626,CUST00004155,LN00001532,2023-02-12,1966325.86,Approved,2026-07-25 01:44:21.251679,,Loan Management System
APP00000627,CUST00001944,LN00001421,2017-05-08,152063.12,Approved,2026-07-25 01:44:21.251679,,Loan Management System
APP00000628,CUST00001089,,2015-10-13,1965452.88,Cancelled,2026-07-25 01:44:21.251679,,Loan Management System
APP00000629,CUST00001340,,2011-09-05,1020204.68,Pending,2026-07-25 01:44:21.251679,,Loan Management System
APP00000630,CUST00003723,LN00000284,2012-09-02,3502563.43,Approved,2026-07-25 01:44:21.251679,,Loan Management System
APP00000631,CUST00000632,LN00001514,2019-01-15,13937221.88,Approved,2026-07-25 01:44:21.251679,,Loan Management System
APP00000632,CUST00004867,LN00000078,2012-03-26,12512163.22,Approved,2026-07-25 01:44:21.251679,,Loan Management System
APP00000633,CUST00003458,LN00002439,2024-12-22,1375431.85,Approved,2026-07-25 01:44:21.251679,,Loan Management System
APP00000634,CUST00003444,,2024-05-20,374666.91,Rejected,2026-07-25 01:44:21.252681,,Loan Management System
APP00000635,CUST00003793,LN00000182,2011-08-29,2916484.29,Approved,2026-07-25 01:44:21.252681,,Loan Management System
APP00000636,CUST00004426,LN00000283,2011-08-08,602712.38,Approved,2026-07-25 01:44:21.252681,,Loan Management System
APP00000637,CUST00001779,,2016-09-12,241530.03,Rejected,2026-07-25 01:44:21.252681,,Loan Management System
APP00000638,CUST00002644,LN00001017,2025-09-04,1652611.35,Approved,2026-07-25 01:44:21.252681,,Loan Management System
APP00000639,CUST00004266,,2023-11-10,680648.8,Rejected,2026-07-25 01:44:21.252681,,Loan Management System
APP00000640,CUST00001359,LN00000385,2023-10-08,1483518.87,Approved,2026-07-25 01:44:21.252681,,Loan Management System
APP00000641,CUST00003732,LN00000293,2012-08-08,2358001.11,Approved,2026-07-25 01:44:21.252681,,Loan Management System
APP00000642,CUST00001294,LN00000876,2021-07-13,1692219.91,Approved,2026-07-25 01:44:21.252681,,Loan Management System
APP00000643,CUST00004891,LN00000317,2018-09-11,2039819.3,Approved,2026-07-25 01:44:21.252681,,Loan Management System
APP00000644,CUST00001994,,2023-05-07,19120378.65,Cancelled,2026-07-25 01:44:21.253696,,Loan Management System
APP00000645,CUST00002444,LN00000719,2016-09-25,4027296.23,Approved,2026-07-25 01:44:21.253696,,Loan Management System
APP00000646,CUST00004048,LN00001261,2012-02-03,3096999.99,Approved,2026-07-25 01:44:21.253696,,Loan Management System
APP00000647,CUST00001248,LN00001322,2013-05-25,7259033.21,Approved,2026-07-25 01:44:21.253696,,Loan Management System
APP00000648,CUST00001806,,2019-06-24,9554325.61,Rejected,2026-07-25 01:44:21.253696,,Loan Management System
APP00000649,CUST00001050,LN00001260,2021-08-24,2407308.24,Approved,2026-07-25 01:44:21.253696,,Loan Management System
APP00000650,CUST00000784,,2014-04-12,9538299.87,Rejected,2026-07-25 01:44:21.253696,,Loan Management System
APP00000651,CUST00003969,LN00000146,2015-09-12,440371.02,Approved,2026-07-25 01:44:21.253696,,Loan Management System
APP00000652,CUST00001764,,2023-03-27,3902536.41,Rejected,2026-07-25 01:44:21.254686,,Loan Management System
APP00000653,CUST00000228,LN00002143,2023-11-25,4197158.09,Approved,2026-07-25 01:44:21.254686,,Loan Management System
APP00000654,CUST00002478,LN00000958,2023-03-26,10923096.78,Approved,2026-07-25 01:44:21.254686,,Loan Management System
APP00000655,CUST00001793,LN00001582,2021-03-15,8260884.91,Approved,2026-07-25 01:44:21.254686,,Loan Management System
APP00000656,CUST00003912,LN00001369,2013-05-27,1372839.86,Approved,2026-07-25 01:44:21.254686,,Loan Management System
APP00000657,CUST00000386,LN00000058,2015-12-28,9349563.18,Approved,2026-07-25 01:44:21.254686,,Loan Management System
APP00000658,CUST00000746,LN00001286,2020-05-20,2887287.28,Approved,2026-07-25 01:44:21.254686,,Loan Management System
APP00000659,CUST00003535,LN00000031,2018-08-02,5713697.91,Approved,2026-07-25 01:44:21.254686,,Loan Management System
APP00000660,CUST00002225,LN00001409,2023-10-21,1106633.08,Approved,2026-07-25 01:44:21.254686,,Loan Management System
APP00000661,CUST00003248,,2013-10-31,1645711.36,Rejected,2026-07-25 01:44:21.254686,,Loan Management System
APP00000662,CUST00002093,LN00001992,2014-08-10,1181900.32,Approved,2026-07-25 01:44:21.254686,,Loan Management System
APP00000663,CUST00001649,LN00000021,2015-05-23,147230.21,Approved,2026-07-25 01:44:21.254686,,Loan Management System
APP00000664,CUST00002420,LN00001933,2013-08-05,2993566.79,Approved,2026-07-25 01:44:21.254686,,Loan Management System
APP00000665,CUST00000820,LN00001970,2024-08-10,6909753.17,Approved,2026-07-25 01:44:21.254686,,Loan Management System
APP00000666,CUST00003382,LN00002161,2024-08-21,1893519.64,Approved,2026-07-25 01:44:21.254686,,Loan Management System
APP00000667,CUST00001652,LN00002230,2025-10-01,1855359.09,Approved,2026-07-25 01:44:21.254686,,Loan Management System
APP00000668,CUST00000181,,2023-07-03,1737881.26,Pending,2026-07-25 01:44:21.254686,,Loan Management System
APP00000669,CUST00004333,LN00002328,2020-09-20,823003.04,Approved,2026-07-25 01:44:21.254686,,Loan Management System
APP00000670,CUST00004587,LN00000402,2020-01-26,1822952.07,Approved,2026-07-25 01:44:21.255686,,Loan Management System
APP00000671,CUST00002277,LN00002429,2012-12-04,1903191.25,Approved,2026-07-25 01:44:21.255686,,Loan Management System
APP00000672,CUST00003150,LN00001857,2019-10-17,10912028.95,Approved,2026-07-25 01:44:21.255686,,Loan Management System
APP00000673,CUST00004692,LN00002251,2024-08-19,2226996.59,Approved,2026-07-25 01:44:21.255686,,Loan Management System
APP00000674,CUST00000214,LN00000281,2021-07-24,2051673.69,Approved,2026-07-25 01:44:21.255686,,Loan Management System
APP00000675,CUST00003740,LN00001309,2019-11-04,915777.53,Approved,2026-07-25 01:44:21.255686,,Loan Management System
APP00000676,CUST00001600,LN00001694,2013-05-18,1732328.25,Approved,2026-07-25 01:44:21.255686,,Loan Management System
APP00000677,CUST00002887,,2019-02-28,6705950.22,Rejected,2026-07-25 01:44:21.255686,,Loan Management System
APP00000678,CUST00002135,LN00000928,2013-06-24,541805.67,Approved,2026-07-25 01:44:21.255686,,Loan Management System
APP00000679,CUST00002215,LN00000434,2022-11-19,15796355.9,Approved,2026-07-25 01:44:21.255686,,Loan Management System
APP00000680,CUST00001945,LN00001102,2019-08-26,552386.67,Approved,2026-07-25 01:44:21.255686,,Loan Management System
APP00000681,CUST00004151,LN00000785,2026-03-16,4412721.26,Approved,2026-07-25 01:44:21.255686,,Loan Management System
APP00000682,CUST00004720,,2013-06-21,2315588.02,Rejected,2026-07-25 01:44:21.255686,,Loan Management System
APP00000683,CUST00002252,LN00001622,2022-02-06,10395194.49,Approved,2026-07-25 01:44:21.255686,,Loan Management System
APP00000684,CUST00003682,LN00000784,2024-03-11,1822876.8,Approved,2026-07-25 01:44:21.255686,,Loan Management System
APP00000685,CUST00000766,,2020-02-28,333943.06,Pending,2026-07-25 01:44:21.256682,,Loan Management System
APP00000686,CUST00001774,LN00001718,2019-10-30,1071837.63,Approved,2026-07-25 01:44:21.256682,,Loan Management System
APP00000687,CUST00004452,,2021-04-21,2586948.48,Rejected,2026-07-25 01:44:21.256682,,Loan Management System
APP00000688,CUST00001343,LN00002110,2019-05-13,2980066.52,Approved,2026-07-25 01:44:21.256682,,Loan Management System
APP00000689,CUST00001376,LN00000093,2017-08-21,1521482.62,Approved,2026-07-25 01:44:21.256682,,Loan Management System
APP00000690,CUST00000817,LN00001671,2018-03-15,2090791.85,Approved,2026-07-25 01:44:21.256682,,Loan Management System
APP00000691,CUST00003119,,2017-02-21,6236195.59,Rejected,2026-07-25 01:44:21.256682,,Loan Management System
APP00000692,CUST00001134,LN00000880,2012-12-16,6371646.68,Approved,2026-07-25 01:44:21.256682,,Loan Management System
APP00000693,CUST00002444,LN00000161,2013-01-19,1184889.96,Approved,2026-07-25 01:44:21.256682,,Loan Management System
APP00000694,CUST00003278,LN00002109,2021-12-09,5582191.97,Approved,2026-07-25 01:44:21.256682,,Loan Management System
APP00000695,CUST00001410,LN00000224,2021-08-20,1896890.99,Approved,2026-07-25 01:44:21.256682,,Loan Management System
APP00000696,CUST00001083,,2023-10-04,841964.03,Rejected,2026-07-25 01:44:21.257600,,Loan Management System
APP00000697,CUST00003878,,2021-06-25,18723458.17,Rejected,2026-07-25 01:44:21.257600,,Loan Management System
APP00000698,CUST00004536,LN00000244,2020-08-02,5051185.42,Approved,2026-07-25 01:44:21.257600,,Loan Management System
APP00000699,CUST00004328,,2013-02-09,2292092.89,Pending,2026-07-25 01:44:21.257600,,Loan Management System
APP00000700,CUST00001786,LN00000056,2017-05-19,303923.27,Approved,2026-07-25 01:44:21.257600,,Loan Management System
APP00000701,CUST00000074,LN00000305,2019-07-22,3364612.47,Approved,2026-07-25 01:44:21.257600,,Loan Management System
APP00000702,CUST00001248,LN00000251,2014-03-21,1964594.11,Approved,2026-07-25 01:44:21.257600,,Loan Management System
APP00000703,CUST00003061,LN00001264,2016-12-30,1290028.99,Approved,2026-07-25 01:44:21.257600,,Loan Management System
APP00000704,CUST00003170,LN00002452,2019-01-24,4639087.81,Approved,2026-07-25 01:44:21.257600,,Loan Management System
APP00000705,CUST00001424,LN00001384,2019-07-25,1080372.92,Approved,2026-07-25 01:44:21.257600,,Loan Management System
APP00000706,CUST00000143,LN00001378,2020-03-01,229579.68,Approved,2026-07-25 01:44:21.257600,,Loan Management System
APP00000707,CUST00000270,LN00000995,2023-07-20,236048.38,Approved,2026-07-25 01:44:21.257600,,Loan Management System
APP00000708,CUST00001154,,2021-02-26,2571107.16,Rejected,2026-07-25 01:44:21.258687,,Loan Management System
APP00000709,CUST00000375,LN00000216,2014-01-02,8985392.14,Approved,2026-07-25 01:44:21.258687,,Loan Management System
APP00000710,CUST00002299,,2021-01-25,1236839.48,Pending,2026-07-25 01:44:21.258687,,Loan Management System
APP00000711,CUST00000600,LN00002219,2022-08-09,2948820.39,Approved,2026-07-25 01:44:21.258687,,Loan Management System
APP00000712,CUST00004713,,2023-01-03,243770.75,Rejected,2026-07-25 01:44:21.258687,,Loan Management System
APP00000713,CUST00001630,LN00000800,2016-02-24,2927160.74,Approved,2026-07-25 01:44:21.258687,,Loan Management System
APP00000714,CUST00000905,LN00002103,2013-05-11,643876.9,Approved,2026-07-25 01:44:21.258687,,Loan Management System
APP00000715,CUST00002192,LN00001488,2020-07-29,298666.7,Approved,2026-07-25 01:44:21.258687,,Loan Management System
APP00000716,CUST00003038,LN00001939,2018-08-28,2210830.5,Approved,2026-07-25 01:44:21.258687,,Loan Management System
APP00000717,CUST00002970,LN00001176,2019-01-24,1661706.75,Approved,2026-07-25 01:44:21.258687,,Loan Management System
APP00000718,CUST00000553,LN00002014,2023-09-23,3895043.18,Approved,2026-07-25 01:44:21.258687,,Loan Management System
APP00000719,CUST00000074,LN00001247,2019-01-07,714920.6,Approved,2026-07-25 01:44:21.258687,,Loan Management System
APP00000720,CUST00002210,LN00000488,2016-01-19,1506743.31,Approved,2026-07-25 01:44:21.258687,,Loan Management System
APP00000721,CUST00001151,LN00001751,2025-12-15,4121279.17,Approved,2026-07-25 01:44:21.258687,,Loan Management System
APP00000722,CUST00001168,LN00000875,2018-03-20,7485160.87,Approved,2026-07-25 01:44:21.258687,,Loan Management System
APP00000723,CUST00003372,,2017-06-03,788520.42,Pending,2026-07-25 01:44:21.259688,,Loan Management System
APP00000724,CUST00002086,LN00000676,2022-12-06,2513330.16,Approved,2026-07-25 01:44:21.259688,,Loan Management System
APP00000725,CUST00003806,LN00001016,2015-09-17,2425689.01,Approved,2026-07-25 01:44:21.259688,,Loan Management System
APP00000726,CUST00004369,LN00001574,2017-12-13,2521846.07,Approved,2026-07-25 01:44:21.259688,,Loan Management System
APP00000727,CUST00004767,LN00002015,2016-12-05,2220033.63,Approved,2026-07-25 01:44:21.259688,,Loan Management System
APP00000728,CUST00004189,,2019-08-05,1955836.96,Rejected,2026-07-25 01:44:21.259688,,Loan Management System
APP00000729,CUST00001524,,2012-02-07,2398868.87,Rejected,2026-07-25 01:44:21.259688,,Loan Management System
APP00000730,CUST00004240,,2016-06-11,3421081.38,Rejected,2026-07-25 01:44:21.260685,,Loan Management System
APP00000731,CUST00004027,,2018-07-08,5682211.26,Pending,2026-07-25 01:44:21.260685,,Loan Management System
APP00000732,CUST00000955,,2014-08-16,2164040.61,Rejected,2026-07-25 01:44:21.260685,,Loan Management System
APP00000733,CUST00000793,,2024-08-23,2861083.01,Rejected,2026-07-25 01:44:21.260685,,Loan Management System
APP00000734,CUST00002453,,2013-11-12,7875170.22,Rejected,2026-07-25 01:44:21.260685,,Loan Management System
APP00000735,CUST00004375,LN00000690,2024-11-14,1676364.28,Approved,2026-07-25 01:44:21.261685,,Loan Management System
APP00000736,CUST00003575,LN00000605,2024-08-24,4595826.19,Approved,2026-07-25 01:44:21.261685,,Loan Management System
APP00000737,CUST00001770,LN00001501,2022-03-28,4792491.26,Approved,2026-07-25 01:44:21.261685,,Loan Management System
APP00000738,CUST00000422,LN00001031,2025-12-27,1934760.99,Approved,2026-07-25 01:44:21.261685,,Loan Management System
APP00000739,CUST00003263,,2026-05-10,126233.46,Rejected,2026-07-25 01:44:21.261685,,Loan Management System
APP00000740,CUST00002002,LN00001817,2016-12-31,2121591.07,Approved,2026-07-25 01:44:21.261685,,Loan Management System
APP00000741,CUST00000567,LN00000680,2021-03-07,2307158.56,Approved,2026-07-25 01:44:21.261685,,Loan Management System
APP00000742,CUST00003679,,2012-12-04,734879.14,Rejected,2026-07-25 01:44:21.261685,,Loan Management System
APP00000743,CUST00003628,LN00001690,2018-01-07,213972.31,Approved,2026-07-25 01:44:21.261685,,Loan Management System
APP00000744,CUST00004185,,2013-10-28,1722724.11,Rejected,2026-07-25 01:44:21.261685,,Loan Management System
APP00000745,CUST00004274,,2022-09-05,10375568.99,Cancelled,2026-07-25 01:44:21.262686,,Loan Management System
APP00000746,CUST00004711,,2026-03-13,2201768.11,Rejected,2026-07-25 01:44:21.262686,,Loan Management System
APP00000747,CUST00002754,LN00000627,2024-11-11,11284891.55,Approved,2026-07-25 01:44:21.262686,,Loan Management System
APP00000748,CUST00000752,LN00001846,2016-07-21,4909822.51,Approved,2026-07-25 01:44:21.262686,,Loan Management System
APP00000749,CUST00002086,LN00000276,2017-03-13,3792588.49,Approved,2026-07-25 01:44:21.262686,,Loan Management System
APP00000750,CUST00004152,,2020-09-13,1715778.49,Rejected,2026-07-25 01:44:21.262686,,Loan Management System
APP00000751,CUST00003933,LN00002374,2017-10-03,1438079.6,Approved,2026-07-25 01:44:21.262686,,Loan Management System
APP00000752,CUST00002464,,2020-07-23,2405301.8,Cancelled,2026-07-25 01:44:21.263684,,Loan Management System
APP00000753,CUST00000668,,2013-09-23,697770.31,Rejected,2026-07-25 01:44:21.263684,,Loan Management System
APP00000754,CUST00004898,LN00002073,2013-08-25,2361323.66,Approved,2026-07-25 01:44:21.263684,,Loan Management System
APP00000755,CUST00004239,,2025-10-06,8217969.91,Rejected,2026-07-25 01:44:21.263684,,Loan Management System
APP00000756,CUST00004065,LN00001113,2016-06-07,8802635.56,Approved,2026-07-25 01:44:21.263684,,Loan Management System
APP00000757,CUST00002983,LN00000139,2019-11-23,389580.94,Approved,2026-07-25 01:44:21.263684,,Loan Management System
APP00000758,CUST00000396,,2016-08-20,1981459.82,Rejected,2026-07-25 01:44:21.263684,,Loan Management System
APP00000759,CUST00000440,LN00001864,2014-01-13,19524989.54,Approved,2026-07-25 01:44:21.263684,,Loan Management System
APP00000760,CUST00002166,LN00001651,2014-05-03,1731312.28,Approved,2026-07-25 01:44:21.263684,,Loan Management System
APP00000761,CUST00002597,,2018-10-11,240135.45,Pending,2026-07-25 01:44:21.264693,,Loan Management System
APP00000762,CUST00004230,,2020-08-11,8093464.97,Rejected,2026-07-25 01:44:21.264693,,Loan Management System
APP00000763,CUST00003772,,2018-01-05,2479267.27,Rejected,2026-07-25 01:44:21.264693,,Loan Management System
APP00000764,CUST00001500,LN00000201,2023-09-12,7786275.5,Approved,2026-07-25 01:44:21.264693,,Loan Management System
APP00000765,CUST00003194,LN00001537,2012-10-20,709894.77,Approved,2026-07-25 01:44:21.264693,,Loan Management System
APP00000766,CUST00000575,LN00002387,2025-05-30,2511271.82,Approved,2026-07-25 01:44:21.264693,,Loan Management System
APP00000767,CUST00001012,LN00000255,2021-10-21,504203.88,Approved,2026-07-25 01:44:21.264693,,Loan Management System
APP00000768,CUST00000186,LN00002446,2023-04-12,109727.69,Approved,2026-07-25 01:44:21.264693,,Loan Management System
APP00000769,CUST00003633,LN00000643,2020-08-15,983801.18,Approved,2026-07-25 01:44:21.264693,,Loan Management System
APP00000770,CUST00001448,LN00000455,2015-01-28,2017880.35,Approved,2026-07-25 01:44:21.264693,,Loan Management System
APP00000771,CUST00002009,LN00000546,2015-09-01,7556366.45,Approved,2026-07-25 01:44:21.264693,,Loan Management System
APP00000772,CUST00002848,LN00000173,2012-06-25,3232806.25,Approved,2026-07-25 01:44:21.264693,,Loan Management System
APP00000773,CUST00003951,LN00000426,2018-08-19,1042844.19,Approved,2026-07-25 01:44:21.264693,,Loan Management System
APP00000774,CUST00003142,,2022-01-08,2374907.33,Rejected,2026-07-25 01:44:21.265688,,Loan Management System
APP00000775,CUST00004653,LN00002268,2023-09-17,2145140.68,Approved,2026-07-25 01:44:21.265688,,Loan Management System
APP00000776,CUST00002174,,2015-08-28,2568697.1,Pending,2026-07-25 01:44:21.265688,,Loan Management System
APP00000777,CUST00001117,,2015-01-25,440079.65,Cancelled,2026-07-25 01:44:21.265688,,Loan Management System
APP00000778,CUST00003607,LN00000587,2014-10-22,7782257.56,Approved,2026-07-25 01:44:21.265688,,Loan Management System
APP00000779,CUST00001300,,2013-04-11,4759553.46,Cancelled,2026-07-25 01:44:21.266689,,Loan Management System
APP00000780,CUST00003365,,2021-08-31,1369827.67,Rejected,2026-07-25 01:44:21.266689,,Loan Management System
APP00000781,CUST00001901,,2012-02-18,355971.32,Rejected,2026-07-25 01:44:21.266689,,Loan Management System
APP00000782,CUST00001905,,2019-02-27,340262.59,Rejected,2026-07-25 01:44:21.266689,,Loan Management System
APP00000783,CUST00002018,LN00001420,2019-10-17,5576066.01,Approved,2026-07-25 01:44:21.266689,,Loan Management System
APP00000784,CUST00003192,,2022-12-29,1947390.0,Pending,2026-07-25 01:44:21.267684,,Loan Management System
APP00000785,CUST00000773,,2023-07-12,45084.26,Pending,2026-07-25 01:44:21.267684,,Loan Management System
APP00000786,CUST00002309,LN00002484,2020-07-09,4306683.62,Approved,2026-07-25 01:44:21.267684,,Loan Management System
APP00000787,CUST00003349,LN00001291,2021-06-01,3138051.36,Approved,2026-07-25 01:44:21.267684,,Loan Management System
APP00000788,CUST00000835,LN00002132,2014-04-07,2476916.41,Approved,2026-07-25 01:44:21.267684,,Loan Management System
APP00000789,CUST00002716,,2018-05-28,1162055.77,Pending,2026-07-25 01:44:21.267684,,Loan Management System
APP00000790,CUST00000690,LN00001211,2016-05-30,836583.38,Approved,2026-07-25 01:44:21.267684,,Loan Management System
APP00000791,CUST00002594,LN00000178,2020-06-15,16165927.65,Approved,2026-07-25 01:44:21.267684,,Loan Management System
APP00000792,CUST00000978,LN00000474,2011-09-01,13030567.83,Approved,2026-07-25 01:44:21.267684,,Loan Management System
APP00000793,CUST00001990,LN00001263,2023-12-13,1430249.95,Approved,2026-07-25 01:44:21.267684,,Loan Management System
APP00000794,CUST00001395,,2024-05-24,12740823.31,Cancelled,2026-07-25 01:44:21.267684,,Loan Management System
APP00000795,CUST00004597,LN00000986,2018-07-21,508881.03,Approved,2026-07-25 01:44:21.268680,,Loan Management System
APP00000796,CUST00000036,,2013-12-11,3591625.27,Rejected,2026-07-25 01:44:21.268680,,Loan Management System
APP00000797,CUST00000002,LN00000974,2012-03-24,7090872.99,Approved,2026-07-25 01:44:21.268680,,Loan Management System
APP00000798,CUST00001424,,2016-06-25,1861205.82,Rejected,2026-07-25 01:44:21.268680,,Loan Management System
APP00000799,CUST00001019,LN00001633,2023-11-30,2885622.43,Approved,2026-07-25 01:44:21.268680,,Loan Management System
APP00000800,CUST00001956,LN00000839,2019-08-28,1077885.93,Approved,2026-07-25 01:44:21.268680,,Loan Management System
APP00000801,CUST00001813,,2016-12-26,1091519.18,Pending,2026-07-25 01:44:21.268680,,Loan Management System
APP00000802,CUST00001675,,2021-05-21,1185211.89,Cancelled,2026-07-25 01:44:21.269685,,Loan Management System
APP00000803,CUST00003110,,2021-09-25,557294.59,Pending,2026-07-25 01:44:21.269685,,Loan Management System
APP00000804,CUST00004421,LN00001210,2015-06-02,1118508.18,Approved,2026-07-25 01:44:21.269685,,Loan Management System
APP00000805,CUST00000209,LN00000865,2025-01-12,3179735.98,Approved,2026-07-25 01:44:21.269685,,Loan Management System
APP00000806,CUST00001235,LN00000435,2023-08-28,1296016.23,Approved,2026-07-25 01:44:21.269685,,Loan Management System
APP00000807,CUST00000250,,2026-06-20,3595314.78,Rejected,2026-07-25 01:44:21.269685,,Loan Management System
APP00000808,CUST00003273,LN00001223,2022-01-25,304087.61,Approved,2026-07-25 01:44:21.269685,,Loan Management System
APP00000809,CUST00002664,LN00001560,2014-03-23,3214314.93,Approved,2026-07-25 01:44:21.269685,,Loan Management System
APP00000810,CUST00000371,,2015-04-28,1435245.86,Rejected,2026-07-25 01:44:21.269685,,Loan Management System
APP00000811,CUST00003352,,2018-08-06,2040291.89,Rejected,2026-07-25 01:44:21.270685,,Loan Management System
APP00000812,CUST00003624,LN00001875,2021-08-20,1145450.79,Approved,2026-07-25 01:44:21.270685,,Loan Management System
APP00000813,CUST00003204,LN00000344,2015-09-19,4950866.65,Approved,2026-07-25 01:44:21.270685,,Loan Management System
APP00000814,CUST00002107,LN00002152,2014-10-06,1964158.1,Approved,2026-07-25 01:44:21.270685,,Loan Management System
APP00000815,CUST00003171,LN00000854,2015-04-20,179865.86,Approved,2026-07-25 01:44:21.270685,,Loan Management System
APP00000816,CUST00001127,LN00000357,2011-10-20,849476.14,Approved,2026-07-25 01:44:21.270685,,Loan Management System
APP00000817,CUST00000572,,2026-07-12,514295.37,Rejected,2026-07-25 01:44:21.270685,,Loan Management System
APP00000818,CUST00004660,,2024-01-26,1370051.11,Rejected,2026-07-25 01:44:21.270685,,Loan Management System
APP00000819,CUST00001046,LN00001808,2026-03-09,526036.76,Approved,2026-07-25 01:44:21.270685,,Loan Management System
APP00000820,CUST00000129,,2022-03-18,953577.48,Rejected,2026-07-25 01:44:21.271686,,Loan Management System
APP00000821,CUST00003358,,2023-02-09,891978.85,Rejected,2026-07-25 01:44:21.271686,,Loan Management System
APP00000822,CUST00003621,,2018-10-30,930906.2,Pending,2026-07-25 01:44:21.271686,,Loan Management System
APP00000823,CUST00003761,LN00001065,2016-07-18,828158.68,Approved,2026-07-25 01:44:21.271686,,Loan Management System
APP00000824,CUST00004886,,2019-12-29,14452072.36,Rejected,2026-07-25 01:44:21.271686,,Loan Management System
APP00000825,CUST00003624,LN00000332,2026-01-26,5927980.33,Approved,2026-07-25 01:44:21.271686,,Loan Management System
APP00000826,CUST00000709,LN00002177,2022-02-28,988064.52,Approved,2026-07-25 01:44:21.271686,,Loan Management System
APP00000827,CUST00004726,LN00000234,2012-06-24,570345.59,Approved,2026-07-25 01:44:21.271686,,Loan Management System
APP00000828,CUST00000722,LN00000601,2017-02-10,1384304.34,Approved,2026-07-25 01:44:21.271686,,Loan Management System
APP00000829,CUST00004309,LN00001276,2024-06-27,464460.74,Approved,2026-07-25 01:44:21.271686,,Loan Management System
APP00000830,CUST00001301,LN00001729,2023-05-09,397570.21,Approved,2026-07-25 01:44:21.271686,,Loan Management System
APP00000831,CUST00003226,,2018-07-04,2903182.01,Rejected,2026-07-25 01:44:21.272686,,Loan Management System
APP00000832,CUST00002213,LN00000275,2012-07-09,10234374.61,Approved,2026-07-25 01:44:21.272686,,Loan Management System
APP00000833,CUST00002702,,2016-08-30,890388.91,Rejected,2026-07-25 01:44:21.272686,,Loan Management System
APP00000834,CUST00001424,LN00000258,2020-08-31,2288030.16,Approved,2026-07-25 01:44:21.272686,,Loan Management System
APP00000835,CUST00003998,LN00002115,2018-11-14,2365741.14,Approved,2026-07-25 01:44:21.272686,,Loan Management System
APP00000836,CUST00000871,,2024-05-24,1779804.79,Rejected,2026-07-25 01:44:21.272686,,Loan Management System
APP00000837,CUST00000805,LN00001924,2025-05-07,8528922.31,Approved,2026-07-25 01:44:21.272686,,Loan Management System
APP00000838,CUST00004080,LN00000351,2020-11-17,1395167.66,Approved,2026-07-25 01:44:21.272686,,Loan Management System
APP00000839,CUST00003973,LN00000502,2025-11-07,2253953.38,Approved,2026-07-25 01:44:21.272686,,Loan Management System
APP00000840,CUST00002870,,2026-01-04,10034435.87,Pending,2026-07-25 01:44:21.273724,,Loan Management System
APP00000841,CUST00000907,,2015-05-25,2214942.91,Rejected,2026-07-25 01:44:21.273724,,Loan Management System
APP00000842,CUST00000535,LN00000094,2014-03-29,2123409.91,Approved,2026-07-25 01:44:21.273724,,Loan Management System
APP00000843,CUST00004425,LN00001187,2024-01-08,7245312.28,Approved,2026-07-25 01:44:21.273724,,Loan Management System
APP00000844,CUST00004356,LN00002076,2023-06-27,12610049.88,Approved,2026-07-25 01:44:21.273724,,Loan Management System
APP00000845,CUST00000897,LN00000623,2021-07-21,1021036.4,Approved,2026-07-25 01:44:21.273724,,Loan Management System
APP00000846,CUST00000700,LN00001316,2012-03-03,988903.83,Approved,2026-07-25 01:44:21.273724,,Loan Management System
APP00000847,CUST00000809,LN00002364,2019-02-23,575136.0,Approved,2026-07-25 01:44:21.273724,,Loan Management System
APP00000848,CUST00004556,,2018-08-25,2418954.34,Pending,2026-07-25 01:44:21.273724,,Loan Management System
APP00000849,CUST00001052,LN00000524,2013-06-12,1532048.21,Approved,2026-07-25 01:44:21.273724,,Loan Management System
APP00000850,CUST00001062,,2020-07-30,227974.45,Rejected,2026-07-25 01:44:21.274695,,Loan Management System
APP00000851,CUST00003784,LN00001803,2015-09-11,8071476.74,Approved,2026-07-25 01:44:21.274695,,Loan Management System
APP00000852,CUST00004663,LN00001594,2023-03-03,9295638.87,Approved,2026-07-25 01:44:21.274695,,Loan Management System
APP00000853,CUST00002262,LN00001340,2019-12-09,3168707.6,Approved,2026-07-25 01:44:21.274695,,Loan Management System
APP00000854,CUST00004851,,2015-11-25,1437027.41,Cancelled,2026-07-25 01:44:21.274695,,Loan Management System
APP00000855,CUST00002377,,2015-01-08,716985.51,Rejected,2026-07-25 01:44:21.274695,,Loan Management System
APP00000856,CUST00001903,LN00000737,2023-09-14,6516342.04,Approved,2026-07-25 01:44:21.274695,,Loan Management System
APP00000857,CUST00001624,,2022-07-25,2356023.16,Rejected,2026-07-25 01:44:21.274695,,Loan Management System
APP00000858,CUST00001595,,2012-11-27,84474.12,Rejected,2026-07-25 01:44:21.275686,,Loan Management System
APP00000859,CUST00000725,LN00000624,2018-11-27,2098739.83,Approved,2026-07-25 01:44:21.275686,,Loan Management System
APP00000860,CUST00002803,LN00001936,2026-05-10,3861162.82,Approved,2026-07-25 01:44:21.275686,,Loan Management System
APP00000861,CUST00002431,LN00000476,2025-04-26,1113767.47,Approved,2026-07-25 01:44:21.275686,,Loan Management System
APP00000862,CUST00004504,LN00000288,2015-06-07,947974.68,Approved,2026-07-25 01:44:21.275686,,Loan Management System
APP00000863,CUST00003228,LN00002313,2015-02-03,1422945.93,Approved,2026-07-25 01:44:21.275686,,Loan Management System
APP00000864,CUST00000668,LN00001570,2019-03-07,12204847.11,Approved,2026-07-25 01:44:21.275686,,Loan Management System
APP00000865,CUST00003345,LN00001124,2012-05-23,196835.16,Approved,2026-07-25 01:44:21.275686,,Loan Management System
APP00000866,CUST00004270,LN00001332,2019-05-09,3409854.03,Approved,2026-07-25 01:44:21.275686,,Loan Management System
APP00000867,CUST00003339,LN00002273,2014-02-09,1510603.46,Approved,2026-07-25 01:44:21.275686,,Loan Management System
APP00000868,CUST00003119,LN00001181,2018-11-06,249983.36,Approved,2026-07-25 01:44:21.275686,,Loan Management System
APP00000869,CUST00004161,LN00000068,2016-05-22,2184238.69,Approved,2026-07-25 01:44:21.275686,,Loan Management System
APP00000870,CUST00004585,LN00001160,2020-12-26,6823242.92,Approved,2026-07-25 01:44:21.275686,,Loan Management System
APP00000871,CUST00004257,LN00001096,2024-05-30,683083.25,Approved,2026-07-25 01:44:21.275686,,Loan Management System
APP00000872,CUST00004937,LN00001104,2023-11-17,10838794.47,Approved,2026-07-25 01:44:21.275686,,Loan Management System
APP00000873,CUST00000748,LN00002097,2021-04-20,3016731.19,Approved,2026-07-25 01:44:21.275686,,Loan Management System
APP00000874,CUST00001698,LN00000510,2011-07-07,739538.62,Approved,2026-07-25 01:44:21.275686,,Loan Management System
APP00000875,CUST00000768,LN00002440,2014-01-02,1398566.33,Approved,2026-07-25 01:44:21.275686,,Loan Management System
APP00000876,CUST00001793,LN00002468,2016-05-08,10119692.72,Approved,2026-07-25 01:44:21.275686,,Loan Management System
APP00000877,CUST00004476,LN00000766,2025-02-13,15171999.22,Approved,2026-07-25 01:44:21.275686,,Loan Management System
APP00000878,CUST00001460,,2016-09-19,3736369.4,Rejected,2026-07-25 01:44:21.275686,,Loan Management System
APP00000879,CUST00001713,LN00001271,2025-08-14,2505553.0,Approved,2026-07-25 01:44:21.276683,,Loan Management System
APP00000880,CUST00000985,LN00000592,2025-05-29,316894.01,Approved,2026-07-25 01:44:21.276683,,Loan Management System
APP00000881,CUST00002529,LN00000522,2020-12-25,3712155.79,Approved,2026-07-25 01:44:21.276683,,Loan Management System
APP00000882,CUST00004335,LN00002357,2015-06-19,1636300.44,Approved,2026-07-25 01:44:21.276683,,Loan Management System
APP00000883,CUST00002059,LN00002302,2020-06-22,5389773.3,Approved,2026-07-25 01:44:21.276683,,Loan Management System
APP00000884,CUST00002432,,2015-09-09,2374616.52,Rejected,2026-07-25 01:44:21.276683,,Loan Management System
APP00000885,CUST00000624,LN00001169,2021-09-10,4379973.31,Approved,2026-07-25 01:44:21.276683,,Loan Management System
APP00000886,CUST00001508,LN00000461,2015-08-07,295407.5,Approved,2026-07-25 01:44:21.276683,,Loan Management System
APP00000887,CUST00002634,LN00002001,2022-04-09,1459368.85,Approved,2026-07-25 01:44:21.276683,,Loan Management System
APP00000888,CUST00003827,LN00002046,2022-12-30,1567900.04,Approved,2026-07-25 01:44:21.276683,,Loan Management System
APP00000889,CUST00003903,LN00000198,2011-08-06,5424334.12,Approved,2026-07-25 01:44:21.276683,,Loan Management System
APP00000890,CUST00003046,,2017-01-12,833432.2,Pending,2026-07-25 01:44:21.276683,,Loan Management System
APP00000891,CUST00000282,LN00001719,2013-06-11,10294241.06,Approved,2026-07-25 01:44:21.276683,,Loan Management System
APP00000892,CUST00002243,LN00001037,2025-01-23,12213579.64,Approved,2026-07-25 01:44:21.276683,,Loan Management System
APP00000893,CUST00003986,,2019-06-30,1065907.26,Rejected,2026-07-25 01:44:21.277690,,Loan Management System
APP00000894,CUST00003574,LN00000980,2012-09-14,1190873.22,Approved,2026-07-25 01:44:21.277690,,Loan Management System
APP00000895,CUST00002587,LN00001652,2015-11-10,645436.57,Approved,2026-07-25 01:44:21.277690,,Loan Management System
APP00000896,CUST00004169,,2016-10-22,1846558.54,Pending,2026-07-25 01:44:21.277690,,Loan Management System
APP00000897,CUST00002098,,2016-01-05,1087726.33,Pending,2026-07-25 01:44:21.277690,,Loan Management System
APP00000898,CUST00002872,LN00000957,2021-07-24,275531.39,Approved,2026-07-25 01:44:21.277690,,Loan Management System
APP00000899,CUST00004125,,2020-04-14,10182882.2,Rejected,2026-07-25 01:44:21.277690,,Loan Management System
APP00000900,CUST00000426,,2020-01-08,2674200.77,Pending,2026-07-25 01:44:21.278695,,Loan Management System
APP00000901,CUST00000899,LN00000633,2018-01-25,119418.17,Approved,2026-07-25 01:44:21.278695,,Loan Management System
APP00000902,CUST00003780,LN00001057,2019-07-09,1248529.74,Approved,2026-07-25 01:44:21.278695,,Loan Management System
APP00000903,CUST00004327,LN00002220,2014-09-20,1187544.25,Approved,2026-07-25 01:44:21.278695,,Loan Management System
APP00000904,CUST00000314,LN00001054,2024-05-18,20159942.52,Approved,2026-07-25 01:44:21.278695,,Loan Management System
APP00000905,CUST00004338,LN00002339,2021-08-09,918902.42,Approved,2026-07-25 01:44:21.278695,,Loan Management System
APP00000906,CUST00004767,LN00000645,2023-09-24,3067751.0,Approved,2026-07-25 01:44:21.278695,,Loan Management System
APP00000907,CUST00000734,,2016-11-19,87186.04,Rejected,2026-07-25 01:44:21.278695,,Loan Management System
APP00000908,CUST00003547,,2018-08-09,4513368.0,Cancelled,2026-07-25 01:44:21.278695,,Loan Management System
APP00000909,CUST00000342,LN00000253,2020-05-19,4932552.83,Approved,2026-07-25 01:44:21.278695,,Loan Management System
APP00000910,CUST00004063,LN00001380,2016-03-13,693473.73,Approved,2026-07-25 01:44:21.278695,,Loan Management System
APP00000911,CUST00003816,,2026-04-06,12578783.13,Pending,2026-07-25 01:44:21.279683,,Loan Management System
APP00000912,CUST00002849,LN00001230,2020-09-18,2104865.49,Approved,2026-07-25 01:44:21.279683,,Loan Management System
APP00000913,CUST00002577,LN00000075,2014-09-14,686496.35,Approved,2026-07-25 01:44:21.279683,,Loan Management System
APP00000914,CUST00003529,LN00000526,2023-02-27,2818011.73,Approved,2026-07-25 01:44:21.279683,,Loan Management System
APP00000915,CUST00001778,LN00000722,2014-11-07,2710958.26,Approved,2026-07-25 01:44:21.279683,,Loan Management System
APP00000916,CUST00003712,LN00000070,2022-03-29,592657.13,Approved,2026-07-25 01:44:21.279683,,Loan Management System
APP00000917,CUST00002681,LN00002155,2014-02-22,2923482.67,Approved,2026-07-25 01:44:21.279683,,Loan Management System
APP00000918,CUST00000382,,2021-05-31,1250263.08,Cancelled,2026-07-25 01:44:21.279683,,Loan Management System
APP00000919,CUST00004904,LN00000632,2013-06-21,1645554.51,Approved,2026-07-25 01:44:21.279683,,Loan Management System
APP00000920,CUST00001109,LN00001221,2024-11-15,8619379.49,Approved,2026-07-25 01:44:21.279683,,Loan Management System
APP00000921,CUST00004855,LN00002016,2024-08-25,574156.15,Approved,2026-07-25 01:44:21.279683,,Loan Management System
APP00000922,CUST00001998,LN00001792,2017-01-12,4134433.66,Approved,2026-07-25 01:44:21.279683,,Loan Management System
APP00000923,CUST00003657,,2017-03-04,3830697.37,Rejected,2026-07-25 01:44:21.279683,,Loan Management System
APP00000924,CUST00001646,LN00002129,2015-03-23,368224.61,Approved,2026-07-25 01:44:21.279683,,Loan Management System
APP00000925,CUST00001932,LN00000567,2017-02-24,8748244.43,Approved,2026-07-25 01:44:21.279683,,Loan Management System
APP00000926,CUST00001368,,2021-04-03,1765206.52,Rejected,2026-07-25 01:44:21.280684,,Loan Management System
APP00000927,CUST00002707,LN00001212,2023-06-26,1809194.94,Approved,2026-07-25 01:44:21.280684,,Loan Management System
APP00000928,CUST00001113,,2020-01-21,998122.1,Cancelled,2026-07-25 01:44:21.280684,,Loan Management System
APP00000929,CUST00002709,,2020-12-05,414357.77,Rejected,2026-07-25 01:44:21.280684,,Loan Management System
APP00000930,CUST00000059,,2022-09-12,1263316.8,Rejected,2026-07-25 01:44:21.281634,,Loan Management System
APP00000931,CUST00000494,LN00001053,2020-12-04,2523759.87,Approved,2026-07-25 01:44:21.281634,,Loan Management System
APP00000932,CUST00004615,LN00000102,2022-06-26,1394897.18,Approved,2026-07-25 01:44:21.281634,,Loan Management System
APP00000933,CUST00002620,,2024-07-19,2891417.94,Rejected,2026-07-25 01:44:21.281634,,Loan Management System
APP00000934,CUST00002045,LN00001089,2013-07-29,1980407.71,Approved,2026-07-25 01:44:21.281634,,Loan Management System
APP00000935,CUST00004678,,2023-11-15,2259989.07,Rejected,2026-07-25 01:44:21.281634,,Loan Management System
APP00000936,CUST00004895,LN00001189,2024-07-01,656201.09,Approved,2026-07-25 01:44:21.281634,,Loan Management System
APP00000937,CUST00002116,,2019-05-27,5145349.96,Rejected,2026-07-25 01:44:21.281634,,Loan Management System
APP00000938,CUST00004003,LN00001438,2018-06-05,3195279.03,Approved,2026-07-25 01:44:21.281634,,Loan Management System
APP00000939,CUST00002471,,2024-01-11,8217193.59,Pending,2026-07-25 01:44:21.282690,,Loan Management System
APP00000940,CUST00004951,LN00001546,2013-12-03,2432231.99,Approved,2026-07-25 01:44:21.282690,,Loan Management System
APP00000941,CUST00002963,LN00002150,2013-12-05,728355.4,Approved,2026-07-25 01:44:21.282690,,Loan Management System
APP00000942,CUST00000712,LN00001120,2020-07-07,6064433.64,Approved,2026-07-25 01:44:21.282690,,Loan Management System
APP00000943,CUST00000760,LN00000492,2023-10-01,1193884.66,Approved,2026-07-25 01:44:21.282690,,Loan Management System
APP00000944,CUST00000617,LN00001475,2024-10-26,642840.56,Approved,2026-07-25 01:44:21.282690,,Loan Management System
APP00000945,CUST00002883,LN00000803,2023-07-30,645294.84,Approved,2026-07-25 01:44:21.282690,,Loan Management System
APP00000946,CUST00000307,LN00002078,2020-01-18,146234.85,Approved,2026-07-25 01:44:21.282690,,Loan Management System
APP00000947,CUST00003308,,2022-06-25,8223472.96,Pending,2026-07-25 01:44:21.282690,,Loan Management System
APP00000948,CUST00004475,LN00001797,2011-06-16,217629.33,Approved,2026-07-25 01:44:21.282690,,Loan Management System
APP00000949,CUST00002086,,2020-06-22,1270922.62,Cancelled,2026-07-25 01:44:21.282690,,Loan Management System
APP00000950,CUST00004840,,2012-02-20,215598.49,Rejected,2026-07-25 01:44:21.283688,,Loan Management System
APP00000951,CUST00002884,LN00000010,2013-02-28,2938425.09,Approved,2026-07-25 01:44:21.283688,,Loan Management System
APP00000952,CUST00004537,LN00000544,2014-12-23,360344.91,Approved,2026-07-25 01:44:21.283688,,Loan Management System
APP00000953,CUST00001910,,2024-07-25,904450.46,Rejected,2026-07-25 01:44:21.283688,,Loan Management System
APP00000954,CUST00000267,LN00000866,2018-04-10,17437045.9,Approved,2026-07-25 01:44:21.283688,,Loan Management System
APP00000955,CUST00003513,LN00001881,2018-10-28,2395990.89,Approved,2026-07-25 01:44:21.283688,,Loan Management System
APP00000956,CUST00001184,LN00000683,2020-10-01,3276876.5,Approved,2026-07-25 01:44:21.283688,,Loan Management System
APP00000957,CUST00000262,LN00001188,2013-02-23,7555488.85,Approved,2026-07-25 01:44:21.283688,,Loan Management System
APP00000958,CUST00004833,,2012-09-19,930095.9,Rejected,2026-07-25 01:44:21.283688,,Loan Management System
APP00000959,CUST00004230,LN00002278,2013-11-02,1090811.13,Approved,2026-07-25 01:44:21.283688,,Loan Management System
APP00000960,CUST00001845,,2011-09-19,2547325.99,Rejected,2026-07-25 01:44:21.284693,,Loan Management System
APP00000961,CUST00002884,,2015-04-14,3310452.99,Rejected,2026-07-25 01:44:21.284693,,Loan Management System
APP00000962,CUST00004814,,2020-03-01,1749453.73,Pending,2026-07-25 01:44:21.284693,,Loan Management System
APP00000963,CUST00004480,LN00000523,2011-09-05,1765667.59,Approved,2026-07-25 01:44:21.284693,,Loan Management System
APP00000964,CUST00002732,,2017-11-28,804803.98,Rejected,2026-07-25 01:44:21.284693,,Loan Management System
APP00000965,CUST00002628,,2012-08-03,1717735.69,Cancelled,2026-07-25 01:44:21.285693,,Loan Management System
APP00000966,CUST00003450,LN00001534,2014-08-14,1789947.91,Approved,2026-07-25 01:44:21.285693,,Loan Management System
APP00000967,CUST00002542,LN00002121,2018-05-15,911565.1,Approved,2026-07-25 01:44:21.285693,,Loan Management System
APP00000968,CUST00004579,,2019-10-13,980486.77,Pending,2026-07-25 01:44:21.285693,,Loan Management System
APP00000969,CUST00004632,LN00000012,2024-02-14,3238609.81,Approved,2026-07-25 01:44:21.285693,,Loan Management System
APP00000970,CUST00003086,LN00001136,2021-03-01,4561577.16,Approved,2026-07-25 01:44:21.285693,,Loan Management System
APP00000971,CUST00001688,,2011-09-04,675168.12,Pending,2026-07-25 01:44:21.285693,,Loan Management System
APP00000972,CUST00000848,LN00000137,2015-02-27,752085.25,Approved,2026-07-25 01:44:21.285693,,Loan Management System
APP00000973,CUST00000817,LN00002403,2020-04-25,7503347.66,Approved,2026-07-25 01:44:21.285693,,Loan Management System
APP00000974,CUST00002689,LN00000151,2024-03-18,1701297.45,Approved,2026-07-25 01:44:21.285693,,Loan Management System
APP00000975,CUST00004155,LN00001757,2022-05-14,1044361.33,Approved,2026-07-25 01:44:21.285693,,Loan Management System
APP00000976,CUST00002868,LN00001669,2023-09-20,3972978.11,Approved,2026-07-25 01:44:21.285693,,Loan Management System
APP00000977,CUST00004855,LN00001398,2024-09-04,2367290.18,Approved,2026-07-25 01:44:21.285693,,Loan Management System
APP00000978,CUST00002823,LN00001070,2016-09-03,1012814.49,Approved,2026-07-25 01:44:21.285693,,Loan Management System
APP00000979,CUST00004654,LN00000896,2017-12-26,530892.66,Approved,2026-07-25 01:44:21.285693,,Loan Management System
APP00000980,CUST00001793,,2016-06-09,6303762.81,Pending,2026-07-25 01:44:21.286691,,Loan Management System
APP00000981,CUST00003295,,2011-11-08,3724118.01,Rejected,2026-07-25 01:44:21.286691,,Loan Management System
APP00000982,CUST00004828,LN00000424,2022-01-22,441371.94,Approved,2026-07-25 01:44:21.286691,,Loan Management System
APP00000983,CUST00002035,,2025-05-24,578609.79,Cancelled,2026-07-25 01:44:21.286691,,Loan Management System
APP00000984,CUST00002803,,2023-06-08,2402236.91,Pending,2026-07-25 01:44:21.286691,,Loan Management System
APP00000985,CUST00000886,LN00000597,2011-11-29,754582.5,Approved,2026-07-25 01:44:21.286691,,Loan Management System
APP00000986,CUST00000553,LN00000190,2024-07-07,497761.46,Approved,2026-07-25 01:44:21.286691,,Loan Management System
APP00000987,CUST00000706,LN00001098,2014-07-27,19864561.16,Approved,2026-07-25 01:44:21.286691,,Loan Management System
APP00000988,CUST00001621,LN00002354,2017-08-13,10153634.76,Approved,2026-07-25 01:44:21.286691,,Loan Management System
APP00000989,CUST00004223,LN00001884,2023-06-21,2899767.91,Approved,2026-07-25 01:44:21.286691,,Loan Management System
APP00000990,CUST00003114,,2014-02-04,2326969.81,Pending,2026-07-25 01:44:21.287689,,Loan Management System
APP00000991,CUST00004075,LN00000884,2026-03-18,16123995.84,Approved,2026-07-25 01:44:21.287689,,Loan Management System
APP00000992,CUST00004989,,2014-10-29,813759.8,Rejected,2026-07-25 01:44:21.287689,,Loan Management System
APP00000993,CUST00004910,,2022-02-08,13559764.29,Rejected,2026-07-25 01:44:21.287689,,Loan Management System
APP00000994,CUST00000496,LN00000888,2015-12-17,2145545.53,Approved,2026-07-25 01:44:21.287689,,Loan Management System
APP00000995,CUST00003838,,2015-11-09,9198325.61,Rejected,2026-07-25 01:44:21.288689,,Loan Management System
APP00000996,CUST00000446,,2025-06-06,2060801.29,Pending,2026-07-25 01:44:21.288689,,Loan Management System
APP00000997,CUST00002478,LN00002407,2012-11-30,2195240.85,Approved,2026-07-25 01:44:21.288689,,Loan Management System
APP00000998,CUST00000072,,2016-02-10,370427.3,Rejected,2026-07-25 01:44:21.288689,,Loan Management System
APP00000999,CUST00001409,LN00002063,2024-07-01,2552724.05,Approved,2026-07-25 01:44:21.288689,,Loan Management System
APP00001000,CUST00002192,LN00000202,2015-11-23,4505837.28,Approved,2026-07-25 01:44:21.288689,,Loan Management System
APP00001001,CUST00002752,,2017-11-28,1345716.77,Rejected,2026-07-25 01:44:21.288689,,Loan Management System
APP00001002,CUST00002790,,2018-06-20,1008096.13,Pending,2026-07-25 01:44:21.289696,,Loan Management System
APP00001003,CUST00000630,LN00000192,2017-04-20,3541276.06,Approved,2026-07-25 01:44:21.289696,,Loan Management System
APP00001004,CUST00003173,LN00001092,2016-11-28,9244343.48,Approved,2026-07-25 01:44:21.289696,,Loan Management System
APP00001005,CUST00002185,,2015-09-13,18902426.05,Rejected,2026-07-25 01:44:21.289696,,Loan Management System
APP00001006,CUST00004371,,2023-06-04,585596.63,Rejected,2026-07-25 01:44:21.289696,,Loan Management System
APP00001007,CUST00000025,LN00001639,2018-07-09,1068242.43,Approved,2026-07-25 01:44:21.289696,,Loan Management System
APP00001008,CUST00001243,LN00002065,2016-05-25,7657209.14,Approved,2026-07-25 01:44:21.289696,,Loan Management System
APP00001009,CUST00003142,,2023-03-14,9247315.15,Cancelled,2026-07-25 01:44:21.290602,,Loan Management System
APP00001010,CUST00004522,LN00000965,2016-07-16,232639.35,Approved,2026-07-25 01:44:21.290602,,Loan Management System
APP00001011,CUST00002479,,2022-09-07,7444088.95,Cancelled,2026-07-25 01:44:21.290602,,Loan Management System
APP00001012,CUST00003073,LN00000838,2017-11-15,119368.08,Approved,2026-07-25 01:44:21.290602,,Loan Management System
APP00001013,CUST00002380,,2013-02-24,1282838.31,Cancelled,2026-07-25 01:44:21.290602,,Loan Management System
APP00001014,CUST00002987,,2018-06-16,9719827.97,Rejected,2026-07-25 01:44:21.290602,,Loan Management System
APP00001015,CUST00000908,,2018-01-05,1051519.42,Rejected,2026-07-25 01:44:21.291690,,Loan Management System
APP00001016,CUST00002641,LN00001446,2018-01-22,1180917.22,Approved,2026-07-25 01:44:21.291690,,Loan Management System
APP00001017,CUST00003327,LN00001374,2014-03-01,13946977.55,Approved,2026-07-25 01:44:21.291690,,Loan Management System
APP00001018,CUST00002073,LN00000520,2023-07-11,1101169.16,Approved,2026-07-25 01:44:21.291690,,Loan Management System
APP00001019,CUST00002626,,2012-07-07,19665692.02,Rejected,2026-07-25 01:44:21.291690,,Loan Management System
APP00001020,CUST00004970,,2022-05-24,1425469.97,Cancelled,2026-07-25 01:44:21.291690,,Loan Management System
APP00001021,CUST00001105,,2011-09-21,139486.0,Pending,2026-07-25 01:44:21.291690,,Loan Management System
APP00001022,CUST00003482,,2023-07-09,1413035.39,Pending,2026-07-25 01:44:21.292686,,Loan Management System
APP00001023,CUST00004413,LN00002032,2019-09-13,4725258.53,Approved,2026-07-25 01:44:21.292686,,Loan Management System
APP00001024,CUST00004260,LN00001636,2016-06-08,2059872.15,Approved,2026-07-25 01:44:21.292686,,Loan Management System
APP00001025,CUST00002710,,2020-01-25,2297373.47,Rejected,2026-07-25 01:44:21.292686,,Loan Management System
APP00001026,CUST00000837,LN00000827,2015-01-11,6132249.81,Approved,2026-07-25 01:44:21.292686,,Loan Management System
APP00001027,CUST00004278,,2022-07-14,232980.49,Rejected,2026-07-25 01:44:21.292686,,Loan Management System
APP00001028,CUST00004642,LN00000270,2020-04-15,7797036.44,Approved,2026-07-25 01:44:21.292686,,Loan Management System
APP00001029,CUST00002492,LN00002045,2023-01-29,3046840.33,Approved,2026-07-25 01:44:21.292686,,Loan Management System
APP00001030,CUST00004236,,2026-02-27,13573040.68,Rejected,2026-07-25 01:44:21.292686,,Loan Management System
APP00001031,CUST00002423,LN00000067,2020-10-23,974821.21,Approved,2026-07-25 01:44:21.292686,,Loan Management System
APP00001032,CUST00002758,LN00001896,2015-06-03,2959851.89,Approved,2026-07-25 01:44:21.293692,,Loan Management System
APP00001033,CUST00004547,LN00002209,2017-12-11,1570707.57,Approved,2026-07-25 01:44:21.293692,,Loan Management System
APP00001034,CUST00001129,,2015-06-21,2691875.37,Rejected,2026-07-25 01:44:21.293692,,Loan Management System
APP00001035,CUST00001075,,2015-02-27,6093995.95,Pending,2026-07-25 01:44:21.293692,,Loan Management System
APP00001036,CUST00001688,LN00000571,2022-12-10,2533233.07,Approved,2026-07-25 01:44:21.293692,,Loan Management System
APP00001037,CUST00000938,,2019-08-26,8006107.68,Rejected,2026-07-25 01:44:21.293692,,Loan Management System
APP00001038,CUST00004887,LN00002402,2025-11-09,19290807.58,Approved,2026-07-25 01:44:21.293692,,Loan Management System
APP00001039,CUST00001304,,2012-05-09,13025372.82,Pending,2026-07-25 01:44:21.294690,,Loan Management System
APP00001040,CUST00004831,LN00002261,2017-01-10,664486.08,Approved,2026-07-25 01:44:21.294690,,Loan Management System
APP00001041,CUST00001262,,2023-03-16,1394198.15,Rejected,2026-07-25 01:44:21.294690,,Loan Management System
APP00001042,CUST00000147,LN00002309,2011-10-12,5567205.77,Approved,2026-07-25 01:44:21.294690,,Loan Management System
APP00001043,CUST00001932,LN00001338,2022-02-15,20549652.12,Approved,2026-07-25 01:44:21.294690,,Loan Management System
APP00001044,CUST00003420,LN00001357,2025-02-19,567004.37,Approved,2026-07-25 01:44:21.294690,,Loan Management System
APP00001045,CUST00000204,,2022-10-04,1611912.84,Rejected,2026-07-25 01:44:21.294690,,Loan Management System
APP00001046,CUST00001714,LN00001643,2024-10-13,2679062.7,Approved,2026-07-25 01:44:21.294690,,Loan Management System
APP00001047,CUST00004671,,2014-08-12,2837843.02,Rejected,2026-07-25 01:44:21.295698,,Loan Management System
APP00001048,CUST00003083,LN00001726,2017-10-15,5367336.16,Approved,2026-07-25 01:44:21.295698,,Loan Management System
APP00001049,CUST00003893,LN00001004,2025-02-24,14928908.35,Approved,2026-07-25 01:44:21.295698,,Loan Management System
APP00001050,CUST00001164,LN00000378,2016-04-20,126572.75,Approved,2026-07-25 01:44:21.295698,,Loan Management System
APP00001051,CUST00000847,,2021-07-19,2095632.41,Pending,2026-07-25 01:44:21.295698,,Loan Management System
APP00001052,CUST00004761,LN00001470,2026-03-31,227731.12,Approved,2026-07-25 01:44:21.295698,,Loan Management System
APP00001053,CUST00001679,LN00001967,2018-10-19,5111916.92,Approved,2026-07-25 01:44:21.295698,,Loan Management System
APP00001054,CUST00004785,LN00001900,2019-02-18,919567.78,Approved,2026-07-25 01:44:21.295698,,Loan Management System
APP00001055,CUST00004710,,2016-08-26,15320959.76,Rejected,2026-07-25 01:44:21.295698,,Loan Management System
APP00001056,CUST00002336,,2014-04-29,1173347.2,Rejected,2026-07-25 01:44:21.296687,,Loan Management System
APP00001057,CUST00003280,LN00000376,2024-11-24,1658971.05,Approved,2026-07-25 01:44:21.296687,,Loan Management System
APP00001058,CUST00003012,,2015-08-27,435581.42,Cancelled,2026-07-25 01:44:21.296687,,Loan Management System
APP00001059,CUST00001230,LN00001749,2019-02-09,1391636.24,Approved,2026-07-25 01:44:21.296687,,Loan Management System
APP00001060,CUST00001644,LN00001180,2021-07-04,322149.93,Approved,2026-07-25 01:44:21.296687,,Loan Management System
APP00001061,CUST00002438,LN00000842,2016-08-13,8295335.12,Approved,2026-07-25 01:44:21.296687,,Loan Management System
APP00001062,CUST00002266,LN00002365,2015-06-19,1435635.03,Approved,2026-07-25 01:44:21.296687,,Loan Management System
APP00001063,CUST00004822,,2018-02-03,9180899.21,Cancelled,2026-07-25 01:44:21.296687,,Loan Management System
APP00001064,CUST00000718,LN00001640,2014-06-02,827968.52,Approved,2026-07-25 01:44:21.296687,,Loan Management System
APP00001065,CUST00001562,LN00001770,2022-05-01,3110040.99,Approved,2026-07-25 01:44:21.296687,,Loan Management System
APP00001066,CUST00001962,LN00000923,2014-02-11,675625.69,Approved,2026-07-25 01:44:21.296687,,Loan Management System
APP00001067,CUST00003256,,2024-03-30,17973164.68,Rejected,2026-07-25 01:44:21.297685,,Loan Management System
APP00001068,CUST00000938,,2017-06-12,568733.31,Cancelled,2026-07-25 01:44:21.297685,,Loan Management System
APP00001069,CUST00001212,,2012-06-22,12981891.61,Rejected,2026-07-25 01:44:21.297685,,Loan Management System
APP00001070,CUST00001356,LN00000901,2015-09-17,4720938.23,Approved,2026-07-25 01:44:21.297685,,Loan Management System
APP00001071,CUST00002015,LN00000104,2021-11-15,614975.4,Approved,2026-07-25 01:44:21.297685,,Loan Management System
APP00001072,CUST00000110,LN00000119,2016-12-21,775078.32,Approved,2026-07-25 01:44:21.297685,,Loan Management System
APP00001073,CUST00002175,LN00002184,2022-02-28,511112.12,Approved,2026-07-25 01:44:21.297685,,Loan Management System
APP00001074,CUST00002578,LN00000235,2015-08-01,501936.64,Approved,2026-07-25 01:44:21.297685,,Loan Management System
APP00001075,CUST00001353,,2021-11-09,1757622.57,Rejected,2026-07-25 01:44:21.298684,,Loan Management System
APP00001076,CUST00002086,LN00001310,2016-06-16,6796805.85,Approved,2026-07-25 01:44:21.298684,,Loan Management System
APP00001077,CUST00004212,,2021-09-10,9145092.7,Rejected,2026-07-25 01:44:21.298684,,Loan Management System
APP00001078,CUST00003810,LN00002024,2022-01-04,978779.37,Approved,2026-07-25 01:44:21.298684,,Loan Management System
APP00001079,CUST00000753,,2024-09-20,664113.79,Rejected,2026-07-25 01:44:21.298684,,Loan Management System
APP00001080,CUST00001818,LN00002070,2024-03-10,1162229.57,Approved,2026-07-25 01:44:21.298684,,Loan Management System
APP00001081,CUST00000853,LN00000349,2026-01-22,4722392.77,Approved,2026-07-25 01:44:21.298684,,Loan Management System
APP00001082,CUST00003451,LN00001997,2018-04-14,6477292.14,Approved,2026-07-25 01:44:21.298684,,Loan Management System
APP00001083,CUST00004509,,2024-11-21,8619621.95,Pending,2026-07-25 01:44:21.298684,,Loan Management System
APP00001084,CUST00002541,,2019-03-24,3046861.46,Rejected,2026-07-25 01:44:21.299690,,Loan Management System
APP00001085,CUST00001737,LN00002126,2016-10-19,1254447.91,Approved,2026-07-25 01:44:21.299690,,Loan Management System
APP00001086,CUST00000056,,2015-06-11,2972156.99,Rejected,2026-07-25 01:44:21.299690,,Loan Management System
APP00001087,CUST00001155,LN00001630,2012-01-20,1802161.0,Approved,2026-07-25 01:44:21.299690,,Loan Management System
APP00001088,CUST00001425,,2020-12-20,128531.48,Rejected,2026-07-25 01:44:21.299690,,Loan Management System
APP00001089,CUST00003329,LN00001416,2026-03-21,452798.35,Approved,2026-07-25 01:44:21.299690,,Loan Management System
APP00001090,CUST00000501,,2018-11-28,1900727.74,Pending,2026-07-25 01:44:21.299690,,Loan Management System
APP00001091,CUST00001591,LN00002405,2013-07-24,4878022.41,Approved,2026-07-25 01:44:21.300687,,Loan Management System
APP00001092,CUST00000412,,2023-02-15,1358358.53,Pending,2026-07-25 01:44:21.300687,,Loan Management System
APP00001093,CUST00001881,,2021-07-12,7979130.22,Rejected,2026-07-25 01:44:21.300687,,Loan Management System
APP00001094,CUST00004713,,2022-10-20,4101805.39,Rejected,2026-07-25 01:44:21.300687,,Loan Management System
APP00001095,CUST00001065,LN00001480,2018-04-05,14206724.6,Approved,2026-07-25 01:44:21.300687,,Loan Management System
APP00001096,CUST00004388,LN00000736,2014-09-22,4356706.98,Approved,2026-07-25 01:44:21.300687,,Loan Management System
APP00001097,CUST00003607,LN00000397,2016-11-22,1969824.65,Approved,2026-07-25 01:44:21.300687,,Loan Management System
APP00001098,CUST00001769,,2016-08-02,2438758.14,Rejected,2026-07-25 01:44:21.301687,,Loan Management System
APP00001099,CUST00000980,LN00000006,2015-08-15,8176799.88,Approved,2026-07-25 01:44:21.301687,,Loan Management System
APP00001100,CUST00001932,LN00000256,2018-08-12,1837574.48,Approved,2026-07-25 01:44:21.301687,,Loan Management System
APP00001101,CUST00002858,LN00001599,2024-02-04,1045456.74,Approved,2026-07-25 01:44:21.301687,,Loan Management System
APP00001102,CUST00003754,,2016-02-14,3609602.9,Rejected,2026-07-25 01:44:21.301687,,Loan Management System
APP00001103,CUST00000890,LN00001502,2023-01-30,2628307.19,Approved,2026-07-25 01:44:21.301687,,Loan Management System
APP00001104,CUST00000382,,2018-01-10,1551136.82,Rejected,2026-07-25 01:44:21.301687,,Loan Management System
APP00001105,CUST00004111,LN00000204,2024-05-24,3069834.91,Approved,2026-07-25 01:44:21.301687,,Loan Management System
APP00001106,CUST00000461,LN00002164,2019-05-22,6064259.87,Approved,2026-07-25 01:44:21.301687,,Loan Management System
APP00001107,CUST00004793,LN00002221,2016-12-11,8932955.23,Approved,2026-07-25 01:44:21.301687,,Loan Management System
APP00001108,CUST00002354,LN00001207,2019-06-26,2541682.38,Approved,2026-07-25 01:44:21.301687,,Loan Management System
APP00001109,CUST00002529,LN00002318,2015-04-11,10230573.75,Approved,2026-07-25 01:44:21.301687,,Loan Management System
APP00001110,CUST00000338,LN00001773,2011-10-12,3789740.19,Approved,2026-07-25 01:44:21.301687,,Loan Management System
APP00001111,CUST00001290,,2011-08-26,1827289.18,Pending,2026-07-25 01:44:21.302690,,Loan Management System
APP00001112,CUST00001263,LN00000340,2018-08-25,14536352.8,Approved,2026-07-25 01:44:21.302690,,Loan Management System
APP00001113,CUST00000418,,2019-02-16,16246326.14,Rejected,2026-07-25 01:44:21.302690,,Loan Management System
APP00001114,CUST00000376,LN00001981,2023-04-15,524257.87,Approved,2026-07-25 01:44:21.302690,,Loan Management System
APP00001115,CUST00000798,LN00000298,2019-09-22,1745847.01,Approved,2026-07-25 01:44:21.302690,,Loan Management System
APP00001116,CUST00002028,LN00001712,2018-05-14,1428244.9,Approved,2026-07-25 01:44:21.302690,,Loan Management System
APP00001117,CUST00004224,LN00001679,2011-08-31,132082.15,Approved,2026-07-25 01:44:21.302690,,Loan Management System
APP00001118,CUST00000254,,2013-01-17,129945.49,Pending,2026-07-25 01:44:21.302690,,Loan Management System
APP00001119,CUST00003453,,2014-10-01,1637035.2,Pending,2026-07-25 01:44:21.302690,,Loan Management System
APP00001120,CUST00002100,LN00001734,2023-11-13,1293124.63,Approved,2026-07-25 01:44:21.303706,,Loan Management System
APP00001121,CUST00003222,LN00000900,2018-09-06,197054.92,Approved,2026-07-25 01:44:21.303706,,Loan Management System
APP00001122,CUST00003254,LN00001094,2024-03-08,17326819.55,Approved,2026-07-25 01:44:21.303706,,Loan Management System
APP00001123,CUST00003999,LN00001727,2022-12-12,3567279.88,Approved,2026-07-25 01:44:21.303706,,Loan Management System
APP00001124,CUST00003082,,2020-04-12,2157371.56,Rejected,2026-07-25 01:44:21.303706,,Loan Management System
APP00001125,CUST00004245,LN00000530,2025-09-12,7141746.12,Approved,2026-07-25 01:44:21.303706,,Loan Management System
APP00001126,CUST00001802,LN00002069,2019-11-19,947727.97,Approved,2026-07-25 01:44:21.303706,,Loan Management System
APP00001127,CUST00004838,LN00001508,2013-01-29,1267867.06,Approved,2026-07-25 01:44:21.303706,,Loan Management System
APP00001128,CUST00001012,,2013-01-31,1081293.29,Rejected,2026-07-25 01:44:21.303706,,Loan Management System
APP00001129,CUST00001062,,2017-08-01,3049438.57,Rejected,2026-07-25 01:44:21.303706,,Loan Management System
APP00001130,CUST00000850,LN00000600,2018-04-26,738887.27,Approved,2026-07-25 01:44:21.303706,,Loan Management System
APP00001131,CUST00002375,LN00001411,2025-08-31,1954145.08,Approved,2026-07-25 01:44:21.304691,,Loan Management System
APP00001132,CUST00002814,LN00001025,2021-12-07,17350773.48,Approved,2026-07-25 01:44:21.304691,,Loan Management System
APP00001133,CUST00004110,LN00001135,2011-10-06,635856.11,Approved,2026-07-25 01:44:21.304691,,Loan Management System
APP00001134,CUST00000514,,2024-11-27,4538938.88,Rejected,2026-07-25 01:44:21.304691,,Loan Management System
APP00001135,CUST00004804,LN00000549,2017-06-30,1132182.35,Approved,2026-07-25 01:44:21.304691,,Loan Management System
APP00001136,CUST00002656,LN00001524,2017-08-05,574770.97,Approved,2026-07-25 01:44:21.304691,,Loan Management System
APP00001137,CUST00001607,LN00001899,2025-06-22,509136.67,Approved,2026-07-25 01:44:21.304691,,Loan Management System
APP00001138,CUST00000948,LN00000714,2013-01-21,14800364.2,Approved,2026-07-25 01:44:21.304691,,Loan Management System
APP00001139,CUST00000151,LN00002185,2016-08-26,2182444.04,Approved,2026-07-25 01:44:21.304691,,Loan Management System
APP00001140,CUST00000840,LN00000475,2022-11-09,552471.11,Approved,2026-07-25 01:44:21.304691,,Loan Management System
APP00001141,CUST00004472,LN00002127,2024-02-09,6286146.42,Approved,2026-07-25 01:44:21.304691,,Loan Management System
APP00001142,CUST00004193,,2023-11-23,7100529.26,Rejected,2026-07-25 01:44:21.304691,,Loan Management System
APP00001143,CUST00004126,LN00000515,2015-12-31,1185484.23,Approved,2026-07-25 01:44:21.304691,,Loan Management System
APP00001144,CUST00002043,LN00001231,2015-04-13,3488901.26,Approved,2026-07-25 01:44:21.304691,,Loan Management System
APP00001145,CUST00001778,LN00000456,2020-02-26,989934.23,Approved,2026-07-25 01:44:21.304691,,Loan Management System
APP00001146,CUST00002954,,2020-06-05,3860902.49,Rejected,2026-07-25 01:44:21.305697,,Loan Management System
APP00001147,CUST00004900,LN00002062,2013-10-09,10570333.82,Approved,2026-07-25 01:44:21.305697,,Loan Management System
APP00001148,CUST00001691,LN00001432,2015-07-22,507375.08,Approved,2026-07-25 01:44:21.305697,,Loan Management System
APP00001149,CUST00001998,LN00001542,2023-01-24,1500628.42,Approved,2026-07-25 01:44:21.305697,,Loan Management System
APP00001150,CUST00003550,,2013-12-03,2180336.4,Pending,2026-07-25 01:44:21.305697,,Loan Management System
APP00001151,CUST00003561,LN00001515,2014-04-18,533110.36,Approved,2026-07-25 01:44:21.305697,,Loan Management System
APP00001152,CUST00001404,LN00000132,2015-01-23,841683.6,Approved,2026-07-25 01:44:21.305697,,Loan Management System
APP00001153,CUST00002570,LN00000898,2024-04-04,1664059.73,Approved,2026-07-25 01:44:21.305697,,Loan Management System
APP00001154,CUST00003918,LN00001814,2024-12-08,1963147.43,Approved,2026-07-25 01:44:21.305697,,Loan Management System
APP00001155,CUST00000166,LN00002247,2017-10-10,2277150.2,Approved,2026-07-25 01:44:21.305697,,Loan Management System
APP00001156,CUST00004185,,2012-08-21,792773.17,Rejected,2026-07-25 01:44:21.305697,,Loan Management System
APP00001157,CUST00001152,LN00000421,2021-04-15,672671.36,Approved,2026-07-25 01:44:21.305697,,Loan Management System
APP00001158,CUST00000353,LN00001856,2013-05-06,8187017.81,Approved,2026-07-25 01:44:21.305697,,Loan Management System
APP00001159,CUST00004239,,2016-04-03,334031.52,Cancelled,2026-07-25 01:44:21.306695,,Loan Management System
APP00001160,CUST00000025,,2018-09-22,12112725.65,Pending,2026-07-25 01:44:21.306695,,Loan Management System
APP00001161,CUST00003762,,2016-08-29,3729828.31,Rejected,2026-07-25 01:44:21.306695,,Loan Management System
APP00001162,CUST00004608,,2019-10-19,1449123.03,Rejected,2026-07-25 01:44:21.307605,,Loan Management System
APP00001163,CUST00004535,,2024-11-16,3190860.44,Cancelled,2026-07-25 01:44:21.307605,,Loan Management System
APP00001164,CUST00004339,,2012-11-13,2034672.75,Rejected,2026-07-25 01:44:21.307605,,Loan Management System
APP00001165,CUST00001463,,2017-09-14,299496.62,Pending,2026-07-25 01:44:21.307605,,Loan Management System
APP00001166,CUST00004174,LN00000222,2020-06-25,273140.09,Approved,2026-07-25 01:44:21.307605,,Loan Management System
APP00001167,CUST00000148,LN00000463,2016-04-21,1286145.43,Approved,2026-07-25 01:44:21.307605,,Loan Management System
APP00001168,CUST00004127,,2023-10-29,838332.65,Rejected,2026-07-25 01:44:21.307605,,Loan Management System
APP00001169,CUST00000962,LN00000721,2025-04-02,1321314.75,Approved,2026-07-25 01:44:21.308689,,Loan Management System
APP00001170,CUST00001147,LN00001257,2019-12-14,509612.35,Approved,2026-07-25 01:44:21.308689,,Loan Management System
APP00001171,CUST00004731,,2022-01-19,7331911.0,Pending,2026-07-25 01:44:21.308689,,Loan Management System
APP00001172,CUST00002169,,2014-11-21,584318.89,Rejected,2026-07-25 01:44:21.308689,,Loan Management System
APP00001173,CUST00001269,LN00001716,2012-02-25,1248854.82,Approved,2026-07-25 01:44:21.308689,,Loan Management System
APP00001174,CUST00000862,LN00001495,2026-04-06,1578599.5,Approved,2026-07-25 01:44:21.308689,,Loan Management System
APP00001175,CUST00003239,LN00001991,2011-07-13,11435494.24,Approved,2026-07-25 01:44:21.308689,,Loan Management System
APP00001176,CUST00001184,LN00001673,2025-03-02,3677747.6,Approved,2026-07-25 01:44:21.308689,,Loan Management System
APP00001177,CUST00003283,LN00001064,2012-12-22,93746.17,Approved,2026-07-25 01:44:21.308689,,Loan Management System
APP00001178,CUST00001668,,2018-04-17,798637.55,Cancelled,2026-07-25 01:44:21.308689,,Loan Management System
APP00001179,CUST00004471,,2017-03-19,1055408.63,Rejected,2026-07-25 01:44:21.309690,,Loan Management System
APP00001180,CUST00001284,LN00002175,2017-01-21,433138.11,Approved,2026-07-25 01:44:21.309690,,Loan Management System
APP00001181,CUST00004081,LN00000346,2012-10-10,1694709.04,Approved,2026-07-25 01:44:21.309690,,Loan Management System
APP00001182,CUST00003769,LN00000389,2016-07-11,496015.68,Approved,2026-07-25 01:44:21.309690,,Loan Management System
APP00001183,CUST00004179,LN00002123,2012-11-05,663800.44,Approved,2026-07-25 01:44:21.309690,,Loan Management System
APP00001184,CUST00002176,LN00000097,2015-01-16,3465885.51,Approved,2026-07-25 01:44:21.309690,,Loan Management System
APP00001185,CUST00003355,LN00001862,2016-12-26,9691007.31,Approved,2026-07-25 01:44:21.309690,,Loan Management System
APP00001186,CUST00002870,LN00001462,2019-01-15,8560448.39,Approved,2026-07-25 01:44:21.309690,,Loan Management System
APP00001187,CUST00003923,,2013-11-16,2351710.32,Cancelled,2026-07-25 01:44:21.309690,,Loan Management System
APP00001188,CUST00003212,,2016-09-02,4782126.1,Rejected,2026-07-25 01:44:21.309690,,Loan Management System
APP00001189,CUST00000765,,2017-01-06,3080213.37,Rejected,2026-07-25 01:44:21.310637,,Loan Management System
APP00001190,CUST00003849,LN00000742,2015-09-14,198729.74,Approved,2026-07-25 01:44:21.310637,,Loan Management System
APP00001191,CUST00003988,LN00000252,2015-12-16,10315406.86,Approved,2026-07-25 01:44:21.310637,,Loan Management System
APP00001192,CUST00004000,LN00000085,2015-06-25,4534086.94,Approved,2026-07-25 01:44:21.310637,,Loan Management System
APP00001193,CUST00000797,,2016-11-27,11008471.22,Rejected,2026-07-25 01:44:21.310637,,Loan Management System
APP00001194,CUST00003654,LN00000095,2017-09-27,9595278.05,Approved,2026-07-25 01:44:21.310637,,Loan Management System
APP00001195,CUST00000989,,2018-05-03,2199806.97,Rejected,2026-07-25 01:44:21.310637,,Loan Management System
APP00001196,CUST00001306,LN00001100,2015-03-01,24790.06,Approved,2026-07-25 01:44:21.310637,,Loan Management System
APP00001197,CUST00003412,,2016-07-08,15788744.25,Rejected,2026-07-25 01:44:21.310637,,Loan Management System
APP00001198,CUST00001435,,2024-01-24,2921834.22,Cancelled,2026-07-25 01:44:21.311679,,Loan Management System
APP00001199,CUST00000017,LN00000259,2024-05-16,12368045.86,Approved,2026-07-25 01:44:21.311679,,Loan Management System
APP00001200,CUST00002373,LN00002042,2018-11-10,15129885.28,Approved,2026-07-25 01:44:21.311679,,Loan Management System
APP00001201,CUST00002232,,2024-11-12,2213722.5,Cancelled,2026-07-25 01:44:21.311679,,Loan Management System
APP00001202,CUST00000379,LN00000956,2012-10-01,188129.29,Approved,2026-07-25 01:44:21.311679,,Loan Management System
APP00001203,CUST00003026,LN00002427,2015-06-29,913655.99,Approved,2026-07-25 01:44:21.311679,,Loan Management System
APP00001204,CUST00003754,,2017-12-16,233082.85,Rejected,2026-07-25 01:44:21.313117,,Loan Management System
APP00001205,CUST00003003,,2016-04-30,1974902.15,Rejected,2026-07-25 01:44:21.313117,,Loan Management System
APP00001206,CUST00001385,,2025-06-14,1847909.79,Rejected,2026-07-25 01:44:21.313117,,Loan Management System
APP00001207,CUST00004567,,2024-12-06,1949265.48,Rejected,2026-07-25 01:44:21.313117,,Loan Management System
APP00001208,CUST00000844,LN00000500,2019-10-23,1465052.86,Approved,2026-07-25 01:44:21.313117,,Loan Management System
APP00001209,CUST00001037,,2017-10-09,2968916.01,Rejected,2026-07-25 01:44:21.313117,,Loan Management System
APP00001210,CUST00001949,LN00002325,2013-02-24,6972193.58,Approved,2026-07-25 01:44:21.314204,,Loan Management System
APP00001211,CUST00004008,LN00001408,2016-05-09,4208783.53,Approved,2026-07-25 01:44:21.314204,,Loan Management System
APP00001212,CUST00000817,LN00002019,2012-11-21,3572716.67,Approved,2026-07-25 01:44:21.314204,,Loan Management System
APP00001213,CUST00002172,LN00000503,2012-05-31,2300221.94,Approved,2026-07-25 01:44:21.314204,,Loan Management System
APP00001214,CUST00000496,,2020-11-04,188244.53,Rejected,2026-07-25 01:44:21.314204,,Loan Management System
APP00001215,CUST00002854,LN00002332,2012-02-01,6142452.0,Approved,2026-07-25 01:44:21.314204,,Loan Management System
APP00001216,CUST00004757,LN00002467,2024-09-28,1703109.59,Approved,2026-07-25 01:44:21.314204,,Loan Management System
APP00001217,CUST00001545,,2012-01-08,1636004.6,Pending,2026-07-25 01:44:21.314204,,Loan Management System
APP00001218,CUST00000766,,2023-12-07,1682057.32,Rejected,2026-07-25 01:44:21.314204,,Loan Management System
APP00001219,CUST00004915,LN00002208,2020-02-22,705752.59,Approved,2026-07-25 01:44:21.314204,,Loan Management System
APP00001220,CUST00003821,LN00000602,2016-03-11,851408.07,Approved,2026-07-25 01:44:21.314204,,Loan Management System
APP00001221,CUST00000406,LN00000706,2022-09-19,271938.27,Approved,2026-07-25 01:44:21.314204,,Loan Management System
APP00001222,CUST00003544,,2025-02-17,980341.51,Rejected,2026-07-25 01:44:21.315213,,Loan Management System
APP00001223,CUST00000389,LN00002072,2014-06-17,852957.24,Approved,2026-07-25 01:44:21.315213,,Loan Management System
APP00001224,CUST00003172,,2025-09-14,10532603.07,Cancelled,2026-07-25 01:44:21.315213,,Loan Management System
APP00001225,CUST00002425,LN00000101,2023-01-17,13152790.9,Approved,2026-07-25 01:44:21.315213,,Loan Management System
APP00001226,CUST00000959,LN00000789,2024-04-16,1979157.6,Approved,2026-07-25 01:44:21.315213,,Loan Management System
APP00001227,CUST00002888,,2023-01-04,1547474.4,Cancelled,2026-07-25 01:44:21.315213,,Loan Management System
APP00001228,CUST00001259,LN00000552,2026-05-29,5518753.07,Approved,2026-07-25 01:44:21.315213,,Loan Management System
APP00001229,CUST00000335,LN00002443,2016-04-23,2926555.27,Approved,2026-07-25 01:44:21.315213,,Loan Management System
APP00001230,CUST00001983,LN00002274,2017-02-24,1066570.01,Approved,2026-07-25 01:44:21.315213,,Loan Management System
APP00001231,CUST00003312,LN00000485,2024-02-03,3151319.04,Approved,2026-07-25 01:44:21.315213,,Loan Management System
APP00001232,CUST00000352,,2015-11-11,11038716.98,Rejected,2026-07-25 01:44:21.316210,,Loan Management System
APP00001233,CUST00004639,,2022-10-07,650267.24,Cancelled,2026-07-25 01:44:21.316210,,Loan Management System
APP00001234,CUST00004865,LN00002034,2018-12-14,6625438.02,Approved,2026-07-25 01:44:21.316210,,Loan Management System
APP00001235,CUST00002154,,2023-09-24,585300.8,Rejected,2026-07-25 01:44:21.316210,,Loan Management System
APP00001236,CUST00000333,LN00002482,2020-01-04,2489921.59,Approved,2026-07-25 01:44:21.316210,,Loan Management System
APP00001237,CUST00001694,LN00000943,2025-06-06,1876716.95,Approved,2026-07-25 01:44:21.316210,,Loan Management System
APP00001238,CUST00003043,LN00001609,2015-02-22,7223228.02,Approved,2026-07-25 01:44:21.316210,,Loan Management System
APP00001239,CUST00001465,LN00001144,2015-10-22,541179.77,Approved,2026-07-25 01:44:21.316210,,Loan Management System
APP00001240,CUST00004037,,2021-09-25,1418367.12,Pending,2026-07-25 01:44:21.317220,,Loan Management System
APP00001241,CUST00001203,LN00000512,2024-08-20,2571212.67,Approved,2026-07-25 01:44:21.317220,,Loan Management System
APP00001242,CUST00000828,LN00001681,2020-09-03,5699844.04,Approved,2026-07-25 01:44:21.317220,,Loan Management System
APP00001243,CUST00000029,,2018-05-19,11362394.01,Pending,2026-07-25 01:44:21.317220,,Loan Management System
APP00001244,CUST00002163,LN00001805,2014-07-03,8657639.9,Approved,2026-07-25 01:44:21.317220,,Loan Management System
APP00001245,CUST00001678,,2020-03-06,641576.9,Pending,2026-07-25 01:44:21.317220,,Loan Management System
APP00001246,CUST00004949,LN00001707,2025-07-09,3902809.99,Approved,2026-07-25 01:44:21.317220,,Loan Management System
APP00001247,CUST00001533,,2020-10-23,1317003.35,Pending,2026-07-25 01:44:21.318213,,Loan Management System
APP00001248,CUST00000248,LN00000909,2017-05-10,274370.28,Approved,2026-07-25 01:44:21.318213,,Loan Management System
APP00001249,CUST00000704,,2025-01-05,5325270.25,Pending,2026-07-25 01:44:21.318213,,Loan Management System
APP00001250,CUST00002400,LN00001512,2026-05-02,4292367.04,Approved,2026-07-25 01:44:21.318213,,Loan Management System
APP00001251,CUST00001152,LN00001772,2021-09-10,5363181.18,Approved,2026-07-25 01:44:21.318213,,Loan Management System
APP00001252,CUST00002052,LN00001999,2013-12-18,970427.47,Approved,2026-07-25 01:44:21.318213,,Loan Management System
APP00001253,CUST00001438,,2022-06-02,8269383.71,Pending,2026-07-25 01:44:21.318213,,Loan Management System
APP00001254,CUST00003508,LN00002444,2025-07-12,1823378.69,Approved,2026-07-25 01:44:21.318213,,Loan Management System
APP00001255,CUST00004199,LN00000604,2012-08-07,5472599.48,Approved,2026-07-25 01:44:21.318213,,Loan Management System
APP00001256,CUST00000737,LN00001106,2024-05-23,2028023.07,Approved,2026-07-25 01:44:21.318213,,Loan Management System
APP00001257,CUST00002565,LN00001116,2014-07-17,1483318.11,Approved,2026-07-25 01:44:21.318213,,Loan Management System
APP00001258,CUST00000897,LN00001149,2012-07-19,3216448.17,Approved,2026-07-25 01:44:21.318213,,Loan Management System
APP00001259,CUST00004370,LN00000214,2021-12-01,1846871.16,Approved,2026-07-25 01:44:21.318213,,Loan Management System
APP00001260,CUST00001176,,2012-04-25,1379192.46,Rejected,2026-07-25 01:44:21.319212,,Loan Management System
APP00001261,CUST00003934,,2021-02-21,13009533.25,Rejected,2026-07-25 01:44:21.319212,,Loan Management System
APP00001262,CUST00001982,LN00002140,2024-09-14,1549123.65,Approved,2026-07-25 01:44:21.319212,,Loan Management System
APP00001263,CUST00000799,,2024-05-14,6669648.42,Rejected,2026-07-25 01:44:21.319212,,Loan Management System
APP00001264,CUST00001114,LN00002231,2017-04-29,65159.91,Approved,2026-07-25 01:44:21.319212,,Loan Management System
APP00001265,CUST00001232,,2025-02-08,1938409.34,Pending,2026-07-25 01:44:21.319212,,Loan Management System
APP00001266,CUST00003464,,2018-11-19,3672397.25,Pending,2026-07-25 01:44:21.320214,,Loan Management System
APP00001267,CUST00001694,,2013-05-13,2841683.55,Pending,2026-07-25 01:44:21.320214,,Loan Management System
APP00001268,CUST00001476,,2011-09-28,7894193.4,Cancelled,2026-07-25 01:44:21.320214,,Loan Management System
APP00001269,CUST00004899,,2013-03-28,254726.45,Rejected,2026-07-25 01:44:21.320214,,Loan Management System
APP00001270,CUST00003293,LN00001097,2023-03-18,2774971.6,Approved,2026-07-25 01:44:21.320214,,Loan Management System
APP00001271,CUST00001795,,2015-05-04,990086.78,Cancelled,2026-07-25 01:44:21.320214,,Loan Management System
APP00001272,CUST00004670,LN00000308,2019-07-29,7383997.55,Approved,2026-07-25 01:44:21.321222,,Loan Management System
APP00001273,CUST00004331,,2024-04-07,3672945.51,Rejected,2026-07-25 01:44:21.321222,,Loan Management System
APP00001274,CUST00003030,LN00002372,2025-09-27,803996.33,Approved,2026-07-25 01:44:21.321222,,Loan Management System
APP00001275,CUST00002596,LN00000715,2025-06-19,8186445.24,Approved,2026-07-25 01:44:21.321222,,Loan Management System
APP00001276,CUST00000667,,2021-06-09,1480833.26,Cancelled,2026-07-25 01:44:21.321222,,Loan Management System
APP00001277,CUST00004878,,2023-04-05,2212449.99,Pending,2026-07-25 01:44:21.321222,,Loan Management System
APP00001278,CUST00003480,LN00000011,2023-01-21,745314.2,Approved,2026-07-25 01:44:21.321222,,Loan Management System
APP00001279,CUST00001510,,2015-04-28,5742858.98,Rejected,2026-07-25 01:44:21.322128,,Loan Management System
APP00001280,CUST00003125,LN00001139,2019-08-27,2391703.44,Approved,2026-07-25 01:44:21.322128,,Loan Management System
APP00001281,CUST00000595,LN00002148,2015-07-07,1420416.73,Approved,2026-07-25 01:44:21.322128,,Loan Management System
APP00001282,CUST00000473,LN00000367,2026-03-18,285655.84,Approved,2026-07-25 01:44:21.322128,,Loan Management System
APP00001283,CUST00000613,LN00000433,2014-12-28,17423521.52,Approved,2026-07-25 01:44:21.322128,,Loan Management System
APP00001284,CUST00002654,LN00000122,2024-10-01,11986723.05,Approved,2026-07-25 01:44:21.322128,,Loan Management System
APP00001285,CUST00001564,LN00000464,2014-03-20,571960.79,Approved,2026-07-25 01:44:21.322128,,Loan Management System
APP00001286,CUST00000075,LN00002023,2024-04-07,9281751.74,Approved,2026-07-25 01:44:21.322128,,Loan Management System
APP00001287,CUST00000731,LN00000069,2025-08-04,1772830.4,Approved,2026-07-25 01:44:21.322128,,Loan Management System
APP00001288,CUST00003451,LN00001011,2023-11-02,9721507.82,Approved,2026-07-25 01:44:21.322128,,Loan Management System
APP00001289,CUST00002388,LN00001909,2015-11-09,2165909.33,Approved,2026-07-25 01:44:21.322128,,Loan Management System
APP00001290,CUST00001148,LN00000795,2024-08-26,1734902.01,Approved,2026-07-25 01:44:21.322128,,Loan Management System
APP00001291,CUST00004872,,2016-08-02,1611075.82,Cancelled,2026-07-25 01:44:21.322128,,Loan Management System
APP00001292,CUST00001148,,2018-08-21,3958801.45,Rejected,2026-07-25 01:44:21.323239,,Loan Management System
APP00001293,CUST00003136,LN00000191,2022-04-27,1014880.72,Approved,2026-07-25 01:44:21.323239,,Loan Management System
APP00001294,CUST00001634,LN00002379,2024-07-07,9520908.58,Approved,2026-07-25 01:44:21.323239,,Loan Management System
APP00001295,CUST00003809,,2025-09-14,3597489.52,Pending,2026-07-25 01:44:21.323239,,Loan Management System
APP00001296,CUST00004072,,2023-12-25,5116577.2,Pending,2026-07-25 01:44:21.323239,,Loan Management System
APP00001297,CUST00000381,,2013-12-21,1760659.97,Pending,2026-07-25 01:44:21.324131,,Loan Management System
APP00001298,CUST00004057,,2017-06-27,1472745.96,Rejected,2026-07-25 01:44:21.324131,,Loan Management System
APP00001299,CUST00000128,,2016-11-13,11757588.44,Cancelled,2026-07-25 01:44:21.324131,,Loan Management System
APP00001300,CUST00003935,,2017-05-25,601203.61,Rejected,2026-07-25 01:44:21.324131,,Loan Management System
APP00001301,CUST00002143,LN00001489,2017-12-24,271601.87,Approved,2026-07-25 01:44:21.324131,,Loan Management System
APP00001302,CUST00002280,,2024-11-26,7686603.58,Rejected,2026-07-25 01:44:21.325205,,Loan Management System
APP00001303,CUST00002957,LN00001867,2016-02-17,17934250.35,Approved,2026-07-25 01:44:21.325205,,Loan Management System
APP00001304,CUST00002037,LN00000032,2015-04-15,2745567.03,Approved,2026-07-25 01:44:21.325205,,Loan Management System
APP00001305,CUST00004518,LN00000017,2012-01-22,1518493.91,Approved,2026-07-25 01:44:21.325205,,Loan Management System
APP00001306,CUST00002851,LN00001880,2021-10-13,2386190.01,Approved,2026-07-25 01:44:21.325205,,Loan Management System
APP00001307,CUST00001171,LN00001665,2024-05-08,3955820.77,Approved,2026-07-25 01:44:21.325205,,Loan Management System
APP00001308,CUST00004908,LN00000835,2025-12-28,11989925.67,Approved,2026-07-25 01:44:21.325205,,Loan Management System
APP00001309,CUST00000171,LN00002480,2013-05-24,1511995.52,Approved,2026-07-25 01:44:21.325205,,Loan Management System
APP00001310,CUST00002004,LN00001654,2019-09-17,1046366.63,Approved,2026-07-25 01:44:21.325205,,Loan Management System
APP00001311,CUST00003275,,2016-12-26,3320741.82,Rejected,2026-07-25 01:44:21.325205,,Loan Management System
APP00001312,CUST00003536,LN00001419,2020-07-27,856479.27,Approved,2026-07-25 01:44:21.325205,,Loan Management System
APP00001313,CUST00001752,LN00002145,2022-06-15,731839.62,Approved,2026-07-25 01:44:21.325205,,Loan Management System
APP00001314,CUST00001451,LN00001208,2016-05-11,4746376.18,Approved,2026-07-25 01:44:21.325205,,Loan Management System
APP00001315,CUST00001502,LN00001218,2023-02-15,1035943.92,Approved,2026-07-25 01:44:21.325205,,Loan Management System
APP00001316,CUST00003928,LN00001027,2017-11-05,2363480.76,Approved,2026-07-25 01:44:21.325205,,Loan Management System
APP00001317,CUST00001670,,2026-01-03,2207062.58,Pending,2026-07-25 01:44:21.326211,,Loan Management System
APP00001318,CUST00002943,,2017-05-25,2218817.06,Rejected,2026-07-25 01:44:21.326211,,Loan Management System
APP00001319,CUST00003538,LN00000774,2018-12-13,516486.63,Approved,2026-07-25 01:44:21.326211,,Loan Management System
APP00001320,CUST00004476,LN00000248,2022-08-29,4269821.17,Approved,2026-07-25 01:44:21.326211,,Loan Management System
APP00001321,CUST00004963,LN00001170,2024-11-28,1439854.2,Approved,2026-07-25 01:44:21.326211,,Loan Management System
APP00001322,CUST00001351,,2020-05-04,3530124.24,Rejected,2026-07-25 01:44:21.326211,,Loan Management System
APP00001323,CUST00001996,,2014-07-13,54184.91,Rejected,2026-07-25 01:44:21.326211,,Loan Management System
APP00001324,CUST00004845,LN00000712,2022-01-26,263210.82,Approved,2026-07-25 01:44:21.326211,,Loan Management System
APP00001325,CUST00000653,,2014-04-15,3338967.69,Rejected,2026-07-25 01:44:21.327214,,Loan Management System
APP00001326,CUST00002477,LN00001709,2023-05-30,559100.36,Approved,2026-07-25 01:44:21.327214,,Loan Management System
APP00001327,CUST00000415,,2021-01-31,6505123.52,Rejected,2026-07-25 01:44:21.327214,,Loan Management System
APP00001328,CUST00001408,LN00000148,2021-01-20,2166457.7,Approved,2026-07-25 01:44:21.327214,,Loan Management System
APP00001329,CUST00001542,LN00000508,2016-03-23,322541.12,Approved,2026-07-25 01:44:21.327214,,Loan Management System
APP00001330,CUST00002981,,2015-07-04,356344.57,Pending,2026-07-25 01:44:21.327214,,Loan Management System
APP00001331,CUST00004531,LN00000111,2019-05-14,576431.0,Approved,2026-07-25 01:44:21.327214,,Loan Management System
APP00001332,CUST00004805,LN00000820,2018-07-01,1184896.37,Approved,2026-07-25 01:44:21.327214,,Loan Management System
APP00001333,CUST00002166,LN00001110,2013-02-27,1509527.33,Approved,2026-07-25 01:44:21.327214,,Loan Management System
APP00001334,CUST00004595,LN00000813,2015-06-11,17530275.28,Approved,2026-07-25 01:44:21.327214,,Loan Management System
APP00001335,CUST00002653,,2018-04-17,1054902.26,Rejected,2026-07-25 01:44:21.328216,,Loan Management System
APP00001336,CUST00000002,LN00002006,2015-01-24,9618715.44,Approved,2026-07-25 01:44:21.328216,,Loan Management System
APP00001337,CUST00000855,,2024-02-08,4063980.28,Rejected,2026-07-25 01:44:21.328216,,Loan Management System
APP00001338,CUST00002737,LN00001484,2017-02-21,8606299.67,Approved,2026-07-25 01:44:21.328216,,Loan Management System
APP00001339,CUST00002119,LN00001021,2015-08-05,272190.99,Approved,2026-07-25 01:44:21.328216,,Loan Management System
APP00001340,CUST00002452,LN00000945,2016-10-20,5456026.26,Approved,2026-07-25 01:44:21.328216,,Loan Management System
APP00001341,CUST00004693,,2021-08-20,217491.59,Rejected,2026-07-25 01:44:21.328216,,Loan Management System
APP00001342,CUST00001732,,2018-11-14,2840319.2,Pending,2026-07-25 01:44:21.328216,,Loan Management System
APP00001343,CUST00001737,LN00002154,2021-09-29,3577368.15,Approved,2026-07-25 01:44:21.329208,,Loan Management System
APP00001344,CUST00000803,,2011-08-21,5956429.0,Pending,2026-07-25 01:44:21.329208,,Loan Management System
APP00001345,CUST00002659,,2023-07-21,3971004.98,Cancelled,2026-07-25 01:44:21.329208,,Loan Management System
APP00001346,CUST00004878,LN00001359,2023-07-11,263908.78,Approved,2026-07-25 01:44:21.329208,,Loan Management System
APP00001347,CUST00004455,,2015-01-23,238279.78,Cancelled,2026-07-25 01:44:21.329208,,Loan Management System
APP00001348,CUST00002187,LN00001090,2023-09-27,6313843.15,Approved,2026-07-25 01:44:21.329208,,Loan Management System
APP00001349,CUST00000455,,2024-05-11,922750.11,Rejected,2026-07-25 01:44:21.330211,,Loan Management System
APP00001350,CUST00004023,,2023-07-15,307636.44,Rejected,2026-07-25 01:44:21.330211,,Loan Management System
APP00001351,CUST00001723,LN00001903,2023-10-28,412310.44,Approved,2026-07-25 01:44:21.330211,,Loan Management System
APP00001352,CUST00001544,,2021-05-20,8191788.88,Pending,2026-07-25 01:44:21.330211,,Loan Management System
APP00001353,CUST00002680,LN00001344,2012-04-18,9585445.02,Approved,2026-07-25 01:44:21.330211,,Loan Management System
APP00001354,CUST00002186,,2025-02-28,1100060.17,Pending,2026-07-25 01:44:21.330211,,Loan Management System
APP00001355,CUST00000988,LN00001353,2013-08-08,852938.77,Approved,2026-07-25 01:44:21.330211,,Loan Management System
APP00001356,CUST00001151,LN00000232,2016-09-03,1385431.8,Approved,2026-07-25 01:44:21.330211,,Loan Management System
APP00001357,CUST00003737,,2017-10-13,14371841.86,Rejected,2026-07-25 01:44:21.331214,,Loan Management System
APP00001358,CUST00000363,LN00001945,2016-10-17,9196827.82,Approved,2026-07-25 01:44:21.331214,,Loan Management System
APP00001359,CUST00000458,LN00002312,2014-07-07,1319547.45,Approved,2026-07-25 01:44:21.331214,,Loan Management System
APP00001360,CUST00004654,LN00001490,2016-11-25,1266461.86,Approved,2026-07-25 01:44:21.331214,,Loan Management System
APP00001361,CUST00001217,LN00000959,2025-07-20,1696262.1,Approved,2026-07-25 01:44:21.331214,,Loan Management System
APP00001362,CUST00003036,,2016-01-10,568214.17,Rejected,2026-07-25 01:44:21.331214,,Loan Management System
APP00001363,CUST00002086,LN00001858,2023-08-22,9632151.58,Approved,2026-07-25 01:44:21.331214,,Loan Management System
APP00001364,CUST00002420,,2020-07-16,3361696.25,Rejected,2026-07-25 01:44:21.331214,,Loan Management System
APP00001365,CUST00002364,LN00002035,2018-07-10,3540077.08,Approved,2026-07-25 01:44:21.331214,,Loan Management System
APP00001366,CUST00001209,LN00002304,2022-07-17,624815.07,Approved,2026-07-25 01:44:21.331214,,Loan Management System
APP00001367,CUST00003923,,2018-03-04,1216921.55,Cancelled,2026-07-25 01:44:21.332220,,Loan Management System
APP00001368,CUST00003023,,2021-12-17,2525565.22,Rejected,2026-07-25 01:44:21.332220,,Loan Management System
APP00001369,CUST00004366,,2018-03-29,837455.89,Rejected,2026-07-25 01:44:21.332220,,Loan Management System
APP00001370,CUST00003561,LN00000225,2017-01-23,1400338.25,Approved,2026-07-25 01:44:21.332220,,Loan Management System
APP00001371,CUST00001893,,2013-07-03,1536665.33,Rejected,2026-07-25 01:44:21.332220,,Loan Management System
APP00001372,CUST00003601,LN00000403,2025-12-28,1166974.68,Approved,2026-07-25 01:44:21.332220,,Loan Management System
APP00001373,CUST00000829,LN00002322,2016-07-08,5128976.59,Approved,2026-07-25 01:44:21.332220,,Loan Management System
APP00001374,CUST00004710,,2025-12-11,915859.05,Cancelled,2026-07-25 01:44:21.333224,,Loan Management System
APP00001375,CUST00001558,LN00000673,2018-08-31,3098849.6,Approved,2026-07-25 01:44:21.333224,,Loan Management System
APP00001376,CUST00000490,,2022-01-24,2639799.92,Rejected,2026-07-25 01:44:21.333224,,Loan Management System
APP00001377,CUST00003625,LN00001617,2024-06-29,3697826.21,Approved,2026-07-25 01:44:21.333224,,Loan Management System
APP00001378,CUST00002079,LN00001530,2018-06-25,1394538.53,Approved,2026-07-25 01:44:21.333224,,Loan Management System
APP00001379,CUST00004721,LN00001324,2018-06-07,11915483.25,Approved,2026-07-25 01:44:21.333224,,Loan Management System
APP00001380,CUST00004746,LN00000988,2019-11-22,2824874.41,Approved,2026-07-25 01:44:21.333224,,Loan Management System
APP00001381,CUST00001585,LN00001882,2013-02-09,3744063.72,Approved,2026-07-25 01:44:21.333224,,Loan Management System
APP00001382,CUST00002388,,2022-12-30,2806657.03,Cancelled,2026-07-25 01:44:21.333224,,Loan Management System
APP00001383,CUST00003590,LN00000857,2016-01-28,1251688.28,Approved,2026-07-25 01:44:21.333224,,Loan Management System
APP00001384,CUST00000643,,2016-11-21,2440565.41,Cancelled,2026-07-25 01:44:21.334217,,Loan Management System
APP00001385,CUST00001903,LN00002275,2012-10-23,2253037.55,Approved,2026-07-25 01:44:21.334217,,Loan Management System
APP00001386,CUST00004335,,2015-08-15,1336498.14,Rejected,2026-07-25 01:44:21.334217,,Loan Management System
APP00001387,CUST00000344,LN00001252,2023-05-18,962784.34,Approved,2026-07-25 01:44:21.334217,,Loan Management System
APP00001388,CUST00002422,LN00001973,2021-11-11,167547.53,Approved,2026-07-25 01:44:21.334217,,Loan Management System
APP00001389,CUST00003200,LN00001539,2026-04-04,597730.51,Approved,2026-07-25 01:44:21.334217,,Loan Management System
APP00001390,CUST00001058,,2017-11-29,1457159.79,Pending,2026-07-25 01:44:21.334217,,Loan Management System
APP00001391,CUST00002556,LN00002058,2014-11-28,1843699.85,Approved,2026-07-25 01:44:21.334217,,Loan Management System
APP00001392,CUST00000351,,2020-04-02,348685.48,Cancelled,2026-07-25 01:44:21.334217,,Loan Management System
APP00001393,CUST00000693,LN00002497,2015-08-03,1615821.31,Approved,2026-07-25 01:44:21.334217,,Loan Management System
APP00001394,CUST00000716,LN00001685,2022-12-13,5282776.03,Approved,2026-07-25 01:44:21.334217,,Loan Management System
APP00001395,CUST00000471,LN00001621,2013-11-16,835444.97,Approved,2026-07-25 01:44:21.334217,,Loan Management System
APP00001396,CUST00004973,LN00001604,2025-01-06,2933709.0,Approved,2026-07-25 01:44:21.334217,,Loan Management System
APP00001397,CUST00003923,LN00001735,2014-03-07,10269035.03,Approved,2026-07-25 01:44:21.335216,,Loan Management System
APP00001398,CUST00002790,LN00000941,2013-06-11,6889454.99,Approved,2026-07-25 01:44:21.335216,,Loan Management System
APP00001399,CUST00003991,,2018-10-04,9534898.9,Rejected,2026-07-25 01:44:21.335216,,Loan Management System
APP00001400,CUST00002024,,2014-09-21,3137745.8,Cancelled,2026-07-25 01:44:21.335216,,Loan Management System
APP00001401,CUST00000040,,2019-11-04,6209756.68,Rejected,2026-07-25 01:44:21.335216,,Loan Management System
APP00001402,CUST00000469,LN00000681,2016-09-05,573509.91,Approved,2026-07-25 01:44:21.335216,,Loan Management System
APP00001403,CUST00001143,,2020-09-14,2357512.96,Rejected,2026-07-25 01:44:21.336223,,Loan Management System
APP00001404,CUST00004576,LN00000564,2011-11-11,1441627.78,Approved,2026-07-25 01:44:21.336223,,Loan Management System
APP00001405,CUST00004510,LN00002282,2023-06-04,569844.58,Approved,2026-07-25 01:44:21.336223,,Loan Management System
APP00001406,CUST00000752,,2014-05-26,1561931.71,Pending,2026-07-25 01:44:21.336223,,Loan Management System
APP00001407,CUST00004887,,2019-11-22,2489203.39,Rejected,2026-07-25 01:44:21.336223,,Loan Management System
APP00001408,CUST00002721,,2016-06-22,2352729.51,Rejected,2026-07-25 01:44:21.336223,,Loan Management System
APP00001409,CUST00000410,LN00000005,2016-02-10,9374927.65,Approved,2026-07-25 01:44:21.336223,,Loan Management System
APP00001410,CUST00001918,,2014-09-29,359702.08,Rejected,2026-07-25 01:44:21.337223,,Loan Management System
APP00001411,CUST00000903,LN00001541,2022-01-06,393890.35,Approved,2026-07-25 01:44:21.337223,,Loan Management System
APP00001412,CUST00001652,,2025-11-19,7468215.71,Rejected,2026-07-25 01:44:21.337223,,Loan Management System
APP00001413,CUST00002070,,2019-03-27,2000132.43,Cancelled,2026-07-25 01:44:21.337223,,Loan Management System
APP00001414,CUST00004521,LN00001666,2015-05-25,1591939.09,Approved,2026-07-25 01:44:21.337223,,Loan Management System
APP00001415,CUST00000229,,2012-06-22,3535321.63,Rejected,2026-07-25 01:44:21.337223,,Loan Management System
APP00001416,CUST00002635,LN00000533,2020-11-20,10712229.23,Approved,2026-07-25 01:44:21.338227,,Loan Management System
APP00001417,CUST00003396,,2011-09-22,2906514.75,Rejected,2026-07-25 01:44:21.338227,,Loan Management System
APP00001418,CUST00000340,LN00001915,2013-01-26,618850.18,Approved,2026-07-25 01:44:21.338227,,Loan Management System
APP00001419,CUST00002967,LN00000990,2018-10-21,2656723.4,Approved,2026-07-25 01:44:21.338227,,Loan Management System
APP00001420,CUST00002634,LN00001504,2015-04-25,2220742.85,Approved,2026-07-25 01:44:21.338227,,Loan Management System
APP00001421,CUST00004512,LN00001379,2023-07-01,1227909.79,Approved,2026-07-25 01:44:21.338227,,Loan Management System
APP00001422,CUST00003147,LN00000902,2025-09-29,475861.44,Approved,2026-07-25 01:44:21.338227,,Loan Management System
APP00001423,CUST00001544,LN00002345,2023-04-26,7158133.52,Approved,2026-07-25 01:44:21.338227,,Loan Management System
APP00001424,CUST00003007,LN00002370,2024-11-13,1728105.18,Approved,2026-07-25 01:44:21.338227,,Loan Management System
APP00001425,CUST00004670,,2018-07-10,1864329.74,Rejected,2026-07-25 01:44:21.338227,,Loan Management System
APP00001426,CUST00003131,LN00002254,2021-09-10,9107395.03,Approved,2026-07-25 01:44:21.338227,,Loan Management System
APP00001427,CUST00004730,,2018-08-19,1883715.38,Rejected,2026-07-25 01:44:21.338227,,Loan Management System
APP00001428,CUST00003718,,2023-08-23,9834388.13,Pending,2026-07-25 01:44:21.339215,,Loan Management System
APP00001429,CUST00004463,LN00001256,2020-09-11,1363724.78,Approved,2026-07-25 01:44:21.339215,,Loan Management System
APP00001430,CUST00000090,LN00001619,2023-02-07,6889004.92,Approved,2026-07-25 01:44:21.339215,,Loan Management System
APP00001431,CUST00001505,LN00001035,2015-01-20,8443810.3,Approved,2026-07-25 01:44:21.339215,,Loan Management System
APP00001432,CUST00003841,,2012-12-19,528539.86,Rejected,2026-07-25 01:44:21.339632,,Loan Management System
APP00001433,CUST00002666,LN00000211,2025-11-10,1956315.6,Approved,2026-07-25 01:44:21.339632,,Loan Management System
APP00001434,CUST00003058,,2012-02-01,277867.81,Rejected,2026-07-25 01:44:21.339632,,Loan Management System
APP00001435,CUST00004633,LN00002176,2026-02-28,2275451.13,Approved,2026-07-25 01:44:21.339632,,Loan Management System
APP00001436,CUST00004559,LN00000836,2024-06-30,9972151.03,Approved,2026-07-25 01:44:21.339632,,Loan Management System
APP00001437,CUST00000555,LN00001206,2021-07-03,1288887.68,Approved,2026-07-25 01:44:21.339632,,Loan Management System
APP00001438,CUST00002094,LN00001925,2013-09-05,220148.64,Approved,2026-07-25 01:44:21.339632,,Loan Management System
APP00001439,CUST00004435,LN00000818,2015-02-05,1431678.42,Approved,2026-07-25 01:44:21.339632,,Loan Management System
APP00001440,CUST00003925,LN00000872,2022-02-13,2850842.93,Approved,2026-07-25 01:44:21.339632,,Loan Management System
APP00001441,CUST00000142,LN00001486,2022-12-11,854719.6,Approved,2026-07-25 01:44:21.339632,,Loan Management System
APP00001442,CUST00003922,,2014-06-04,2120869.12,Rejected,2026-07-25 01:44:21.339632,,Loan Management System
APP00001443,CUST00003821,LN00002371,2019-06-30,9023140.26,Approved,2026-07-25 01:44:21.339632,,Loan Management System
APP00001444,CUST00003361,LN00000852,2025-02-26,405829.37,Approved,2026-07-25 01:44:21.339632,,Loan Management System
APP00001445,CUST00003517,LN00001799,2026-02-18,3189304.85,Approved,2026-07-25 01:44:21.339632,,Loan Management System
APP00001446,CUST00002835,,2020-11-29,6619190.54,Rejected,2026-07-25 01:44:21.340769,,Loan Management System
APP00001447,CUST00001998,LN00001028,2017-04-04,1550840.83,Approved,2026-07-25 01:44:21.340769,,Loan Management System
APP00001448,CUST00002232,,2013-06-27,1646401.35,Rejected,2026-07-25 01:44:21.340769,,Loan Management System
APP00001449,CUST00002157,LN00001907,2016-11-10,2584665.78,Approved,2026-07-25 01:44:21.340769,,Loan Management System
APP00001450,CUST00001995,LN00000614,2017-01-23,2521916.83,Approved,2026-07-25 01:44:21.340769,,Loan Management System
APP00001451,CUST00000047,LN00000149,2020-08-19,3286819.38,Approved,2026-07-25 01:44:21.340769,,Loan Management System
APP00001452,CUST00002280,LN00002308,2017-09-09,2554359.15,Approved,2026-07-25 01:44:21.340769,,Loan Management System
APP00001453,CUST00003683,LN00001487,2026-02-11,456386.92,Approved,2026-07-25 01:44:21.340769,,Loan Management System
APP00001454,CUST00004292,,2020-10-13,504767.41,Cancelled,2026-07-25 01:44:21.340769,,Loan Management System
APP00001455,CUST00000017,,2025-07-22,1826948.86,Rejected,2026-07-25 01:44:21.341753,,Loan Management System
APP00001456,CUST00003162,,2024-06-08,2613286.46,Cancelled,2026-07-25 01:44:21.341753,,Loan Management System
APP00001457,CUST00001233,,2012-04-08,2014028.4,Pending,2026-07-25 01:44:21.341753,,Loan Management System
APP00001458,CUST00001683,LN00000519,2020-11-23,12917684.48,Approved,2026-07-25 01:44:21.341753,,Loan Management System
APP00001459,CUST00001494,LN00000352,2013-03-18,398592.21,Approved,2026-07-25 01:44:21.341753,,Loan Management System
APP00001460,CUST00003498,LN00002055,2021-08-25,1301152.0,Approved,2026-07-25 01:44:21.341753,,Loan Management System
APP00001461,CUST00000176,,2018-10-17,5185687.56,Rejected,2026-07-25 01:44:21.341753,,Loan Management System
APP00001462,CUST00001497,,2013-04-21,914290.84,Cancelled,2026-07-25 01:44:21.342751,,Loan Management System
APP00001463,CUST00000287,,2024-01-31,464510.14,Rejected,2026-07-25 01:44:21.342751,,Loan Management System
APP00001464,CUST00004342,LN00001081,2017-02-03,2260998.48,Approved,2026-07-25 01:44:21.342751,,Loan Management System
APP00001465,CUST00003980,LN00002050,2022-10-27,11796468.09,Approved,2026-07-25 01:44:21.342751,,Loan Management System
APP00001466,CUST00003461,LN00000697,2018-12-03,2264756.38,Approved,2026-07-25 01:44:21.342751,,Loan Management System
APP00001467,CUST00003879,,2019-03-19,1194451.4,Rejected,2026-07-25 01:44:21.342751,,Loan Management System
APP00001468,CUST00000596,LN00000883,2013-10-09,783764.56,Approved,2026-07-25 01:44:21.342751,,Loan Management System
APP00001469,CUST00000133,,2017-06-28,1973950.92,Pending,2026-07-25 01:44:21.343754,,Loan Management System
APP00001470,CUST00003555,LN00000553,2018-05-01,3172561.74,Approved,2026-07-25 01:44:21.343754,,Loan Management System
APP00001471,CUST00004933,,2019-01-12,139827.25,Rejected,2026-07-25 01:44:21.343754,,Loan Management System
APP00001472,CUST00000927,LN00002147,2013-12-08,9679924.71,Approved,2026-07-25 01:44:21.343754,,Loan Management System
APP00001473,CUST00000251,,2024-10-03,18313727.68,Cancelled,2026-07-25 01:44:21.343754,,Loan Management System
APP00001474,CUST00003069,LN00001184,2022-01-07,2559354.2,Approved,2026-07-25 01:44:21.343754,,Loan Management System
APP00001475,CUST00002223,LN00001559,2020-09-30,2484581.81,Approved,2026-07-25 01:44:21.343754,,Loan Management System
APP00001476,CUST00004526,LN00002293,2025-01-07,459777.94,Approved,2026-07-25 01:44:21.343754,,Loan Management System
APP00001477,CUST00001591,LN00000368,2018-04-23,2455943.1,Approved,2026-07-25 01:44:21.343754,,Loan Management System
APP00001478,CUST00000507,,2026-03-18,2709877.2,Rejected,2026-07-25 01:44:21.344753,,Loan Management System
APP00001479,CUST00003045,LN00002033,2021-11-19,1229696.69,Approved,2026-07-25 01:44:21.344753,,Loan Management System
APP00001480,CUST00001437,,2022-04-29,2311863.86,Rejected,2026-07-25 01:44:21.344753,,Loan Management System
APP00001481,CUST00004299,,2018-11-05,15904110.68,Cancelled,2026-07-25 01:44:21.344753,,Loan Management System
APP00001482,CUST00000605,LN00000341,2014-07-23,4363083.51,Approved,2026-07-25 01:44:21.344753,,Loan Management System
APP00001483,CUST00004569,LN00000141,2022-06-29,927756.88,Approved,2026-07-25 01:44:21.344753,,Loan Management System
APP00001484,CUST00001314,LN00001655,2025-02-26,361139.53,Approved,2026-07-25 01:44:21.344753,,Loan Management System
APP00001485,CUST00001299,,2024-11-29,668963.87,Rejected,2026-07-25 01:44:21.344753,,Loan Management System
APP00001486,CUST00002378,,2015-01-28,657666.39,Pending,2026-07-25 01:44:21.345761,,Loan Management System
APP00001487,CUST00003734,,2025-05-27,1206142.28,Rejected,2026-07-25 01:44:21.345761,,Loan Management System
APP00001488,CUST00004738,,2015-01-30,713481.03,Rejected,2026-07-25 01:44:21.345761,,Loan Management System
APP00001489,CUST00001319,LN00000260,2023-10-29,589451.15,Approved,2026-07-25 01:44:21.345761,,Loan Management System
APP00001490,CUST00004767,LN00000617,2015-12-28,4407513.27,Approved,2026-07-25 01:44:21.345761,,Loan Management System
APP00001491,CUST00003888,,2017-07-12,1499698.4,Rejected,2026-07-25 01:44:21.345761,,Loan Management System
APP00001492,CUST00004895,,2020-08-13,546684.31,Pending,2026-07-25 01:44:21.346765,,Loan Management System
APP00001493,CUST00003593,,2016-05-05,377192.17,Rejected,2026-07-25 01:44:21.346765,,Loan Management System
APP00001494,CUST00000598,,2021-09-18,2218859.18,Rejected,2026-07-25 01:44:21.346765,,Loan Management System
APP00001495,CUST00004954,LN00000089,2016-04-08,13359645.69,Approved,2026-07-25 01:44:21.346765,,Loan Management System
APP00001496,CUST00002839,LN00000443,2016-07-16,6105038.94,Approved,2026-07-25 01:44:21.346765,,Loan Management System
APP00001497,CUST00004953,LN00000369,2012-06-23,2679172.07,Approved,2026-07-25 01:44:21.346765,,Loan Management System
APP00001498,CUST00004004,LN00000418,2013-07-05,1531240.54,Approved,2026-07-25 01:44:21.346765,,Loan Management System
APP00001499,CUST00004000,,2016-06-25,11670589.15,Rejected,2026-07-25 01:44:21.346765,,Loan Management System
APP00001500,CUST00002243,LN00000556,2014-03-07,713098.61,Approved,2026-07-25 01:44:21.347760,,Loan Management System
APP00001501,CUST00002814,LN00002413,2013-12-20,938369.93,Approved,2026-07-25 01:44:21.347760,,Loan Management System
APP00001502,CUST00002133,LN00000507,2025-08-20,7887078.83,Approved,2026-07-25 01:44:21.347760,,Loan Management System
APP00001503,CUST00001339,LN00000911,2022-06-24,1184245.79,Approved,2026-07-25 01:44:21.347760,,Loan Management System
APP00001504,CUST00003849,LN00000770,2020-12-09,948459.27,Approved,2026-07-25 01:44:21.347760,,Loan Management System
APP00001505,CUST00004055,,2024-04-27,1793130.15,Rejected,2026-07-25 01:44:21.347760,,Loan Management System
APP00001506,CUST00004000,LN00000689,2018-10-25,230079.84,Approved,2026-07-25 01:44:21.347760,,Loan Management System
APP00001507,CUST00000935,LN00001860,2012-08-28,8113559.95,Approved,2026-07-25 01:44:21.347760,,Loan Management System
APP00001508,CUST00001154,LN00001960,2017-09-19,670345.61,Approved,2026-07-25 01:44:21.347760,,Loan Management System
APP00001509,CUST00002306,LN00001301,2016-11-20,834520.2,Approved,2026-07-25 01:44:21.347760,,Loan Management System
APP00001510,CUST00002441,,2023-06-30,744187.81,Rejected,2026-07-25 01:44:21.347760,,Loan Management System
APP00001511,CUST00004231,,2026-04-18,1519587.87,Rejected,2026-07-25 01:44:21.347760,,Loan Management System
APP00001512,CUST00002609,LN00000786,2019-07-03,2999802.0,Approved,2026-07-25 01:44:21.347760,,Loan Management System
APP00001513,CUST00000396,LN00001819,2014-06-04,10981362.12,Approved,2026-07-25 01:44:21.348764,,Loan Management System
APP00001514,CUST00000119,LN00002120,2021-06-14,1310725.1,Approved,2026-07-25 01:44:21.348764,,Loan Management System
APP00001515,CUST00003255,,2023-08-31,5884163.95,Rejected,2026-07-25 01:44:21.348764,,Loan Management System
APP00001516,CUST00001146,,2017-01-15,2625451.4,Cancelled,2026-07-25 01:44:21.348764,,Loan Management System
APP00001517,CUST00004071,LN00001543,2015-07-23,17947637.78,Approved,2026-07-25 01:44:21.348764,,Loan Management System
APP00001518,CUST00001141,LN00000412,2021-08-14,1966072.7,Approved,2026-07-25 01:44:21.348764,,Loan Management System
APP00001519,CUST00000180,LN00000595,2015-05-25,14650930.43,Approved,2026-07-25 01:44:21.348764,,Loan Management System
APP00001520,CUST00001406,LN00001591,2011-07-26,4014968.2,Approved,2026-07-25 01:44:21.348764,,Loan Management System
APP00001521,CUST00004591,LN00000417,2018-06-01,3067412.98,Approved,2026-07-25 01:44:21.348764,,Loan Management System
APP00001522,CUST00003390,,2022-04-27,246141.91,Rejected,2026-07-25 01:44:21.348764,,Loan Management System
APP00001523,CUST00000472,,2016-02-18,2893639.21,Rejected,2026-07-25 01:44:21.349759,,Loan Management System
APP00001524,CUST00002054,LN00000356,2025-10-12,10858854.62,Approved,2026-07-25 01:44:21.349759,,Loan Management System
APP00001525,CUST00002596,LN00001642,2013-10-02,9456253.03,Approved,2026-07-25 01:44:21.349759,,Loan Management System
APP00001526,CUST00002678,LN00000753,2015-03-22,4075840.3,Approved,2026-07-25 01:44:21.349759,,Loan Management System
APP00001527,CUST00000481,LN00001918,2013-02-04,1076360.43,Approved,2026-07-25 01:44:21.349759,,Loan Management System
APP00001528,CUST00002544,LN00000150,2015-11-19,830569.63,Approved,2026-07-25 01:44:21.349759,,Loan Management System
APP00001529,CUST00002018,LN00001373,2025-09-18,756940.56,Approved,2026-07-25 01:44:21.349759,,Loan Management System
APP00001530,CUST00003005,LN00000565,2014-06-21,787011.68,Approved,2026-07-25 01:44:21.349759,,Loan Management System
APP00001531,CUST00002748,LN00002485,2011-10-13,10200370.4,Approved,2026-07-25 01:44:21.349759,,Loan Management System
APP00001532,CUST00000703,,2020-05-01,6523416.73,Pending,2026-07-25 01:44:21.349759,,Loan Management System
APP00001533,CUST00002340,,2024-04-26,2823892.93,Cancelled,2026-07-25 01:44:21.349759,,Loan Management System
APP00001534,CUST00000328,LN00001566,2022-05-04,1552090.59,Approved,2026-07-25 01:44:21.349759,,Loan Management System
APP00001535,CUST00003727,LN00002192,2012-10-02,1334863.16,Approved,2026-07-25 01:44:21.349759,,Loan Management System
APP00001536,CUST00004983,LN00000675,2017-12-18,2165269.68,Approved,2026-07-25 01:44:21.349759,,Loan Management System
APP00001537,CUST00004725,LN00002415,2018-12-19,1491170.62,Approved,2026-07-25 01:44:21.350757,,Loan Management System
APP00001538,CUST00003881,LN00002397,2026-05-08,690825.54,Approved,2026-07-25 01:44:21.350757,,Loan Management System
APP00001539,CUST00001941,,2021-06-18,779840.28,Pending,2026-07-25 01:44:21.350757,,Loan Management System
APP00001540,CUST00000568,LN00000558,2026-02-09,767561.33,Approved,2026-07-25 01:44:21.350757,,Loan Management System
APP00001541,CUST00003128,LN00000484,2013-03-29,1347085.87,Approved,2026-07-25 01:44:21.350757,,Loan Management System
APP00001542,CUST00001019,,2023-12-30,3772126.31,Pending,2026-07-25 01:44:21.350757,,Loan Management System
APP00001543,CUST00000133,,2019-05-12,1405608.95,Rejected,2026-07-25 01:44:21.350757,,Loan Management System
APP00001544,CUST00000087,LN00001908,2022-10-20,1308800.78,Approved,2026-07-25 01:44:21.350757,,Loan Management System
APP00001545,CUST00000698,LN00001458,2026-03-17,3484307.69,Approved,2026-07-25 01:44:21.350757,,Loan Management System
APP00001546,CUST00004122,LN00001426,2017-12-13,702581.71,Approved,2026-07-25 01:44:21.350757,,Loan Management System
APP00001547,CUST00001367,,2018-04-30,81721.46,Rejected,2026-07-25 01:44:21.351756,,Loan Management System
APP00001548,CUST00003741,LN00000613,2020-07-27,8525558.84,Approved,2026-07-25 01:44:21.351756,,Loan Management System
APP00001549,CUST00001019,LN00001032,2017-01-12,37822.38,Approved,2026-07-25 01:44:21.351756,,Loan Management System
APP00001550,CUST00002295,LN00001714,2013-10-29,2045630.57,Approved,2026-07-25 01:44:21.351756,,Loan Management System
APP00001551,CUST00003931,LN00001815,2015-07-29,2591159.65,Approved,2026-07-25 01:44:21.351756,,Loan Management System
APP00001552,CUST00004234,LN00001107,2020-05-22,3127852.13,Approved,2026-07-25 01:44:21.351756,,Loan Management System
APP00001553,CUST00001398,LN00002135,2022-04-02,103484.31,Approved,2026-07-25 01:44:21.351756,,Loan Management System
APP00001554,CUST00003303,LN00000869,2025-10-07,1286507.13,Approved,2026-07-25 01:44:21.351756,,Loan Management System
APP00001555,CUST00004400,,2017-04-22,894236.16,Rejected,2026-07-25 01:44:21.351756,,Loan Management System
APP00001556,CUST00002160,,2020-11-14,16512970.25,Cancelled,2026-07-25 01:44:21.351756,,Loan Management System
APP00001557,CUST00001953,,2021-05-24,1628340.02,Pending,2026-07-25 01:44:21.352762,,Loan Management System
APP00001558,CUST00001326,LN00000733,2018-06-24,417193.06,Approved,2026-07-25 01:44:21.352762,,Loan Management System
APP00001559,CUST00002813,,2021-03-11,4488095.84,Rejected,2026-07-25 01:44:21.352762,,Loan Management System
APP00001560,CUST00001865,,2026-01-23,3985478.65,Pending,2026-07-25 01:44:21.352762,,Loan Management System
APP00001561,CUST00001674,LN00000238,2012-12-24,1146415.78,Approved,2026-07-25 01:44:21.352762,,Loan Management System
APP00001562,CUST00000742,,2024-12-21,1895967.85,Rejected,2026-07-25 01:44:21.352762,,Loan Management System
APP00001563,CUST00000736,,2017-05-29,4140064.77,Rejected,2026-07-25 01:44:21.353755,,Loan Management System
APP00001564,CUST00000288,LN00002163,2019-10-24,4482185.85,Approved,2026-07-25 01:44:21.353755,,Loan Management System
APP00001565,CUST00000183,LN00000501,2015-09-05,636548.54,Approved,2026-07-25 01:44:21.353755,,Loan Management System
APP00001566,CUST00002667,LN00000720,2015-03-29,8163181.28,Approved,2026-07-25 01:44:21.353755,,Loan Management System
APP00001567,CUST00002668,LN00001549,2022-05-30,1160569.76,Approved,2026-07-25 01:44:21.353755,,Loan Management System
APP00001568,CUST00002708,,2024-11-23,1041408.67,Rejected,2026-07-25 01:44:21.353755,,Loan Management System
APP00001569,CUST00003098,,2025-10-18,1626913.36,Pending,2026-07-25 01:44:21.353755,,Loan Management System
APP00001570,CUST00000753,LN00000573,2024-01-08,171147.85,Approved,2026-07-25 01:44:21.353755,,Loan Management System
APP00001571,CUST00002195,,2011-11-03,581181.33,Rejected,2026-07-25 01:44:21.353755,,Loan Management System
APP00001572,CUST00001426,LN00000446,2024-03-20,5762758.24,Approved,2026-07-25 01:44:21.353755,,Loan Management System
APP00001573,CUST00003332,LN00000878,2022-09-18,1597662.14,Approved,2026-07-25 01:44:21.353755,,Loan Management System
APP00001574,CUST00000218,LN00001069,2015-08-24,2340717.05,Approved,2026-07-25 01:44:21.354762,,Loan Management System
APP00001575,CUST00001738,LN00001029,2012-01-02,3439961.76,Approved,2026-07-25 01:44:21.354762,,Loan Management System
APP00001576,CUST00004391,,2011-07-29,1340366.68,Rejected,2026-07-25 01:44:21.354762,,Loan Management System
APP00001577,CUST00003295,,2018-11-03,806038.0,Cancelled,2026-07-25 01:44:21.354762,,Loan Management System
APP00001578,CUST00001495,LN00002233,2012-11-18,1320956.11,Approved,2026-07-25 01:44:21.354762,,Loan Management System
APP00001579,CUST00004285,,2023-04-11,2834347.36,Rejected,2026-07-25 01:44:21.354762,,Loan Management System
APP00001580,CUST00002615,LN00002265,2018-01-01,3977439.75,Approved,2026-07-25 01:44:21.354762,,Loan Management System
APP00001581,CUST00004459,LN00000666,2017-01-07,578869.63,Approved,2026-07-25 01:44:21.354762,,Loan Management System
APP00001582,CUST00002578,LN00000002,2013-04-30,7749693.9,Approved,2026-07-25 01:44:21.354762,,Loan Management System
APP00001583,CUST00004852,,2026-06-09,5571108.96,Rejected,2026-07-25 01:44:21.355761,,Loan Management System
APP00001584,CUST00003033,LN00000830,2018-02-05,21752326.82,Approved,2026-07-25 01:44:21.355761,,Loan Management System
APP00001585,CUST00003162,,2013-02-23,2412679.28,Cancelled,2026-07-25 01:44:21.355761,,Loan Management System
APP00001586,CUST00002195,LN00001927,2012-07-04,2083419.43,Approved,2026-07-25 01:44:21.355761,,Loan Management System
APP00001587,CUST00003428,LN00001891,2023-09-22,4307010.47,Approved,2026-07-25 01:44:21.355761,,Loan Management System
APP00001588,CUST00002952,,2012-12-18,234472.59,Rejected,2026-07-25 01:44:21.355761,,Loan Management System
APP00001589,CUST00001236,LN00002191,2020-02-16,458263.82,Approved,2026-07-25 01:44:21.355761,,Loan Management System
APP00001590,CUST00004809,LN00000193,2013-05-03,924687.61,Approved,2026-07-25 01:44:21.355761,,Loan Management System
APP00001591,CUST00003659,LN00000893,2016-12-18,1073082.86,Approved,2026-07-25 01:44:21.355761,,Loan Management System
APP00001592,CUST00000007,LN00000987,2025-06-27,1057316.19,Approved,2026-07-25 01:44:21.355761,,Loan Management System
APP00001593,CUST00001508,,2022-03-16,3899022.43,Cancelled,2026-07-25 01:44:21.356762,,Loan Management System
APP00001594,CUST00003991,LN00000557,2015-07-03,961395.08,Approved,2026-07-25 01:44:21.356762,,Loan Management System
APP00001595,CUST00002640,,2023-11-30,5099079.22,Pending,2026-07-25 01:44:21.356762,,Loan Management System
APP00001596,CUST00002012,LN00001186,2021-10-29,413342.93,Approved,2026-07-25 01:44:21.356762,,Loan Management System
APP00001597,CUST00003189,,2018-11-12,8184709.72,Rejected,2026-07-25 01:44:21.356762,,Loan Management System
APP00001598,CUST00004504,LN00000548,2013-03-03,669714.15,Approved,2026-07-25 01:44:21.356762,,Loan Management System
APP00001599,CUST00002264,,2023-07-14,1334279.95,Rejected,2026-07-25 01:44:21.357675,,Loan Management System
APP00001600,CUST00000984,LN00001776,2017-02-05,574738.44,Approved,2026-07-25 01:44:21.357675,,Loan Management System
APP00001601,CUST00003123,LN00001935,2017-05-30,1287835.32,Approved,2026-07-25 01:44:21.357675,,Loan Management System
APP00001602,CUST00001541,LN00001146,2019-07-29,544021.33,Approved,2026-07-25 01:44:21.357675,,Loan Management System
APP00001603,CUST00004773,,2019-09-03,13665220.47,Rejected,2026-07-25 01:44:21.357675,,Loan Management System
APP00001604,CUST00001532,LN00001740,2019-09-27,931175.25,Approved,2026-07-25 01:44:21.357675,,Loan Management System
APP00001605,CUST00004074,LN00001046,2020-03-20,875160.61,Approved,2026-07-25 01:44:21.357675,,Loan Management System
APP00001606,CUST00000775,LN00002331,2020-07-04,1206452.93,Approved,2026-07-25 01:44:21.357675,,Loan Management System
APP00001607,CUST00004986,LN00001845,2020-04-28,1244652.11,Approved,2026-07-25 01:44:21.357675,,Loan Management System
APP00001608,CUST00002004,,2020-05-25,2851570.43,Rejected,2026-07-25 01:44:21.357675,,Loan Management System
APP00001609,CUST00003265,LN00001760,2018-04-14,7259760.33,Approved,2026-07-25 01:44:21.357675,,Loan Management System
APP00001610,CUST00003333,LN00001510,2022-03-05,13841830.71,Approved,2026-07-25 01:44:21.357675,,Loan Management System
APP00001611,CUST00002362,,2011-09-13,1607970.98,Rejected,2026-07-25 01:44:21.357675,,Loan Management System
APP00001612,CUST00003167,LN00000954,2023-08-24,3121848.96,Approved,2026-07-25 01:44:21.358755,,Loan Management System
APP00001613,CUST00000856,LN00000886,2014-07-08,4962653.6,Approved,2026-07-25 01:44:21.358755,,Loan Management System
APP00001614,CUST00001587,LN00001454,2013-08-26,1210191.73,Approved,2026-07-25 01:44:21.358755,,Loan Management System
APP00001615,CUST00003304,LN00000077,2012-08-10,862329.83,Approved,2026-07-25 01:44:21.358755,,Loan Management System
APP00001616,CUST00000572,LN00000062,2019-05-03,1018528.09,Approved,2026-07-25 01:44:21.358755,,Loan Management System
APP00001617,CUST00004252,LN00002237,2012-01-30,2437505.66,Approved,2026-07-25 01:44:21.358755,,Loan Management System
APP00001618,CUST00002013,LN00000815,2023-04-06,2048938.75,Approved,2026-07-25 01:44:21.358755,,Loan Management System
APP00001619,CUST00000313,LN00001595,2024-09-26,449384.35,Approved,2026-07-25 01:44:21.358755,,Loan Management System
APP00001620,CUST00002576,LN00002216,2019-01-27,7776033.22,Approved,2026-07-25 01:44:21.358755,,Loan Management System
APP00001621,CUST00000738,LN00001932,2022-10-26,124764.39,Approved,2026-07-25 01:44:21.358755,,Loan Management System
APP00001622,CUST00001674,LN00001934,2018-05-30,213172.06,Approved,2026-07-25 01:44:21.358755,,Loan Management System
APP00001623,CUST00003647,LN00000983,2017-04-13,1383605.82,Approved,2026-07-25 01:44:21.358755,,Loan Management System
APP00001624,CUST00001178,LN00000047,2015-02-27,329149.12,Approved,2026-07-25 01:44:21.358755,,Loan Management System
APP00001625,CUST00000950,LN00002418,2025-05-14,18161660.73,Approved,2026-07-25 01:44:21.358755,,Loan Management System
APP00001626,CUST00002447,,2013-11-23,582784.82,Pending,2026-07-25 01:44:21.358755,,Loan Management System
APP00001627,CUST00003723,LN00001821,2012-05-21,3073816.75,Approved,2026-07-25 01:44:21.358755,,Loan Management System
APP00001628,CUST00004511,,2024-09-20,708459.43,Cancelled,2026-07-25 01:44:21.359759,,Loan Management System
APP00001629,CUST00001896,LN00002449,2024-05-03,2175623.31,Approved,2026-07-25 01:44:21.359759,,Loan Management System
APP00001630,CUST00000029,,2022-06-23,2385300.94,Pending,2026-07-25 01:44:21.359759,,Loan Management System
APP00001631,CUST00004281,LN00000481,2013-09-18,435492.47,Approved,2026-07-25 01:44:21.359759,,Loan Management System
APP00001632,CUST00000798,LN00000177,2019-05-17,8909624.51,Approved,2026-07-25 01:44:21.359759,,Loan Management System
APP00001633,CUST00001164,,2020-08-02,3359475.56,Rejected,2026-07-25 01:44:21.359759,,Loan Management System
APP00001634,CUST00004968,LN00001197,2015-08-16,5673470.2,Approved,2026-07-25 01:44:21.360757,,Loan Management System
APP00001635,CUST00003136,LN00002043,2013-04-13,1950078.17,Approved,2026-07-25 01:44:21.360757,,Loan Management System
APP00001636,CUST00003878,LN00001922,2024-02-14,7281384.46,Approved,2026-07-25 01:44:21.360757,,Loan Management System
APP00001637,CUST00002236,,2022-08-15,201162.25,Rejected,2026-07-25 01:44:21.360757,,Loan Management System
APP00001638,CUST00002968,,2014-05-09,784882.91,Rejected,2026-07-25 01:44:21.360757,,Loan Management System
APP00001639,CUST00003935,LN00001352,2019-10-03,2849500.9,Approved,2026-07-25 01:44:21.360757,,Loan Management System
APP00001640,CUST00002348,LN00000063,2020-08-10,9787985.67,Approved,2026-07-25 01:44:21.360757,,Loan Management System
APP00001641,CUST00000035,LN00001290,2014-07-15,726135.85,Approved,2026-07-25 01:44:21.360757,,Loan Management System
APP00001642,CUST00004364,,2022-03-31,3999423.22,Rejected,2026-07-25 01:44:21.361759,,Loan Management System
APP00001643,CUST00000667,LN00001125,2020-11-05,1578950.15,Approved,2026-07-25 01:44:21.361759,,Loan Management System
APP00001644,CUST00002097,,2018-07-26,1091339.81,Rejected,2026-07-25 01:44:21.361759,,Loan Management System
APP00001645,CUST00001037,LN00002117,2013-05-10,1293970.44,Approved,2026-07-25 01:44:21.361759,,Loan Management System
APP00001646,CUST00001111,LN00001661,2013-06-20,2229543.06,Approved,2026-07-25 01:44:21.361759,,Loan Management System
APP00001647,CUST00002288,LN00001474,2019-06-10,4278373.81,Approved,2026-07-25 01:44:21.361759,,Loan Management System
APP00001648,CUST00002032,LN00000619,2021-04-17,701462.42,Approved,2026-07-25 01:44:21.361759,,Loan Management System
APP00001649,CUST00001309,LN00002190,2017-05-28,1198756.11,Approved,2026-07-25 01:44:21.361759,,Loan Management System
APP00001650,CUST00002201,,2013-12-11,289576.77,Rejected,2026-07-25 01:44:21.362756,,Loan Management System
APP00001651,CUST00004316,LN00000072,2026-02-02,7181300.14,Approved,2026-07-25 01:44:21.362756,,Loan Management System
APP00001652,CUST00004463,LN00002224,2020-01-29,1317516.85,Approved,2026-07-25 01:44:21.362756,,Loan Management System
APP00001653,CUST00003857,,2023-12-25,7069259.32,Rejected,2026-07-25 01:44:21.362756,,Loan Management System
APP00001654,CUST00004439,LN00000046,2014-02-23,1847088.13,Approved,2026-07-25 01:44:21.362756,,Loan Management System
APP00001655,CUST00002507,,2017-07-17,372718.38,Rejected,2026-07-25 01:44:21.362756,,Loan Management System
APP00001656,CUST00001133,LN00001678,2018-03-23,513788.99,Approved,2026-07-25 01:44:21.363755,,Loan Management System
APP00001657,CUST00000735,LN00001672,2025-11-12,9094937.21,Approved,2026-07-25 01:44:21.363755,,Loan Management System
APP00001658,CUST00001162,LN00001521,2024-12-21,1602674.76,Approved,2026-07-25 01:44:21.363755,,Loan Management System
APP00001659,CUST00000880,LN00000764,2019-03-24,2264149.43,Approved,2026-07-25 01:44:21.363755,,Loan Management System
APP00001660,CUST00003575,,2016-04-10,2072851.95,Rejected,2026-07-25 01:44:21.363755,,Loan Management System
APP00001661,CUST00000868,,2022-07-12,1758158.25,Rejected,2026-07-25 01:44:21.363755,,Loan Management System
APP00001662,CUST00004448,,2012-12-29,3736473.21,Rejected,2026-07-25 01:44:21.364761,,Loan Management System
APP00001663,CUST00003441,,2015-10-14,1111354.21,Pending,2026-07-25 01:44:21.364761,,Loan Management System
APP00001664,CUST00004984,LN00001552,2015-11-19,11350009.04,Approved,2026-07-25 01:44:21.364761,,Loan Management System
APP00001665,CUST00000725,,2021-10-14,751575.16,Pending,2026-07-25 01:44:21.364761,,Loan Management System
APP00001666,CUST00000115,LN00000391,2012-07-19,4135457.67,Approved,2026-07-25 01:44:21.364761,,Loan Management System
APP00001667,CUST00001506,,2023-10-31,513693.48,Pending,2026-07-25 01:44:21.365759,,Loan Management System
APP00001668,CUST00000081,LN00000441,2022-12-24,1445073.0,Approved,2026-07-25 01:44:21.365759,,Loan Management System
APP00001669,CUST00002461,LN00001335,2014-08-29,234997.93,Approved,2026-07-25 01:44:21.365759,,Loan Management System
APP00001670,CUST00001761,LN00000110,2014-03-07,1017619.57,Approved,2026-07-25 01:44:21.365759,,Loan Management System
APP00001671,CUST00004828,LN00000200,2026-05-17,9012302.16,Approved,2026-07-25 01:44:21.365759,,Loan Management System
APP00001672,CUST00002395,,2015-01-21,2163437.72,Rejected,2026-07-25 01:44:21.365759,,Loan Management System
APP00001673,CUST00004085,LN00000327,2012-07-24,1136424.92,Approved,2026-07-25 01:44:21.365759,,Loan Management System
APP00001674,CUST00003455,,2021-11-20,2385365.1,Cancelled,2026-07-25 01:44:21.365759,,Loan Management System
APP00001675,CUST00000978,LN00002436,2023-09-08,663775.54,Approved,2026-07-25 01:44:21.365759,,Loan Management System
APP00001676,CUST00003527,LN00001733,2024-01-28,403555.27,Approved,2026-07-25 01:44:21.365759,,Loan Management System
APP00001677,CUST00004976,,2024-04-13,1364402.07,Rejected,2026-07-25 01:44:21.366763,,Loan Management System
APP00001678,CUST00002082,,2018-03-24,486555.4,Pending,2026-07-25 01:44:21.366763,,Loan Management System
APP00001679,CUST00001417,LN00001115,2017-08-10,140944.54,Approved,2026-07-25 01:44:21.366763,,Loan Management System
APP00001680,CUST00003620,,2022-07-22,557897.45,Rejected,2026-07-25 01:44:21.366763,,Loan Management System
APP00001681,CUST00001968,LN00001088,2015-05-01,153636.45,Approved,2026-07-25 01:44:21.366763,,Loan Management System
APP00001682,CUST00004633,,2024-11-23,1715141.65,Rejected,2026-07-25 01:44:21.366763,,Loan Management System
APP00001683,CUST00001705,,2025-01-24,295015.14,Rejected,2026-07-25 01:44:21.367755,,Loan Management System
APP00001684,CUST00003479,LN00000562,2014-06-21,8655039.15,Approved,2026-07-25 01:44:21.367755,,Loan Management System
APP00001685,CUST00001631,LN00001280,2021-04-30,2987463.59,Approved,2026-07-25 01:44:21.367755,,Loan Management System
APP00001686,CUST00000579,LN00001557,2016-05-22,549057.2,Approved,2026-07-25 01:44:21.367755,,Loan Management System
APP00001687,CUST00002148,LN00002128,2017-03-13,4784341.0,Approved,2026-07-25 01:44:21.367755,,Loan Management System
APP00001688,CUST00004826,LN00000001,2022-05-03,275004.16,Approved,2026-07-25 01:44:21.367755,,Loan Management System
APP00001689,CUST00003056,LN00001600,2019-12-23,2084923.73,Approved,2026-07-25 01:44:21.367755,,Loan Management System
APP00001690,CUST00004462,,2022-06-01,831405.16,Rejected,2026-07-25 01:44:21.367755,,Loan Management System
APP00001691,CUST00004435,LN00000160,2019-12-12,8817723.37,Approved,2026-07-25 01:44:21.367755,,Loan Management System
APP00001692,CUST00004564,LN00001580,2021-02-22,631640.15,Approved,2026-07-25 01:44:21.367755,,Loan Management System
APP00001693,CUST00000267,LN00002320,2014-03-05,1577844.27,Approved,2026-07-25 01:44:21.367755,,Loan Management System
APP00001694,CUST00003939,,2011-10-07,277690.53,Pending,2026-07-25 01:44:21.367755,,Loan Management System
APP00001695,CUST00002688,LN00001466,2011-10-02,3001681.03,Approved,2026-07-25 01:44:21.367755,,Loan Management System
APP00001696,CUST00004661,,2016-12-11,7762666.79,Rejected,2026-07-25 01:44:21.368761,,Loan Management System
APP00001697,CUST00004381,,2013-10-22,602642.83,Rejected,2026-07-25 01:44:21.368761,,Loan Management System
APP00001698,CUST00001050,LN00001607,2025-02-22,14434286.28,Approved,2026-07-25 01:44:21.368761,,Loan Management System
APP00001699,CUST00001936,LN00000339,2013-12-06,8274060.67,Approved,2026-07-25 01:44:21.368761,,Loan Management System
APP00001700,CUST00004413,LN00000801,2018-12-27,3095840.02,Approved,2026-07-25 01:44:21.368761,,Loan Management System
APP00001701,CUST00002167,,2017-10-11,1344775.21,Cancelled,2026-07-25 01:44:21.368761,,Loan Management System
APP00001702,CUST00003931,LN00000938,2021-11-14,760667.58,Approved,2026-07-25 01:44:21.368761,,Loan Management System
APP00001703,CUST00001383,,2023-03-07,246860.4,Cancelled,2026-07-25 01:44:21.368761,,Loan Management System
APP00001704,CUST00004971,,2014-07-02,1989545.66,Rejected,2026-07-25 01:44:21.369771,,Loan Management System
APP00001705,CUST00000585,LN00001306,2017-02-18,2009649.69,Approved,2026-07-25 01:44:21.369771,,Loan Management System
APP00001706,CUST00001358,,2024-08-31,17260821.13,Rejected,2026-07-25 01:44:21.369771,,Loan Management System
APP00001707,CUST00000510,,2012-10-20,881186.05,Rejected,2026-07-25 01:44:21.369771,,Loan Management System
APP00001708,CUST00003938,LN00002004,2024-02-04,5099460.01,Approved,2026-07-25 01:44:21.369771,,Loan Management System
APP00001709,CUST00004834,LN00001464,2020-07-01,670323.59,Approved,2026-07-25 01:44:21.369771,,Loan Management System
APP00001710,CUST00003227,,2012-09-16,2456617.25,Cancelled,2026-07-25 01:44:21.370766,,Loan Management System
APP00001711,CUST00000054,LN00001826,2013-05-01,1925572.98,Approved,2026-07-25 01:44:21.370766,,Loan Management System
APP00001712,CUST00001252,LN00000684,2025-08-23,6101091.68,Approved,2026-07-25 01:44:21.370766,,Loan Management System
APP00001713,CUST00003442,LN00002414,2025-08-01,2387045.55,Approved,2026-07-25 01:44:21.370766,,Loan Management System
APP00001714,CUST00003861,LN00001387,2020-10-12,942348.56,Approved,2026-07-25 01:44:21.370766,,Loan Management System
APP00001715,CUST00001733,LN00000026,2014-10-16,808112.07,Approved,2026-07-25 01:44:21.370766,,Loan Management System
APP00001716,CUST00004307,,2024-12-27,1090164.62,Rejected,2026-07-25 01:44:21.370766,,Loan Management System
APP00001717,CUST00000272,LN00002394,2012-05-21,3294480.23,Approved,2026-07-25 01:44:21.370766,,Loan Management System
APP00001718,CUST00003350,,2020-03-06,1114666.09,Rejected,2026-07-25 01:44:21.370766,,Loan Management System
APP00001719,CUST00004209,LN00002077,2015-05-20,15672503.89,Approved,2026-07-25 01:44:21.370766,,Loan Management System
APP00001720,CUST00001727,LN00001142,2014-09-11,1325680.93,Approved,2026-07-25 01:44:21.370766,,Loan Management System
APP00001721,CUST00000749,,2023-09-08,790977.9,Cancelled,2026-07-25 01:44:21.371766,,Loan Management System
APP00001722,CUST00002313,LN00001425,2020-10-08,1216756.08,Approved,2026-07-25 01:44:21.371766,,Loan Management System
APP00001723,CUST00002466,LN00000517,2024-02-12,9220916.18,Approved,2026-07-25 01:44:21.371766,,Loan Management System
APP00001724,CUST00001673,,2018-10-08,3471523.67,Rejected,2026-07-25 01:44:21.371766,,Loan Management System
APP00001725,CUST00002794,LN00001228,2018-09-25,1143053.91,Approved,2026-07-25 01:44:21.371766,,Loan Management System
APP00001726,CUST00000870,LN00000112,2017-11-14,197269.14,Approved,2026-07-25 01:44:21.371766,,Loan Management System
APP00001727,CUST00000245,LN00001544,2020-01-02,1600026.5,Approved,2026-07-25 01:44:21.371766,,Loan Management System
APP00001728,CUST00004845,LN00000740,2019-12-12,2442573.04,Approved,2026-07-25 01:44:21.371766,,Loan Management System
APP00001729,CUST00001914,,2022-01-15,805256.89,Pending,2026-07-25 01:44:21.371766,,Loan Management System
APP00001730,CUST00004976,,2014-02-27,2362076.59,Rejected,2026-07-25 01:44:21.371766,,Loan Management System
APP00001731,CUST00003534,LN00001412,2021-06-14,740397.4,Approved,2026-07-25 01:44:21.371766,,Loan Management System
APP00001732,CUST00000908,,2012-12-25,202549.32,Pending,2026-07-25 01:44:21.372769,,Loan Management System
APP00001733,CUST00002480,,2016-10-31,631874.32,Rejected,2026-07-25 01:44:21.372769,,Loan Management System
APP00001734,CUST00001419,,2012-11-27,2059116.55,Pending,2026-07-25 01:44:21.372769,,Loan Management System
APP00001735,CUST00000155,LN00000439,2018-04-08,12256813.13,Approved,2026-07-25 01:44:21.372769,,Loan Management System
APP00001736,CUST00001368,LN00000612,2025-10-19,526417.7,Approved,2026-07-25 01:44:21.372769,,Loan Management System
APP00001737,CUST00001873,,2025-04-23,710200.91,Pending,2026-07-25 01:44:21.373775,,Loan Management System
APP00001738,CUST00002979,LN00001969,2020-12-22,663006.82,Approved,2026-07-25 01:44:21.373775,,Loan Management System
APP00001739,CUST00000347,LN00001878,2019-04-06,1128867.5,Approved,2026-07-25 01:44:21.373775,,Loan Management System
APP00001740,CUST00004130,LN00000219,2014-03-26,7973083.42,Approved,2026-07-25 01:44:21.373775,,Loan Management System
APP00001741,CUST00003235,,2018-03-17,4567131.1,Pending,2026-07-25 01:44:21.373775,,Loan Management System
APP00001742,CUST00002115,LN00001540,2018-01-21,4897127.36,Approved,2026-07-25 01:44:21.373775,,Loan Management System
APP00001743,CUST00000931,LN00002380,2016-03-15,122375.71,Approved,2026-07-25 01:44:21.373775,,Loan Management System
APP00001744,CUST00001035,LN00000231,2025-03-17,3288978.05,Approved,2026-07-25 01:44:21.373775,,Loan Management System
APP00001745,CUST00002481,,2023-06-13,251026.86,Pending,2026-07-25 01:44:21.373775,,Loan Management System
APP00001746,CUST00000112,LN00001535,2014-05-27,1850874.48,Approved,2026-07-25 01:44:21.373775,,Loan Management System
APP00001747,CUST00001665,LN00000420,2015-08-24,3697483.29,Approved,2026-07-25 01:44:21.373775,,Loan Management System
APP00001748,CUST00002581,LN00000831,2024-07-03,3785642.2,Approved,2026-07-25 01:44:21.373775,,Loan Management System
APP00001749,CUST00000466,LN00001049,2015-07-24,6566141.47,Approved,2026-07-25 01:44:21.373775,,Loan Management System
APP00001750,CUST00003115,,2013-01-10,76332.23,Pending,2026-07-25 01:44:21.374678,,Loan Management System
APP00001751,CUST00000616,LN00000913,2024-10-19,1493398.56,Approved,2026-07-25 01:44:21.374678,,Loan Management System
APP00001752,CUST00002078,LN00001273,2021-03-18,219492.7,Approved,2026-07-25 01:44:21.374678,,Loan Management System
APP00001753,CUST00004296,,2019-04-11,474766.54,Rejected,2026-07-25 01:44:21.374678,,Loan Management System
APP00001754,CUST00003491,LN00000925,2013-09-13,587349.14,Approved,2026-07-25 01:44:21.374678,,Loan Management System
APP00001755,CUST00000783,LN00001507,2018-12-09,1738839.73,Approved,2026-07-25 01:44:21.374678,,Loan Management System
APP00001756,CUST00004503,LN00000245,2024-06-08,1700038.08,Approved,2026-07-25 01:44:21.374678,,Loan Management System
APP00001757,CUST00003318,LN00001854,2018-09-23,17826916.88,Approved,2026-07-25 01:44:21.374678,,Loan Management System
APP00001758,CUST00001586,LN00000534,2013-12-17,1361398.56,Approved,2026-07-25 01:44:21.374678,,Loan Management System
APP00001759,CUST00001536,LN00000670,2020-11-08,2606728.71,Approved,2026-07-25 01:44:21.374678,,Loan Management System
APP00001760,CUST00004829,LN00000401,2019-07-04,2540251.66,Approved,2026-07-25 01:44:21.374678,,Loan Management System
APP00001761,CUST00004527,LN00002082,2025-02-24,5100332.36,Approved,2026-07-25 01:44:21.374678,,Loan Management System
APP00001762,CUST00004236,LN00000525,2012-09-04,162843.0,Approved,2026-07-25 01:44:21.374678,,Loan Management System
APP00001763,CUST00002340,,2014-05-08,19709254.29,Pending,2026-07-25 01:44:21.374678,,Loan Management System
APP00001764,CUST00004117,LN00000413,2012-09-05,2246434.46,Approved,2026-07-25 01:44:21.375759,,Loan Management System
APP00001765,CUST00001837,LN00001979,2022-09-04,580643.45,Approved,2026-07-25 01:44:21.375759,,Loan Management System
APP00001766,CUST00003121,LN00001635,2013-01-23,966025.97,Approved,2026-07-25 01:44:21.375759,,Loan Management System
APP00001767,CUST00001692,LN00001331,2020-10-05,1309058.7,Approved,2026-07-25 01:44:21.375759,,Loan Management System
APP00001768,CUST00001359,LN00000767,2019-05-15,920097.7,Approved,2026-07-25 01:44:21.375759,,Loan Management System
APP00001769,CUST00003553,LN00002100,2022-04-30,3144535.23,Approved,2026-07-25 01:44:21.375759,,Loan Management System
APP00001770,CUST00000494,LN00002030,2022-10-03,8913473.4,Approved,2026-07-25 01:44:21.375759,,Loan Management System
APP00001771,CUST00004218,LN00001496,2020-08-18,179034.46,Approved,2026-07-25 01:44:21.375759,,Loan Management System
APP00001772,CUST00003542,,2024-04-25,789199.28,Rejected,2026-07-25 01:44:21.375759,,Loan Management System
APP00001773,CUST00002436,LN00000016,2018-08-22,8467635.71,Approved,2026-07-25 01:44:21.375759,,Loan Management System
APP00001774,CUST00002810,,2024-01-12,1064546.74,Rejected,2026-07-25 01:44:21.375759,,Loan Management System
APP00001775,CUST00001484,,2013-07-27,13606213.08,Pending,2026-07-25 01:44:21.375759,,Loan Management System
APP00001776,CUST00003135,,2024-09-07,853806.14,Rejected,2026-07-25 01:44:21.376754,,Loan Management System
APP00001777,CUST00001903,LN00001436,2025-12-17,1405590.01,Approved,2026-07-25 01:44:21.376754,,Loan Management System
APP00001778,CUST00001352,LN00001753,2013-03-06,10254680.01,Approved,2026-07-25 01:44:21.376754,,Loan Management System
APP00001779,CUST00000647,LN00000436,2016-11-07,804461.12,Approved,2026-07-25 01:44:21.376754,,Loan Management System
APP00001780,CUST00002859,LN00002416,2013-01-08,373020.69,Approved,2026-07-25 01:44:21.376754,,Loan Management System
APP00001781,CUST00003888,LN00002401,2023-08-19,1121371.56,Approved,2026-07-25 01:44:21.376754,,Loan Management System
APP00001782,CUST00000748,LN00001605,2015-04-29,4484412.68,Approved,2026-07-25 01:44:21.376754,,Loan Management System
APP00001783,CUST00000033,LN00001917,2012-11-30,1127936.44,Approved,2026-07-25 01:44:21.376754,,Loan Management System
APP00001784,CUST00000252,,2023-09-06,660254.1,Pending,2026-07-25 01:44:21.376754,,Loan Management System
APP00001785,CUST00001274,LN00000166,2014-02-21,1258976.95,Approved,2026-07-25 01:44:21.376754,,Loan Management System
APP00001786,CUST00001231,LN00000716,2024-05-03,723738.62,Approved,2026-07-25 01:44:21.376754,,Loan Management System
APP00001787,CUST00002975,LN00001500,2015-05-29,1218689.3,Approved,2026-07-25 01:44:21.376754,,Loan Management System
APP00001788,CUST00003303,LN00001007,2019-10-02,677513.63,Approved,2026-07-25 01:44:21.376754,,Loan Management System
APP00001789,CUST00003827,,2019-04-22,4488001.09,Rejected,2026-07-25 01:44:21.377762,,Loan Management System
APP00001790,CUST00003823,LN00000471,2025-04-07,3245693.55,Approved,2026-07-25 01:44:21.377762,,Loan Management System
APP00001791,CUST00004559,LN00002166,2021-01-27,1066107.55,Approved,2026-07-25 01:44:21.377762,,Loan Management System
APP00001792,CUST00000675,LN00002486,2022-03-01,3717320.93,Approved,2026-07-25 01:44:21.377762,,Loan Management System
APP00001793,CUST00004125,,2020-01-23,561854.82,Pending,2026-07-25 01:44:21.377762,,Loan Management System
APP00001794,CUST00004899,LN00001588,2022-09-29,1057233.88,Approved,2026-07-25 01:44:21.377762,,Loan Management System
APP00001795,CUST00001960,,2014-05-26,980649.3,Pending,2026-07-25 01:44:21.377762,,Loan Management System
APP00001796,CUST00000844,LN00001657,2024-03-11,2593570.09,Approved,2026-07-25 01:44:21.377762,,Loan Management System
APP00001797,CUST00002161,LN00001220,2015-12-08,1711586.62,Approved,2026-07-25 01:44:21.377762,,Loan Management System
APP00001798,CUST00003476,,2015-11-26,1424445.81,Pending,2026-07-25 01:44:21.377762,,Loan Management System
APP00001799,CUST00004722,LN00001238,2012-06-07,482329.76,Approved,2026-07-25 01:44:21.377762,,Loan Management System
APP00001800,CUST00002084,LN00000850,2024-01-16,3159746.34,Approved,2026-07-25 01:44:21.378763,,Loan Management System
APP00001801,CUST00001398,,2023-01-11,1861980.47,Pending,2026-07-25 01:44:21.378763,,Loan Management System
APP00001802,CUST00003235,LN00002280,2016-09-13,1339659.41,Approved,2026-07-25 01:44:21.378763,,Loan Management System
APP00001803,CUST00003743,LN00002498,2021-03-02,4345286.26,Approved,2026-07-25 01:44:21.378763,,Loan Management System
APP00001804,CUST00003699,LN00001759,2012-07-23,416143.38,Approved,2026-07-25 01:44:21.378763,,Loan Management System
APP00001805,CUST00000611,LN00001045,2011-07-26,2346569.92,Approved,2026-07-25 01:44:21.378763,,Loan Management System
APP00001806,CUST00004062,,2012-04-23,1919428.25,Cancelled,2026-07-25 01:44:21.378763,,Loan Management System
APP00001807,CUST00003723,,2026-03-03,17073809.05,Rejected,2026-07-25 01:44:21.378763,,Loan Management System
APP00001808,CUST00001621,,2026-03-30,1912827.37,Rejected,2026-07-25 01:44:21.379759,,Loan Management System
APP00001809,CUST00004873,LN00001333,2018-06-05,4990400.24,Approved,2026-07-25 01:44:21.379759,,Loan Management System
APP00001810,CUST00004397,LN00001199,2020-11-05,628234.34,Approved,2026-07-25 01:44:21.379759,,Loan Management System
APP00001811,CUST00004796,,2012-05-05,2649045.2,Cancelled,2026-07-25 01:44:21.379759,,Loan Management System
APP00001812,CUST00001712,,2019-08-03,2286921.31,Rejected,2026-07-25 01:44:21.379759,,Loan Management System
APP00001813,CUST00000036,LN00001971,2025-05-31,1617251.0,Approved,2026-07-25 01:44:21.379759,,Loan Management System
APP00001814,CUST00000336,,2018-01-28,1913562.8,Pending,2026-07-25 01:44:21.379759,,Loan Management System
APP00001815,CUST00003378,LN00002244,2021-10-22,1606487.3,Approved,2026-07-25 01:44:21.379759,,Loan Management System
APP00001816,CUST00001756,LN00000655,2022-01-18,6149309.27,Approved,2026-07-25 01:44:21.379759,,Loan Management System
APP00001817,CUST00002378,LN00001026,2022-10-08,17256636.01,Approved,2026-07-25 01:44:21.379759,,Loan Management System
APP00001818,CUST00003080,,2020-12-19,1819294.08,Rejected,2026-07-25 01:44:21.380764,,Loan Management System
APP00001819,CUST00004119,LN00000282,2015-04-04,3784042.96,Approved,2026-07-25 01:44:21.380764,,Loan Management System
APP00001820,CUST00004947,LN00002470,2016-07-28,2908503.63,Approved,2026-07-25 01:44:21.380764,,Loan Management System
APP00001821,CUST00002442,,2017-01-13,2096009.52,Pending,2026-07-25 01:44:21.380764,,Loan Management System
APP00001822,CUST00000822,LN00002213,2024-12-06,8217615.2,Approved,2026-07-25 01:44:21.380764,,Loan Management System
APP00001823,CUST00001686,LN00000449,2019-04-20,16051953.11,Approved,2026-07-25 01:44:21.380764,,Loan Management System
APP00001824,CUST00001541,LN00001182,2016-09-03,1856452.38,Approved,2026-07-25 01:44:21.380764,,Loan Management System
APP00001825,CUST00002047,LN00000087,2013-03-10,2944230.14,Approved,2026-07-25 01:44:21.380764,,Loan Management System
APP00001826,CUST00000860,LN00002197,2012-05-19,3088505.76,Approved,2026-07-25 01:44:21.380764,,Loan Management System
APP00001827,CUST00004113,,2021-04-14,1932079.14,Rejected,2026-07-25 01:44:21.380764,,Loan Management System
APP00001828,CUST00002935,LN00002021,2014-02-22,2413120.6,Approved,2026-07-25 01:44:21.380764,,Loan Management System
APP00001829,CUST00002790,LN00001246,2016-05-02,6184021.14,Approved,2026-07-25 01:44:21.380764,,Loan Management System
APP00001830,CUST00003551,LN00000050,2013-04-09,1033349.79,Approved,2026-07-25 01:44:21.380764,,Loan Management System
APP00001831,CUST00001315,,2023-01-06,9188089.65,Rejected,2026-07-25 01:44:21.381761,,Loan Management System
APP00001832,CUST00002667,,2012-06-16,216958.12,Pending,2026-07-25 01:44:21.381761,,Loan Management System
APP00001833,CUST00002963,LN00001143,2012-04-25,8724237.19,Approved,2026-07-25 01:44:21.381761,,Loan Management System
APP00001834,CUST00004101,LN00001723,2013-10-04,1091745.57,Approved,2026-07-25 01:44:21.381761,,Loan Management System
APP00001835,CUST00003057,LN00002298,2023-06-28,294712.73,Approved,2026-07-25 01:44:21.381761,,Loan Management System
APP00001836,CUST00002098,LN00000466,2025-08-02,96543.54,Approved,2026-07-25 01:44:21.381761,,Loan Management System
APP00001837,CUST00001124,LN00002400,2013-04-01,6769972.98,Approved,2026-07-25 01:44:21.381761,,Loan Management System
APP00001838,CUST00000729,LN00000237,2012-10-01,2123874.18,Approved,2026-07-25 01:44:21.381761,,Loan Management System
APP00001839,CUST00003868,LN00000326,2013-03-13,1908148.74,Approved,2026-07-25 01:44:21.381761,,Loan Management System
APP00001840,CUST00003585,,2026-04-18,1786717.98,Pending,2026-07-25 01:44:21.381761,,Loan Management System
APP00001841,CUST00004984,,2016-05-13,3722711.53,Rejected,2026-07-25 01:44:21.382765,,Loan Management System
APP00001842,CUST00002032,LN00000919,2014-11-13,761372.91,Approved,2026-07-25 01:44:21.382765,,Loan Management System
APP00001843,CUST00000226,LN00002404,2025-12-16,668407.94,Approved,2026-07-25 01:44:21.382765,,Loan Management System
APP00001844,CUST00001177,LN00002114,2012-11-30,17674215.08,Approved,2026-07-25 01:44:21.382765,,Loan Management System
APP00001845,CUST00004776,LN00002310,2017-09-15,447811.63,Approved,2026-07-25 01:44:21.382765,,Loan Management System
APP00001846,CUST00003295,LN00000318,2018-07-05,2533448.37,Approved,2026-07-25 01:44:21.382765,,Loan Management System
APP00001847,CUST00004247,LN00001234,2015-11-30,2043772.38,Approved,2026-07-25 01:44:21.382765,,Loan Management System
APP00001848,CUST00004309,,2017-11-02,14286086.36,Rejected,2026-07-25 01:44:21.382765,,Loan Management System
APP00001849,CUST00002166,LN00002201,2012-10-01,376869.79,Approved,2026-07-25 01:44:21.382765,,Loan Management System
APP00001850,CUST00002654,LN00001075,2020-11-20,741393.08,Approved,2026-07-25 01:44:21.382765,,Loan Management System
APP00001851,CUST00002116,LN00000128,2016-11-28,2967622.84,Approved,2026-07-25 01:44:21.382765,,Loan Management System
APP00001852,CUST00003269,,2024-11-27,9265629.82,Rejected,2026-07-25 01:44:21.382765,,Loan Management System
APP00001853,CUST00001776,LN00002106,2016-12-30,19208868.38,Approved,2026-07-25 01:44:21.382765,,Loan Management System
APP00001854,CUST00004900,LN00000821,2018-06-29,1352015.9,Approved,2026-07-25 01:44:21.383768,,Loan Management System
APP00001855,CUST00000158,LN00002111,2025-08-11,669436.19,Approved,2026-07-25 01:44:21.383768,,Loan Management System
APP00001856,CUST00003289,LN00002010,2017-04-26,2086176.58,Approved,2026-07-25 01:44:21.383768,,Loan Management System
APP00001857,CUST00000320,LN00000704,2024-01-04,3806210.97,Approved,2026-07-25 01:44:21.383768,,Loan Management System
APP00001858,CUST00002873,LN00000846,2025-10-08,5703326.55,Approved,2026-07-25 01:44:21.383768,,Loan Management System
APP00001859,CUST00004858,,2019-12-15,2692696.66,Rejected,2026-07-25 01:44:21.383768,,Loan Management System
APP00001860,CUST00003118,LN00001325,2026-03-01,1928199.86,Approved,2026-07-25 01:44:21.383768,,Loan Management System
APP00001861,CUST00004214,,2024-01-09,360936.36,Rejected,2026-07-25 01:44:21.383768,,Loan Management System
APP00001862,CUST00003794,,2020-11-10,499539.69,Rejected,2026-07-25 01:44:21.383768,,Loan Management System
APP00001863,CUST00000116,LN00000693,2022-08-05,6307629.92,Approved,2026-07-25 01:44:21.383768,,Loan Management System
APP00001864,CUST00001320,LN00000732,2019-03-09,16178538.02,Approved,2026-07-25 01:44:21.383768,,Loan Management System
APP00001865,CUST00001469,LN00001928,2021-05-16,19432147.14,Approved,2026-07-25 01:44:21.383768,,Loan Management System
APP00001866,CUST00001626,LN00000189,2016-01-14,4170877.27,Approved,2026-07-25 01:44:21.384765,,Loan Management System
APP00001867,CUST00000554,,2011-12-20,2007465.72,Rejected,2026-07-25 01:44:21.384765,,Loan Management System
APP00001868,CUST00001102,LN00001390,2014-09-12,2085223.05,Approved,2026-07-25 01:44:21.384765,,Loan Management System
APP00001869,CUST00000134,,2020-10-10,5745604.73,Rejected,2026-07-25 01:44:21.384765,,Loan Management System
APP00001870,CUST00001777,,2017-06-15,801636.61,Rejected,2026-07-25 01:44:21.384765,,Loan Management System
APP00001871,CUST00001763,LN00001752,2017-09-23,12828682.83,Approved,2026-07-25 01:44:21.384765,,Loan Management System
APP00001872,CUST00003070,,2025-11-04,3037726.63,Rejected,2026-07-25 01:44:21.385759,,Loan Management System
APP00001873,CUST00002226,,2023-05-12,1334875.41,Cancelled,2026-07-25 01:44:21.385759,,Loan Management System
APP00001874,CUST00002258,LN00001071,2022-09-09,872470.7,Approved,2026-07-25 01:44:21.385759,,Loan Management System
APP00001875,CUST00002590,,2017-04-05,3568147.43,Cancelled,2026-07-25 01:44:21.385759,,Loan Management System
APP00001876,CUST00000721,,2011-08-03,727306.21,Pending,2026-07-25 01:44:21.385759,,Loan Management System
APP00001877,CUST00003818,,2024-06-21,1270134.97,Pending,2026-07-25 01:44:21.386764,,Loan Management System
APP00001878,CUST00003903,,2022-09-29,828014.2,Pending,2026-07-25 01:44:21.386764,,Loan Management System
APP00001879,CUST00003817,,2017-12-18,2852297.71,Rejected,2026-07-25 01:44:21.386764,,Loan Management System
APP00001880,CUST00000282,LN00000210,2016-07-20,764805.97,Approved,2026-07-25 01:44:21.386764,,Loan Management System
APP00001881,CUST00001644,LN00000311,2014-08-30,3507081.02,Approved,2026-07-25 01:44:21.386764,,Loan Management System
APP00001882,CUST00004108,LN00000287,2012-06-12,1344490.23,Approved,2026-07-25 01:44:21.386764,,Loan Management System
APP00001883,CUST00000925,,2020-07-29,2183548.09,Rejected,2026-07-25 01:44:21.386764,,Loan Management System
APP00001884,CUST00001422,,2015-08-12,338506.97,Rejected,2026-07-25 01:44:21.387761,,Loan Management System
APP00001885,CUST00002916,LN00000140,2018-03-29,3282211.09,Approved,2026-07-25 01:44:21.387761,,Loan Management System
APP00001886,CUST00000465,LN00002022,2014-03-17,1393405.83,Approved,2026-07-25 01:44:21.387761,,Loan Management System
APP00001887,CUST00002828,LN00001018,2012-11-18,1166233.25,Approved,2026-07-25 01:44:21.387761,,Loan Management System
APP00001888,CUST00000293,LN00000271,2019-02-12,684133.86,Approved,2026-07-25 01:44:21.387761,,Loan Management System
APP00001889,CUST00004331,LN00002151,2015-10-28,2163293.92,Approved,2026-07-25 01:44:21.387761,,Loan Management System
APP00001890,CUST00002799,LN00001048,2012-11-15,6005484.03,Approved,2026-07-25 01:44:21.387761,,Loan Management System
APP00001891,CUST00001214,LN00001730,2020-08-05,593940.62,Approved,2026-07-25 01:44:21.387761,,Loan Management System
APP00001892,CUST00001296,,2015-07-02,329067.94,Pending,2026-07-25 01:44:21.387761,,Loan Management System
APP00001893,CUST00002785,,2025-12-11,1524280.4,Rejected,2026-07-25 01:44:21.387761,,Loan Management System
APP00001894,CUST00000621,,2020-05-27,3438020.84,Rejected,2026-07-25 01:44:21.388762,,Loan Management System
APP00001895,CUST00001791,LN00002136,2013-06-11,1017494.7,Approved,2026-07-25 01:44:21.388762,,Loan Management System
APP00001896,CUST00001438,LN00001159,2025-04-17,4049830.48,Approved,2026-07-25 01:44:21.388762,,Loan Management System
APP00001897,CUST00000528,LN00001952,2022-09-07,623539.97,Approved,2026-07-25 01:44:21.388762,,Loan Management System
APP00001898,CUST00004578,,2024-04-14,1996913.84,Pending,2026-07-25 01:44:21.388762,,Loan Management System
APP00001899,CUST00003866,LN00002198,2017-09-09,7459668.84,Approved,2026-07-25 01:44:21.388762,,Loan Management System
APP00001900,CUST00002677,,2021-06-10,1115338.38,Rejected,2026-07-25 01:44:21.388762,,Loan Management System
APP00001901,CUST00001132,LN00000071,2021-12-09,9140264.7,Approved,2026-07-25 01:44:21.388762,,Loan Management System
APP00001902,CUST00003650,LN00001393,2024-03-24,648994.71,Approved,2026-07-25 01:44:21.388762,,Loan Management System
APP00001903,CUST00001406,LN00002284,2018-02-06,3002928.68,Approved,2026-07-25 01:44:21.388762,,Loan Management System
APP00001904,CUST00004868,,2022-05-27,117666.73,Cancelled,2026-07-25 01:44:21.388762,,Loan Management System
APP00001905,CUST00002562,LN00000811,2013-11-07,4290529.49,Approved,2026-07-25 01:44:21.388762,,Loan Management System
APP00001906,CUST00000193,,2012-10-31,16285238.8,Rejected,2026-07-25 01:44:21.389763,,Loan Management System
APP00001907,CUST00003279,,2021-08-18,1363236.3,Rejected,2026-07-25 01:44:21.389763,,Loan Management System
APP00001908,CUST00003362,LN00000664,2022-11-21,2656236.27,Approved,2026-07-25 01:44:21.389763,,Loan Management System
APP00001909,CUST00000770,LN00001431,2023-04-12,200855.04,Approved,2026-07-25 01:44:21.389763,,Loan Management System
APP00001910,CUST00004058,,2018-12-17,363771.13,Pending,2026-07-25 01:44:21.389763,,Loan Management System
APP00001911,CUST00004462,,2022-10-31,1048628.18,Rejected,2026-07-25 01:44:21.390676,,Loan Management System
APP00001912,CUST00003655,,2013-10-14,2210667.11,Rejected,2026-07-25 01:44:21.390676,,Loan Management System
APP00001913,CUST00004226,LN00000053,2013-02-07,1127825.92,Approved,2026-07-25 01:44:21.390676,,Loan Management System
APP00001914,CUST00000587,LN00001127,2023-05-03,623820.42,Approved,2026-07-25 01:44:21.390676,,Loan Management System
APP00001915,CUST00004989,LN00001629,2018-12-18,1619493.65,Approved,2026-07-25 01:44:21.390676,,Loan Management System
APP00001916,CUST00003621,LN00000646,2024-02-07,15546786.88,Approved,2026-07-25 01:44:21.390676,,Loan Management System
APP00001917,CUST00001061,LN00001571,2025-11-17,8378976.47,Approved,2026-07-25 01:44:21.390676,,Loan Management System
APP00001918,CUST00000087,LN00002059,2016-08-08,11979604.59,Approved,2026-07-25 01:44:21.391709,,Loan Management System
APP00001919,CUST00000239,,2016-12-21,4170014.78,Rejected,2026-07-25 01:44:21.391709,,Loan Management System
APP00001920,CUST00004611,LN00002499,2018-08-07,7490714.75,Approved,2026-07-25 01:44:21.391709,,Loan Management System
APP00001921,CUST00000669,,2016-03-09,700936.04,Rejected,2026-07-25 01:44:21.391709,,Loan Management System
APP00001922,CUST00001316,LN00001616,2023-09-20,2898708.72,Approved,2026-07-25 01:44:21.391709,,Loan Management System
APP00001923,CUST00004239,LN00002437,2022-06-21,10853847.49,Approved,2026-07-25 01:44:21.391709,,Loan Management System
APP00001924,CUST00003530,,2015-01-04,509153.95,Pending,2026-07-25 01:44:21.392762,,Loan Management System
APP00001925,CUST00001397,,2013-11-16,15747851.71,Pending,2026-07-25 01:44:21.392762,,Loan Management System
APP00001926,CUST00004425,LN00002392,2026-05-26,1121187.75,Approved,2026-07-25 01:44:21.392762,,Loan Management System
APP00001927,CUST00001494,LN00001775,2024-10-21,297208.02,Approved,2026-07-25 01:44:21.392762,,Loan Management System
APP00001928,CUST00002832,,2014-03-16,1855256.55,Rejected,2026-07-25 01:44:21.393679,,Loan Management System
APP00001929,CUST00004256,,2013-05-11,1071504.72,Rejected,2026-07-25 01:44:21.393679,,Loan Management System
APP00001930,CUST00002799,LN00000035,2016-03-03,343896.47,Approved,2026-07-25 01:44:21.393679,,Loan Management System
APP00001931,CUST00002010,,2019-03-18,194608.04,Rejected,2026-07-25 01:44:21.393679,,Loan Management System
APP00001932,CUST00002212,LN00000662,2020-02-24,3986346.0,Approved,2026-07-25 01:44:21.393679,,Loan Management System
APP00001933,CUST00002780,LN00001812,2017-07-28,2178869.11,Approved,2026-07-25 01:44:21.393679,,Loan Management System
APP00001934,CUST00002348,LN00001202,2011-07-19,6704497.69,Approved,2026-07-25 01:44:21.394754,,Loan Management System
APP00001935,CUST00001502,LN00000334,2015-08-28,2401419.05,Approved,2026-07-25 01:44:21.394754,,Loan Management System
APP00001936,CUST00004756,LN00000584,2026-02-24,2740036.45,Approved,2026-07-25 01:44:21.394754,,Loan Management System
APP00001937,CUST00002736,LN00002262,2013-02-06,565297.17,Approved,2026-07-25 01:44:21.394754,,Loan Management System
APP00001938,CUST00001763,,2024-08-31,4816938.75,Rejected,2026-07-25 01:44:21.394754,,Loan Management System
APP00001939,CUST00000471,,2015-02-04,1236257.38,Pending,2026-07-25 01:44:21.394754,,Loan Management System
APP00001940,CUST00003384,,2019-04-02,2333017.69,Pending,2026-07-25 01:44:21.395676,,Loan Management System
APP00001941,CUST00002212,LN00001406,2025-06-07,1923563.0,Approved,2026-07-25 01:44:21.395676,,Loan Management System
APP00001942,CUST00004082,LN00001417,2014-01-15,6844852.45,Approved,2026-07-25 01:44:21.395676,,Loan Management System
APP00001943,CUST00003649,LN00001315,2020-10-27,1667982.72,Approved,2026-07-25 01:44:21.395676,,Loan Management System
APP00001944,CUST00004018,LN00002344,2025-07-25,2438576.09,Approved,2026-07-25 01:44:21.395676,,Loan Management System
APP00001945,CUST00000988,,2013-02-05,5192921.61,Rejected,2026-07-25 01:44:21.395676,,Loan Management System
APP00001946,CUST00001993,LN00000561,2025-03-24,8937693.97,Approved,2026-07-25 01:44:21.395676,,Loan Management System
APP00001947,CUST00000922,LN00000221,2024-09-20,2229465.57,Approved,2026-07-25 01:44:21.395676,,Loan Management System
APP00001948,CUST00001394,LN00001308,2023-05-10,5443054.76,Approved,2026-07-25 01:44:21.395676,,Loan Management System
APP00001949,CUST00002672,LN00001889,2024-06-26,558183.62,Approved,2026-07-25 01:44:21.395676,,Loan Management System
APP00001950,CUST00003765,LN00001217,2012-08-29,2731058.9,Approved,2026-07-25 01:44:21.395676,,Loan Management System
APP00001951,CUST00000361,LN00000322,2012-05-26,1196177.27,Approved,2026-07-25 01:44:21.395676,,Loan Management System
APP00001952,CUST00003759,LN00001138,2019-06-02,2139232.4,Approved,2026-07-25 01:44:21.395676,,Loan Management System
APP00001953,CUST00000208,,2013-02-10,17641866.38,Rejected,2026-07-25 01:44:21.395676,,Loan Management System
APP00001954,CUST00002594,LN00000783,2014-03-04,228696.39,Approved,2026-07-25 01:44:21.395676,,Loan Management System
APP00001955,CUST00002490,,2017-08-12,1846452.91,Rejected,2026-07-25 01:44:21.396792,,Loan Management System
APP00001956,CUST00000493,LN00001764,2025-12-04,1162059.97,Approved,2026-07-25 01:44:21.396792,,Loan Management System
APP00001957,CUST00001368,LN00000303,2021-04-01,1682828.15,Approved,2026-07-25 01:44:21.396792,,Loan Management System
APP00001958,CUST00001403,LN00001547,2015-05-10,2401338.12,Approved,2026-07-25 01:44:21.396792,,Loan Management System
APP00001959,CUST00001571,,2023-01-30,1606169.38,Rejected,2026-07-25 01:44:21.396792,,Loan Management System
APP00001960,CUST00003383,LN00000755,2025-02-27,2961577.72,Approved,2026-07-25 01:44:21.396792,,Loan Management System
APP00001961,CUST00004475,LN00000162,2024-04-27,235805.33,Approved,2026-07-25 01:44:21.396792,,Loan Management System
APP00001962,CUST00000745,LN00000864,2022-12-28,10600309.8,Approved,2026-07-25 01:44:21.396792,,Loan Management System
APP00001963,CUST00000861,LN00000060,2012-02-22,1047200.33,Approved,2026-07-25 01:44:21.396792,,Loan Management System
APP00001964,CUST00001198,LN00002167,2024-06-05,2451158.15,Approved,2026-07-25 01:44:21.396792,,Loan Management System
APP00001965,CUST00000388,LN00000607,2017-06-26,1431483.34,Approved,2026-07-25 01:44:21.396792,,Loan Management System
APP00001966,CUST00002796,LN00001926,2021-01-02,15913817.9,Approved,2026-07-25 01:44:21.396792,,Loan Management System
APP00001967,CUST00001604,LN00000419,2021-03-27,19563616.48,Approved,2026-07-25 01:44:21.396792,,Loan Management System
APP00001968,CUST00003495,LN00000535,2018-10-09,622154.51,Approved,2026-07-25 01:44:21.396792,,Loan Management System
APP00001969,CUST00001899,,2013-03-04,1765840.87,Rejected,2026-07-25 01:44:21.397756,,Loan Management System
APP00001970,CUST00002363,LN00000611,2023-01-27,809007.24,Approved,2026-07-25 01:44:21.397756,,Loan Management System
APP00001971,CUST00003722,,2013-04-18,808417.71,Rejected,2026-07-25 01:44:21.397756,,Loan Management System
APP00001972,CUST00000833,LN00000023,2021-09-02,896200.15,Approved,2026-07-25 01:44:21.397756,,Loan Management System
APP00001973,CUST00002181,,2013-08-17,1343736.45,Rejected,2026-07-25 01:44:21.397756,,Loan Management System
APP00001974,CUST00001610,LN00000867,2023-09-19,3365711.26,Approved,2026-07-25 01:44:21.397756,,Loan Management System
APP00001975,CUST00002864,LN00002157,2024-04-28,221735.14,Approved,2026-07-25 01:44:21.397756,,Loan Management System
APP00001976,CUST00002419,LN00000509,2012-03-15,1042645.27,Approved,2026-07-25 01:44:21.397756,,Loan Management System
APP00001977,CUST00002867,LN00001950,2015-01-19,1543836.83,Approved,2026-07-25 01:44:21.397756,,Loan Management System
APP00001978,CUST00004092,LN00002269,2025-12-07,623449.41,Approved,2026-07-25 01:44:21.397756,,Loan Management System
APP00001979,CUST00000462,LN00001073,2017-10-11,4139171.38,Approved,2026-07-25 01:44:21.397756,,Loan Management System
APP00001980,CUST00001681,LN00000400,2021-06-06,550764.23,Approved,2026-07-25 01:44:21.397756,,Loan Management System
APP00001981,CUST00003136,LN00002222,2021-09-16,1636549.02,Approved,2026-07-25 01:44:21.397756,,Loan Management System
APP00001982,CUST00001942,,2021-06-20,951628.58,Rejected,2026-07-25 01:44:21.398786,,Loan Management System
APP00001983,CUST00003946,LN00002324,2024-12-15,949419.0,Approved,2026-07-25 01:44:21.398786,,Loan Management System
APP00001984,CUST00002541,,2015-12-19,1464374.99,Rejected,2026-07-25 01:44:21.398786,,Loan Management System
APP00001985,CUST00002786,LN00000247,2013-08-05,1181030.65,Approved,2026-07-25 01:44:21.398786,,Loan Management System
APP00001986,CUST00000962,LN00002101,2018-07-03,456523.08,Approved,2026-07-25 01:44:21.398786,,Loan Management System
APP00001987,CUST00001849,LN00001224,2021-06-11,2042651.88,Approved,2026-07-25 01:44:21.398786,,Loan Management System
APP00001988,CUST00000809,LN00002054,2018-03-06,991859.97,Approved,2026-07-25 01:44:21.398786,,Loan Management System
APP00001989,CUST00004675,,2022-07-21,111980.83,Rejected,2026-07-25 01:44:21.398786,,Loan Management System
APP00001990,CUST00000432,LN00000410,2014-09-02,3852696.6,Approved,2026-07-25 01:44:21.398786,,Loan Management System
APP00001991,CUST00001796,LN00001930,2020-12-24,2340550.25,Approved,2026-07-25 01:44:21.398786,,Loan Management System
APP00001992,CUST00003582,LN00001239,2014-03-29,7694925.07,Approved,2026-07-25 01:44:21.398786,,Loan Management System
APP00001993,CUST00003635,LN00000644,2023-03-04,786155.2,Approved,2026-07-25 01:44:21.399787,,Loan Management System
APP00001994,CUST00000675,LN00000993,2025-07-10,2326394.76,Approved,2026-07-25 01:44:21.399787,,Loan Management System
APP00001995,CUST00000019,,2012-04-15,914289.21,Rejected,2026-07-25 01:44:21.399787,,Loan Management System
APP00001996,CUST00001956,LN00000656,2016-11-08,3468332.5,Approved,2026-07-25 01:44:21.399787,,Loan Management System
APP00001997,CUST00003323,LN00002173,2022-03-19,4299986.33,Approved,2026-07-25 01:44:21.399787,,Loan Management System
APP00001998,CUST00000743,,2014-06-02,232177.2,Pending,2026-07-25 01:44:21.399787,,Loan Management System
APP00001999,CUST00003876,,2021-04-28,9522689.74,Rejected,2026-07-25 01:44:21.400680,,Loan Management System
APP00002000,CUST00003749,LN00000300,2020-09-05,7344212.27,Approved,2026-07-25 01:44:21.400680,,Loan Management System
APP00002001,CUST00004202,,2025-07-16,13423552.46,Rejected,2026-07-25 01:44:21.400680,,Loan Management System
APP00002002,CUST00001005,,2023-11-20,946911.46,Rejected,2026-07-25 01:44:21.400680,,Loan Management System
APP00002003,CUST00004841,LN00001904,2013-02-13,9385130.67,Approved,2026-07-25 01:44:21.400680,,Loan Management System
APP00002004,CUST00001284,LN00000989,2013-04-27,11040559.78,Approved,2026-07-25 01:44:21.400680,,Loan Management System
APP00002005,CUST00003534,LN00002425,2019-12-09,352106.25,Approved,2026-07-25 01:44:21.400680,,Loan Management System
APP00002006,CUST00001857,LN00000730,2024-07-27,2087171.1,Approved,2026-07-25 01:44:21.400680,,Loan Management System
APP00002007,CUST00004331,LN00000671,2013-09-01,76350.65,Approved,2026-07-25 01:44:21.400680,,Loan Management System
APP00002008,CUST00000020,LN00000007,2015-03-27,12240329.63,Approved,2026-07-25 01:44:21.400680,,Loan Management System
APP00002009,CUST00000705,,2017-08-01,1263898.93,Cancelled,2026-07-25 01:44:21.400680,,Loan Management System
APP00002010,CUST00001590,LN00002448,2013-10-23,4941794.79,Approved,2026-07-25 01:44:21.400680,,Loan Management System
APP00002011,CUST00004727,LN00000458,2013-09-12,164610.04,Approved,2026-07-25 01:44:21.400680,,Loan Management System
APP00002012,CUST00001948,LN00000506,2018-09-03,3399009.75,Approved,2026-07-25 01:44:21.401752,,Loan Management System
APP00002013,CUST00004961,LN00000971,2025-01-04,18003945.03,Approved,2026-07-25 01:44:21.401752,,Loan Management System
APP00002014,CUST00003671,LN00002460,2014-01-20,6618038.86,Approved,2026-07-25 01:44:21.401752,,Loan Management System
APP00002015,CUST00003353,LN00000746,2011-07-12,1089350.37,Approved,2026-07-25 01:44:21.401752,,Loan Management System
APP00002016,CUST00000205,LN00001982,2015-12-13,19342152.6,Approved,2026-07-25 01:44:21.401752,,Loan Management System
APP00002017,CUST00002876,,2022-01-03,3020843.89,Rejected,2026-07-25 01:44:21.401752,,Loan Management System
APP00002018,CUST00004384,,2022-02-04,6160036.73,Rejected,2026-07-25 01:44:21.401752,,Loan Management System
APP00002019,CUST00003378,LN00000566,2024-01-31,13023500.98,Approved,2026-07-25 01:44:21.401752,,Loan Management System
APP00002020,CUST00001252,LN00002182,2019-06-08,3537975.24,Approved,2026-07-25 01:44:21.401752,,Loan Management System
APP00002021,CUST00004228,LN00002292,2022-06-02,9125661.74,Approved,2026-07-25 01:44:21.401752,,Loan Management System
APP00002022,CUST00002828,,2020-01-19,158900.39,Rejected,2026-07-25 01:44:21.402766,,Loan Management System
APP00002023,CUST00004816,LN00001946,2017-06-27,1334789.45,Approved,2026-07-25 01:44:21.402766,,Loan Management System
APP00002024,CUST00002048,,2020-12-05,656666.42,Pending,2026-07-25 01:44:21.402766,,Loan Management System
APP00002025,CUST00001402,LN00001396,2012-09-14,4307528.25,Approved,2026-07-25 01:44:21.402766,,Loan Management System
APP00002026,CUST00004802,,2012-08-06,2251668.98,Cancelled,2026-07-25 01:44:21.402766,,Loan Management System
APP00002027,CUST00001312,,2013-01-20,15563469.3,Rejected,2026-07-25 01:44:21.402766,,Loan Management System
APP00002028,CUST00003514,LN00002406,2016-04-26,6836484.6,Approved,2026-07-25 01:44:21.403673,,Loan Management System
APP00002029,CUST00001773,LN00001684,2017-10-07,122597.11,Approved,2026-07-25 01:44:21.403673,,Loan Management System
APP00002030,CUST00001472,LN00000948,2011-11-13,2830812.57,Approved,2026-07-25 01:44:21.403673,,Loan Management System
APP00002031,CUST00001071,LN00001006,2024-09-05,3499624.7,Approved,2026-07-25 01:44:21.403673,,Loan Management System
APP00002032,CUST00003253,LN00001084,2019-03-04,1641365.12,Approved,2026-07-25 01:44:21.403673,,Loan Management System
APP00002033,CUST00003713,LN00001567,2018-10-02,2284596.67,Approved,2026-07-25 01:44:21.403673,,Loan Management System
APP00002034,CUST00000239,LN00001518,2011-12-14,2004698.45,Approved,2026-07-25 01:44:21.403673,,Loan Management System
APP00002035,CUST00001987,,2022-04-17,1041624.06,Rejected,2026-07-25 01:44:21.403673,,Loan Management System
APP00002036,CUST00004242,,2025-03-17,1698303.22,Rejected,2026-07-25 01:44:21.403673,,Loan Management System
APP00002037,CUST00003574,,2020-10-23,441026.47,Rejected,2026-07-25 01:44:21.403673,,Loan Management System
APP00002038,CUST00001674,,2025-01-31,3804437.49,Pending,2026-07-25 01:44:21.404774,,Loan Management System
APP00002039,CUST00004121,LN00001843,2026-02-25,550289.6,Approved,2026-07-25 01:44:21.404774,,Loan Management System
APP00002040,CUST00004450,LN00000304,2021-04-19,8304040.42,Approved,2026-07-25 01:44:21.404774,,Loan Management System
APP00002041,CUST00000920,LN00000787,2019-02-24,650681.74,Approved,2026-07-25 01:44:21.404774,,Loan Management System
APP00002042,CUST00003930,LN00002466,2013-05-30,5836512.25,Approved,2026-07-25 01:44:21.404774,,Loan Management System
APP00002043,CUST00004841,,2020-10-28,883961.02,Rejected,2026-07-25 01:44:21.404774,,Loan Management System
APP00002044,CUST00003328,LN00001047,2014-10-10,1524305.01,Approved,2026-07-25 01:44:21.404774,,Loan Management System
APP00002045,CUST00003313,LN00001461,2025-11-10,2411314.88,Approved,2026-07-25 01:44:21.404774,,Loan Management System
APP00002046,CUST00004011,LN00002051,2016-10-15,512503.79,Approved,2026-07-25 01:44:21.404774,,Loan Management System
APP00002047,CUST00000600,LN00002369,2025-04-15,746609.67,Approved,2026-07-25 01:44:21.404774,,Loan Management System
APP00002048,CUST00003686,LN00001818,2011-10-01,1213874.83,Approved,2026-07-25 01:44:21.404774,,Loan Management System
APP00002049,CUST00001877,,2018-03-03,1066592.33,Rejected,2026-07-25 01:44:21.404774,,Loan Management System
APP00002050,CUST00004043,LN00001001,2022-07-13,1497790.58,Approved,2026-07-25 01:44:21.404774,,Loan Management System
APP00002051,CUST00002790,LN00001738,2013-02-17,861152.86,Approved,2026-07-25 01:44:21.404774,,Loan Management System
APP00002052,CUST00000652,LN00001592,2021-01-12,1388486.41,Approved,2026-07-25 01:44:21.405783,,Loan Management System
APP00002053,CUST00002271,LN00001249,2019-06-14,2247354.61,Approved,2026-07-25 01:44:21.405783,,Loan Management System
APP00002054,CUST00000877,,2021-09-20,1328920.49,Cancelled,2026-07-25 01:44:21.405783,,Loan Management System
APP00002055,CUST00002259,LN00002343,2014-07-12,2171055.95,Approved,2026-07-25 01:44:21.405783,,Loan Management System
APP00002056,CUST00000116,LN00002089,2018-10-27,266414.74,Approved,2026-07-25 01:44:21.405783,,Loan Management System
APP00002057,CUST00001125,LN00001173,2024-08-30,7260119.44,Approved,2026-07-25 01:44:21.405783,,Loan Management System
APP00002058,CUST00003389,LN00001296,2012-12-15,1496081.62,Approved,2026-07-25 01:44:21.405783,,Loan Management System
APP00002059,CUST00001915,LN00000660,2023-10-06,1187598.5,Approved,2026-07-25 01:44:21.405783,,Loan Management System
APP00002060,CUST00001999,,2020-07-26,18304493.63,Rejected,2026-07-25 01:44:21.405783,,Loan Management System
APP00002061,CUST00004000,,2017-08-23,790429.2,Rejected,2026-07-25 01:44:21.406711,,Loan Management System
APP00002062,CUST00003252,LN00002423,2012-06-14,954986.06,Approved,2026-07-25 01:44:21.406711,,Loan Management System
APP00002063,CUST00004518,LN00001872,2023-07-27,10645224.31,Approved,2026-07-25 01:44:21.406711,,Loan Management System
APP00002064,CUST00000631,LN00002172,2022-05-17,201164.24,Approved,2026-07-25 01:44:21.406711,,Loan Management System
APP00002065,CUST00004435,LN00001183,2021-02-05,1186113.21,Approved,2026-07-25 01:44:21.406711,,Loan Management System
APP00002066,CUST00002154,,2015-10-12,1355099.95,Rejected,2026-07-25 01:44:21.406711,,Loan Management System
APP00002067,CUST00003424,LN00000698,2022-12-14,6649627.35,Approved,2026-07-25 01:44:21.406711,,Loan Management System
APP00002068,CUST00003747,LN00001137,2016-04-19,7101145.62,Approved,2026-07-25 01:44:21.406711,,Loan Management System
APP00002069,CUST00000456,,2020-08-22,556525.04,Rejected,2026-07-25 01:44:21.406711,,Loan Management System
APP00002070,CUST00004687,LN00000575,2015-08-19,2704794.65,Approved,2026-07-25 01:44:21.406711,,Loan Management System
APP00002071,CUST00004726,LN00001955,2025-11-12,2458515.91,Approved,2026-07-25 01:44:21.406711,,Loan Management System
APP00002072,CUST00003703,LN00001692,2022-05-29,780781.01,Approved,2026-07-25 01:44:21.406711,,Loan Management System
APP00002073,CUST00001464,,2025-12-17,73967.5,Rejected,2026-07-25 01:44:21.407683,,Loan Management System
APP00002074,CUST00001856,,2025-02-15,2022732.5,Cancelled,2026-07-25 01:44:21.407683,,Loan Management System
APP00002075,CUST00001350,LN00000641,2020-05-04,1151115.02,Approved,2026-07-25 01:44:21.407683,,Loan Management System
APP00002076,CUST00003867,,2017-08-06,941329.33,Rejected,2026-07-25 01:44:21.407683,,Loan Management System
APP00002077,CUST00000674,LN00001978,2021-10-19,192787.62,Approved,2026-07-25 01:44:21.407683,,Loan Management System
APP00002078,CUST00003778,,2014-07-23,10691610.14,Rejected,2026-07-25 01:44:21.408679,,Loan Management System
APP00002079,CUST00004486,,2015-08-02,892614.4,Rejected,2026-07-25 01:44:21.408679,,Loan Management System
APP00002080,CUST00000641,,2021-08-22,727278.88,Pending,2026-07-25 01:44:21.408679,,Loan Management System
APP00002081,CUST00001037,LN00000669,2016-07-04,762634.35,Approved,2026-07-25 01:44:21.408679,,Loan Management System
APP00002082,CUST00003208,LN00000429,2021-02-09,323491.29,Approved,2026-07-25 01:44:21.408679,,Loan Management System
APP00002083,CUST00000486,LN00000505,2022-05-05,1581779.25,Approved,2026-07-25 01:44:21.408679,,Loan Management System
APP00002084,CUST00000139,LN00000855,2019-09-15,381280.44,Approved,2026-07-25 01:44:21.408679,,Loan Management System
APP00002085,CUST00000436,LN00001705,2012-07-24,1538373.52,Approved,2026-07-25 01:44:21.408679,,Loan Management System
APP00002086,CUST00001473,LN00000916,2024-05-17,1014803.8,Approved,2026-07-25 01:44:21.408679,,Loan Management System
APP00002087,CUST00000582,LN00000037,2026-05-01,3785251.02,Approved,2026-07-25 01:44:21.408679,,Loan Management System
APP00002088,CUST00001206,,2013-12-23,397921.35,Cancelled,2026-07-25 01:44:21.408679,,Loan Management System
APP00002089,CUST00000419,LN00000130,2016-02-04,1175778.37,Approved,2026-07-25 01:44:21.409684,,Loan Management System
APP00002090,CUST00000555,,2014-10-06,2182079.66,Cancelled,2026-07-25 01:44:21.409684,,Loan Management System
APP00002091,CUST00002618,,2025-10-18,17462613.38,Rejected,2026-07-25 01:44:21.409684,,Loan Management System
APP00002092,CUST00001466,LN00000970,2013-08-01,787432.17,Approved,2026-07-25 01:44:21.409684,,Loan Management System
APP00002093,CUST00000890,LN00002180,2019-01-07,106963.92,Approved,2026-07-25 01:44:21.409684,,Loan Management System
APP00002094,CUST00003892,LN00000757,2020-04-15,11438047.24,Approved,2026-07-25 01:44:21.409684,,Loan Management System
APP00002095,CUST00004429,,2014-07-19,547971.46,Rejected,2026-07-25 01:44:21.409684,,Loan Management System
APP00002096,CUST00003978,LN00000263,2023-08-26,240583.85,Approved,2026-07-25 01:44:21.409684,,Loan Management System
APP00002097,CUST00003884,LN00001596,2024-01-28,1450170.63,Approved,2026-07-25 01:44:21.409684,,Loan Management System
APP00002098,CUST00003753,,2013-02-04,762207.27,Rejected,2026-07-25 01:44:21.410680,,Loan Management System
APP00002099,CUST00003933,LN00001585,2016-06-06,958974.23,Approved,2026-07-25 01:44:21.410680,,Loan Management System
APP00002100,CUST00004530,,2015-07-09,1956724.42,Pending,2026-07-25 01:44:21.410680,,Loan Management System
APP00002101,CUST00000038,LN00000578,2024-12-12,913971.15,Approved,2026-07-25 01:44:21.410680,,Loan Management System
APP00002102,CUST00002028,LN00001551,2019-04-09,4376354.29,Approved,2026-07-25 01:44:21.410680,,Loan Management System
APP00002103,CUST00003591,LN00000266,2022-10-28,1618419.43,Approved,2026-07-25 01:44:21.410680,,Loan Management System
APP00002104,CUST00001581,LN00001227,2014-11-25,4755741.51,Approved,2026-07-25 01:44:21.410680,,Loan Management System
APP00002105,CUST00000258,,2019-09-11,5755835.06,Pending,2026-07-25 01:44:21.410680,,Loan Management System
APP00002106,CUST00000688,LN00001573,2014-10-13,569339.13,Approved,2026-07-25 01:44:21.410680,,Loan Management System
APP00002107,CUST00001960,LN00002162,2022-03-03,1106441.41,Approved,2026-07-25 01:44:21.411676,,Loan Management System
APP00002108,CUST00003821,LN00002138,2020-03-26,943623.65,Approved,2026-07-25 01:44:21.411676,,Loan Management System
APP00002109,CUST00003284,LN00001748,2018-12-27,963468.79,Approved,2026-07-25 01:44:21.411676,,Loan Management System
APP00002110,CUST00000472,,2025-04-13,4274054.37,Pending,2026-07-25 01:44:21.411676,,Loan Management System
APP00002111,CUST00000872,LN00000637,2012-03-08,195590.66,Approved,2026-07-25 01:44:21.411676,,Loan Management System
APP00002112,CUST00004575,LN00001292,2018-11-25,1037680.12,Approved,2026-07-25 01:44:21.411676,,Loan Management System
APP00002113,CUST00001985,LN00001762,2014-09-02,3322815.71,Approved,2026-07-25 01:44:21.411676,,Loan Management System
APP00002114,CUST00003440,LN00001413,2021-05-06,1012837.8,Approved,2026-07-25 01:44:21.411676,,Loan Management System
APP00002115,CUST00000181,LN00001294,2025-04-05,7355272.95,Approved,2026-07-25 01:44:21.411676,,Loan Management System
APP00002116,CUST00003363,LN00000631,2020-02-07,9762066.03,Approved,2026-07-25 01:44:21.411676,,Loan Management System
APP00002117,CUST00002352,,2014-01-27,2373936.05,Cancelled,2026-07-25 01:44:21.411676,,Loan Management System
APP00002118,CUST00002763,LN00000027,2023-09-23,2095316.37,Approved,2026-07-25 01:44:21.411676,,Loan Management System
APP00002119,CUST00001748,LN00001941,2023-09-12,1065033.15,Approved,2026-07-25 01:44:21.411676,,Loan Management System
APP00002120,CUST00004982,LN00000853,2021-09-07,4400173.03,Approved,2026-07-25 01:44:21.411676,,Loan Management System
APP00002121,CUST00003039,,2025-12-17,3603336.67,Rejected,2026-07-25 01:44:21.412680,,Loan Management System
APP00002122,CUST00003024,LN00000444,2019-04-25,1627173.51,Approved,2026-07-25 01:44:21.412680,,Loan Management System
APP00002123,CUST00002255,,2026-03-16,627783.8,Cancelled,2026-07-25 01:44:21.412680,,Loan Management System
APP00002124,CUST00004020,,2017-10-08,4268722.39,Cancelled,2026-07-25 01:44:21.412680,,Loan Management System
APP00002125,CUST00001211,LN00001013,2015-12-23,2432283.34,Approved,2026-07-25 01:44:21.412680,,Loan Management System
APP00002126,CUST00003935,,2017-12-01,3993259.13,Pending,2026-07-25 01:44:21.413682,,Loan Management System
APP00002127,CUST00002086,LN00001063,2011-10-17,204899.38,Approved,2026-07-25 01:44:21.413682,,Loan Management System
APP00002128,CUST00004314,LN00002500,2014-09-24,2024439.23,Approved,2026-07-25 01:44:21.413682,,Loan Management System
APP00002129,CUST00002352,,2013-04-12,11676120.73,Pending,2026-07-25 01:44:21.413682,,Loan Management System
APP00002130,CUST00000875,LN00001853,2018-04-25,259899.33,Approved,2026-07-25 01:44:21.413682,,Loan Management System
APP00002131,CUST00003484,,2016-09-11,1289972.95,Pending,2026-07-25 01:44:21.413682,,Loan Management System
APP00002132,CUST00004623,,2017-01-18,5120743.22,Rejected,2026-07-25 01:44:21.413682,,Loan Management System
APP00002133,CUST00003313,LN00000593,2024-12-16,237292.11,Approved,2026-07-25 01:44:21.413682,,Loan Management System
APP00002134,CUST00000880,,2014-03-29,2487237.57,Rejected,2026-07-25 01:44:21.414679,,Loan Management System
APP00002135,CUST00001311,LN00001245,2021-03-13,6169100.72,Approved,2026-07-25 01:44:21.414679,,Loan Management System
APP00002136,CUST00003267,,2025-01-12,1919084.57,Rejected,2026-07-25 01:44:21.414679,,Loan Management System
APP00002137,CUST00001928,,2022-06-09,2762556.0,Cancelled,2026-07-25 01:44:21.415682,,Loan Management System
APP00002138,CUST00000286,,2019-11-07,116590.19,Pending,2026-07-25 01:44:21.416679,,Loan Management System
APP00002139,CUST00004603,LN00001725,2019-03-14,2957446.35,Approved,2026-07-25 01:44:21.416679,,Loan Management System
APP00002140,CUST00001074,LN00000663,2016-09-12,6701140.25,Approved,2026-07-25 01:44:21.416679,,Loan Management System
APP00002141,CUST00000847,,2023-08-05,7439873.8,Rejected,2026-07-25 01:44:21.416679,,Loan Management System
APP00002142,CUST00003193,LN00000138,2022-09-09,3072888.88,Approved,2026-07-25 01:44:21.416679,,Loan Management System
APP00002143,CUST00000330,,2023-05-12,1241856.98,Cancelled,2026-07-25 01:44:21.417678,,Loan Management System
APP00002144,CUST00004375,LN00002338,2013-10-14,221830.56,Approved,2026-07-25 01:44:21.417678,,Loan Management System
APP00002145,CUST00004540,LN00000724,2011-11-26,714299.73,Approved,2026-07-25 01:44:21.417678,,Loan Management System
APP00002146,CUST00000054,LN00000123,2012-05-27,9862164.61,Approved,2026-07-25 01:44:21.417678,,Loan Management System
APP00002147,CUST00000036,,2022-11-19,1850419.47,Cancelled,2026-07-25 01:44:21.417678,,Loan Management System
APP00002148,CUST00003473,,2021-07-31,3664524.37,Pending,2026-07-25 01:44:21.418685,,Loan Management System
APP00002149,CUST00001553,,2025-06-01,317830.01,Rejected,2026-07-25 01:44:21.418685,,Loan Management System
APP00002150,CUST00000851,LN00001364,2020-11-01,1045950.97,Approved,2026-07-25 01:44:21.418685,,Loan Management System
APP00002151,CUST00000115,LN00002381,2024-09-24,2689854.29,Approved,2026-07-25 01:44:21.418685,,Loan Management System
APP00002152,CUST00000629,LN00001754,2023-02-22,2897718.89,Approved,2026-07-25 01:44:21.418685,,Loan Management System
APP00002153,CUST00004910,LN00000892,2019-03-19,3301607.31,Approved,2026-07-25 01:44:21.418685,,Loan Management System
APP00002154,CUST00003134,LN00001601,2025-08-05,3471268.21,Approved,2026-07-25 01:44:21.418685,,Loan Management System
APP00002155,CUST00001672,,2014-08-02,2859142.99,Rejected,2026-07-25 01:44:21.418685,,Loan Management System
APP00002156,CUST00004602,LN00001023,2019-04-20,8295712.03,Approved,2026-07-25 01:44:21.418685,,Loan Management System
APP00002157,CUST00004196,,2023-07-04,1987397.06,Rejected,2026-07-25 01:44:21.419683,,Loan Management System
APP00002158,CUST00004331,LN00001243,2024-04-15,1425803.96,Approved,2026-07-25 01:44:21.419683,,Loan Management System
APP00002159,CUST00000607,LN00001800,2013-12-17,8553911.2,Approved,2026-07-25 01:44:21.419683,,Loan Management System
APP00002160,CUST00001604,,2026-01-13,661537.13,Rejected,2026-07-25 01:44:21.419683,,Loan Management System
APP00002161,CUST00003096,,2024-09-03,652877.18,Rejected,2026-07-25 01:44:21.419683,,Loan Management System
APP00002162,CUST00004123,,2021-03-20,3574269.16,Rejected,2026-07-25 01:44:21.419683,,Loan Management System
APP00002163,CUST00002032,LN00001459,2013-02-11,7958924.27,Approved,2026-07-25 01:44:21.420678,,Loan Management System
APP00002164,CUST00001288,,2014-08-29,507368.25,Rejected,2026-07-25 01:44:21.420678,,Loan Management System
APP00002165,CUST00002686,LN00002362,2024-04-16,1125630.9,Approved,2026-07-25 01:44:21.420678,,Loan Management System
APP00002166,CUST00002737,,2016-12-22,231082.07,Rejected,2026-07-25 01:44:21.420678,,Loan Management System
APP00002167,CUST00001894,,2025-04-27,362409.54,Pending,2026-07-25 01:44:21.420678,,Loan Management System
APP00002168,CUST00002901,LN00000569,2018-07-24,15913928.36,Approved,2026-07-25 01:44:21.420678,,Loan Management System
APP00002169,CUST00001457,LN00001126,2016-06-03,5433841.97,Approved,2026-07-25 01:44:21.420678,,Loan Management System
APP00002170,CUST00004626,LN00001758,2017-08-23,19356772.0,Approved,2026-07-25 01:44:21.420678,,Loan Management System
APP00002171,CUST00002347,LN00001746,2017-09-22,546189.42,Approved,2026-07-25 01:44:21.420678,,Loan Management System
APP00002172,CUST00004018,LN00000804,2016-05-21,2550976.07,Approved,2026-07-25 01:44:21.420678,,Loan Management System
APP00002173,CUST00000473,LN00002469,2015-06-22,16155947.98,Approved,2026-07-25 01:44:21.420678,,Loan Management System
APP00002174,CUST00003049,LN00000045,2016-03-18,3428792.41,Approved,2026-07-25 01:44:21.420678,,Loan Management System
APP00002175,CUST00004149,,2024-03-29,824847.45,Rejected,2026-07-25 01:44:21.421678,,Loan Management System
APP00002176,CUST00003194,LN00001894,2018-09-24,6305269.59,Approved,2026-07-25 01:44:21.421678,,Loan Management System
APP00002177,CUST00001344,LN00002249,2018-01-17,220852.95,Approved,2026-07-25 01:44:21.421678,,Loan Management System
APP00002178,CUST00002025,LN00002178,2016-11-11,266053.14,Approved,2026-07-25 01:44:21.421678,,Loan Management System
APP00002179,CUST00003431,LN00002316,2019-10-02,4346204.83,Approved,2026-07-25 01:44:21.421678,,Loan Management System
APP00002180,CUST00004666,,2014-06-02,1598953.73,Rejected,2026-07-25 01:44:21.421678,,Loan Management System
APP00002181,CUST00002068,,2022-05-21,598130.62,Rejected,2026-07-25 01:44:21.421678,,Loan Management System
APP00002182,CUST00002621,LN00000968,2021-08-18,13109593.27,Approved,2026-07-25 01:44:21.421678,,Loan Management System
APP00002183,CUST00000283,,2025-07-16,1953353.44,Rejected,2026-07-25 01:44:21.422677,,Loan Management System
APP00002184,CUST00004786,LN00002287,2023-07-17,317185.04,Approved,2026-07-25 01:44:21.422677,,Loan Management System
APP00002185,CUST00001745,LN00000034,2021-07-15,799534.95,Approved,2026-07-25 01:44:21.422677,,Loan Management System
APP00002186,CUST00002402,LN00000195,2018-10-17,1071827.81,Approved,2026-07-25 01:44:21.422677,,Loan Management System
APP00002187,CUST00003884,LN00001839,2021-12-05,766298.17,Approved,2026-07-25 01:44:21.422677,,Loan Management System
APP00002188,CUST00002472,,2015-02-16,7256848.48,Rejected,2026-07-25 01:44:21.422677,,Loan Management System
APP00002189,CUST00002566,LN00002020,2012-05-09,700130.72,Approved,2026-07-25 01:44:21.423680,,Loan Management System
APP00002190,CUST00003009,LN00001215,2026-01-15,278748.33,Approved,2026-07-25 01:44:21.423680,,Loan Management System
APP00002191,CUST00003765,LN00000310,2018-05-31,6075928.86,Approved,2026-07-25 01:44:21.423680,,Loan Management System
APP00002192,CUST00003928,LN00000354,2022-07-22,1403327.74,Approved,2026-07-25 01:44:21.423680,,Loan Management System
APP00002193,CUST00002002,LN00001356,2021-10-12,2259252.12,Approved,2026-07-25 01:44:21.423680,,Loan Management System
APP00002194,CUST00003058,LN00000890,2016-12-17,2824367.38,Approved,2026-07-25 01:44:21.423680,,Loan Management System
APP00002195,CUST00004854,LN00000029,2023-05-03,5843130.23,Approved,2026-07-25 01:44:21.423680,,Loan Management System
APP00002196,CUST00003937,LN00000749,2024-08-05,7557531.54,Approved,2026-07-25 01:44:21.423680,,Loan Management System
APP00002197,CUST00000079,LN00000819,2012-08-08,2303652.19,Approved,2026-07-25 01:44:21.423680,,Loan Management System
APP00002198,CUST00004524,,2024-01-10,3951091.7,Rejected,2026-07-25 01:44:21.423680,,Loan Management System
APP00002199,CUST00003525,LN00000306,2015-08-20,965652.77,Approved,2026-07-25 01:44:21.423680,,Loan Management System
APP00002200,CUST00001936,LN00001295,2019-10-21,10679421.15,Approved,2026-07-25 01:44:21.423680,,Loan Management System
APP00002201,CUST00003242,LN00000782,2019-02-01,783495.53,Approved,2026-07-25 01:44:21.423680,,Loan Management System
APP00002202,CUST00002843,LN00001919,2018-11-14,1394113.72,Approved,2026-07-25 01:44:21.423680,,Loan Management System
APP00002203,CUST00000780,LN00000286,2022-03-27,1293522.14,Approved,2026-07-25 01:44:21.423680,,Loan Management System
APP00002204,CUST00003158,,2017-07-15,757096.58,Rejected,2026-07-25 01:44:21.424678,,Loan Management System
APP00002205,CUST00004905,,2020-11-06,564421.71,Rejected,2026-07-25 01:44:21.424678,,Loan Management System
APP00002206,CUST00001816,LN00002383,2020-01-17,9546420.97,Approved,2026-07-25 01:44:21.424678,,Loan Management System
APP00002207,CUST00003963,,2013-04-15,877811.31,Cancelled,2026-07-25 01:44:21.424678,,Loan Management System
APP00002208,CUST00004141,LN00000860,2012-01-06,2566354.42,Approved,2026-07-25 01:44:21.424678,,Loan Management System
APP00002209,CUST00001587,LN00000790,2015-10-03,1254025.01,Approved,2026-07-25 01:44:21.424678,,Loan Management System
APP00002210,CUST00002018,LN00002297,2022-11-07,2362472.19,Approved,2026-07-25 01:44:21.424678,,Loan Management System
APP00002211,CUST00003550,LN00002236,2014-05-16,2243698.94,Approved,2026-07-25 01:44:21.424678,,Loan Management System
APP00002212,CUST00000286,LN00001848,2022-06-16,1344929.13,Approved,2026-07-25 01:44:21.424678,,Loan Management System
APP00002213,CUST00000890,,2012-10-25,522572.12,Rejected,2026-07-25 01:44:21.425775,,Loan Management System
APP00002214,CUST00003164,,2025-02-27,18409661.29,Rejected,2026-07-25 01:44:21.425775,,Loan Management System
APP00002215,CUST00003483,,2025-12-13,3751722.44,Cancelled,2026-07-25 01:44:21.425775,,Loan Management System
APP00002216,CUST00001875,LN00000952,2017-10-15,3476874.55,Approved,2026-07-25 01:44:21.425775,,Loan Management System
APP00002217,CUST00001396,,2016-07-30,1832188.88,Rejected,2026-07-25 01:44:21.425775,,Loan Management System
APP00002218,CUST00000202,,2011-11-26,2218889.73,Rejected,2026-07-25 01:44:21.426677,,Loan Management System
APP00002219,CUST00003817,LN00001887,2022-08-12,560277.0,Approved,2026-07-25 01:44:21.426677,,Loan Management System
APP00002220,CUST00000233,LN00000826,2012-07-09,1922097.02,Approved,2026-07-25 01:44:21.426677,,Loan Management System
APP00002221,CUST00004392,LN00000665,2018-05-15,1351264.3,Approved,2026-07-25 01:44:21.426677,,Loan Management System
APP00002222,CUST00004427,LN00000946,2013-04-02,1627580.84,Approved,2026-07-25 01:44:21.426677,,Loan Management System
APP00002223,CUST00004176,LN00002307,2020-02-20,1556154.87,Approved,2026-07-25 01:44:21.426677,,Loan Management System
APP00002224,CUST00002582,LN00001780,2021-01-18,2347059.58,Approved,2026-07-25 01:44:21.426677,,Loan Management System
APP00002225,CUST00001500,LN00001898,2017-04-05,562620.94,Approved,2026-07-25 01:44:21.426677,,Loan Management System
APP00002226,CUST00000452,,2014-04-19,1464508.07,Rejected,2026-07-25 01:44:21.426677,,Loan Management System
APP00002227,CUST00000171,LN00002232,2023-07-25,11026798.5,Approved,2026-07-25 01:44:21.426677,,Loan Management System
APP00002228,CUST00004974,LN00001910,2017-11-27,19076025.85,Approved,2026-07-25 01:44:21.426677,,Loan Management System
APP00002229,CUST00003039,LN00001724,2018-01-13,1854212.95,Approved,2026-07-25 01:44:21.426677,,Loan Management System
APP00002230,CUST00001274,LN00001203,2018-06-07,2075490.66,Approved,2026-07-25 01:44:21.426677,,Loan Management System
APP00002231,CUST00003017,LN00000468,2023-07-09,9012996.53,Approved,2026-07-25 01:44:21.426677,,Loan Management System
APP00002232,CUST00003546,LN00000390,2015-03-25,1550832.51,Approved,2026-07-25 01:44:21.426677,,Loan Management System
APP00002233,CUST00004953,LN00001119,2023-06-13,931820.24,Approved,2026-07-25 01:44:21.426677,,Loan Management System
APP00002234,CUST00003575,LN00002386,2014-04-08,8497902.36,Approved,2026-07-25 01:44:21.426677,,Loan Management System
APP00002235,CUST00002748,LN00001614,2022-12-19,17703827.33,Approved,2026-07-25 01:44:21.426677,,Loan Management System
APP00002236,CUST00000002,LN00001700,2021-02-06,820977.37,Approved,2026-07-25 01:44:21.426677,,Loan Management System
APP00002237,CUST00002932,LN00001024,2021-03-17,709064.92,Approved,2026-07-25 01:44:21.426677,,Loan Management System
APP00002238,CUST00002868,,2014-03-27,347443.2,Cancelled,2026-07-25 01:44:21.427776,,Loan Management System
APP00002239,CUST00003900,LN00001984,2014-06-24,1161312.03,Approved,2026-07-25 01:44:21.427776,,Loan Management System
APP00002240,CUST00003106,,2013-04-14,1565572.57,Pending,2026-07-25 01:44:21.427776,,Loan Management System
APP00002241,CUST00003260,LN00000984,2011-09-12,3557761.42,Approved,2026-07-25 01:44:21.427776,,Loan Management System
APP00002242,CUST00001396,LN00000734,2022-03-02,408083.62,Approved,2026-07-25 01:44:21.427776,,Loan Management System
APP00002243,CUST00002901,LN00000924,2015-07-03,2758768.81,Approved,2026-07-25 01:44:21.427776,,Loan Management System
APP00002244,CUST00000231,,2018-07-11,867442.1,Rejected,2026-07-25 01:44:21.427776,,Loan Management System
APP00002245,CUST00002493,LN00000654,2017-02-28,444752.96,Approved,2026-07-25 01:44:21.427776,,Loan Management System
APP00002246,CUST00003364,LN00000538,2016-10-12,1541480.55,Approved,2026-07-25 01:44:21.427776,,Loan Management System
APP00002247,CUST00003523,LN00001166,2024-06-20,3600553.78,Approved,2026-07-25 01:44:21.427776,,Loan Management System
APP00002248,CUST00002427,LN00000135,2023-09-06,1459020.53,Approved,2026-07-25 01:44:21.427776,,Loan Management System
APP00002249,CUST00000732,,2016-08-14,15641340.25,Rejected,2026-07-25 01:44:21.428775,,Loan Management System
APP00002250,CUST00003175,LN00001389,2017-12-24,7195187.59,Approved,2026-07-25 01:44:21.428775,,Loan Management System
APP00002251,CUST00004648,,2013-03-12,1547303.59,Rejected,2026-07-25 01:44:21.428775,,Loan Management System
APP00002252,CUST00002000,LN00002149,2013-02-27,1440007.63,Approved,2026-07-25 01:44:21.428775,,Loan Management System
APP00002253,CUST00000703,LN00001395,2026-03-15,1504194.31,Approved,2026-07-25 01:44:21.428775,,Loan Management System
APP00002254,CUST00001176,LN00002215,2012-03-30,5673962.74,Approved,2026-07-25 01:44:21.428775,,Loan Management System
APP00002255,CUST00004373,LN00002481,2025-10-09,27396.07,Approved,2026-07-25 01:44:21.428775,,Loan Management System
APP00002256,CUST00001357,LN00001205,2023-04-04,8270665.77,Approved,2026-07-25 01:44:21.428775,,Loan Management System
APP00002257,CUST00002979,LN00001625,2022-06-06,4002459.55,Approved,2026-07-25 01:44:21.428775,,Loan Management System
APP00002258,CUST00004841,LN00000181,2026-01-21,202010.35,Approved,2026-07-25 01:44:21.428775,,Loan Management System
APP00002259,CUST00003174,LN00002207,2021-08-05,315622.97,Approved,2026-07-25 01:44:21.428775,,Loan Management System
APP00002260,CUST00004385,,2011-08-17,2951399.51,Rejected,2026-07-25 01:44:21.428775,,Loan Management System
APP00002261,CUST00004408,LN00000025,2021-01-19,2338494.27,Approved,2026-07-25 01:44:21.428775,,Loan Management System
APP00002262,CUST00004912,,2013-01-19,8290016.01,Rejected,2026-07-25 01:44:21.429776,,Loan Management System
APP00002263,CUST00004535,LN00002091,2019-04-17,5114721.35,Approved,2026-07-25 01:44:21.429776,,Loan Management System
APP00002264,CUST00004703,LN00001467,2023-11-07,1924255.7,Approved,2026-07-25 01:44:21.429776,,Loan Management System
APP00002265,CUST00003910,LN00002435,2025-10-30,80933.04,Approved,2026-07-25 01:44:21.429776,,Loan Management System
APP00002266,CUST00000987,,2019-09-25,2301715.73,Pending,2026-07-25 01:44:21.429776,,Loan Management System
APP00002267,CUST00000367,LN00002493,2018-10-01,11264076.47,Approved,2026-07-25 01:44:21.429776,,Loan Management System
APP00002268,CUST00001223,LN00000881,2022-05-09,432790.95,Approved,2026-07-25 01:44:21.429776,,Loan Management System
APP00002269,CUST00002640,LN00002311,2016-08-27,632783.32,Approved,2026-07-25 01:44:21.429776,,Loan Management System
APP00002270,CUST00000523,,2015-01-30,2035725.0,Rejected,2026-07-25 01:44:21.429776,,Loan Management System
APP00002271,CUST00000662,,2014-06-20,19900819.77,Rejected,2026-07-25 01:44:21.430681,,Loan Management System
APP00002272,CUST00002579,,2022-06-02,1288501.68,Cancelled,2026-07-25 01:44:21.430681,,Loan Management System
APP00002273,CUST00000451,LN00000124,2015-05-15,1209909.98,Approved,2026-07-25 01:44:21.430681,,Loan Management System
APP00002274,CUST00004711,LN00001708,2019-04-24,14521724.07,Approved,2026-07-25 01:44:21.430681,,Loan Management System
APP00002275,CUST00004238,,2019-08-14,2724500.34,Rejected,2026-07-25 01:44:21.430681,,Loan Management System
APP00002276,CUST00003948,LN00002353,2018-05-31,2075623.15,Approved,2026-07-25 01:44:21.430681,,Loan Management System
APP00002277,CUST00004413,,2016-10-22,3353739.4,Cancelled,2026-07-25 01:44:21.431677,,Loan Management System
APP00002278,CUST00002054,,2024-11-30,1814025.68,Pending,2026-07-25 01:44:21.431677,,Loan Management System
APP00002279,CUST00003357,,2018-04-28,7509940.74,Rejected,2026-07-25 01:44:21.431677,,Loan Management System
APP00002280,CUST00000967,LN00000129,2018-05-05,1722221.79,Approved,2026-07-25 01:44:21.431677,,Loan Management System
APP00002281,CUST00003548,,2019-11-19,1442825.16,Cancelled,2026-07-25 01:44:21.431677,,Loan Management System
APP00002282,CUST00000810,,2022-10-22,4730301.46,Rejected,2026-07-25 01:44:21.432677,,Loan Management System
APP00002283,CUST00000828,LN00000127,2025-03-01,2772709.99,Approved,2026-07-25 01:44:21.432677,,Loan Management System
APP00002284,CUST00000964,LN00000133,2021-01-26,1476153.48,Approved,2026-07-25 01:44:21.432677,,Loan Management System
APP00002285,CUST00003250,,2022-06-25,4550653.87,Rejected,2026-07-25 01:44:21.432677,,Loan Management System
APP00002286,CUST00004559,,2020-10-26,450404.76,Rejected,2026-07-25 01:44:21.432677,,Loan Management System
APP00002287,CUST00003327,,2018-02-26,2284637.86,Rejected,2026-07-25 01:44:21.433677,,Loan Management System
APP00002288,CUST00002327,LN00000331,2025-01-24,14224812.61,Approved,2026-07-25 01:44:21.433677,,Loan Management System
APP00002289,CUST00000662,LN00002494,2011-07-09,11566446.43,Approved,2026-07-25 01:44:21.433677,,Loan Management System
APP00002290,CUST00003071,,2018-01-19,813081.85,Pending,2026-07-25 01:44:21.433677,,Loan Management System
APP00002291,CUST00001485,LN00000516,2014-03-31,2193183.93,Approved,2026-07-25 01:44:21.433677,,Loan Management System
APP00002292,CUST00004157,,2014-09-26,1657675.11,Rejected,2026-07-25 01:44:21.433677,,Loan Management System
APP00002293,CUST00002263,LN00001400,2026-01-17,1797947.97,Approved,2026-07-25 01:44:21.433677,,Loan Management System
APP00002294,CUST00002028,,2012-04-27,2950179.41,Pending,2026-07-25 01:44:21.433677,,Loan Management System
APP00002295,CUST00003532,LN00001342,2018-12-25,17544102.75,Approved,2026-07-25 01:44:21.433677,,Loan Management System
APP00002296,CUST00001193,LN00000015,2021-07-22,1109040.13,Approved,2026-07-25 01:44:21.433677,,Loan Management System
APP00002297,CUST00000737,LN00002053,2015-04-11,4866094.75,Approved,2026-07-25 01:44:21.434747,,Loan Management System
APP00002298,CUST00001165,LN00000494,2014-12-05,688904.47,Approved,2026-07-25 01:44:21.434747,,Loan Management System
APP00002299,CUST00003173,LN00001938,2024-03-21,4058547.93,Approved,2026-07-25 01:44:21.434747,,Loan Management System
APP00002300,CUST00003348,LN00002335,2026-05-17,305937.07,Approved,2026-07-25 01:44:21.434747,,Loan Management System
APP00002301,CUST00003762,LN00000874,2012-01-01,1785852.6,Approved,2026-07-25 01:44:21.434747,,Loan Management System
APP00002302,CUST00000998,LN00000447,2012-08-22,540843.41,Approved,2026-07-25 01:44:21.434747,,Loan Management System
APP00002303,CUST00002789,LN00002052,2012-03-16,12695098.4,Approved,2026-07-25 01:44:21.434747,,Loan Management System
APP00002304,CUST00003005,LN00002133,2012-09-19,460525.44,Approved,2026-07-25 01:44:21.434747,,Loan Management System
APP00002305,CUST00001080,,2013-01-07,1992810.05,Rejected,2026-07-25 01:44:21.434747,,Loan Management System
APP00002306,CUST00003551,LN00001038,2015-11-18,1459875.15,Approved,2026-07-25 01:44:21.434747,,Loan Management System
APP00002307,CUST00003211,,2025-04-23,1376768.28,Rejected,2026-07-25 01:44:21.434747,,Loan Management System
APP00002308,CUST00000989,,2020-10-09,887980.42,Pending,2026-07-25 01:44:21.434747,,Loan Management System
APP00002309,CUST00001139,LN00001842,2024-10-29,1949782.83,Approved,2026-07-25 01:44:21.434747,,Loan Management System
APP00002310,CUST00000498,LN00001232,2022-07-27,3181118.82,Approved,2026-07-25 01:44:21.435774,,Loan Management System
APP00002311,CUST00004165,,2015-06-07,7190987.82,Rejected,2026-07-25 01:44:21.435774,,Loan Management System
APP00002312,CUST00000063,LN00000608,2022-06-15,17595499.01,Approved,2026-07-25 01:44:21.435774,,Loan Management System
APP00002313,CUST00000356,,2012-08-06,452355.55,Cancelled,2026-07-25 01:44:21.435774,,Loan Management System
APP00002314,CUST00002601,LN00002422,2018-07-22,2370219.61,Approved,2026-07-25 01:44:21.435774,,Loan Management System
APP00002315,CUST00003059,LN00001302,2022-12-07,1114360.19,Approved,2026-07-25 01:44:21.435774,,Loan Management System
APP00002316,CUST00003157,LN00000809,2020-09-10,11746816.12,Approved,2026-07-25 01:44:21.435774,,Loan Management System
APP00002317,CUST00001047,LN00000333,2013-05-23,298011.06,Approved,2026-07-25 01:44:21.435774,,Loan Management System
APP00002318,CUST00001751,LN00000467,2020-10-05,3431273.78,Approved,2026-07-25 01:44:21.435774,,Loan Management System
APP00002319,CUST00004770,,2021-04-21,1461988.92,Rejected,2026-07-25 01:44:21.436763,,Loan Management System
APP00002320,CUST00003847,LN00001985,2016-02-09,1474111.95,Approved,2026-07-25 01:44:21.436763,,Loan Management System
APP00002321,CUST00004266,LN00000384,2022-10-12,5368843.85,Approved,2026-07-25 01:44:21.436763,,Loan Management System
APP00002322,CUST00003151,LN00002257,2022-03-19,6851589.34,Approved,2026-07-25 01:44:21.436763,,Loan Management System
APP00002323,CUST00000902,LN00002061,2024-06-20,8128523.59,Approved,2026-07-25 01:44:21.436763,,Loan Management System
APP00002324,CUST00000918,LN00001440,2016-11-29,10844588.1,Approved,2026-07-25 01:44:21.436763,,Loan Management System
APP00002325,CUST00002173,LN00000254,2026-03-31,15125270.57,Approved,2026-07-25 01:44:21.436763,,Loan Management System
APP00002326,CUST00002310,,2020-02-07,1698451.01,Rejected,2026-07-25 01:44:21.436763,,Loan Management System
APP00002327,CUST00004485,LN00001741,2022-01-07,164289.75,Approved,2026-07-25 01:44:21.436763,,Loan Management System
APP00002328,CUST00003225,LN00000388,2014-10-05,2136040.53,Approved,2026-07-25 01:44:21.436763,,Loan Management System
APP00002329,CUST00003473,,2025-03-06,392326.41,Rejected,2026-07-25 01:44:21.436763,,Loan Management System
APP00002330,CUST00001864,LN00001179,2026-03-08,1202831.85,Approved,2026-07-25 01:44:21.436763,,Loan Management System
APP00002331,CUST00000692,,2023-02-02,6422792.52,Pending,2026-07-25 01:44:21.437725,,Loan Management System
APP00002332,CUST00004052,LN00001111,2025-09-20,616979.87,Approved,2026-07-25 01:44:21.437725,,Loan Management System
APP00002333,CUST00004512,LN00001986,2023-05-22,1013961.39,Approved,2026-07-25 01:44:21.437725,,Loan Management System
APP00002334,CUST00003151,LN00000540,2024-12-18,9119459.84,Approved,2026-07-25 01:44:21.437725,,Loan Management System
APP00002335,CUST00000436,LN00001731,2018-08-22,686161.45,Approved,2026-07-25 01:44:21.437725,,Loan Management System
APP00002336,CUST00004100,,2014-07-03,9765472.54,Rejected,2026-07-25 01:44:21.437725,,Loan Management System
APP00002337,CUST00001445,,2014-05-28,2294639.1,Cancelled,2026-07-25 01:44:21.437725,,Loan Management System
APP00002338,CUST00003752,LN00000361,2015-06-21,900852.01,Approved,2026-07-25 01:44:21.438878,,Loan Management System
APP00002339,CUST00000971,LN00001555,2025-02-19,814318.23,Approved,2026-07-25 01:44:21.438878,,Loan Management System
APP00002340,CUST00003176,LN00001977,2011-11-16,1365088.82,Approved,2026-07-25 01:44:21.438878,,Loan Management System
APP00002341,CUST00000385,LN00001040,2016-03-01,830420.66,Approved,2026-07-25 01:44:21.438878,,Loan Management System
APP00002342,CUST00003721,,2018-10-06,3001322.67,Rejected,2026-07-25 01:44:21.439087,,Loan Management System
APP00002343,CUST00001222,LN00000379,2018-08-11,2127893.66,Approved,2026-07-25 01:44:21.439087,,Loan Management System
APP00002344,CUST00003521,LN00000907,2020-09-06,1937046.84,Approved,2026-07-25 01:44:21.439087,,Loan Management System
APP00002345,CUST00004860,LN00000126,2011-12-28,719705.5,Approved,2026-07-25 01:44:21.439087,,Loan Management System
APP00002346,CUST00003110,LN00001213,2016-05-14,1835041.29,Approved,2026-07-25 01:44:21.439087,,Loan Management System
APP00002347,CUST00002007,LN00001791,2015-05-25,499772.87,Approved,2026-07-25 01:44:21.439087,,Loan Management System
APP00002348,CUST00004876,LN00001499,2012-09-17,1562138.7,Approved,2026-07-25 01:44:21.439087,,Loan Management System
APP00002349,CUST00000048,LN00002005,2020-06-27,15516907.36,Approved,2026-07-25 01:44:21.439087,,Loan Management System
APP00002350,CUST00002981,LN00000961,2015-08-11,1516288.04,Approved,2026-07-25 01:44:21.439087,,Loan Management System
APP00002351,CUST00003832,,2023-12-07,5911844.12,Cancelled,2026-07-25 01:44:21.439087,,Loan Management System
APP00002352,CUST00004209,LN00000382,2024-09-26,9184582.51,Approved,2026-07-25 01:44:21.439087,,Loan Management System
APP00002353,CUST00002105,,2013-01-15,10428376.51,Rejected,2026-07-25 01:44:21.440147,,Loan Management System
APP00002354,CUST00002052,,2018-03-01,2312316.64,Rejected,2026-07-25 01:44:21.440147,,Loan Management System
APP00002355,CUST00001032,LN00001447,2022-11-01,7240780.57,Approved,2026-07-25 01:44:21.440147,,Loan Management System
APP00002356,CUST00001370,LN00001240,2024-12-25,1349621.11,Approved,2026-07-25 01:44:21.440147,,Loan Management System
APP00002357,CUST00003326,LN00001015,2026-01-11,566514.57,Approved,2026-07-25 01:44:21.440147,,Loan Management System
APP00002358,CUST00003496,LN00001451,2014-01-24,1598289.05,Approved,2026-07-25 01:44:21.440147,,Loan Management System
APP00002359,CUST00004426,LN00002409,2014-03-14,566062.55,Approved,2026-07-25 01:44:21.440147,,Loan Management System
APP00002360,CUST00004666,LN00000975,2017-06-09,479570.11,Approved,2026-07-25 01:44:21.440147,,Loan Management System
APP00002361,CUST00004454,LN00000395,2012-07-20,1836473.68,Approved,2026-07-25 01:44:21.440147,,Loan Management System
APP00002362,CUST00004352,LN00002438,2017-02-08,7149267.66,Approved,2026-07-25 01:44:21.440147,,Loan Management System
APP00002363,CUST00003895,LN00001281,2012-03-27,1285037.64,Approved,2026-07-25 01:44:21.440147,,Loan Management System
APP00002364,CUST00002308,,2020-06-14,2371847.06,Rejected,2026-07-25 01:44:21.441113,,Loan Management System
APP00002365,CUST00000679,,2024-11-10,2429403.2,Rejected,2026-07-25 01:44:21.441113,,Loan Management System
APP00002366,CUST00001935,,2018-09-13,10325597.52,Rejected,2026-07-25 01:44:21.441113,,Loan Management System
APP00002367,CUST00003409,LN00001691,2025-05-31,8676895.52,Approved,2026-07-25 01:44:21.441113,,Loan Management System
APP00002368,CUST00004821,LN00002038,2024-05-07,461375.25,Approved,2026-07-25 01:44:21.441113,,Loan Management System
APP00002369,CUST00004051,LN00000163,2012-03-26,7048473.16,Approved,2026-07-25 01:44:21.442114,,Loan Management System
APP00002370,CUST00004166,,2014-01-30,1111832.23,Cancelled,2026-07-25 01:44:21.442114,,Loan Management System
APP00002371,CUST00003316,LN00002472,2012-05-10,662641.23,Approved,2026-07-25 01:44:21.442114,,Loan Management System
APP00002372,CUST00004171,LN00000103,2012-10-06,1706772.77,Approved,2026-07-25 01:44:21.442114,,Loan Management System
APP00002373,CUST00004787,LN00000431,2016-12-05,1518245.56,Approved,2026-07-25 01:44:21.442114,,Loan Management System
APP00002374,CUST00001210,,2024-06-18,6415542.25,Pending,2026-07-25 01:44:21.442114,,Loan Management System
APP00002375,CUST00003493,LN00000478,2016-07-06,2114446.41,Approved,2026-07-25 01:44:21.442114,,Loan Management System
APP00002376,CUST00001037,LN00002348,2025-03-10,2550902.87,Approved,2026-07-25 01:44:21.442114,,Loan Management System
APP00002377,CUST00004370,,2021-02-18,2269752.24,Rejected,2026-07-25 01:44:21.442114,,Loan Management System
APP00002378,CUST00003929,LN00001659,2017-03-09,1002851.46,Approved,2026-07-25 01:44:21.442114,,Loan Management System
APP00002379,CUST00004056,LN00002098,2018-05-07,6910636.75,Approved,2026-07-25 01:44:21.443216,,Loan Management System
APP00002380,CUST00004266,,2026-04-27,389896.22,Pending,2026-07-25 01:44:21.443216,,Loan Management System
APP00002381,CUST00002371,,2020-09-03,1346936.08,Rejected,2026-07-25 01:44:21.443216,,Loan Management System
APP00002382,CUST00002321,LN00001861,2012-11-10,1979922.25,Approved,2026-07-25 01:44:21.443216,,Loan Management System
APP00002383,CUST00001670,LN00001471,2022-08-21,3449285.41,Approved,2026-07-25 01:44:21.443216,,Loan Management System
APP00002384,CUST00003914,,2016-01-21,385597.31,Pending,2026-07-25 01:44:21.443216,,Loan Management System
APP00002385,CUST00004339,,2018-01-29,1249501.1,Pending,2026-07-25 01:44:21.444215,,Loan Management System
APP00002386,CUST00004009,LN00000188,2024-04-18,1554813.57,Approved,2026-07-25 01:44:21.444215,,Loan Management System
APP00002387,CUST00000296,LN00000381,2023-12-22,7170008.49,Approved,2026-07-25 01:44:21.444215,,Loan Management System
APP00002388,CUST00000199,LN00000167,2022-03-13,2656165.06,Approved,2026-07-25 01:44:21.444215,,Loan Management System
APP00002389,CUST00001632,LN00001820,2015-12-01,2024582.1,Approved,2026-07-25 01:44:21.444215,,Loan Management System
APP00002390,CUST00001764,,2014-06-29,9913063.11,Pending,2026-07-25 01:44:21.444215,,Loan Management System
APP00002391,CUST00000979,LN00001683,2019-03-17,6067584.96,Approved,2026-07-25 01:44:21.444215,,Loan Management System
APP00002392,CUST00004528,LN00002239,2023-07-17,8233479.32,Approved,2026-07-25 01:44:21.444215,,Loan Management System
APP00002393,CUST00002849,,2014-01-03,19066301.25,Rejected,2026-07-25 01:44:21.444215,,Loan Management System
APP00002394,CUST00001827,,2022-01-29,1845062.31,Pending,2026-07-25 01:44:21.445203,,Loan Management System
APP00002395,CUST00002279,LN00001443,2023-07-22,698905.15,Approved,2026-07-25 01:44:21.445203,,Loan Management System
APP00002396,CUST00000540,,2023-02-22,8434039.85,Cancelled,2026-07-25 01:44:21.445203,,Loan Management System
APP00002397,CUST00002736,LN00002188,2021-07-24,1208691.3,Approved,2026-07-25 01:44:21.445203,,Loan Management System
APP00002398,CUST00002088,,2012-03-21,2421662.58,Cancelled,2026-07-25 01:44:21.445203,,Loan Management System
APP00002399,CUST00000121,LN00002253,2023-01-17,699262.76,Approved,2026-07-25 01:44:21.445203,,Loan Management System
APP00002400,CUST00004475,,2026-07-07,1623073.29,Rejected,2026-07-25 01:44:21.446216,,Loan Management System
APP00002401,CUST00003086,LN00001796,2021-08-14,2476694.31,Approved,2026-07-25 01:44:21.446216,,Loan Management System
APP00002402,CUST00001086,LN00002300,2024-01-09,885859.52,Approved,2026-07-25 01:44:21.446216,,Loan Management System
APP00002403,CUST00002567,,2012-05-26,492944.2,Pending,2026-07-25 01:44:21.446216,,Loan Management System
APP00002404,CUST00000039,LN00001362,2020-11-21,13567624.09,Approved,2026-07-25 01:44:21.446216,,Loan Management System
APP00002405,CUST00002948,LN00000678,2014-06-05,986561.36,Approved,2026-07-25 01:44:21.446216,,Loan Management System
APP00002406,CUST00003488,,2017-11-24,8287447.73,Pending,2026-07-25 01:44:21.446216,,Loan Management System
APP00002407,CUST00003533,LN00001293,2022-03-13,2524106.7,Approved,2026-07-25 01:44:21.446216,,Loan Management System
APP00002408,CUST00003906,,2017-04-23,1179602.24,Rejected,2026-07-25 01:44:21.447215,,Loan Management System
APP00002409,CUST00004144,,2025-06-20,2382411.82,Pending,2026-07-25 01:44:21.447215,,Loan Management System
APP00002410,CUST00001897,LN00001892,2026-03-15,1815995.63,Approved,2026-07-25 01:44:21.447215,,Loan Management System
APP00002411,CUST00002805,LN00001283,2024-05-05,189111.09,Approved,2026-07-25 01:44:21.447215,,Loan Management System
APP00002412,CUST00000191,LN00002217,2025-03-31,5545770.3,Approved,2026-07-25 01:44:21.447215,,Loan Management System
APP00002413,CUST00000151,,2025-11-25,1107956.72,Cancelled,2026-07-25 01:44:21.447215,,Loan Management System
APP00002414,CUST00003648,LN00001816,2021-07-17,3872911.14,Approved,2026-07-25 01:44:21.447215,,Loan Management System
APP00002415,CUST00004852,LN00000145,2013-10-17,4373422.78,Approved,2026-07-25 01:44:21.447215,,Loan Management System
APP00002416,CUST00001341,LN00001265,2021-09-22,2477767.26,Approved,2026-07-25 01:44:21.447215,,Loan Management System
APP00002417,CUST00002284,,2013-11-06,19331088.56,Cancelled,2026-07-25 01:44:21.448208,,Loan Management System
APP00002418,CUST00004915,,2016-09-03,943132.75,Pending,2026-07-25 01:44:21.448208,,Loan Management System
APP00002419,CUST00000994,LN00000699,2015-02-25,1001492.93,Approved,2026-07-25 01:44:21.448208,,Loan Management System
APP00002420,CUST00004489,,2024-09-23,1142390.73,Rejected,2026-07-25 01:44:21.448208,,Loan Management System
APP00002421,CUST00004057,LN00001509,2024-05-31,8186891.17,Approved,2026-07-25 01:44:21.448208,,Loan Management System
APP00002422,CUST00002717,LN00002301,2023-02-18,2645046.46,Approved,2026-07-25 01:44:21.448208,,Loan Management System
APP00002423,CUST00002284,,2023-12-17,9715972.94,Pending,2026-07-25 01:44:21.449116,,Loan Management System
APP00002424,CUST00004385,,2018-08-26,2032895.62,Pending,2026-07-25 01:44:21.449116,,Loan Management System
APP00002425,CUST00000539,LN00002433,2016-12-22,693058.15,Approved,2026-07-25 01:44:21.449116,,Loan Management System
APP00002426,CUST00002123,,2022-07-18,2636388.58,Rejected,2026-07-25 01:44:21.449116,,Loan Management System
APP00002427,CUST00005000,LN00002122,2020-04-30,977712.68,Approved,2026-07-25 01:44:21.449116,,Loan Management System
APP00002428,CUST00004604,LN00000155,2018-03-28,420673.28,Approved,2026-07-25 01:44:21.449116,,Loan Management System
APP00002429,CUST00001059,LN00000179,2015-10-15,2798584.1,Approved,2026-07-25 01:44:21.449116,,Loan Management System
APP00002430,CUST00004174,LN00000486,2020-11-10,11303224.57,Approved,2026-07-25 01:44:21.449116,,Loan Management System
APP00002431,CUST00003135,,2025-07-30,4820487.57,Pending,2026-07-25 01:44:21.449116,,Loan Management System
APP00002432,CUST00004165,LN00001715,2012-04-09,1353351.47,Approved,2026-07-25 01:44:21.450121,,Loan Management System
APP00002433,CUST00004439,,2024-03-02,1246326.21,Cancelled,2026-07-25 01:44:21.450121,,Loan Management System
APP00002434,CUST00004872,,2019-10-21,2599119.93,Rejected,2026-07-25 01:44:21.450121,,Loan Management System
APP00002435,CUST00001169,,2024-06-25,316317.33,Rejected,2026-07-25 01:44:21.450121,,Loan Management System
APP00002436,CUST00004779,LN00002356,2023-10-10,1319367.2,Approved,2026-07-25 01:44:21.450121,,Loan Management System
APP00002437,CUST00000964,,2026-04-25,707034.41,Pending,2026-07-25 01:44:21.451196,,Loan Management System
APP00002438,CUST00000926,,2017-12-03,2314920.67,Rejected,2026-07-25 01:44:21.451196,,Loan Management System
APP00002439,CUST00000356,LN00001788,2015-02-01,4732294.34,Approved,2026-07-25 01:44:21.451196,,Loan Management System
APP00002440,CUST00001269,,2020-04-29,67118.69,Rejected,2026-07-25 01:44:21.451196,,Loan Management System
APP00002441,CUST00000208,LN00000765,2013-09-14,1031001.71,Approved,2026-07-25 01:44:21.451196,,Loan Management System
APP00002442,CUST00000413,LN00001703,2015-03-06,6983785.95,Approved,2026-07-25 01:44:21.451196,,Loan Management System
APP00002443,CUST00000011,,2016-11-08,2506393.88,Rejected,2026-07-25 01:44:21.452140,,Loan Management System
APP00002444,CUST00002541,LN00002487,2020-04-18,496310.29,Approved,2026-07-25 01:44:21.452140,,Loan Management System
APP00002445,CUST00000928,LN00000498,2015-12-29,891981.98,Approved,2026-07-25 01:44:21.452140,,Loan Management System
APP00002446,CUST00000560,LN00000220,2020-08-08,2376389.23,Approved,2026-07-25 01:44:21.452140,,Loan Management System
APP00002447,CUST00001078,LN00001965,2015-05-19,448988.51,Approved,2026-07-25 01:44:21.452140,,Loan Management System
APP00002448,CUST00003919,LN00000264,2016-11-05,2669881.88,Approved,2026-07-25 01:44:21.452140,,Loan Management System
APP00002449,CUST00003437,LN00000048,2024-05-22,2078725.46,Approved,2026-07-25 01:44:21.452140,,Loan Management System
APP00002450,CUST00000763,,2014-07-08,442005.17,Cancelled,2026-07-25 01:44:21.452140,,Loan Management System
APP00002451,CUST00002496,LN00001736,2018-07-03,951495.91,Approved,2026-07-25 01:44:21.452140,,Loan Management System
APP00002452,CUST00000450,LN00001043,2016-02-24,349914.26,Approved,2026-07-25 01:44:21.452140,,Loan Management System
APP00002453,CUST00002073,LN00002305,2022-10-25,2683717.81,Approved,2026-07-25 01:44:21.452140,,Loan Management System
APP00002454,CUST00002085,LN00001365,2018-05-27,20804483.69,Approved,2026-07-25 01:44:21.452140,,Loan Management System
APP00002455,CUST00003873,LN00000174,2017-12-11,2993147.99,Approved,2026-07-25 01:44:21.452140,,Loan Management System
APP00002456,CUST00000737,LN00001710,2016-08-26,782692.42,Approved,2026-07-25 01:44:21.452140,,Loan Management System
APP00002457,CUST00001827,LN00000922,2021-12-21,19199353.33,Approved,2026-07-25 01:44:21.452140,,Loan Management System
APP00002458,CUST00003524,,2017-09-10,731701.04,Rejected,2026-07-25 01:44:21.453114,,Loan Management System
APP00002459,CUST00003710,LN00001686,2024-03-11,2435150.37,Approved,2026-07-25 01:44:21.453114,,Loan Management System
APP00002460,CUST00001217,LN00002315,2024-07-01,19047964.77,Approved,2026-07-25 01:44:21.453114,,Loan Management System
APP00002461,CUST00003974,LN00000577,2014-03-16,7551703.44,Approved,2026-07-25 01:44:21.453114,,Loan Management System
APP00002462,CUST00003351,,2025-07-28,1067720.01,Cancelled,2026-07-25 01:44:21.453114,,Loan Management System
APP00002463,CUST00003820,LN00001002,2016-02-10,6663941.3,Approved,2026-07-25 01:44:21.453114,,Loan Management System
APP00002464,CUST00004267,,2020-02-26,5251898.94,Pending,2026-07-25 01:44:21.454121,,Loan Management System
APP00002465,CUST00004947,LN00002350,2023-10-08,3948637.36,Approved,2026-07-25 01:44:21.454121,,Loan Management System
APP00002466,CUST00004409,,2022-05-16,596035.16,Pending,2026-07-25 01:44:21.454121,,Loan Management System
APP00002467,CUST00003389,,2013-09-01,19540221.69,Rejected,2026-07-25 01:44:21.454121,,Loan Management System
APP00002468,CUST00003992,,2023-02-24,5932927.08,Cancelled,2026-07-25 01:44:21.455118,,Loan Management System
APP00002469,CUST00001488,LN00001744,2011-12-15,287533.8,Approved,2026-07-25 01:44:21.455118,,Loan Management System
APP00002470,CUST00003267,LN00000536,2013-08-15,2057357.88,Approved,2026-07-25 01:44:21.455118,,Loan Management System
APP00002471,CUST00003516,LN00001473,2012-10-06,420748.08,Approved,2026-07-25 01:44:21.455118,,Loan Management System
APP00002472,CUST00000831,LN00000710,2022-10-26,1072417.33,Approved,2026-07-25 01:44:21.455118,,Loan Management System
APP00002473,CUST00001563,LN00000272,2013-08-10,476014.06,Approved,2026-07-25 01:44:21.455118,,Loan Management System
APP00002474,CUST00003351,,2019-02-24,619905.28,Rejected,2026-07-25 01:44:21.455118,,Loan Management System
APP00002475,CUST00002955,,2014-08-01,341447.44,Cancelled,2026-07-25 01:44:21.455118,,Loan Management System
APP00002476,CUST00000175,LN00000701,2019-07-28,563985.19,Approved,2026-07-25 01:44:21.455118,,Loan Management System
APP00002477,CUST00002604,LN00001449,2025-07-05,568289.79,Approved,2026-07-25 01:44:21.455118,,Loan Management System
APP00002478,CUST00001182,LN00002131,2024-10-17,1141041.15,Approved,2026-07-25 01:44:21.455118,,Loan Management System
APP00002479,CUST00002643,,2017-07-06,5289611.97,Rejected,2026-07-25 01:44:21.456115,,Loan Management System
APP00002480,CUST00003673,LN00000870,2019-06-09,1256894.77,Approved,2026-07-25 01:44:21.456115,,Loan Management System
APP00002481,CUST00001864,LN00001868,2022-01-23,493861.17,Approved,2026-07-25 01:44:21.456115,,Loan Management System
APP00002482,CUST00004537,LN00001050,2023-09-18,983626.43,Approved,2026-07-25 01:44:21.456115,,Loan Management System
APP00002483,CUST00001060,,2024-04-20,145581.2,Rejected,2026-07-25 01:44:21.456115,,Loan Management System
APP00002484,CUST00003195,LN00002141,2017-05-11,373548.22,Approved,2026-07-25 01:44:21.456115,,Loan Management System
APP00002485,CUST00004763,LN00002017,2021-02-16,1595408.13,Approved,2026-07-25 01:44:21.456115,,Loan Management System
APP00002486,CUST00001520,LN00000769,2020-06-08,800644.46,Approved,2026-07-25 01:44:21.456115,,Loan Management System
APP00002487,CUST00003396,,2018-02-20,8847167.67,Rejected,2026-07-25 01:44:21.457115,,Loan Management System
APP00002488,CUST00002778,,2012-05-28,1079115.28,Rejected,2026-07-25 01:44:21.457115,,Loan Management System
APP00002489,CUST00003181,,2014-05-02,7849615.61,Pending,2026-07-25 01:44:21.457115,,Loan Management System
APP00002490,CUST00000466,,2026-02-01,1792935.22,Rejected,2026-07-25 01:44:21.458120,,Loan Management System
APP00002491,CUST00000296,LN00002456,2011-11-14,2879332.55,Approved,2026-07-25 01:44:21.458120,,Loan Management System
APP00002492,CUST00003896,LN00000554,2022-01-02,419428.47,Approved,2026-07-25 01:44:21.458120,,Loan Management System
APP00002493,CUST00001153,LN00001377,2016-06-01,2798896.95,Approved,2026-07-25 01:44:21.458120,,Loan Management System
APP00002494,CUST00001596,,2022-07-29,1652521.77,Rejected,2026-07-25 01:44:21.458120,,Loan Management System
APP00002495,CUST00001511,LN00002326,2020-02-03,1638158.73,Approved,2026-07-25 01:44:21.458120,,Loan Management System
APP00002496,CUST00002231,,2023-02-03,4152589.41,Pending,2026-07-25 01:44:21.458120,,Loan Management System
APP00002497,CUST00001400,,2015-01-29,401863.59,Rejected,2026-07-25 01:44:21.459114,,Loan Management System
APP00002498,CUST00000952,LN00000074,2021-04-15,7454027.56,Approved,2026-07-25 01:44:21.459114,,Loan Management System
APP00002499,CUST00002646,LN00002036,2016-02-25,1425516.05,Approved,2026-07-25 01:44:21.459114,,Loan Management System
APP00002500,CUST00000360,,2020-04-17,1341533.04,Rejected,2026-07-25 01:44:21.459114,,Loan Management System
APP00002501,CUST00004935,,2011-11-26,1163082.03,Rejected,2026-07-25 01:44:21.459114,,Loan Management System
APP00002502,CUST00001087,LN00002027,2012-10-12,2632057.66,Approved,2026-07-25 01:44:21.459114,,Loan Management System
APP00002503,CUST00003867,,2019-08-17,858675.05,Pending,2026-07-25 01:44:21.460114,,Loan Management System
APP00002504,CUST00004787,LN00000963,2023-04-16,618290.11,Approved,2026-07-25 01:44:21.460114,,Loan Management System
APP00002505,CUST00003496,LN00002093,2026-02-09,5658023.9,Approved,2026-07-25 01:44:21.460114,,Loan Management System
APP00002506,CUST00004166,,2021-10-15,1972112.73,Rejected,2026-07-25 01:44:21.460114,,Loan Management System
APP00002507,CUST00000446,LN00000780,2025-07-09,1502462.94,Approved,2026-07-25 01:44:21.460114,,Loan Management System
APP00002508,CUST00001637,,2015-05-15,16410745.13,Pending,2026-07-25 01:44:21.460114,,Loan Management System
APP00002509,CUST00003196,,2015-11-09,5907935.46,Cancelled,2026-07-25 01:44:21.460114,,Loan Management System
APP00002510,CUST00000969,LN00000620,2016-01-27,3833109.91,Approved,2026-07-25 01:44:21.461209,,Loan Management System
APP00002511,CUST00000887,,2025-04-04,2091705.79,Rejected,2026-07-25 01:44:21.461209,,Loan Management System
APP00002512,CUST00002170,,2016-10-04,9330906.63,Cancelled,2026-07-25 01:44:21.461209,,Loan Management System
APP00002513,CUST00002053,LN00000040,2025-03-07,3984492.33,Approved,2026-07-25 01:44:21.461209,,Loan Management System
APP00002514,CUST00000510,LN00001175,2017-12-23,8777794.94,Approved,2026-07-25 01:44:21.461209,,Loan Management System
APP00002515,CUST00003606,LN00001505,2024-03-14,1907412.73,Approved,2026-07-25 01:44:21.461209,,Loan Management System
APP00002516,CUST00003484,LN00000022,2020-01-30,2016146.76,Approved,2026-07-25 01:44:21.461209,,Loan Management System
APP00002517,CUST00002506,LN00001701,2017-02-03,1139743.41,Approved,2026-07-25 01:44:21.461209,,Loan Management System
APP00002518,CUST00003254,LN00002340,2017-11-13,1128779.59,Approved,2026-07-25 01:44:21.461209,,Loan Management System
APP00002519,CUST00001313,LN00000065,2017-11-22,1545001.0,Approved,2026-07-25 01:44:21.461209,,Loan Management System
APP00002520,CUST00003069,LN00002329,2025-09-22,3856953.46,Approved,2026-07-25 01:44:21.461209,,Loan Management System
APP00002521,CUST00001896,LN00000682,2018-05-20,7843760.65,Approved,2026-07-25 01:44:21.461209,,Loan Management System
APP00002522,CUST00004931,LN00000165,2013-05-25,8428718.25,Approved,2026-07-25 01:44:21.461209,,Loan Management System
APP00002523,CUST00001207,LN00001834,2021-08-28,5628191.81,Approved,2026-07-25 01:44:21.461209,,Loan Management System
APP00002524,CUST00004282,LN00000939,2024-03-23,1372609.43,Approved,2026-07-25 01:44:21.461209,,Loan Management System
APP00002525,CUST00002834,LN00001345,2015-01-04,1891121.23,Approved,2026-07-25 01:44:21.461209,,Loan Management System
APP00002526,CUST00001947,LN00001556,2019-05-02,196943.29,Approved,2026-07-25 01:44:21.461209,,Loan Management System
APP00002527,CUST00003090,LN00002240,2018-11-04,6281433.67,Approved,2026-07-25 01:44:21.461209,,Loan Management System
APP00002528,CUST00004286,LN00000559,2014-04-18,4801749.48,Approved,2026-07-25 01:44:21.461209,,Loan Management System
APP00002529,CUST00002138,LN00000083,2012-11-06,896016.07,Approved,2026-07-25 01:44:21.461209,,Loan Management System
APP00002530,CUST00000377,,2021-02-10,1074192.95,Pending,2026-07-25 01:44:21.462213,,Loan Management System
APP00002531,CUST00002481,LN00001838,2015-04-27,3337482.58,Approved,2026-07-25 01:44:21.462213,,Loan Management System
APP00002532,CUST00001292,LN00000887,2012-05-30,853950.08,Approved,2026-07-25 01:44:21.462213,,Loan Management System
APP00002533,CUST00003480,LN00002390,2021-10-03,888309.74,Approved,2026-07-25 01:44:21.462213,,Loan Management System
APP00002534,CUST00002236,LN00000539,2017-09-03,1168435.81,Approved,2026-07-25 01:44:21.462213,,Loan Management System
APP00002535,CUST00000652,,2023-03-16,1443410.0,Cancelled,2026-07-25 01:44:21.462213,,Loan Management System
APP00002536,CUST00002748,LN00000628,2016-10-04,14425925.74,Approved,2026-07-25 01:44:21.462213,,Loan Management System
APP00002537,CUST00001498,LN00001435,2015-06-30,4376377.45,Approved,2026-07-25 01:44:21.462213,,Loan Management System
APP00002538,CUST00001318,LN00002424,2018-02-28,484052.17,Approved,2026-07-25 01:44:21.462213,,Loan Management System
APP00002539,CUST00001432,,2017-04-13,986865.91,Rejected,2026-07-25 01:44:21.462213,,Loan Management System
APP00002540,CUST00002750,,2016-04-07,2428074.05,Rejected,2026-07-25 01:44:21.463231,,Loan Management System
APP00002541,CUST00004295,LN00002465,2018-09-06,1461390.05,Approved,2026-07-25 01:44:21.463231,,Loan Management System
APP00002542,CUST00002356,,2026-03-21,2988088.17,Rejected,2026-07-25 01:44:21.463231,,Loan Management System
APP00002543,CUST00001259,,2016-04-09,444131.78,Pending,2026-07-25 01:44:21.463231,,Loan Management System
APP00002544,CUST00003892,LN00000107,2020-07-20,4642681.71,Approved,2026-07-25 01:44:21.463231,,Loan Management System
APP00002545,CUST00003822,LN00000342,2016-03-19,1020531.09,Approved,2026-07-25 01:44:21.463231,,Loan Management System
APP00002546,CUST00000616,LN00002432,2011-12-04,2662730.13,Approved,2026-07-25 01:44:21.463231,,Loan Management System
APP00002547,CUST00002841,LN00001003,2021-11-29,1077454.19,Approved,2026-07-25 01:44:21.463231,,Loan Management System
APP00002548,CUST00000943,,2020-05-12,1190137.58,Pending,2026-07-25 01:44:21.464220,,Loan Management System
APP00002549,CUST00002784,,2024-08-01,1780490.28,Cancelled,2026-07-25 01:44:21.464220,,Loan Management System
APP00002550,CUST00000095,LN00001828,2012-07-15,304911.26,Approved,2026-07-25 01:44:21.464220,,Loan Management System
APP00002551,CUST00001857,LN00001066,2015-03-06,9843339.09,Approved,2026-07-25 01:44:21.464220,,Loan Management System
APP00002552,CUST00002460,,2025-04-06,3871414.31,Pending,2026-07-25 01:44:21.464220,,Loan Management System
APP00002553,CUST00003608,,2026-02-23,1692754.19,Pending,2026-07-25 01:44:21.464220,,Loan Management System
APP00002554,CUST00001515,,2025-03-18,864258.52,Pending,2026-07-25 01:44:21.465218,,Loan Management System
APP00002555,CUST00002593,LN00000574,2025-05-06,1066258.67,Approved,2026-07-25 01:44:21.465218,,Loan Management System
APP00002556,CUST00000817,,2018-06-08,2200472.28,Pending,2026-07-25 01:44:21.465218,,Loan Management System
APP00002557,CUST00002229,,2022-10-19,1476233.33,Rejected,2026-07-25 01:44:21.465218,,Loan Management System
APP00002558,CUST00003560,LN00001052,2019-10-16,2544315.18,Approved,2026-07-25 01:44:21.465218,,Loan Management System
APP00002559,CUST00003739,,2023-02-22,367710.75,Rejected,2026-07-25 01:44:21.465218,,Loan Management System
APP00002560,CUST00001743,LN00000394,2020-08-27,1804149.85,Approved,2026-07-25 01:44:21.465218,,Loan Management System
APP00002561,CUST00004712,,2023-10-31,14448937.47,Rejected,2026-07-25 01:44:21.466223,,Loan Management System
APP00002562,CUST00004889,,2011-12-30,1087723.47,Pending,2026-07-25 01:44:21.466223,,Loan Management System
APP00002563,CUST00003735,,2022-09-17,1435794.42,Rejected,2026-07-25 01:44:21.466223,,Loan Management System
APP00002564,CUST00003984,,2020-01-09,2285779.85,Rejected,2026-07-25 01:44:21.467120,,Loan Management System
APP00002565,CUST00002919,,2016-08-03,1269139.87,Rejected,2026-07-25 01:44:21.467120,,Loan Management System
APP00002566,CUST00000826,,2015-12-23,2034256.38,Pending,2026-07-25 01:44:21.467120,,Loan Management System
APP00002567,CUST00001337,,2018-09-06,1733951.49,Rejected,2026-07-25 01:44:21.467120,,Loan Management System
APP00002568,CUST00001522,LN00000518,2019-01-07,1480706.11,Approved,2026-07-25 01:44:21.467120,,Loan Management System
APP00002569,CUST00004301,LN00000748,2026-02-20,898532.21,Approved,2026-07-25 01:44:21.468116,,Loan Management System
APP00002570,CUST00001719,LN00000347,2018-12-09,1472043.0,Approved,2026-07-25 01:44:21.468116,,Loan Management System
APP00002571,CUST00003502,LN00001893,2015-03-19,2255554.46,Approved,2026-07-25 01:44:21.468116,,Loan Management System
APP00002572,CUST00004642,LN00001209,2012-02-05,3340012.94,Approved,2026-07-25 01:44:21.468116,,Loan Management System
APP00002573,CUST00004432,,2025-06-11,790090.93,Cancelled,2026-07-25 01:44:21.468116,,Loan Management System
APP00002574,CUST00000819,,2014-10-17,857659.65,Rejected,2026-07-25 01:44:21.468116,,Loan Management System
APP00002575,CUST00004711,LN00001274,2021-06-22,7705040.86,Approved,2026-07-25 01:44:21.468116,,Loan Management System
APP00002576,CUST00003003,LN00000033,2019-02-06,1430187.12,Approved,2026-07-25 01:44:21.468116,,Loan Management System
APP00002577,CUST00001293,LN00001014,2017-01-06,2157159.78,Approved,2026-07-25 01:44:21.468116,,Loan Management System
APP00002578,CUST00000503,,2022-06-03,1706487.63,Rejected,2026-07-25 01:44:21.468116,,Loan Management System
APP00002579,CUST00003238,,2024-11-30,2382967.29,Rejected,2026-07-25 01:44:21.469216,,Loan Management System
APP00002580,CUST00002218,LN00001638,2024-03-28,96731.64,Approved,2026-07-25 01:44:21.469216,,Loan Management System
APP00002581,CUST00003854,LN00001235,2025-07-20,9528113.35,Approved,2026-07-25 01:44:21.469216,,Loan Management System
APP00002582,CUST00001862,LN00002271,2021-10-13,9491888.91,Approved,2026-07-25 01:44:21.469216,,Loan Management System
APP00002583,CUST00004343,LN00002158,2022-08-16,249737.12,Approved,2026-07-25 01:44:21.469216,,Loan Management System
APP00002584,CUST00000832,LN00001611,2014-09-03,3224941.69,Approved,2026-07-25 01:44:21.469216,,Loan Management System
APP00002585,CUST00002474,LN00002314,2017-05-10,1672069.09,Approved,2026-07-25 01:44:21.469216,,Loan Management System
APP00002586,CUST00004850,,2014-08-23,17646760.61,Cancelled,2026-07-25 01:44:21.469216,,Loan Management System
APP00002587,CUST00003035,,2016-07-23,3423974.82,Rejected,2026-07-25 01:44:21.470117,,Loan Management System
APP00002588,CUST00001670,LN00001457,2017-01-26,875514.68,Approved,2026-07-25 01:44:21.470117,,Loan Management System
APP00002589,CUST00001791,LN00000599,2014-10-21,683568.88,Approved,2026-07-25 01:44:21.470117,,Loan Management System
APP00002590,CUST00001839,LN00000657,2022-09-18,7712551.44,Approved,2026-07-25 01:44:21.470117,,Loan Management System
APP00002591,CUST00004726,LN00001299,2018-05-30,1209391.39,Approved,2026-07-25 01:44:21.470117,,Loan Management System
APP00002592,CUST00000436,LN00000404,2020-07-30,1055330.21,Approved,2026-07-25 01:44:21.470117,,Loan Management System
APP00002593,CUST00003527,,2024-07-16,8159625.66,Pending,2026-07-25 01:44:21.470117,,Loan Management System
APP00002594,CUST00004140,LN00001370,2019-04-17,1355845.72,Approved,2026-07-25 01:44:21.470117,,Loan Management System
APP00002595,CUST00000828,,2023-02-15,232053.4,Cancelled,2026-07-25 01:44:21.470117,,Loan Management System
APP00002596,CUST00001264,LN00002095,2021-04-11,2642500.26,Approved,2026-07-25 01:44:21.470117,,Loan Management System
APP00002597,CUST00003642,LN00000228,2013-04-27,1141543.71,Approved,2026-07-25 01:44:21.470117,,Loan Management System
APP00002598,CUST00000233,LN00000307,2024-10-19,258072.8,Approved,2026-07-25 01:44:21.470117,,Loan Management System
APP00002599,CUST00002704,,2017-08-09,3471027.4,Rejected,2026-07-25 01:44:21.471217,,Loan Management System
APP00002600,CUST00004628,LN00000807,2017-03-03,2977186.12,Approved,2026-07-25 01:44:21.471217,,Loan Management System
APP00002601,CUST00000671,,2024-03-22,3389558.87,Rejected,2026-07-25 01:44:21.471217,,Loan Management System
APP00002602,CUST00001136,LN00001388,2013-12-07,901968.6,Approved,2026-07-25 01:44:21.471217,,Loan Management System
APP00002603,CUST00000169,LN00001912,2023-03-12,2069870.99,Approved,2026-07-25 01:44:21.471217,,Loan Management System
APP00002604,CUST00004938,,2024-12-20,9714017.3,Rejected,2026-07-25 01:44:21.471217,,Loan Management System
APP00002605,CUST00002011,LN00001279,2016-01-24,3505339.19,Approved,2026-07-25 01:44:21.471217,,Loan Management System
APP00002606,CUST00002010,LN00002057,2011-08-15,21290457.15,Approved,2026-07-25 01:44:21.471217,,Loan Management System
APP00002607,CUST00004781,,2015-12-30,6870515.85,Rejected,2026-07-25 01:44:21.472167,,Loan Management System
APP00002608,CUST00003386,LN00000363,2018-06-18,315370.54,Approved,2026-07-25 01:44:21.472167,,Loan Management System
APP00002609,CUST00000317,LN00000142,2019-04-12,831162.06,Approved,2026-07-25 01:44:21.472167,,Loan Management System
APP00002610,CUST00003884,LN00000758,2019-06-03,260545.99,Approved,2026-07-25 01:44:21.472167,,Loan Management System
APP00002611,CUST00000614,,2026-01-16,1010656.74,Rejected,2026-07-25 01:44:21.472167,,Loan Management System
APP00002612,CUST00000579,LN00000175,2017-12-01,905355.56,Approved,2026-07-25 01:44:21.472167,,Loan Management System
APP00002613,CUST00002835,,2019-07-26,17551414.63,Rejected,2026-07-25 01:44:21.472167,,Loan Management System
APP00002614,CUST00003926,LN00000696,2018-12-04,2262005.21,Approved,2026-07-25 01:44:21.472167,,Loan Management System
APP00002615,CUST00002127,,2026-04-20,5905935.15,Pending,2026-07-25 01:44:21.473166,,Loan Management System
APP00002616,CUST00001615,,2022-05-10,952382.52,Rejected,2026-07-25 01:44:21.473166,,Loan Management System
APP00002617,CUST00004207,LN00002455,2012-11-23,15712515.29,Approved,2026-07-25 01:44:21.473166,,Loan Management System
APP00002618,CUST00000463,,2021-06-07,2570878.28,Rejected,2026-07-25 01:44:21.473166,,Loan Management System
APP00002619,CUST00001331,,2022-02-13,2226575.95,Rejected,2026-07-25 01:44:21.473166,,Loan Management System
APP00002620,CUST00004406,LN00001161,2016-07-29,3122941.07,Approved,2026-07-25 01:44:21.474155,,Loan Management System
APP00002621,CUST00004282,LN00001376,2023-09-16,9155564.5,Approved,2026-07-25 01:44:21.474155,,Loan Management System
APP00002622,CUST00003210,LN00002396,2019-08-14,2185317.66,Approved,2026-07-25 01:44:21.474155,,Loan Management System
APP00002623,CUST00001014,LN00001771,2022-05-28,5466337.88,Approved,2026-07-25 01:44:21.474155,,Loan Management System
APP00002624,CUST00000700,LN00000917,2011-12-13,973846.98,Approved,2026-07-25 01:44:21.474155,,Loan Management System
APP00002625,CUST00004888,LN00002187,2016-03-03,1274109.36,Approved,2026-07-25 01:44:21.474155,,Loan Management System
APP00002626,CUST00002789,LN00001172,2015-05-17,2176525.2,Approved,2026-07-25 01:44:21.474155,,Loan Management System
APP00002627,CUST00004584,,2016-08-20,654882.69,Rejected,2026-07-25 01:44:21.474155,,Loan Management System
APP00002628,CUST00001777,LN00002477,2022-02-05,7384835.0,Approved,2026-07-25 01:44:21.474155,,Loan Management System
APP00002629,CUST00000034,LN00000904,2019-05-30,761598.41,Approved,2026-07-25 01:44:21.474155,,Loan Management System
APP00002630,CUST00001219,,2026-05-18,140598.87,Pending,2026-07-25 01:44:21.474155,,Loan Management System
APP00002631,CUST00004188,LN00002289,2016-09-12,649435.09,Approved,2026-07-25 01:44:21.474155,,Loan Management System
APP00002632,CUST00004793,LN00001676,2012-12-18,243913.13,Approved,2026-07-25 01:44:21.474155,,Loan Management System
APP00002633,CUST00003406,LN00002471,2013-07-09,3209927.41,Approved,2026-07-25 01:44:21.474155,,Loan Management System
APP00002634,CUST00003363,,2017-05-23,8172083.43,Pending,2026-07-25 01:44:21.475227,,Loan Management System
APP00002635,CUST00002121,,2018-07-10,2493637.72,Pending,2026-07-25 01:44:21.475227,,Loan Management System
APP00002636,CUST00004268,,2021-04-01,3271836.41,Rejected,2026-07-25 01:44:21.475227,,Loan Management System
APP00002637,CUST00002107,LN00001201,2014-03-08,786549.83,Approved,2026-07-25 01:44:21.475227,,Loan Management System
APP00002638,CUST00002213,LN00001959,2020-11-22,894591.13,Approved,2026-07-25 01:44:21.475227,,Loan Management System
APP00002639,CUST00001421,,2016-12-10,1398070.31,Rejected,2026-07-25 01:44:21.476220,,Loan Management System
APP00002640,CUST00000457,,2026-03-26,284781.66,Pending,2026-07-25 01:44:21.476220,,Loan Management System
APP00002641,CUST00002895,LN00001572,2016-07-30,1498183.21,Approved,2026-07-25 01:44:21.476220,,Loan Management System
APP00002642,CUST00000032,,2024-10-24,2114480.14,Rejected,2026-07-25 01:44:21.476220,,Loan Management System
APP00002643,CUST00002514,LN00000350,2025-12-21,1654806.86,Approved,2026-07-25 01:44:21.476220,,Loan Management System
APP00002644,CUST00001335,,2019-11-09,5538224.98,Pending,2026-07-25 01:44:21.477146,,Loan Management System
APP00002645,CUST00002146,LN00000977,2018-10-08,5115746.35,Approved,2026-07-25 01:44:21.477146,,Loan Management System
APP00002646,CUST00003045,,2022-04-19,3303754.87,Cancelled,2026-07-25 01:44:21.477146,,Loan Management System
APP00002647,CUST00000706,LN00002099,2023-07-06,455701.99,Approved,2026-07-25 01:44:21.477146,,Loan Management System
APP00002648,CUST00002283,,2016-11-22,1231892.49,Pending,2026-07-25 01:44:21.477146,,Loan Management System
APP00002649,CUST00000396,,2022-05-10,825679.26,Cancelled,2026-07-25 01:44:21.477146,,Loan Management System
APP00002650,CUST00004677,LN00000969,2025-02-12,1194579.21,Approved,2026-07-25 01:44:21.477146,,Loan Management System
APP00002651,CUST00001399,,2011-08-23,859261.98,Pending,2026-07-25 01:44:21.478222,,Loan Management System
APP00002652,CUST00003958,LN00001976,2020-12-25,3555599.55,Approved,2026-07-25 01:44:21.478222,,Loan Management System
APP00002653,CUST00003076,LN00000278,2021-06-22,1686682.03,Approved,2026-07-25 01:44:21.478222,,Loan Management System
APP00002654,CUST00003708,LN00000081,2024-08-06,644246.88,Approved,2026-07-25 01:44:21.478222,,Loan Management System
APP00002655,CUST00001784,,2024-07-05,586076.57,Rejected,2026-07-25 01:44:21.478222,,Loan Management System
APP00002656,CUST00001563,LN00001548,2019-04-14,1144266.78,Approved,2026-07-25 01:44:21.478222,,Loan Management System
APP00002657,CUST00002944,LN00002496,2017-07-19,1163457.6,Approved,2026-07-25 01:44:21.478222,,Loan Management System
APP00002658,CUST00002888,LN00000912,2012-08-07,2661400.92,Approved,2026-07-25 01:44:21.478222,,Loan Management System
APP00002659,CUST00004065,LN00000301,2013-10-10,1548653.54,Approved,2026-07-25 01:44:21.478222,,Loan Management System
APP00002660,CUST00004024,LN00002285,2013-08-11,1792858.84,Approved,2026-07-25 01:44:21.478222,,Loan Management System
APP00002661,CUST00000640,LN00000233,2015-07-02,4223887.08,Approved,2026-07-25 01:44:21.478222,,Loan Management System
APP00002662,CUST00003808,LN00000511,2017-03-10,3229558.39,Approved,2026-07-25 01:44:21.479121,,Loan Management System
APP00002663,CUST00001443,LN00001737,2022-09-13,1668230.21,Approved,2026-07-25 01:44:21.479121,,Loan Management System
APP00002664,CUST00001932,LN00001414,2022-09-25,692278.15,Approved,2026-07-25 01:44:21.479121,,Loan Management System
APP00002665,CUST00002846,,2018-06-04,4750382.63,Rejected,2026-07-25 01:44:21.479121,,Loan Management System
APP00002666,CUST00003596,LN00000576,2016-01-16,93927.6,Approved,2026-07-25 01:44:21.479121,,Loan Management System
APP00002667,CUST00003534,,2019-09-07,2229581.2,Rejected,2026-07-25 01:44:21.479121,,Loan Management System
APP00002668,CUST00002194,LN00001434,2018-01-04,884761.23,Approved,2026-07-25 01:44:21.479121,,Loan Management System
APP00002669,CUST00003189,LN00002360,2016-03-29,1475704.12,Approved,2026-07-25 01:44:21.479121,,Loan Management System
APP00002670,CUST00002831,,2012-03-15,3481813.17,Rejected,2026-07-25 01:44:21.479121,,Loan Management System
APP00002671,CUST00002703,LN00001288,2019-01-20,17073175.1,Approved,2026-07-25 01:44:21.479121,,Loan Management System
APP00002672,CUST00000274,LN00001132,2019-10-19,1028063.71,Approved,2026-07-25 01:44:21.479121,,Loan Management System
APP00002673,CUST00000022,LN00001755,2017-09-28,4289046.61,Approved,2026-07-25 01:44:21.479121,,Loan Management System
APP00002674,CUST00001281,LN00000325,2022-05-23,1794237.02,Approved,2026-07-25 01:44:21.479121,,Loan Management System
APP00002675,CUST00000551,,2017-01-16,1456902.92,Cancelled,2026-07-25 01:44:21.480202,,Loan Management System
APP00002676,CUST00002434,LN00001994,2013-12-21,457007.8,Approved,2026-07-25 01:44:21.480202,,Loan Management System
APP00002677,CUST00000812,,2014-10-21,2449612.81,Rejected,2026-07-25 01:44:21.480202,,Loan Management System
APP00002678,CUST00000681,,2011-11-13,7372025.7,Rejected,2026-07-25 01:44:21.480202,,Loan Management System
APP00002679,CUST00004565,LN00001990,2017-05-14,1734885.3,Approved,2026-07-25 01:44:21.480202,,Loan Management System
APP00002680,CUST00003347,LN00001091,2014-11-01,6145667.33,Approved,2026-07-25 01:44:21.480202,,Loan Management System
APP00002681,CUST00004277,LN00002252,2017-03-22,1683977.97,Approved,2026-07-25 01:44:21.480202,,Loan Management System
APP00002682,CUST00004584,,2015-05-30,13956824.04,Pending,2026-07-25 01:44:21.481204,,Loan Management System
APP00002683,CUST00004281,LN00000851,2020-10-10,42377.12,Approved,2026-07-25 01:44:21.481204,,Loan Management System
APP00002684,CUST00003023,,2016-11-14,2151548.08,Rejected,2026-07-25 01:44:21.481204,,Loan Management System
APP00002685,CUST00001434,,2013-10-03,179691.9,Rejected,2026-07-25 01:44:21.481204,,Loan Management System
APP00002686,CUST00001850,,2013-04-23,8467930.85,Pending,2026-07-25 01:44:21.482117,,Loan Management System
APP00002687,CUST00001915,,2018-02-01,613173.03,Rejected,2026-07-25 01:44:21.482117,,Loan Management System
APP00002688,CUST00003310,,2020-02-15,2567063.36,Pending,2026-07-25 01:44:21.482117,,Loan Management System
APP00002689,CUST00002545,LN00002260,2012-09-01,343726.46,Approved,2026-07-25 01:44:21.482117,,Loan Management System
APP00002690,CUST00000049,,2016-10-08,1318637.31,Cancelled,2026-07-25 01:44:21.482117,,Loan Management System
APP00002691,CUST00000783,LN00002417,2015-03-20,208396.32,Approved,2026-07-25 01:44:21.482117,,Loan Management System
APP00002692,CUST00000033,LN00000328,2018-04-05,1698277.03,Approved,2026-07-25 01:44:21.482117,,Loan Management System
APP00002693,CUST00001973,,2025-07-30,6390026.41,Rejected,2026-07-25 01:44:21.483208,,Loan Management System
APP00002694,CUST00003231,,2012-05-04,3170594.22,Rejected,2026-07-25 01:44:21.483208,,Loan Management System
APP00002695,CUST00003502,LN00001151,2019-11-02,1994583.74,Approved,2026-07-25 01:44:21.483208,,Loan Management System
APP00002696,CUST00000097,,2016-07-05,597079.53,Pending,2026-07-25 01:44:21.483208,,Loan Management System
APP00002697,CUST00001113,,2019-04-27,1077088.8,Rejected,2026-07-25 01:44:21.483208,,Loan Management System
APP00002698,CUST00003418,,2023-12-11,8233450.55,Rejected,2026-07-25 01:44:21.484208,,Loan Management System
APP00002699,CUST00004075,LN00002457,2015-11-20,449783.24,Approved,2026-07-25 01:44:21.484208,,Loan Management System
APP00002700,CUST00000809,LN00000208,2026-05-12,1698967.53,Approved,2026-07-25 01:44:21.484208,,Loan Management System
APP00002701,CUST00003722,,2020-06-23,2906811.1,Pending,2026-07-25 01:44:21.484208,,Loan Management System
APP00002702,CUST00001226,,2017-04-23,1386372.53,Rejected,2026-07-25 01:44:21.484208,,Loan Management System
APP00002703,CUST00003123,LN00000622,2013-05-09,556108.14,Approved,2026-07-25 01:44:21.484208,,Loan Management System
APP00002704,CUST00000192,LN00000594,2026-04-02,8722260.73,Approved,2026-07-25 01:44:21.484208,,Loan Management System
APP00002705,CUST00004994,LN00000359,2024-04-21,8711954.85,Approved,2026-07-25 01:44:21.484208,,Loan Management System
APP00002706,CUST00002906,,2019-11-25,499294.38,Rejected,2026-07-25 01:44:21.485179,,Loan Management System
APP00002707,CUST00003726,LN00002256,2024-11-30,11957518.07,Approved,2026-07-25 01:44:21.485179,,Loan Management System
APP00002708,CUST00003037,,2024-04-28,8864412.32,Pending,2026-07-25 01:44:21.485179,,Loan Management System
APP00002709,CUST00000608,LN00000694,2016-12-04,2405393.79,Approved,2026-07-25 01:44:21.486124,,Loan Management System
APP00002710,CUST00003279,LN00000973,2024-10-02,6464760.68,Approved,2026-07-25 01:44:21.486124,,Loan Management System
APP00002711,CUST00000842,LN00000915,2012-03-10,17954788.88,Approved,2026-07-25 01:44:21.486124,,Loan Management System
APP00002712,CUST00001093,LN00001697,2019-06-02,390760.3,Approved,2026-07-25 01:44:21.486124,,Loan Management System
APP00002713,CUST00002676,,2015-06-13,1522884.23,Cancelled,2026-07-25 01:44:21.486124,,Loan Management System
APP00002714,CUST00002327,LN00001195,2012-10-31,111869.73,Approved,2026-07-25 01:44:21.486124,,Loan Management System
APP00002715,CUST00002776,,2023-12-07,1799749.51,Rejected,2026-07-25 01:44:21.486124,,Loan Management System
APP00002716,CUST00001233,,2013-10-17,3639668.75,Rejected,2026-07-25 01:44:21.487121,,Loan Management System
APP00002717,CUST00004730,LN00000647,2023-12-26,1050713.68,Approved,2026-07-25 01:44:21.487121,,Loan Management System
APP00002718,CUST00003438,LN00002218,2021-02-17,1093470.19,Approved,2026-07-25 01:44:21.487121,,Loan Management System
APP00002719,CUST00001504,LN00000744,2022-09-16,1024022.38,Approved,2026-07-25 01:44:21.487121,,Loan Management System
APP00002720,CUST00004866,LN00000136,2016-11-17,2226812.14,Approved,2026-07-25 01:44:21.487121,,Loan Management System
APP00002721,CUST00002299,LN00001722,2020-07-31,2753869.0,Approved,2026-07-25 01:44:21.487121,,Loan Management System
APP00002722,CUST00004007,,2013-08-28,2034942.99,Pending,2026-07-25 01:44:21.487121,,Loan Management System
APP00002723,CUST00002317,LN00000630,2021-10-20,193125.43,Approved,2026-07-25 01:44:21.487121,,Loan Management System
APP00002724,CUST00001763,LN00000437,2015-06-19,18154697.88,Approved,2026-07-25 01:44:21.487121,,Loan Management System
APP00002725,CUST00004421,,2017-12-11,3057675.7,Rejected,2026-07-25 01:44:21.488121,,Loan Management System
APP00002726,CUST00000592,,2026-06-22,2360765.25,Rejected,2026-07-25 01:44:21.488121,,Loan Management System
APP00002727,CUST00001030,LN00001809,2011-11-25,19749196.62,Approved,2026-07-25 01:44:21.488121,,Loan Management System
APP00002728,CUST00001787,LN00002116,2025-11-25,2836897.19,Approved,2026-07-25 01:44:21.488121,,Loan Management System
APP00002729,CUST00000808,LN00000416,2015-07-24,548223.32,Approved,2026-07-25 01:44:21.488121,,Loan Management System
APP00002730,CUST00003612,LN00002488,2021-03-10,7161837.94,Approved,2026-07-25 01:44:21.488121,,Loan Management System
APP00002731,CUST00000939,LN00000642,2025-04-11,435762.58,Approved,2026-07-25 01:44:21.488121,,Loan Management System
APP00002732,CUST00004435,,2012-05-18,1214693.75,Rejected,2026-07-25 01:44:21.489121,,Loan Management System
APP00002733,CUST00002715,,2022-10-28,747673.94,Cancelled,2026-07-25 01:44:21.489121,,Loan Management System
APP00002734,CUST00001329,LN00000185,2013-05-15,8751145.73,Approved,2026-07-25 01:44:21.489121,,Loan Management System
APP00002735,CUST00000525,LN00002174,2022-01-10,766959.99,Approved,2026-07-25 01:44:21.489121,,Loan Management System
APP00002736,CUST00003427,LN00000679,2021-11-16,789040.78,Approved,2026-07-25 01:44:21.489121,,Loan Management System
APP00002737,CUST00001445,LN00000109,2015-08-03,1273952.05,Approved,2026-07-25 01:44:21.489121,,Loan Management System
APP00002738,CUST00001117,,2018-08-26,1609113.63,Rejected,2026-07-25 01:44:21.489121,,Loan Management System
APP00002739,CUST00002498,LN00001781,2015-01-02,779913.06,Approved,2026-07-25 01:44:21.489121,,Loan Management System
APP00002740,CUST00003819,LN00001766,2019-03-27,3637933.96,Approved,2026-07-25 01:44:21.490119,,Loan Management System
APP00002741,CUST00003930,LN00000018,2011-12-07,5734318.69,Approved,2026-07-25 01:44:21.490119,,Loan Management System
APP00002742,CUST00000522,,2020-11-14,2772479.63,Rejected,2026-07-25 01:44:21.490119,,Loan Management System
APP00002743,CUST00004454,LN00000044,2017-04-01,3506786.11,Approved,2026-07-25 01:44:21.490119,,Loan Management System
APP00002744,CUST00001221,LN00000176,2021-08-27,830250.3,Approved,2026-07-25 01:44:21.490119,,Loan Management System
APP00002745,CUST00002358,,2023-07-03,4762601.36,Rejected,2026-07-25 01:44:21.490119,,Loan Management System
APP00002746,CUST00004702,LN00001995,2021-01-26,1302075.41,Approved,2026-07-25 01:44:21.490119,,Loan Management System
APP00002747,CUST00000775,LN00001612,2022-01-03,710102.13,Approved,2026-07-25 01:44:21.490119,,Loan Management System
APP00002748,CUST00003430,LN00000199,2023-09-05,1228042.67,Approved,2026-07-25 01:44:21.490119,,Loan Management System
APP00002749,CUST00004057,,2016-09-07,536154.9,Rejected,2026-07-25 01:44:21.491120,,Loan Management System
APP00002750,CUST00002491,LN00001385,2015-08-25,1511362.12,Approved,2026-07-25 01:44:21.491120,,Loan Management System
APP00002751,CUST00000079,,2022-10-26,1955963.18,Cancelled,2026-07-25 01:44:21.491120,,Loan Management System
APP00002752,CUST00001531,LN00001963,2016-02-28,65117.74,Approved,2026-07-25 01:44:21.491120,,Loan Management System
APP00002753,CUST00003546,LN00001964,2021-04-19,435091.7,Approved,2026-07-25 01:44:21.491120,,Loan Management System
APP00002754,CUST00001307,LN00001506,2012-12-31,943184.93,Approved,2026-07-25 01:44:21.491120,,Loan Management System
APP00002755,CUST00000495,LN00001087,2015-11-02,593004.26,Approved,2026-07-25 01:44:21.491120,,Loan Management System
APP00002756,CUST00004525,,2021-11-12,99768.63,Rejected,2026-07-25 01:44:21.491120,,Loan Management System
APP00002757,CUST00003146,LN00002025,2012-04-11,181656.31,Approved,2026-07-25 01:44:21.491120,,Loan Management System
APP00002758,CUST00003232,LN00001564,2021-07-02,2213772.4,Approved,2026-07-25 01:44:21.491120,,Loan Management System
APP00002759,CUST00004992,LN00001251,2016-08-04,7342615.9,Approved,2026-07-25 01:44:21.491120,,Loan Management System
APP00002760,CUST00003606,LN00000648,2022-12-09,3242013.91,Approved,2026-07-25 01:44:21.491120,,Loan Management System
APP00002761,CUST00003042,,2023-10-16,216874.02,Rejected,2026-07-25 01:44:21.492119,,Loan Management System
APP00002762,CUST00001194,,2022-01-26,1323945.1,Rejected,2026-07-25 01:44:21.492119,,Loan Management System
APP00002763,CUST00001370,,2013-07-25,737684.78,Rejected,2026-07-25 01:44:21.492119,,Loan Management System
APP00002764,CUST00001809,LN00000997,2018-11-17,1622021.4,Approved,2026-07-25 01:44:21.492119,,Loan Management System
APP00002765,CUST00001781,,2013-07-02,1869307.33,Cancelled,2026-07-25 01:44:21.492119,,Loan Management System
APP00002766,CUST00004549,LN00002376,2021-02-17,7340298.12,Approved,2026-07-25 01:44:21.492119,,Loan Management System
APP00002767,CUST00003229,,2020-01-11,737185.75,Rejected,2026-07-25 01:44:21.493119,,Loan Management System
APP00002768,CUST00001001,LN00002321,2012-10-04,1130462.88,Approved,2026-07-25 01:44:21.493119,,Loan Management System
APP00002769,CUST00000207,LN00001513,2013-02-28,3437713.78,Approved,2026-07-25 01:44:21.493119,,Loan Management System
APP00002770,CUST00004085,LN00001778,2013-08-08,137435.33,Approved,2026-07-25 01:44:21.493119,,Loan Management System
APP00002771,CUST00004733,LN00002464,2020-07-05,2500341.36,Approved,2026-07-25 01:44:21.493119,,Loan Management System
APP00002772,CUST00004098,LN00000960,2022-02-14,7844845.66,Approved,2026-07-25 01:44:21.493119,,Loan Management System
APP00002773,CUST00004687,,2017-08-26,2160071.16,Pending,2026-07-25 01:44:21.493119,,Loan Management System
APP00002774,CUST00001700,LN00000649,2014-11-08,1727731.87,Approved,2026-07-25 01:44:21.493119,,Loan Management System
APP00002775,CUST00002349,LN00000843,2024-04-15,1389179.92,Approved,2026-07-25 01:44:21.493119,,Loan Management System
APP00002776,CUST00002076,LN00000309,2025-03-06,1344864.53,Approved,2026-07-25 01:44:21.493119,,Loan Management System
APP00002777,CUST00002241,,2012-03-25,710390.42,Rejected,2026-07-25 01:44:21.493119,,Loan Management System
APP00002778,CUST00003662,LN00000406,2012-07-04,6033356.46,Approved,2026-07-25 01:44:21.493119,,Loan Management System
APP00002779,CUST00004933,LN00001641,2014-12-10,66748.96,Approved,2026-07-25 01:44:21.493119,,Loan Management System
APP00002780,CUST00000961,LN00001602,2016-04-26,2096443.97,Approved,2026-07-25 01:44:21.493119,,Loan Management System
APP00002781,CUST00004083,,2023-04-09,3337515.94,Rejected,2026-07-25 01:44:21.494119,,Loan Management System
APP00002782,CUST00002611,LN00001178,2016-07-30,995932.62,Approved,2026-07-25 01:44:21.494119,,Loan Management System
APP00002783,CUST00005000,LN00001902,2018-07-23,2865932.97,Approved,2026-07-25 01:44:21.494119,,Loan Management System
APP00002784,CUST00003755,LN00001314,2024-05-23,1695218.18,Approved,2026-07-25 01:44:21.494119,,Loan Management System
APP00002785,CUST00002506,,2011-08-11,944342.73,Rejected,2026-07-25 01:44:21.494119,,Loan Management System
APP00002786,CUST00003347,LN00000320,2026-02-05,802623.34,Approved,2026-07-25 01:44:21.494119,,Loan Management System
APP00002787,CUST00002311,LN00002243,2020-04-23,4831222.42,Approved,2026-07-25 01:44:21.494119,,Loan Management System
APP00002788,CUST00003539,LN00001154,2022-02-19,330113.98,Approved,2026-07-25 01:44:21.494119,,Loan Management System
APP00002789,CUST00004149,LN00002410,2016-03-10,2205054.76,Approved,2026-07-25 01:44:21.494119,,Loan Management System
APP00002790,CUST00002484,,2022-12-11,653340.73,Rejected,2026-07-25 01:44:21.494119,,Loan Management System
APP00002791,CUST00000373,LN00001528,2015-09-04,1055010.98,Approved,2026-07-25 01:44:21.494119,,Loan Management System
APP00002792,CUST00001478,LN00000560,2025-01-17,3361008.66,Approved,2026-07-25 01:44:21.494119,,Loan Management System
APP00002793,CUST00003673,,2013-02-03,15996912.11,Rejected,2026-07-25 01:44:21.495119,,Loan Management System
APP00002794,CUST00003402,,2024-10-27,716277.23,Pending,2026-07-25 01:44:21.495119,,Loan Management System
APP00002795,CUST00002799,LN00000353,2012-05-22,1749769.74,Approved,2026-07-25 01:44:21.495119,,Loan Management System
APP00002796,CUST00000431,,2012-11-02,2230832.02,Pending,2026-07-25 01:44:21.495119,,Loan Management System
APP00002797,CUST00003582,,2023-11-15,1911757.16,Rejected,2026-07-25 01:44:21.495119,,Loan Management System
APP00002798,CUST00002518,,2023-11-15,9255115.92,Rejected,2026-07-25 01:44:21.496119,,Loan Management System
APP00002799,CUST00002370,,2013-04-14,4300590.08,Rejected,2026-07-25 01:44:21.496119,,Loan Management System
APP00002800,CUST00001153,LN00001367,2015-04-14,10483100.87,Approved,2026-07-25 01:44:21.496119,,Loan Management System
APP00002801,CUST00004374,,2022-07-10,2118702.48,Pending,2026-07-25 01:44:21.496119,,Loan Management System
APP00002802,CUST00004585,,2015-06-30,1833247.06,Rejected,2026-07-25 01:44:21.496119,,Loan Management System
APP00002803,CUST00000271,LN00001163,2015-09-27,2143452.36,Approved,2026-07-25 01:44:21.496119,,Loan Management System
APP00002804,CUST00004765,LN00001951,2014-02-09,2467494.11,Approved,2026-07-25 01:44:21.496119,,Loan Management System
APP00002805,CUST00002600,LN00000423,2012-02-21,11975559.76,Approved,2026-07-25 01:44:21.497119,,Loan Management System
APP00002806,CUST00000606,,2019-06-17,723647.77,Rejected,2026-07-25 01:44:21.497119,,Loan Management System
APP00002807,CUST00003402,LN00001422,2017-01-24,6485550.82,Approved,2026-07-25 01:44:21.497119,,Loan Management System
APP00002808,CUST00004060,,2013-04-05,603922.8,Cancelled,2026-07-25 01:44:21.497119,,Loan Management System
APP00002809,CUST00003438,LN00000049,2017-03-03,3715253.99,Approved,2026-07-25 01:44:21.497119,,Loan Management System
APP00002810,CUST00004295,,2026-06-07,928306.77,Rejected,2026-07-25 01:44:21.497119,,Loan Management System
APP00002811,CUST00001442,LN00002134,2020-02-03,633743.91,Approved,2026-07-25 01:44:21.497119,,Loan Management System
APP00002812,CUST00003929,LN00000370,2014-04-10,2135541.48,Approved,2026-07-25 01:44:21.497119,,Loan Management System
APP00002813,CUST00000214,LN00001914,2012-08-17,2311230.82,Approved,2026-07-25 01:44:21.497119,,Loan Management System
APP00002814,CUST00001695,LN00001060,2019-10-29,12617692.66,Approved,2026-07-25 01:44:21.497119,,Loan Management System
APP00002815,CUST00004714,LN00002373,2014-10-22,2275271.07,Approved,2026-07-25 01:44:21.498120,,Loan Management System
APP00002816,CUST00000442,LN00001869,2022-03-12,14283293.92,Approved,2026-07-25 01:44:21.498120,,Loan Management System
APP00002817,CUST00001876,LN00000321,2023-10-28,7040669.75,Approved,2026-07-25 01:44:21.498120,,Loan Management System
APP00002818,CUST00001123,LN00001823,2024-01-10,737507.46,Approved,2026-07-25 01:44:21.498120,,Loan Management System
APP00002819,CUST00004438,,2011-09-23,554689.43,Rejected,2026-07-25 01:44:21.498120,,Loan Management System
APP00002820,CUST00002483,,2026-01-21,16433531.49,Pending,2026-07-25 01:44:21.498120,,Loan Management System
APP00002821,CUST00003337,,2013-11-30,2902252.57,Pending,2026-07-25 01:44:21.498120,,Loan Management System
APP00002822,CUST00003684,LN00001130,2026-03-19,1205651.04,Approved,2026-07-25 01:44:21.498120,,Loan Management System
APP00002823,CUST00000127,,2017-02-25,3465749.28,Rejected,2026-07-25 01:44:21.499120,,Loan Management System
APP00002824,CUST00003223,LN00001885,2013-06-07,10900318.21,Approved,2026-07-25 01:44:21.499120,,Loan Management System
APP00002825,CUST00003918,,2019-01-03,10040413.48,Cancelled,2026-07-25 01:44:21.499120,,Loan Management System
APP00002826,CUST00001310,LN00001876,2020-08-01,506961.19,Approved,2026-07-25 01:44:21.499120,,Loan Management System
APP00002827,CUST00002892,LN00002303,2013-01-19,1032629.68,Approved,2026-07-25 01:44:21.499120,,Loan Management System
APP00002828,CUST00003987,,2026-07-04,8979556.59,Pending,2026-07-25 01:44:21.499120,,Loan Management System
APP00002829,CUST00001134,,2024-01-13,3017916.38,Rejected,2026-07-25 01:44:21.499120,,Loan Management System
APP00002830,CUST00002205,,2013-02-21,3401301.36,Cancelled,2026-07-25 01:44:21.500120,,Loan Management System
APP00002831,CUST00003594,,2017-11-25,5683582.75,Pending,2026-07-25 01:44:21.501158,,Loan Management System
APP00002832,CUST00000196,LN00000105,2022-04-15,20838001.83,Approved,2026-07-25 01:44:21.501158,,Loan Management System
APP00002833,CUST00001364,LN00000845,2025-12-17,644352.96,Approved,2026-07-25 01:44:21.501158,,Loan Management System
APP00002834,CUST00002288,LN00001278,2025-05-26,1632854.03,Approved,2026-07-25 01:44:21.501158,,Loan Management System
APP00002835,CUST00001329,LN00001782,2012-08-30,3253791.51,Approved,2026-07-25 01:44:21.501158,,Loan Management System
APP00002836,CUST00002783,LN00002281,2022-08-28,597328.09,Approved,2026-07-25 01:44:21.501158,,Loan Management System
APP00002837,CUST00002967,LN00001706,2022-04-29,887154.97,Approved,2026-07-25 01:44:21.501158,,Loan Management System
APP00002838,CUST00001223,LN00000616,2013-06-05,502175.76,Approved,2026-07-25 01:44:21.501158,,Loan Management System
APP00002839,CUST00002697,LN00001890,2020-11-15,525421.6,Approved,2026-07-25 01:44:21.501158,,Loan Management System
APP00002840,CUST00001240,LN00001336,2020-05-04,853482.74,Approved,2026-07-25 01:44:21.501158,,Loan Management System
APP00002841,CUST00004624,LN00001112,2014-10-22,4484157.22,Approved,2026-07-25 01:44:21.501158,,Loan Management System
APP00002842,CUST00001757,LN00000223,2011-06-13,6855933.12,Approved,2026-07-25 01:44:21.501158,,Loan Management System
APP00002843,CUST00000875,,2013-06-26,568405.29,Cancelled,2026-07-25 01:44:21.502165,,Loan Management System
APP00002844,CUST00004520,,2013-10-25,2736430.96,Pending,2026-07-25 01:44:21.502165,,Loan Management System
APP00002845,CUST00001720,,2023-05-28,2589819.63,Rejected,2026-07-25 01:44:21.502165,,Loan Management System
APP00002846,CUST00001763,,2023-12-02,17752356.64,Pending,2026-07-25 01:44:21.503164,,Loan Management System
APP00002847,CUST00000798,LN00000964,2024-07-19,1769844.24,Approved,2026-07-25 01:44:21.503164,,Loan Management System
APP00002848,CUST00000126,LN00000290,2011-12-20,2607874.87,Approved,2026-07-25 01:44:21.503164,,Loan Management System
APP00002849,CUST00002924,,2013-04-29,1290208.48,Rejected,2026-07-25 01:44:21.503164,,Loan Management System
APP00002850,CUST00004234,LN00000805,2015-06-30,3887722.82,Approved,2026-07-25 01:44:21.503164,,Loan Management System
APP00002851,CUST00001250,,2021-08-11,2146399.29,Rejected,2026-07-25 01:44:21.504182,,Loan Management System
APP00002852,CUST00002772,LN00000438,2016-01-15,1397470.25,Approved,2026-07-25 01:44:21.504182,,Loan Management System
APP00002853,CUST00002108,,2025-03-18,1318963.19,Rejected,2026-07-25 01:44:21.504182,,Loan Management System
APP00002854,CUST00003871,LN00000629,2018-12-20,1154116.94,Approved,2026-07-25 01:44:21.504182,,Loan Management System
APP00002855,CUST00004488,,2023-02-07,8821717.36,Rejected,2026-07-25 01:44:21.504182,,Loan Management System
APP00002856,CUST00002249,,2019-01-06,1019719.73,Pending,2026-07-25 01:44:21.505278,,Loan Management System
APP00002857,CUST00000634,LN00002458,2015-02-12,2664206.59,Approved,2026-07-25 01:44:21.505278,,Loan Management System
APP00002858,CUST00001314,,2021-12-17,227550.83,Cancelled,2026-07-25 01:44:21.505278,,Loan Management System
APP00002859,CUST00002052,,2018-01-08,2307444.04,Rejected,2026-07-25 01:44:21.505278,,Loan Management System
APP00002860,CUST00001888,LN00000768,2022-11-05,7822972.96,Approved,2026-07-25 01:44:21.505278,,Loan Management System
APP00002861,CUST00000080,,2021-12-17,2303799.16,Pending,2026-07-25 01:44:21.506168,,Loan Management System
APP00002862,CUST00002098,LN00000837,2021-03-12,7024092.61,Approved,2026-07-25 01:44:21.506168,,Loan Management System
APP00002863,CUST00004122,LN00001623,2013-01-31,5657036.88,Approved,2026-07-25 01:44:21.506168,,Loan Management System
APP00002864,CUST00004289,,2019-10-12,1855107.92,Cancelled,2026-07-25 01:44:21.506168,,Loan Management System
APP00002865,CUST00004181,,2019-11-13,872542.87,Cancelled,2026-07-25 01:44:21.506168,,Loan Management System
APP00002866,CUST00004241,LN00001565,2016-07-05,2441220.11,Approved,2026-07-25 01:44:21.506168,,Loan Management System
APP00002867,CUST00002047,LN00002363,2024-11-01,1720411.67,Approved,2026-07-25 01:44:21.506168,,Loan Management System
APP00002868,CUST00004539,,2019-01-22,810784.14,Rejected,2026-07-25 01:44:21.507166,,Loan Management System
APP00002869,CUST00002361,,2012-05-05,1994568.26,Rejected,2026-07-25 01:44:21.507166,,Loan Management System
APP00002870,CUST00002720,LN00001123,2012-03-08,1199838.67,Approved,2026-07-25 01:44:21.507166,,Loan Management System
APP00002871,CUST00001786,LN00000949,2016-10-08,5925494.77,Approved,2026-07-25 01:44:21.507166,,Loan Management System
APP00002872,CUST00001646,LN00001844,2022-09-08,3229198.52,Approved,2026-07-25 01:44:21.507166,,Loan Management System
APP00002873,CUST00004342,LN00002337,2021-11-29,336117.46,Approved,2026-07-25 01:44:21.507166,,Loan Management System
APP00002874,CUST00002328,LN00001268,2013-01-30,1395267.79,Approved,2026-07-25 01:44:21.507166,,Loan Management System
APP00002875,CUST00004652,LN00001606,2021-11-15,8914390.3,Approved,2026-07-25 01:44:21.507166,,Loan Management System
APP00002876,CUST00002075,,2023-11-16,1525667.13,Rejected,2026-07-25 01:44:21.507166,,Loan Management System
APP00002877,CUST00003855,LN00001351,2023-06-03,188404.49,Approved,2026-07-25 01:44:21.508264,,Loan Management System
APP00002878,CUST00003218,LN00002361,2024-04-02,3033729.2,Approved,2026-07-25 01:44:21.508264,,Loan Management System
APP00002879,CUST00000357,LN00001790,2026-04-12,971957.52,Approved,2026-07-25 01:44:21.508264,,Loan Management System
APP00002880,CUST00001328,LN00002018,2021-09-02,1455478.63,Approved,2026-07-25 01:44:21.508264,,Loan Management System
APP00002881,CUST00003835,LN00002044,2016-05-08,2111566.56,Approved,2026-07-25 01:44:21.508264,,Loan Management System
APP00002882,CUST00003317,,2023-04-09,88352.07,Rejected,2026-07-25 01:44:21.508264,,Loan Management System
APP00002883,CUST00004701,LN00002250,2018-07-07,1403570.45,Approved,2026-07-25 01:44:21.508264,,Loan Management System
APP00002884,CUST00001613,,2013-03-07,18096522.29,Rejected,2026-07-25 01:44:21.508264,,Loan Management System
APP00002885,CUST00003551,LN00001460,2026-05-20,3123009.6,Approved,2026-07-25 01:44:21.508264,,Loan Management System
APP00002886,CUST00003155,,2022-10-26,1072468.28,Pending,2026-07-25 01:44:21.509165,,Loan Management System
APP00002887,CUST00002615,,2023-12-04,594922.47,Pending,2026-07-25 01:44:21.509165,,Loan Management System
APP00002888,CUST00003709,LN00002075,2020-07-09,2600669.91,Approved,2026-07-25 01:44:21.509165,,Loan Management System
APP00002889,CUST00000835,LN00002008,2018-08-29,131404.9,Approved,2026-07-25 01:44:21.509165,,Loan Management System
APP00002890,CUST00000766,,2017-06-11,6027923.57,Rejected,2026-07-25 01:44:21.509165,,Loan Management System
APP00002891,CUST00004389,LN00000422,2021-08-10,839233.26,Approved,2026-07-25 01:44:21.509165,,Loan Management System
APP00002892,CUST00004232,,2014-02-02,17101371.89,Rejected,2026-07-25 01:44:21.510167,,Loan Management System
APP00002893,CUST00000906,LN00001086,2016-10-04,1436447.89,Approved,2026-07-25 01:44:21.510167,,Loan Management System
APP00002894,CUST00002613,LN00001482,2012-12-03,1752085.06,Approved,2026-07-25 01:44:21.510167,,Loan Management System
APP00002895,CUST00002366,LN00002085,2018-03-03,1079730.89,Approved,2026-07-25 01:44:21.510167,,Loan Management System
APP00002896,CUST00002259,LN00000817,2023-06-01,8784290.94,Approved,2026-07-25 01:44:21.510167,,Loan Management System
APP00002897,CUST00001979,LN00001363,2011-09-01,3721540.74,Approved,2026-07-25 01:44:21.510167,,Loan Management System
APP00002898,CUST00003808,LN00000668,2023-05-23,275343.02,Approved,2026-07-25 01:44:21.510167,,Loan Management System
APP00002899,CUST00002955,,2026-01-01,1999790.15,Rejected,2026-07-25 01:44:21.510167,,Loan Management System
APP00002900,CUST00004321,LN00000692,2021-11-02,4550982.17,Approved,2026-07-25 01:44:21.510167,,Loan Management System
APP00002901,CUST00004168,,2026-01-20,4016487.28,Rejected,2026-07-25 01:44:21.510167,,Loan Management System
APP00002902,CUST00004898,,2019-12-31,3373855.61,Rejected,2026-07-25 01:44:21.511164,,Loan Management System
APP00002903,CUST00002414,LN00002235,2022-06-06,5588516.98,Approved,2026-07-25 01:44:21.511164,,Loan Management System
APP00002904,CUST00004078,LN00000950,2021-03-17,1281426.96,Approved,2026-07-25 01:44:21.511164,,Loan Management System
APP00002905,CUST00002523,,2024-05-06,1444381.5,Rejected,2026-07-25 01:44:21.511164,,Loan Management System
APP00002906,CUST00002770,,2019-12-04,903921.98,Rejected,2026-07-25 01:44:21.511164,,Loan Management System
APP00002907,CUST00002550,,2017-01-06,1481731.59,Cancelled,2026-07-25 01:44:21.512164,,Loan Management System
APP00002908,CUST00001967,LN00002066,2017-01-13,1166401.51,Approved,2026-07-25 01:44:21.512164,,Loan Management System
APP00002909,CUST00002653,,2017-03-11,1508355.85,Pending,2026-07-25 01:44:21.512164,,Loan Management System
APP00002910,CUST00004988,LN00000910,2015-04-14,7007302.39,Approved,2026-07-25 01:44:21.512164,,Loan Management System
APP00002911,CUST00001016,LN00000927,2022-10-17,2141488.12,Approved,2026-07-25 01:44:21.512164,,Loan Management System
APP00002912,CUST00000794,LN00001503,2016-06-01,15504611.7,Approved,2026-07-25 01:44:21.512164,,Loan Management System
APP00002913,CUST00001684,,2015-05-08,2258674.49,Rejected,2026-07-25 01:44:21.512164,,Loan Management System
APP00002914,CUST00004977,LN00000944,2014-04-29,776402.32,Approved,2026-07-25 01:44:21.512164,,Loan Management System
APP00002915,CUST00002301,LN00000856,2015-03-26,7082355.73,Approved,2026-07-25 01:44:21.512164,,Loan Management System
APP00002916,CUST00002959,LN00001810,2013-09-28,1304727.28,Approved,2026-07-25 01:44:21.512164,,Loan Management System
APP00002917,CUST00002977,,2025-06-18,636569.65,Rejected,2026-07-25 01:44:21.513163,,Loan Management System
APP00002918,CUST00000444,LN00000863,2022-11-01,238315.52,Approved,2026-07-25 01:44:21.513163,,Loan Management System
APP00002919,CUST00004097,LN00000832,2021-05-08,2397276.01,Approved,2026-07-25 01:44:21.513163,,Loan Management System
APP00002920,CUST00001454,LN00000427,2022-09-11,3201854.84,Approved,2026-07-25 01:44:21.513163,,Loan Management System
APP00002921,CUST00004709,LN00000723,2014-01-07,2852826.67,Approved,2026-07-25 01:44:21.513163,,Loan Management System
APP00002922,CUST00003206,,2025-03-11,2190367.36,Rejected,2026-07-25 01:44:21.513163,,Loan Management System
APP00002923,CUST00001661,,2021-04-23,7964488.24,Rejected,2026-07-25 01:44:21.513163,,Loan Management System
APP00002924,CUST00000544,LN00001284,2014-06-29,4415901.15,Approved,2026-07-25 01:44:21.513163,,Loan Management System
APP00002925,CUST00003305,LN00001721,2015-05-30,1021773.59,Approved,2026-07-25 01:44:21.513163,,Loan Management System
APP00002926,CUST00001063,,2026-02-18,5566194.55,Pending,2026-07-25 01:44:21.514164,,Loan Management System
APP00002927,CUST00001977,LN00000257,2015-02-19,6838557.89,Approved,2026-07-25 01:44:21.514164,,Loan Management System
APP00002928,CUST00003052,,2019-03-02,755210.33,Rejected,2026-07-25 01:44:21.514164,,Loan Management System
APP00002929,CUST00001179,,2016-12-08,1452221.96,Rejected,2026-07-25 01:44:21.514164,,Loan Management System
APP00002930,CUST00000091,LN00002181,2012-08-01,238091.23,Approved,2026-07-25 01:44:21.514164,,Loan Management System
APP00002931,CUST00000558,,2020-01-09,986872.67,Rejected,2026-07-25 01:44:21.514164,,Loan Management System
APP00002932,CUST00003121,LN00000465,2018-11-07,1510697.97,Approved,2026-07-25 01:44:21.515164,,Loan Management System
APP00002933,CUST00002078,,2013-04-22,1386984.28,Rejected,2026-07-25 01:44:21.515164,,Loan Management System
APP00002934,CUST00004141,LN00001745,2023-04-02,664610.15,Approved,2026-07-25 01:44:21.515164,,Loan Management System
APP00002935,CUST00002143,LN00001109,2016-04-26,4724213.07,Approved,2026-07-25 01:44:21.515164,,Loan Management System
APP00002936,CUST00003713,,2012-03-03,1646432.54,Pending,2026-07-25 01:44:21.515164,,Loan Management System
APP00002937,CUST00004710,LN00001929,2021-02-03,80341.08,Approved,2026-07-25 01:44:21.515164,,Loan Management System
APP00002938,CUST00002666,LN00001456,2021-07-31,3686880.69,Approved,2026-07-25 01:44:21.515164,,Loan Management System
APP00002939,CUST00001519,LN00000841,2017-05-18,8362799.19,Approved,2026-07-25 01:44:21.515164,,Loan Management System
APP00002940,CUST00001046,,2025-08-12,2518487.43,Rejected,2026-07-25 01:44:21.516168,,Loan Management System
APP00002941,CUST00004433,,2013-02-08,7545476.88,Pending,2026-07-25 01:44:21.516168,,Loan Management System
APP00002942,CUST00001477,LN00000942,2024-10-14,1117819.42,Approved,2026-07-25 01:44:21.516168,,Loan Management System
APP00002943,CUST00003868,,2022-02-03,122361.85,Rejected,2026-07-25 01:44:21.516168,,Loan Management System
APP00002944,CUST00004184,LN00000088,2017-12-10,10375515.82,Approved,2026-07-25 01:44:21.516168,,Loan Management System
APP00002945,CUST00004398,,2020-03-17,5961747.79,Pending,2026-07-25 01:44:21.517164,,Loan Management System
APP00002946,CUST00001741,LN00000295,2015-08-04,11176594.89,Approved,2026-07-25 01:44:21.517164,,Loan Management System
APP00002947,CUST00001849,LN00000615,2011-12-02,896846.03,Approved,2026-07-25 01:44:21.517164,,Loan Management System
APP00002948,CUST00003280,LN00001650,2025-08-22,1223810.06,Approved,2026-07-25 01:44:21.517164,,Loan Management System
APP00002949,CUST00004270,LN00002385,2018-08-09,1182781.47,Approved,2026-07-25 01:44:21.517164,,Loan Management System
APP00002950,CUST00004415,LN00002096,2018-10-17,3010025.74,Approved,2026-07-25 01:44:21.517164,,Loan Management System
APP00002951,CUST00001763,LN00001516,2023-03-20,2374563.07,Approved,2026-07-25 01:44:21.517164,,Loan Management System
APP00002952,CUST00000290,,2025-06-15,3299540.21,Pending,2026-07-25 01:44:21.517164,,Loan Management System
APP00002953,CUST00004268,LN00000754,2014-06-11,2525888.95,Approved,2026-07-25 01:44:21.517164,,Loan Management System
APP00002954,CUST00002395,LN00000329,2023-11-26,2353798.0,Approved,2026-07-25 01:44:21.517164,,Loan Management System
APP00002955,CUST00002107,,2017-03-17,1059513.65,Rejected,2026-07-25 01:44:21.517164,,Loan Management System
APP00002956,CUST00002649,,2021-02-02,3904904.19,Rejected,2026-07-25 01:44:21.518164,,Loan Management System
APP00002957,CUST00004013,,2024-08-13,1197382.75,Rejected,2026-07-25 01:44:21.518164,,Loan Management System
APP00002958,CUST00002428,LN00001807,2022-10-21,1566624.94,Approved,2026-07-25 01:44:21.518164,,Loan Management System
APP00002959,CUST00004841,LN00000527,2014-02-01,48424.64,Approved,2026-07-25 01:44:21.518164,,Loan Management System
APP00002960,CUST00000507,LN00000796,2020-05-21,2977342.48,Approved,2026-07-25 01:44:21.518164,,Loan Management System
APP00002961,CUST00004816,LN00000358,2013-01-27,1636824.06,Approved,2026-07-25 01:44:21.518164,,Loan Management System
APP00002962,CUST00000856,LN00002199,2025-08-28,902109.66,Approved,2026-07-25 01:44:21.518164,,Loan Management System
APP00002963,CUST00000458,LN00001305,2014-03-02,2695333.33,Approved,2026-07-25 01:44:21.518164,,Loan Management System
APP00002964,CUST00002235,LN00000588,2025-04-24,3886776.72,Approved,2026-07-25 01:44:21.518164,,Loan Management System
APP00002965,CUST00004324,,2024-06-24,547198.16,Rejected,2026-07-25 01:44:21.518164,,Loan Management System
APP00002966,CUST00003771,LN00000296,2016-03-11,2046912.94,Approved,2026-07-25 01:44:21.518164,,Loan Management System
APP00002967,CUST00001586,LN00000459,2017-05-01,4122742.71,Approved,2026-07-25 01:44:21.518164,,Loan Management System
APP00002968,CUST00004712,,2017-05-15,584207.31,Cancelled,2026-07-25 01:44:21.519164,,Loan Management System
APP00002969,CUST00002729,LN00000738,2023-05-02,1879967.43,Approved,2026-07-25 01:44:21.519164,,Loan Management System
APP00002970,CUST00004605,LN00001802,2020-08-29,6403961.11,Approved,2026-07-25 01:44:21.519164,,Loan Management System
APP00002971,CUST00001357,LN00001099,2014-10-19,265229.41,Approved,2026-07-25 01:44:21.519164,,Loan Management System
APP00002972,CUST00003040,LN00000931,2019-06-11,127366.4,Approved,2026-07-25 01:44:21.519164,,Loan Management System
APP00002973,CUST00003709,LN00002391,2013-11-05,910754.16,Approved,2026-07-25 01:44:21.519164,,Loan Management System
APP00002974,CUST00000325,LN00001841,2023-10-17,1914897.46,Approved,2026-07-25 01:44:21.519164,,Loan Management System
APP00002975,CUST00000638,LN00001883,2024-11-24,3121446.9,Approved,2026-07-25 01:44:21.519164,,Loan Management System
APP00002976,CUST00001804,,2014-05-10,540859.89,Pending,2026-07-25 01:44:21.519164,,Loan Management System
APP00002977,CUST00000610,LN00000982,2022-07-16,739633.28,Approved,2026-07-25 01:44:21.519164,,Loan Management System
APP00002978,CUST00003128,LN00000932,2023-05-01,7128323.95,Approved,2026-07-25 01:44:21.519164,,Loan Management System
APP00002979,CUST00000353,LN00001304,2026-02-02,192522.76,Approved,2026-07-25 01:44:21.519164,,Loan Management System
APP00002980,CUST00004583,,2013-05-19,2603374.4,Pending,2026-07-25 01:44:21.520165,,Loan Management System
APP00002981,CUST00000965,LN00002238,2015-09-04,52252.41,Approved,2026-07-25 01:44:21.520165,,Loan Management System
APP00002982,CUST00001816,,2021-12-14,8440987.71,Pending,2026-07-25 01:44:21.520165,,Loan Management System
APP00002983,CUST00000020,LN00000513,2013-09-02,3134750.31,Approved,2026-07-25 01:44:21.520165,,Loan Management System
APP00002984,CUST00002222,LN00002459,2025-08-25,1170878.78,Approved,2026-07-25 01:44:21.520165,,Loan Management System
APP00002985,CUST00003482,LN00002388,2014-10-27,1769680.23,Approved,2026-07-25 01:44:21.520165,,Loan Management System
APP00002986,CUST00000702,LN00001399,2024-12-08,968135.24,Approved,2026-07-25 01:44:21.520165,,Loan Management System
APP00002987,CUST00000976,LN00000487,2014-02-05,1316404.92,Approved,2026-07-25 01:44:21.520165,,Loan Management System
APP00002988,CUST00003927,,2019-05-03,756051.23,Pending,2026-07-25 01:44:21.520165,,Loan Management System
APP00002989,CUST00002454,LN00002229,2025-03-29,7143793.61,Approved,2026-07-25 01:44:21.520165,,Loan Management System
APP00002990,CUST00003157,LN00001865,2012-08-06,662251.54,Approved,2026-07-25 01:44:21.520165,,Loan Management System
APP00002991,CUST00002581,,2013-05-24,5482804.26,Rejected,2026-07-25 01:44:21.521164,,Loan Management System
APP00002992,CUST00002231,LN00002399,2020-12-08,7379516.34,Approved,2026-07-25 01:44:21.521164,,Loan Management System
APP00002993,CUST00003470,LN00000793,2016-02-16,3086795.27,Approved,2026-07-25 01:44:21.521164,,Loan Management System
APP00002994,CUST00002063,,2022-05-02,2287000.37,Rejected,2026-07-25 01:44:21.521164,,Loan Management System
APP00002995,CUST00001841,LN00001262,2018-11-25,725140.78,Approved,2026-07-25 01:44:21.521164,,Loan Management System
APP00002996,CUST00002619,LN00001405,2015-12-20,1116297.33,Approved,2026-07-25 01:44:21.521164,,Loan Management System
APP00002997,CUST00002754,LN00000579,2023-06-11,3211724.29,Approved,2026-07-25 01:44:21.521164,,Loan Management System
APP00002998,CUST00000929,LN00000791,2025-10-20,1110296.89,Approved,2026-07-25 01:44:21.521164,,Loan Management System
APP00002999,CUST00004614,LN00001321,2017-01-18,305456.15,Approved,2026-07-25 01:44:21.521164,,Loan Management System
APP00003000,CUST00002013,,2020-02-20,6158391.15,Pending,2026-07-25 01:44:21.521164,,Loan Management System
APP00003001,CUST00000371,LN00001171,2021-12-13,5734153.32,Approved,2026-07-25 01:44:21.521164,,Loan Management System
APP00003002,CUST00002619,LN00001920,2013-03-05,3676038.67,Approved,2026-07-25 01:44:21.521164,,Loan Management System
APP00003003,CUST00003418,,2011-08-20,688267.02,Rejected,2026-07-25 01:44:21.522164,,Loan Management System
APP00003004,CUST00003390,LN00000976,2020-08-06,717517.1,Approved,2026-07-25 01:44:21.522164,,Loan Management System
APP00003005,CUST00004119,LN00001866,2013-07-20,2632042.93,Approved,2026-07-25 01:44:21.522164,,Loan Management System
APP00003006,CUST00004794,,2020-12-21,6024734.98,Pending,2026-07-25 01:44:21.522164,,Loan Management System
APP00003007,CUST00004083,LN00001688,2015-12-21,2991710.9,Approved,2026-07-25 01:44:21.522164,,Loan Management System
APP00003008,CUST00002883,LN00001329,2022-09-26,9078434.23,Approved,2026-07-25 01:44:21.522164,,Loan Management System
APP00003009,CUST00001174,LN00000041,2014-03-30,5293284.46,Approved,2026-07-25 01:44:21.522164,,Loan Management System
APP00003010,CUST00004890,LN00000152,2021-06-22,2661297.46,Approved,2026-07-25 01:44:21.522164,,Loan Management System
APP00003011,CUST00004698,LN00001118,2011-09-06,377141.11,Approved,2026-07-25 01:44:21.522164,,Loan Management System
APP00003012,CUST00002758,,2023-05-01,5607518.59,Cancelled,2026-07-25 01:44:21.522164,,Loan Management System
APP00003013,CUST00004020,LN00001155,2023-03-26,561971.52,Approved,2026-07-25 01:44:21.523190,,Loan Management System
APP00003014,CUST00004419,LN00000073,2017-08-03,658988.95,Approved,2026-07-25 01:44:21.523190,,Loan Management System
APP00003015,CUST00002282,,2023-12-28,2408471.69,Rejected,2026-07-25 01:44:21.523190,,Loan Management System
APP00003016,CUST00000128,LN00001287,2022-07-06,1088806.07,Approved,2026-07-25 01:44:21.523190,,Loan Management System
APP00003017,CUST00002896,,2013-04-28,612357.06,Rejected,2026-07-25 01:44:21.523190,,Loan Management System
APP00003018,CUST00004766,,2018-02-25,635991.63,Rejected,2026-07-25 01:44:21.524165,,Loan Management System
APP00003019,CUST00001674,,2022-09-30,3993558.48,Rejected,2026-07-25 01:44:21.524165,,Loan Management System
APP00003020,CUST00004600,LN00001561,2012-10-22,986919.81,Approved,2026-07-25 01:44:21.524165,,Loan Management System
APP00003021,CUST00003425,LN00000460,2012-09-20,1644308.85,Approved,2026-07-25 01:44:21.524165,,Loan Management System
APP00003022,CUST00001450,,2017-01-13,1154382.37,Rejected,2026-07-25 01:44:21.524165,,Loan Management System
APP00003023,CUST00004219,,2020-02-20,1953973.99,Pending,2026-07-25 01:44:21.524165,,Loan Management System
APP00003024,CUST00000328,LN00001756,2020-10-04,745351.64,Approved,2026-07-25 01:44:21.525165,,Loan Management System
APP00003025,CUST00000635,LN00000246,2013-08-22,175723.37,Approved,2026-07-25 01:44:21.525165,,Loan Management System
APP00003026,CUST00004985,LN00001162,2013-01-02,8299863.06,Approved,2026-07-25 01:44:21.525165,,Loan Management System
APP00003027,CUST00001384,LN00001575,2025-12-23,863335.11,Approved,2026-07-25 01:44:21.525165,,Loan Management System
APP00003028,CUST00004844,LN00000794,2024-06-29,7974264.28,Approved,2026-07-25 01:44:21.525165,,Loan Management System
APP00003029,CUST00002474,,2018-05-01,1353312.86,Cancelled,2026-07-25 01:44:21.525165,,Loan Management System
APP00003030,CUST00003511,,2017-05-24,3705878.81,Rejected,2026-07-25 01:44:21.525165,,Loan Management System
APP00003031,CUST00000106,,2016-07-25,638747.17,Pending,2026-07-25 01:44:21.525165,,Loan Management System
APP00003032,CUST00000310,LN00001667,2026-02-24,499826.04,Approved,2026-07-25 01:44:21.526165,,Loan Management System
APP00003033,CUST00004973,LN00000120,2025-10-07,13618176.19,Approved,2026-07-25 01:44:21.526165,,Loan Management System
APP00003034,CUST00002188,LN00001153,2021-03-31,3067359.88,Approved,2026-07-25 01:44:21.526165,,Loan Management System
APP00003035,CUST00000381,LN00002248,2016-04-25,3123026.66,Approved,2026-07-25 01:44:21.526165,,Loan Management System
APP00003036,CUST00003273,LN00000781,2020-11-15,1517752.56,Approved,2026-07-25 01:44:21.526165,,Loan Management System
APP00003037,CUST00000343,,2023-06-21,5705939.62,Rejected,2026-07-25 01:44:21.526165,,Loan Management System
APP00003038,CUST00000873,LN00000013,2020-10-21,8048497.17,Approved,2026-07-25 01:44:21.526165,,Loan Management System
APP00003039,CUST00000418,LN00000479,2022-10-05,4238330.4,Approved,2026-07-25 01:44:21.526165,,Loan Management System
APP00003040,CUST00000735,LN00001402,2017-04-27,1415675.79,Approved,2026-07-25 01:44:21.526165,,Loan Management System
APP00003041,CUST00001724,LN00000213,2020-02-12,6051275.89,Approved,2026-07-25 01:44:21.526165,,Loan Management System
APP00003042,CUST00002475,,2023-09-03,9316378.26,Pending,2026-07-25 01:44:21.526165,,Loan Management System
APP00003043,CUST00002492,LN00002031,2018-10-02,269963.28,Approved,2026-07-25 01:44:21.526165,,Loan Management System
APP00003044,CUST00000287,LN00002086,2026-02-12,1251462.59,Approved,2026-07-25 01:44:21.526165,,Loan Management System
APP00003045,CUST00002237,LN00000079,2022-09-11,166923.96,Approved,2026-07-25 01:44:21.526165,,Loan Management System
APP00003046,CUST00000633,,2015-02-17,3030576.5,Pending,2026-07-25 01:44:21.527164,,Loan Management System
APP00003047,CUST00003354,LN00000759,2012-05-31,692057.02,Approved,2026-07-25 01:44:21.527164,,Loan Management System
APP00003048,CUST00002470,LN00000659,2013-08-03,16240912.88,Approved,2026-07-25 01:44:21.527164,,Loan Management System
APP00003049,CUST00002526,LN00001911,2014-01-29,1086964.61,Approved,2026-07-25 01:44:21.527164,,Loan Management System
APP00003050,CUST00002498,,2022-12-31,3950904.54,Rejected,2026-07-25 01:44:21.527164,,Loan Management System
APP00003051,CUST00002657,,2013-10-26,2436695.91,Pending,2026-07-25 01:44:21.527164,,Loan Management System
APP00003052,CUST00004310,LN00001483,2025-12-06,2291126.63,Approved,2026-07-25 01:44:21.527164,,Loan Management System
APP00003053,CUST00003982,,2020-02-19,774141.2,Rejected,2026-07-25 01:44:21.528165,,Loan Management System
APP00003054,CUST00001743,LN00000348,2025-04-15,789351.45,Approved,2026-07-25 01:44:21.528165,,Loan Management System
APP00003055,CUST00000446,LN00001476,2015-12-27,2252164.22,Approved,2026-07-25 01:44:21.528165,,Loan Management System
APP00003056,CUST00004830,LN00001267,2011-11-12,276517.45,Approved,2026-07-25 01:44:21.528165,,Loan Management System
APP00003057,CUST00000571,,2024-07-03,5678117.92,Rejected,2026-07-25 01:44:21.528165,,Loan Management System
APP00003058,CUST00004660,LN00000036,2025-04-04,2984197.47,Approved,2026-07-25 01:44:21.528165,,Loan Management System
APP00003059,CUST00004386,,2021-02-15,903137.71,Pending,2026-07-25 01:44:21.528165,,Loan Management System
APP00003060,CUST00002958,,2019-09-25,4321081.87,Rejected,2026-07-25 01:44:21.529165,,Loan Management System
APP00003061,CUST00001922,LN00001095,2020-08-29,3032822.12,Approved,2026-07-25 01:44:21.529165,,Loan Management System
APP00003062,CUST00000339,LN00001061,2019-03-05,1458462.5,Approved,2026-07-25 01:44:21.529165,,Loan Management System
APP00003063,CUST00001584,LN00002107,2014-06-05,4586333.44,Approved,2026-07-25 01:44:21.529165,,Loan Management System
APP00003064,CUST00000385,LN00000134,2026-06-11,541361.95,Approved,2026-07-25 01:44:21.529165,,Loan Management System
APP00003065,CUST00003883,,2016-06-04,2061796.24,Rejected,2026-07-25 01:44:21.529165,,Loan Management System
APP00003066,CUST00004031,,2026-06-28,18644530.22,Cancelled,2026-07-25 01:44:21.529165,,Loan Management System
APP00003067,CUST00000985,LN00001403,2024-11-27,935452.7,Approved,2026-07-25 01:44:21.529165,,Loan Management System
APP00003068,CUST00000094,LN00000229,2017-07-27,994843.11,Approved,2026-07-25 01:44:21.529165,,Loan Management System
APP00003069,CUST00000705,,2020-06-15,1170291.77,Rejected,2026-07-25 01:44:21.530165,,Loan Management System
APP00003070,CUST00002951,LN00002475,2022-04-17,2199339.51,Approved,2026-07-25 01:44:21.530165,,Loan Management System
APP00003071,CUST00002684,,2011-12-29,5571987.89,Rejected,2026-07-25 01:44:21.530165,,Loan Management System
APP00003072,CUST00001230,,2018-01-15,1910088.69,Rejected,2026-07-25 01:44:21.530165,,Loan Management System
APP00003073,CUST00000125,LN00002087,2024-01-22,9951123.71,Approved,2026-07-25 01:44:21.530165,,Loan Management System
APP00003074,CUST00003375,LN00001975,2022-05-05,3855830.61,Approved,2026-07-25 01:44:21.530165,,Loan Management System
APP00003075,CUST00004551,LN00001121,2013-07-23,1003502.37,Approved,2026-07-25 01:44:21.530165,,Loan Management System
APP00003076,CUST00001134,,2014-12-18,1460090.41,Cancelled,2026-07-25 01:44:21.531168,,Loan Management System
APP00003077,CUST00001564,LN00000294,2020-03-18,3021702.47,Approved,2026-07-25 01:44:21.531168,,Loan Management System
APP00003078,CUST00001980,,2024-04-28,2123846.06,Cancelled,2026-07-25 01:44:21.531168,,Loan Management System
APP00003079,CUST00002384,LN00000330,2017-03-17,169052.6,Approved,2026-07-25 01:44:21.531168,,Loan Management System
APP00003080,CUST00003086,LN00001141,2017-04-07,701744.79,Approved,2026-07-25 01:44:21.531168,,Loan Management System
APP00003081,CUST00003824,LN00000590,2017-05-29,807733.8,Approved,2026-07-25 01:44:21.532209,,Loan Management System
APP00003082,CUST00000710,LN00001083,2023-05-23,2766184.66,Approved,2026-07-25 01:44:21.532209,,Loan Management System
APP00003083,CUST00004072,LN00001233,2013-12-10,748291.42,Approved,2026-07-25 01:44:21.532209,,Loan Management System
APP00003084,CUST00002369,LN00000504,2013-01-14,7333248.7,Approved,2026-07-25 01:44:21.532209,,Loan Management System
APP00003085,CUST00004906,LN00002495,2021-11-27,2601399.65,Approved,2026-07-25 01:44:21.532209,,Loan Management System
APP00003086,CUST00004365,,2024-05-19,3666918.54,Cancelled,2026-07-25 01:44:21.532209,,Loan Management System
APP00003087,CUST00002440,,2020-10-07,864046.22,Cancelled,2026-07-25 01:44:21.533168,,Loan Management System
APP00003088,CUST00001768,LN00000143,2013-10-31,2485713.05,Approved,2026-07-25 01:44:21.533168,,Loan Management System
APP00003089,CUST00003928,LN00000903,2012-11-17,3075964.23,Approved,2026-07-25 01:44:21.533168,,Loan Management System
APP00003090,CUST00004144,,2025-05-30,1185074.5,Pending,2026-07-25 01:44:21.533168,,Loan Management System
APP00003091,CUST00003173,LN00001785,2020-12-09,245954.07,Approved,2026-07-25 01:44:21.533168,,Loan Management System
APP00003092,CUST00002485,,2013-04-21,1358473.56,Pending,2026-07-25 01:44:21.534167,,Loan Management System
APP00003093,CUST00001165,LN00002246,2017-09-30,3070468.85,Approved,2026-07-25 01:44:21.534167,,Loan Management System
APP00003094,CUST00001645,,2026-04-30,2572668.98,Rejected,2026-07-25 01:44:21.534167,,Loan Management System
APP00003095,CUST00001695,,2023-01-20,2057306.3,Cancelled,2026-07-25 01:44:21.534167,,Loan Management System
APP00003096,CUST00001095,LN00000899,2025-09-10,2849989.53,Approved,2026-07-25 01:44:21.534167,,Loan Management System
APP00003097,CUST00001287,LN00001477,2017-03-20,2823689.48,Approved,2026-07-25 01:44:21.534167,,Loan Management System
APP00003098,CUST00002328,,2024-03-11,1478083.41,Rejected,2026-07-25 01:44:21.535184,,Loan Management System
APP00003099,CUST00002064,LN00002479,2012-08-11,1387544.2,Approved,2026-07-25 01:44:21.535184,,Loan Management System
APP00003100,CUST00003125,,2018-03-06,1653970.2,Rejected,2026-07-25 01:44:21.535184,,Loan Management System
APP00003101,CUST00003744,,2015-08-09,1289730.48,Rejected,2026-07-25 01:44:21.535184,,Loan Management System
APP00003102,CUST00003435,LN00000688,2015-02-07,209728.14,Approved,2026-07-25 01:44:21.535184,,Loan Management System
APP00003103,CUST00002895,LN00000399,2012-04-27,4049358.62,Approved,2026-07-25 01:44:21.535184,,Loan Management System
APP00003104,CUST00004621,LN00002153,2014-05-11,20567061.42,Approved,2026-07-25 01:44:21.535184,,Loan Management System
APP00003105,CUST00000991,,2018-01-20,2560161.97,Cancelled,2026-07-25 01:44:21.536185,,Loan Management System
APP00003106,CUST00002792,,2018-02-26,2434077.31,Pending,2026-07-25 01:44:21.536185,,Loan Management System
APP00003107,CUST00000612,LN00000377,2019-04-02,1502486.36,Approved,2026-07-25 01:44:21.536185,,Loan Management System
APP00003108,CUST00000430,LN00000462,2017-10-06,2737811.24,Approved,2026-07-25 01:44:21.536185,,Loan Management System
APP00003109,CUST00000833,,2020-12-14,4815485.15,Cancelled,2026-07-25 01:44:21.536185,,Loan Management System
APP00003110,CUST00001095,LN00000131,2012-07-13,2404499.51,Approved,2026-07-25 01:44:21.536185,,Loan Management System
APP00003111,CUST00003090,LN00001036,2017-06-07,2264224.97,Approved,2026-07-25 01:44:21.536185,,Loan Management System
APP00003112,CUST00001898,LN00002411,2019-02-09,2155699.09,Approved,2026-07-25 01:44:21.536185,,Loan Management System
APP00003113,CUST00002143,LN00001940,2026-03-20,864355.56,Approved,2026-07-25 01:44:21.536185,,Loan Management System
APP00003114,CUST00002241,LN00000314,2022-10-08,229284.85,Approved,2026-07-25 01:44:21.536185,,Loan Management System
APP00003115,CUST00003663,,2026-05-05,4847611.15,Pending,2026-07-25 01:44:21.537184,,Loan Management System
APP00003116,CUST00001505,LN00000779,2018-10-09,1056339.29,Approved,2026-07-25 01:44:21.537184,,Loan Management System
APP00003117,CUST00004955,,2025-09-06,4085089.0,Cancelled,2026-07-25 01:44:21.537184,,Loan Management System
APP00003118,CUST00002082,LN00000802,2012-10-08,2265550.13,Approved,2026-07-25 01:44:21.537184,,Loan Management System
APP00003119,CUST00001538,LN00000116,2020-12-18,1965545.78,Approved,2026-07-25 01:44:21.537184,,Loan Management System
APP00003120,CUST00003639,,2024-05-29,13865747.82,Pending,2026-07-25 01:44:21.537184,,Loan Management System
APP00003121,CUST00000107,LN00001320,2015-11-05,2763624.46,Approved,2026-07-25 01:44:21.537184,,Loan Management System
APP00003122,CUST00002379,LN00001847,2019-05-02,440708.04,Approved,2026-07-25 01:44:21.537184,,Loan Management System
APP00003123,CUST00004822,,2024-02-15,1628461.19,Rejected,2026-07-25 01:44:21.538186,,Loan Management System
APP00003124,CUST00003028,,2021-10-29,5538645.85,Pending,2026-07-25 01:44:21.538186,,Loan Management System
APP00003125,CUST00004909,,2014-11-26,956105.64,Rejected,2026-07-25 01:44:21.538186,,Loan Management System
APP00003126,CUST00000694,LN00000411,2012-08-09,405572.61,Approved,2026-07-25 01:44:21.538186,,Loan Management System
APP00003127,CUST00000212,,2016-07-25,859011.5,Rejected,2026-07-25 01:44:21.538186,,Loan Management System
APP00003128,CUST00002064,,2019-03-13,985710.89,Rejected,2026-07-25 01:44:21.539184,,Loan Management System
APP00003129,CUST00000536,LN00000947,2021-04-14,14672636.76,Approved,2026-07-25 01:44:21.539184,,Loan Management System
APP00003130,CUST00004604,LN00000718,2022-11-10,8186221.8,Approved,2026-07-25 01:44:21.539430,,Loan Management System
APP00003131,CUST00000813,LN00000360,2025-11-18,2880445.59,Approved,2026-07-25 01:44:21.539430,,Loan Management System
APP00003132,CUST00002822,LN00002490,2023-08-30,3214329.22,Approved,2026-07-25 01:44:21.539430,,Loan Management System
APP00003133,CUST00002785,LN00000514,2022-05-14,330735.6,Approved,2026-07-25 01:44:21.539430,,Loan Management System
APP00003134,CUST00001960,LN00001947,2013-03-11,14485308.93,Approved,2026-07-25 01:44:21.539430,,Loan Management System
APP00003135,CUST00002659,LN00001761,2016-03-10,10132477.54,Approved,2026-07-25 01:44:21.539430,,Loan Management System
APP00003136,CUST00003243,LN00000700,2020-02-07,1077240.59,Approved,2026-07-25 01:44:21.539430,,Loan Management System
APP00003137,CUST00000210,LN00000313,2013-02-28,12408218.5,Approved,2026-07-25 01:44:21.539430,,Loan Management System
APP00003138,CUST00002488,LN00001943,2016-05-12,1218712.63,Approved,2026-07-25 01:44:21.539430,,Loan Management System
APP00003139,CUST00004269,LN00000030,2020-10-24,1520122.42,Approved,2026-07-25 01:44:21.539430,,Loan Management System
APP00003140,CUST00001650,,2016-01-21,1520504.27,Cancelled,2026-07-25 01:44:21.539430,,Loan Management System
APP00003141,CUST00004602,,2013-10-10,18234717.33,Pending,2026-07-25 01:44:21.539430,,Loan Management System
APP00003142,CUST00003267,LN00001165,2020-12-05,5229481.96,Approved,2026-07-25 01:44:21.539430,,Loan Management System
APP00003143,CUST00004533,,2021-06-30,170526.95,Rejected,2026-07-25 01:44:21.540451,,Loan Management System
APP00003144,CUST00002792,LN00000090,2019-03-07,7151694.83,Approved,2026-07-25 01:44:21.540451,,Loan Management System
APP00003145,CUST00001138,LN00000652,2012-08-01,1551682.44,Approved,2026-07-25 01:44:21.540451,,Loan Management System
APP00003146,CUST00004270,,2017-03-09,594377.31,Rejected,2026-07-25 01:44:21.540451,,Loan Management System
APP00003147,CUST00004699,LN00001485,2026-01-07,13458669.57,Approved,2026-07-25 01:44:21.540451,,Loan Management System
APP00003148,CUST00001310,LN00000862,2017-02-27,583038.9,Approved,2026-07-25 01:44:21.540451,,Loan Management System
APP00003149,CUST00003752,LN00000775,2021-10-28,511168.9,Approved,2026-07-25 01:44:21.540451,,Loan Management System
APP00003150,CUST00000843,LN00000169,2024-11-27,7584700.16,Approved,2026-07-25 01:44:21.540451,,Loan Management System
APP00003151,CUST00003227,,2017-01-18,16395474.32,Pending,2026-07-25 01:44:21.541451,,Loan Management System
APP00003152,CUST00004771,,2021-09-18,2103075.08,Rejected,2026-07-25 01:44:21.541451,,Loan Management System
APP00003153,CUST00001225,,2012-06-05,3325569.29,Cancelled,2026-07-25 01:44:21.541451,,Loan Management System
APP00003154,CUST00001027,LN00001811,2011-10-24,2875663.6,Approved,2026-07-25 01:44:21.541451,,Loan Management System
APP00003155,CUST00002004,LN00000585,2019-07-25,4468970.86,Approved,2026-07-25 01:44:21.541451,,Loan Management System
APP00003156,CUST00002978,LN00001795,2024-11-21,7310684.31,Approved,2026-07-25 01:44:21.541451,,Loan Management System
APP00003157,CUST00003960,LN00001520,2017-01-15,1198661.91,Approved,2026-07-25 01:44:21.541451,,Loan Management System
APP00003158,CUST00003073,LN00001786,2015-01-25,1033280.5,Approved,2026-07-25 01:44:21.541451,,Loan Management System
APP00003159,CUST00001227,LN00000991,2017-09-12,2062062.08,Approved,2026-07-25 01:44:21.541451,,Loan Management System
APP00003160,CUST00001443,,2017-08-27,384690.57,Cancelled,2026-07-25 01:44:21.542451,,Loan Management System
APP00003161,CUST00000375,,2012-10-19,3246509.0,Pending,2026-07-25 01:44:21.542451,,Loan Management System
APP00003162,CUST00000028,LN00000277,2011-11-01,18728903.2,Approved,2026-07-25 01:44:21.542451,,Loan Management System
APP00003163,CUST00004756,LN00000343,2019-05-28,3903250.37,Approved,2026-07-25 01:44:21.542451,,Loan Management System
APP00003164,CUST00000694,,2015-04-21,1828135.11,Pending,2026-07-25 01:44:21.542451,,Loan Management System
APP00003165,CUST00000282,LN00002266,2016-04-10,2899496.27,Approved,2026-07-25 01:44:21.542451,,Loan Management System
APP00003166,CUST00000641,,2020-06-01,2265071.67,Rejected,2026-07-25 01:44:21.543451,,Loan Management System
APP00003167,CUST00000211,LN00001590,2016-01-31,3343521.49,Approved,2026-07-25 01:44:21.543451,,Loan Management System
APP00003168,CUST00002114,LN00000156,2017-09-07,191636.79,Approved,2026-07-25 01:44:21.543451,,Loan Management System
APP00003169,CUST00004137,LN00000937,2021-09-28,100978.02,Approved,2026-07-25 01:44:21.543451,,Loan Management System
APP00003170,CUST00000600,LN00002428,2018-01-26,448717.82,Approved,2026-07-25 01:44:21.543451,,Loan Management System
APP00003171,CUST00003818,,2020-10-19,1652805.04,Pending,2026-07-25 01:44:21.543451,,Loan Management System
APP00003172,CUST00004296,,2020-09-12,11876434.23,Cancelled,2026-07-25 01:44:21.543451,,Loan Management System
APP00003173,CUST00000252,LN00000448,2011-08-28,1167980.73,Approved,2026-07-25 01:44:21.543451,,Loan Management System
APP00003174,CUST00002331,LN00001962,2024-05-22,7727399.63,Approved,2026-07-25 01:44:21.543451,,Loan Management System
APP00003175,CUST00000815,,2017-07-04,13317433.57,Rejected,2026-07-25 01:44:21.544452,,Loan Management System
APP00003176,CUST00001082,LN00001921,2024-02-14,2849224.95,Approved,2026-07-25 01:44:21.544452,,Loan Management System
APP00003177,CUST00000485,LN00000147,2024-02-16,2247085.74,Approved,2026-07-25 01:44:21.544452,,Loan Management System
APP00003178,CUST00003767,LN00000521,2018-10-04,2594843.38,Approved,2026-07-25 01:44:21.544452,,Loan Management System
APP00003179,CUST00003534,,2017-03-12,1206711.63,Rejected,2026-07-25 01:44:21.544452,,Loan Management System
APP00003180,CUST00002165,,2017-09-12,10537973.68,Cancelled,2026-07-25 01:44:21.544452,,Loan Management System
APP00003181,CUST00003976,LN00000823,2020-09-13,2099658.12,Approved,2026-07-25 01:44:21.544452,,Loan Management System
APP00003182,CUST00004643,LN00002040,2013-05-22,9629476.03,Approved,2026-07-25 01:44:21.544452,,Loan Management System
APP00003183,CUST00000578,LN00000355,2020-10-03,1560655.89,Approved,2026-07-25 01:44:21.544452,,Loan Management System
APP00003184,CUST00004769,LN00000828,2025-09-13,367713.01,Approved,2026-07-25 01:44:21.544452,,Loan Management System
APP00003185,CUST00000010,,2019-08-22,2706595.85,Pending,2026-07-25 01:44:21.545451,,Loan Management System
APP00003186,CUST00002641,,2021-02-10,3610020.92,Rejected,2026-07-25 01:44:21.545451,,Loan Management System
APP00003187,CUST00003013,LN00001618,2022-08-11,17736693.74,Approved,2026-07-25 01:44:21.545451,,Loan Management System
APP00003188,CUST00001024,,2013-07-06,2150436.95,Cancelled,2026-07-25 01:44:21.545451,,Loan Management System
APP00003189,CUST00001994,,2022-12-10,138389.76,Cancelled,2026-07-25 01:44:21.545451,,Loan Management System
APP00003190,CUST00004874,,2017-06-13,3251132.21,Pending,2026-07-25 01:44:21.546452,,Loan Management System
APP00003191,CUST00002809,,2019-02-22,1753528.0,Pending,2026-07-25 01:44:21.547452,,Loan Management System
APP00003192,CUST00004631,,2015-08-26,1268109.87,Rejected,2026-07-25 01:44:21.547452,,Loan Management System
APP00003193,CUST00003775,LN00002286,2021-09-04,1543546.58,Approved,2026-07-25 01:44:21.547452,,Loan Management System
APP00003194,CUST00004407,,2022-02-16,2275335.46,Cancelled,2026-07-25 01:44:21.547452,,Loan Management System
APP00003195,CUST00001209,LN00000445,2016-11-01,20305902.62,Approved,2026-07-25 01:44:21.547452,,Loan Management System
APP00003196,CUST00003697,,2012-03-28,2341064.5,Rejected,2026-07-25 01:44:21.548453,,Loan Management System
APP00003197,CUST00003460,,2023-03-05,530984.57,Pending,2026-07-25 01:44:21.548453,,Loan Management System
APP00003198,CUST00002203,LN00002366,2020-07-25,3316128.8,Approved,2026-07-25 01:44:21.548453,,Loan Management System
APP00003199,CUST00002452,LN00002225,2014-01-22,2296297.08,Approved,2026-07-25 01:44:21.548453,,Loan Management System
APP00003200,CUST00002137,LN00001174,2020-04-25,7324680.63,Approved,2026-07-25 01:44:21.548453,,Loan Management System
APP00003201,CUST00003609,LN00001167,2018-07-30,1519938.97,Approved,2026-07-25 01:44:21.548453,,Loan Management System
APP00003202,CUST00002858,LN00001632,2017-09-01,902780.51,Approved,2026-07-25 01:44:21.548453,,Loan Management System
APP00003203,CUST00002648,,2020-10-01,1258778.46,Rejected,2026-07-25 01:44:21.548453,,Loan Management System
APP00003204,CUST00002968,,2023-11-17,2351058.59,Rejected,2026-07-25 01:44:21.549455,,Loan Management System
APP00003205,CUST00000934,LN00001051,2018-05-20,3579205.24,Approved,2026-07-25 01:44:21.549455,,Loan Management System
APP00003206,CUST00003789,LN00002212,2020-10-30,2284687.09,Approved,2026-07-25 01:44:21.549455,,Loan Management System
APP00003207,CUST00000869,LN00001341,2022-03-06,892404.28,Approved,2026-07-25 01:44:21.549455,,Loan Management System
APP00003208,CUST00002892,LN00000752,2018-09-22,2639669.77,Approved,2026-07-25 01:44:21.549455,,Loan Management System
APP00003209,CUST00003601,LN00000273,2015-09-30,2628374.75,Approved,2026-07-25 01:44:21.549455,,Loan Management System
APP00003210,CUST00002229,LN00002002,2012-01-18,7522021.06,Approved,2026-07-25 01:44:21.549455,,Loan Management System
APP00003211,CUST00001358,LN00000651,2018-11-06,495585.31,Approved,2026-07-25 01:44:21.549455,,Loan Management System
APP00003212,CUST00002303,LN00000473,2020-07-09,2366238.96,Approved,2026-07-25 01:44:21.549455,,Loan Management System
APP00003213,CUST00002978,,2012-04-22,587899.19,Rejected,2026-07-25 01:44:21.549455,,Loan Management System
APP00003214,CUST00000776,,2016-08-08,18463731.24,Rejected,2026-07-25 01:44:21.549455,,Loan Management System
APP00003215,CUST00002846,,2022-08-24,6665832.49,Cancelled,2026-07-25 01:44:21.550566,,Loan Management System
APP00003216,CUST00004260,,2014-11-02,2182397.63,Rejected,2026-07-25 01:44:21.550566,,Loan Management System
APP00003217,CUST00001096,,2017-01-04,5001651.67,Rejected,2026-07-25 01:44:21.550566,,Loan Management System
APP00003218,CUST00000477,LN00000469,2016-09-02,4351566.62,Approved,2026-07-25 01:44:21.550566,,Loan Management System
APP00003219,CUST00003015,,2012-12-17,8465578.06,Pending,2026-07-25 01:44:21.551455,,Loan Management System
APP00003220,CUST00000146,LN00000289,2012-07-24,982971.3,Approved,2026-07-25 01:44:21.551455,,Loan Management System
APP00003221,CUST00001807,LN00000914,2022-07-11,1433531.1,Approved,2026-07-25 01:44:21.551455,,Loan Management System
APP00003222,CUST00000104,LN00002351,2018-12-25,19100788.38,Approved,2026-07-25 01:44:21.551455,,Loan Management System
APP00003223,CUST00003759,,2020-08-19,2409871.35,Rejected,2026-07-25 01:44:21.551455,,Loan Management System
APP00003224,CUST00004584,LN00001840,2012-02-19,2558685.05,Approved,2026-07-25 01:44:21.551455,,Loan Management System
APP00003225,CUST00001021,LN00000172,2021-09-13,4547289.19,Approved,2026-07-25 01:44:21.551455,,Loan Management System
APP00003226,CUST00000745,LN00001620,2025-09-03,330328.81,Approved,2026-07-25 01:44:21.551455,,Loan Management System
APP00003227,CUST00000429,LN00000043,2018-08-22,1678511.2,Approved,2026-07-25 01:44:21.551455,,Loan Management System
APP00003228,CUST00001745,,2022-12-19,505573.63,Cancelled,2026-07-25 01:44:21.551455,,Loan Management System
APP00003229,CUST00001735,LN00002473,2015-07-04,466919.37,Approved,2026-07-25 01:44:21.551455,,Loan Management System
APP00003230,CUST00003862,LN00002000,2024-02-12,757802.84,Approved,2026-07-25 01:44:21.551455,,Loan Management System
APP00003231,CUST00001178,LN00000777,2023-08-29,408055.38,Approved,2026-07-25 01:44:21.551455,,Loan Management System
APP00003232,CUST00002955,LN00001140,2018-12-09,835063.94,Approved,2026-07-25 01:44:21.551455,,Loan Management System
APP00003233,CUST00001956,,2020-09-16,373907.65,Cancelled,2026-07-25 01:44:21.552452,,Loan Management System
APP00003234,CUST00004249,LN00002171,2021-02-12,7854585.07,Approved,2026-07-25 01:44:21.552452,,Loan Management System
APP00003235,CUST00003245,,2022-07-24,1450697.36,Rejected,2026-07-25 01:44:21.552452,,Loan Management System
APP00003236,CUST00000942,LN00002330,2023-12-23,1742268.84,Approved,2026-07-25 01:44:21.552452,,Loan Management System
APP00003237,CUST00003826,LN00001704,2022-06-14,674731.09,Approved,2026-07-25 01:44:21.552452,,Loan Management System
APP00003238,CUST00002505,LN00000042,2023-04-12,1807963.84,Approved,2026-07-25 01:44:21.552452,,Loan Management System
APP00003239,CUST00000745,LN00001677,2024-12-19,550043.62,Approved,2026-07-25 01:44:21.552452,,Loan Management System
APP00003240,CUST00001334,LN00001117,2016-08-15,686362.62,Approved,2026-07-25 01:44:21.552452,,Loan Management System
APP00003241,CUST00004919,LN00000840,2011-07-03,11100256.25,Approved,2026-07-25 01:44:21.552452,,Loan Management System
APP00003242,CUST00004963,LN00001269,2015-04-24,3621023.31,Approved,2026-07-25 01:44:21.552452,,Loan Management System
APP00003243,CUST00004623,LN00001732,2021-05-28,2489034.83,Approved,2026-07-25 01:44:21.552452,,Loan Management System
APP00003244,CUST00003847,LN00001058,2022-05-25,1015956.73,Approved,2026-07-25 01:44:21.552452,,Loan Management System
APP00003245,CUST00003840,LN00002200,2016-04-28,1616731.67,Approved,2026-07-25 01:44:21.552452,,Loan Management System
APP00003246,CUST00000313,LN00000581,2017-12-20,2261381.81,Approved,2026-07-25 01:44:21.552452,,Loan Management System
APP00003247,CUST00004914,LN00000639,2018-12-17,5283140.36,Approved,2026-07-25 01:44:21.552452,,Loan Management System
APP00003248,CUST00002512,LN00002139,2014-09-16,251281.36,Approved,2026-07-25 01:44:21.552452,,Loan Management System
APP00003249,CUST00000776,,2021-05-05,7072368.09,Rejected,2026-07-25 01:44:21.553452,,Loan Management System
APP00003250,CUST00002155,LN00001647,2020-06-26,4600798.37,Approved,2026-07-25 01:44:21.553452,,Loan Management System
APP00003251,CUST00004400,,2015-12-18,1890202.65,Rejected,2026-07-25 01:44:21.553452,,Loan Management System
APP00003252,CUST00003584,LN00001523,2016-06-28,1157734.2,Approved,2026-07-25 01:44:21.553452,,Loan Management System
APP00003253,CUST00003686,,2018-03-01,17139976.11,Rejected,2026-07-25 01:44:21.553452,,Loan Management System
APP00003254,CUST00000301,,2019-03-28,5091551.99,Cancelled,2026-07-25 01:44:21.554475,,Loan Management System
APP00003255,CUST00000281,LN00000936,2014-05-10,351023.11,Approved,2026-07-25 01:44:21.554475,,Loan Management System
APP00003256,CUST00003219,,2018-12-05,7268709.0,Rejected,2026-07-25 01:44:21.554475,,Loan Management System
APP00003257,CUST00004792,LN00001598,2021-10-17,4586937.77,Approved,2026-07-25 01:44:21.554475,,Loan Management System
APP00003258,CUST00002017,,2011-11-06,6247676.2,Cancelled,2026-07-25 01:44:21.554475,,Loan Management System
APP00003259,CUST00003612,,2018-03-10,1624873.75,Pending,2026-07-25 01:44:21.555453,,Loan Management System
APP00003260,CUST00003092,LN00000726,2015-08-03,1385347.18,Approved,2026-07-25 01:44:21.555453,,Loan Management System
APP00003261,CUST00003642,,2020-08-29,2024207.24,Pending,2026-07-25 01:44:21.555453,,Loan Management System
APP00003262,CUST00003654,LN00001355,2022-02-12,9785870.82,Approved,2026-07-25 01:44:21.555453,,Loan Management System
APP00003263,CUST00000815,LN00000985,2026-01-05,662316.78,Approved,2026-07-25 01:44:21.555453,,Loan Management System
APP00003264,CUST00003313,LN00002395,2022-04-27,2070838.47,Approved,2026-07-25 01:44:21.555453,,Loan Management System
APP00003265,CUST00002948,LN00001190,2015-01-30,2571289.51,Approved,2026-07-25 01:44:21.555453,,Loan Management System
APP00003266,CUST00000020,,2012-05-02,6642818.39,Rejected,2026-07-25 01:44:21.555453,,Loan Management System
APP00003267,CUST00003320,,2023-06-27,980495.04,Rejected,2026-07-25 01:44:21.556452,,Loan Management System
APP00003268,CUST00001366,,2025-12-28,1343778.05,Pending,2026-07-25 01:44:21.556452,,Loan Management System
APP00003269,CUST00003312,,2012-10-18,795918.89,Rejected,2026-07-25 01:44:21.556452,,Loan Management System
APP00003270,CUST00000173,,2017-08-24,5625974.3,Rejected,2026-07-25 01:44:21.556452,,Loan Management System
APP00003271,CUST00000671,,2020-02-12,926100.13,Cancelled,2026-07-25 01:44:21.557456,,Loan Management System
APP00003272,CUST00004975,,2013-05-14,3417420.7,Rejected,2026-07-25 01:44:21.557456,,Loan Management System
APP00003273,CUST00002354,LN00002203,2026-03-07,1193242.27,Approved,2026-07-25 01:44:21.557456,,Loan Management System
APP00003274,CUST00001202,LN00000844,2018-02-11,4762064.96,Approved,2026-07-25 01:44:21.557456,,Loan Management System
APP00003275,CUST00001761,LN00001563,2017-06-07,119602.11,Approved,2026-07-25 01:44:21.557456,,Loan Management System
APP00003276,CUST00003894,,2013-01-12,123766.31,Rejected,2026-07-25 01:44:21.557456,,Loan Management System
APP00003277,CUST00003245,LN00000186,2023-01-24,1147933.44,Approved,2026-07-25 01:44:21.557456,,Loan Management System
APP00003278,CUST00000953,LN00000064,2013-08-18,11856980.4,Approved,2026-07-25 01:44:21.557456,,Loan Management System
APP00003279,CUST00004031,,2018-01-19,2430952.1,Rejected,2026-07-25 01:44:21.558470,,Loan Management System
APP00003280,CUST00000564,,2018-04-14,1125919.7,Rejected,2026-07-25 01:44:21.558470,,Loan Management System
APP00003281,CUST00003027,LN00000847,2018-07-11,854019.57,Approved,2026-07-25 01:44:21.558470,,Loan Management System
APP00003282,CUST00004477,LN00002029,2019-01-21,7852283.24,Approved,2026-07-25 01:44:21.558470,,Loan Management System
APP00003283,CUST00004710,LN00000834,2011-10-08,237027.81,Approved,2026-07-25 01:44:21.558470,,Loan Management System
APP00003284,CUST00001051,LN00000299,2015-03-09,1447409.13,Approved,2026-07-25 01:44:21.558470,,Loan Management System
APP00003285,CUST00000697,LN00002359,2021-11-03,4208708.44,Approved,2026-07-25 01:44:21.558470,,Loan Management System
APP00003286,CUST00000366,LN00000908,2012-04-25,798537.44,Approved,2026-07-25 01:44:21.558470,,Loan Management System
APP00003287,CUST00004515,LN00000761,2015-09-26,2331064.4,Approved,2026-07-25 01:44:21.558470,,Loan Management System
APP00003288,CUST00004766,,2025-02-11,927107.03,Pending,2026-07-25 01:44:21.558470,,Loan Management System
APP00003289,CUST00003285,LN00001873,2017-01-24,1717845.21,Approved,2026-07-25 01:44:21.558470,,Loan Management System
APP00003290,CUST00004501,,2016-07-30,18050052.86,Pending,2026-07-25 01:44:21.559452,,Loan Management System
APP00003291,CUST00000137,,2022-05-07,2000789.84,Rejected,2026-07-25 01:44:21.559452,,Loan Management System
APP00003292,CUST00002645,LN00002189,2012-05-21,3475387.45,Approved,2026-07-25 01:44:21.559452,,Loan Management System
APP00003293,CUST00000889,LN00000879,2011-12-07,6226087.83,Approved,2026-07-25 01:44:21.559452,,Loan Management System
APP00003294,CUST00004944,,2023-01-31,109488.09,Pending,2026-07-25 01:44:21.559452,,Loan Management System
APP00003295,CUST00001518,LN00000184,2023-10-03,2010377.38,Approved,2026-07-25 01:44:21.559452,,Loan Management System
APP00003296,CUST00000768,LN00001519,2012-03-06,551111.02,Approved,2026-07-25 01:44:21.559452,,Loan Management System
APP00003297,CUST00003724,,2020-12-23,1582273.66,Rejected,2026-07-25 01:44:21.560452,,Loan Management System
APP00003298,CUST00003544,,2026-06-11,164348.11,Cancelled,2026-07-25 01:44:21.560452,,Loan Management System
APP00003299,CUST00003309,LN00002084,2012-10-06,1828973.81,Approved,2026-07-25 01:44:21.560452,,Loan Management System
APP00003300,CUST00000643,LN00000731,2012-09-01,232012.35,Approved,2026-07-25 01:44:21.560452,,Loan Management System
APP00003301,CUST00004950,LN00002083,2017-06-13,7011124.92,Approved,2026-07-25 01:44:21.560452,,Loan Management System
APP00003302,CUST00000933,LN00001777,2015-07-19,4594692.13,Approved,2026-07-25 01:44:21.560452,,Loan Management System
APP00003303,CUST00003552,,2011-08-25,1210496.62,Pending,2026-07-25 01:44:21.560452,,Loan Management System
APP00003304,CUST00000163,LN00000215,2014-12-05,1960737.69,Approved,2026-07-25 01:44:21.560452,,Loan Management System
APP00003305,CUST00004905,LN00002451,2019-07-13,820084.68,Approved,2026-07-25 01:44:21.560452,,Loan Management System
APP00003306,CUST00002042,,2018-04-07,3215009.51,Pending,2026-07-25 01:44:21.561452,,Loan Management System
APP00003307,CUST00003082,LN00002195,2019-03-26,3855054.9,Approved,2026-07-25 01:44:21.561452,,Loan Management System
APP00003308,CUST00001414,,2020-11-16,920898.56,Pending,2026-07-25 01:44:21.561452,,Loan Management System
APP00003309,CUST00001335,LN00001577,2013-03-25,927818.32,Approved,2026-07-25 01:44:21.561452,,Loan Management System
APP00003310,CUST00004076,LN00001241,2016-09-15,1221324.82,Approved,2026-07-25 01:44:21.561452,,Loan Management System
APP00003311,CUST00003562,LN00000194,2016-06-10,2683879.31,Approved,2026-07-25 01:44:21.561452,,Loan Management System
APP00003312,CUST00001124,LN00000115,2023-03-14,8910298.1,Approved,2026-07-25 01:44:21.561452,,Loan Management System
APP00003313,CUST00002689,,2015-03-01,13738473.92,Pending,2026-07-25 01:44:21.561452,,Loan Management System
APP00003314,CUST00002641,LN00000197,2019-03-25,3287390.9,Approved,2026-07-25 01:44:21.561452,,Loan Management System
APP00003315,CUST00000803,LN00002346,2024-08-23,2289082.57,Approved,2026-07-25 01:44:21.561452,,Loan Management System
APP00003316,CUST00003664,LN00000711,2022-03-13,2746215.81,Approved,2026-07-25 01:44:21.561452,,Loan Management System
APP00003317,CUST00004378,LN00001258,2018-11-19,1142840.19,Approved,2026-07-25 01:44:21.561452,,Loan Management System
APP00003318,CUST00002807,LN00000366,2015-01-31,1743464.72,Approved,2026-07-25 01:44:21.561452,,Loan Management System
APP00003319,CUST00003608,LN00000771,2021-07-31,1454318.31,Approved,2026-07-25 01:44:21.562452,,Loan Management System
APP00003320,CUST00003025,,2022-01-21,3235235.33,Rejected,2026-07-25 01:44:21.562452,,Loan Management System
APP00003321,CUST00001071,,2025-10-05,1315530.44,Cancelled,2026-07-25 01:44:21.563477,,Loan Management System
APP00003322,CUST00003546,LN00002234,2020-01-16,7304922.17,Approved,2026-07-25 01:44:21.563477,,Loan Management System
APP00003323,CUST00003329,,2014-11-13,3699111.45,Rejected,2026-07-25 01:44:21.563477,,Loan Management System
APP00003324,CUST00001341,LN00000226,2019-09-27,1372854.7,Approved,2026-07-25 01:44:21.563477,,Loan Management System
APP00003325,CUST00001157,LN00001177,2018-12-20,19665095.23,Approved,2026-07-25 01:44:21.563477,,Loan Management System
APP00003326,CUST00003923,,2022-12-23,246042.86,Rejected,2026-07-25 01:44:21.564470,,Loan Management System
APP00003327,CUST00003261,LN00002210,2019-06-02,2014187.95,Approved,2026-07-25 01:44:21.564470,,Loan Management System
APP00003328,CUST00001733,,2026-01-22,2552777.36,Rejected,2026-07-25 01:44:21.564470,,Loan Management System
APP00003329,CUST00001901,LN00002447,2025-07-18,1241169.84,Approved,2026-07-25 01:44:21.564470,,Loan Management System
APP00003330,CUST00002949,LN00002352,2012-04-14,46372.24,Approved,2026-07-25 01:44:21.564470,,Loan Management System
APP00003331,CUST00001253,LN00001983,2012-01-03,795187.83,Approved,2026-07-25 01:44:21.564470,,Loan Management System
APP00003332,CUST00002944,LN00001317,2019-04-14,656282.64,Approved,2026-07-25 01:44:21.564470,,Loan Management System
APP00003333,CUST00004608,,2012-10-21,1728024.16,Pending,2026-07-25 01:44:21.565470,,Loan Management System
APP00003334,CUST00001615,LN00000428,2021-05-26,6798613.42,Approved,2026-07-25 01:44:21.565470,,Loan Management System
APP00003335,CUST00001192,LN00002013,2016-09-17,1259280.58,Approved,2026-07-25 01:44:21.565470,,Loan Management System
APP00003336,CUST00002096,,2015-10-29,11127863.92,Rejected,2026-07-25 01:44:21.565470,,Loan Management System
APP00003337,CUST00001904,LN00000098,2022-10-27,2154971.33,Approved,2026-07-25 01:44:21.566470,,Loan Management System
APP00003338,CUST00001838,LN00002009,2019-03-03,428554.18,Approved,2026-07-25 01:44:21.566470,,Loan Management System
APP00003339,CUST00004358,,2023-11-27,8152193.86,Cancelled,2026-07-25 01:44:21.566470,,Loan Management System
APP00003340,CUST00004675,LN00000338,2019-03-09,1027097.31,Approved,2026-07-25 01:44:21.566470,,Loan Management System
APP00003341,CUST00002480,LN00001545,2021-06-11,4816754.13,Approved,2026-07-25 01:44:21.566470,,Loan Management System
APP00003342,CUST00004611,LN00001783,2025-08-06,1866792.75,Approved,2026-07-25 01:44:21.566470,,Loan Management System
APP00003343,CUST00001625,LN00002194,2019-05-06,1275510.62,Approved,2026-07-25 01:44:21.566470,,Loan Management System
APP00003344,CUST00000397,,2013-09-28,9616072.58,Rejected,2026-07-25 01:44:21.567470,,Loan Management System
APP00003345,CUST00004695,LN00001747,2015-02-27,7740999.51,Approved,2026-07-25 01:44:21.567470,,Loan Management System
APP00003346,CUST00000891,LN00001200,2012-09-11,266646.49,Approved,2026-07-25 01:44:21.567470,,Loan Management System
APP00003347,CUST00003905,LN00000812,2014-01-12,452692.15,Approved,2026-07-25 01:44:21.567470,,Loan Management System
APP00003348,CUST00004222,,2022-02-06,1345279.24,Pending,2026-07-25 01:44:21.567470,,Loan Management System
APP00003349,CUST00001779,,2012-09-30,1460385.83,Pending,2026-07-25 01:44:21.568470,,Loan Management System
APP00003350,CUST00002959,,2014-11-08,3744334.55,Rejected,2026-07-25 01:44:21.568470,,Loan Management System
APP00003351,CUST00002356,LN00002204,2026-01-09,2852152.03,Approved,2026-07-25 01:44:21.568470,,Loan Management System
APP00003352,CUST00000541,LN00000555,2024-04-11,1035099.12,Approved,2026-07-25 01:44:21.568470,,Loan Management System
APP00003353,CUST00000131,,2019-03-25,3530716.31,Cancelled,2026-07-25 01:44:21.569470,,Loan Management System
APP00003354,CUST00002013,,2017-02-23,5989559.79,Rejected,2026-07-25 01:44:21.569470,,Loan Management System
APP00003355,CUST00002931,LN00002186,2025-02-06,992665.3,Approved,2026-07-25 01:44:21.569470,,Loan Management System
APP00003356,CUST00003419,LN00001158,2014-01-04,988487.27,Approved,2026-07-25 01:44:21.569470,,Loan Management System
APP00003357,CUST00001304,,2023-05-11,2855124.5,Pending,2026-07-25 01:44:21.570470,,Loan Management System
APP00003358,CUST00001728,LN00000824,2019-06-23,3930565.28,Approved,2026-07-25 01:44:21.570470,,Loan Management System
APP00003359,CUST00002999,LN00001615,2024-04-14,1733764.82,Approved,2026-07-25 01:44:21.570470,,Loan Management System
APP00003360,CUST00003138,LN00002137,2020-07-27,3322533.25,Approved,2026-07-25 01:44:21.570470,,Loan Management System
APP00003361,CUST00003553,LN00002179,2014-02-10,6416339.58,Approved,2026-07-25 01:44:21.570470,,Loan Management System
APP00003362,CUST00002522,,2017-10-05,1307085.95,Cancelled,2026-07-25 01:44:21.570470,,Loan Management System
APP00003363,CUST00002331,LN00002160,2014-06-28,283747.62,Approved,2026-07-25 01:44:21.570470,,Loan Management System
APP00003364,CUST00001919,LN00001313,2025-05-07,492339.2,Approved,2026-07-25 01:44:21.570470,,Loan Management System
APP00003365,CUST00003450,LN00000373,2018-01-31,1973523.42,Approved,2026-07-25 01:44:21.570470,,Loan Management System
APP00003366,CUST00004591,LN00002130,2017-01-24,7699892.39,Approved,2026-07-25 01:44:21.570470,,Loan Management System
APP00003367,CUST00002331,,2016-11-21,499940.81,Cancelled,2026-07-25 01:44:21.571480,,Loan Management System
APP00003368,CUST00002839,LN00002478,2019-03-27,647874.53,Approved,2026-07-25 01:44:21.571480,,Loan Management System
APP00003369,CUST00003449,LN00001968,2025-10-30,1929445.28,Approved,2026-07-25 01:44:21.571480,,Loan Management System
APP00003370,CUST00002779,,2023-09-05,3468401.7,Pending,2026-07-25 01:44:21.571480,,Loan Management System
APP00003371,CUST00002475,LN00000241,2025-05-23,589744.4,Approved,2026-07-25 01:44:21.571480,,Loan Management System
APP00003372,CUST00003936,,2016-04-08,1745277.37,Rejected,2026-07-25 01:44:21.572471,,Loan Management System
APP00003373,CUST00000100,LN00002299,2025-08-03,1354309.15,Approved,2026-07-25 01:44:21.572471,,Loan Management System
APP00003374,CUST00004526,LN00000171,2018-08-11,1557437.09,Approved,2026-07-25 01:44:21.572471,,Loan Management System
APP00003375,CUST00003676,,2023-02-14,1037298.12,Pending,2026-07-25 01:44:21.572471,,Loan Management System
APP00003376,CUST00001186,,2024-01-12,1035116.57,Pending,2026-07-25 01:44:21.573477,,Loan Management System
APP00003377,CUST00001626,LN00001656,2016-07-02,387582.48,Approved,2026-07-25 01:44:21.573477,,Loan Management System
APP00003378,CUST00003059,LN00000772,2016-12-01,1110604.47,Approved,2026-07-25 01:44:21.573477,,Loan Management System
APP00003379,CUST00003944,LN00002317,2014-10-13,217021.15,Approved,2026-07-25 01:44:21.573477,,Loan Management System
APP00003380,CUST00001697,LN00000981,2020-02-14,508122.54,Approved,2026-07-25 01:44:21.573477,,Loan Management System
APP00003381,CUST00001032,LN00000580,2013-04-29,2084342.21,Approved,2026-07-25 01:44:21.573477,,Loan Management System
APP00003382,CUST00003730,,2024-09-28,906559.4,Pending,2026-07-25 01:44:21.573477,,Loan Management System
APP00003383,CUST00003722,LN00001498,2021-12-23,1428988.93,Approved,2026-07-25 01:44:21.574456,,Loan Management System
APP00003384,CUST00000042,,2019-11-05,3877653.76,Pending,2026-07-25 01:44:21.574456,,Loan Management System
APP00003385,CUST00000615,,2020-12-11,798623.64,Rejected,2026-07-25 01:44:21.574456,,Loan Management System
APP00003386,CUST00004071,LN00001009,2018-10-31,1520854.85,Approved,2026-07-25 01:44:21.574456,,Loan Management System
APP00003387,CUST00003586,,2014-07-21,2375746.09,Rejected,2026-07-25 01:44:21.574456,,Loan Management System
APP00003388,CUST00001691,LN00001386,2019-04-29,8518010.31,Approved,2026-07-25 01:44:21.575457,,Loan Management System
APP00003389,CUST00002832,LN00000269,2018-11-13,2978054.44,Approved,2026-07-25 01:44:21.575457,,Loan Management System
APP00003390,CUST00001035,,2025-11-18,12925887.77,Rejected,2026-07-25 01:44:21.575457,,Loan Management System
APP00003391,CUST00001207,LN00000477,2020-11-26,460397.89,Approved,2026-07-25 01:44:21.575457,,Loan Management System
APP00003392,CUST00001751,,2026-03-03,2573314.72,Rejected,2026-07-25 01:44:21.575457,,Loan Management System
APP00003393,CUST00000168,LN00001835,2013-04-14,2388926.84,Approved,2026-07-25 01:44:21.575457,,Loan Management System
APP00003394,CUST00001257,LN00001593,2026-04-05,6450370.12,Approved,2026-07-25 01:44:21.575457,,Loan Management System
APP00003395,CUST00004860,LN00001863,2021-10-17,7979021.68,Approved,2026-07-25 01:44:21.575457,,Loan Management System
APP00003396,CUST00000825,LN00001382,2025-08-30,835889.73,Approved,2026-07-25 01:44:21.575457,,Loan Management System
APP00003397,CUST00002842,LN00000636,2015-11-22,715348.15,Approved,2026-07-25 01:44:21.575457,,Loan Management System
APP00003398,CUST00003215,LN00000792,2022-04-06,1250667.64,Approved,2026-07-25 01:44:21.575457,,Loan Management System
APP00003399,CUST00001617,,2023-12-09,1185050.87,Pending,2026-07-25 01:44:21.576458,,Loan Management System
APP00003400,CUST00000931,,2012-11-04,1491039.45,Rejected,2026-07-25 01:44:21.576458,,Loan Management System
APP00003401,CUST00001161,LN00002039,2020-02-12,1383983.52,Approved,2026-07-25 01:44:21.576458,,Loan Management System
APP00003402,CUST00000878,,2026-01-06,5649578.4,Rejected,2026-07-25 01:44:21.576458,,Loan Management System
APP00003403,CUST00003059,LN00000409,2026-01-05,899529.63,Approved,2026-07-25 01:44:21.576458,,Loan Management System
APP00003404,CUST00002443,LN00000686,2016-09-23,13804075.29,Approved,2026-07-25 01:44:21.576458,,Loan Management System
APP00003405,CUST00002986,LN00002124,2018-02-21,4989444.01,Approved,2026-07-25 01:44:21.576458,,Loan Management System
APP00003406,CUST00002564,LN00000739,2018-01-28,2514253.68,Approved,2026-07-25 01:44:21.576458,,Loan Management System
APP00003407,CUST00001233,LN00001430,2014-10-04,9238411.35,Approved,2026-07-25 01:44:21.576458,,Loan Management System
APP00003408,CUST00004899,LN00000442,2022-06-26,5078171.34,Approved,2026-07-25 01:44:21.577458,,Loan Management System
APP00003409,CUST00001076,LN00001194,2022-10-14,13201766.35,Approved,2026-07-25 01:44:21.577458,,Loan Management System
APP00003410,CUST00001379,LN00001277,2022-11-20,1396718.74,Approved,2026-07-25 01:44:21.577458,,Loan Management System
APP00003411,CUST00001941,,2012-03-08,925413.55,Rejected,2026-07-25 01:44:21.577458,,Loan Management System
APP00003412,CUST00001586,LN00000493,2017-05-16,1273965.85,Approved,2026-07-25 01:44:21.577458,,Loan Management System
APP00003413,CUST00003123,LN00002202,2022-06-06,3139916.17,Approved,2026-07-25 01:44:21.577458,,Loan Management System
APP00003414,CUST00001425,LN00000159,2020-03-17,217801.89,Approved,2026-07-25 01:44:21.577458,,Loan Management System
APP00003415,CUST00003810,,2020-09-28,1566642.04,Rejected,2026-07-25 01:44:21.577458,,Loan Management System
APP00003416,CUST00000656,,2019-08-05,487408.36,Rejected,2026-07-25 01:44:21.577458,,Loan Management System
APP00003417,CUST00000289,LN00000125,2025-05-31,8227659.99,Approved,2026-07-25 01:44:21.578491,,Loan Management System
APP00003418,CUST00001402,LN00001824,2018-08-25,2637075.5,Approved,2026-07-25 01:44:21.578491,,Loan Management System
APP00003419,CUST00001228,LN00000610,2018-04-19,1919254.39,Approved,2026-07-25 01:44:21.578491,,Loan Management System
APP00003420,CUST00003641,,2015-05-12,373211.1,Rejected,2026-07-25 01:44:21.578491,,Loan Management System
APP00003421,CUST00001532,LN00002489,2015-08-31,8098054.11,Approved,2026-07-25 01:44:21.578491,,Loan Management System
APP00003422,CUST00004356,,2024-01-14,2887940.78,Pending,2026-07-25 01:44:21.578491,,Loan Management System
APP00003423,CUST00004021,,2026-02-22,4521158.42,Cancelled,2026-07-25 01:44:21.579455,,Loan Management System
APP00003424,CUST00002487,LN00000728,2021-11-14,3203378.55,Approved,2026-07-25 01:44:21.579455,,Loan Management System
APP00003425,CUST00002340,LN00001806,2013-04-19,1358033.9,Approved,2026-07-25 01:44:21.579455,,Loan Management System
APP00003426,CUST00001390,LN00000725,2012-04-21,20138036.9,Approved,2026-07-25 01:44:21.579455,,Loan Management System
APP00003427,CUST00000609,LN00001533,2025-01-03,1230221.96,Approved,2026-07-25 01:44:21.579455,,Loan Management System
APP00003428,CUST00000984,LN00000634,2021-05-03,2616677.62,Approved,2026-07-25 01:44:21.579455,,Loan Management System
APP00003429,CUST00003633,LN00000398,2012-05-22,445029.87,Approved,2026-07-25 01:44:21.579455,,Loan Management System
APP00003430,CUST00003115,LN00001415,2019-10-30,7927805.3,Approved,2026-07-25 01:44:21.579455,,Loan Management System
APP00003431,CUST00001854,,2017-10-01,2559675.15,Rejected,2026-07-25 01:44:21.579455,,Loan Management System
APP00003432,CUST00002938,LN00000895,2024-06-23,899422.38,Approved,2026-07-25 01:44:21.579455,,Loan Management System
APP00003433,CUST00000580,LN00002347,2022-01-12,4116286.66,Approved,2026-07-25 01:44:21.579455,,Loan Management System
APP00003434,CUST00002909,LN00000745,2023-02-28,4477868.67,Approved,2026-07-25 01:44:21.579455,,Loan Management System
APP00003435,CUST00000724,LN00002041,2017-06-05,2238083.14,Approved,2026-07-25 01:44:21.579455,,Loan Management System
APP00003436,CUST00004816,LN00000773,2024-04-14,1497193.06,Approved,2026-07-25 01:44:21.579455,,Loan Management System
APP00003437,CUST00000303,LN00000707,2012-12-20,2613653.99,Approved,2026-07-25 01:44:21.579455,,Loan Management System
APP00003438,CUST00002303,,2013-12-13,2957107.71,Rejected,2026-07-25 01:44:21.580463,,Loan Management System
APP00003439,CUST00004332,LN00000285,2023-07-22,1318589.79,Approved,2026-07-25 01:44:21.580463,,Loan Management System
APP00003440,CUST00004020,,2014-04-09,3972291.33,Rejected,2026-07-25 01:44:21.580463,,Loan Management System
APP00003441,CUST00003334,LN00001536,2014-06-02,1266843.56,Approved,2026-07-25 01:44:21.580463,,Loan Management System
APP00003442,CUST00003297,LN00000114,2022-06-06,3497537.65,Approved,2026-07-25 01:44:21.580463,,Loan Management System
APP00003443,CUST00002057,LN00001255,2020-01-21,1329251.77,Approved,2026-07-25 01:44:21.580463,,Loan Management System
APP00003444,CUST00004992,,2022-10-12,1277924.27,Pending,2026-07-25 01:44:21.580463,,Loan Management System
APP00003445,CUST00004814,,2026-05-26,1667055.44,Cancelled,2026-07-25 01:44:21.581454,,Loan Management System
APP00003446,CUST00003515,LN00001576,2019-08-27,273809.08,Approved,2026-07-25 01:44:21.581454,,Loan Management System
APP00003447,CUST00002776,,2024-01-30,113451.14,Rejected,2026-07-25 01:44:21.581454,,Loan Management System
APP00003448,CUST00003358,LN00001339,2024-05-22,900148.31,Approved,2026-07-25 01:44:21.581454,,Loan Management System
APP00003449,CUST00002637,LN00000020,2015-03-19,861030.71,Approved,2026-07-25 01:44:21.581454,,Loan Management System
APP00003450,CUST00000802,LN00000052,2017-11-12,1679895.75,Approved,2026-07-25 01:44:21.581454,,Loan Management System
APP00003451,CUST00004438,LN00002168,2021-04-23,18757124.13,Approved,2026-07-25 01:44:21.581454,,Loan Management System
APP00003452,CUST00001244,LN00000008,2013-11-24,8532008.93,Approved,2026-07-25 01:44:21.581454,,Loan Management System
APP00003453,CUST00000059,,2015-07-04,1195468.98,Rejected,2026-07-25 01:44:21.581454,,Loan Management System
APP00003454,CUST00003763,LN00002431,2015-03-26,810547.41,Approved,2026-07-25 01:44:21.581454,,Loan Management System
APP00003455,CUST00001396,LN00000392,2021-04-25,402067.86,Approved,2026-07-25 01:44:21.581454,,Loan Management System
APP00003456,CUST00003513,,2017-11-05,2174641.83,Pending,2026-07-25 01:44:21.582455,,Loan Management System
APP00003457,CUST00000257,LN00001529,2020-06-28,8797418.44,Approved,2026-07-25 01:44:21.582455,,Loan Management System
APP00003458,CUST00002998,LN00000243,2024-05-06,1016886.75,Approved,2026-07-25 01:44:21.582455,,Loan Management System
APP00003459,CUST00001573,LN00000250,2020-10-20,161729.95,Approved,2026-07-25 01:44:21.582455,,Loan Management System
APP00003460,CUST00000902,,2020-05-16,3338585.19,Rejected,2026-07-25 01:44:21.582455,,Loan Management System
APP00003461,CUST00003095,,2025-01-09,2828547.51,Pending,2026-07-25 01:44:21.582455,,Loan Management System
APP00003462,CUST00001421,LN00000084,2026-01-14,2715568.29,Approved,2026-07-25 01:44:21.582455,,Loan Management System
APP00003463,CUST00001463,LN00001056,2023-04-02,1217261.03,Approved,2026-07-25 01:44:21.582455,,Loan Management System
APP00003464,CUST00002451,,2019-07-21,3543848.89,Rejected,2026-07-25 01:44:21.583454,,Loan Management System
APP00003465,CUST00003747,,2019-04-19,2942821.18,Rejected,2026-07-25 01:44:21.583454,,Loan Management System
APP00003466,CUST00003932,LN00002146,2025-04-09,8065162.72,Approved,2026-07-25 01:44:21.583454,,Loan Management System
APP00003467,CUST00000126,LN00002283,2022-09-01,450012.84,Approved,2026-07-25 01:44:21.583454,,Loan Management System
APP00003468,CUST00001604,LN00001851,2019-08-17,1279116.95,Approved,2026-07-25 01:44:21.583454,,Loan Management System
APP00003469,CUST00000351,,2013-04-26,14130164.95,Rejected,2026-07-25 01:44:21.583454,,Loan Management System
APP00003470,CUST00001733,LN00001392,2020-03-07,1236808.94,Approved,2026-07-25 01:44:21.583454,,Loan Management System
APP00003471,CUST00000206,LN00000335,2014-09-22,729212.03,Approved,2026-07-25 01:44:21.583454,,Loan Management System
APP00003472,CUST00002816,LN00001439,2012-03-17,10415789.91,Approved,2026-07-25 01:44:21.583454,,Loan Management System
APP00003473,CUST00003649,,2021-05-28,1876477.87,Rejected,2026-07-25 01:44:21.584504,,Loan Management System
APP00003474,CUST00000490,LN00000929,2021-02-16,17459459.34,Approved,2026-07-25 01:44:21.584504,,Loan Management System
APP00003475,CUST00000059,LN00000822,2017-03-07,1265383.96,Approved,2026-07-25 01:44:21.584504,,Loan Management System
APP00003476,CUST00000012,LN00001645,2026-05-08,2803308.67,Approved,2026-07-25 01:44:21.584504,,Loan Management System
APP00003477,CUST00003652,,2017-12-20,14192904.97,Rejected,2026-07-25 01:44:21.584504,,Loan Management System
APP00003478,CUST00000815,LN00001068,2023-04-06,106526.8,Approved,2026-07-25 01:44:21.584504,,Loan Management System
APP00003479,CUST00000523,LN00000756,2023-05-01,2563679.62,Approved,2026-07-25 01:44:21.584504,,Loan Management System
APP00003480,CUST00001367,LN00000372,2011-08-03,1603721.18,Approved,2026-07-25 01:44:21.584504,,Loan Management System
APP00003481,CUST00004359,,2022-09-04,5516568.28,Rejected,2026-07-25 01:44:21.584504,,Loan Management System
APP00003482,CUST00004733,LN00002047,2021-07-03,1061261.59,Approved,2026-07-25 01:44:21.584504,,Loan Management System
APP00003483,CUST00001102,LN00002319,2013-11-14,226915.97,Approved,2026-07-25 01:44:21.584504,,Loan Management System
APP00003484,CUST00001880,LN00001763,2013-07-16,3080897.4,Approved,2026-07-25 01:44:21.584504,,Loan Management System
APP00003485,CUST00001355,,2017-12-18,6775062.46,Rejected,2026-07-25 01:44:21.585517,,Loan Management System
APP00003486,CUST00001648,,2015-05-10,1924569.98,Rejected,2026-07-25 01:44:21.585517,,Loan Management System
APP00003487,CUST00000525,LN00000727,2019-08-13,1055397.93,Approved,2026-07-25 01:44:21.585517,,Loan Management System
APP00003488,CUST00001957,LN00001455,2020-01-17,9937077.55,Approved,2026-07-25 01:44:21.585517,,Loan Management System
APP00003489,CUST00003731,,2017-07-25,1139814.31,Pending,2026-07-25 01:44:21.585517,,Loan Management System
APP00003490,CUST00001584,,2025-06-19,249332.47,Rejected,2026-07-25 01:44:21.586459,,Loan Management System
APP00003491,CUST00000104,LN00001275,2011-11-02,2234068.95,Approved,2026-07-25 01:44:21.586459,,Loan Management System
APP00003492,CUST00002970,LN00000393,2024-01-15,878988.27,Approved,2026-07-25 01:44:21.586459,,Loan Management System
APP00003493,CUST00002847,,2025-01-17,683349.99,Rejected,2026-07-25 01:44:21.586459,,Loan Management System
APP00003494,CUST00002772,,2019-10-06,424998.13,Rejected,2026-07-25 01:44:21.586459,,Loan Management System
APP00003495,CUST00001673,LN00000750,2013-05-14,1492732.79,Approved,2026-07-25 01:44:21.586459,,Loan Management System
APP00003496,CUST00003671,LN00001407,2011-06-09,10056127.29,Approved,2026-07-25 01:44:21.586459,,Loan Management System
APP00003497,CUST00001545,,2020-02-06,10763932.22,Rejected,2026-07-25 01:44:21.587459,,Loan Management System
APP00003498,CUST00003373,,2013-12-04,347292.84,Rejected,2026-07-25 01:44:21.587459,,Loan Management System
APP00003499,CUST00002027,LN00000568,2024-10-26,485011.93,Approved,2026-07-25 01:44:21.587459,,Loan Management System
APP00003500,CUST00001847,LN00001944,2021-08-26,4475546.14,Approved,2026-07-25 01:44:21.587459,,Loan Management System
APP00003501,CUST00002221,LN00001562,2018-12-20,2658207.31,Approved,2026-07-25 01:44:21.587459,,Loan Management System
APP00003502,CUST00004844,,2012-11-15,1464779.98,Pending,2026-07-25 01:44:21.587459,,Loan Management System
APP00003503,CUST00003887,LN00001670,2023-01-01,583371.17,Approved,2026-07-25 01:44:21.587459,,Loan Management System
APP00003504,CUST00001782,LN00001587,2025-08-02,710933.38,Approved,2026-07-25 01:44:21.587459,,Loan Management System
APP00003505,CUST00002342,LN00001653,2025-06-24,1381837.27,Approved,2026-07-25 01:44:21.587459,,Loan Management System
APP00003506,CUST00000523,LN00000386,2019-09-18,358216.19,Approved,2026-07-25 01:44:21.587459,,Loan Management System
APP00003507,CUST00004787,LN00002453,2021-11-29,3942407.73,Approved,2026-07-25 01:44:21.587459,,Loan Management System
APP00003508,CUST00003285,,2014-03-28,1295962.0,Rejected,2026-07-25 01:44:21.588549,,Loan Management System
APP00003509,CUST00000470,,2017-09-21,1642878.91,Rejected,2026-07-25 01:44:21.588549,,Loan Management System
APP00003510,CUST00004939,LN00001360,2014-04-03,396485.91,Approved,2026-07-25 01:44:21.588549,,Loan Management System
APP00003511,CUST00003020,LN00000490,2021-09-18,1340862.21,Approved,2026-07-25 01:44:21.588549,,Loan Management System
APP00003512,CUST00001053,LN00002028,2016-02-01,3084492.05,Approved,2026-07-25 01:44:21.588549,,Loan Management System
APP00003513,CUST00001322,LN00000121,2024-07-29,1733882.86,Approved,2026-07-25 01:44:21.588549,,Loan Management System
APP00003514,CUST00004947,LN00000743,2013-12-28,3291693.4,Approved,2026-07-25 01:44:21.588549,,Loan Management System
APP00003515,CUST00002575,LN00000735,2021-03-21,9206240.3,Approved,2026-07-25 01:44:21.588549,,Loan Management System
APP00003516,CUST00002758,LN00001020,2019-03-13,549243.44,Approved,2026-07-25 01:44:21.588549,,Loan Management System
APP00003517,CUST00001730,,2023-01-18,654912.21,Pending,2026-07-25 01:44:21.588549,,Loan Management System
APP00003518,CUST00000927,LN00000798,2022-03-10,3194735.81,Approved,2026-07-25 01:44:21.588549,,Loan Management System
APP00003519,CUST00003409,LN00000661,2016-08-17,441301.41,Approved,2026-07-25 01:44:21.588549,,Loan Management System
APP00003520,CUST00003810,,2015-02-23,1137806.01,Rejected,2026-07-25 01:44:21.589458,,Loan Management System
APP00003521,CUST00003730,LN00001695,2023-01-12,2186437.14,Approved,2026-07-25 01:44:21.589458,,Loan Management System
APP00003522,CUST00002973,LN00002170,2023-01-08,2399189.64,Approved,2026-07-25 01:44:21.589458,,Loan Management System
APP00003523,CUST00000258,LN00000261,2023-03-30,2405693.09,Approved,2026-07-25 01:44:21.589458,,Loan Management System
APP00003524,CUST00002958,LN00000291,2026-01-11,1367646.21,Approved,2026-07-25 01:44:21.589458,,Loan Management System
APP00003525,CUST00002211,,2015-09-16,479653.1,Rejected,2026-07-25 01:44:21.589458,,Loan Management System
APP00003526,CUST00000402,,2012-04-18,1516728.81,Cancelled,2026-07-25 01:44:21.589458,,Loan Management System
APP00003527,CUST00002040,LN00000491,2015-01-03,338724.62,Approved,2026-07-25 01:44:21.589458,,Loan Management System
APP00003528,CUST00003682,LN00001468,2013-12-30,1701106.16,Approved,2026-07-25 01:44:21.589458,,Loan Management System
APP00003529,CUST00003291,LN00000217,2017-11-29,2685082.85,Approved,2026-07-25 01:44:21.589458,,Loan Management System
APP00003530,CUST00004442,,2014-04-21,472196.7,Rejected,2026-07-25 01:44:21.590460,,Loan Management System
APP00003531,CUST00000967,,2013-11-08,4439870.24,Pending,2026-07-25 01:44:21.590460,,Loan Management System
APP00003532,CUST00002639,LN00000028,2022-08-02,3874381.21,Approved,2026-07-25 01:44:21.590460,,Loan Management System
APP00003533,CUST00004401,LN00001289,2016-02-20,845096.59,Approved,2026-07-25 01:44:21.590460,,Loan Management System
APP00003534,CUST00000399,,2021-04-18,392391.06,Rejected,2026-07-25 01:44:21.591462,,Loan Management System
APP00003535,CUST00000865,LN00002211,2021-04-22,283965.73,Approved,2026-07-25 01:44:21.591462,,Loan Management System
APP00003536,CUST00001592,,2012-07-06,1865342.83,Rejected,2026-07-25 01:44:21.591462,,Loan Management System
APP00003537,CUST00000507,,2014-05-23,342306.84,Rejected,2026-07-25 01:44:21.591462,,Loan Management System
APP00003538,CUST00003151,LN00000591,2016-08-27,8311398.02,Approved,2026-07-25 01:44:21.591462,,Loan Management System
APP00003539,CUST00000329,LN00001668,2022-12-12,7315222.73,Approved,2026-07-25 01:44:21.591462,,Loan Management System
APP00003540,CUST00002719,LN00002081,2022-11-24,8599636.12,Approved,2026-07-25 01:44:21.591462,,Loan Management System
APP00003541,CUST00004961,LN00000953,2018-04-03,1978895.6,Approved,2026-07-25 01:44:21.591462,,Loan Management System
APP00003542,CUST00000136,,2021-10-04,9604149.08,Pending,2026-07-25 01:44:21.592456,,Loan Management System
APP00003543,CUST00004371,LN00001354,2012-01-13,1018234.0,Approved,2026-07-25 01:44:21.592456,,Loan Management System
APP00003544,CUST00002846,LN00001248,2013-09-03,1108568.47,Approved,2026-07-25 01:44:21.592456,,Loan Management System
APP00003545,CUST00003271,LN00002206,2021-11-10,17842855.39,Approved,2026-07-25 01:44:21.592456,,Loan Management System
APP00003546,CUST00002195,LN00001270,2022-12-09,6889965.14,Approved,2026-07-25 01:44:21.592456,,Loan Management System
APP00003547,CUST00004956,LN00001852,2025-10-30,579596.72,Approved,2026-07-25 01:44:21.592456,,Loan Management System
APP00003548,CUST00003432,LN00000882,2018-09-29,324053.57,Approved,2026-07-25 01:44:21.592456,,Loan Management System
APP00003549,CUST00002428,LN00001624,2022-03-11,2550715.09,Approved,2026-07-25 01:44:21.592456,,Loan Management System
APP00003550,CUST00000700,,2021-11-17,15648752.09,Pending,2026-07-25 01:44:21.592456,,Loan Management System
APP00003551,CUST00002440,LN00000547,2022-11-12,2361196.27,Approved,2026-07-25 01:44:21.592456,,Loan Management System
APP00003552,CUST00001077,LN00001765,2025-07-17,4974572.09,Approved,2026-07-25 01:44:21.592456,,Loan Management System
APP00003553,CUST00004573,LN00002011,2014-02-14,494044.51,Approved,2026-07-25 01:44:21.592456,,Loan Management System
APP00003554,CUST00000026,,2015-04-18,9774792.65,Pending,2026-07-25 01:44:21.593462,,Loan Management System
APP00003555,CUST00002948,LN00000113,2016-02-03,838233.1,Approved,2026-07-25 01:44:21.593462,,Loan Management System
APP00003556,CUST00004863,,2021-10-13,17613977.48,Rejected,2026-07-25 01:44:21.593462,,Loan Management System
APP00003557,CUST00000467,LN00001033,2014-07-10,10745169.91,Approved,2026-07-25 01:44:21.593462,,Loan Management System
APP00003558,CUST00000319,,2025-01-29,5740160.19,Cancelled,2026-07-25 01:44:21.593462,,Loan Management System
APP00003559,CUST00004666,LN00001131,2024-05-09,9193469.58,Approved,2026-07-25 01:44:21.593462,,Loan Management System
APP00003560,CUST00002147,LN00000268,2017-10-17,1722995.89,Approved,2026-07-25 01:44:21.593462,,Loan Management System
APP00003561,CUST00001743,LN00001452,2019-12-26,1951763.91,Approved,2026-07-25 01:44:21.593462,,Loan Management System
APP00003562,CUST00001715,LN00000262,2014-12-13,144199.79,Approved,2026-07-25 01:44:21.593462,,Loan Management System
APP00003563,CUST00000578,LN00000606,2016-03-19,5975692.05,Approved,2026-07-25 01:44:21.593462,,Loan Management System
APP00003564,CUST00004168,LN00001953,2019-08-23,872917.69,Approved,2026-07-25 01:44:21.593462,,Loan Management System
APP00003565,CUST00002175,,2023-11-18,6776427.43,Cancelled,2026-07-25 01:44:21.594464,,Loan Management System
APP00003566,CUST00002250,LN00001424,2024-06-18,2100734.32,Approved,2026-07-25 01:44:21.594464,,Loan Management System
APP00003567,CUST00002601,LN00000236,2021-03-04,20853461.04,Approved,2026-07-25 01:44:21.594464,,Loan Management System
APP00003568,CUST00001841,,2021-09-16,16653547.02,Rejected,2026-07-25 01:44:21.594464,,Loan Management System
APP00003569,CUST00000859,,2021-08-10,1833380.32,Rejected,2026-07-25 01:44:21.594464,,Loan Management System
APP00003570,CUST00002647,,2012-09-24,2101564.93,Cancelled,2026-07-25 01:44:21.595463,,Loan Management System
APP00003571,CUST00000503,LN00002290,2020-12-18,1402175.67,Approved,2026-07-25 01:44:21.595463,,Loan Management System
APP00003572,CUST00000666,LN00001837,2020-01-23,7413259.97,Approved,2026-07-25 01:44:21.595463,,Loan Management System
APP00003573,CUST00003316,,2018-02-13,1455698.01,Pending,2026-07-25 01:44:21.595463,,Loan Management System
APP00003574,CUST00002684,LN00002421,2011-11-18,2329999.83,Approved,2026-07-25 01:44:21.595463,,Loan Management System
APP00003575,CUST00004038,,2013-05-29,531579.14,Cancelled,2026-07-25 01:44:21.595463,,Loan Management System
APP00003576,CUST00003725,LN00000091,2022-03-19,9037455.04,Approved,2026-07-25 01:44:21.595463,,Loan Management System
APP00003577,CUST00001221,,2015-01-02,1274356.84,Pending,2026-07-25 01:44:21.596460,,Loan Management System
APP00003578,CUST00002678,LN00000702,2025-01-13,9096482.28,Approved,2026-07-25 01:44:21.596460,,Loan Management System
APP00003579,CUST00000204,LN00000265,2018-04-25,734344.57,Approved,2026-07-25 01:44:21.596460,,Loan Management System
APP00003580,CUST00002445,LN00001787,2021-06-24,210584.68,Approved,2026-07-25 01:44:21.596460,,Loan Management System
APP00003581,CUST00000910,LN00002442,2012-02-02,2075817.49,Approved,2026-07-25 01:44:21.596460,,Loan Management System
APP00003582,CUST00002263,LN00002434,2013-03-30,17694963.04,Approved,2026-07-25 01:44:21.596460,,Loan Management System
APP00003583,CUST00000921,LN00001886,2025-12-05,650353.57,Approved,2026-07-25 01:44:21.596460,,Loan Management System
APP00003584,CUST00000303,,2014-07-31,686579.38,Rejected,2026-07-25 01:44:21.596460,,Loan Management System
APP00003585,CUST00003561,,2019-08-28,14571873.2,Rejected,2026-07-25 01:44:21.596460,,Loan Management System
APP00003586,CUST00004485,LN00000218,2024-07-12,1223312.98,Approved,2026-07-25 01:44:21.596460,,Loan Management System
APP00003587,CUST00001902,,2021-10-07,1266693.64,Rejected,2026-07-25 01:44:21.597564,,Loan Management System
APP00003588,CUST00004532,LN00001103,2016-02-10,1931055.33,Approved,2026-07-25 01:44:21.597564,,Loan Management System
APP00003589,CUST00003454,,2026-06-30,1297899.81,Rejected,2026-07-25 01:44:21.597564,,Loan Management System
APP00003590,CUST00003691,,2024-11-23,5920239.63,Rejected,2026-07-25 01:44:21.597564,,Loan Management System
APP00003591,CUST00003070,LN00001906,2018-10-17,787423.43,Approved,2026-07-25 01:44:21.597564,,Loan Management System
APP00003592,CUST00004689,LN00000918,2015-09-25,588449.67,Approved,2026-07-25 01:44:21.597564,,Loan Management System
APP00003593,CUST00004667,LN00002270,2022-08-04,1063225.12,Approved,2026-07-25 01:44:21.597564,,Loan Management System
APP00003594,CUST00000558,LN00001427,2019-03-04,1178646.98,Approved,2026-07-25 01:44:21.597564,,Loan Management System
APP00003595,CUST00000811,LN00000934,2024-07-26,2356692.22,Approved,2026-07-25 01:44:21.597564,,Loan Management System
APP00003596,CUST00001004,LN00000430,2020-04-27,2181399.36,Approved,2026-07-25 01:44:21.597564,,Loan Management System
APP00003597,CUST00000631,LN00001285,2019-07-23,4290483.14,Approved,2026-07-25 01:44:21.598463,,Loan Management System
APP00003598,CUST00000722,LN00002193,2016-10-25,12182485.38,Approved,2026-07-25 01:44:21.598463,,Loan Management System
APP00003599,CUST00000045,LN00001949,2020-01-11,8111689.97,Approved,2026-07-25 01:44:21.598463,,Loan Management System
APP00003600,CUST00001282,LN00002079,2021-01-04,2543679.84,Approved,2026-07-25 01:44:21.598463,,Loan Management System
APP00003601,CUST00004500,LN00000396,2024-04-04,1615947.74,Approved,2026-07-25 01:44:21.598463,,Loan Management System
APP00003602,CUST00004960,LN00000528,2020-10-14,1708518.03,Approved,2026-07-25 01:44:21.598463,,Loan Management System
APP00003603,CUST00001058,LN00002420,2017-06-09,7878123.5,Approved,2026-07-25 01:44:21.598463,,Loan Management System
APP00003604,CUST00001403,LN00001012,2021-06-26,280163.77,Approved,2026-07-25 01:44:21.598463,,Loan Management System
APP00003605,CUST00004930,,2023-06-07,2209441.23,Rejected,2026-07-25 01:44:21.598463,,Loan Management System
APP00003606,CUST00004481,LN00001318,2013-01-12,880542.66,Approved,2026-07-25 01:44:21.598463,,Loan Management System
APP00003607,CUST00004090,,2018-11-10,2500766.45,Rejected,2026-07-25 01:44:21.598463,,Loan Management System
APP00003608,CUST00002430,LN00000551,2020-12-22,8708798.15,Approved,2026-07-25 01:44:21.598463,,Loan Management System
APP00003609,CUST00000538,LN00000316,2017-07-19,8756500.47,Approved,2026-07-25 01:44:21.598463,,Loan Management System
APP00003610,CUST00001011,,2024-12-29,391571.52,Rejected,2026-07-25 01:44:21.599544,,Loan Management System
APP00003611,CUST00001047,LN00001463,2013-03-13,1963915.57,Approved,2026-07-25 01:44:21.599544,,Loan Management System
APP00003612,CUST00000902,LN00002214,2024-01-21,1176336.53,Approved,2026-07-25 01:44:21.599544,,Loan Management System
APP00003613,CUST00002771,LN00001312,2018-05-13,3326986.9,Approved,2026-07-25 01:44:21.599544,,Loan Management System
APP00003614,CUST00000264,,2025-04-01,1331660.03,Pending,2026-07-25 01:44:21.599544,,Loan Management System
APP00003615,CUST00003177,LN00000962,2013-04-14,1764472.99,Approved,2026-07-25 01:44:21.599544,,Loan Management System
APP00003616,CUST00003979,LN00001494,2019-09-21,704104.42,Approved,2026-07-25 01:44:21.599544,,Loan Management System
APP00003617,CUST00003594,,2018-10-19,1333797.79,Rejected,2026-07-25 01:44:21.599544,,Loan Management System
APP00003618,CUST00004346,LN00001517,2016-07-09,852913.39,Approved,2026-07-25 01:44:21.599544,,Loan Management System
APP00003619,CUST00002442,LN00001767,2013-01-06,635333.17,Approved,2026-07-25 01:44:21.599544,,Loan Management System
APP00003620,CUST00001901,,2019-09-05,5971075.46,Pending,2026-07-25 01:44:21.600462,,Loan Management System
APP00003621,CUST00001935,LN00001080,2020-10-25,18648821.44,Approved,2026-07-25 01:44:21.600462,,Loan Management System
APP00003622,CUST00000144,LN00001491,2022-01-31,573611.0,Approved,2026-07-25 01:44:21.600462,,Loan Management System
APP00003623,CUST00000679,LN00001072,2021-05-12,3134552.11,Approved,2026-07-25 01:44:21.600462,,Loan Management System
APP00003624,CUST00001083,LN00001586,2011-12-05,1095706.14,Approved,2026-07-25 01:44:21.600462,,Loan Management System
APP00003625,CUST00003391,LN00002358,2019-02-03,14047496.13,Approved,2026-07-25 01:44:21.600462,,Loan Management System
APP00003626,CUST00002655,,2018-07-07,11045344.78,Rejected,2026-07-25 01:44:21.600462,,Loan Management System
APP00003627,CUST00004048,LN00001637,2017-01-07,282651.17,Approved,2026-07-25 01:44:21.600462,,Loan Management System
APP00003628,CUST00001901,,2014-10-11,2105334.51,Rejected,2026-07-25 01:44:21.600462,,Loan Management System
APP00003629,CUST00000999,LN00002125,2026-03-16,988831.64,Approved,2026-07-25 01:44:21.600462,,Loan Management System
APP00003630,CUST00003474,LN00002441,2013-09-26,3758928.39,Approved,2026-07-25 01:44:21.600462,,Loan Management System
APP00003631,CUST00001951,LN00002476,2025-01-20,7514237.71,Approved,2026-07-25 01:44:21.600462,,Loan Management System
APP00003632,CUST00004580,,2020-06-13,1577289.1,Cancelled,2026-07-25 01:44:21.601489,,Loan Management System
APP00003633,CUST00001952,LN00000788,2015-11-01,1878652.42,Approved,2026-07-25 01:44:21.601489,,Loan Management System
APP00003634,CUST00004929,LN00002327,2024-08-23,829319.01,Approved,2026-07-25 01:44:21.601489,,Loan Management System
APP00003635,CUST00000048,LN00002258,2022-05-29,70742.71,Approved,2026-07-25 01:44:21.601489,,Loan Management System
APP00003636,CUST00004593,LN00002279,2017-06-11,356824.89,Approved,2026-07-25 01:44:21.601489,,Loan Management System
APP00003637,CUST00000121,,2022-09-12,1210491.97,Cancelled,2026-07-25 01:44:21.601489,,Loan Management System
APP00003638,CUST00004029,,2015-01-21,910832.84,Pending,2026-07-25 01:44:21.601489,,Loan Management System
APP00003639,CUST00002398,LN00001698,2011-11-26,7121834.08,Approved,2026-07-25 01:44:21.601489,,Loan Management System
APP00003640,CUST00004383,,2018-07-08,1516502.42,Rejected,2026-07-25 01:44:21.602461,,Loan Management System
APP00003641,CUST00003460,LN00001798,2016-03-17,3860378.07,Approved,2026-07-25 01:44:21.602461,,Loan Management System
APP00003642,CUST00003462,LN00001980,2025-07-13,2705635.03,Approved,2026-07-25 01:44:21.602461,,Loan Management System
APP00003643,CUST00000696,LN00000086,2026-03-08,950487.63,Approved,2026-07-25 01:44:21.602461,,Loan Management System
APP00003644,CUST00004671,LN00000999,2023-12-28,640061.05,Approved,2026-07-25 01:44:21.602461,,Loan Management System
APP00003645,CUST00002194,LN00001216,2019-04-12,10618696.32,Approved,2026-07-25 01:44:21.602461,,Loan Management System
APP00003646,CUST00003267,LN00000051,2013-01-13,5781511.71,Approved,2026-07-25 01:44:21.602461,,Loan Management System
APP00003647,CUST00001851,LN00000596,2015-04-04,1024056.69,Approved,2026-07-25 01:44:21.602461,,Loan Management System
APP00003648,CUST00002512,,2026-02-08,2073111.71,Rejected,2026-07-25 01:44:21.602461,,Loan Management System
APP00003649,CUST00003813,,2020-09-06,1613293.48,Pending,2026-07-25 01:44:21.602461,,Loan Management System
APP00003650,CUST00002923,,2018-10-07,1214634.63,Rejected,2026-07-25 01:44:21.603463,,Loan Management System
APP00003651,CUST00001727,LN00002483,2021-09-10,286226.86,Approved,2026-07-25 01:44:21.603463,,Loan Management System
APP00003652,CUST00002271,LN00002491,2013-12-07,2755046.56,Approved,2026-07-25 01:44:21.603463,,Loan Management System
APP00003653,CUST00001046,LN00000926,2019-08-12,2214987.79,Approved,2026-07-25 01:44:21.603463,,Loan Management System
APP00003654,CUST00001393,LN00001005,2020-08-14,902487.0,Approved,2026-07-25 01:44:21.603463,,Loan Management System
APP00003655,CUST00000510,LN00000897,2016-03-27,929486.71,Approved,2026-07-25 01:44:21.603463,,Loan Management System
APP00003656,CUST00002968,LN00000920,2025-09-21,2058371.92,Approved,2026-07-25 01:44:21.603463,,Loan Management System
APP00003657,CUST00000791,,2018-08-04,776875.71,Rejected,2026-07-25 01:44:21.603463,,Loan Management System
APP00003658,CUST00001606,,2020-12-14,2804798.87,Rejected,2026-07-25 01:44:21.603463,,Loan Management System
APP00003659,CUST00002014,LN00002026,2023-01-03,5166107.73,Approved,2026-07-25 01:44:21.604466,,Loan Management System
APP00003660,CUST00002074,LN00000108,2023-12-04,1185809.93,Approved,2026-07-25 01:44:21.604466,,Loan Management System
APP00003661,CUST00004389,LN00001122,2016-02-10,15351805.74,Approved,2026-07-25 01:44:21.604466,,Loan Management System
APP00003662,CUST00004122,LN00000635,2014-09-22,4047699.16,Approved,2026-07-25 01:44:21.604466,,Loan Management System
APP00003663,CUST00002490,,2021-01-27,1192077.06,Cancelled,2026-07-25 01:44:21.604466,,Loan Management System
APP00003664,CUST00002322,LN00002245,2014-03-31,17083896.56,Approved,2026-07-25 01:44:21.604466,,Loan Management System
APP00003665,CUST00004322,LN00001008,2019-06-06,1279903.34,Approved,2026-07-25 01:44:21.604466,,Loan Management System
APP00003666,CUST00000523,,2015-11-17,2249524.89,Rejected,2026-07-25 01:44:21.604466,,Loan Management System
APP00003667,CUST00001198,LN00000168,2014-03-15,1172466.9,Approved,2026-07-25 01:44:21.604466,,Loan Management System
APP00003668,CUST00003469,LN00001813,2024-12-26,202807.7,Approved,2026-07-25 01:44:21.604466,,Loan Management System
APP00003669,CUST00002667,,2017-06-02,1431939.22,Rejected,2026-07-25 01:44:21.605463,,Loan Management System
APP00003670,CUST00000770,,2024-09-24,555539.44,Rejected,2026-07-25 01:44:21.605463,,Loan Management System
APP00003671,CUST00001364,LN00000921,2011-11-05,2083821.84,Approved,2026-07-25 01:44:21.605463,,Loan Management System
APP00003672,CUST00000629,LN00001327,2025-06-18,103261.22,Approved,2026-07-25 01:44:21.605463,,Loan Management System
APP00003673,CUST00001804,LN00000337,2020-07-18,2431480.59,Approved,2026-07-25 01:44:21.605463,,Loan Management System
APP00003674,CUST00004487,,2024-04-13,325194.94,Rejected,2026-07-25 01:44:21.605463,,Loan Management System
APP00003675,CUST00003251,LN00002336,2024-06-28,719239.37,Approved,2026-07-25 01:44:21.605463,,Loan Management System
APP00003676,CUST00004273,LN00001204,2019-03-08,10135866.33,Approved,2026-07-25 01:44:21.605463,,Loan Management System
APP00003677,CUST00000843,LN00000425,2012-10-30,2250405.31,Approved,2026-07-25 01:44:21.605463,,Loan Management System
APP00003678,CUST00001808,LN00001578,2015-06-15,884097.43,Approved,2026-07-25 01:44:21.605463,,Loan Management System
APP00003679,CUST00003216,,2015-03-18,7649156.06,Rejected,2026-07-25 01:44:21.606461,,Loan Management System
APP00003680,CUST00002911,,2020-03-17,1988365.03,Rejected,2026-07-25 01:44:21.606461,,Loan Management System
APP00003681,CUST00000448,,2018-05-17,630864.7,Rejected,2026-07-25 01:44:21.606461,,Loan Management System
APP00003682,CUST00004864,,2024-12-07,3580843.8,Cancelled,2026-07-25 01:44:21.606461,,Loan Management System
APP00003683,CUST00003365,,2017-04-26,12233939.51,Rejected,2026-07-25 01:44:21.607464,,Loan Management System
APP00003684,CUST00002421,,2025-03-09,12957967.26,Rejected,2026-07-25 01:44:21.607464,,Loan Management System
APP00003685,CUST00000629,,2020-12-05,2509849.67,Rejected,2026-07-25 01:44:21.607464,,Loan Management System
APP00003686,CUST00001522,LN00000545,2023-01-07,1426318.79,Approved,2026-07-25 01:44:21.607464,,Loan Management System
APP00003687,CUST00004000,LN00001626,2012-02-09,2671822.79,Approved,2026-07-25 01:44:21.607464,,Loan Management System
APP00003688,CUST00002138,LN00001450,2022-08-03,4747272.95,Approved,2026-07-25 01:44:21.607464,,Loan Management System
APP00003689,CUST00000154,LN00002183,2019-01-30,17678967.31,Approved,2026-07-25 01:44:21.607464,,Loan Management System
APP00003690,CUST00004694,LN00001394,2013-09-19,1208944.02,Approved,2026-07-25 01:44:21.608512,,Loan Management System
APP00003691,CUST00002371,LN00000598,2022-08-24,292744.51,Approved,2026-07-25 01:44:21.608512,,Loan Management System
APP00003692,CUST00001058,,2025-07-26,1238134.02,Pending,2026-07-25 01:44:21.608512,,Loan Management System
APP00003693,CUST00001923,LN00001079,2024-02-16,10323343.71,Approved,2026-07-25 01:44:21.608512,,Loan Management System
APP00003694,CUST00001416,,2019-08-02,1130739.72,Cancelled,2026-07-25 01:44:21.608512,,Loan Management System
APP00003695,CUST00002867,LN00001658,2026-05-12,1723354.08,Approved,2026-07-25 01:44:21.608512,,Loan Management System
APP00003696,CUST00002842,LN00002445,2019-07-19,5597636.67,Approved,2026-07-25 01:44:21.608512,,Loan Management System
APP00003697,CUST00001310,LN00000383,2020-11-14,818612.52,Approved,2026-07-25 01:44:21.608512,,Loan Management System
APP00003698,CUST00002416,,2012-08-26,1830418.07,Rejected,2026-07-25 01:44:21.609460,,Loan Management System
APP00003699,CUST00002297,LN00000814,2017-12-24,2039283.12,Approved,2026-07-25 01:44:21.609460,,Loan Management System
APP00003700,CUST00003650,,2015-05-03,18245234.82,Rejected,2026-07-25 01:44:21.609460,,Loan Management System
APP00003701,CUST00001713,LN00000312,2013-02-07,1119087.83,Approved,2026-07-25 01:44:21.609460,,Loan Management System
APP00003702,CUST00002704,LN00001631,2021-04-10,399643.3,Approved,2026-07-25 01:44:21.609460,,Loan Management System
APP00003703,CUST00001963,,2021-12-03,540733.83,Cancelled,2026-07-25 01:44:21.609460,,Loan Management System
APP00003704,CUST00004735,,2012-03-15,16682394.12,Pending,2026-07-25 01:44:21.610463,,Loan Management System
APP00003705,CUST00003808,LN00000729,2025-12-14,1915760.09,Approved,2026-07-25 01:44:21.610463,,Loan Management System
APP00003706,CUST00002993,LN00002450,2023-07-03,2679468.61,Approved,2026-07-25 01:44:21.610463,,Loan Management System
APP00003707,CUST00001597,LN00002294,2017-02-21,1294688.89,Approved,2026-07-25 01:44:21.610463,,Loan Management System
APP00003708,CUST00002747,LN00001214,2023-06-29,2147504.91,Approved,2026-07-25 01:44:21.610463,,Loan Management System
APP00003709,CUST00002400,LN00002296,2013-08-22,7109579.9,Approved,2026-07-25 01:44:21.610463,,Loan Management System
APP00003710,CUST00004295,LN00002074,2018-01-08,665699.61,Approved,2026-07-25 01:44:21.610463,,Loan Management System
APP00003711,CUST00004051,LN00001272,2026-01-20,2399805.97,Approved,2026-07-25 01:44:21.610463,,Loan Management System
APP00003712,CUST00004691,LN00002384,2020-05-31,1302784.29,Approved,2026-07-25 01:44:21.610463,,Loan Management System
APP00003713,CUST00000322,LN00000778,2020-02-09,10132137.5,Approved,2026-07-25 01:44:21.610463,,Loan Management System
APP00003714,CUST00003225,,2019-01-11,1016583.48,Rejected,2026-07-25 01:44:21.610463,,Loan Management System
APP00003715,CUST00000962,LN00000457,2015-11-28,1297378.3,Approved,2026-07-25 01:44:21.610463,,Loan Management System
APP00003716,CUST00004170,LN00000066,2012-10-14,2710274.98,Approved,2026-07-25 01:44:21.610463,,Loan Management System
APP00003717,CUST00003530,LN00001323,2024-09-02,19833646.14,Approved,2026-07-25 01:44:21.610463,,Loan Management System
APP00003718,CUST00001180,LN00000691,2021-05-02,4546110.0,Approved,2026-07-25 01:44:21.610463,,Loan Management System
APP00003719,CUST00001194,LN00000653,2022-09-29,2070312.88,Approved,2026-07-25 01:44:21.610463,,Loan Management System
APP00003720,CUST00003713,LN00001481,2022-06-16,1069425.75,Approved,2026-07-25 01:44:21.610463,,Loan Management System
APP00003721,CUST00001534,,2024-11-24,2740639.13,Rejected,2026-07-25 01:44:21.611459,,Loan Management System
APP00003722,CUST00004021,,2021-10-05,3698366.03,Pending,2026-07-25 01:44:21.611459,,Loan Management System
APP00003723,CUST00003441,,2020-03-31,161537.73,Rejected,2026-07-25 01:44:21.611459,,Loan Management System
APP00003724,CUST00002501,LN00001794,2014-01-15,1788179.11,Approved,2026-07-25 01:44:21.611459,,Loan Management System
APP00003725,CUST00004661,LN00001381,2018-07-10,2227632.49,Approved,2026-07-25 01:44:21.611459,,Loan Management System
APP00003726,CUST00000609,,2022-01-10,2665302.51,Rejected,2026-07-25 01:44:21.612460,,Loan Management System
APP00003727,CUST00001162,,2014-06-12,2069409.72,Rejected,2026-07-25 01:44:21.612460,,Loan Management System
APP00003728,CUST00003543,LN00001437,2024-08-06,3675851.82,Approved,2026-07-25 01:44:21.612460,,Loan Management System
APP00003729,CUST00003142,LN00001989,2017-04-08,1268457.75,Approved,2026-07-25 01:44:21.612460,,Loan Management System
APP00003730,CUST00002769,LN00001085,2016-01-26,948203.67,Approved,2026-07-25 01:44:21.612460,,Loan Management System
APP00003731,CUST00002086,,2022-09-15,272325.27,Rejected,2026-07-25 01:44:21.612460,,Loan Management System
APP00003732,CUST00002830,,2011-07-26,16302115.55,Cancelled,2026-07-25 01:44:21.613461,,Loan Management System
APP00003733,CUST00003782,,2014-03-29,8398827.84,Rejected,2026-07-25 01:44:21.613461,,Loan Management System
APP00003734,CUST00003315,LN00000829,2018-07-24,1672593.45,Approved,2026-07-25 01:44:21.613461,,Loan Management System
APP00003735,CUST00000530,,2016-04-03,8213123.67,Cancelled,2026-07-25 01:44:21.613461,,Loan Management System
APP00003736,CUST00000140,LN00001568,2023-04-01,2211560.46,Approved,2026-07-25 01:44:21.613461,,Loan Management System
APP00003737,CUST00001408,LN00000763,2013-07-21,1384540.47,Approved,2026-07-25 01:44:21.613461,,Loan Management System
APP00003738,CUST00001307,,2022-12-15,1623378.88,Pending,2026-07-25 01:44:21.613461,,Loan Management System
APP00003739,CUST00000613,LN00002037,2015-03-04,1595428.7,Approved,2026-07-25 01:44:21.614459,,Loan Management System
APP00003740,CUST00000680,LN00001282,2024-06-25,21119834.24,Approved,2026-07-25 01:44:21.614459,,Loan Management System
APP00003741,CUST00004174,LN00001664,2013-12-10,1715149.91,Approved,2026-07-25 01:44:21.614459,,Loan Management System
APP00003742,CUST00002930,LN00000371,2017-11-22,1525389.37,Approved,2026-07-25 01:44:21.614459,,Loan Management System
APP00003743,CUST00001098,,2020-05-15,1798478.81,Cancelled,2026-07-25 01:44:21.614459,,Loan Management System
APP00003744,CUST00004615,,2011-10-28,1496203.74,Pending,2026-07-25 01:44:21.614459,,Loan Management System
APP00003745,CUST00003410,,2024-02-06,452933.02,Rejected,2026-07-25 01:44:21.614459,,Loan Management System
APP00003746,CUST00001849,,2023-07-14,1777059.14,Rejected,2026-07-25 01:44:21.615457,,Loan Management System
APP00003747,CUST00001504,,2012-09-23,243777.29,Rejected,2026-07-25 01:44:21.615457,,Loan Management System
APP00003748,CUST00001995,LN00000415,2026-01-31,4460200.52,Approved,2026-07-25 01:44:21.615457,,Loan Management System
APP00003749,CUST00002672,LN00001253,2018-05-22,4072784.76,Approved,2026-07-25 01:44:21.615457,,Loan Management System
APP00003750,CUST00004846,,2016-05-26,1101537.14,Pending,2026-07-25 01:44:21.615457,,Loan Management System
APP00003751,CUST00001443,,2023-12-01,4803790.54,Cancelled,2026-07-25 01:44:21.616460,,Loan Management System
APP00003752,CUST00004439,LN00001297,2019-07-16,101101.94,Approved,2026-07-25 01:44:21.616460,,Loan Management System
APP00003753,CUST00001714,,2021-06-24,5006353.35,Rejected,2026-07-25 01:44:21.616460,,Loan Management System
APP00003754,CUST00001528,LN00000933,2015-11-05,2576370.76,Approved,2026-07-25 01:44:21.616460,,Loan Management System
APP00003755,CUST00000545,LN00002205,2013-01-07,7311821.69,Approved,2026-07-25 01:44:21.616460,,Loan Management System
APP00003756,CUST00002977,,2025-06-08,3106304.23,Rejected,2026-07-25 01:44:21.616460,,Loan Management System
APP00003757,CUST00004570,,2016-04-07,356368.69,Pending,2026-07-25 01:44:21.617459,,Loan Management System
APP00003758,CUST00002004,,2015-05-31,375467.91,Rejected,2026-07-25 01:44:21.617459,,Loan Management System
APP00003759,CUST00003263,LN00001441,2024-03-23,1143224.49,Approved,2026-07-25 01:44:21.617459,,Loan Management System
APP00003760,CUST00002823,LN00001368,2025-10-04,2710122.86,Approved,2026-07-25 01:44:21.617459,,Loan Management System
APP00003761,CUST00000478,LN00000365,2019-09-15,4067341.06,Approved,2026-07-25 01:44:21.617459,,Loan Management System
APP00003762,CUST00002109,,2018-06-08,5721061.98,Rejected,2026-07-25 01:44:21.617459,,Loan Management System
APP00003763,CUST00004203,LN00002048,2019-10-28,1614736.72,Approved,2026-07-25 01:44:21.617459,,Loan Management System
APP00003764,CUST00002622,LN00000705,2014-04-13,2162766.61,Approved,2026-07-25 01:44:21.617459,,Loan Management System
APP00003765,CUST00002430,LN00001428,2016-12-08,5629210.71,Approved,2026-07-25 01:44:21.617459,,Loan Management System
APP00003766,CUST00003499,,2014-07-16,968945.66,Rejected,2026-07-25 01:44:21.617459,,Loan Management System
APP00003767,CUST00004293,LN00001644,2020-09-03,715413.38,Approved,2026-07-25 01:44:21.618508,,Loan Management System
APP00003768,CUST00001803,LN00001319,2016-11-17,748083.84,Approved,2026-07-25 01:44:21.618508,,Loan Management System
APP00003769,CUST00000277,LN00002242,2020-05-03,20493979.11,Approved,2026-07-25 01:44:21.618508,,Loan Management System
APP00003770,CUST00001234,LN00002288,2012-12-25,3832767.79,Approved,2026-07-25 01:44:21.618508,,Loan Management System
APP00003771,CUST00004742,,2012-10-16,1901996.67,Rejected,2026-07-25 01:44:21.618508,,Loan Management System
APP00003772,CUST00001790,,2020-02-14,6805839.26,Pending,2026-07-25 01:44:21.618508,,Loan Management System
APP00003773,CUST00000024,,2016-07-26,2008914.5,Cancelled,2026-07-25 01:44:21.618508,,Loan Management System
APP00003774,CUST00002503,LN00000858,2018-11-25,680867.05,Approved,2026-07-25 01:44:21.619460,,Loan Management System
APP00003775,CUST00001013,,2013-07-21,2382565.15,Cancelled,2026-07-25 01:44:21.619460,,Loan Management System
APP00003776,CUST00001676,,2025-03-22,2650013.53,Rejected,2026-07-25 01:44:21.619460,,Loan Management System
APP00003777,CUST00003008,LN00000658,2025-12-15,551787.05,Approved,2026-07-25 01:44:21.619460,,Loan Management System
APP00003778,CUST00001084,LN00001078,2018-09-13,1277273.36,Approved,2026-07-25 01:44:21.619460,,Loan Management System
APP00003779,CUST00003613,LN00001877,2016-07-21,3343515.32,Approved,2026-07-25 01:44:21.619460,,Loan Management System
APP00003780,CUST00000748,,2025-05-24,145851.79,Rejected,2026-07-25 01:44:21.619460,,Loan Management System
APP00003781,CUST00002582,,2025-01-21,1258317.52,Rejected,2026-07-25 01:44:21.620459,,Loan Management System
APP00003782,CUST00003457,,2021-05-05,4051017.96,Rejected,2026-07-25 01:44:21.620459,,Loan Management System
APP00003783,CUST00000123,LN00001330,2026-04-02,8816829.75,Approved,2026-07-25 01:44:21.620459,,Loan Management System
APP00003784,CUST00001050,LN00000196,2014-03-16,3268530.11,Approved,2026-07-25 01:44:21.620459,,Loan Management System
APP00003785,CUST00002868,LN00001827,2024-03-07,2001676.49,Approved,2026-07-25 01:44:21.620459,,Loan Management System
APP00003786,CUST00001655,LN00001134,2026-05-22,769281.22,Approved,2026-07-25 01:44:21.620459,,Loan Management System
APP00003787,CUST00000987,LN00001019,2016-04-08,1234264.22,Approved,2026-07-25 01:44:21.620459,,Loan Management System
APP00003788,CUST00000998,LN00001444,2025-04-05,86961.65,Approved,2026-07-25 01:44:21.620459,,Loan Management System
APP00003789,CUST00003788,LN00001410,2016-07-24,2846133.12,Approved,2026-07-25 01:44:21.620459,,Loan Management System
APP00003790,CUST00003955,LN00001469,2018-06-28,3673534.76,Approved,2026-07-25 01:44:21.620459,,Loan Management System
APP00003791,CUST00004300,LN00001039,2017-04-21,2270090.27,Approved,2026-07-25 01:44:21.620459,,Loan Management System
APP00003792,CUST00003476,LN00001871,2020-11-16,393790.13,Approved,2026-07-25 01:44:21.620459,,Loan Management System
APP00003793,CUST00004774,,2026-03-24,16185627.69,Pending,2026-07-25 01:44:21.621459,,Loan Management System
APP00003794,CUST00002678,LN00000117,2015-02-21,493112.7,Approved,2026-07-25 01:44:21.621459,,Loan Management System
APP00003795,CUST00000006,LN00001689,2021-06-19,1060799.92,Approved,2026-07-25 01:44:21.621459,,Loan Management System
APP00003796,CUST00001573,,2013-07-16,3464188.56,Cancelled,2026-07-25 01:44:21.621459,,Loan Management System
APP00003797,CUST00001734,LN00001198,2014-06-03,3247592.62,Approved,2026-07-25 01:44:21.621459,,Loan Management System
APP00003798,CUST00000932,,2012-09-16,840751.89,Rejected,2026-07-25 01:44:21.621459,,Loan Management System
APP00003799,CUST00001766,LN00000405,2014-03-07,9400275.49,Approved,2026-07-25 01:44:21.621459,,Loan Management System
APP00003800,CUST00001363,LN00001348,2013-09-06,5111483.87,Approved,2026-07-25 01:44:21.621459,,Loan Management System
APP00003801,CUST00003727,,2023-01-29,2013516.7,Pending,2026-07-25 01:44:21.621459,,Loan Management System
APP00003802,CUST00000622,LN00000099,2015-12-29,3984530.49,Approved,2026-07-25 01:44:21.622553,,Loan Management System
APP00003803,CUST00004795,LN00000741,2018-04-11,1020498.38,Approved,2026-07-25 01:44:21.622553,,Loan Management System
APP00003804,CUST00003339,LN00002323,2025-11-14,939701.97,Approved,2026-07-25 01:44:21.622553,,Loan Management System
APP00003805,CUST00001833,LN00000885,2019-05-05,265012.56,Approved,2026-07-25 01:44:21.622553,,Loan Management System
APP00003806,CUST00001759,,2020-05-07,1381091.92,Pending,2026-07-25 01:44:21.622553,,Loan Management System
APP00003807,CUST00001356,,2020-09-03,1302401.03,Rejected,2026-07-25 01:44:21.622553,,Loan Management System
APP00003808,CUST00001375,,2011-09-23,514858.43,Rejected,2026-07-25 01:44:21.622553,,Loan Management System
APP00003809,CUST00002206,,2023-06-26,203452.45,Rejected,2026-07-25 01:44:21.623460,,Loan Management System
APP00003810,CUST00001730,,2025-09-19,1074756.69,Rejected,2026-07-25 01:44:21.623460,,Loan Management System
APP00003811,CUST00001429,LN00000106,2014-05-17,869289.8,Approved,2026-07-25 01:44:21.623460,,Loan Management System
APP00003812,CUST00004149,,2015-10-14,128633.26,Pending,2026-07-25 01:44:21.624459,,Loan Management System
APP00003813,CUST00001653,,2016-06-13,3509687.03,Cancelled,2026-07-25 01:44:21.624459,,Loan Management System
APP00003814,CUST00004658,,2013-02-21,2357392.75,Cancelled,2026-07-25 01:44:21.624459,,Loan Management System
APP00003815,CUST00002893,,2018-05-07,6915161.13,Rejected,2026-07-25 01:44:21.624459,,Loan Management System
APP00003816,CUST00003300,,2023-01-09,293889.53,Rejected,2026-07-25 01:44:21.625458,,Loan Management System
APP00003817,CUST00001835,,2024-04-19,3248122.94,Rejected,2026-07-25 01:44:21.625458,,Loan Management System
APP00003818,CUST00003650,LN00001769,2015-02-05,434291.7,Approved,2026-07-25 01:44:21.625458,,Loan Management System
APP00003819,CUST00000518,LN00001634,2013-08-25,340485.35,Approved,2026-07-25 01:44:21.625458,,Loan Management System
APP00003820,CUST00004018,,2020-12-29,2267898.96,Pending,2026-07-25 01:44:21.625458,,Loan Management System
APP00003821,CUST00003502,LN00000153,2018-09-24,10600670.51,Approved,2026-07-25 01:44:21.625458,,Loan Management System
APP00003822,CUST00003776,,2019-09-02,1755218.06,Cancelled,2026-07-25 01:44:21.626457,,Loan Management System
APP00003823,CUST00002814,LN00002142,2017-06-13,370122.98,Approved,2026-07-25 01:44:21.626457,,Loan Management System
APP00003824,CUST00004685,LN00002349,2014-04-21,5581175.48,Approved,2026-07-25 01:44:21.626457,,Loan Management System
APP00003825,CUST00001097,,2015-04-13,304603.11,Rejected,2026-07-25 01:44:21.626457,,Loan Management System
APP00003826,CUST00002393,,2021-04-27,1310138.39,Cancelled,2026-07-25 01:44:21.626457,,Loan Management System
APP00003827,CUST00002258,LN00001888,2022-07-16,1400062.79,Approved,2026-07-25 01:44:21.626457,,Loan Management System
APP00003828,CUST00002103,LN00001804,2025-01-08,3552539.55,Approved,2026-07-25 01:44:21.626457,,Loan Management System
APP00003829,CUST00003683,LN00001423,2020-10-31,2934765.7,Approved,2026-07-25 01:44:21.626457,,Loan Management System
APP00003830,CUST00001127,,2020-01-19,1544524.33,Cancelled,2026-07-25 01:44:21.627457,,Loan Management System
APP00003831,CUST00001514,,2024-02-07,1581781.99,Pending,2026-07-25 01:44:21.627457,,Loan Management System
APP00003832,CUST00001279,LN00000164,2026-02-06,4522707.04,Approved,2026-07-25 01:44:21.627457,,Loan Management System
APP00003833,CUST00004811,LN00001613,2015-09-20,5961137.36,Approved,2026-07-25 01:44:21.627457,,Loan Management System
APP00003834,CUST00004582,LN00001728,2024-02-07,938543.36,Approved,2026-07-25 01:44:21.627457,,Loan Management System
APP00003835,CUST00003312,LN00002474,2018-08-08,4967407.96,Approved,2026-07-25 01:44:21.627457,,Loan Management System
APP00003836,CUST00003693,,2015-01-29,8067767.18,Cancelled,2026-07-25 01:44:21.627457,,Loan Management System
APP00003837,CUST00001687,LN00002377,2018-12-13,1838585.41,Approved,2026-07-25 01:44:21.627457,,Loan Management System
APP00003838,CUST00002058,LN00001478,2022-01-20,2156420.46,Approved,2026-07-25 01:44:21.627457,,Loan Management System
APP00003839,CUST00002470,LN00000978,2022-09-18,327418.58,Approved,2026-07-25 01:44:21.627457,,Loan Management System
APP00003840,CUST00001110,LN00000482,2016-01-22,9674468.12,Approved,2026-07-25 01:44:21.628457,,Loan Management System
APP00003841,CUST00004096,,2017-08-14,2363042.22,Approved,2026-07-25 01:44:21.628457,,Loan Management System
APP00003842,CUST00002619,,2014-03-20,1769967.5,Approved,2026-07-25 01:44:21.628457,,Loan Management System
APP00003843,CUST00002719,,2024-10-24,1834219.53,Pending,2026-07-25 01:44:21.628457,,Loan Management System
APP00003844,CUST00004623,,2013-05-17,438052.9,Approved,2026-07-25 01:44:21.629457,,Loan Management System
APP00003845,CUST00002536,,2013-08-07,2030343.55,Rejected,2026-07-25 01:44:21.629457,,Loan Management System
APP00003846,CUST00000084,,2012-11-23,684034.84,Cancelled,2026-07-25 01:44:21.629457,,Loan Management System
APP00003847,CUST00000802,,2023-01-22,1197044.76,Approved,2026-07-25 01:44:21.629457,,Loan Management System
APP00003848,CUST00003477,,2022-11-06,451255.47,Rejected,2026-07-25 01:44:21.630457,,Loan Management System
APP00003849,CUST00003902,,2019-12-11,1572089.21,Approved,2026-07-25 01:44:21.630457,,Loan Management System
APP00003850,CUST00000740,,2022-01-02,3338472.22,Approved,2026-07-25 01:44:21.630457,,Loan Management System
APP00003851,CUST00001269,,2011-09-04,3678779.27,Approved,2026-07-25 01:44:21.630457,,Loan Management System
APP00003852,CUST00002962,,2024-07-24,3929162.19,Approved,2026-07-25 01:44:21.631457,,Loan Management System
APP00003853,CUST00004352,,2026-02-21,1775617.54,Approved,2026-07-25 01:44:21.631457,,Loan Management System
APP00003854,CUST00003981,,2020-10-09,3079719.36,Pending,2026-07-25 01:44:21.631457,,Loan Management System
APP00003855,CUST00003417,,2012-04-12,586111.32,Approved,2026-07-25 01:44:21.631457,,Loan Management System
APP00003856,CUST00000833,,2025-12-27,1289470.1,Approved,2026-07-25 01:44:21.632457,,Loan Management System
APP00003857,CUST00000785,,2019-10-07,1724307.54,Approved,2026-07-25 01:44:21.632457,,Loan Management System
APP00003858,CUST00001410,,2017-11-16,3152749.48,Approved,2026-07-25 01:44:21.632457,,Loan Management System
APP00003859,CUST00004349,,2022-02-13,636263.69,Approved,2026-07-25 01:44:21.632457,,Loan Management System
APP00003860,CUST00002477,,2016-12-04,645911.08,Approved,2026-07-25 01:44:21.633458,,Loan Management System
APP00003861,CUST00001532,,2019-12-09,2786651.05,Rejected,2026-07-25 01:44:21.633458,,Loan Management System
APP00003862,CUST00003346,,2026-07-20,811507.33,Approved,2026-07-25 01:44:21.633458,,Loan Management System
APP00003863,CUST00002454,,2021-05-02,863729.87,Approved,2026-07-25 01:44:21.633458,,Loan Management System
APP00003864,CUST00001262,,2026-05-05,2316685.04,Approved,2026-07-25 01:44:21.634458,,Loan Management System
APP00003865,CUST00003268,,2016-03-27,2204722.89,Approved,2026-07-25 01:44:21.634458,,Loan Management System
APP00003866,CUST00004198,,2019-11-29,2294225.47,Approved,2026-07-25 01:44:21.634458,,Loan Management System
APP00003867,CUST00001243,,2014-09-03,1322273.11,Approved,2026-07-25 01:44:21.634458,,Loan Management System
APP00003868,CUST00000707,,2024-07-24,2026031.18,Approved,2026-07-25 01:44:21.635458,,Loan Management System
APP00003869,CUST00004892,,2020-04-04,489121.72,Approved,2026-07-25 01:44:21.635458,,Loan Management System
APP00003870,CUST00002932,,2016-04-30,979382.77,Approved,2026-07-25 01:44:21.635458,,Loan Management System
APP00003871,CUST00002820,,2018-05-01,2336679.07,Rejected,2026-07-25 01:44:21.635458,,Loan Management System
APP00003872,CUST00001046,,2015-05-05,1572608.62,Cancelled,2026-07-25 01:44:21.636458,,Loan Management System
APP00003873,CUST00002333,,2024-04-28,960069.66,Rejected,2026-07-25 01:44:21.636458,,Loan Management System
APP00003874,CUST00004488,,2021-05-16,1350308.01,Rejected,2026-07-25 01:44:21.636458,,Loan Management System
APP00003875,CUST00004312,,2013-09-28,1087185.61,Approved,2026-07-25 01:44:21.636458,,Loan Management System
APP00003876,CUST00003592,,2012-06-25,4423108.45,Approved,2026-07-25 01:44:21.637458,,Loan Management System
APP00003877,CUST00003310,,2020-07-03,1357539.77,Approved,2026-07-25 01:44:21.637458,,Loan Management System
APP00003878,CUST00004617,,2025-02-27,2401927.05,Approved,2026-07-25 01:44:21.637458,,Loan Management System
APP00003879,CUST00004214,,2018-10-05,15164989.75,Approved,2026-07-25 01:44:21.637458,,Loan Management System
APP00003880,CUST00004201,,2019-09-13,215980.8,Rejected,2026-07-25 01:44:21.638626,,Loan Management System
APP00003881,CUST00004405,,2020-10-05,1027025.68,Approved,2026-07-25 01:44:21.638626,,Loan Management System
APP00003882,CUST00001102,,2012-02-12,4239688.54,Approved,2026-07-25 01:44:21.638626,,Loan Management System
APP00003883,CUST00001054,,2020-02-10,511917.15,Rejected,2026-07-25 01:44:21.638626,,Loan Management System
APP00003884,CUST00003659,,2017-06-20,2826009.69,Approved,2026-07-25 01:44:21.639661,,Loan Management System
APP00003885,CUST00000210,,2018-04-05,737276.51,Approved,2026-07-25 01:44:21.639661,,Loan Management System
APP00003886,CUST00004464,,2026-03-14,2795420.01,Approved,2026-07-25 01:44:21.639661,,Loan Management System
APP00003887,CUST00002626,,2023-03-28,9458356.07,Rejected,2026-07-25 01:44:21.640710,,Loan Management System
APP00003888,CUST00003327,,2024-10-05,8760439.61,Approved,2026-07-25 01:44:21.640710,,Loan Management System
APP00003889,CUST00000128,,2014-07-15,18124801.17,Approved,2026-07-25 01:44:21.640710,,Loan Management System
APP00003890,CUST00000978,,2019-05-04,610566.36,Pending,2026-07-25 01:44:21.641704,,Loan Management System
APP00003891,CUST00000791,,2013-08-10,220845.71,Approved,2026-07-25 01:44:21.641704,,Loan Management System
APP00003892,CUST00001921,,2023-06-10,1315049.3,Cancelled,2026-07-25 01:44:21.641704,,Loan Management System
APP00003893,CUST00003487,,2020-05-18,2392392.23,Approved,2026-07-25 01:44:21.642659,,Loan Management System
APP00003894,CUST00001762,,2019-05-22,518806.36,Approved,2026-07-25 01:44:21.642659,,Loan Management System
APP00003895,CUST00002811,,2016-12-06,1135564.62,Approved,2026-07-25 01:44:21.642659,,Loan Management System
APP00003896,CUST00004409,,2023-04-15,432008.26,Cancelled,2026-07-25 01:44:21.643660,,Loan Management System
APP00003897,CUST00001216,,2011-09-15,1164523.49,Rejected,2026-07-25 01:44:21.643660,,Loan Management System
APP00003898,CUST00001879,,2011-10-06,916879.48,Approved,2026-07-25 01:44:21.643660,,Loan Management System
APP00003899,CUST00003613,,2023-01-11,2328600.63,Approved,2026-07-25 01:44:21.643660,,Loan Management System
APP00003900,CUST00004262,,2015-02-23,12796878.79,Rejected,2026-07-25 01:44:21.644690,,Loan Management System
APP00003901,CUST00000765,,2018-01-06,623346.83,Approved,2026-07-25 01:44:21.644690,,Loan Management System
APP00003902,CUST00004609,,2021-06-12,17006370.94,Approved,2026-07-25 01:44:21.644690,,Loan Management System
APP00003903,CUST00003984,,2013-04-11,296847.31,Pending,2026-07-25 01:44:21.644690,,Loan Management System
APP00003904,CUST00000319,,2017-02-05,2279831.92,Approved,2026-07-25 01:44:21.645656,,Loan Management System
APP00003905,CUST00000158,,2017-09-17,9473209.41,Approved,2026-07-25 01:44:21.645656,,Loan Management System
APP00003906,CUST00002850,,2021-12-26,3959340.48,Approved,2026-07-25 01:44:21.645656,,Loan Management System
APP00003907,CUST00003875,,2026-03-23,2225291.81,Pending,2026-07-25 01:44:21.645656,,Loan Management System
APP00003908,CUST00000412,,2015-12-24,817886.19,Approved,2026-07-25 01:44:21.646744,,Loan Management System
APP00003909,CUST00002866,,2014-09-29,9581359.32,Approved,2026-07-25 01:44:21.646744,,Loan Management System
APP00003910,CUST00001744,,2020-11-22,2398748.27,Approved,2026-07-25 01:44:21.646744,,Loan Management System
APP00003911,CUST00000482,,2016-01-13,4312845.01,Approved,2026-07-25 01:44:21.646744,,Loan Management System
APP00003912,CUST00001771,,2015-08-06,12231823.15,Approved,2026-07-25 01:44:21.647659,,Loan Management System
APP00003913,CUST00002126,,2016-02-23,7733476.79,Rejected,2026-07-25 01:44:21.647659,,Loan Management System
APP00003914,CUST00001593,,2019-07-31,385854.52,Approved,2026-07-25 01:44:21.647659,,Loan Management System
APP00003915,CUST00003460,,2021-12-28,740545.16,Cancelled,2026-07-25 01:44:21.648691,,Loan Management System
APP00003916,CUST00000415,,2017-05-25,2661486.7,Approved,2026-07-25 01:44:21.648691,,Loan Management System
APP00003917,CUST00001330,,2017-10-14,702239.11,Approved,2026-07-25 01:44:21.648691,,Loan Management System
APP00003918,CUST00003871,,2014-09-09,327653.33,Rejected,2026-07-25 01:44:21.648691,,Loan Management System
APP00003919,CUST00004911,,2020-01-18,681622.94,Approved,2026-07-25 01:44:21.649659,,Loan Management System
APP00003920,CUST00002197,,2018-10-10,8717264.63,Approved,2026-07-25 01:44:21.649659,,Loan Management System
APP00003921,CUST00001648,,2015-02-22,104660.99,Approved,2026-07-25 01:44:21.649659,,Loan Management System
APP00003922,CUST00004341,,2018-09-10,2277247.49,Cancelled,2026-07-25 01:44:21.649659,,Loan Management System
APP00003923,CUST00000123,,2023-06-26,1819357.34,Approved,2026-07-25 01:44:21.650660,,Loan Management System
APP00003924,CUST00000013,,2024-05-10,1652793.7,Approved,2026-07-25 01:44:21.650660,,Loan Management System
APP00003925,CUST00004165,,2017-11-23,8559997.4,Rejected,2026-07-25 01:44:21.650660,,Loan Management System
APP00003926,CUST00003781,,2017-10-09,1345766.47,Approved,2026-07-25 01:44:21.650660,,Loan Management System
APP00003927,CUST00001082,,2026-02-04,11455514.25,Pending,2026-07-25 01:44:21.651665,,Loan Management System
APP00003928,CUST00000339,,2018-05-18,3710735.49,Rejected,2026-07-25 01:44:21.651665,,Loan Management System
APP00003929,CUST00000988,,2016-04-26,19985410.06,Approved,2026-07-25 01:44:21.651665,,Loan Management System
APP00003930,CUST00002542,,2019-03-25,8823624.69,Rejected,2026-07-25 01:44:21.651665,,Loan Management System
APP00003931,CUST00004349,,2014-08-15,473368.2,Approved,2026-07-25 01:44:21.652660,,Loan Management System
APP00003932,CUST00001906,,2021-04-13,423834.59,Approved,2026-07-25 01:44:21.652660,,Loan Management System
APP00003933,CUST00001381,,2013-10-16,1046617.56,Rejected,2026-07-25 01:44:21.652660,,Loan Management System
APP00003934,CUST00001629,,2021-05-11,1494799.07,Approved,2026-07-25 01:44:21.652660,,Loan Management System
APP00003935,CUST00003940,,2023-03-26,158296.34,Approved,2026-07-25 01:44:21.653753,,Loan Management System
APP00003936,CUST00003301,,2015-06-14,2305349.66,Pending,2026-07-25 01:44:21.653753,,Loan Management System
APP00003937,CUST00002095,,2025-05-31,3365600.39,Approved,2026-07-25 01:44:21.653753,,Loan Management System
APP00003938,CUST00001476,,2013-04-05,2451384.55,Rejected,2026-07-25 01:44:21.653753,,Loan Management System
APP00003939,CUST00001277,,2023-10-28,1258456.07,Approved,2026-07-25 01:44:21.654661,,Loan Management System
APP00003940,CUST00003167,,2016-02-26,8624520.59,Rejected,2026-07-25 01:44:21.654661,,Loan Management System
APP00003941,CUST00000161,,2025-03-29,552423.91,Rejected,2026-07-25 01:44:21.654661,,Loan Management System
APP00003942,CUST00004202,,2015-07-29,266958.63,Rejected,2026-07-25 01:44:21.655662,,Loan Management System
APP00003943,CUST00001499,,2021-01-03,9965408.37,Approved,2026-07-25 01:44:21.655662,,Loan Management System
APP00003944,CUST00000966,,2018-11-30,2709126.93,Approved,2026-07-25 01:44:21.655662,,Loan Management System
APP00003945,CUST00003504,,2026-02-16,11335085.39,Pending,2026-07-25 01:44:21.655662,,Loan Management System
APP00003946,CUST00001354,,2018-01-15,457643.79,Approved,2026-07-25 01:44:21.656668,,Loan Management System
APP00003947,CUST00001963,,2014-11-24,9457843.02,Approved,2026-07-25 01:44:21.656668,,Loan Management System
APP00003948,CUST00004648,,2014-01-16,582808.83,Approved,2026-07-25 01:44:21.656668,,Loan Management System
APP00003949,CUST00000635,,2025-03-04,210830.22,Approved,2026-07-25 01:44:21.657693,,Loan Management System
APP00003950,CUST00002713,,2024-02-16,1456141.58,Rejected,2026-07-25 01:44:21.657693,,Loan Management System
APP00003951,CUST00004900,,2014-02-08,7685796.74,Approved,2026-07-25 01:44:21.657693,,Loan Management System
APP00003952,CUST00004886,,2019-08-11,831336.96,Approved,2026-07-25 01:44:21.657693,,Loan Management System
APP00003953,CUST00004253,,2025-04-08,15878051.4,Pending,2026-07-25 01:44:21.658754,,Loan Management System
APP00003954,CUST00004672,,2011-09-23,1260809.65,Pending,2026-07-25 01:44:21.658754,,Loan Management System
APP00003955,CUST00001405,,2014-07-26,6747402.51,Approved,2026-07-25 01:44:21.658754,,Loan Management System
APP00003956,CUST00000342,,2018-09-25,19975738.97,Approved,2026-07-25 01:44:21.658754,,Loan Management System
APP00003957,CUST00003512,,2020-01-23,400585.6,Approved,2026-07-25 01:44:21.659682,,Loan Management System
APP00003958,CUST00003051,,2013-11-06,1223283.99,Approved,2026-07-25 01:44:21.659682,,Loan Management System
APP00003959,CUST00002036,,2026-01-04,809825.96,Approved,2026-07-25 01:44:21.659682,,Loan Management System
APP00003960,CUST00004754,,2022-04-16,13437459.19,Pending,2026-07-25 01:44:21.659682,,Loan Management System
APP00003961,CUST00002336,,2020-05-10,613377.29,Cancelled,2026-07-25 01:44:21.660685,,Loan Management System
APP00003962,CUST00004839,,2020-08-24,2479616.52,Approved,2026-07-25 01:44:21.660685,,Loan Management System
APP00003963,CUST00001861,,2023-10-27,691401.01,Approved,2026-07-25 01:44:21.660685,,Loan Management System
APP00003964,CUST00004745,,2016-12-06,796922.51,Approved,2026-07-25 01:44:21.660685,,Loan Management System
APP00003965,CUST00001175,,2024-12-02,967845.05,Pending,2026-07-25 01:44:21.661751,,Loan Management System
APP00003966,CUST00001715,,2019-11-03,2026597.03,Approved,2026-07-25 01:44:21.661751,,Loan Management System
APP00003967,CUST00003919,,2016-08-31,2376622.99,Rejected,2026-07-25 01:44:21.661751,,Loan Management System
APP00003968,CUST00003516,,2015-10-31,5880386.1,Approved,2026-07-25 01:44:21.661751,,Loan Management System
APP00003969,CUST00002250,,2021-02-15,1392572.72,Approved,2026-07-25 01:44:21.662745,,Loan Management System
APP00003970,CUST00004409,,2026-03-02,11619155.19,Approved,2026-07-25 01:44:21.662745,,Loan Management System
APP00003971,CUST00004724,,2021-03-22,1472684.4,Rejected,2026-07-25 01:44:21.662745,,Loan Management System
APP00003972,CUST00000273,,2012-05-16,6113047.21,Pending,2026-07-25 01:44:21.662745,,Loan Management System
APP00003973,CUST00002006,,2018-05-04,868314.48,Approved,2026-07-25 01:44:21.663741,,Loan Management System
APP00003974,CUST00003535,,2013-03-31,2294610.97,Approved,2026-07-25 01:44:21.663741,,Loan Management System
APP00003975,CUST00001045,,2023-04-23,2379231.42,Approved,2026-07-25 01:44:21.663741,,Loan Management System
APP00003976,CUST00004259,,2014-05-04,1285019.78,Approved,2026-07-25 01:44:21.663741,,Loan Management System
APP00003977,CUST00003991,,2012-08-01,1817917.14,Approved,2026-07-25 01:44:21.664754,,Loan Management System
APP00003978,CUST00004822,,2015-03-24,1676408.61,Approved,2026-07-25 01:44:21.664754,,Loan Management System
APP00003979,CUST00000349,,2025-05-28,1334262.12,Rejected,2026-07-25 01:44:21.664754,,Loan Management System
APP00003980,CUST00003503,,2015-11-21,3508462.52,Pending,2026-07-25 01:44:21.665660,,Loan Management System
APP00003981,CUST00004804,,2019-09-02,131012.73,Approved,2026-07-25 01:44:21.665660,,Loan Management System
APP00003982,CUST00001380,,2025-11-01,2304428.84,Approved,2026-07-25 01:44:21.665660,,Loan Management System
APP00003983,CUST00000681,,2022-04-11,57385.78,Approved,2026-07-25 01:44:21.665660,,Loan Management System
APP00003984,CUST00004540,,2013-03-14,13141498.68,Rejected,2026-07-25 01:44:21.665660,,Loan Management System
APP00003985,CUST00003848,,2019-03-20,427981.66,Cancelled,2026-07-25 01:44:21.666750,,Loan Management System
APP00003986,CUST00004739,,2024-03-24,9179054.39,Rejected,2026-07-25 01:44:21.666750,,Loan Management System
APP00003987,CUST00002287,,2017-04-03,532588.69,Rejected,2026-07-25 01:44:21.666750,,Loan Management System
APP00003988,CUST00004158,,2015-12-25,1695794.49,Approved,2026-07-25 01:44:21.666750,,Loan Management System
APP00003989,CUST00000752,,2017-09-13,698059.76,Approved,2026-07-25 01:44:21.667721,,Loan Management System
APP00003990,CUST00000587,,2017-09-09,5115684.0,Cancelled,2026-07-25 01:44:21.667721,,Loan Management System
APP00003991,CUST00000991,,2021-02-03,4981267.65,Approved,2026-07-25 01:44:21.667721,,Loan Management System
APP00003992,CUST00004274,,2021-01-17,14542243.36,Approved,2026-07-25 01:44:21.667721,,Loan Management System
APP00003993,CUST00003276,,2025-05-05,424310.97,Approved,2026-07-25 01:44:21.668715,,Loan Management System
APP00003994,CUST00001282,,2015-12-12,3387622.77,Approved,2026-07-25 01:44:21.668715,,Loan Management System
APP00003995,CUST00000305,,2017-06-01,461667.33,Approved,2026-07-25 01:44:21.668715,,Loan Management System
APP00003996,CUST00000738,,2011-11-25,1374294.41,Approved,2026-07-25 01:44:21.668715,,Loan Management System
APP00003997,CUST00000328,,2018-07-26,568978.0,Approved,2026-07-25 01:44:21.669752,,Loan Management System
APP00003998,CUST00001679,,2013-08-16,6294624.79,Approved,2026-07-25 01:44:21.669752,,Loan Management System
APP00003999,CUST00001902,,2017-07-14,870630.4,Pending,2026-07-25 01:44:21.669752,,Loan Management System
APP00004000,CUST00000272,,2026-04-26,1466639.15,Rejected,2026-07-25 01:44:21.669752,,Loan Management System
