alert_id,transaction_id,fraud_score,alert_reason,alert_status,alert_timestamp,assigned_to,assignee_emp_id,resolution_date,created_at,updated_at,source_system
ALR00000001,TR00160546,77,Multiple Failed Attempts,False Positive,2026-01-25 02:26:38,Kashvi Sarma,EMP00000045,2026-01-30,2026-07-25 05:53:11.889547,,Fraud Detection System
ALR00000002,TR00006334,79,High Transaction Amount,Resolved,2017-01-05 18:50:20,Jeremiah Dave,EMP00000041,2017-01-06,2026-07-25 05:53:11.891640,,Fraud Detection System
ALR00000003,TR00068708,10,Velocity Check Failed,Under Investigation,2014-10-14 14:36:13,Nakul Sarma,EMP00000089,,2026-07-25 05:53:11.893664,,Fraud Detection System
ALR00000004,TR00055722,68,High Transaction Amount,Under Investigation,2010-09-28 20:30:36,Indira Misra,EMP00000166,,2026-07-25 05:53:11.894550,,Fraud Detection System
ALR00000005,TR00185180,92,High Transaction Amount,Under Investigation,2013-07-02 13:39:36,Meghana Maharaj,EMP00000320,,2026-07-25 05:53:11.895638,,Fraud Detection System
ALR00000006,TR00169938,27,Multiple Failed Attempts,Resolved,2025-11-14 18:17:49,Nakul Sarma,EMP00000089,2025-11-27,2026-07-25 05:53:11.897588,,Fraud Detection System
ALR00000007,TR00223781,12,Velocity Check Failed,Open,2025-07-23 08:30:36,,,,2026-07-25 05:53:11.897588,,Fraud Detection System
ALR00000008,TR00021941,87,Location Mismatch,Resolved,2020-04-19 23:59:24,Zayan Behl,EMP00000096,2020-04-30,2026-07-25 05:53:11.899601,,Fraud Detection System
ALR00000009,TR00105976,3,Velocity Check Failed,Resolved,2013-04-21 21:16:14,Zayan Behl,EMP00000096,2013-05-01,2026-07-25 05:53:11.900547,,Fraud Detection System
ALR00000010,TR00007527,41,Location Mismatch,Resolved,2017-03-21 19:24:22,Jeremiah Dave,EMP00000041,2017-03-27,2026-07-25 05:53:11.901723,,Fraud Detection System
ALR00000011,TR00054486,38,Velocity Check Failed,Open,2022-12-05 21:41:09,,,,2026-07-25 05:53:11.902743,,Fraud Detection System
ALR00000012,TR00126936,18,High Transaction Amount,Under Investigation,2022-02-03 03:43:53,Nimrat Dubey,EMP00000296,,2026-07-25 05:53:11.903789,,Fraud Detection System
ALR00000013,TR00006653,25,Velocity Check Failed,Resolved,2026-06-30 17:51:17,Nicholas Goel,EMP00000108,2026-07-04,2026-07-25 05:53:11.904743,,Fraud Detection System
ALR00000014,TR00049576,34,Velocity Check Failed,Resolved,2014-09-13 16:27:46,Devansh Rajan,EMP00000026,2014-10-09,2026-07-25 05:53:11.905755,,Fraud Detection System
ALR00000015,TR00163200,11,Velocity Check Failed,Under Investigation,2018-10-02 06:33:23,Zaid Dara,EMP00000149,,2026-07-25 05:53:11.906744,,Fraud Detection System
ALR00000016,TR00136995,47,Card Not Present,Open,2019-08-24 06:13:32,,,,2026-07-25 05:53:11.907751,,Fraud Detection System
ALR00000017,TR00054923,6,High Transaction Amount,Under Investigation,2021-06-22 23:05:26,Nilima Nath,EMP00000260,,2026-07-25 05:53:11.908841,,Fraud Detection System
ALR00000018,TR00148010,64,Blacklisted Merchant,Resolved,2026-06-08 16:40:15,Pallavi Kakar,EMP00000043,2026-06-12,2026-07-25 05:53:11.909804,,Fraud Detection System
ALR00000019,TR00203857,96,Blacklisted Merchant,Under Investigation,2024-07-28 08:03:28,Mohini Pathak,EMP00000022,,2026-07-25 05:53:11.910835,,Fraud Detection System
ALR00000020,TR00001765,69,Velocity Check Failed,Resolved,2011-12-10 03:09:46,Benjamin Morar,EMP00000104,2012-01-07,2026-07-25 05:53:11.911746,,Fraud Detection System
ALR00000021,TR00203015,42,Velocity Check Failed,Resolved,2019-12-09 11:53:35,Chaaya Saran,EMP00000030,2019-12-29,2026-07-25 05:53:11.913755,,Fraud Detection System
ALR00000022,TR00175368,36,Blacklisted Merchant,Closed,2025-09-21 21:09:31,Gaurang Murty,EMP00000264,2025-09-22,2026-07-25 05:53:11.914840,,Fraud Detection System
ALR00000023,TR00085139,74,High Transaction Amount,False Positive,2025-10-10 01:48:48,Pranav Lanka,EMP00000120,2025-10-11,2026-07-25 05:53:11.915848,,Fraud Detection System
ALR00000024,TR00038829,10,Multiple Failed Attempts,Closed,2014-03-06 02:22:48,Zayyan Bumb,EMP00000179,2014-03-10,2026-07-25 05:53:11.916859,,Fraud Detection System
ALR00000025,TR00239466,5,Unusual Spending Pattern,False Positive,2023-03-13 22:13:22,Pallavi Kakar,EMP00000043,2023-03-23,2026-07-25 05:53:11.917846,,Fraud Detection System
ALR00000026,TR00084356,66,Blacklisted Merchant,Resolved,2024-10-14 09:38:49,Nakul Bhandari,EMP00000075,2024-10-25,2026-07-25 05:53:11.918856,,Fraud Detection System
ALR00000027,TR00023297,65,High Transaction Amount,Under Investigation,2010-08-28 16:14:30,Jyoti Solanki,EMP00000213,,2026-07-25 05:53:11.919837,,Fraud Detection System
ALR00000028,TR00024277,20,Card Not Present,Open,2024-07-27 14:13:19,,,,2026-07-25 05:53:11.920841,,Fraud Detection System
ALR00000029,TR00212694,70,Card Not Present,Under Investigation,2022-05-05 13:21:49,Ishwar Kamdar,EMP00000185,,2026-07-25 05:53:11.922743,,Fraud Detection System
ALR00000030,TR00151769,53,High Transaction Amount,Resolved,2022-11-19 14:50:21,Diya Rattan,EMP00000016,2022-12-13,2026-07-25 05:53:11.923742,,Fraud Detection System
ALR00000031,TR00203363,58,Card Not Present,Resolved,2019-12-23 10:48:38,Balveer Bumb,EMP00000079,2020-01-21,2026-07-25 05:53:11.924742,,Fraud Detection System
ALR00000032,TR00183425,88,Card Not Present,Closed,2021-08-16 13:59:47,Kashvi Sarma,EMP00000045,2021-08-17,2026-07-25 05:53:11.925743,,Fraud Detection System
ALR00000033,TR00134780,98,Location Mismatch,Open,2016-07-07 07:01:49,,,,2026-07-25 05:53:11.926743,,Fraud Detection System
ALR00000034,TR00243540,31,Blacklisted Merchant,False Positive,2016-02-24 17:01:07,Riya Pai,EMP00000314,2016-03-22,2026-07-25 05:53:11.927742,,Fraud Detection System
ALR00000035,TR00095077,25,Multiple Failed Attempts,Resolved,2023-02-09 23:07:41,Anirudh Zacharia,EMP00000180,2023-02-18,2026-07-25 05:53:11.928741,,Fraud Detection System
ALR00000036,TR00138805,41,Velocity Check Failed,Resolved,2026-06-12 22:26:36,Jyoti Solanki,EMP00000213,2026-07-08,2026-07-25 05:53:11.929745,,Fraud Detection System
ALR00000037,TR00208480,41,Unusual Spending Pattern,False Positive,2025-06-04 21:32:26,Jyoti Solanki,EMP00000213,2025-06-24,2026-07-25 05:53:11.930743,,Fraud Detection System
ALR00000038,TR00155624,70,Location Mismatch,Resolved,2025-02-19 11:44:09,Pallavi Kakar,EMP00000043,2025-03-01,2026-07-25 05:53:11.931743,,Fraud Detection System
ALR00000039,TR00216326,31,Card Not Present,False Positive,2026-03-30 00:12:51,Yagnesh Shan,EMP00000279,2026-04-20,2026-07-25 05:53:11.933741,,Fraud Detection System
ALR00000040,TR00145043,77,Multiple Failed Attempts,Resolved,2026-02-04 09:24:33,Alka Dewan,EMP00000020,2026-03-04,2026-07-25 05:53:11.934741,,Fraud Detection System
ALR00000041,TR00176938,66,Location Mismatch,Under Investigation,2026-07-12 10:33:52,Benjamin Morar,EMP00000104,,2026-07-25 05:53:11.935741,,Fraud Detection System
ALR00000042,TR00011659,42,Multiple Failed Attempts,Under Investigation,2025-01-12 19:57:21,Balendra Pingle,EMP00000102,,2026-07-25 05:53:11.936741,,Fraud Detection System
ALR00000043,TR00056808,93,Velocity Check Failed,Resolved,2020-07-18 12:14:04,Adweta Edwin,EMP00000099,2020-07-31,2026-07-25 05:53:11.938742,,Fraud Detection System
ALR00000044,TR00072502,3,Blacklisted Merchant,False Positive,2022-06-20 01:16:02,Kiaan Shetty,EMP00000150,2022-06-20,2026-07-25 05:53:11.939741,,Fraud Detection System
ALR00000045,TR00020200,32,Velocity Check Failed,False Positive,2026-07-17 10:22:59,Jeremiah Dave,EMP00000041,2026-07-18,2026-07-25 05:53:11.941745,,Fraud Detection System
ALR00000046,TR00058062,58,High Transaction Amount,Open,2025-06-07 20:32:24,,,,2026-07-25 05:53:11.942743,,Fraud Detection System
ALR00000047,TR00025350,96,High Transaction Amount,Under Investigation,2023-04-19 04:40:30,Jeremiah Dave,EMP00000041,,2026-07-25 05:53:11.943743,,Fraud Detection System
ALR00000048,TR00069569,23,Unusual Spending Pattern,Under Investigation,2018-06-23 19:52:47,Balendra Pingle,EMP00000102,,2026-07-25 05:53:11.944748,,Fraud Detection System
ALR00000049,TR00159624,86,Velocity Check Failed,Under Investigation,2020-05-08 21:56:05,Veer Bir,EMP00000050,,2026-07-25 05:53:11.946741,,Fraud Detection System
ALR00000050,TR00091341,47,Location Mismatch,Resolved,2012-01-21 20:31:43,Anirudh Zacharia,EMP00000180,2012-02-10,2026-07-25 05:53:11.947740,,Fraud Detection System
ALR00000051,TR00092702,30,Blacklisted Merchant,Resolved,2009-10-26 00:41:40,Ekaja Zachariah,EMP00000158,2009-11-11,2026-07-25 05:53:11.948742,,Fraud Detection System
ALR00000052,TR00052255,16,Unusual Spending Pattern,Resolved,2018-05-27 11:21:47,Nimrat Dubey,EMP00000296,2018-06-09,2026-07-25 05:53:11.950740,,Fraud Detection System
ALR00000053,TR00066667,24,High Transaction Amount,False Positive,2025-10-12 11:28:26,Zaid Dara,EMP00000149,2025-10-19,2026-07-25 05:53:11.951740,,Fraud Detection System
ALR00000054,TR00234492,76,Card Not Present,Under Investigation,2025-11-13 01:20:46,Aadhya Andra,EMP00000312,,2026-07-25 05:53:11.953768,,Fraud Detection System
ALR00000055,TR00162718,48,Unusual Spending Pattern,Under Investigation,2012-08-18 00:50:57,Nilima Nath,EMP00000260,,2026-07-25 05:53:11.954763,,Fraud Detection System
ALR00000056,TR00153284,100,Card Not Present,Resolved,2022-07-05 09:10:31,Mohini Pathak,EMP00000022,2022-07-15,2026-07-25 05:53:11.955837,,Fraud Detection System
ALR00000057,TR00042805,90,Multiple Failed Attempts,Resolved,2026-02-05 03:03:13,Nilima Nath,EMP00000260,2026-02-21,2026-07-25 05:53:11.957748,,Fraud Detection System
ALR00000058,TR00183243,38,Card Not Present,Resolved,2022-09-26 15:46:28,Aahana Pillay,EMP00000186,2022-09-30,2026-07-25 05:53:11.958837,,Fraud Detection System
ALR00000059,TR00040973,90,Location Mismatch,Closed,2025-10-23 14:09:26,Vaishnavi Bora,EMP00000143,2025-10-27,2026-07-25 05:53:11.959840,,Fraud Detection System
ALR00000060,TR00095346,84,Location Mismatch,Resolved,2015-11-02 10:06:22,Nakul Bhandari,EMP00000075,2015-11-20,2026-07-25 05:53:11.960846,,Fraud Detection System
ALR00000061,TR00247371,66,Blacklisted Merchant,Under Investigation,2023-02-04 16:39:03,Ekansh Keer,EMP00000077,,2026-07-25 05:53:11.961845,,Fraud Detection System
ALR00000062,TR00160699,23,Blacklisted Merchant,Resolved,2019-02-20 19:45:31,Dipta Sarin,EMP00000122,2019-02-24,2026-07-25 05:53:11.962848,,Fraud Detection System
ALR00000063,TR00139994,6,Velocity Check Failed,Resolved,2024-06-06 18:16:21,Zayan Behl,EMP00000096,2024-06-23,2026-07-25 05:53:11.963846,,Fraud Detection System
ALR00000064,TR00171923,67,Location Mismatch,Open,2025-06-22 17:46:28,,,,2026-07-25 05:53:11.964853,,Fraud Detection System
ALR00000065,TR00211596,90,Location Mismatch,Under Investigation,2024-10-11 12:21:09,Indira Misra,EMP00000166,,2026-07-25 05:53:11.965843,,Fraud Detection System
ALR00000066,TR00195369,98,High Transaction Amount,Under Investigation,2026-04-24 05:34:10,Divya Kala,EMP00000018,,2026-07-25 05:53:11.966842,,Fraud Detection System
ALR00000067,TR00057096,82,Unusual Spending Pattern,False Positive,2025-08-07 22:26:40,Riya Pai,EMP00000314,2025-08-23,2026-07-25 05:53:11.967840,,Fraud Detection System
ALR00000068,TR00008213,60,Velocity Check Failed,Under Investigation,2025-07-29 11:20:05,Ekaja Zachariah,EMP00000158,,2026-07-25 05:53:11.968844,,Fraud Detection System
ALR00000069,TR00079158,82,Velocity Check Failed,Closed,2022-04-07 23:21:23,Ekaja Zachariah,EMP00000158,2022-05-06,2026-07-25 05:53:11.969845,,Fraud Detection System
ALR00000070,TR00066817,58,Card Not Present,Resolved,2021-02-13 12:57:09,Indira Misra,EMP00000166,2021-02-25,2026-07-25 05:53:11.970845,,Fraud Detection System
ALR00000071,TR00052642,61,Blacklisted Merchant,Under Investigation,2022-09-26 06:02:54,Banjeet Balasubramanian,EMP00000182,,2026-07-25 05:53:11.971843,,Fraud Detection System
ALR00000072,TR00235949,91,Location Mismatch,Resolved,2013-01-09 16:37:02,Diya Rattan,EMP00000016,2013-01-11,2026-07-25 05:53:11.972843,,Fraud Detection System
ALR00000073,TR00220119,35,Multiple Failed Attempts,Resolved,2025-06-27 10:43:47,Mohini Pathak,EMP00000022,2025-07-19,2026-07-25 05:53:11.973860,,Fraud Detection System
ALR00000074,TR00079007,16,Unusual Spending Pattern,Under Investigation,2024-01-17 13:46:46,Nakul Sarma,EMP00000089,,2026-07-25 05:53:11.974761,,Fraud Detection System
ALR00000075,TR00164500,100,Unusual Spending Pattern,False Positive,2022-08-27 10:59:06,Indira Misra,EMP00000166,2022-09-22,2026-07-25 05:53:11.975865,,Fraud Detection System
ALR00000076,TR00099212,22,Multiple Failed Attempts,False Positive,2018-06-13 10:46:05,Ekansh Keer,EMP00000077,2018-06-19,2026-07-25 05:53:11.976838,,Fraud Detection System
ALR00000077,TR00228991,68,Location Mismatch,Resolved,2019-08-21 17:54:06,Yuvraj Handa,EMP00000060,2019-09-08,2026-07-25 05:53:11.977844,,Fraud Detection System
ALR00000078,TR00115223,7,Velocity Check Failed,Resolved,2014-11-10 18:54:59,Lajita Seshadri,EMP00000235,2014-11-13,2026-07-25 05:53:11.979841,,Fraud Detection System
ALR00000079,TR00066055,59,High Transaction Amount,Open,2025-08-15 03:45:36,,,,2026-07-25 05:53:11.979841,,Fraud Detection System
ALR00000080,TR00061535,67,Unusual Spending Pattern,Resolved,2026-07-20 21:03:48,Akshay Lalla,EMP00000335,2026-07-23,2026-07-25 05:53:11.980845,,Fraud Detection System
ALR00000081,TR00141011,67,Card Not Present,Resolved,2019-04-24 13:43:14,Balendra Pingle,EMP00000102,2019-05-08,2026-07-25 05:53:11.981859,,Fraud Detection System
ALR00000082,TR00065528,36,Velocity Check Failed,Under Investigation,2023-07-07 23:45:21,Nakul Sarma,EMP00000089,,2026-07-25 05:53:11.982841,,Fraud Detection System
ALR00000083,TR00146899,64,High Transaction Amount,Open,2025-07-31 13:43:12,,,,2026-07-25 05:53:11.983861,,Fraud Detection System
ALR00000084,TR00224972,80,Unusual Spending Pattern,Resolved,2024-05-07 07:05:06,Prisha Andra,EMP00000100,2024-05-24,2026-07-25 05:53:11.984847,,Fraud Detection System
ALR00000085,TR00100144,10,Blacklisted Merchant,Open,2025-01-09 13:31:28,,,,2026-07-25 05:53:11.985857,,Fraud Detection System
ALR00000086,TR00054651,94,High Transaction Amount,False Positive,2021-11-07 17:36:19,Alka Dewan,EMP00000020,2021-12-05,2026-07-25 05:53:11.986847,,Fraud Detection System
ALR00000087,TR00249284,52,Velocity Check Failed,Open,2023-02-11 20:58:12,,,,2026-07-25 05:53:11.986847,,Fraud Detection System
ALR00000088,TR00128016,34,Multiple Failed Attempts,Closed,2021-03-20 18:00:46,Ojas Ray,EMP00000066,2021-03-29,2026-07-25 05:53:11.987848,,Fraud Detection System
ALR00000089,TR00022839,94,Card Not Present,Resolved,2025-06-04 01:23:29,Prisha Andra,EMP00000100,2025-06-07,2026-07-25 05:53:11.988856,,Fraud Detection System
ALR00000090,TR00011993,60,Unusual Spending Pattern,Resolved,2021-04-18 08:40:46,Frederick Khurana,EMP00000208,2021-04-20,2026-07-25 05:53:11.989846,,Fraud Detection System
ALR00000091,TR00027524,79,Multiple Failed Attempts,Under Investigation,2019-01-10 07:18:48,Jeremiah Dave,EMP00000041,,2026-07-25 05:53:11.990845,,Fraud Detection System
ALR00000092,TR00157680,45,High Transaction Amount,Open,2022-12-21 01:17:41,,,,2026-07-25 05:53:11.991752,,Fraud Detection System
ALR00000093,TR00199507,84,Unusual Spending Pattern,False Positive,2023-08-31 15:22:19,Chaaya Saran,EMP00000030,2023-09-11,2026-07-25 05:53:11.992833,,Fraud Detection System
ALR00000094,TR00106040,8,Location Mismatch,Resolved,2017-11-20 22:25:44,Onveer Walla,EMP00000012,2017-12-04,2026-07-25 05:53:11.993845,,Fraud Detection System
ALR00000095,TR00016385,12,Multiple Failed Attempts,Closed,2023-03-03 07:27:37,Kashvi Sarma,EMP00000045,2023-03-06,2026-07-25 05:53:11.994848,,Fraud Detection System
ALR00000096,TR00095829,70,Multiple Failed Attempts,Closed,2013-03-28 05:48:39,Banjeet Balasubramanian,EMP00000182,2013-04-08,2026-07-25 05:53:11.995837,,Fraud Detection System
ALR00000097,TR00248916,1,Blacklisted Merchant,Under Investigation,2026-06-17 02:58:55,Kashvi Sarma,EMP00000045,,2026-07-25 05:53:11.996844,,Fraud Detection System
ALR00000098,TR00132901,2,Velocity Check Failed,Resolved,2018-08-28 10:22:36,Jyoti Solanki,EMP00000213,2018-09-01,2026-07-25 05:53:11.997860,,Fraud Detection System
ALR00000099,TR00243027,89,High Transaction Amount,False Positive,2011-08-01 04:00:48,Chandresh Sood,EMP00000074,2011-08-19,2026-07-25 05:53:11.998841,,Fraud Detection System
ALR00000100,TR00216036,60,Card Not Present,Resolved,2023-04-16 21:59:49,Nicholas Goel,EMP00000108,2023-04-29,2026-07-25 05:53:11.999842,,Fraud Detection System
ALR00000101,TR00003079,28,Velocity Check Failed,Open,2024-11-30 10:25:39,,,,2026-07-25 05:53:12.000835,,Fraud Detection System
ALR00000102,TR00181106,44,Multiple Failed Attempts,Open,2026-03-14 21:31:30,,,,2026-07-25 05:53:12.001175,,Fraud Detection System
ALR00000103,TR00171121,26,Unusual Spending Pattern,Resolved,2023-03-20 20:42:12,Ojas Ray,EMP00000066,2023-04-11,2026-07-25 05:53:12.002220,,Fraud Detection System
ALR00000104,TR00135009,38,Unusual Spending Pattern,Open,2015-06-27 14:37:09,,,,2026-07-25 05:53:12.003323,,Fraud Detection System
ALR00000105,TR00066634,86,Unusual Spending Pattern,Open,2024-10-05 21:47:41,,,,2026-07-25 05:53:12.003323,,Fraud Detection System
ALR00000106,TR00160940,6,Velocity Check Failed,Resolved,2023-08-06 00:20:56,Nimrat Dubey,EMP00000296,2023-08-23,2026-07-25 05:53:12.004317,,Fraud Detection System
ALR00000107,TR00027957,96,Blacklisted Merchant,Under Investigation,2023-03-23 22:48:45,Divya Kala,EMP00000018,,2026-07-25 05:53:12.005333,,Fraud Detection System
ALR00000108,TR00109158,49,Multiple Failed Attempts,Closed,2012-07-27 22:27:10,Nakul Bhandari,EMP00000075,2012-08-03,2026-07-25 05:53:12.006326,,Fraud Detection System
ALR00000109,TR00113969,92,Velocity Check Failed,Open,2022-03-26 17:32:33,,,,2026-07-25 05:53:12.007322,,Fraud Detection System
ALR00000110,TR00238666,5,High Transaction Amount,Under Investigation,2017-06-29 20:20:10,Akshay Lalla,EMP00000335,,2026-07-25 05:53:12.008308,,Fraud Detection System
ALR00000111,TR00220009,42,Card Not Present,False Positive,2024-12-29 11:15:02,Prisha Andra,EMP00000100,2025-01-15,2026-07-25 05:53:12.009312,,Fraud Detection System
ALR00000112,TR00065703,68,Location Mismatch,Resolved,2020-10-03 14:52:03,Zayyan Bumb,EMP00000179,2020-10-20,2026-07-25 05:53:12.010305,,Fraud Detection System
ALR00000113,TR00125710,79,Location Mismatch,Resolved,2015-10-30 15:04:45,Jyoti Solanki,EMP00000213,2015-11-09,2026-07-25 05:53:12.011315,,Fraud Detection System
ALR00000114,TR00044706,97,High Transaction Amount,Resolved,2025-09-03 08:34:58,Prisha Andra,EMP00000100,2025-09-15,2026-07-25 05:53:12.012311,,Fraud Detection System
ALR00000115,TR00228518,80,Velocity Check Failed,False Positive,2024-12-29 14:12:36,Ronith Patla,EMP00000126,2025-01-01,2026-07-25 05:53:12.013311,,Fraud Detection System
ALR00000116,TR00218631,98,High Transaction Amount,Resolved,2026-02-01 12:03:13,Balveer Parmar,EMP00000105,2026-03-02,2026-07-25 05:53:12.014306,,Fraud Detection System
ALR00000117,TR00074848,45,Location Mismatch,Open,2024-08-14 09:30:39,,,,2026-07-25 05:53:12.015313,,Fraud Detection System
ALR00000118,TR00160451,78,Unusual Spending Pattern,Resolved,2025-05-30 15:14:09,Kashvi Sarma,EMP00000045,2025-06-07,2026-07-25 05:53:12.016305,,Fraud Detection System
ALR00000119,TR00153242,7,Velocity Check Failed,Open,2024-04-12 19:29:29,,,,2026-07-25 05:53:12.016305,,Fraud Detection System
ALR00000120,TR00038159,24,Unusual Spending Pattern,Resolved,2016-10-28 20:14:22,Kashvi Sarma,EMP00000045,2016-11-22,2026-07-25 05:53:12.017313,,Fraud Detection System
ALR00000121,TR00191908,68,Card Not Present,False Positive,2014-02-01 17:04:38,Balendra Pingle,EMP00000102,2014-02-12,2026-07-25 05:53:12.018333,,Fraud Detection System
ALR00000122,TR00135668,41,Card Not Present,Under Investigation,2019-12-02 01:42:53,Nakul Sarma,EMP00000089,,2026-07-25 05:53:12.019328,,Fraud Detection System
ALR00000123,TR00196059,85,Card Not Present,Under Investigation,2025-06-20 15:47:14,Jeremiah Dave,EMP00000041,,2026-07-25 05:53:12.020329,,Fraud Detection System
ALR00000124,TR00133202,24,Card Not Present,Resolved,2025-01-31 22:50:44,Ojas Ray,EMP00000066,2025-02-07,2026-07-25 05:53:12.021318,,Fraud Detection System
ALR00000125,TR00000166,98,Card Not Present,Resolved,2016-01-09 02:49:42,Balendra Pingle,EMP00000102,2016-01-31,2026-07-25 05:53:12.022319,,Fraud Detection System
ALR00000126,TR00081379,31,High Transaction Amount,Resolved,2022-11-09 04:34:25,Kashvi Sarma,EMP00000045,2022-11-27,2026-07-25 05:53:12.023324,,Fraud Detection System
ALR00000127,TR00004919,16,Unusual Spending Pattern,False Positive,2018-02-03 16:20:42,Ronith Patla,EMP00000126,2018-02-16,2026-07-25 05:53:12.024320,,Fraud Detection System
ALR00000128,TR00232631,86,Card Not Present,Under Investigation,2016-05-31 04:55:06,Jack Rajan,EMP00000123,,2026-07-25 05:53:12.025320,,Fraud Detection System
ALR00000129,TR00220606,61,Card Not Present,Resolved,2026-07-08 05:54:31,Kashvi Sarma,EMP00000045,2026-07-23,2026-07-25 05:53:12.026304,,Fraud Detection System
ALR00000130,TR00209056,59,High Transaction Amount,Under Investigation,2024-07-16 14:04:51,Ishwar Kamdar,EMP00000185,,2026-07-25 05:53:12.027305,,Fraud Detection System
ALR00000131,TR00077157,22,Unusual Spending Pattern,Resolved,2023-03-11 15:25:19,Veer Bir,EMP00000050,2023-04-07,2026-07-25 05:53:12.028311,,Fraud Detection System
ALR00000132,TR00014933,35,Blacklisted Merchant,Resolved,2022-08-07 02:38:22,Yagnesh Shan,EMP00000279,2022-08-17,2026-07-25 05:53:12.029306,,Fraud Detection System
ALR00000133,TR00220449,86,Card Not Present,Open,2026-04-16 00:59:05,,,,2026-07-25 05:53:12.030306,,Fraud Detection System
ALR00000134,TR00236984,72,Card Not Present,Resolved,2025-06-13 12:38:06,Lakshit Dora,EMP00000159,2025-06-28,2026-07-25 05:53:12.031312,,Fraud Detection System
ALR00000135,TR00021580,17,High Transaction Amount,Resolved,2017-04-20 03:35:21,Alka Dewan,EMP00000020,2017-04-22,2026-07-25 05:53:12.032313,,Fraud Detection System
ALR00000136,TR00121995,52,Card Not Present,Resolved,2022-04-17 09:09:20,Lajita Seshadri,EMP00000235,2022-04-28,2026-07-25 05:53:12.033315,,Fraud Detection System
ALR00000137,TR00017757,58,Velocity Check Failed,Under Investigation,2023-01-23 09:59:13,Jeremiah Dave,EMP00000041,,2026-07-25 05:53:12.034316,,Fraud Detection System
ALR00000138,TR00191367,43,Velocity Check Failed,Open,2022-05-15 21:11:39,,,,2026-07-25 05:53:12.035313,,Fraud Detection System
ALR00000139,TR00192693,26,High Transaction Amount,Resolved,2025-08-16 17:54:20,Nimrat Dubey,EMP00000296,2025-08-17,2026-07-25 05:53:12.036309,,Fraud Detection System
ALR00000140,TR00032023,95,Blacklisted Merchant,Resolved,2026-04-12 16:16:29,Oni Dubey,EMP00000346,2026-04-27,2026-07-25 05:53:12.037318,,Fraud Detection System
ALR00000141,TR00119368,32,Blacklisted Merchant,Closed,2026-07-08 16:13:30,Divya Kala,EMP00000018,2026-07-17,2026-07-25 05:53:12.038308,,Fraud Detection System
ALR00000142,TR00138216,50,Location Mismatch,Under Investigation,2020-07-14 23:49:40,Chandresh Sood,EMP00000074,,2026-07-25 05:53:12.039314,,Fraud Detection System
ALR00000143,TR00066083,29,Location Mismatch,False Positive,2020-10-06 03:53:36,Aahana Pillay,EMP00000186,2020-10-18,2026-07-25 05:53:12.040318,,Fraud Detection System
ALR00000144,TR00219106,62,Unusual Spending Pattern,Resolved,2019-12-14 02:57:39,Aadhya Andra,EMP00000312,2019-12-17,2026-07-25 05:53:12.041217,,Fraud Detection System
ALR00000145,TR00106321,14,High Transaction Amount,Resolved,2021-12-26 15:12:58,Pranav Lanka,EMP00000120,2022-01-05,2026-07-25 05:53:12.042304,,Fraud Detection System
ALR00000146,TR00052819,65,Location Mismatch,Under Investigation,2022-02-02 16:01:15,Alka Dewan,EMP00000020,,2026-07-25 05:53:12.043301,,Fraud Detection System
ALR00000147,TR00135664,41,Multiple Failed Attempts,Resolved,2020-02-08 01:18:18,Pranav Lanka,EMP00000120,2020-03-06,2026-07-25 05:53:12.044303,,Fraud Detection System
ALR00000148,TR00183483,63,Velocity Check Failed,Resolved,2026-04-26 09:21:43,Sudiksha Aggarwal,EMP00000031,2026-05-11,2026-07-25 05:53:12.045303,,Fraud Detection System
ALR00000149,TR00050132,7,Card Not Present,Open,2017-06-11 07:21:30,,,,2026-07-25 05:53:12.046303,,Fraud Detection System
ALR00000150,TR00078200,76,Unusual Spending Pattern,Resolved,2021-01-01 06:32:35,Nicholas Goel,EMP00000108,2021-01-11,2026-07-25 05:53:12.047299,,Fraud Detection System
ALR00000151,TR00248709,69,Unusual Spending Pattern,Under Investigation,2019-06-09 01:45:56,Zaid Dara,EMP00000149,,2026-07-25 05:53:12.048300,,Fraud Detection System
ALR00000152,TR00163197,28,Velocity Check Failed,False Positive,2018-12-09 05:08:31,Ronith Patla,EMP00000126,2019-01-02,2026-07-25 05:53:12.049219,,Fraud Detection System
ALR00000153,TR00109930,31,High Transaction Amount,Resolved,2025-04-28 01:55:29,Onveer Walla,EMP00000012,2025-05-17,2026-07-25 05:53:12.050219,,Fraud Detection System
ALR00000154,TR00129964,53,Card Not Present,Resolved,2026-03-09 14:44:55,Nakul Bhandari,EMP00000075,2026-03-31,2026-07-25 05:53:12.051215,,Fraud Detection System
ALR00000155,TR00030253,69,Multiple Failed Attempts,Resolved,2024-03-05 06:03:17,Aahana Pillay,EMP00000186,2024-03-11,2026-07-25 05:53:12.052223,,Fraud Detection System
ALR00000156,TR00056071,44,High Transaction Amount,Resolved,2026-05-23 09:39:51,Lajita Seshadri,EMP00000235,2026-06-04,2026-07-25 05:53:12.053224,,Fraud Detection System
ALR00000157,TR00084717,50,Blacklisted Merchant,Resolved,2023-10-18 06:21:53,Jyoti Solanki,EMP00000213,2023-10-24,2026-07-25 05:53:12.054223,,Fraud Detection System
ALR00000158,TR00147760,99,Unusual Spending Pattern,False Positive,2026-02-01 22:00:17,Chandresh Sood,EMP00000074,2026-02-12,2026-07-25 05:53:12.055222,,Fraud Detection System
ALR00000159,TR00057386,21,Location Mismatch,False Positive,2024-02-26 01:27:39,Balveer Parmar,EMP00000105,2024-03-24,2026-07-25 05:53:12.056216,,Fraud Detection System
ALR00000160,TR00054884,38,Unusual Spending Pattern,Resolved,2019-01-01 01:01:26,Nakul Sarma,EMP00000089,2019-01-27,2026-07-25 05:53:12.058214,,Fraud Detection System
ALR00000161,TR00018229,35,Card Not Present,False Positive,2021-12-21 06:04:20,Adweta Edwin,EMP00000099,2022-01-02,2026-07-25 05:53:12.059221,,Fraud Detection System
ALR00000162,TR00158627,90,Multiple Failed Attempts,Under Investigation,2023-01-10 07:04:04,Indira Misra,EMP00000166,,2026-07-25 05:53:12.060214,,Fraud Detection System
ALR00000163,TR00057070,61,Location Mismatch,Under Investigation,2024-03-31 21:43:31,Lajita Seshadri,EMP00000235,,2026-07-25 05:53:12.061222,,Fraud Detection System
ALR00000164,TR00226836,90,Multiple Failed Attempts,Closed,2026-02-03 20:39:34,Ronith Patla,EMP00000126,2026-03-03,2026-07-25 05:53:12.062218,,Fraud Detection System
ALR00000165,TR00215736,62,High Transaction Amount,Resolved,2025-06-09 11:06:58,Balveer Bumb,EMP00000079,2025-06-29,2026-07-25 05:53:12.063221,,Fraud Detection System
ALR00000166,TR00018175,58,Unusual Spending Pattern,False Positive,2024-07-27 10:28:32,Ekaja Zachariah,EMP00000158,2024-08-24,2026-07-25 05:53:12.064213,,Fraud Detection System
ALR00000167,TR00059230,66,Blacklisted Merchant,Resolved,2017-01-31 01:55:02,Meghana Maharaj,EMP00000320,2017-02-19,2026-07-25 05:53:12.066257,,Fraud Detection System
ALR00000168,TR00167989,40,Blacklisted Merchant,Under Investigation,2022-07-26 09:48:14,Ojas Ray,EMP00000066,,2026-07-25 05:53:12.067308,,Fraud Detection System
ALR00000169,TR00053357,3,Multiple Failed Attempts,Open,2018-09-29 02:03:06,,,,2026-07-25 05:53:12.067308,,Fraud Detection System
ALR00000170,TR00032957,18,Unusual Spending Pattern,Under Investigation,2015-08-16 14:36:51,Oni Dubey,EMP00000346,,2026-07-25 05:53:12.068288,,Fraud Detection System
ALR00000171,TR00234179,18,Multiple Failed Attempts,Under Investigation,2017-12-16 01:50:03,Dipta Sarin,EMP00000122,,2026-07-25 05:53:12.069322,,Fraud Detection System
ALR00000172,TR00143391,28,High Transaction Amount,False Positive,2019-09-11 15:09:55,Adweta Edwin,EMP00000099,2019-09-28,2026-07-25 05:53:12.070320,,Fraud Detection System
ALR00000173,TR00118752,67,Multiple Failed Attempts,Resolved,2026-06-07 15:49:19,Nicholas Goel,EMP00000108,2026-06-17,2026-07-25 05:53:12.071322,,Fraud Detection System
ALR00000174,TR00197625,32,Card Not Present,Resolved,2018-04-04 10:23:05,Balveer Bumb,EMP00000079,2018-04-10,2026-07-25 05:53:12.073217,,Fraud Detection System
ALR00000175,TR00203434,3,Velocity Check Failed,False Positive,2021-05-03 08:10:02,Sudiksha Aggarwal,EMP00000031,2021-05-27,2026-07-25 05:53:12.074254,,Fraud Detection System
ALR00000176,TR00047383,80,Blacklisted Merchant,Resolved,2023-04-14 15:32:21,Nimrat Dubey,EMP00000296,2023-05-07,2026-07-25 05:53:12.075218,,Fraud Detection System
ALR00000177,TR00024322,39,Card Not Present,Open,2021-01-17 18:39:53,,,,2026-07-25 05:53:12.075218,,Fraud Detection System
ALR00000178,TR00108266,47,Unusual Spending Pattern,False Positive,2022-07-25 19:12:01,Mohini Pathak,EMP00000022,2022-07-29,2026-07-25 05:53:12.077214,,Fraud Detection System
ALR00000179,TR00106437,37,Blacklisted Merchant,Resolved,2023-07-08 09:31:42,Veer Bir,EMP00000050,2023-07-10,2026-07-25 05:53:12.078212,,Fraud Detection System
ALR00000180,TR00117346,100,Multiple Failed Attempts,Resolved,2022-07-26 11:36:53,Onveer Walla,EMP00000012,2022-07-31,2026-07-25 05:53:12.079214,,Fraud Detection System
ALR00000181,TR00183228,72,Multiple Failed Attempts,Under Investigation,2013-04-16 20:27:58,Lajita Seshadri,EMP00000235,,2026-07-25 05:53:12.080213,,Fraud Detection System
ALR00000182,TR00169011,52,High Transaction Amount,Closed,2026-05-12 23:27:25,Sudiksha Aggarwal,EMP00000031,2026-05-19,2026-07-25 05:53:12.081214,,Fraud Detection System
ALR00000183,TR00246115,10,Blacklisted Merchant,Resolved,2026-03-12 08:14:31,Jyoti Solanki,EMP00000213,2026-03-19,2026-07-25 05:53:12.082321,,Fraud Detection System
ALR00000184,TR00024685,9,High Transaction Amount,False Positive,2020-10-04 06:11:03,Yuvraj Handa,EMP00000060,2020-10-24,2026-07-25 05:53:12.083222,,Fraud Detection System
ALR00000185,TR00100977,64,Unusual Spending Pattern,Under Investigation,2020-04-02 17:28:41,Nicholas Goel,EMP00000108,,2026-07-25 05:53:12.084221,,Fraud Detection System
ALR00000186,TR00084957,36,Blacklisted Merchant,Resolved,2023-12-04 00:58:13,Hritik Kaur,EMP00000338,2024-01-01,2026-07-25 05:53:12.085220,,Fraud Detection System
ALR00000187,TR00216318,56,Multiple Failed Attempts,Resolved,2023-04-01 18:29:38,Frederick Khurana,EMP00000208,2023-04-04,2026-07-25 05:53:12.087233,,Fraud Detection System
ALR00000188,TR00062052,32,Multiple Failed Attempts,Closed,2025-11-21 18:46:03,Chaaya Saran,EMP00000030,2025-12-09,2026-07-25 05:53:12.088216,,Fraud Detection System
ALR00000189,TR00047320,51,Multiple Failed Attempts,Resolved,2021-05-13 01:59:23,Benjamin Morar,EMP00000104,2021-05-31,2026-07-25 05:53:12.089257,,Fraud Detection System
ALR00000190,TR00112753,23,Location Mismatch,False Positive,2021-07-28 16:38:10,Zayyan Bumb,EMP00000179,2021-08-25,2026-07-25 05:53:12.090221,,Fraud Detection System
ALR00000191,TR00105967,55,Blacklisted Merchant,Under Investigation,2026-02-02 02:55:33,Indira Misra,EMP00000166,,2026-07-25 05:53:12.091215,,Fraud Detection System
ALR00000192,TR00069749,22,Velocity Check Failed,False Positive,2025-08-09 09:30:45,Yuvraj Handa,EMP00000060,2025-08-31,2026-07-25 05:53:12.092216,,Fraud Detection System
ALR00000193,TR00062340,59,Multiple Failed Attempts,Under Investigation,2024-04-07 23:37:05,Akshay Lalla,EMP00000335,,2026-07-25 05:53:12.093299,,Fraud Detection System
ALR00000194,TR00231279,82,Card Not Present,Closed,2022-11-16 04:23:12,Ojas Ray,EMP00000066,2022-12-11,2026-07-25 05:53:12.095215,,Fraud Detection System
ALR00000195,TR00111419,18,High Transaction Amount,Closed,2025-04-17 16:46:40,Mohini Pathak,EMP00000022,2025-04-29,2026-07-25 05:53:12.096303,,Fraud Detection System
ALR00000196,TR00216210,86,Card Not Present,Closed,2020-08-08 15:18:52,Hritik Kaur,EMP00000338,2020-09-03,2026-07-25 05:53:12.097312,,Fraud Detection System
ALR00000197,TR00138361,12,Location Mismatch,Resolved,2020-02-16 23:42:47,Nicholas Goel,EMP00000108,2020-02-16,2026-07-25 05:53:12.098304,,Fraud Detection System
ALR00000198,TR00012918,34,Blacklisted Merchant,Resolved,2017-02-11 00:03:58,Aahana Pillay,EMP00000186,2017-02-16,2026-07-25 05:53:12.099315,,Fraud Detection System
ALR00000199,TR00249811,13,Card Not Present,Open,2025-08-07 23:00:00,,,,2026-07-25 05:53:12.100303,,Fraud Detection System
ALR00000200,TR00210080,34,Card Not Present,Resolved,2021-12-02 11:49:56,Aadhya Andra,EMP00000312,2021-12-28,2026-07-25 05:53:12.100572,,Fraud Detection System
ALR00000201,TR00242576,90,Card Not Present,Resolved,2019-09-11 03:06:32,Ishwar Kamdar,EMP00000185,2019-09-23,2026-07-25 05:53:12.101678,,Fraud Detection System
ALR00000202,TR00232000,40,Velocity Check Failed,Closed,2018-06-01 22:42:59,Alka Dewan,EMP00000020,2018-06-17,2026-07-25 05:53:12.103617,,Fraud Detection System
ALR00000203,TR00212921,3,Multiple Failed Attempts,Resolved,2010-05-30 07:41:02,Riya Pai,EMP00000314,2010-06-04,2026-07-25 05:53:12.104622,,Fraud Detection System
ALR00000204,TR00041721,14,Location Mismatch,False Positive,2025-04-18 03:05:14,Alka Dewan,EMP00000020,2025-05-02,2026-07-25 05:53:12.105617,,Fraud Detection System
ALR00000205,TR00121911,53,Location Mismatch,Resolved,2026-07-17 20:59:32,Pallavi Kakar,EMP00000043,2026-07-22,2026-07-25 05:53:12.106722,,Fraud Detection System
ALR00000206,TR00053243,0,Unusual Spending Pattern,Open,2025-04-09 04:30:10,,,,2026-07-25 05:53:12.107614,,Fraud Detection System
ALR00000207,TR00100582,88,High Transaction Amount,Resolved,2017-09-29 23:05:54,Sudiksha Aggarwal,EMP00000031,2017-10-06,2026-07-25 05:53:12.108617,,Fraud Detection System
ALR00000208,TR00015100,32,High Transaction Amount,Resolved,2020-05-21 09:23:36,Balveer Bumb,EMP00000079,2020-06-12,2026-07-25 05:53:12.109661,,Fraud Detection System
ALR00000209,TR00095201,5,Location Mismatch,Under Investigation,2026-07-23 14:41:13,Nimrat Dubey,EMP00000296,,2026-07-25 05:53:12.112092,,Fraud Detection System
ALR00000210,TR00246441,1,Velocity Check Failed,False Positive,2016-07-02 00:24:21,Lajita Seshadri,EMP00000235,2016-07-02,2026-07-25 05:53:12.113211,,Fraud Detection System
ALR00000211,TR00066111,25,Card Not Present,Under Investigation,2022-08-16 14:14:22,Onveer Walla,EMP00000012,,2026-07-25 05:53:12.114189,,Fraud Detection System
ALR00000212,TR00197471,9,Location Mismatch,False Positive,2016-03-13 04:36:16,Balveer Bumb,EMP00000079,2016-03-25,2026-07-25 05:53:12.115200,,Fraud Detection System
ALR00000213,TR00114218,97,Unusual Spending Pattern,Resolved,2025-04-10 20:05:11,Balveer Bumb,EMP00000079,2025-05-04,2026-07-25 05:53:12.116204,,Fraud Detection System
ALR00000214,TR00106296,57,Multiple Failed Attempts,Resolved,2022-10-10 11:00:16,Lakshit Dora,EMP00000159,2022-10-18,2026-07-25 05:53:12.117197,,Fraud Detection System
ALR00000215,TR00239493,52,Blacklisted Merchant,Open,2013-12-10 11:19:49,,,,2026-07-25 05:53:12.118205,,Fraud Detection System
ALR00000216,TR00248771,22,Multiple Failed Attempts,Resolved,2025-09-04 02:17:44,Alka Dewan,EMP00000020,2025-09-28,2026-07-25 05:53:12.119209,,Fraud Detection System
ALR00000217,TR00139736,74,Multiple Failed Attempts,Resolved,2022-05-24 16:29:25,Ekaja Zachariah,EMP00000158,2022-05-29,2026-07-25 05:53:12.120219,,Fraud Detection System
ALR00000218,TR00180475,76,High Transaction Amount,Under Investigation,2026-06-05 11:00:42,Riya Pai,EMP00000314,,2026-07-25 05:53:12.121190,,Fraud Detection System
ALR00000219,TR00038628,41,Card Not Present,Under Investigation,2021-11-03 09:41:34,Devansh Rajan,EMP00000026,,2026-07-25 05:53:12.122206,,Fraud Detection System
ALR00000220,TR00074482,57,High Transaction Amount,False Positive,2025-02-11 01:25:02,Balveer Bumb,EMP00000079,2025-02-25,2026-07-25 05:53:12.123207,,Fraud Detection System
ALR00000221,TR00242535,12,Unusual Spending Pattern,Under Investigation,2016-10-18 09:13:02,Ekaja Zachariah,EMP00000158,,2026-07-25 05:53:12.125186,,Fraud Detection System
ALR00000222,TR00145506,15,High Transaction Amount,Resolved,2023-09-14 21:08:25,Riya Pai,EMP00000314,2023-10-08,2026-07-25 05:53:12.126229,,Fraud Detection System
ALR00000223,TR00136303,80,Velocity Check Failed,Under Investigation,2025-01-02 03:07:42,Nakul Bhandari,EMP00000075,,2026-07-25 05:53:12.127106,,Fraud Detection System
ALR00000224,TR00188152,62,Blacklisted Merchant,Resolved,2019-02-15 07:23:11,Lakshit Dora,EMP00000159,2019-03-16,2026-07-25 05:53:12.128200,,Fraud Detection System
ALR00000225,TR00014736,20,Velocity Check Failed,Under Investigation,2020-07-23 00:41:25,Prisha Andra,EMP00000100,,2026-07-25 05:53:12.129216,,Fraud Detection System
ALR00000226,TR00146833,14,Unusual Spending Pattern,Under Investigation,2012-12-27 22:29:23,Nimrat Dubey,EMP00000296,,2026-07-25 05:53:12.130184,,Fraud Detection System
ALR00000227,TR00126307,23,Multiple Failed Attempts,Resolved,2017-09-22 22:37:06,Zaid Dara,EMP00000149,2017-10-01,2026-07-25 05:53:12.132186,,Fraud Detection System
ALR00000228,TR00213996,84,Velocity Check Failed,Resolved,2022-12-10 03:29:13,Pallavi Kakar,EMP00000043,2022-12-17,2026-07-25 05:53:12.133214,,Fraud Detection System
ALR00000229,TR00039410,43,Multiple Failed Attempts,Resolved,2021-01-16 21:48:45,Yagnesh Shan,EMP00000279,2021-02-03,2026-07-25 05:53:12.134194,,Fraud Detection System
ALR00000230,TR00240441,97,Card Not Present,Resolved,2020-04-28 01:02:55,Chaaya Saran,EMP00000030,2020-05-05,2026-07-25 05:53:12.135191,,Fraud Detection System
ALR00000231,TR00020306,4,Unusual Spending Pattern,Open,2021-02-20 00:10:48,,,,2026-07-25 05:53:12.136188,,Fraud Detection System
ALR00000232,TR00046368,90,High Transaction Amount,Open,2022-12-01 09:25:42,,,,2026-07-25 05:53:12.136188,,Fraud Detection System
ALR00000233,TR00149510,58,Multiple Failed Attempts,False Positive,2024-06-22 18:09:21,Nimrat Dubey,EMP00000296,2024-07-18,2026-07-25 05:53:12.137191,,Fraud Detection System
ALR00000234,TR00169516,34,Velocity Check Failed,Closed,2025-11-26 22:21:52,Zayyan Bumb,EMP00000179,2025-12-21,2026-07-25 05:53:12.138198,,Fraud Detection System
ALR00000235,TR00058585,14,Card Not Present,Resolved,2021-08-01 12:58:52,Nakul Sarma,EMP00000089,2021-08-01,2026-07-25 05:53:12.139208,,Fraud Detection System
ALR00000236,TR00029997,29,Blacklisted Merchant,Resolved,2021-03-31 13:16:13,Balendra Pingle,EMP00000102,2021-04-29,2026-07-25 05:53:12.141099,,Fraud Detection System
ALR00000237,TR00223443,0,Unusual Spending Pattern,Resolved,2021-01-31 15:40:10,Devansh Sachdeva,EMP00000161,2021-02-15,2026-07-25 05:53:12.142103,,Fraud Detection System
ALR00000238,TR00061411,91,Multiple Failed Attempts,Under Investigation,2019-07-15 16:46:26,Hritik Kaur,EMP00000338,,2026-07-25 05:53:12.143101,,Fraud Detection System
ALR00000239,TR00149383,45,Blacklisted Merchant,False Positive,2020-05-29 01:13:53,Rudra Sandal,EMP00000245,2020-06-21,2026-07-25 05:53:12.144106,,Fraud Detection System
ALR00000240,TR00155798,74,Unusual Spending Pattern,Closed,2024-03-25 14:47:10,Hritik Kaur,EMP00000338,2024-03-25,2026-07-25 05:53:12.145108,,Fraud Detection System
ALR00000241,TR00105299,31,Multiple Failed Attempts,Resolved,2010-01-12 04:20:50,Kashvi Sarma,EMP00000045,2010-01-17,2026-07-25 05:53:12.147103,,Fraud Detection System
ALR00000242,TR00146690,13,Blacklisted Merchant,Open,2011-03-15 18:43:50,,,,2026-07-25 05:53:12.147103,,Fraud Detection System
ALR00000243,TR00131261,29,High Transaction Amount,Closed,2024-04-05 21:10:30,Jyoti Solanki,EMP00000213,2024-04-22,2026-07-25 05:53:12.148098,,Fraud Detection System
ALR00000244,TR00234004,33,Unusual Spending Pattern,Open,2018-05-31 05:47:22,,,,2026-07-25 05:53:12.149100,,Fraud Detection System
ALR00000245,TR00050927,58,Blacklisted Merchant,False Positive,2025-07-07 16:11:35,Aditya Shanker,EMP00000084,2025-07-21,2026-07-25 05:53:12.150097,,Fraud Detection System
ALR00000246,TR00179880,51,Blacklisted Merchant,Resolved,2026-04-05 03:15:00,Aahana Pillay,EMP00000186,2026-04-16,2026-07-25 05:53:12.151099,,Fraud Detection System
ALR00000247,TR00059432,16,Velocity Check Failed,Resolved,2024-04-29 02:30:27,Lajita Seshadri,EMP00000235,2024-05-01,2026-07-25 05:53:12.152098,,Fraud Detection System
ALR00000248,TR00099251,51,Card Not Present,Closed,2026-05-26 07:28:45,Oni Dubey,EMP00000346,2026-06-06,2026-07-25 05:53:12.153102,,Fraud Detection System
ALR00000249,TR00168651,98,Blacklisted Merchant,False Positive,2023-02-19 01:10:58,Jagdish Koshy,EMP00000078,2023-03-18,2026-07-25 05:53:12.155098,,Fraud Detection System
ALR00000250,TR00075310,10,Multiple Failed Attempts,Open,2012-09-04 04:02:20,,,,2026-07-25 05:53:12.155098,,Fraud Detection System
ALR00000251,TR00079353,9,Multiple Failed Attempts,Open,2010-09-18 02:22:59,,,,2026-07-25 05:53:12.156098,,Fraud Detection System
ALR00000252,TR00189127,43,Unusual Spending Pattern,Under Investigation,2023-05-22 02:36:43,Sudiksha Aggarwal,EMP00000031,,2026-07-25 05:53:12.157100,,Fraud Detection System
ALR00000253,TR00018594,7,Velocity Check Failed,Under Investigation,2024-05-29 04:58:12,Devansh Rajan,EMP00000026,,2026-07-25 05:53:12.158098,,Fraud Detection System
ALR00000254,TR00115066,10,Unusual Spending Pattern,Resolved,2026-05-03 04:26:48,Rudra Sandal,EMP00000245,2026-05-06,2026-07-25 05:53:12.160105,,Fraud Detection System
ALR00000255,TR00249562,8,Blacklisted Merchant,False Positive,2023-12-08 16:23:17,Sudiksha Aggarwal,EMP00000031,2023-12-12,2026-07-25 05:53:12.161105,,Fraud Detection System
ALR00000256,TR00248914,41,Blacklisted Merchant,Resolved,2020-11-08 08:25:42,Mohini Pathak,EMP00000022,2020-12-01,2026-07-25 05:53:12.162105,,Fraud Detection System
ALR00000257,TR00018691,11,Blacklisted Merchant,Open,2026-07-06 13:40:06,,,,2026-07-25 05:53:12.162105,,Fraud Detection System
ALR00000258,TR00053142,90,High Transaction Amount,Closed,2019-11-27 09:49:07,Kiaan Shetty,EMP00000150,2019-11-30,2026-07-25 05:53:12.163116,,Fraud Detection System
ALR00000259,TR00066110,49,High Transaction Amount,False Positive,2023-09-09 21:18:19,Vaishnavi Bora,EMP00000143,2023-10-04,2026-07-25 05:53:12.165105,,Fraud Detection System
ALR00000260,TR00233617,97,Velocity Check Failed,Under Investigation,2026-03-05 23:58:22,Benjamin Morar,EMP00000104,,2026-07-25 05:53:12.166105,,Fraud Detection System
ALR00000261,TR00221098,44,Card Not Present,Under Investigation,2026-06-20 05:33:52,Chandresh Sood,EMP00000074,,2026-07-25 05:53:12.167105,,Fraud Detection System
ALR00000262,TR00220746,32,Location Mismatch,Resolved,2026-05-01 09:50:46,Nakul Bhandari,EMP00000075,2026-05-07,2026-07-25 05:53:12.168104,,Fraud Detection System
ALR00000263,TR00092542,29,Blacklisted Merchant,Under Investigation,2016-11-13 15:58:14,Sudiksha Aggarwal,EMP00000031,,2026-07-25 05:53:12.169105,,Fraud Detection System
ALR00000264,TR00039481,8,High Transaction Amount,Resolved,2023-03-20 14:51:10,Mohini Pathak,EMP00000022,2023-03-26,2026-07-25 05:53:12.170106,,Fraud Detection System
ALR00000265,TR00209531,86,Unusual Spending Pattern,Open,2020-09-18 01:39:41,,,,2026-07-25 05:53:12.171104,,Fraud Detection System
ALR00000266,TR00176685,45,Velocity Check Failed,Resolved,2026-01-26 15:07:24,Devansh Sachdeva,EMP00000161,2026-02-18,2026-07-25 05:53:12.172101,,Fraud Detection System
ALR00000267,TR00153920,34,Blacklisted Merchant,Closed,2025-11-25 05:48:51,Rudra Sandal,EMP00000245,2025-12-21,2026-07-25 05:53:12.173105,,Fraud Detection System
ALR00000268,TR00246850,44,Blacklisted Merchant,False Positive,2023-08-11 21:14:19,Devansh Sachdeva,EMP00000161,2023-08-19,2026-07-25 05:53:12.174105,,Fraud Detection System
ALR00000269,TR00164156,94,Unusual Spending Pattern,Resolved,2024-01-24 22:04:52,Ekaja Zachariah,EMP00000158,2024-02-05,2026-07-25 05:53:12.175106,,Fraud Detection System
ALR00000270,TR00002097,67,High Transaction Amount,Resolved,2025-08-06 21:33:12,Sudiksha Aggarwal,EMP00000031,2025-08-31,2026-07-25 05:53:12.176101,,Fraud Detection System
ALR00000271,TR00205648,30,Card Not Present,Resolved,2025-09-05 23:09:10,Zayan Behl,EMP00000096,2025-10-04,2026-07-25 05:53:12.177125,,Fraud Detection System
ALR00000272,TR00075125,63,Card Not Present,False Positive,2024-06-20 17:20:24,Zayan Behl,EMP00000096,2024-07-10,2026-07-25 05:53:12.179099,,Fraud Detection System
ALR00000273,TR00166553,8,Location Mismatch,False Positive,2024-04-02 23:51:48,Lajita Seshadri,EMP00000235,2024-04-12,2026-07-25 05:53:12.180107,,Fraud Detection System
ALR00000274,TR00235001,72,Location Mismatch,Resolved,2016-01-21 18:20:23,Lajita Seshadri,EMP00000235,2016-02-16,2026-07-25 05:53:12.181100,,Fraud Detection System
ALR00000275,TR00033395,46,High Transaction Amount,Resolved,2019-12-17 00:05:14,Jack Rajan,EMP00000123,2019-12-26,2026-07-25 05:53:12.182105,,Fraud Detection System
ALR00000276,TR00028976,33,High Transaction Amount,Resolved,2022-09-18 13:18:37,Adweta Edwin,EMP00000099,2022-10-03,2026-07-25 05:53:12.183105,,Fraud Detection System
ALR00000277,TR00026834,62,Card Not Present,Resolved,2022-06-21 10:27:32,Vaishnavi Bora,EMP00000143,2022-07-10,2026-07-25 05:53:12.184108,,Fraud Detection System
ALR00000278,TR00139032,27,Unusual Spending Pattern,Under Investigation,2025-08-18 10:47:22,Jeremiah Dave,EMP00000041,,2026-07-25 05:53:12.185104,,Fraud Detection System
ALR00000279,TR00068066,83,Blacklisted Merchant,Resolved,2025-11-09 16:02:14,Ekaja Zachariah,EMP00000158,2025-11-27,2026-07-25 05:53:12.186100,,Fraud Detection System
ALR00000280,TR00152126,82,Card Not Present,Resolved,2020-07-20 08:02:44,Devansh Rajan,EMP00000026,2020-08-10,2026-07-25 05:53:12.187108,,Fraud Detection System
ALR00000281,TR00180266,85,Multiple Failed Attempts,Under Investigation,2017-02-18 06:29:36,Akshay Lalla,EMP00000335,,2026-07-25 05:53:12.188115,,Fraud Detection System
ALR00000282,TR00050775,49,Blacklisted Merchant,Resolved,2017-03-04 11:57:54,Meghana Maharaj,EMP00000320,2017-03-29,2026-07-25 05:53:12.190102,,Fraud Detection System
ALR00000283,TR00159342,8,Card Not Present,Under Investigation,2024-11-01 00:11:11,Oni Dubey,EMP00000346,,2026-07-25 05:53:12.191158,,Fraud Detection System
ALR00000284,TR00065871,54,Card Not Present,False Positive,2020-09-02 16:32:11,Kashvi Sarma,EMP00000045,2020-09-23,2026-07-25 05:53:12.193164,,Fraud Detection System
ALR00000285,TR00122678,32,Velocity Check Failed,Resolved,2024-06-13 13:28:48,Nakul Sarma,EMP00000089,2024-06-18,2026-07-25 05:53:12.194165,,Fraud Detection System
ALR00000286,TR00226792,62,Unusual Spending Pattern,False Positive,2019-12-06 23:31:05,Chaaya Saran,EMP00000030,2019-12-18,2026-07-25 05:53:12.195166,,Fraud Detection System
ALR00000287,TR00212405,0,Card Not Present,Resolved,2021-05-03 11:31:48,Veer Bir,EMP00000050,2021-05-13,2026-07-25 05:53:12.197164,,Fraud Detection System
ALR00000288,TR00023175,59,Velocity Check Failed,Open,2026-04-14 03:14:03,,,,2026-07-25 05:53:12.197164,,Fraud Detection System
ALR00000289,TR00106436,5,Blacklisted Merchant,Open,2022-01-23 22:01:33,,,,2026-07-25 05:53:12.198165,,Fraud Detection System
ALR00000290,TR00069127,82,Blacklisted Merchant,Open,2024-06-15 07:24:50,,,,2026-07-25 05:53:12.198165,,Fraud Detection System
ALR00000291,TR00000964,59,High Transaction Amount,Resolved,2023-09-22 10:11:35,Zayyan Bumb,EMP00000179,2023-09-25,2026-07-25 05:53:12.200164,,Fraud Detection System
ALR00000292,TR00193969,31,Velocity Check Failed,Closed,2026-05-22 19:24:50,Chandresh Sood,EMP00000074,2026-06-07,2026-07-25 05:53:12.201340,,Fraud Detection System
ALR00000293,TR00159947,65,Blacklisted Merchant,Open,2025-06-25 16:32:49,,,,2026-07-25 05:53:12.202368,,Fraud Detection System
ALR00000294,TR00065333,86,Blacklisted Merchant,Under Investigation,2015-02-24 16:40:09,Jyoti Solanki,EMP00000213,,2026-07-25 05:53:12.204369,,Fraud Detection System
ALR00000295,TR00186374,2,Location Mismatch,Resolved,2019-03-20 13:08:43,Lakshit Upadhyay,EMP00000023,2019-03-21,2026-07-25 05:53:12.206369,,Fraud Detection System
ALR00000296,TR00138699,72,Location Mismatch,Under Investigation,2017-02-01 08:26:25,Kiaan Shetty,EMP00000150,,2026-07-25 05:53:12.207391,,Fraud Detection System
ALR00000297,TR00107436,52,Blacklisted Merchant,False Positive,2026-04-09 16:01:46,Ishwar Kamdar,EMP00000185,2026-05-07,2026-07-25 05:53:12.209367,,Fraud Detection System
ALR00000298,TR00002584,42,High Transaction Amount,Under Investigation,2017-04-03 08:04:53,Sudiksha Aggarwal,EMP00000031,,2026-07-25 05:53:12.210367,,Fraud Detection System
ALR00000299,TR00019194,99,Blacklisted Merchant,Resolved,2015-02-07 10:21:26,Divya Kala,EMP00000018,2015-03-05,2026-07-25 05:53:12.211370,,Fraud Detection System
ALR00000300,TR00221618,38,Multiple Failed Attempts,Under Investigation,2025-03-16 03:00:42,Aadhya Andra,EMP00000312,,2026-07-25 05:53:12.212369,,Fraud Detection System
ALR00000301,TR00226505,48,Multiple Failed Attempts,Resolved,2013-06-02 18:52:20,Yuvraj Handa,EMP00000060,2013-06-13,2026-07-25 05:53:12.214367,,Fraud Detection System
ALR00000302,TR00137173,56,Location Mismatch,Resolved,2026-06-25 02:49:26,Divya Kala,EMP00000018,2026-07-23,2026-07-25 05:53:12.215367,,Fraud Detection System
ALR00000303,TR00209749,100,Location Mismatch,Under Investigation,2014-11-30 16:00:53,Ronith Patla,EMP00000126,,2026-07-25 05:53:12.216367,,Fraud Detection System
ALR00000304,TR00146367,78,Unusual Spending Pattern,False Positive,2024-12-12 21:17:45,Devansh Sachdeva,EMP00000161,2024-12-22,2026-07-25 05:53:12.217367,,Fraud Detection System
ALR00000305,TR00036855,64,Multiple Failed Attempts,Resolved,2024-11-04 14:30:37,Riya Pai,EMP00000314,2024-11-04,2026-07-25 05:53:12.218384,,Fraud Detection System
ALR00000306,TR00031861,54,Blacklisted Merchant,False Positive,2024-04-09 11:37:44,Devansh Sachdeva,EMP00000161,2024-04-12,2026-07-25 05:53:12.219384,,Fraud Detection System
ALR00000307,TR00077337,4,Velocity Check Failed,False Positive,2024-08-12 15:37:50,Indira Misra,EMP00000166,2024-08-14,2026-07-25 05:53:12.220384,,Fraud Detection System
ALR00000308,TR00225270,47,Card Not Present,Resolved,2018-11-24 06:20:45,Jagdish Koshy,EMP00000078,2018-12-05,2026-07-25 05:53:12.221368,,Fraud Detection System
ALR00000309,TR00200442,40,Unusual Spending Pattern,Under Investigation,2026-05-02 19:09:46,Chaaya Saran,EMP00000030,,2026-07-25 05:53:12.222467,,Fraud Detection System
ALR00000310,TR00215999,25,Unusual Spending Pattern,False Positive,2012-05-29 23:18:33,Ishwar Kamdar,EMP00000185,2012-06-01,2026-07-25 05:53:12.223459,,Fraud Detection System
ALR00000311,TR00225261,11,Velocity Check Failed,Resolved,2024-03-18 16:13:46,Nilima Nath,EMP00000260,2024-03-19,2026-07-25 05:53:12.224474,,Fraud Detection System
ALR00000312,TR00052401,78,Multiple Failed Attempts,Under Investigation,2019-06-03 14:51:20,Zayan Behl,EMP00000096,,2026-07-25 05:53:12.225459,,Fraud Detection System
ALR00000313,TR00062286,76,Velocity Check Failed,Closed,2019-11-02 05:24:20,Lajita Seshadri,EMP00000235,2019-11-18,2026-07-25 05:53:12.226450,,Fraud Detection System
ALR00000314,TR00025832,67,Location Mismatch,Resolved,2024-03-16 16:09:54,Anirudh Zacharia,EMP00000180,2024-03-19,2026-07-25 05:53:12.227453,,Fraud Detection System
ALR00000315,TR00196476,96,Blacklisted Merchant,Under Investigation,2020-01-19 20:05:53,Dipta Sarin,EMP00000122,,2026-07-25 05:53:12.228463,,Fraud Detection System
ALR00000316,TR00221890,5,Unusual Spending Pattern,Resolved,2023-09-20 21:58:18,Nilima Nath,EMP00000260,2023-10-14,2026-07-25 05:53:12.229472,,Fraud Detection System
ALR00000317,TR00101888,64,Card Not Present,Closed,2024-05-08 07:21:15,Lajita Seshadri,EMP00000235,2024-05-19,2026-07-25 05:53:12.230460,,Fraud Detection System
ALR00000318,TR00156110,81,Blacklisted Merchant,Resolved,2023-06-19 00:40:28,Nicholas Goel,EMP00000108,2023-07-02,2026-07-25 05:53:12.231454,,Fraud Detection System
ALR00000319,TR00038571,98,Blacklisted Merchant,Under Investigation,2021-09-14 03:37:56,Lakshit Upadhyay,EMP00000023,,2026-07-25 05:53:12.232468,,Fraud Detection System
ALR00000320,TR00232826,32,Location Mismatch,False Positive,2017-10-30 21:30:28,Jyoti Solanki,EMP00000213,2017-11-22,2026-07-25 05:53:12.233458,,Fraud Detection System
ALR00000321,TR00217070,41,Blacklisted Merchant,Resolved,2019-09-20 14:29:35,Balendra Pingle,EMP00000102,2019-09-30,2026-07-25 05:53:12.234454,,Fraud Detection System
ALR00000322,TR00244434,71,Blacklisted Merchant,False Positive,2014-05-21 10:26:20,Gaurang Murty,EMP00000264,2014-06-16,2026-07-25 05:53:12.235454,,Fraud Detection System
ALR00000323,TR00204203,45,Velocity Check Failed,Under Investigation,2026-05-05 05:24:04,Lajita Seshadri,EMP00000235,,2026-07-25 05:53:12.236464,,Fraud Detection System
ALR00000324,TR00221227,50,Unusual Spending Pattern,Closed,2013-05-25 03:30:08,Zayyan Bumb,EMP00000179,2013-05-31,2026-07-25 05:53:12.237469,,Fraud Detection System
ALR00000325,TR00006272,37,High Transaction Amount,Open,2025-04-05 13:24:31,,,,2026-07-25 05:53:12.238455,,Fraud Detection System
ALR00000326,TR00185194,75,Blacklisted Merchant,Under Investigation,2012-11-28 11:25:44,Adweta Edwin,EMP00000099,,2026-07-25 05:53:12.239452,,Fraud Detection System
ALR00000327,TR00083293,59,Location Mismatch,Under Investigation,2012-03-21 09:49:01,Ronith Patla,EMP00000126,,2026-07-25 05:53:12.240454,,Fraud Detection System
ALR00000328,TR00233047,53,Unusual Spending Pattern,Resolved,2025-04-11 19:46:51,Vaishnavi Bora,EMP00000143,2025-05-08,2026-07-25 05:53:12.241368,,Fraud Detection System
ALR00000329,TR00202090,78,Velocity Check Failed,False Positive,2021-02-03 18:51:43,Balendra Pingle,EMP00000102,2021-03-02,2026-07-25 05:53:12.242462,,Fraud Detection System
ALR00000330,TR00216948,91,Multiple Failed Attempts,Under Investigation,2023-12-29 21:56:47,Aditya Shanker,EMP00000084,,2026-07-25 05:53:12.243463,,Fraud Detection System
ALR00000331,TR00204197,15,Blacklisted Merchant,False Positive,2015-11-14 04:48:08,Zaid Dara,EMP00000149,2015-12-06,2026-07-25 05:53:12.244456,,Fraud Detection System
ALR00000332,TR00066628,9,Velocity Check Failed,Resolved,2007-12-25 17:21:54,Jyoti Solanki,EMP00000213,2008-01-05,2026-07-25 05:53:12.245464,,Fraud Detection System
ALR00000333,TR00198288,44,Card Not Present,False Positive,2019-11-21 02:43:25,Pranav Lanka,EMP00000120,2019-12-13,2026-07-25 05:53:12.246475,,Fraud Detection System
ALR00000334,TR00027183,65,Velocity Check Failed,Resolved,2020-07-29 01:26:31,Yagnesh Shan,EMP00000279,2020-08-17,2026-07-25 05:53:12.247467,,Fraud Detection System
ALR00000335,TR00219040,71,Velocity Check Failed,Under Investigation,2022-12-22 22:01:29,Lakshit Upadhyay,EMP00000023,,2026-07-25 05:53:12.248457,,Fraud Detection System
ALR00000336,TR00215488,16,Velocity Check Failed,Open,2014-04-26 10:38:02,,,,2026-07-25 05:53:12.248457,,Fraud Detection System
ALR00000337,TR00055474,50,Location Mismatch,False Positive,2021-12-15 03:43:26,Nicholas Goel,EMP00000108,2021-12-24,2026-07-25 05:53:12.249460,,Fraud Detection System
ALR00000338,TR00205559,65,Location Mismatch,Resolved,2024-01-19 04:48:50,Sudiksha Aggarwal,EMP00000031,2024-01-23,2026-07-25 05:53:12.251465,,Fraud Detection System
ALR00000339,TR00115601,38,Multiple Failed Attempts,Under Investigation,2026-05-15 14:50:11,Rudra Sandal,EMP00000245,,2026-07-25 05:53:12.252459,,Fraud Detection System
ALR00000340,TR00076470,45,Card Not Present,Resolved,2025-01-01 18:22:44,Gaurang Murty,EMP00000264,2025-01-05,2026-07-25 05:53:12.253450,,Fraud Detection System
ALR00000341,TR00200254,55,Card Not Present,Under Investigation,2023-07-18 23:08:08,Nimrat Dubey,EMP00000296,,2026-07-25 05:53:12.254373,,Fraud Detection System
ALR00000342,TR00056758,39,Location Mismatch,Resolved,2025-08-06 12:09:30,Jack Rajan,EMP00000123,2025-08-26,2026-07-25 05:53:12.256466,,Fraud Detection System
ALR00000343,TR00006009,90,Card Not Present,Resolved,2016-03-29 10:33:42,Alka Dewan,EMP00000020,2016-04-15,2026-07-25 05:53:12.258371,,Fraud Detection System
ALR00000344,TR00048108,58,Velocity Check Failed,Closed,2024-08-23 16:31:01,Devansh Sachdeva,EMP00000161,2024-09-12,2026-07-25 05:53:12.259448,,Fraud Detection System
ALR00000345,TR00082390,21,Multiple Failed Attempts,False Positive,2024-10-30 20:44:38,Banjeet Balasubramanian,EMP00000182,2024-11-18,2026-07-25 05:53:12.260468,,Fraud Detection System
ALR00000346,TR00217015,17,Blacklisted Merchant,Under Investigation,2021-10-04 03:10:49,Lakshit Upadhyay,EMP00000023,,2026-07-25 05:53:12.261455,,Fraud Detection System
ALR00000347,TR00242072,94,Card Not Present,Resolved,2025-04-19 23:53:33,Indira Misra,EMP00000166,2025-05-11,2026-07-25 05:53:12.262460,,Fraud Detection System
ALR00000348,TR00069913,54,Velocity Check Failed,Closed,2024-04-21 17:58:44,Ishwar Kamdar,EMP00000185,2024-04-23,2026-07-25 05:53:12.263455,,Fraud Detection System
ALR00000349,TR00161056,15,Unusual Spending Pattern,Under Investigation,2025-04-05 16:13:41,Aahana Pillay,EMP00000186,,2026-07-25 05:53:12.264461,,Fraud Detection System
ALR00000350,TR00100212,42,Multiple Failed Attempts,Under Investigation,2010-07-06 11:29:43,Zayan Behl,EMP00000096,,2026-07-25 05:53:12.265472,,Fraud Detection System
ALR00000351,TR00245363,30,Blacklisted Merchant,Under Investigation,2013-01-29 22:34:16,Dipta Sarin,EMP00000122,,2026-07-25 05:53:12.266464,,Fraud Detection System
ALR00000352,TR00134780,5,High Transaction Amount,Open,2016-07-07 09:05:49,,,,2026-07-25 05:53:12.266464,,Fraud Detection System
ALR00000353,TR00235066,24,Location Mismatch,Under Investigation,2024-12-22 07:02:13,Lakshit Upadhyay,EMP00000023,,2026-07-25 05:53:12.267467,,Fraud Detection System
ALR00000354,TR00028958,8,Multiple Failed Attempts,Under Investigation,2026-04-14 01:55:45,Alka Dewan,EMP00000020,,2026-07-25 05:53:12.268465,,Fraud Detection System
ALR00000355,TR00242899,22,Card Not Present,Resolved,2018-11-21 08:13:12,Onveer Walla,EMP00000012,2018-11-25,2026-07-25 05:53:12.270460,,Fraud Detection System
ALR00000356,TR00044677,67,Blacklisted Merchant,Closed,2017-07-03 18:09:58,Ojas Ray,EMP00000066,2017-07-05,2026-07-25 05:53:12.271460,,Fraud Detection System
ALR00000357,TR00240873,62,Blacklisted Merchant,Closed,2025-01-25 04:23:56,Frederick Khurana,EMP00000208,2025-02-13,2026-07-25 05:53:12.272460,,Fraud Detection System
ALR00000358,TR00066206,63,Unusual Spending Pattern,Under Investigation,2022-07-08 07:16:12,Adweta Edwin,EMP00000099,,2026-07-25 05:53:12.273455,,Fraud Detection System
ALR00000359,TR00027290,60,Blacklisted Merchant,False Positive,2023-08-10 08:39:46,Alka Dewan,EMP00000020,2023-08-26,2026-07-25 05:53:12.274471,,Fraud Detection System
ALR00000360,TR00109110,47,Card Not Present,Under Investigation,2018-04-19 12:53:32,Rudra Sandal,EMP00000245,,2026-07-25 05:53:12.275371,,Fraud Detection System
ALR00000361,TR00183112,16,Multiple Failed Attempts,Open,2017-09-27 18:20:13,,,,2026-07-25 05:53:12.275371,,Fraud Detection System
ALR00000362,TR00078760,64,Card Not Present,Under Investigation,2012-05-24 08:44:53,Jagdish Koshy,EMP00000078,,2026-07-25 05:53:12.276454,,Fraud Detection System
ALR00000363,TR00152549,40,Unusual Spending Pattern,Open,2009-09-22 08:39:48,,,,2026-07-25 05:53:12.277464,,Fraud Detection System
ALR00000364,TR00128471,40,Card Not Present,Closed,2018-01-21 07:14:18,Jack Rajan,EMP00000123,2018-01-26,2026-07-25 05:53:12.278455,,Fraud Detection System
ALR00000365,TR00096758,65,High Transaction Amount,Resolved,2026-02-12 21:20:02,Jack Rajan,EMP00000123,2026-02-24,2026-07-25 05:53:12.279449,,Fraud Detection System
ALR00000366,TR00144815,57,Velocity Check Failed,Resolved,2026-05-01 11:47:22,Balendra Pingle,EMP00000102,2026-05-10,2026-07-25 05:53:12.280454,,Fraud Detection System
ALR00000367,TR00063441,60,Velocity Check Failed,Resolved,2012-03-05 10:32:44,Nilima Nath,EMP00000260,2012-03-14,2026-07-25 05:53:12.281450,,Fraud Detection System
ALR00000368,TR00178074,27,Unusual Spending Pattern,False Positive,2025-08-21 12:14:52,Yagnesh Shan,EMP00000279,2025-09-16,2026-07-25 05:53:12.282462,,Fraud Detection System
ALR00000369,TR00000437,89,Card Not Present,Under Investigation,2023-10-31 14:17:00,Chandresh Sood,EMP00000074,,2026-07-25 05:53:12.283457,,Fraud Detection System
ALR00000370,TR00231839,34,Card Not Present,Resolved,2024-05-24 07:02:31,Pallavi Kakar,EMP00000043,2024-06-14,2026-07-25 05:53:12.284456,,Fraud Detection System
ALR00000371,TR00135449,75,Multiple Failed Attempts,Under Investigation,2016-01-09 00:18:17,Mohini Pathak,EMP00000022,,2026-07-25 05:53:12.285456,,Fraud Detection System
ALR00000372,TR00180782,54,Location Mismatch,Under Investigation,2020-05-19 11:01:26,Aditya Shanker,EMP00000084,,2026-07-25 05:53:12.286473,,Fraud Detection System
ALR00000373,TR00186565,1,Multiple Failed Attempts,Resolved,2026-04-23 03:12:30,Chaaya Saran,EMP00000030,2026-04-29,2026-07-25 05:53:12.287473,,Fraud Detection System
ALR00000374,TR00168389,6,Location Mismatch,Open,2022-09-04 01:31:56,,,,2026-07-25 05:53:12.288459,,Fraud Detection System
ALR00000375,TR00091164,40,Multiple Failed Attempts,Under Investigation,2018-07-19 07:42:15,Zaid Dara,EMP00000149,,2026-07-25 05:53:12.289468,,Fraud Detection System
ALR00000376,TR00017936,50,Velocity Check Failed,Open,2020-06-14 09:58:02,,,,2026-07-25 05:53:12.289468,,Fraud Detection System
ALR00000377,TR00166708,51,Velocity Check Failed,Under Investigation,2020-04-23 09:49:31,Balveer Bumb,EMP00000079,,2026-07-25 05:53:12.290458,,Fraud Detection System
ALR00000378,TR00082821,9,High Transaction Amount,Resolved,2022-05-27 06:38:49,Diya Rattan,EMP00000016,2022-06-16,2026-07-25 05:53:12.291474,,Fraud Detection System
ALR00000379,TR00078821,30,Multiple Failed Attempts,Under Investigation,2012-12-13 08:34:30,Prisha Andra,EMP00000100,,2026-07-25 05:53:12.292463,,Fraud Detection System
ALR00000380,TR00212768,24,Card Not Present,Under Investigation,2022-05-31 18:44:04,Zayan Behl,EMP00000096,,2026-07-25 05:53:12.293466,,Fraud Detection System
ALR00000381,TR00180888,52,Card Not Present,Open,2026-05-07 12:50:54,,,,2026-07-25 05:53:12.294478,,Fraud Detection System
ALR00000382,TR00075389,41,Multiple Failed Attempts,Closed,2017-07-31 13:30:11,Yuvraj Handa,EMP00000060,2017-08-08,2026-07-25 05:53:12.295455,,Fraud Detection System
ALR00000383,TR00077614,13,Velocity Check Failed,Resolved,2018-10-16 13:21:33,Dipta Sarin,EMP00000122,2018-10-29,2026-07-25 05:53:12.296449,,Fraud Detection System
ALR00000384,TR00102340,75,Unusual Spending Pattern,Resolved,2025-05-30 12:30:54,Aahana Pillay,EMP00000186,2025-06-21,2026-07-25 05:53:12.297450,,Fraud Detection System
ALR00000385,TR00100945,86,High Transaction Amount,Resolved,2020-11-17 09:25:17,Aahana Pillay,EMP00000186,2020-11-29,2026-07-25 05:53:12.298454,,Fraud Detection System
ALR00000386,TR00074247,23,High Transaction Amount,Under Investigation,2024-08-04 09:51:20,Sudiksha Aggarwal,EMP00000031,,2026-07-25 05:53:12.299454,,Fraud Detection System
ALR00000387,TR00031816,77,Unusual Spending Pattern,False Positive,2026-05-08 05:33:31,Dipta Sarin,EMP00000122,2026-05-11,2026-07-25 05:53:12.300855,,Fraud Detection System
ALR00000388,TR00105644,17,Blacklisted Merchant,Resolved,2026-06-27 14:29:29,Akshay Lalla,EMP00000335,2026-07-18,2026-07-25 05:53:12.301866,,Fraud Detection System
ALR00000389,TR00235302,2,Blacklisted Merchant,Open,2013-07-08 09:37:15,,,,2026-07-25 05:53:12.301866,,Fraud Detection System
ALR00000390,TR00170098,44,Location Mismatch,False Positive,2026-05-20 18:41:55,Balendra Pingle,EMP00000102,2026-06-15,2026-07-25 05:53:12.302989,,Fraud Detection System
ALR00000391,TR00226212,5,Unusual Spending Pattern,False Positive,2018-10-14 11:51:04,Jack Rajan,EMP00000123,2018-10-18,2026-07-25 05:53:12.303967,,Fraud Detection System
ALR00000392,TR00154873,94,Unusual Spending Pattern,Resolved,2026-03-01 01:25:05,Ojas Ray,EMP00000066,2026-03-03,2026-07-25 05:53:12.305964,,Fraud Detection System
ALR00000393,TR00075530,62,Blacklisted Merchant,Open,2017-05-24 15:31:48,,,,2026-07-25 05:53:12.305964,,Fraud Detection System
ALR00000394,TR00137778,50,Blacklisted Merchant,False Positive,2023-10-08 05:48:35,Hritik Kaur,EMP00000338,2023-11-03,2026-07-25 05:53:12.306964,,Fraud Detection System
ALR00000395,TR00000093,28,Unusual Spending Pattern,False Positive,2019-12-30 23:01:40,Pranav Lanka,EMP00000120,2019-12-30,2026-07-25 05:53:12.307858,,Fraud Detection System
ALR00000396,TR00071906,8,Location Mismatch,Under Investigation,2026-05-31 05:21:06,Indira Misra,EMP00000166,,2026-07-25 05:53:12.308916,,Fraud Detection System
ALR00000397,TR00108034,57,Location Mismatch,False Positive,2018-06-23 08:20:39,Pranav Lanka,EMP00000120,2018-06-27,2026-07-25 05:53:12.309979,,Fraud Detection System
ALR00000398,TR00145687,11,Blacklisted Merchant,Resolved,2026-03-03 04:53:12,Yuvraj Handa,EMP00000060,2026-03-14,2026-07-25 05:53:12.310964,,Fraud Detection System
ALR00000399,TR00164307,67,Card Not Present,Under Investigation,2024-11-21 11:11:45,Lakshit Dora,EMP00000159,,2026-07-25 05:53:12.311955,,Fraud Detection System
ALR00000400,TR00116832,42,Blacklisted Merchant,Resolved,2021-09-21 11:06:51,Diya Rattan,EMP00000016,2021-09-29,2026-07-25 05:53:12.312956,,Fraud Detection System
ALR00000401,TR00111111,87,Location Mismatch,Under Investigation,2025-03-30 05:34:01,Ishwar Kamdar,EMP00000185,,2026-07-25 05:53:12.313946,,Fraud Detection System
ALR00000402,TR00053235,52,Unusual Spending Pattern,Resolved,2019-08-26 21:42:25,Kiaan Shetty,EMP00000150,2019-09-14,2026-07-25 05:53:12.314944,,Fraud Detection System
ALR00000403,TR00118868,51,Card Not Present,Under Investigation,2023-05-15 14:00:28,Jyoti Solanki,EMP00000213,,2026-07-25 05:53:12.315948,,Fraud Detection System
ALR00000404,TR00225851,61,Blacklisted Merchant,Resolved,2020-01-13 16:01:52,Ekaja Zachariah,EMP00000158,2020-02-05,2026-07-25 05:53:12.316944,,Fraud Detection System
ALR00000405,TR00200404,55,Card Not Present,False Positive,2026-07-02 12:21:32,Ekaja Zachariah,EMP00000158,2026-07-13,2026-07-25 05:53:12.317943,,Fraud Detection System
ALR00000406,TR00042429,26,Unusual Spending Pattern,Resolved,2025-10-16 02:47:58,Jyoti Solanki,EMP00000213,2025-10-26,2026-07-25 05:53:12.318953,,Fraud Detection System
ALR00000407,TR00021347,42,High Transaction Amount,Under Investigation,2026-01-05 01:01:21,Dipta Sarin,EMP00000122,,2026-07-25 05:53:12.319955,,Fraud Detection System
ALR00000408,TR00129506,2,Multiple Failed Attempts,False Positive,2026-03-16 11:26:25,Ekaja Zachariah,EMP00000158,2026-04-04,2026-07-25 05:53:12.320954,,Fraud Detection System
ALR00000409,TR00159033,36,Unusual Spending Pattern,Open,2018-05-13 20:53:15,,,,2026-07-25 05:53:12.321954,,Fraud Detection System
ALR00000410,TR00084028,59,Unusual Spending Pattern,False Positive,2023-05-02 07:15:24,Anirudh Zacharia,EMP00000180,2023-05-04,2026-07-25 05:53:12.322961,,Fraud Detection System
ALR00000411,TR00205944,38,Unusual Spending Pattern,Resolved,2025-11-15 04:52:51,Chaaya Saran,EMP00000030,2025-11-22,2026-07-25 05:53:12.323958,,Fraud Detection System
ALR00000412,TR00188969,90,Velocity Check Failed,Open,2024-01-24 22:43:48,,,,2026-07-25 05:53:12.324867,,Fraud Detection System
ALR00000413,TR00168896,3,Location Mismatch,Closed,2026-07-02 16:33:39,Alka Dewan,EMP00000020,2026-07-11,2026-07-25 05:53:12.325944,,Fraud Detection System
ALR00000414,TR00056048,51,Card Not Present,Resolved,2013-01-30 13:09:55,Zayyan Bumb,EMP00000179,2013-01-30,2026-07-25 05:53:12.326959,,Fraud Detection System
ALR00000415,TR00049645,56,High Transaction Amount,Resolved,2026-03-21 20:57:51,Kashvi Sarma,EMP00000045,2026-04-08,2026-07-25 05:53:12.327955,,Fraud Detection System
ALR00000416,TR00006192,13,Blacklisted Merchant,Resolved,2025-02-06 04:32:28,Nicholas Goel,EMP00000108,2025-02-18,2026-07-25 05:53:12.328945,,Fraud Detection System
ALR00000417,TR00061103,24,Multiple Failed Attempts,Open,2025-04-20 22:13:07,,,,2026-07-25 05:53:12.328945,,Fraud Detection System
ALR00000418,TR00119336,11,Blacklisted Merchant,Under Investigation,2022-04-10 22:55:38,Lakshit Dora,EMP00000159,,2026-07-25 05:53:12.329945,,Fraud Detection System
ALR00000419,TR00213218,64,Unusual Spending Pattern,Resolved,2026-02-23 00:46:20,Anirudh Zacharia,EMP00000180,2026-03-17,2026-07-25 05:53:12.330964,,Fraud Detection System
ALR00000420,TR00018628,61,Velocity Check Failed,Resolved,2016-05-24 12:29:29,Sudiksha Aggarwal,EMP00000031,2016-06-06,2026-07-25 05:53:12.331945,,Fraud Detection System
ALR00000421,TR00104128,87,Velocity Check Failed,False Positive,2026-01-21 00:02:31,Sudiksha Aggarwal,EMP00000031,2026-02-10,2026-07-25 05:53:12.332960,,Fraud Detection System
ALR00000422,TR00158282,38,Velocity Check Failed,Resolved,2022-04-03 08:06:07,Kiaan Shetty,EMP00000150,2022-04-29,2026-07-25 05:53:12.333957,,Fraud Detection System
ALR00000423,TR00048447,20,Card Not Present,Closed,2017-01-15 14:48:30,Jeremiah Dave,EMP00000041,2017-02-07,2026-07-25 05:53:12.334949,,Fraud Detection System
ALR00000424,TR00174941,66,Unusual Spending Pattern,Resolved,2023-02-20 21:20:28,Aadhya Andra,EMP00000312,2023-02-27,2026-07-25 05:53:12.335943,,Fraud Detection System
ALR00000425,TR00124139,46,Velocity Check Failed,Under Investigation,2017-01-05 19:13:05,Yuvraj Handa,EMP00000060,,2026-07-25 05:53:12.336945,,Fraud Detection System
ALR00000426,TR00060884,51,Velocity Check Failed,False Positive,2025-01-23 00:19:48,Mohini Pathak,EMP00000022,2025-02-01,2026-07-25 05:53:12.337950,,Fraud Detection System
ALR00000427,TR00164686,2,Location Mismatch,Resolved,2014-10-23 17:50:33,Ekansh Keer,EMP00000077,2014-11-06,2026-07-25 05:53:12.339950,,Fraud Detection System
ALR00000428,TR00001512,19,High Transaction Amount,Resolved,2023-11-03 00:32:12,Prisha Andra,EMP00000100,2023-11-13,2026-07-25 05:53:12.340950,,Fraud Detection System
ALR00000429,TR00188917,20,High Transaction Amount,Under Investigation,2022-02-13 05:12:01,Ojas Ray,EMP00000066,,2026-07-25 05:53:12.341860,,Fraud Detection System
ALR00000430,TR00193716,99,Blacklisted Merchant,False Positive,2021-09-16 14:35:42,Nicholas Goel,EMP00000108,2021-09-18,2026-07-25 05:53:12.342956,,Fraud Detection System
ALR00000431,TR00026734,74,High Transaction Amount,Resolved,2024-11-28 21:06:40,Jack Rajan,EMP00000123,2024-12-26,2026-07-25 05:53:12.343952,,Fraud Detection System
ALR00000432,TR00106871,16,Location Mismatch,Open,2021-07-08 06:08:01,,,,2026-07-25 05:53:12.343952,,Fraud Detection System
ALR00000433,TR00044018,19,High Transaction Amount,False Positive,2022-09-24 09:44:14,Zaid Dara,EMP00000149,2022-10-20,2026-07-25 05:53:12.344967,,Fraud Detection System
ALR00000434,TR00239651,93,High Transaction Amount,Resolved,2017-12-12 13:19:15,Gaurang Murty,EMP00000264,2017-12-14,2026-07-25 05:53:12.345963,,Fraud Detection System
ALR00000435,TR00130071,55,Card Not Present,Resolved,2015-06-22 02:33:20,Balendra Pingle,EMP00000102,2015-07-07,2026-07-25 05:53:12.347862,,Fraud Detection System
ALR00000436,TR00012822,69,High Transaction Amount,False Positive,2015-10-14 06:45:01,Kiaan Shetty,EMP00000150,2015-10-16,2026-07-25 05:53:12.348858,,Fraud Detection System
ALR00000437,TR00062164,36,Velocity Check Failed,Resolved,2019-01-31 08:40:08,Divya Kala,EMP00000018,2019-02-02,2026-07-25 05:53:12.349857,,Fraud Detection System
ALR00000438,TR00212844,80,Location Mismatch,Open,2014-03-26 22:49:07,,,,2026-07-25 05:53:12.349857,,Fraud Detection System
ALR00000439,TR00114654,67,High Transaction Amount,False Positive,2015-03-11 09:59:57,Balveer Parmar,EMP00000105,2015-04-08,2026-07-25 05:53:12.350859,,Fraud Detection System
ALR00000440,TR00201861,67,Blacklisted Merchant,False Positive,2021-05-18 20:29:24,Ojas Ray,EMP00000066,2021-06-10,2026-07-25 05:53:12.351863,,Fraud Detection System
ALR00000441,TR00167609,82,High Transaction Amount,Closed,2017-10-17 06:06:42,Indira Misra,EMP00000166,2017-11-10,2026-07-25 05:53:12.352961,,Fraud Detection System
ALR00000442,TR00246981,36,Multiple Failed Attempts,Under Investigation,2024-06-25 07:02:34,Benjamin Morar,EMP00000104,,2026-07-25 05:53:12.353958,,Fraud Detection System
ALR00000443,TR00149647,3,Unusual Spending Pattern,Under Investigation,2025-10-12 02:15:19,Kashvi Sarma,EMP00000045,,2026-07-25 05:53:12.354956,,Fraud Detection System
ALR00000444,TR00237692,94,Blacklisted Merchant,Resolved,2025-03-20 15:57:29,Indira Misra,EMP00000166,2025-04-14,2026-07-25 05:53:12.355952,,Fraud Detection System
ALR00000445,TR00223651,18,Card Not Present,Resolved,2023-07-05 18:19:38,Akshay Lalla,EMP00000335,2023-07-12,2026-07-25 05:53:12.356953,,Fraud Detection System
ALR00000446,TR00154151,30,Blacklisted Merchant,Resolved,2025-12-27 08:30:13,Mohini Pathak,EMP00000022,2025-12-29,2026-07-25 05:53:12.357946,,Fraud Detection System
ALR00000447,TR00180716,5,Velocity Check Failed,Resolved,2018-04-26 09:40:17,Oni Dubey,EMP00000346,2018-05-20,2026-07-25 05:53:12.358873,,Fraud Detection System
ALR00000448,TR00126818,64,Multiple Failed Attempts,Resolved,2025-03-14 02:03:51,Ronith Patla,EMP00000126,2025-03-17,2026-07-25 05:53:12.359912,,Fraud Detection System
ALR00000449,TR00208764,60,Blacklisted Merchant,Resolved,2025-03-02 22:45:10,Benjamin Morar,EMP00000104,2025-03-11,2026-07-25 05:53:12.360967,,Fraud Detection System
ALR00000450,TR00137767,86,Multiple Failed Attempts,Under Investigation,2024-06-03 21:15:20,Ishwar Kamdar,EMP00000185,,2026-07-25 05:53:12.361963,,Fraud Detection System
ALR00000451,TR00224848,80,Unusual Spending Pattern,Under Investigation,2019-11-22 02:42:03,Jagdish Koshy,EMP00000078,,2026-07-25 05:53:12.363956,,Fraud Detection System
ALR00000452,TR00187009,26,Velocity Check Failed,Closed,2023-09-03 08:53:53,Alka Dewan,EMP00000020,2023-09-06,2026-07-25 05:53:12.364943,,Fraud Detection System
ALR00000453,TR00119238,38,Unusual Spending Pattern,Resolved,2011-01-09 02:24:51,Balveer Bumb,EMP00000079,2011-02-06,2026-07-25 05:53:12.365943,,Fraud Detection System
ALR00000454,TR00064551,22,Blacklisted Merchant,Open,2021-12-16 03:03:28,,,,2026-07-25 05:53:12.365943,,Fraud Detection System
ALR00000455,TR00061707,44,Velocity Check Failed,False Positive,2019-04-19 10:44:42,Devansh Rajan,EMP00000026,2019-04-22,2026-07-25 05:53:12.366948,,Fraud Detection System
ALR00000456,TR00160100,23,Multiple Failed Attempts,Open,2025-05-23 18:57:52,,,,2026-07-25 05:53:12.367947,,Fraud Detection System
ALR00000457,TR00192681,3,Multiple Failed Attempts,False Positive,2025-05-23 16:29:55,Devansh Sachdeva,EMP00000161,2025-06-03,2026-07-25 05:53:12.368954,,Fraud Detection System
ALR00000458,TR00130897,18,High Transaction Amount,Closed,2024-04-04 14:45:11,Devansh Sachdeva,EMP00000161,2024-04-23,2026-07-25 05:53:12.369951,,Fraud Detection System
ALR00000459,TR00157540,28,Velocity Check Failed,Under Investigation,2024-12-23 17:27:02,Rudra Sandal,EMP00000245,,2026-07-25 05:53:12.370939,,Fraud Detection System
ALR00000460,TR00068597,46,Multiple Failed Attempts,Open,2023-08-10 04:51:37,,,,2026-07-25 05:53:12.370939,,Fraud Detection System
ALR00000461,TR00019701,30,Blacklisted Merchant,Resolved,2025-09-15 22:19:49,Hritik Kaur,EMP00000338,2025-09-20,2026-07-25 05:53:12.371970,,Fraud Detection System
ALR00000462,TR00071562,61,High Transaction Amount,Resolved,2023-08-29 23:06:19,Nimrat Dubey,EMP00000296,2023-09-25,2026-07-25 05:53:12.372960,,Fraud Detection System
ALR00000463,TR00067884,41,Location Mismatch,Resolved,2025-04-20 17:44:27,Kiaan Shetty,EMP00000150,2025-05-01,2026-07-25 05:53:12.374917,,Fraud Detection System
ALR00000464,TR00080271,39,Location Mismatch,Under Investigation,2020-05-05 05:57:50,Meghana Maharaj,EMP00000320,,2026-07-25 05:53:12.375965,,Fraud Detection System
ALR00000465,TR00135861,72,Velocity Check Failed,Open,2017-05-13 17:37:41,,,,2026-07-25 05:53:12.375965,,Fraud Detection System
ALR00000466,TR00034450,91,Location Mismatch,Resolved,2019-02-10 00:48:17,Devansh Rajan,EMP00000026,2019-03-10,2026-07-25 05:53:12.376942,,Fraud Detection System
ALR00000467,TR00057702,24,Multiple Failed Attempts,False Positive,2023-06-29 23:38:03,Mohini Pathak,EMP00000022,2023-07-27,2026-07-25 05:53:12.377941,,Fraud Detection System
ALR00000468,TR00174397,73,Location Mismatch,Closed,2026-01-18 18:47:03,Jack Rajan,EMP00000123,2026-01-19,2026-07-25 05:53:12.379938,,Fraud Detection System
ALR00000469,TR00177428,45,Multiple Failed Attempts,Resolved,2015-06-25 18:24:27,Jagdish Koshy,EMP00000078,2015-06-28,2026-07-25 05:53:12.380937,,Fraud Detection System
ALR00000470,TR00016515,62,High Transaction Amount,Resolved,2025-01-01 00:06:50,Kiaan Shetty,EMP00000150,2025-01-21,2026-07-25 05:53:12.382943,,Fraud Detection System
ALR00000471,TR00102160,50,Velocity Check Failed,Open,2022-08-01 15:01:54,,,,2026-07-25 05:53:12.382943,,Fraud Detection System
ALR00000472,TR00136383,22,Location Mismatch,Resolved,2020-02-13 20:05:17,Jack Rajan,EMP00000123,2020-03-12,2026-07-25 05:53:12.384962,,Fraud Detection System
ALR00000473,TR00104515,86,Location Mismatch,Resolved,2025-12-03 18:58:37,Vaishnavi Bora,EMP00000143,2025-12-30,2026-07-25 05:53:12.385956,,Fraud Detection System
ALR00000474,TR00051582,24,Card Not Present,False Positive,2024-10-18 05:32:36,Nakul Bhandari,EMP00000075,2024-11-12,2026-07-25 05:53:12.386945,,Fraud Detection System
ALR00000475,TR00105565,77,Multiple Failed Attempts,Closed,2026-06-28 04:36:09,Vaishnavi Bora,EMP00000143,2026-07-13,2026-07-25 05:53:12.387948,,Fraud Detection System
ALR00000476,TR00226679,42,Unusual Spending Pattern,Under Investigation,2014-12-09 05:26:31,Zaid Dara,EMP00000149,,2026-07-25 05:53:12.389966,,Fraud Detection System
ALR00000477,TR00146814,60,Unusual Spending Pattern,Resolved,2020-02-17 05:09:21,Anirudh Zacharia,EMP00000180,2020-02-29,2026-07-25 05:53:12.390967,,Fraud Detection System
ALR00000478,TR00174771,53,Location Mismatch,Under Investigation,2022-05-11 04:00:26,Nakul Sarma,EMP00000089,,2026-07-25 05:53:12.391870,,Fraud Detection System
ALR00000479,TR00215106,44,Multiple Failed Attempts,Closed,2025-06-25 12:53:51,Jack Rajan,EMP00000123,2025-07-04,2026-07-25 05:53:12.392911,,Fraud Detection System
ALR00000480,TR00192623,65,Multiple Failed Attempts,Resolved,2026-02-20 06:49:33,Rudra Sandal,EMP00000245,2026-03-07,2026-07-25 05:53:12.393958,,Fraud Detection System
ALR00000481,TR00095553,68,Blacklisted Merchant,False Positive,2023-05-25 23:18:18,Lakshit Upadhyay,EMP00000023,2023-06-05,2026-07-25 05:53:12.394965,,Fraud Detection System
ALR00000482,TR00001587,94,Multiple Failed Attempts,Closed,2024-03-16 10:35:32,Lakshit Dora,EMP00000159,2024-03-28,2026-07-25 05:53:12.395966,,Fraud Detection System
ALR00000483,TR00087993,80,High Transaction Amount,Resolved,2025-12-21 05:22:01,Nakul Sarma,EMP00000089,2026-01-09,2026-07-25 05:53:12.396938,,Fraud Detection System
ALR00000484,TR00189587,20,Card Not Present,Resolved,2022-08-12 16:20:45,Ekansh Keer,EMP00000077,2022-08-18,2026-07-25 05:53:12.397947,,Fraud Detection System
ALR00000485,TR00214202,20,Velocity Check Failed,False Positive,2020-12-05 20:04:41,Chandresh Sood,EMP00000074,2020-12-19,2026-07-25 05:53:12.398957,,Fraud Detection System
ALR00000486,TR00238548,69,Card Not Present,Closed,2021-03-27 22:18:09,Banjeet Balasubramanian,EMP00000182,2021-04-18,2026-07-25 05:53:12.400945,,Fraud Detection System
ALR00000487,TR00105274,44,Card Not Present,False Positive,2017-06-25 21:16:09,Oni Dubey,EMP00000346,2017-07-10,2026-07-25 05:53:12.401387,,Fraud Detection System
ALR00000488,TR00188039,39,Blacklisted Merchant,Under Investigation,2022-09-19 11:25:39,Pranav Lanka,EMP00000120,,2026-07-25 05:53:12.402516,,Fraud Detection System
ALR00000489,TR00137295,59,Multiple Failed Attempts,Under Investigation,2020-01-02 21:48:49,Anirudh Zacharia,EMP00000180,,2026-07-25 05:53:12.403523,,Fraud Detection System
ALR00000490,TR00151666,30,Multiple Failed Attempts,Under Investigation,2022-12-15 00:26:16,Indira Misra,EMP00000166,,2026-07-25 05:53:12.404517,,Fraud Detection System
ALR00000491,TR00054964,60,Location Mismatch,Resolved,2026-05-18 13:20:54,Kashvi Sarma,EMP00000045,2026-05-21,2026-07-25 05:53:12.405510,,Fraud Detection System
ALR00000492,TR00054661,44,Multiple Failed Attempts,Under Investigation,2024-05-03 21:01:13,Mohini Pathak,EMP00000022,,2026-07-25 05:53:12.406510,,Fraud Detection System
ALR00000493,TR00109425,40,Location Mismatch,Under Investigation,2019-04-23 07:17:48,Chaaya Saran,EMP00000030,,2026-07-25 05:53:12.407524,,Fraud Detection System
ALR00000494,TR00007276,46,Card Not Present,Closed,2026-05-22 03:26:07,Zayan Behl,EMP00000096,2026-05-22,2026-07-25 05:53:12.408526,,Fraud Detection System
ALR00000495,TR00084257,84,Card Not Present,Under Investigation,2025-08-24 11:33:07,Onveer Walla,EMP00000012,,2026-07-25 05:53:12.409512,,Fraud Detection System
ALR00000496,TR00170505,29,Multiple Failed Attempts,Resolved,2014-12-15 11:19:25,Mohini Pathak,EMP00000022,2015-01-06,2026-07-25 05:53:12.410515,,Fraud Detection System
ALR00000497,TR00101408,24,Unusual Spending Pattern,Resolved,2019-07-01 11:34:14,Jack Rajan,EMP00000123,2019-07-28,2026-07-25 05:53:12.411551,,Fraud Detection System
ALR00000498,TR00041411,88,Blacklisted Merchant,Under Investigation,2026-06-04 00:53:21,Onveer Walla,EMP00000012,,2026-07-25 05:53:12.412516,,Fraud Detection System
ALR00000499,TR00117441,95,High Transaction Amount,Resolved,2023-06-15 01:14:42,Ojas Ray,EMP00000066,2023-06-19,2026-07-25 05:53:12.413522,,Fraud Detection System
ALR00000500,TR00031884,68,High Transaction Amount,Resolved,2023-11-14 21:54:52,Banjeet Balasubramanian,EMP00000182,2023-11-17,2026-07-25 05:53:12.414520,,Fraud Detection System
ALR00000501,TR00156429,52,Unusual Spending Pattern,False Positive,2023-02-19 02:14:39,Kiaan Shetty,EMP00000150,2023-03-17,2026-07-25 05:53:12.415524,,Fraud Detection System
ALR00000502,TR00006765,60,High Transaction Amount,Open,2025-01-19 19:41:08,,,,2026-07-25 05:53:12.416531,,Fraud Detection System
ALR00000503,TR00098881,19,Card Not Present,Under Investigation,2026-04-03 23:12:20,Lakshit Dora,EMP00000159,,2026-07-25 05:53:12.417529,,Fraud Detection System
ALR00000504,TR00141704,18,Blacklisted Merchant,False Positive,2021-07-25 21:33:46,Balendra Pingle,EMP00000102,2021-08-04,2026-07-25 05:53:12.418528,,Fraud Detection System
ALR00000505,TR00006786,44,Velocity Check Failed,Closed,2021-09-01 03:01:44,Zayyan Bumb,EMP00000179,2021-09-25,2026-07-25 05:53:12.419523,,Fraud Detection System
ALR00000506,TR00161325,32,High Transaction Amount,False Positive,2025-10-30 01:19:12,Prisha Andra,EMP00000100,2025-11-11,2026-07-25 05:53:12.420521,,Fraud Detection System
ALR00000507,TR00033790,92,Blacklisted Merchant,Under Investigation,2014-09-11 05:15:49,Jyoti Solanki,EMP00000213,,2026-07-25 05:53:12.421529,,Fraud Detection System
ALR00000508,TR00115962,1,Multiple Failed Attempts,Open,2024-10-24 12:59:58,,,,2026-07-25 05:53:12.421529,,Fraud Detection System
ALR00000509,TR00012826,46,Velocity Check Failed,Resolved,2019-09-12 13:48:38,Zaid Dara,EMP00000149,2019-09-18,2026-07-25 05:53:12.422516,,Fraud Detection System
ALR00000510,TR00095243,69,Unusual Spending Pattern,Open,2014-04-01 01:26:20,,,,2026-07-25 05:53:12.423518,,Fraud Detection System
ALR00000511,TR00052802,42,High Transaction Amount,False Positive,2025-12-30 09:09:24,Aditya Shanker,EMP00000084,2026-01-15,2026-07-25 05:53:12.424531,,Fraud Detection System
ALR00000512,TR00082030,33,Unusual Spending Pattern,Resolved,2026-02-20 11:35:12,Kiaan Shetty,EMP00000150,2026-02-23,2026-07-25 05:53:12.425525,,Fraud Detection System
ALR00000513,TR00191524,89,Multiple Failed Attempts,Resolved,2015-10-01 19:37:28,Nakul Bhandari,EMP00000075,2015-10-12,2026-07-25 05:53:12.426515,,Fraud Detection System
ALR00000514,TR00095250,10,Location Mismatch,Resolved,2026-02-19 00:15:06,Aadhya Andra,EMP00000312,2026-03-08,2026-07-25 05:53:12.427527,,Fraud Detection System
ALR00000515,TR00189174,75,Card Not Present,Resolved,2019-01-01 19:17:52,Zayan Behl,EMP00000096,2019-01-14,2026-07-25 05:53:12.428519,,Fraud Detection System
ALR00000516,TR00209118,53,Location Mismatch,Open,2026-07-09 06:59:42,,,,2026-07-25 05:53:12.429519,,Fraud Detection System
ALR00000517,TR00062956,79,Unusual Spending Pattern,Under Investigation,2015-10-23 06:08:20,Chandresh Sood,EMP00000074,,2026-07-25 05:53:12.430515,,Fraud Detection System
ALR00000518,TR00020668,12,High Transaction Amount,Under Investigation,2017-07-12 15:15:36,Yagnesh Shan,EMP00000279,,2026-07-25 05:53:12.431528,,Fraud Detection System
ALR00000519,TR00004895,31,Card Not Present,Resolved,2018-07-11 03:15:55,Aahana Pillay,EMP00000186,2018-07-18,2026-07-25 05:53:12.432527,,Fraud Detection System
ALR00000520,TR00135687,31,Multiple Failed Attempts,Resolved,2024-12-06 07:46:11,Balendra Pingle,EMP00000102,2024-12-27,2026-07-25 05:53:12.433512,,Fraud Detection System
ALR00000521,TR00249981,53,Velocity Check Failed,Under Investigation,2022-09-20 08:58:25,Gaurang Murty,EMP00000264,,2026-07-25 05:53:12.434515,,Fraud Detection System
ALR00000522,TR00087533,35,Location Mismatch,Open,2023-03-31 12:27:19,,,,2026-07-25 05:53:12.434515,,Fraud Detection System
ALR00000523,TR00163274,76,High Transaction Amount,Resolved,2025-12-30 15:24:07,Divya Kala,EMP00000018,2026-01-25,2026-07-25 05:53:12.436516,,Fraud Detection System
ALR00000524,TR00196798,41,Multiple Failed Attempts,Under Investigation,2023-04-17 12:19:13,Lajita Seshadri,EMP00000235,,2026-07-25 05:53:12.437540,,Fraud Detection System
ALR00000525,TR00163631,59,Location Mismatch,False Positive,2026-03-07 22:41:59,Balveer Bumb,EMP00000079,2026-03-21,2026-07-25 05:53:12.438516,,Fraud Detection System
ALR00000526,TR00189779,26,Multiple Failed Attempts,Under Investigation,2022-02-04 06:15:41,Meghana Maharaj,EMP00000320,,2026-07-25 05:53:12.439511,,Fraud Detection System
ALR00000527,TR00237604,62,Unusual Spending Pattern,Under Investigation,2026-07-20 21:19:36,Prisha Andra,EMP00000100,,2026-07-25 05:53:12.440509,,Fraud Detection System
ALR00000528,TR00049718,54,Unusual Spending Pattern,Resolved,2021-10-06 04:49:08,Adweta Edwin,EMP00000099,2021-11-04,2026-07-25 05:53:12.441436,,Fraud Detection System
ALR00000529,TR00005176,19,Location Mismatch,Resolved,2019-09-10 15:24:00,Nakul Bhandari,EMP00000075,2019-10-05,2026-07-25 05:53:12.442509,,Fraud Detection System
ALR00000530,TR00038026,94,Velocity Check Failed,Resolved,2022-08-31 15:10:30,Jack Rajan,EMP00000123,2022-08-31,2026-07-25 05:53:12.443512,,Fraud Detection System
ALR00000531,TR00031562,8,High Transaction Amount,False Positive,2024-12-02 18:38:21,Zaid Dara,EMP00000149,2024-12-28,2026-07-25 05:53:12.444514,,Fraud Detection System
ALR00000532,TR00168104,26,Blacklisted Merchant,Resolved,2019-06-20 22:21:27,Riya Pai,EMP00000314,2019-07-04,2026-07-25 05:53:12.445523,,Fraud Detection System
ALR00000533,TR00141619,43,Blacklisted Merchant,Under Investigation,2020-05-18 11:18:15,Nimrat Dubey,EMP00000296,,2026-07-25 05:53:12.446526,,Fraud Detection System
ALR00000534,TR00054340,42,Velocity Check Failed,Resolved,2012-05-13 04:46:18,Gaurang Murty,EMP00000264,2012-05-18,2026-07-25 05:53:12.447517,,Fraud Detection System
ALR00000535,TR00175660,92,Location Mismatch,Resolved,2020-02-05 07:06:12,Mohini Pathak,EMP00000022,2020-02-11,2026-07-25 05:53:12.448519,,Fraud Detection System
ALR00000536,TR00192979,33,Blacklisted Merchant,Resolved,2025-07-04 08:26:54,Aadhya Andra,EMP00000312,2025-07-16,2026-07-25 05:53:12.449524,,Fraud Detection System
ALR00000537,TR00042034,89,Blacklisted Merchant,Closed,2025-10-08 10:05:47,Nakul Bhandari,EMP00000075,2025-10-13,2026-07-25 05:53:12.450529,,Fraud Detection System
ALR00000538,TR00152795,55,Card Not Present,Resolved,2026-06-28 17:41:06,Devansh Sachdeva,EMP00000161,2026-07-03,2026-07-25 05:53:12.451529,,Fraud Detection System
ALR00000539,TR00188145,18,Multiple Failed Attempts,Under Investigation,2023-08-23 03:54:04,Nilima Nath,EMP00000260,,2026-07-25 05:53:12.452523,,Fraud Detection System
ALR00000540,TR00028813,65,High Transaction Amount,Open,2025-04-28 19:09:07,,,,2026-07-25 05:53:12.452523,,Fraud Detection System
ALR00000541,TR00206196,83,Velocity Check Failed,Resolved,2025-09-02 03:14:48,Ojas Ray,EMP00000066,2025-09-28,2026-07-25 05:53:12.453517,,Fraud Detection System
ALR00000542,TR00241417,60,Multiple Failed Attempts,Open,2023-12-12 10:18:46,,,,2026-07-25 05:53:12.454511,,Fraud Detection System
ALR00000543,TR00027184,48,Card Not Present,Open,2022-11-05 11:34:47,,,,2026-07-25 05:53:12.455515,,Fraud Detection System
ALR00000544,TR00006478,50,Card Not Present,Open,2023-11-01 07:55:09,,,,2026-07-25 05:53:12.455515,,Fraud Detection System
ALR00000545,TR00078265,25,Unusual Spending Pattern,Open,2026-03-18 20:20:33,,,,2026-07-25 05:53:12.456528,,Fraud Detection System
ALR00000546,TR00170104,76,Location Mismatch,Resolved,2026-07-05 00:35:37,Indira Misra,EMP00000166,2026-07-08,2026-07-25 05:53:12.457518,,Fraud Detection System
ALR00000547,TR00239713,69,Velocity Check Failed,False Positive,2019-03-11 19:45:46,Nicholas Goel,EMP00000108,2019-03-24,2026-07-25 05:53:12.458506,,Fraud Detection System
ALR00000548,TR00099467,9,Unusual Spending Pattern,False Positive,2015-11-01 15:10:26,Kiaan Shetty,EMP00000150,2015-11-14,2026-07-25 05:53:12.459513,,Fraud Detection System
ALR00000549,TR00179558,50,Velocity Check Failed,Resolved,2019-06-26 01:03:03,Diya Rattan,EMP00000016,2019-07-25,2026-07-25 05:53:12.460528,,Fraud Detection System
ALR00000550,TR00019343,71,Card Not Present,False Positive,2020-04-25 18:18:38,Riya Pai,EMP00000314,2020-05-05,2026-07-25 05:53:12.461526,,Fraud Detection System
ALR00000551,TR00173515,50,Blacklisted Merchant,Resolved,2026-07-12 22:23:51,Yagnesh Shan,EMP00000279,2026-07-20,2026-07-25 05:53:12.462520,,Fraud Detection System
ALR00000552,TR00157639,50,Card Not Present,Resolved,2013-11-25 03:27:29,Vaishnavi Bora,EMP00000143,2013-12-04,2026-07-25 05:53:12.463517,,Fraud Detection System
ALR00000553,TR00025591,9,Location Mismatch,Closed,2024-02-14 09:40:56,Lajita Seshadri,EMP00000235,2024-02-26,2026-07-25 05:53:12.464528,,Fraud Detection System
ALR00000554,TR00194323,90,Blacklisted Merchant,False Positive,2020-11-23 22:36:37,Indira Misra,EMP00000166,2020-12-17,2026-07-25 05:53:12.465527,,Fraud Detection System
ALR00000555,TR00213344,45,Blacklisted Merchant,False Positive,2025-06-02 16:02:40,Yuvraj Handa,EMP00000060,2025-06-25,2026-07-25 05:53:12.466525,,Fraud Detection System
ALR00000556,TR00150890,92,Card Not Present,Open,2019-01-22 22:46:45,,,,2026-07-25 05:53:12.467530,,Fraud Detection System
ALR00000557,TR00030272,5,Velocity Check Failed,Under Investigation,2023-05-22 01:27:10,Jyoti Solanki,EMP00000213,,2026-07-25 05:53:12.468521,,Fraud Detection System
ALR00000558,TR00246037,49,Multiple Failed Attempts,False Positive,2021-06-14 22:38:18,Veer Bir,EMP00000050,2021-06-26,2026-07-25 05:53:12.469528,,Fraud Detection System
ALR00000559,TR00197163,2,Card Not Present,Resolved,2021-02-22 03:20:28,Oni Dubey,EMP00000346,2021-02-24,2026-07-25 05:53:12.470520,,Fraud Detection System
ALR00000560,TR00086825,40,Card Not Present,Under Investigation,2019-01-05 01:43:49,Riya Pai,EMP00000314,,2026-07-25 05:53:12.471516,,Fraud Detection System
ALR00000561,TR00107637,21,Velocity Check Failed,Resolved,2016-09-23 20:55:43,Nilima Nath,EMP00000260,2016-09-27,2026-07-25 05:53:12.472516,,Fraud Detection System
ALR00000562,TR00092795,20,Multiple Failed Attempts,Resolved,2024-11-30 13:00:51,Sudiksha Aggarwal,EMP00000031,2024-12-20,2026-07-25 05:53:12.473523,,Fraud Detection System
ALR00000563,TR00127074,100,Blacklisted Merchant,False Positive,2015-03-30 15:12:55,Aadhya Andra,EMP00000312,2015-04-12,2026-07-25 05:53:12.476432,,Fraud Detection System
ALR00000564,TR00085290,2,Velocity Check Failed,Resolved,2025-03-17 03:25:36,Balveer Parmar,EMP00000105,2025-03-19,2026-07-25 05:53:12.477431,,Fraud Detection System
ALR00000565,TR00213186,40,Location Mismatch,Resolved,2012-01-01 09:26:46,Veer Bir,EMP00000050,2012-01-01,2026-07-25 05:53:12.479431,,Fraud Detection System
ALR00000566,TR00206906,97,High Transaction Amount,Closed,2023-05-30 17:02:02,Veer Bir,EMP00000050,2023-06-15,2026-07-25 05:53:12.480431,,Fraud Detection System
ALR00000567,TR00026474,33,Card Not Present,Under Investigation,2015-07-08 07:38:33,Yagnesh Shan,EMP00000279,,2026-07-25 05:53:12.481431,,Fraud Detection System
ALR00000568,TR00240441,19,Unusual Spending Pattern,Resolved,2020-04-28 02:01:55,Ekansh Keer,EMP00000077,2020-05-04,2026-07-25 05:53:12.482430,,Fraud Detection System
ALR00000569,TR00159605,18,Location Mismatch,False Positive,2018-11-26 15:25:12,Akshay Lalla,EMP00000335,2018-12-08,2026-07-25 05:53:12.483429,,Fraud Detection System
ALR00000570,TR00208305,43,Location Mismatch,Resolved,2025-12-31 00:43:50,Yuvraj Handa,EMP00000060,2026-01-07,2026-07-25 05:53:12.484431,,Fraud Detection System
ALR00000571,TR00177682,39,Blacklisted Merchant,Open,2025-10-21 20:56:57,,,,2026-07-25 05:53:12.485430,,Fraud Detection System
ALR00000572,TR00109338,57,Location Mismatch,Resolved,2024-07-08 00:46:58,Ojas Ray,EMP00000066,2024-07-29,2026-07-25 05:53:12.486429,,Fraud Detection System
ALR00000573,TR00184465,88,Multiple Failed Attempts,Under Investigation,2021-08-22 06:05:43,Dipta Sarin,EMP00000122,,2026-07-25 05:53:12.487429,,Fraud Detection System
ALR00000574,TR00241641,50,Blacklisted Merchant,Under Investigation,2026-06-08 20:41:51,Lajita Seshadri,EMP00000235,,2026-07-25 05:53:12.488429,,Fraud Detection System
ALR00000575,TR00067475,3,High Transaction Amount,Resolved,2026-01-02 21:32:47,Nakul Sarma,EMP00000089,2026-01-28,2026-07-25 05:53:12.489429,,Fraud Detection System
ALR00000576,TR00203579,45,Unusual Spending Pattern,Resolved,2026-03-23 03:15:49,Prisha Andra,EMP00000100,2026-04-12,2026-07-25 05:53:12.490429,,Fraud Detection System
ALR00000577,TR00135373,62,Unusual Spending Pattern,Resolved,2025-06-28 02:44:07,Pranav Lanka,EMP00000120,2025-07-25,2026-07-25 05:53:12.491430,,Fraud Detection System
ALR00000578,TR00121374,12,Unusual Spending Pattern,Resolved,2020-05-08 01:53:46,Ishwar Kamdar,EMP00000185,2020-05-08,2026-07-25 05:53:12.492430,,Fraud Detection System
ALR00000579,TR00109359,69,Card Not Present,False Positive,2026-03-30 14:35:48,Zayan Behl,EMP00000096,2026-04-04,2026-07-25 05:53:12.493431,,Fraud Detection System
ALR00000580,TR00183846,29,High Transaction Amount,False Positive,2024-07-06 08:36:18,Chandresh Sood,EMP00000074,2024-07-09,2026-07-25 05:53:12.494429,,Fraud Detection System
ALR00000581,TR00067025,64,Velocity Check Failed,Resolved,2013-05-16 14:05:47,Divya Kala,EMP00000018,2013-05-23,2026-07-25 05:53:12.495432,,Fraud Detection System
ALR00000582,TR00213727,39,Location Mismatch,Resolved,2017-04-19 00:39:52,Lakshit Upadhyay,EMP00000023,2017-05-15,2026-07-25 05:53:12.496429,,Fraud Detection System
ALR00000583,TR00208799,21,Card Not Present,Closed,2023-05-31 08:19:24,Benjamin Morar,EMP00000104,2023-06-01,2026-07-25 05:53:12.497429,,Fraud Detection System
ALR00000584,TR00021882,40,High Transaction Amount,False Positive,2024-03-08 04:37:27,Lajita Seshadri,EMP00000235,2024-03-25,2026-07-25 05:53:12.498430,,Fraud Detection System
ALR00000585,TR00221309,67,Multiple Failed Attempts,Resolved,2026-01-09 10:49:04,Nicholas Goel,EMP00000108,2026-02-06,2026-07-25 05:53:12.499430,,Fraud Detection System
ALR00000586,TR00060861,44,Blacklisted Merchant,Under Investigation,2013-04-23 23:18:21,Akshay Lalla,EMP00000335,,2026-07-25 05:53:12.500716,,Fraud Detection System
ALR00000587,TR00116754,43,Location Mismatch,Open,2021-02-08 11:14:33,,,,2026-07-25 05:53:12.500716,,Fraud Detection System
ALR00000588,TR00153581,87,Velocity Check Failed,Resolved,2025-05-31 05:56:10,Adweta Edwin,EMP00000099,2025-06-26,2026-07-25 05:53:12.501844,,Fraud Detection System
ALR00000589,TR00095208,15,Blacklisted Merchant,Resolved,2026-01-29 11:34:11,Devansh Rajan,EMP00000026,2026-02-05,2026-07-25 05:53:12.502843,,Fraud Detection System
ALR00000590,TR00007220,21,Multiple Failed Attempts,Under Investigation,2026-05-18 23:04:11,Zaid Dara,EMP00000149,,2026-07-25 05:53:12.503836,,Fraud Detection System
ALR00000591,TR00213524,53,Blacklisted Merchant,False Positive,2022-03-14 19:07:17,Devansh Sachdeva,EMP00000161,2022-04-03,2026-07-25 05:53:12.505836,,Fraud Detection System
ALR00000592,TR00045490,45,Unusual Spending Pattern,False Positive,2022-09-09 11:17:40,Zayan Behl,EMP00000096,2022-09-15,2026-07-25 05:53:12.506837,,Fraud Detection System
ALR00000593,TR00052889,88,Card Not Present,Resolved,2024-11-01 14:51:44,Indira Misra,EMP00000166,2024-11-03,2026-07-25 05:53:12.507851,,Fraud Detection System
ALR00000594,TR00200944,50,Blacklisted Merchant,Resolved,2024-11-24 17:59:12,Aadhya Andra,EMP00000312,2024-12-08,2026-07-25 05:53:12.508747,,Fraud Detection System
ALR00000595,TR00085161,25,High Transaction Amount,Open,2024-06-13 07:42:22,,,,2026-07-25 05:53:12.508747,,Fraud Detection System
ALR00000596,TR00220990,94,Card Not Present,Resolved,2025-11-05 16:42:26,Anirudh Zacharia,EMP00000180,2025-11-22,2026-07-25 05:53:12.509837,,Fraud Detection System
ALR00000597,TR00176088,41,High Transaction Amount,Resolved,2021-02-15 13:35:37,Nimrat Dubey,EMP00000296,2021-02-16,2026-07-25 05:53:12.510843,,Fraud Detection System
ALR00000598,TR00069005,98,Card Not Present,Under Investigation,2014-09-26 20:36:23,Nakul Bhandari,EMP00000075,,2026-07-25 05:53:12.511846,,Fraud Detection System
ALR00000599,TR00002684,91,Multiple Failed Attempts,Resolved,2008-05-09 09:21:28,Akshay Lalla,EMP00000335,2008-05-26,2026-07-25 05:53:12.512838,,Fraud Detection System
ALR00000600,TR00237209,36,Velocity Check Failed,Resolved,2014-08-07 02:42:49,Dipta Sarin,EMP00000122,2014-08-17,2026-07-25 05:53:12.513841,,Fraud Detection System
ALR00000601,TR00021565,79,Blacklisted Merchant,Under Investigation,2025-12-16 20:39:14,Jeremiah Dave,EMP00000041,,2026-07-25 05:53:12.514842,,Fraud Detection System
ALR00000602,TR00180950,27,Unusual Spending Pattern,False Positive,2022-05-24 23:19:06,Balveer Parmar,EMP00000105,2022-06-05,2026-07-25 05:53:12.515837,,Fraud Detection System
ALR00000603,TR00122689,88,High Transaction Amount,Closed,2023-11-11 10:25:06,Zaid Dara,EMP00000149,2023-11-15,2026-07-25 05:53:12.516842,,Fraud Detection System
ALR00000604,TR00190720,44,Card Not Present,Resolved,2021-02-02 20:20:32,Balveer Parmar,EMP00000105,2021-02-19,2026-07-25 05:53:12.517836,,Fraud Detection System
ALR00000605,TR00173515,100,High Transaction Amount,Under Investigation,2026-07-12 21:33:51,Nakul Bhandari,EMP00000075,,2026-07-25 05:53:12.518851,,Fraud Detection System
ALR00000606,TR00162124,81,High Transaction Amount,Open,2025-07-18 08:08:34,,,,2026-07-25 05:53:12.519849,,Fraud Detection System
ALR00000607,TR00123253,27,Unusual Spending Pattern,False Positive,2023-06-06 21:04:03,Zaid Dara,EMP00000149,2023-07-03,2026-07-25 05:53:12.520835,,Fraud Detection System
ALR00000608,TR00199700,24,Velocity Check Failed,Resolved,2026-02-15 19:36:30,Dipta Sarin,EMP00000122,2026-03-06,2026-07-25 05:53:12.521845,,Fraud Detection System
ALR00000609,TR00023370,11,Velocity Check Failed,Resolved,2022-07-07 10:27:34,Sudiksha Aggarwal,EMP00000031,2022-07-14,2026-07-25 05:53:12.522846,,Fraud Detection System
ALR00000610,TR00055241,23,Card Not Present,Open,2022-07-18 15:05:46,,,,2026-07-25 05:53:12.523847,,Fraud Detection System
ALR00000611,TR00173831,91,Multiple Failed Attempts,Resolved,2026-07-02 10:10:40,Aditya Shanker,EMP00000084,2026-07-24,2026-07-25 05:53:12.524863,,Fraud Detection System
ALR00000612,TR00076764,44,Unusual Spending Pattern,Open,2025-09-23 06:43:05,,,,2026-07-25 05:53:12.524863,,Fraud Detection System
ALR00000613,TR00146131,44,High Transaction Amount,False Positive,2016-09-28 01:26:52,Prisha Andra,EMP00000100,2016-10-09,2026-07-25 05:53:12.525881,,Fraud Detection System
ALR00000614,TR00118889,54,Card Not Present,Open,2019-05-10 09:57:26,,,,2026-07-25 05:53:12.526867,,Fraud Detection System
ALR00000615,TR00133351,45,Velocity Check Failed,Resolved,2023-09-19 18:20:51,Aadhya Andra,EMP00000312,2023-09-26,2026-07-25 05:53:12.527837,,Fraud Detection System
ALR00000616,TR00106960,82,Location Mismatch,Resolved,2021-08-09 11:18:00,Nicholas Goel,EMP00000108,2021-08-17,2026-07-25 05:53:12.528834,,Fraud Detection System
ALR00000617,TR00187651,58,Velocity Check Failed,Under Investigation,2018-08-19 09:50:34,Lakshit Upadhyay,EMP00000023,,2026-07-25 05:53:12.529834,,Fraud Detection System
ALR00000618,TR00082945,48,Velocity Check Failed,False Positive,2026-07-19 06:43:40,Jyoti Solanki,EMP00000213,2026-07-24,2026-07-25 05:53:12.530846,,Fraud Detection System
ALR00000619,TR00176531,2,Blacklisted Merchant,Closed,2025-03-29 01:45:05,Benjamin Morar,EMP00000104,2025-04-18,2026-07-25 05:53:12.531842,,Fraud Detection System
ALR00000620,TR00067659,30,Unusual Spending Pattern,Resolved,2020-11-07 16:00:17,Divya Kala,EMP00000018,2020-11-08,2026-07-25 05:53:12.532841,,Fraud Detection System
ALR00000621,TR00062782,67,Card Not Present,Open,2025-09-26 03:19:04,,,,2026-07-25 05:53:12.533847,,Fraud Detection System
ALR00000622,TR00030164,56,Blacklisted Merchant,False Positive,2025-10-08 12:01:33,Aadhya Andra,EMP00000312,2025-10-16,2026-07-25 05:53:12.534840,,Fraud Detection System
ALR00000623,TR00047988,61,Unusual Spending Pattern,Open,2020-08-14 07:24:06,,,,2026-07-25 05:53:12.534840,,Fraud Detection System
ALR00000624,TR00029925,58,Location Mismatch,Open,2018-06-06 13:18:12,,,,2026-07-25 05:53:12.535849,,Fraud Detection System
ALR00000625,TR00134685,0,Velocity Check Failed,Resolved,2025-04-04 08:31:07,Hritik Kaur,EMP00000338,2025-04-20,2026-07-25 05:53:12.536851,,Fraud Detection System
ALR00000626,TR00191815,63,Location Mismatch,Resolved,2023-09-21 14:28:31,Kiaan Shetty,EMP00000150,2023-10-10,2026-07-25 05:53:12.537844,,Fraud Detection System
ALR00000627,TR00046213,10,High Transaction Amount,Resolved,2023-07-22 17:31:02,Kiaan Shetty,EMP00000150,2023-08-03,2026-07-25 05:53:12.538841,,Fraud Detection System
ALR00000628,TR00053884,63,Card Not Present,Resolved,2019-09-09 20:44:34,Yuvraj Handa,EMP00000060,2019-09-21,2026-07-25 05:53:12.539849,,Fraud Detection System
ALR00000629,TR00121515,58,Multiple Failed Attempts,Resolved,2023-07-11 17:33:00,Yagnesh Shan,EMP00000279,2023-07-18,2026-07-25 05:53:12.540847,,Fraud Detection System
ALR00000630,TR00182105,95,Unusual Spending Pattern,Resolved,2020-08-08 16:40:01,Nakul Bhandari,EMP00000075,2020-08-13,2026-07-25 05:53:12.541778,,Fraud Detection System
ALR00000631,TR00244515,44,Blacklisted Merchant,Resolved,2021-11-13 20:32:28,Zaid Dara,EMP00000149,2021-12-01,2026-07-25 05:53:12.542834,,Fraud Detection System
ALR00000632,TR00131689,8,Blacklisted Merchant,Open,2025-05-26 12:03:12,,,,2026-07-25 05:53:12.543836,,Fraud Detection System
ALR00000633,TR00070867,7,Blacklisted Merchant,Under Investigation,2014-11-03 18:51:15,Balendra Pingle,EMP00000102,,2026-07-25 05:53:12.544831,,Fraud Detection System
ALR00000634,TR00025255,61,Velocity Check Failed,Under Investigation,2026-01-18 14:24:48,Divya Kala,EMP00000018,,2026-07-25 05:53:12.545837,,Fraud Detection System
ALR00000635,TR00048355,15,Velocity Check Failed,Resolved,2018-07-30 22:24:19,Nicholas Goel,EMP00000108,2018-07-31,2026-07-25 05:53:12.546834,,Fraud Detection System
ALR00000636,TR00056733,80,High Transaction Amount,Under Investigation,2014-10-26 00:27:30,Balendra Pingle,EMP00000102,,2026-07-25 05:53:12.547856,,Fraud Detection System
ALR00000637,TR00044890,74,Card Not Present,Closed,2026-05-20 22:29:48,Lakshit Dora,EMP00000159,2026-06-11,2026-07-25 05:53:12.548854,,Fraud Detection System
ALR00000638,TR00003672,77,Unusual Spending Pattern,Resolved,2024-04-22 18:57:44,Chaaya Saran,EMP00000030,2024-05-02,2026-07-25 05:53:12.549848,,Fraud Detection System
ALR00000639,TR00134257,36,Unusual Spending Pattern,Resolved,2018-02-03 00:45:10,Veer Bir,EMP00000050,2018-02-12,2026-07-25 05:53:12.550834,,Fraud Detection System
ALR00000640,TR00068541,64,Card Not Present,False Positive,2025-12-10 11:57:49,Lakshit Upadhyay,EMP00000023,2026-01-01,2026-07-25 05:53:12.551846,,Fraud Detection System
ALR00000641,TR00243865,55,Location Mismatch,Open,2025-11-25 20:02:08,,,,2026-07-25 05:53:12.551846,,Fraud Detection System
ALR00000642,TR00139074,77,Velocity Check Failed,Resolved,2025-12-10 23:48:45,Frederick Khurana,EMP00000208,2025-12-26,2026-07-25 05:53:12.553858,,Fraud Detection System
ALR00000643,TR00175218,44,Blacklisted Merchant,Resolved,2021-04-14 21:02:54,Balveer Parmar,EMP00000105,2021-04-28,2026-07-25 05:53:12.554830,,Fraud Detection System
ALR00000644,TR00031569,28,Velocity Check Failed,False Positive,2024-06-23 15:03:07,Sudiksha Aggarwal,EMP00000031,2024-07-04,2026-07-25 05:53:12.555829,,Fraud Detection System
ALR00000645,TR00218109,41,High Transaction Amount,Resolved,2023-12-20 06:17:31,Sudiksha Aggarwal,EMP00000031,2023-12-30,2026-07-25 05:53:12.556846,,Fraud Detection System
ALR00000646,TR00123266,27,Blacklisted Merchant,Closed,2023-12-29 22:39:59,Rudra Sandal,EMP00000245,2023-12-30,2026-07-25 05:53:12.557855,,Fraud Detection System
ALR00000647,TR00219198,17,Location Mismatch,Closed,2026-01-21 09:04:56,Kashvi Sarma,EMP00000045,2026-01-30,2026-07-25 05:53:12.558753,,Fraud Detection System
ALR00000648,TR00144167,52,Velocity Check Failed,False Positive,2023-08-11 15:33:39,Divya Kala,EMP00000018,2023-08-30,2026-07-25 05:53:12.559837,,Fraud Detection System
ALR00000649,TR00117972,37,Card Not Present,False Positive,2016-11-13 04:20:01,Ekaja Zachariah,EMP00000158,2016-11-28,2026-07-25 05:53:12.560835,,Fraud Detection System
ALR00000650,TR00110623,45,Location Mismatch,Under Investigation,2026-01-26 02:22:13,Balveer Bumb,EMP00000079,,2026-07-25 05:53:12.561831,,Fraud Detection System
ALR00000651,TR00046033,4,High Transaction Amount,Resolved,2017-08-16 09:24:51,Dipta Sarin,EMP00000122,2017-08-29,2026-07-25 05:53:12.562835,,Fraud Detection System
ALR00000652,TR00013166,28,Location Mismatch,Resolved,2025-10-19 23:43:06,Diya Rattan,EMP00000016,2025-10-22,2026-07-25 05:53:12.563843,,Fraud Detection System
ALR00000653,TR00235452,2,High Transaction Amount,Under Investigation,2025-12-26 07:21:53,Balveer Parmar,EMP00000105,,2026-07-25 05:53:12.564841,,Fraud Detection System
ALR00000654,TR00119963,91,Card Not Present,Resolved,2011-09-25 02:26:03,Riya Pai,EMP00000314,2011-10-08,2026-07-25 05:53:12.565837,,Fraud Detection System
ALR00000655,TR00206863,62,High Transaction Amount,Under Investigation,2024-12-16 00:04:28,Benjamin Morar,EMP00000104,,2026-07-25 05:53:12.566839,,Fraud Detection System
ALR00000656,TR00100501,36,Card Not Present,Open,2021-05-24 18:46:10,,,,2026-07-25 05:53:12.566839,,Fraud Detection System
ALR00000657,TR00018905,11,Location Mismatch,Closed,2024-02-21 06:36:46,Balveer Parmar,EMP00000105,2024-03-09,2026-07-25 05:53:12.567843,,Fraud Detection System
ALR00000658,TR00158217,90,Velocity Check Failed,Under Investigation,2023-10-17 03:46:13,Aahana Pillay,EMP00000186,,2026-07-25 05:53:12.569835,,Fraud Detection System
ALR00000659,TR00013825,92,Unusual Spending Pattern,Closed,2026-05-23 22:38:52,Diya Rattan,EMP00000016,2026-06-16,2026-07-25 05:53:12.570834,,Fraud Detection System
ALR00000660,TR00037194,4,Location Mismatch,False Positive,2023-04-27 08:50:05,Jyoti Solanki,EMP00000213,2023-05-16,2026-07-25 05:53:12.571830,,Fraud Detection System
ALR00000661,TR00141353,3,Location Mismatch,False Positive,2017-03-05 08:07:59,Oni Dubey,EMP00000346,2017-03-31,2026-07-25 05:53:12.572830,,Fraud Detection System
ALR00000662,TR00076169,4,Velocity Check Failed,Closed,2010-05-13 11:03:12,Jyoti Solanki,EMP00000213,2010-05-29,2026-07-25 05:53:12.573830,,Fraud Detection System
ALR00000663,TR00248439,45,Unusual Spending Pattern,Closed,2024-11-23 08:58:38,Jack Rajan,EMP00000123,2024-11-24,2026-07-25 05:53:12.574854,,Fraud Detection System
ALR00000664,TR00029642,53,Multiple Failed Attempts,Resolved,2024-07-22 00:12:14,Oni Dubey,EMP00000346,2024-07-27,2026-07-25 05:53:12.575832,,Fraud Detection System
ALR00000665,TR00192401,92,Location Mismatch,Resolved,2026-04-27 07:11:43,Balendra Pingle,EMP00000102,2026-05-09,2026-07-25 05:53:12.576836,,Fraud Detection System
ALR00000666,TR00152568,16,Card Not Present,Open,2023-03-03 14:39:01,,,,2026-07-25 05:53:12.576836,,Fraud Detection System
ALR00000667,TR00199161,60,Unusual Spending Pattern,Resolved,2022-08-28 08:01:44,Balveer Parmar,EMP00000105,2022-09-05,2026-07-25 05:53:12.577848,,Fraud Detection System
ALR00000668,TR00056305,48,Multiple Failed Attempts,Open,2025-03-13 06:06:21,,,,2026-07-25 05:53:12.578852,,Fraud Detection System
ALR00000669,TR00131223,0,Blacklisted Merchant,Resolved,2019-06-11 03:52:31,Nicholas Goel,EMP00000108,2019-07-09,2026-07-25 05:53:12.579843,,Fraud Detection System
ALR00000670,TR00113255,53,Velocity Check Failed,Resolved,2024-09-05 09:52:45,Nicholas Goel,EMP00000108,2024-09-17,2026-07-25 05:53:12.580852,,Fraud Detection System
ALR00000671,TR00111292,72,Blacklisted Merchant,False Positive,2014-09-06 10:40:05,Pallavi Kakar,EMP00000043,2014-09-07,2026-07-25 05:53:12.581830,,Fraud Detection System
ALR00000672,TR00215853,96,Card Not Present,Under Investigation,2026-05-08 03:20:35,Vaishnavi Bora,EMP00000143,,2026-07-25 05:53:12.582831,,Fraud Detection System
ALR00000673,TR00247543,51,Location Mismatch,Resolved,2015-11-16 10:58:01,Diya Rattan,EMP00000016,2015-11-21,2026-07-25 05:53:12.583839,,Fraud Detection System
ALR00000674,TR00076507,5,Location Mismatch,Resolved,2023-10-06 20:51:11,Lajita Seshadri,EMP00000235,2023-11-03,2026-07-25 05:53:12.584842,,Fraud Detection System
ALR00000675,TR00156179,29,Card Not Present,Resolved,2025-02-20 05:01:39,Ojas Ray,EMP00000066,2025-03-13,2026-07-25 05:53:12.586750,,Fraud Detection System
ALR00000676,TR00153362,35,High Transaction Amount,False Positive,2017-11-26 17:59:28,Nilima Nath,EMP00000260,2017-12-12,2026-07-25 05:53:12.587837,,Fraud Detection System
ALR00000677,TR00186090,24,High Transaction Amount,Closed,2022-05-23 00:45:05,Chaaya Saran,EMP00000030,2022-06-07,2026-07-25 05:53:12.588835,,Fraud Detection System
ALR00000678,TR00237112,68,Unusual Spending Pattern,Resolved,2024-09-22 07:35:49,Jack Rajan,EMP00000123,2024-10-13,2026-07-25 05:53:12.589842,,Fraud Detection System
ALR00000679,TR00051808,12,High Transaction Amount,Resolved,2026-05-08 23:14:37,Vaishnavi Bora,EMP00000143,2026-06-06,2026-07-25 05:53:12.590832,,Fraud Detection System
ALR00000680,TR00052660,24,High Transaction Amount,Resolved,2026-07-07 18:09:12,Alka Dewan,EMP00000020,2026-07-19,2026-07-25 05:53:12.591749,,Fraud Detection System
ALR00000681,TR00165918,34,Card Not Present,False Positive,2010-04-29 07:16:43,Balendra Pingle,EMP00000102,2010-05-04,2026-07-25 05:53:12.592826,,Fraud Detection System
ALR00000682,TR00039303,3,Location Mismatch,False Positive,2019-07-24 17:11:58,Chandresh Sood,EMP00000074,2019-08-11,2026-07-25 05:53:12.593836,,Fraud Detection System
ALR00000683,TR00043465,46,Card Not Present,False Positive,2024-07-09 20:09:14,Pallavi Kakar,EMP00000043,2024-08-05,2026-07-25 05:53:12.594839,,Fraud Detection System
ALR00000684,TR00019160,61,Card Not Present,Resolved,2025-11-17 17:21:22,Devansh Rajan,EMP00000026,2025-11-26,2026-07-25 05:53:12.595837,,Fraud Detection System
ALR00000685,TR00000675,47,High Transaction Amount,False Positive,2012-08-27 02:34:57,Gaurang Murty,EMP00000264,2012-09-08,2026-07-25 05:53:12.596833,,Fraud Detection System
ALR00000686,TR00113254,40,Velocity Check Failed,Open,2016-08-22 12:41:31,,,,2026-07-25 05:53:12.596833,,Fraud Detection System
ALR00000687,TR00149239,8,High Transaction Amount,Closed,2026-02-16 08:23:41,Lakshit Upadhyay,EMP00000023,2026-02-18,2026-07-25 05:53:12.597857,,Fraud Detection System
ALR00000688,TR00073013,96,Card Not Present,Under Investigation,2013-10-26 16:45:48,Banjeet Balasubramanian,EMP00000182,,2026-07-25 05:53:12.598854,,Fraud Detection System
ALR00000689,TR00057749,37,High Transaction Amount,Open,2023-05-21 10:47:05,,,,2026-07-25 05:53:12.599861,,Fraud Detection System
ALR00000690,TR00177570,38,Card Not Present,False Positive,2025-08-10 01:59:42,Benjamin Morar,EMP00000104,2025-08-31,2026-07-25 05:53:12.601246,,Fraud Detection System
ALR00000691,TR00176579,83,Location Mismatch,Resolved,2018-07-01 07:03:48,Meghana Maharaj,EMP00000320,2018-07-01,2026-07-25 05:53:12.602360,,Fraud Detection System
ALR00000692,TR00114024,50,High Transaction Amount,False Positive,2021-08-04 21:21:27,Meghana Maharaj,EMP00000320,2021-08-29,2026-07-25 05:53:12.603355,,Fraud Detection System
ALR00000693,TR00172596,50,Card Not Present,Closed,2016-06-14 11:42:16,Adweta Edwin,EMP00000099,2016-07-10,2026-07-25 05:53:12.604360,,Fraud Detection System
ALR00000694,TR00231413,88,Multiple Failed Attempts,Closed,2024-07-11 00:21:06,Akshay Lalla,EMP00000335,2024-07-20,2026-07-25 05:53:12.605354,,Fraud Detection System
ALR00000695,TR00198429,26,Multiple Failed Attempts,Under Investigation,2025-09-27 22:05:16,Ronith Patla,EMP00000126,,2026-07-25 05:53:12.606356,,Fraud Detection System
ALR00000696,TR00157105,15,Blacklisted Merchant,Resolved,2026-04-12 23:54:41,Nilima Nath,EMP00000260,2026-04-29,2026-07-25 05:53:12.607356,,Fraud Detection System
ALR00000697,TR00166094,90,Blacklisted Merchant,Open,2021-07-10 23:27:43,,,,2026-07-25 05:53:12.607356,,Fraud Detection System
ALR00000698,TR00233707,31,High Transaction Amount,Resolved,2026-03-07 13:10:51,Dipta Sarin,EMP00000122,2026-03-27,2026-07-25 05:53:12.608284,,Fraud Detection System
ALR00000699,TR00106871,92,Unusual Spending Pattern,Open,2021-07-08 05:22:01,,,,2026-07-25 05:53:12.609370,,Fraud Detection System
ALR00000700,TR00136893,65,Card Not Present,Resolved,2024-08-09 15:41:45,Zaid Dara,EMP00000149,2024-08-12,2026-07-25 05:53:12.610360,,Fraud Detection System
ALR00000701,TR00162617,9,Unusual Spending Pattern,False Positive,2020-04-15 01:42:54,Zayyan Bumb,EMP00000179,2020-05-01,2026-07-25 05:53:12.611361,,Fraud Detection System
ALR00000702,TR00227452,45,Blacklisted Merchant,Under Investigation,2026-05-15 14:29:30,Gaurang Murty,EMP00000264,,2026-07-25 05:53:12.612362,,Fraud Detection System
ALR00000703,TR00207838,31,Blacklisted Merchant,Resolved,2024-04-18 09:23:01,Lajita Seshadri,EMP00000235,2024-05-03,2026-07-25 05:53:12.613380,,Fraud Detection System
ALR00000704,TR00018321,79,Location Mismatch,Closed,2025-11-15 04:09:05,Lakshit Dora,EMP00000159,2025-11-21,2026-07-25 05:53:12.614383,,Fraud Detection System
ALR00000705,TR00041629,7,Blacklisted Merchant,Resolved,2021-07-20 16:52:29,Balveer Parmar,EMP00000105,2021-08-03,2026-07-25 05:53:12.615368,,Fraud Detection System
ALR00000706,TR00077199,34,Blacklisted Merchant,Closed,2025-11-21 19:13:44,Jagdish Koshy,EMP00000078,2025-12-15,2026-07-25 05:53:12.616382,,Fraud Detection System
ALR00000707,TR00188436,46,Location Mismatch,Under Investigation,2023-01-12 14:55:26,Kiaan Shetty,EMP00000150,,2026-07-25 05:53:12.617358,,Fraud Detection System
ALR00000708,TR00142916,91,Card Not Present,Open,2026-04-02 09:31:58,,,,2026-07-25 05:53:12.618382,,Fraud Detection System
ALR00000709,TR00072332,45,Unusual Spending Pattern,Closed,2024-07-24 08:54:42,Oni Dubey,EMP00000346,2024-08-08,2026-07-25 05:53:12.619361,,Fraud Detection System
ALR00000710,TR00031126,49,Multiple Failed Attempts,Closed,2025-07-03 10:54:47,Jeremiah Dave,EMP00000041,2025-07-22,2026-07-25 05:53:12.620360,,Fraud Detection System
ALR00000711,TR00172999,68,Card Not Present,Resolved,2013-03-11 12:14:12,Jyoti Solanki,EMP00000213,2013-03-26,2026-07-25 05:53:12.621361,,Fraud Detection System
ALR00000712,TR00175739,69,Blacklisted Merchant,Resolved,2019-08-01 01:18:46,Pranav Lanka,EMP00000120,2019-08-20,2026-07-25 05:53:12.622367,,Fraud Detection System
ALR00000713,TR00235903,32,High Transaction Amount,Under Investigation,2024-10-23 18:15:55,Yagnesh Shan,EMP00000279,,2026-07-25 05:53:12.623363,,Fraud Detection System
ALR00000714,TR00125676,58,Blacklisted Merchant,Open,2019-10-19 05:09:48,,,,2026-07-25 05:53:12.623363,,Fraud Detection System
ALR00000715,TR00123973,68,Location Mismatch,Under Investigation,2012-08-09 00:13:21,Yagnesh Shan,EMP00000279,,2026-07-25 05:53:12.624375,,Fraud Detection System
ALR00000716,TR00020355,6,Multiple Failed Attempts,Under Investigation,2015-11-16 12:45:25,Ekansh Keer,EMP00000077,,2026-07-25 05:53:12.625357,,Fraud Detection System
ALR00000717,TR00010162,14,High Transaction Amount,Resolved,2026-02-07 18:42:32,Jeremiah Dave,EMP00000041,2026-02-21,2026-07-25 05:53:12.626371,,Fraud Detection System
ALR00000718,TR00108462,27,Multiple Failed Attempts,Resolved,2024-12-13 11:51:53,Vaishnavi Bora,EMP00000143,2025-01-08,2026-07-25 05:53:12.627377,,Fraud Detection System
ALR00000719,TR00080905,52,Location Mismatch,Under Investigation,2014-09-29 00:13:07,Aditya Shanker,EMP00000084,,2026-07-25 05:53:12.628380,,Fraud Detection System
ALR00000720,TR00062484,22,Location Mismatch,Open,2017-02-19 08:55:41,,,,2026-07-25 05:53:12.629385,,Fraud Detection System
ALR00000721,TR00022938,36,High Transaction Amount,Under Investigation,2024-05-25 22:05:22,Diya Rattan,EMP00000016,,2026-07-25 05:53:12.630362,,Fraud Detection System
ALR00000722,TR00240703,84,Velocity Check Failed,Under Investigation,2025-07-29 21:28:28,Chandresh Sood,EMP00000074,,2026-07-25 05:53:12.631363,,Fraud Detection System
ALR00000723,TR00210062,18,Blacklisted Merchant,Under Investigation,2021-04-13 18:05:42,Devansh Rajan,EMP00000026,,2026-07-25 05:53:12.632369,,Fraud Detection System
ALR00000724,TR00144466,59,Multiple Failed Attempts,Under Investigation,2023-11-18 04:22:55,Ekansh Keer,EMP00000077,,2026-07-25 05:53:12.633283,,Fraud Detection System
ALR00000725,TR00237895,72,Velocity Check Failed,Resolved,2019-08-03 22:09:48,Balveer Parmar,EMP00000105,2019-08-09,2026-07-25 05:53:12.635331,,Fraud Detection System
ALR00000726,TR00249874,76,Blacklisted Merchant,False Positive,2022-08-25 22:11:22,Prisha Andra,EMP00000100,2022-09-03,2026-07-25 05:53:12.636278,,Fraud Detection System
ALR00000727,TR00168766,27,Unusual Spending Pattern,Resolved,2019-09-23 08:28:58,Sudiksha Aggarwal,EMP00000031,2019-10-13,2026-07-25 05:53:12.637275,,Fraud Detection System
ALR00000728,TR00067316,37,Multiple Failed Attempts,False Positive,2023-01-05 10:26:15,Gaurang Murty,EMP00000264,2023-01-23,2026-07-25 05:53:12.638319,,Fraud Detection System
ALR00000729,TR00010277,99,Blacklisted Merchant,False Positive,2021-02-24 15:07:09,Vaishnavi Bora,EMP00000143,2021-03-04,2026-07-25 05:53:12.639319,,Fraud Detection System
ALR00000730,TR00190290,71,Velocity Check Failed,False Positive,2025-09-03 05:25:42,Balveer Parmar,EMP00000105,2025-10-02,2026-07-25 05:53:12.640282,,Fraud Detection System
ALR00000731,TR00118201,33,Velocity Check Failed,Resolved,2017-02-09 19:24:32,Balendra Pingle,EMP00000102,2017-03-08,2026-07-25 05:53:12.642278,,Fraud Detection System
ALR00000732,TR00163587,43,Velocity Check Failed,Resolved,2025-10-30 23:30:46,Yuvraj Handa,EMP00000060,2025-11-13,2026-07-25 05:53:12.643277,,Fraud Detection System
ALR00000733,TR00229424,40,Unusual Spending Pattern,Resolved,2014-08-20 01:43:05,Ekansh Keer,EMP00000077,2014-09-08,2026-07-25 05:53:12.644278,,Fraud Detection System
ALR00000734,TR00045409,18,Multiple Failed Attempts,Resolved,2021-10-09 07:22:50,Nakul Sarma,EMP00000089,2021-11-04,2026-07-25 05:53:12.645278,,Fraud Detection System
ALR00000735,TR00147031,19,Multiple Failed Attempts,Resolved,2020-11-01 11:15:34,Balendra Pingle,EMP00000102,2020-11-01,2026-07-25 05:53:12.646280,,Fraud Detection System
ALR00000736,TR00159485,58,High Transaction Amount,Resolved,2025-09-18 21:00:53,Dipta Sarin,EMP00000122,2025-10-02,2026-07-25 05:53:12.647318,,Fraud Detection System
ALR00000737,TR00123522,97,Unusual Spending Pattern,Closed,2020-09-03 12:04:17,Pallavi Kakar,EMP00000043,2020-09-16,2026-07-25 05:53:12.648322,,Fraud Detection System
ALR00000738,TR00022926,90,Velocity Check Failed,Resolved,2025-02-19 12:59:48,Ronith Patla,EMP00000126,2025-03-01,2026-07-25 05:53:12.650279,,Fraud Detection System
ALR00000739,TR00087055,72,Velocity Check Failed,Resolved,2021-10-12 18:13:54,Nakul Bhandari,EMP00000075,2021-11-01,2026-07-25 05:53:12.651335,,Fraud Detection System
ALR00000740,TR00083569,49,Velocity Check Failed,False Positive,2026-05-25 07:21:19,Diya Rattan,EMP00000016,2026-06-22,2026-07-25 05:53:12.652293,,Fraud Detection System
ALR00000741,TR00168310,87,Blacklisted Merchant,False Positive,2014-01-01 05:52:54,Riya Pai,EMP00000314,2014-01-30,2026-07-25 05:53:12.653309,,Fraud Detection System
ALR00000742,TR00215314,59,Location Mismatch,False Positive,2019-10-22 03:10:02,Onveer Walla,EMP00000012,2019-11-06,2026-07-25 05:53:12.654276,,Fraud Detection System
ALR00000743,TR00082724,69,Unusual Spending Pattern,Resolved,2023-11-25 02:01:22,Benjamin Morar,EMP00000104,2023-12-17,2026-07-25 05:53:12.655278,,Fraud Detection System
ALR00000744,TR00174319,23,Velocity Check Failed,Resolved,2022-10-13 03:16:45,Sudiksha Aggarwal,EMP00000031,2022-11-03,2026-07-25 05:53:12.656366,,Fraud Detection System
ALR00000745,TR00072233,35,Unusual Spending Pattern,Resolved,2016-08-16 05:36:13,Aadhya Andra,EMP00000312,2016-09-06,2026-07-25 05:53:12.657336,,Fraud Detection System
ALR00000746,TR00236502,74,Location Mismatch,Open,2018-03-24 00:05:30,,,,2026-07-25 05:53:12.658283,,Fraud Detection System
ALR00000747,TR00204889,63,Card Not Present,Under Investigation,2010-04-06 06:33:11,Mohini Pathak,EMP00000022,,2026-07-25 05:53:12.659285,,Fraud Detection System
ALR00000748,TR00138300,14,Location Mismatch,Resolved,2026-05-12 05:36:07,Nilima Nath,EMP00000260,2026-05-22,2026-07-25 05:53:12.660366,,Fraud Detection System
ALR00000749,TR00114186,53,Location Mismatch,Resolved,2026-06-16 07:21:45,Yuvraj Handa,EMP00000060,2026-07-10,2026-07-25 05:53:12.661299,,Fraud Detection System
ALR00000750,TR00078982,31,Blacklisted Merchant,Open,2023-08-05 18:28:41,,,,2026-07-25 05:53:12.662278,,Fraud Detection System
ALR00000751,TR00081124,57,Unusual Spending Pattern,Resolved,2026-02-26 21:52:36,Indira Misra,EMP00000166,2026-03-20,2026-07-25 05:53:12.663282,,Fraud Detection System
ALR00000752,TR00242824,39,Location Mismatch,False Positive,2021-10-09 21:57:48,Anirudh Zacharia,EMP00000180,2021-10-17,2026-07-25 05:53:12.664278,,Fraud Detection System
ALR00000753,TR00101369,100,High Transaction Amount,False Positive,2026-07-01 05:42:59,Aditya Shanker,EMP00000084,2026-07-16,2026-07-25 05:53:12.666275,,Fraud Detection System
ALR00000754,TR00129265,42,Velocity Check Failed,Under Investigation,2022-10-28 08:10:13,Devansh Sachdeva,EMP00000161,,2026-07-25 05:53:12.667275,,Fraud Detection System
ALR00000755,TR00247025,72,High Transaction Amount,False Positive,2025-10-13 13:33:34,Devansh Sachdeva,EMP00000161,2025-10-17,2026-07-25 05:53:12.668274,,Fraud Detection System
ALR00000756,TR00165128,55,Multiple Failed Attempts,Under Investigation,2023-10-16 20:37:23,Jeremiah Dave,EMP00000041,,2026-07-25 05:53:12.669274,,Fraud Detection System
ALR00000757,TR00136383,70,Location Mismatch,False Positive,2020-02-13 21:38:17,Jeremiah Dave,EMP00000041,2020-02-26,2026-07-25 05:53:12.670274,,Fraud Detection System
ALR00000758,TR00103758,44,Velocity Check Failed,Resolved,2026-01-09 22:02:30,Ronith Patla,EMP00000126,2026-02-03,2026-07-25 05:53:12.671275,,Fraud Detection System
ALR00000759,TR00046737,40,Location Mismatch,Under Investigation,2019-05-25 22:16:53,Chaaya Saran,EMP00000030,,2026-07-25 05:53:12.672278,,Fraud Detection System
ALR00000760,TR00090535,77,Card Not Present,Under Investigation,2025-08-16 02:58:16,Meghana Maharaj,EMP00000320,,2026-07-25 05:53:12.673274,,Fraud Detection System
ALR00000761,TR00190340,37,Location Mismatch,Closed,2024-08-29 15:36:47,Yuvraj Handa,EMP00000060,2024-09-14,2026-07-25 05:53:12.674276,,Fraud Detection System
ALR00000762,TR00157200,37,Unusual Spending Pattern,Resolved,2021-02-04 23:47:25,Hritik Kaur,EMP00000338,2021-02-08,2026-07-25 05:53:12.676276,,Fraud Detection System
ALR00000763,TR00191198,54,Location Mismatch,Resolved,2025-06-29 14:13:01,Kashvi Sarma,EMP00000045,2025-07-10,2026-07-25 05:53:12.677274,,Fraud Detection System
ALR00000764,TR00050765,75,Card Not Present,Resolved,2011-05-29 18:26:38,Pallavi Kakar,EMP00000043,2011-06-13,2026-07-25 05:53:12.678281,,Fraud Detection System
ALR00000765,TR00138070,18,Card Not Present,Under Investigation,2026-06-21 07:44:18,Ishwar Kamdar,EMP00000185,,2026-07-25 05:53:12.679277,,Fraud Detection System
ALR00000766,TR00232288,29,Multiple Failed Attempts,False Positive,2020-11-22 17:08:47,Oni Dubey,EMP00000346,2020-12-02,2026-07-25 05:53:12.680275,,Fraud Detection System
ALR00000767,TR00109942,49,Multiple Failed Attempts,Resolved,2026-06-21 08:52:13,Meghana Maharaj,EMP00000320,2026-06-30,2026-07-25 05:53:12.681274,,Fraud Detection System
ALR00000768,TR00175378,68,Unusual Spending Pattern,Closed,2022-08-17 10:30:34,Indira Misra,EMP00000166,2022-08-24,2026-07-25 05:53:12.682277,,Fraud Detection System
ALR00000769,TR00030360,2,Location Mismatch,False Positive,2014-09-25 06:50:59,Nilima Nath,EMP00000260,2014-09-26,2026-07-25 05:53:12.684274,,Fraud Detection System
ALR00000770,TR00243545,11,Multiple Failed Attempts,Resolved,2025-01-07 04:33:33,Jeremiah Dave,EMP00000041,2025-01-09,2026-07-25 05:53:12.685274,,Fraud Detection System
ALR00000771,TR00153213,51,Multiple Failed Attempts,Resolved,2025-04-24 10:23:56,Aadhya Andra,EMP00000312,2025-05-05,2026-07-25 05:53:12.686274,,Fraud Detection System
ALR00000772,TR00059584,87,Location Mismatch,Resolved,2025-11-07 17:27:23,Zayyan Bumb,EMP00000179,2025-11-30,2026-07-25 05:53:12.687274,,Fraud Detection System
ALR00000773,TR00039662,55,Card Not Present,Open,2019-03-16 11:38:44,,,,2026-07-25 05:53:12.687274,,Fraud Detection System
ALR00000774,TR00138476,74,High Transaction Amount,Open,2020-07-18 07:32:10,,,,2026-07-25 05:53:12.688274,,Fraud Detection System
ALR00000775,TR00138857,80,Unusual Spending Pattern,Closed,2026-06-24 23:41:20,Aditya Shanker,EMP00000084,2026-07-23,2026-07-25 05:53:12.689274,,Fraud Detection System
ALR00000776,TR00023407,100,Card Not Present,Resolved,2024-06-06 19:57:38,Dipta Sarin,EMP00000122,2024-06-09,2026-07-25 05:53:12.690275,,Fraud Detection System
ALR00000777,TR00248078,65,Blacklisted Merchant,Closed,2026-03-30 07:21:32,Aahana Pillay,EMP00000186,2026-04-21,2026-07-25 05:53:12.691274,,Fraud Detection System
ALR00000778,TR00228619,62,High Transaction Amount,Resolved,2017-01-19 20:12:29,Kashvi Sarma,EMP00000045,2017-02-08,2026-07-25 05:53:12.693274,,Fraud Detection System
ALR00000779,TR00115872,35,High Transaction Amount,Resolved,2021-04-06 21:02:28,Divya Kala,EMP00000018,2021-05-03,2026-07-25 05:53:12.694273,,Fraud Detection System
ALR00000780,TR00029399,47,Velocity Check Failed,Under Investigation,2026-01-11 08:48:51,Alka Dewan,EMP00000020,,2026-07-25 05:53:12.695363,,Fraud Detection System
ALR00000781,TR00209150,12,Blacklisted Merchant,Resolved,2017-12-03 12:51:51,Oni Dubey,EMP00000346,2017-12-12,2026-07-25 05:53:12.696275,,Fraud Detection System
ALR00000782,TR00125098,78,Multiple Failed Attempts,Resolved,2026-06-12 14:33:20,Nakul Bhandari,EMP00000075,2026-06-30,2026-07-25 05:53:12.697280,,Fraud Detection System
ALR00000783,TR00179975,91,Unusual Spending Pattern,Open,2019-10-04 00:24:29,,,,2026-07-25 05:53:12.698283,,Fraud Detection System
ALR00000784,TR00127838,31,Location Mismatch,Closed,2008-04-20 13:52:48,Balendra Pingle,EMP00000102,2008-05-13,2026-07-25 05:53:12.699276,,Fraud Detection System
ALR00000785,TR00068328,99,Unusual Spending Pattern,Resolved,2015-10-27 13:34:56,Indira Misra,EMP00000166,2015-11-15,2026-07-25 05:53:12.700531,,Fraud Detection System
ALR00000786,TR00209801,53,Location Mismatch,Resolved,2015-10-15 03:16:59,Balveer Bumb,EMP00000079,2015-10-26,2026-07-25 05:53:12.701562,,Fraud Detection System
ALR00000787,TR00245260,22,Location Mismatch,Resolved,2026-01-07 07:59:12,Veer Bir,EMP00000050,2026-01-14,2026-07-25 05:53:12.702658,,Fraud Detection System
ALR00000788,TR00060825,46,Unusual Spending Pattern,Closed,2024-07-04 16:08:47,Veer Bir,EMP00000050,2024-07-04,2026-07-25 05:53:12.703566,,Fraud Detection System
ALR00000789,TR00138572,95,Velocity Check Failed,False Positive,2021-07-08 00:48:24,Adweta Edwin,EMP00000099,2021-07-13,2026-07-25 05:53:12.704611,,Fraud Detection System
ALR00000790,TR00096280,68,Velocity Check Failed,Under Investigation,2026-05-08 22:23:48,Aditya Shanker,EMP00000084,,2026-07-25 05:53:12.705567,,Fraud Detection System
ALR00000791,TR00230964,37,Blacklisted Merchant,Resolved,2022-10-18 15:19:10,Ekaja Zachariah,EMP00000158,2022-11-07,2026-07-25 05:53:12.706582,,Fraud Detection System
ALR00000792,TR00127714,33,Location Mismatch,Open,2012-01-22 13:34:05,,,,2026-07-25 05:53:12.707562,,Fraud Detection System
ALR00000793,TR00220768,72,High Transaction Amount,Open,2012-09-29 02:49:05,,,,2026-07-25 05:53:12.708564,,Fraud Detection System
ALR00000794,TR00216945,11,Blacklisted Merchant,Resolved,2023-11-02 10:17:00,Prisha Andra,EMP00000100,2023-11-12,2026-07-25 05:53:12.709563,,Fraud Detection System
ALR00000795,TR00069001,74,Multiple Failed Attempts,Resolved,2026-02-26 08:55:28,Divya Kala,EMP00000018,2026-03-06,2026-07-25 05:53:12.710559,,Fraud Detection System
ALR00000796,TR00198960,31,High Transaction Amount,Under Investigation,2020-03-20 21:52:30,Ojas Ray,EMP00000066,,2026-07-25 05:53:12.711560,,Fraud Detection System
ALR00000797,TR00104284,79,Velocity Check Failed,False Positive,2020-10-31 16:55:04,Sudiksha Aggarwal,EMP00000031,2020-11-25,2026-07-25 05:53:12.712565,,Fraud Detection System
ALR00000798,TR00233869,0,Multiple Failed Attempts,Resolved,2025-08-19 18:40:52,Devansh Rajan,EMP00000026,2025-09-10,2026-07-25 05:53:12.714560,,Fraud Detection System
ALR00000799,TR00127581,85,High Transaction Amount,Under Investigation,2023-12-07 06:50:15,Veer Bir,EMP00000050,,2026-07-25 05:53:12.715560,,Fraud Detection System
ALR00000800,TR00206480,11,Velocity Check Failed,Resolved,2024-07-24 01:42:06,Indira Misra,EMP00000166,2024-07-26,2026-07-25 05:53:12.716559,,Fraud Detection System
ALR00000801,TR00070821,7,Card Not Present,Closed,2026-06-05 20:17:38,Onveer Walla,EMP00000012,2026-07-02,2026-07-25 05:53:12.717560,,Fraud Detection System
ALR00000802,TR00074878,51,Blacklisted Merchant,Under Investigation,2026-03-13 05:40:36,Banjeet Balasubramanian,EMP00000182,,2026-07-25 05:53:12.718559,,Fraud Detection System
ALR00000803,TR00147455,90,Unusual Spending Pattern,Resolved,2025-04-10 16:50:17,Nimrat Dubey,EMP00000296,2025-04-22,2026-07-25 05:53:12.719560,,Fraud Detection System
ALR00000804,TR00249718,81,Blacklisted Merchant,Resolved,2025-04-24 02:50:09,Zayan Behl,EMP00000096,2025-04-29,2026-07-25 05:53:12.720564,,Fraud Detection System
ALR00000805,TR00122910,75,Blacklisted Merchant,Resolved,2022-11-05 13:08:17,Lajita Seshadri,EMP00000235,2022-11-27,2026-07-25 05:53:12.721560,,Fraud Detection System
ALR00000806,TR00037032,62,Multiple Failed Attempts,Open,2010-08-29 04:06:08,,,,2026-07-25 05:53:12.722562,,Fraud Detection System
ALR00000807,TR00135468,26,Unusual Spending Pattern,Resolved,2011-09-03 07:36:55,Chaaya Saran,EMP00000030,2011-09-09,2026-07-25 05:53:12.723558,,Fraud Detection System
ALR00000808,TR00086276,18,Blacklisted Merchant,Closed,2026-07-08 05:29:10,Chaaya Saran,EMP00000030,2026-07-19,2026-07-25 05:53:12.724562,,Fraud Detection System
ALR00000809,TR00138758,64,Unusual Spending Pattern,Resolved,2015-04-17 11:23:34,Ojas Ray,EMP00000066,2015-05-12,2026-07-25 05:53:12.726561,,Fraud Detection System
ALR00000810,TR00136598,45,Blacklisted Merchant,Under Investigation,2010-08-30 07:14:50,Lajita Seshadri,EMP00000235,,2026-07-25 05:53:12.727558,,Fraud Detection System
ALR00000811,TR00114313,91,Card Not Present,Under Investigation,2025-06-21 13:38:31,Yuvraj Handa,EMP00000060,,2026-07-25 05:53:12.728562,,Fraud Detection System
ALR00000812,TR00080812,51,High Transaction Amount,Under Investigation,2023-08-24 21:45:25,Nimrat Dubey,EMP00000296,,2026-07-25 05:53:12.730558,,Fraud Detection System
ALR00000813,TR00046949,70,Multiple Failed Attempts,Resolved,2026-02-08 12:47:29,Devansh Sachdeva,EMP00000161,2026-03-07,2026-07-25 05:53:12.731560,,Fraud Detection System
ALR00000814,TR00175225,83,Location Mismatch,Resolved,2025-03-15 14:33:16,Aditya Shanker,EMP00000084,2025-04-12,2026-07-25 05:53:12.732558,,Fraud Detection System
ALR00000815,TR00143559,9,Blacklisted Merchant,Closed,2019-08-12 05:14:32,Sudiksha Aggarwal,EMP00000031,2019-08-27,2026-07-25 05:53:12.733558,,Fraud Detection System
ALR00000816,TR00058257,87,Blacklisted Merchant,Under Investigation,2019-07-23 21:21:13,Kashvi Sarma,EMP00000045,,2026-07-25 05:53:12.734560,,Fraud Detection System
ALR00000817,TR00195244,92,Blacklisted Merchant,Resolved,2026-02-10 14:40:33,Lakshit Upadhyay,EMP00000023,2026-03-03,2026-07-25 05:53:12.735558,,Fraud Detection System
ALR00000818,TR00011143,29,High Transaction Amount,Resolved,2019-04-07 19:29:19,Balveer Bumb,EMP00000079,2019-05-06,2026-07-25 05:53:12.736560,,Fraud Detection System
ALR00000819,TR00187291,85,Location Mismatch,Open,2020-11-24 09:42:38,,,,2026-07-25 05:53:12.737560,,Fraud Detection System
ALR00000820,TR00177137,28,Blacklisted Merchant,Under Investigation,2024-07-03 17:43:53,Nakul Bhandari,EMP00000075,,2026-07-25 05:53:12.738558,,Fraud Detection System
ALR00000821,TR00204321,19,High Transaction Amount,Resolved,2026-05-18 19:21:58,Veer Bir,EMP00000050,2026-06-11,2026-07-25 05:53:12.739558,,Fraud Detection System
ALR00000822,TR00096979,9,Unusual Spending Pattern,Resolved,2026-04-10 15:52:27,Yuvraj Handa,EMP00000060,2026-04-30,2026-07-25 05:53:12.740558,,Fraud Detection System
ALR00000823,TR00166618,5,Velocity Check Failed,Under Investigation,2023-07-14 09:42:07,Gaurang Murty,EMP00000264,,2026-07-25 05:53:12.741563,,Fraud Detection System
ALR00000824,TR00206535,1,Card Not Present,Resolved,2023-03-25 06:51:53,Jeremiah Dave,EMP00000041,2023-04-20,2026-07-25 05:53:12.743558,,Fraud Detection System
ALR00000825,TR00245335,6,High Transaction Amount,Resolved,2018-12-03 08:25:18,Ronith Patla,EMP00000126,2018-12-24,2026-07-25 05:53:12.744557,,Fraud Detection System
ALR00000826,TR00124369,55,High Transaction Amount,False Positive,2025-11-12 19:43:49,Banjeet Balasubramanian,EMP00000182,2025-11-19,2026-07-25 05:53:12.745557,,Fraud Detection System
ALR00000827,TR00009546,0,Card Not Present,Closed,2022-04-08 00:49:18,Kiaan Shetty,EMP00000150,2022-05-01,2026-07-25 05:53:12.746557,,Fraud Detection System
ALR00000828,TR00126197,76,Blacklisted Merchant,Open,2024-04-27 12:18:20,,,,2026-07-25 05:53:12.747559,,Fraud Detection System
ALR00000829,TR00148253,40,High Transaction Amount,Closed,2025-09-07 18:33:26,Meghana Maharaj,EMP00000320,2025-09-28,2026-07-25 05:53:12.748557,,Fraud Detection System
ALR00000830,TR00218463,100,Blacklisted Merchant,Open,2013-08-05 03:41:00,,,,2026-07-25 05:53:12.748557,,Fraud Detection System
ALR00000831,TR00219578,94,Unusual Spending Pattern,Under Investigation,2011-05-28 15:23:58,Jeremiah Dave,EMP00000041,,2026-07-25 05:53:12.750557,,Fraud Detection System
ALR00000832,TR00110571,43,Card Not Present,Resolved,2018-08-03 07:11:41,Rudra Sandal,EMP00000245,2018-08-15,2026-07-25 05:53:12.751557,,Fraud Detection System
ALR00000833,TR00132026,62,Multiple Failed Attempts,Resolved,2026-03-07 22:43:31,Kiaan Shetty,EMP00000150,2026-03-19,2026-07-25 05:53:12.752557,,Fraud Detection System
ALR00000834,TR00114742,87,High Transaction Amount,Closed,2023-10-27 12:24:12,Frederick Khurana,EMP00000208,2023-11-09,2026-07-25 05:53:12.753557,,Fraud Detection System
ALR00000835,TR00181583,99,Blacklisted Merchant,Closed,2020-03-19 10:48:01,Ronith Patla,EMP00000126,2020-04-13,2026-07-25 05:53:12.754557,,Fraud Detection System
ALR00000836,TR00102822,37,Multiple Failed Attempts,False Positive,2023-01-24 04:16:04,Aadhya Andra,EMP00000312,2023-02-16,2026-07-25 05:53:12.755560,,Fraud Detection System
ALR00000837,TR00164324,22,Velocity Check Failed,Resolved,2022-12-16 18:29:40,Chandresh Sood,EMP00000074,2022-12-27,2026-07-25 05:53:12.756562,,Fraud Detection System
ALR00000838,TR00038529,7,Card Not Present,Resolved,2026-04-03 19:57:49,Lajita Seshadri,EMP00000235,2026-04-16,2026-07-25 05:53:12.758558,,Fraud Detection System
ALR00000839,TR00117973,56,Multiple Failed Attempts,Closed,2025-02-01 13:16:23,Yuvraj Handa,EMP00000060,2025-02-22,2026-07-25 05:53:12.759557,,Fraud Detection System
ALR00000840,TR00242616,57,Unusual Spending Pattern,Resolved,2013-10-10 18:09:43,Diya Rattan,EMP00000016,2013-10-13,2026-07-25 05:53:12.760557,,Fraud Detection System
ALR00000841,TR00084818,52,Location Mismatch,Open,2022-07-31 18:21:16,,,,2026-07-25 05:53:12.760557,,Fraud Detection System
ALR00000842,TR00174077,28,Multiple Failed Attempts,Resolved,2024-11-08 23:42:05,Aahana Pillay,EMP00000186,2024-11-21,2026-07-25 05:53:12.762557,,Fraud Detection System
ALR00000843,TR00163183,83,Multiple Failed Attempts,Resolved,2026-01-31 21:35:05,Nakul Sarma,EMP00000089,2026-02-11,2026-07-25 05:53:12.763557,,Fraud Detection System
ALR00000844,TR00213731,85,Unusual Spending Pattern,False Positive,2017-05-06 22:23:28,Prisha Andra,EMP00000100,2017-05-19,2026-07-25 05:53:12.764557,,Fraud Detection System
ALR00000845,TR00213907,85,Unusual Spending Pattern,Resolved,2011-02-02 15:27:54,Anirudh Zacharia,EMP00000180,2011-02-18,2026-07-25 05:53:12.765557,,Fraud Detection System
ALR00000846,TR00215657,61,High Transaction Amount,Open,2026-05-19 08:32:34,,,,2026-07-25 05:53:12.766557,,Fraud Detection System
ALR00000847,TR00095495,58,High Transaction Amount,Open,2010-08-21 10:32:28,,,,2026-07-25 05:53:12.766557,,Fraud Detection System
ALR00000848,TR00079489,72,Location Mismatch,Resolved,2025-03-21 14:51:05,Mohini Pathak,EMP00000022,2025-04-05,2026-07-25 05:53:12.767557,,Fraud Detection System
ALR00000849,TR00180553,25,High Transaction Amount,Closed,2023-03-22 23:30:02,Nilima Nath,EMP00000260,2023-04-17,2026-07-25 05:53:12.769557,,Fraud Detection System
ALR00000850,TR00191039,48,Card Not Present,Under Investigation,2024-03-07 00:44:26,Ekaja Zachariah,EMP00000158,,2026-07-25 05:53:12.770557,,Fraud Detection System
ALR00000851,TR00219102,64,Card Not Present,Resolved,2023-02-23 00:02:34,Zayyan Bumb,EMP00000179,2023-02-26,2026-07-25 05:53:12.771557,,Fraud Detection System
ALR00000852,TR00009230,38,Velocity Check Failed,False Positive,2025-11-25 02:23:53,Chaaya Saran,EMP00000030,2025-12-01,2026-07-25 05:53:12.772557,,Fraud Detection System
ALR00000853,TR00017590,29,High Transaction Amount,Closed,2024-08-06 10:34:58,Nicholas Goel,EMP00000108,2024-08-13,2026-07-25 05:53:12.773557,,Fraud Detection System
ALR00000854,TR00158635,60,Multiple Failed Attempts,Open,2025-12-01 15:57:10,,,,2026-07-25 05:53:12.774557,,Fraud Detection System
ALR00000855,TR00230744,4,Velocity Check Failed,Open,2024-11-09 20:18:10,,,,2026-07-25 05:53:12.774557,,Fraud Detection System
ALR00000856,TR00249233,20,Multiple Failed Attempts,Resolved,2011-02-18 21:23:26,Gaurang Murty,EMP00000264,2011-03-01,2026-07-25 05:53:12.776557,,Fraud Detection System
ALR00000857,TR00187840,4,Unusual Spending Pattern,Under Investigation,2026-07-20 17:37:22,Rudra Sandal,EMP00000245,,2026-07-25 05:53:12.777557,,Fraud Detection System
ALR00000858,TR00108942,54,Multiple Failed Attempts,False Positive,2018-10-20 16:32:49,Yagnesh Shan,EMP00000279,2018-11-07,2026-07-25 05:53:12.778557,,Fraud Detection System
ALR00000859,TR00024685,48,Blacklisted Merchant,Under Investigation,2020-10-04 08:17:03,Ishwar Kamdar,EMP00000185,,2026-07-25 05:53:12.779557,,Fraud Detection System
ALR00000860,TR00159251,40,Card Not Present,Under Investigation,2025-06-24 05:22:20,Balveer Bumb,EMP00000079,,2026-07-25 05:53:12.780557,,Fraud Detection System
ALR00000861,TR00219155,73,Velocity Check Failed,Open,2017-07-28 01:30:57,,,,2026-07-25 05:53:12.781557,,Fraud Detection System
ALR00000862,TR00111620,29,High Transaction Amount,Resolved,2023-07-22 01:23:45,Lakshit Dora,EMP00000159,2023-07-29,2026-07-25 05:53:12.782557,,Fraud Detection System
ALR00000863,TR00174409,64,Location Mismatch,Open,2018-03-24 06:26:04,,,,2026-07-25 05:53:12.782557,,Fraud Detection System
ALR00000864,TR00226364,44,Location Mismatch,False Positive,2022-01-08 08:51:16,Aditya Shanker,EMP00000084,2022-01-18,2026-07-25 05:53:12.784557,,Fraud Detection System
ALR00000865,TR00011708,88,Unusual Spending Pattern,Resolved,2025-04-03 16:51:59,Ekaja Zachariah,EMP00000158,2025-04-06,2026-07-25 05:53:12.785557,,Fraud Detection System
ALR00000866,TR00200442,58,Velocity Check Failed,Resolved,2026-05-02 20:00:46,Rudra Sandal,EMP00000245,2026-05-22,2026-07-25 05:53:12.786557,,Fraud Detection System
ALR00000867,TR00073614,3,Velocity Check Failed,Resolved,2016-10-06 20:36:19,Alka Dewan,EMP00000020,2016-10-25,2026-07-25 05:53:12.787557,,Fraud Detection System
ALR00000868,TR00094067,89,Unusual Spending Pattern,Under Investigation,2016-04-23 05:07:22,Jagdish Koshy,EMP00000078,,2026-07-25 05:53:12.788565,,Fraud Detection System
ALR00000869,TR00036176,1,Blacklisted Merchant,Resolved,2024-09-16 21:16:22,Devansh Rajan,EMP00000026,2024-10-02,2026-07-25 05:53:12.789652,,Fraud Detection System
ALR00000870,TR00133426,37,High Transaction Amount,Open,2013-10-09 14:33:48,,,,2026-07-25 05:53:12.790681,,Fraud Detection System
ALR00000871,TR00142115,6,Velocity Check Failed,False Positive,2025-09-02 14:12:45,Aadhya Andra,EMP00000312,2025-09-28,2026-07-25 05:53:12.792579,,Fraud Detection System
ALR00000872,TR00199582,41,Unusual Spending Pattern,Under Investigation,2011-04-06 06:00:03,Riya Pai,EMP00000314,,2026-07-25 05:53:12.793560,,Fraud Detection System
ALR00000873,TR00042499,58,High Transaction Amount,Under Investigation,2020-10-01 09:28:50,Rudra Sandal,EMP00000245,,2026-07-25 05:53:12.794558,,Fraud Detection System
ALR00000874,TR00020011,73,Location Mismatch,Closed,2017-01-08 09:55:29,Zayyan Bumb,EMP00000179,2017-01-30,2026-07-25 05:53:12.795563,,Fraud Detection System
ALR00000875,TR00218705,29,Unusual Spending Pattern,Under Investigation,2019-08-15 06:45:47,Veer Bir,EMP00000050,,2026-07-25 05:53:12.796652,,Fraud Detection System
ALR00000876,TR00155884,53,Location Mismatch,False Positive,2012-08-22 07:42:35,Gaurang Murty,EMP00000264,2012-09-11,2026-07-25 05:53:12.797651,,Fraud Detection System
ALR00000877,TR00060027,50,Velocity Check Failed,Open,2025-09-06 02:28:10,,,,2026-07-25 05:53:12.798655,,Fraud Detection System
ALR00000878,TR00228609,65,Velocity Check Failed,Resolved,2013-12-01 21:14:41,Yuvraj Handa,EMP00000060,2013-12-04,2026-07-25 05:53:12.799655,,Fraud Detection System
ALR00000879,TR00035512,31,Blacklisted Merchant,Open,2021-07-02 11:31:02,,,,2026-07-25 05:53:12.799655,,Fraud Detection System
ALR00000880,TR00115829,39,Location Mismatch,False Positive,2025-02-02 02:24:32,Jack Rajan,EMP00000123,2025-02-12,2026-07-25 05:53:12.800952,,Fraud Detection System
ALR00000881,TR00063279,4,Card Not Present,Resolved,2025-06-01 06:18:22,Aahana Pillay,EMP00000186,2025-06-21,2026-07-25 05:53:12.802064,,Fraud Detection System
ALR00000882,TR00063599,3,Location Mismatch,False Positive,2020-02-10 21:18:01,Sudiksha Aggarwal,EMP00000031,2020-02-28,2026-07-25 05:53:12.803057,,Fraud Detection System
ALR00000883,TR00002516,89,Unusual Spending Pattern,Closed,2025-11-30 14:45:42,Zayan Behl,EMP00000096,2025-12-28,2026-07-25 05:53:12.804050,,Fraud Detection System
ALR00000884,TR00202667,73,Blacklisted Merchant,Closed,2022-07-17 05:27:45,Dipta Sarin,EMP00000122,2022-07-17,2026-07-25 05:53:12.805054,,Fraud Detection System
ALR00000885,TR00225855,56,Velocity Check Failed,Under Investigation,2024-12-13 05:34:13,Aditya Shanker,EMP00000084,,2026-07-25 05:53:12.806067,,Fraud Detection System
ALR00000886,TR00170145,90,Card Not Present,Resolved,2024-01-26 15:39:17,Yuvraj Handa,EMP00000060,2024-02-22,2026-07-25 05:53:12.807074,,Fraud Detection System
ALR00000887,TR00039540,34,Location Mismatch,Under Investigation,2019-01-29 08:39:11,Balendra Pingle,EMP00000102,,2026-07-25 05:53:12.808073,,Fraud Detection System
ALR00000888,TR00110983,32,Velocity Check Failed,Under Investigation,2017-09-10 18:22:11,Adweta Edwin,EMP00000099,,2026-07-25 05:53:12.809059,,Fraud Detection System
ALR00000889,TR00086347,1,Unusual Spending Pattern,Resolved,2025-01-11 22:07:31,Yagnesh Shan,EMP00000279,2025-01-29,2026-07-25 05:53:12.810061,,Fraud Detection System
ALR00000890,TR00147582,31,Multiple Failed Attempts,Resolved,2021-07-13 07:47:22,Yagnesh Shan,EMP00000279,2021-08-05,2026-07-25 05:53:12.811079,,Fraud Detection System
ALR00000891,TR00160448,54,Location Mismatch,Resolved,2022-10-28 20:01:23,Lajita Seshadri,EMP00000235,2022-10-28,2026-07-25 05:53:12.812068,,Fraud Detection System
ALR00000892,TR00106651,97,Card Not Present,Closed,2026-07-03 10:14:10,Alka Dewan,EMP00000020,2026-07-11,2026-07-25 05:53:12.813058,,Fraud Detection System
ALR00000893,TR00062395,60,High Transaction Amount,Closed,2024-03-07 15:27:34,Banjeet Balasubramanian,EMP00000182,2024-03-21,2026-07-25 05:53:12.814067,,Fraud Detection System
ALR00000894,TR00212216,47,Multiple Failed Attempts,Resolved,2024-09-15 01:00:09,Jagdish Koshy,EMP00000078,2024-10-03,2026-07-25 05:53:12.815072,,Fraud Detection System
ALR00000895,TR00049692,27,Velocity Check Failed,Resolved,2017-05-27 00:57:45,Lakshit Upadhyay,EMP00000023,2017-06-16,2026-07-25 05:53:12.816075,,Fraud Detection System
ALR00000896,TR00096600,90,Multiple Failed Attempts,Under Investigation,2023-01-07 15:28:41,Balendra Pingle,EMP00000102,,2026-07-25 05:53:12.817070,,Fraud Detection System
ALR00000897,TR00121303,90,Multiple Failed Attempts,False Positive,2025-08-10 16:00:53,Nakul Bhandari,EMP00000075,2025-09-05,2026-07-25 05:53:12.818055,,Fraud Detection System
ALR00000898,TR00059081,15,High Transaction Amount,Under Investigation,2013-06-17 02:47:20,Chandresh Sood,EMP00000074,,2026-07-25 05:53:12.819059,,Fraud Detection System
ALR00000899,TR00143587,19,Velocity Check Failed,Open,2022-08-22 03:04:13,,,,2026-07-25 05:53:12.819971,,Fraud Detection System
ALR00000900,TR00144385,68,High Transaction Amount,Resolved,2025-10-11 04:07:58,Hritik Kaur,EMP00000338,2025-11-06,2026-07-25 05:53:12.821002,,Fraud Detection System
ALR00000901,TR00248167,16,Card Not Present,Under Investigation,2026-01-20 04:13:33,Yagnesh Shan,EMP00000279,,2026-07-25 05:53:12.821969,,Fraud Detection System
ALR00000902,TR00074114,60,Card Not Present,False Positive,2008-01-10 20:13:07,Onveer Walla,EMP00000012,2008-02-08,2026-07-25 05:53:12.822971,,Fraud Detection System
ALR00000903,TR00244831,40,High Transaction Amount,Open,2012-10-06 16:14:52,,,,2026-07-25 05:53:12.823969,,Fraud Detection System
ALR00000904,TR00165312,19,Card Not Present,False Positive,2022-07-18 13:04:49,Jeremiah Dave,EMP00000041,2022-07-28,2026-07-25 05:53:12.824969,,Fraud Detection System
ALR00000905,TR00068568,91,Unusual Spending Pattern,Open,2016-07-17 02:01:53,,,,2026-07-25 05:53:12.825972,,Fraud Detection System
ALR00000906,TR00142115,93,Card Not Present,False Positive,2025-09-02 13:13:45,Indira Misra,EMP00000166,2025-09-25,2026-07-25 05:53:12.826969,,Fraud Detection System
ALR00000907,TR00172213,56,High Transaction Amount,Open,2023-07-31 14:07:59,,,,2026-07-25 05:53:12.826969,,Fraud Detection System
ALR00000908,TR00187282,64,Blacklisted Merchant,Resolved,2023-03-23 23:47:32,Pallavi Kakar,EMP00000043,2023-04-02,2026-07-25 05:53:12.827982,,Fraud Detection System
ALR00000909,TR00012496,38,High Transaction Amount,Under Investigation,2026-04-02 08:27:08,Nimrat Dubey,EMP00000296,,2026-07-25 05:53:12.828973,,Fraud Detection System
ALR00000910,TR00152583,37,Unusual Spending Pattern,False Positive,2025-09-27 03:54:45,Kiaan Shetty,EMP00000150,2025-10-10,2026-07-25 05:53:12.829970,,Fraud Detection System
ALR00000911,TR00124745,69,Velocity Check Failed,Resolved,2022-12-19 07:05:29,Ojas Ray,EMP00000066,2023-01-09,2026-07-25 05:53:12.831971,,Fraud Detection System
ALR00000912,TR00226552,17,Velocity Check Failed,Under Investigation,2021-12-15 10:38:05,Vaishnavi Bora,EMP00000143,,2026-07-25 05:53:12.831971,,Fraud Detection System
ALR00000913,TR00071692,55,Blacklisted Merchant,Resolved,2023-10-09 13:06:09,Ekansh Keer,EMP00000077,2023-11-01,2026-07-25 05:53:12.833054,,Fraud Detection System
ALR00000914,TR00201201,27,Velocity Check Failed,Resolved,2026-06-20 20:22:01,Nicholas Goel,EMP00000108,2026-06-21,2026-07-25 05:53:12.834061,,Fraud Detection System
ALR00000915,TR00152739,99,Multiple Failed Attempts,Resolved,2022-03-15 10:31:38,Lakshit Upadhyay,EMP00000023,2022-04-02,2026-07-25 05:53:12.836055,,Fraud Detection System
ALR00000916,TR00088134,19,High Transaction Amount,Resolved,2024-11-27 22:50:59,Vaishnavi Bora,EMP00000143,2024-12-13,2026-07-25 05:53:12.837070,,Fraud Detection System
ALR00000917,TR00159841,66,Unusual Spending Pattern,Resolved,2013-03-29 23:10:22,Zayan Behl,EMP00000096,2013-04-17,2026-07-25 05:53:12.838068,,Fraud Detection System
ALR00000918,TR00156145,65,Unusual Spending Pattern,Resolved,2021-07-20 16:07:00,Nilima Nath,EMP00000260,2021-07-28,2026-07-25 05:53:12.838068,,Fraud Detection System
ALR00000919,TR00170161,23,Card Not Present,Under Investigation,2026-07-16 01:49:02,Yuvraj Handa,EMP00000060,,2026-07-25 05:53:12.839066,,Fraud Detection System
ALR00000920,TR00181178,97,Velocity Check Failed,Resolved,2024-05-18 03:36:16,Nakul Bhandari,EMP00000075,2024-06-09,2026-07-25 05:53:12.840072,,Fraud Detection System
ALR00000921,TR00165597,99,Location Mismatch,Resolved,2024-02-13 02:48:54,Pallavi Kakar,EMP00000043,2024-02-19,2026-07-25 05:53:12.841968,,Fraud Detection System
ALR00000922,TR00210582,77,Location Mismatch,Under Investigation,2025-12-10 02:45:05,Riya Pai,EMP00000314,,2026-07-25 05:53:12.843072,,Fraud Detection System
ALR00000923,TR00157896,28,Unusual Spending Pattern,Under Investigation,2024-11-27 12:57:08,Lakshit Dora,EMP00000159,,2026-07-25 05:53:12.844061,,Fraud Detection System
ALR00000924,TR00226352,83,Card Not Present,Under Investigation,2012-12-03 11:58:56,Yagnesh Shan,EMP00000279,,2026-07-25 05:53:12.845052,,Fraud Detection System
ALR00000925,TR00162271,31,Velocity Check Failed,Open,2026-06-18 02:35:43,,,,2026-07-25 05:53:12.845052,,Fraud Detection System
ALR00000926,TR00077505,92,Velocity Check Failed,Resolved,2019-11-09 01:48:37,Nakul Sarma,EMP00000089,2019-12-04,2026-07-25 05:53:12.846052,,Fraud Detection System
ALR00000927,TR00110714,10,Unusual Spending Pattern,False Positive,2018-12-25 04:11:31,Alka Dewan,EMP00000020,2018-12-26,2026-07-25 05:53:12.847055,,Fraud Detection System
ALR00000928,TR00145610,38,Unusual Spending Pattern,Under Investigation,2025-04-22 14:20:37,Mohini Pathak,EMP00000022,,2026-07-25 05:53:12.848080,,Fraud Detection System
ALR00000929,TR00184144,1,Card Not Present,False Positive,2025-09-04 02:03:08,Devansh Sachdeva,EMP00000161,2025-09-23,2026-07-25 05:53:12.849061,,Fraud Detection System
ALR00000930,TR00022645,28,Card Not Present,Open,2020-01-05 17:52:34,,,,2026-07-25 05:53:12.850059,,Fraud Detection System
ALR00000931,TR00074082,60,Location Mismatch,Resolved,2019-03-05 13:44:46,Nicholas Goel,EMP00000108,2019-04-02,2026-07-25 05:53:12.851054,,Fraud Detection System
ALR00000932,TR00188028,15,Blacklisted Merchant,Under Investigation,2025-03-14 14:15:11,Kashvi Sarma,EMP00000045,,2026-07-25 05:53:12.852049,,Fraud Detection System
ALR00000933,TR00043940,94,Multiple Failed Attempts,Resolved,2022-06-19 12:55:38,Chaaya Saran,EMP00000030,2022-07-16,2026-07-25 05:53:12.853048,,Fraud Detection System
ALR00000934,TR00032932,50,Velocity Check Failed,False Positive,2014-10-20 21:51:13,Indira Misra,EMP00000166,2014-10-21,2026-07-25 05:53:12.854068,,Fraud Detection System
ALR00000935,TR00135680,11,Unusual Spending Pattern,Resolved,2025-02-28 10:10:19,Ishwar Kamdar,EMP00000185,2025-03-04,2026-07-25 05:53:12.855056,,Fraud Detection System
ALR00000936,TR00243147,76,High Transaction Amount,Resolved,2023-06-16 16:38:53,Prisha Andra,EMP00000100,2023-07-06,2026-07-25 05:53:12.856049,,Fraud Detection System
ALR00000937,TR00133338,24,Card Not Present,Resolved,2026-01-13 01:51:55,Vaishnavi Bora,EMP00000143,2026-01-19,2026-07-25 05:53:12.857049,,Fraud Detection System
ALR00000938,TR00228740,1,Blacklisted Merchant,False Positive,2018-02-06 15:52:24,Dipta Sarin,EMP00000122,2018-02-28,2026-07-25 05:53:12.858072,,Fraud Detection System
ALR00000939,TR00208735,5,Velocity Check Failed,Resolved,2025-12-18 05:12:47,Vaishnavi Bora,EMP00000143,2025-12-26,2026-07-25 05:53:12.859058,,Fraud Detection System
ALR00000940,TR00063993,71,Velocity Check Failed,Under Investigation,2023-12-12 18:02:53,Yagnesh Shan,EMP00000279,,2026-07-25 05:53:12.860062,,Fraud Detection System
ALR00000941,TR00207439,5,Location Mismatch,Resolved,2018-08-14 15:42:52,Ojas Ray,EMP00000066,2018-08-16,2026-07-25 05:53:12.861055,,Fraud Detection System
ALR00000942,TR00120997,33,Velocity Check Failed,Under Investigation,2024-10-10 02:30:42,Jagdish Koshy,EMP00000078,,2026-07-25 05:53:12.862056,,Fraud Detection System
ALR00000943,TR00203197,61,Velocity Check Failed,False Positive,2025-12-01 11:08:52,Pranav Lanka,EMP00000120,2025-12-13,2026-07-25 05:53:12.863056,,Fraud Detection System
ALR00000944,TR00187780,17,Location Mismatch,Open,2014-10-31 07:24:53,,,,2026-07-25 05:53:12.863056,,Fraud Detection System
ALR00000945,TR00084845,13,Blacklisted Merchant,Resolved,2026-07-03 10:00:28,Nilima Nath,EMP00000260,2026-07-12,2026-07-25 05:53:12.864064,,Fraud Detection System
ALR00000946,TR00028912,12,Velocity Check Failed,Under Investigation,2026-06-07 08:51:27,Zayan Behl,EMP00000096,,2026-07-25 05:53:12.865070,,Fraud Detection System
ALR00000947,TR00240961,18,Location Mismatch,Under Investigation,2026-03-21 11:10:15,Rudra Sandal,EMP00000245,,2026-07-25 05:53:12.866072,,Fraud Detection System
ALR00000948,TR00034959,81,Blacklisted Merchant,Under Investigation,2025-03-04 03:16:36,Aahana Pillay,EMP00000186,,2026-07-25 05:53:12.867066,,Fraud Detection System
ALR00000949,TR00241992,30,Multiple Failed Attempts,Resolved,2024-05-11 03:15:23,Ekansh Keer,EMP00000077,2024-05-26,2026-07-25 05:53:12.868064,,Fraud Detection System
ALR00000950,TR00215849,13,Unusual Spending Pattern,False Positive,2015-12-25 04:37:51,Rudra Sandal,EMP00000245,2016-01-04,2026-07-25 05:53:12.869059,,Fraud Detection System
ALR00000951,TR00182010,48,High Transaction Amount,Resolved,2022-09-03 13:21:02,Ojas Ray,EMP00000066,2022-09-25,2026-07-25 05:53:12.870056,,Fraud Detection System
ALR00000952,TR00245188,15,Velocity Check Failed,Open,2009-07-10 09:42:09,,,,2026-07-25 05:53:12.871055,,Fraud Detection System
ALR00000953,TR00242132,100,Card Not Present,Closed,2026-02-03 20:31:41,Adweta Edwin,EMP00000099,2026-02-18,2026-07-25 05:53:12.872073,,Fraud Detection System
ALR00000954,TR00202664,70,Location Mismatch,Resolved,2020-12-11 07:10:20,Nimrat Dubey,EMP00000296,2020-12-27,2026-07-25 05:53:12.873066,,Fraud Detection System
ALR00000955,TR00091575,25,Unusual Spending Pattern,Resolved,2012-01-25 19:12:29,Balveer Bumb,EMP00000079,2012-02-12,2026-07-25 05:53:12.874059,,Fraud Detection System
ALR00000956,TR00199138,58,Multiple Failed Attempts,Resolved,2023-09-22 05:10:17,Mohini Pathak,EMP00000022,2023-10-05,2026-07-25 05:53:12.874973,,Fraud Detection System
ALR00000957,TR00003635,50,Velocity Check Failed,Under Investigation,2022-04-30 15:22:36,Rudra Sandal,EMP00000245,,2026-07-25 05:53:12.876064,,Fraud Detection System
ALR00000958,TR00134905,53,Multiple Failed Attempts,Open,2020-05-25 03:29:55,,,,2026-07-25 05:53:12.877071,,Fraud Detection System
ALR00000959,TR00114175,8,Velocity Check Failed,Under Investigation,2025-04-09 13:39:13,Aadhya Andra,EMP00000312,,2026-07-25 05:53:12.878061,,Fraud Detection System
ALR00000960,TR00168910,23,Velocity Check Failed,False Positive,2026-02-17 05:39:45,Jeremiah Dave,EMP00000041,2026-03-09,2026-07-25 05:53:12.879056,,Fraud Detection System
ALR00000961,TR00168783,16,Blacklisted Merchant,Under Investigation,2026-04-13 16:46:21,Zayyan Bumb,EMP00000179,,2026-07-25 05:53:12.880062,,Fraud Detection System
ALR00000962,TR00146899,31,Card Not Present,Under Investigation,2025-07-31 13:51:12,Jeremiah Dave,EMP00000041,,2026-07-25 05:53:12.881056,,Fraud Detection System
ALR00000963,TR00206936,91,Unusual Spending Pattern,Closed,2025-06-22 08:34:44,Yuvraj Handa,EMP00000060,2025-07-04,2026-07-25 05:53:12.882055,,Fraud Detection System
ALR00000964,TR00235301,3,Multiple Failed Attempts,False Positive,2023-05-07 06:52:25,Ojas Ray,EMP00000066,2023-05-10,2026-07-25 05:53:12.883079,,Fraud Detection System
ALR00000965,TR00027272,29,Velocity Check Failed,Under Investigation,2023-08-11 21:54:16,Vaishnavi Bora,EMP00000143,,2026-07-25 05:53:12.883972,,Fraud Detection System
ALR00000966,TR00058326,71,Velocity Check Failed,Open,2025-05-11 16:40:26,,,,2026-07-25 05:53:12.883972,,Fraud Detection System
ALR00000967,TR00006336,54,Velocity Check Failed,Resolved,2025-07-30 22:26:42,Ishwar Kamdar,EMP00000185,2025-08-21,2026-07-25 05:53:12.884970,,Fraud Detection System
ALR00000968,TR00221935,73,Location Mismatch,Open,2018-10-01 14:00:48,,,,2026-07-25 05:53:12.885970,,Fraud Detection System
ALR00000969,TR00141017,10,Unusual Spending Pattern,Open,2025-03-15 11:37:19,,,,2026-07-25 05:53:12.886971,,Fraud Detection System
ALR00000970,TR00229204,61,Blacklisted Merchant,Resolved,2021-11-19 18:05:18,Banjeet Balasubramanian,EMP00000182,2021-11-19,2026-07-25 05:53:12.888057,,Fraud Detection System
ALR00000971,TR00055173,58,Multiple Failed Attempts,Under Investigation,2024-05-03 04:24:51,Yagnesh Shan,EMP00000279,,2026-07-25 05:53:12.889068,,Fraud Detection System
ALR00000972,TR00016310,31,Unusual Spending Pattern,Resolved,2025-01-18 09:34:04,Pranav Lanka,EMP00000120,2025-02-13,2026-07-25 05:53:12.890056,,Fraud Detection System
ALR00000973,TR00207281,7,Velocity Check Failed,Open,2024-05-20 14:59:52,,,,2026-07-25 05:53:12.890056,,Fraud Detection System
ALR00000974,TR00227676,96,Location Mismatch,Resolved,2024-12-19 01:52:21,Devansh Rajan,EMP00000026,2024-12-21,2026-07-25 05:53:12.891062,,Fraud Detection System
ALR00000975,TR00075791,62,Unusual Spending Pattern,Under Investigation,2023-01-17 20:07:07,Meghana Maharaj,EMP00000320,,2026-07-25 05:53:12.892021,,Fraud Detection System
ALR00000976,TR00102305,89,Unusual Spending Pattern,Resolved,2025-05-03 03:27:56,Nimrat Dubey,EMP00000296,2025-05-19,2026-07-25 05:53:12.893068,,Fraud Detection System
ALR00000977,TR00034796,54,Location Mismatch,Open,2023-03-02 05:48:34,,,,2026-07-25 05:53:12.894073,,Fraud Detection System
ALR00000978,TR00236817,95,Blacklisted Merchant,Closed,2020-08-14 04:25:44,Nimrat Dubey,EMP00000296,2020-08-24,2026-07-25 05:53:12.895057,,Fraud Detection System
ALR00000979,TR00076299,18,Location Mismatch,Open,2025-03-19 02:26:28,,,,2026-07-25 05:53:12.895057,,Fraud Detection System
ALR00000980,TR00123706,38,Velocity Check Failed,False Positive,2025-01-01 19:30:09,Rudra Sandal,EMP00000245,2025-01-04,2026-07-25 05:53:12.896075,,Fraud Detection System
ALR00000981,TR00024383,25,High Transaction Amount,Open,2024-05-25 08:16:43,,,,2026-07-25 05:53:12.897069,,Fraud Detection System
ALR00000982,TR00222785,25,Location Mismatch,Open,2025-09-28 12:19:37,,,,2026-07-25 05:53:12.898062,,Fraud Detection System
ALR00000983,TR00033786,19,Velocity Check Failed,Resolved,2019-01-17 20:36:18,Chandresh Sood,EMP00000074,2019-01-18,2026-07-25 05:53:12.899054,,Fraud Detection System
ALR00000984,TR00113957,79,Unusual Spending Pattern,False Positive,2022-09-22 10:20:05,Kashvi Sarma,EMP00000045,2022-09-23,2026-07-25 05:53:12.900330,,Fraud Detection System
ALR00000985,TR00168368,66,Location Mismatch,Resolved,2015-03-23 23:44:00,Lakshit Upadhyay,EMP00000023,2015-04-04,2026-07-25 05:53:12.900330,,Fraud Detection System
ALR00000986,TR00186873,52,Velocity Check Failed,Resolved,2022-04-22 18:38:39,Jagdish Koshy,EMP00000078,2022-05-01,2026-07-25 05:53:12.902444,,Fraud Detection System
ALR00000987,TR00236717,64,Velocity Check Failed,Under Investigation,2025-05-27 09:36:22,Diya Rattan,EMP00000016,,2026-07-25 05:53:12.902444,,Fraud Detection System
ALR00000988,TR00105293,27,High Transaction Amount,False Positive,2019-05-10 00:59:07,Sudiksha Aggarwal,EMP00000031,2019-05-10,2026-07-25 05:53:12.903454,,Fraud Detection System
ALR00000989,TR00186648,91,Multiple Failed Attempts,Open,2018-03-12 16:14:07,,,,2026-07-25 05:53:12.904446,,Fraud Detection System
ALR00000990,TR00038556,31,Blacklisted Merchant,Resolved,2023-03-30 23:22:11,Ronith Patla,EMP00000126,2023-04-06,2026-07-25 05:53:12.905448,,Fraud Detection System
ALR00000991,TR00104271,29,Velocity Check Failed,Resolved,2026-04-15 16:43:31,Yuvraj Handa,EMP00000060,2026-04-26,2026-07-25 05:53:12.906444,,Fraud Detection System
ALR00000992,TR00024831,44,Multiple Failed Attempts,Open,2025-07-17 07:20:17,,,,2026-07-25 05:53:12.907449,,Fraud Detection System
ALR00000993,TR00122846,86,Velocity Check Failed,Resolved,2021-12-07 10:34:07,Yuvraj Handa,EMP00000060,2021-12-13,2026-07-25 05:53:12.908360,,Fraud Detection System
ALR00000994,TR00102284,69,High Transaction Amount,Under Investigation,2022-10-08 23:00:43,Nakul Sarma,EMP00000089,,2026-07-25 05:53:12.909452,,Fraud Detection System
ALR00000995,TR00238069,43,Velocity Check Failed,Resolved,2016-09-13 16:31:51,Prisha Andra,EMP00000100,2016-10-05,2026-07-25 05:53:12.910443,,Fraud Detection System
ALR00000996,TR00008393,81,Location Mismatch,Resolved,2024-11-17 02:20:18,Yagnesh Shan,EMP00000279,2024-11-22,2026-07-25 05:53:12.911457,,Fraud Detection System
ALR00000997,TR00092789,43,Unusual Spending Pattern,Resolved,2026-07-11 09:58:50,Akshay Lalla,EMP00000335,2026-07-24,2026-07-25 05:53:12.912441,,Fraud Detection System
ALR00000998,TR00111519,96,Velocity Check Failed,Resolved,2026-07-14 10:29:16,Hritik Kaur,EMP00000338,2026-07-16,2026-07-25 05:53:12.913444,,Fraud Detection System
ALR00000999,TR00237800,79,Location Mismatch,Open,2012-04-20 00:17:35,,,,2026-07-25 05:53:12.914441,,Fraud Detection System
ALR00001000,TR00214780,84,Blacklisted Merchant,Resolved,2025-05-02 15:10:24,Ronith Patla,EMP00000126,2025-05-24,2026-07-25 05:53:12.915445,,Fraud Detection System
ALR00001001,TR00024908,97,Card Not Present,False Positive,2024-09-08 18:40:50,Nakul Sarma,EMP00000089,2024-09-20,2026-07-25 05:53:12.916450,,Fraud Detection System
ALR00001002,TR00172171,38,Location Mismatch,Under Investigation,2022-11-12 06:32:42,Banjeet Balasubramanian,EMP00000182,,2026-07-25 05:53:12.917446,,Fraud Detection System
ALR00001003,TR00136879,40,High Transaction Amount,False Positive,2026-05-09 12:25:14,Divya Kala,EMP00000018,2026-05-26,2026-07-25 05:53:12.918445,,Fraud Detection System
ALR00001004,TR00244811,30,Velocity Check Failed,Resolved,2014-09-18 09:53:40,Adweta Edwin,EMP00000099,2014-09-26,2026-07-25 05:53:12.919450,,Fraud Detection System
ALR00001005,TR00089806,63,Blacklisted Merchant,Resolved,2024-07-05 09:27:38,Sudiksha Aggarwal,EMP00000031,2024-08-03,2026-07-25 05:53:12.920451,,Fraud Detection System
ALR00001006,TR00099861,59,Location Mismatch,Resolved,2024-03-12 20:55:30,Lajita Seshadri,EMP00000235,2024-04-10,2026-07-25 05:53:12.921363,,Fraud Detection System
ALR00001007,TR00047211,65,Location Mismatch,Resolved,2018-08-19 00:23:12,Pranav Lanka,EMP00000120,2018-08-24,2026-07-25 05:53:12.922370,,Fraud Detection System
ALR00001008,TR00030602,7,Card Not Present,Open,2016-11-20 20:26:22,,,,2026-07-25 05:53:12.923361,,Fraud Detection System
ALR00001009,TR00212774,76,Velocity Check Failed,Open,2018-06-15 08:01:08,,,,2026-07-25 05:53:12.923361,,Fraud Detection System
ALR00001010,TR00114173,34,Multiple Failed Attempts,Resolved,2026-01-02 07:33:54,Ishwar Kamdar,EMP00000185,2026-01-09,2026-07-25 05:53:12.924363,,Fraud Detection System
ALR00001011,TR00166414,55,Velocity Check Failed,Open,2017-10-01 15:25:03,,,,2026-07-25 05:53:12.925362,,Fraud Detection System
ALR00001012,TR00161094,93,Unusual Spending Pattern,Open,2015-09-06 08:55:02,,,,2026-07-25 05:53:12.926371,,Fraud Detection System
ALR00001013,TR00150082,67,Velocity Check Failed,Resolved,2025-11-10 17:19:24,Lakshit Upadhyay,EMP00000023,2025-11-25,2026-07-25 05:53:12.927364,,Fraud Detection System
ALR00001014,TR00005389,25,High Transaction Amount,Resolved,2025-10-15 06:28:17,Balendra Pingle,EMP00000102,2025-10-20,2026-07-25 05:53:12.928360,,Fraud Detection System
ALR00001015,TR00198161,62,Velocity Check Failed,Under Investigation,2019-12-15 00:30:57,Mohini Pathak,EMP00000022,,2026-07-25 05:53:12.929365,,Fraud Detection System
ALR00001016,TR00060772,58,Blacklisted Merchant,Closed,2019-11-23 00:52:43,Nilima Nath,EMP00000260,2019-12-21,2026-07-25 05:53:12.930373,,Fraud Detection System
ALR00001017,TR00031492,25,Velocity Check Failed,Resolved,2023-07-06 08:13:38,Yuvraj Handa,EMP00000060,2023-07-07,2026-07-25 05:53:12.931359,,Fraud Detection System
ALR00001018,TR00141757,61,Card Not Present,Resolved,2026-04-12 04:44:19,Jack Rajan,EMP00000123,2026-04-27,2026-07-25 05:53:12.932360,,Fraud Detection System
ALR00001019,TR00017627,56,High Transaction Amount,False Positive,2025-09-28 05:57:37,Aditya Shanker,EMP00000084,2025-10-25,2026-07-25 05:53:12.933360,,Fraud Detection System
ALR00001020,TR00192547,48,Unusual Spending Pattern,Resolved,2024-06-21 05:08:33,Veer Bir,EMP00000050,2024-07-09,2026-07-25 05:53:12.934360,,Fraud Detection System
ALR00001021,TR00051687,39,Unusual Spending Pattern,Resolved,2024-04-24 01:25:34,Adweta Edwin,EMP00000099,2024-05-13,2026-07-25 05:53:12.936362,,Fraud Detection System
ALR00001022,TR00053773,45,Location Mismatch,Under Investigation,2013-05-24 04:39:08,Ojas Ray,EMP00000066,,2026-07-25 05:53:12.937360,,Fraud Detection System
ALR00001023,TR00218459,14,Blacklisted Merchant,Resolved,2020-08-20 15:59:15,Lakshit Dora,EMP00000159,2020-08-29,2026-07-25 05:53:12.938364,,Fraud Detection System
ALR00001024,TR00082478,69,Blacklisted Merchant,Under Investigation,2014-02-28 13:02:09,Benjamin Morar,EMP00000104,,2026-07-25 05:53:12.939360,,Fraud Detection System
ALR00001025,TR00036745,44,Location Mismatch,False Positive,2026-07-20 06:30:10,Akshay Lalla,EMP00000335,2026-07-20,2026-07-25 05:53:12.940360,,Fraud Detection System
ALR00001026,TR00225653,96,Unusual Spending Pattern,Resolved,2025-10-14 04:28:48,Yagnesh Shan,EMP00000279,2025-11-11,2026-07-25 05:53:12.941360,,Fraud Detection System
ALR00001027,TR00000696,95,Card Not Present,Resolved,2018-01-01 03:20:52,Kiaan Shetty,EMP00000150,2018-01-12,2026-07-25 05:53:12.942361,,Fraud Detection System
ALR00001028,TR00215450,5,Unusual Spending Pattern,Under Investigation,2023-08-22 11:19:25,Jagdish Koshy,EMP00000078,,2026-07-25 05:53:12.943360,,Fraud Detection System
ALR00001029,TR00035966,38,Velocity Check Failed,Resolved,2026-06-12 09:39:12,Mohini Pathak,EMP00000022,2026-06-16,2026-07-25 05:53:12.944360,,Fraud Detection System
ALR00001030,TR00032446,85,Location Mismatch,Open,2011-01-30 14:37:08,,,,2026-07-25 05:53:12.944360,,Fraud Detection System
ALR00001031,TR00062553,1,Location Mismatch,Under Investigation,2013-07-28 00:47:45,Indira Misra,EMP00000166,,2026-07-25 05:53:12.945360,,Fraud Detection System
ALR00001032,TR00043644,45,Card Not Present,False Positive,2025-10-29 13:55:08,Jeremiah Dave,EMP00000041,2025-11-12,2026-07-25 05:53:12.946360,,Fraud Detection System
ALR00001033,TR00166065,4,Location Mismatch,False Positive,2020-08-11 02:48:31,Yuvraj Handa,EMP00000060,2020-09-09,2026-07-25 05:53:12.947359,,Fraud Detection System
ALR00001034,TR00006486,35,Multiple Failed Attempts,Resolved,2025-08-26 07:00:34,Nilima Nath,EMP00000260,2025-08-31,2026-07-25 05:53:12.948360,,Fraud Detection System
ALR00001035,TR00003804,94,High Transaction Amount,Resolved,2026-05-13 01:06:01,Yagnesh Shan,EMP00000279,2026-06-09,2026-07-25 05:53:12.949360,,Fraud Detection System
ALR00001036,TR00198951,9,Card Not Present,False Positive,2024-02-23 08:55:44,Ojas Ray,EMP00000066,2024-02-24,2026-07-25 05:53:12.951360,,Fraud Detection System
ALR00001037,TR00059198,43,Unusual Spending Pattern,Resolved,2020-09-18 11:27:17,Pranav Lanka,EMP00000120,2020-10-04,2026-07-25 05:53:12.952360,,Fraud Detection System
ALR00001038,TR00081293,100,Card Not Present,Open,2025-10-06 20:38:16,,,,2026-07-25 05:53:12.952360,,Fraud Detection System
ALR00001039,TR00043585,89,Card Not Present,False Positive,2020-07-31 18:17:37,Devansh Sachdeva,EMP00000161,2020-08-25,2026-07-25 05:53:12.953362,,Fraud Detection System
ALR00001040,TR00013511,71,Blacklisted Merchant,False Positive,2023-11-04 03:19:59,Hritik Kaur,EMP00000338,2023-11-24,2026-07-25 05:53:12.954364,,Fraud Detection System
ALR00001041,TR00186486,13,Location Mismatch,Open,2023-01-06 03:52:03,,,,2026-07-25 05:53:12.955364,,Fraud Detection System
ALR00001042,TR00132051,64,Blacklisted Merchant,Under Investigation,2025-11-14 16:27:44,Dipta Sarin,EMP00000122,,2026-07-25 05:53:12.956360,,Fraud Detection System
ALR00001043,TR00187565,23,Location Mismatch,Resolved,2023-01-25 17:32:30,Zaid Dara,EMP00000149,2023-02-11,2026-07-25 05:53:12.957360,,Fraud Detection System
ALR00001044,TR00119625,84,Velocity Check Failed,False Positive,2024-02-15 08:39:27,Vaishnavi Bora,EMP00000143,2024-02-18,2026-07-25 05:53:12.958358,,Fraud Detection System
ALR00001045,TR00195918,30,Location Mismatch,False Positive,2021-08-10 15:29:45,Benjamin Morar,EMP00000104,2021-09-03,2026-07-25 05:53:12.959360,,Fraud Detection System
ALR00001046,TR00128916,23,Unusual Spending Pattern,Under Investigation,2023-07-16 04:17:42,Indira Misra,EMP00000166,,2026-07-25 05:53:12.960360,,Fraud Detection System
ALR00001047,TR00027383,47,Multiple Failed Attempts,False Positive,2026-01-11 14:50:44,Banjeet Balasubramanian,EMP00000182,2026-01-27,2026-07-25 05:53:12.961364,,Fraud Detection System
ALR00001048,TR00126559,47,Multiple Failed Attempts,False Positive,2026-02-23 13:38:28,Nicholas Goel,EMP00000108,2026-02-23,2026-07-25 05:53:12.962360,,Fraud Detection System
ALR00001049,TR00236555,98,Velocity Check Failed,False Positive,2017-05-23 11:52:56,Prisha Andra,EMP00000100,2017-06-12,2026-07-25 05:53:12.963364,,Fraud Detection System
ALR00001050,TR00011052,81,High Transaction Amount,Closed,2018-05-26 10:36:21,Onveer Walla,EMP00000012,2018-06-18,2026-07-25 05:53:12.964364,,Fraud Detection System
ALR00001051,TR00197273,33,High Transaction Amount,Resolved,2025-04-15 08:53:52,Nicholas Goel,EMP00000108,2025-04-20,2026-07-25 05:53:12.965364,,Fraud Detection System
ALR00001052,TR00217671,64,Multiple Failed Attempts,Open,2025-09-12 05:28:00,,,,2026-07-25 05:53:12.966360,,Fraud Detection System
ALR00001053,TR00130940,91,Unusual Spending Pattern,Resolved,2014-08-26 04:39:08,Nakul Sarma,EMP00000089,2014-09-16,2026-07-25 05:53:12.967364,,Fraud Detection System
ALR00001054,TR00115024,33,Location Mismatch,Under Investigation,2022-04-01 01:51:49,Alka Dewan,EMP00000020,,2026-07-25 05:53:12.968362,,Fraud Detection System
ALR00001055,TR00241257,57,Card Not Present,Resolved,2018-03-17 08:06:55,Chandresh Sood,EMP00000074,2018-04-03,2026-07-25 05:53:12.969365,,Fraud Detection System
ALR00001056,TR00015745,22,High Transaction Amount,Under Investigation,2016-09-04 14:01:10,Ojas Ray,EMP00000066,,2026-07-25 05:53:12.970363,,Fraud Detection System
ALR00001057,TR00120281,69,Multiple Failed Attempts,False Positive,2021-01-11 12:22:00,Gaurang Murty,EMP00000264,2021-02-02,2026-07-25 05:53:12.971361,,Fraud Detection System
ALR00001058,TR00100750,68,Blacklisted Merchant,Resolved,2023-01-29 17:15:23,Jyoti Solanki,EMP00000213,2023-02-05,2026-07-25 05:53:12.972362,,Fraud Detection System
ALR00001059,TR00172282,62,Location Mismatch,Resolved,2014-04-29 17:33:00,Nicholas Goel,EMP00000108,2014-05-20,2026-07-25 05:53:12.973371,,Fraud Detection System
ALR00001060,TR00123095,64,Multiple Failed Attempts,False Positive,2024-07-19 21:39:26,Nicholas Goel,EMP00000108,2024-07-27,2026-07-25 05:53:12.975362,,Fraud Detection System
ALR00001061,TR00227782,21,Velocity Check Failed,False Positive,2024-11-02 12:40:51,Jagdish Koshy,EMP00000078,2024-11-27,2026-07-25 05:53:12.976448,,Fraud Detection System
ALR00001062,TR00018753,86,Blacklisted Merchant,Resolved,2024-11-30 02:35:37,Rudra Sandal,EMP00000245,2024-12-13,2026-07-25 05:53:12.977444,,Fraud Detection System
ALR00001063,TR00020449,49,Blacklisted Merchant,Under Investigation,2026-03-15 19:31:16,Nicholas Goel,EMP00000108,,2026-07-25 05:53:12.978457,,Fraud Detection System
ALR00001064,TR00153102,1,Card Not Present,Under Investigation,2009-08-17 16:34:23,Rudra Sandal,EMP00000245,,2026-07-25 05:53:12.979456,,Fraud Detection System
ALR00001065,TR00016893,19,Unusual Spending Pattern,Resolved,2026-05-15 22:07:26,Onveer Walla,EMP00000012,2026-06-13,2026-07-25 05:53:12.980456,,Fraud Detection System
ALR00001066,TR00068703,3,Card Not Present,Resolved,2023-02-03 14:01:31,Nilima Nath,EMP00000260,2023-03-01,2026-07-25 05:53:12.981447,,Fraud Detection System
ALR00001067,TR00159061,43,High Transaction Amount,Resolved,2021-11-04 23:56:26,Ronith Patla,EMP00000126,2021-11-27,2026-07-25 05:53:12.982446,,Fraud Detection System
ALR00001068,TR00137866,58,Unusual Spending Pattern,False Positive,2022-10-29 10:45:45,Pallavi Kakar,EMP00000043,2022-11-20,2026-07-25 05:53:12.983452,,Fraud Detection System
ALR00001069,TR00081646,95,Unusual Spending Pattern,Open,2021-09-29 04:21:48,,,,2026-07-25 05:53:12.983452,,Fraud Detection System
ALR00001070,TR00248628,60,Unusual Spending Pattern,Closed,2013-10-21 23:50:16,Nakul Sarma,EMP00000089,2013-11-11,2026-07-25 05:53:12.984450,,Fraud Detection System
ALR00001071,TR00133257,19,Location Mismatch,Resolved,2019-05-20 10:55:00,Aahana Pillay,EMP00000186,2019-06-17,2026-07-25 05:53:12.985450,,Fraud Detection System
ALR00001072,TR00113969,61,Multiple Failed Attempts,Resolved,2022-03-26 18:53:33,Meghana Maharaj,EMP00000320,2022-04-08,2026-07-25 05:53:12.986451,,Fraud Detection System
ALR00001073,TR00152280,43,Location Mismatch,Resolved,2022-05-08 02:13:54,Lakshit Dora,EMP00000159,2022-05-23,2026-07-25 05:53:12.987457,,Fraud Detection System
ALR00001074,TR00024866,81,Velocity Check Failed,Resolved,2025-08-24 07:38:43,Balveer Parmar,EMP00000105,2025-09-04,2026-07-25 05:53:12.988457,,Fraud Detection System
ALR00001075,TR00176241,53,High Transaction Amount,Open,2018-08-23 05:53:41,,,,2026-07-25 05:53:12.989459,,Fraud Detection System
ALR00001076,TR00214033,85,Multiple Failed Attempts,Open,2016-11-23 16:04:57,,,,2026-07-25 05:53:12.989459,,Fraud Detection System
ALR00001077,TR00163446,52,Blacklisted Merchant,Resolved,2013-05-05 05:59:58,Indira Misra,EMP00000166,2013-05-09,2026-07-25 05:53:12.990451,,Fraud Detection System
ALR00001078,TR00193472,16,Blacklisted Merchant,Resolved,2013-12-10 03:01:50,Nicholas Goel,EMP00000108,2013-12-23,2026-07-25 05:53:12.992445,,Fraud Detection System
ALR00001079,TR00181148,92,Velocity Check Failed,Resolved,2022-12-12 05:50:31,Jeremiah Dave,EMP00000041,2023-01-02,2026-07-25 05:53:12.993447,,Fraud Detection System
ALR00001080,TR00053528,74,Blacklisted Merchant,Resolved,2026-02-04 09:52:38,Nimrat Dubey,EMP00000296,2026-02-15,2026-07-25 05:53:12.994449,,Fraud Detection System
ALR00001081,TR00113478,62,Blacklisted Merchant,Open,2020-05-13 20:32:32,,,,2026-07-25 05:53:12.994449,,Fraud Detection System
ALR00001082,TR00056955,54,Velocity Check Failed,False Positive,2018-04-07 11:35:20,Ronith Patla,EMP00000126,2018-04-29,2026-07-25 05:53:12.995462,,Fraud Detection System
ALR00001083,TR00084898,81,High Transaction Amount,Open,2026-07-06 05:02:49,,,,2026-07-25 05:53:12.996473,,Fraud Detection System
ALR00001084,TR00113905,23,Blacklisted Merchant,Resolved,2019-07-26 04:15:09,Riya Pai,EMP00000314,2019-08-22,2026-07-25 05:53:12.997446,,Fraud Detection System
ALR00001085,TR00104567,23,Location Mismatch,Under Investigation,2022-05-20 21:02:53,Jagdish Koshy,EMP00000078,,2026-07-25 05:53:12.998451,,Fraud Detection System
ALR00001086,TR00023928,1,Card Not Present,Closed,2026-02-10 08:56:50,Nicholas Goel,EMP00000108,2026-03-11,2026-07-25 05:53:12.999460,,Fraud Detection System
ALR00001087,TR00107231,41,Location Mismatch,Open,2021-04-04 12:41:09,,,,2026-07-25 05:53:13.000467,,Fraud Detection System
ALR00001088,TR00166987,31,High Transaction Amount,False Positive,2023-03-05 20:47:42,Balveer Parmar,EMP00000105,2023-03-23,2026-07-25 05:53:13.000995,,Fraud Detection System
ALR00001089,TR00093904,2,Velocity Check Failed,Open,2025-05-18 08:22:23,,,,2026-07-25 05:53:13.000995,,Fraud Detection System
ALR00001090,TR00038099,68,Location Mismatch,Resolved,2013-12-12 03:50:47,Ekansh Keer,EMP00000077,2013-12-28,2026-07-25 05:53:13.002115,,Fraud Detection System
ALR00001091,TR00231216,96,Blacklisted Merchant,False Positive,2015-03-18 19:25:12,Nilima Nath,EMP00000260,2015-03-19,2026-07-25 05:53:13.003123,,Fraud Detection System
ALR00001092,TR00017280,54,Card Not Present,Open,2012-05-10 15:55:24,,,,2026-07-25 05:53:13.004124,,Fraud Detection System
ALR00001093,TR00209095,20,High Transaction Amount,Resolved,2022-10-21 13:15:28,Ekansh Keer,EMP00000077,2022-11-13,2026-07-25 05:53:13.005124,,Fraud Detection System
ALR00001094,TR00023409,52,Multiple Failed Attempts,False Positive,2023-01-03 14:58:47,Hritik Kaur,EMP00000338,2023-01-18,2026-07-25 05:53:13.006126,,Fraud Detection System
ALR00001095,TR00024236,61,Velocity Check Failed,Closed,2020-11-08 13:49:44,Frederick Khurana,EMP00000208,2020-11-16,2026-07-25 05:53:13.007140,,Fraud Detection System
ALR00001096,TR00185725,10,Unusual Spending Pattern,Resolved,2024-05-02 16:16:32,Ekaja Zachariah,EMP00000158,2024-05-25,2026-07-25 05:53:13.008144,,Fraud Detection System
ALR00001097,TR00204406,92,Location Mismatch,Open,2024-07-13 18:48:14,,,,2026-07-25 05:53:13.009041,,Fraud Detection System
ALR00001098,TR00139903,42,Multiple Failed Attempts,Resolved,2021-05-20 20:39:04,Pranav Lanka,EMP00000120,2021-05-30,2026-07-25 05:53:13.010127,,Fraud Detection System
ALR00001099,TR00147307,41,Blacklisted Merchant,Closed,2022-06-24 10:10:32,Balveer Parmar,EMP00000105,2022-07-11,2026-07-25 05:53:13.011126,,Fraud Detection System
ALR00001100,TR00141059,68,High Transaction Amount,Resolved,2025-06-30 13:09:35,Ronith Patla,EMP00000126,2025-07-12,2026-07-25 05:53:13.012131,,Fraud Detection System
ALR00001101,TR00082688,40,Location Mismatch,Open,2024-11-15 05:10:01,,,,2026-07-25 05:53:13.013129,,Fraud Detection System
ALR00001102,TR00030615,96,Blacklisted Merchant,False Positive,2019-06-08 13:44:51,Yagnesh Shan,EMP00000279,2019-06-24,2026-07-25 05:53:13.014119,,Fraud Detection System
ALR00001103,TR00088497,50,Velocity Check Failed,Resolved,2024-09-16 00:58:01,Lakshit Dora,EMP00000159,2024-09-29,2026-07-25 05:53:13.015123,,Fraud Detection System
ALR00001104,TR00167054,70,Location Mismatch,Resolved,2016-09-07 16:02:25,Onveer Walla,EMP00000012,2016-10-05,2026-07-25 05:53:13.016123,,Fraud Detection System
ALR00001105,TR00188727,33,Location Mismatch,Resolved,2019-08-22 21:01:31,Onveer Walla,EMP00000012,2019-09-04,2026-07-25 05:53:13.017119,,Fraud Detection System
ALR00001106,TR00217998,6,Blacklisted Merchant,Resolved,2024-01-13 02:55:47,Balveer Bumb,EMP00000079,2024-02-08,2026-07-25 05:53:13.018129,,Fraud Detection System
ALR00001107,TR00181211,5,Multiple Failed Attempts,Under Investigation,2015-01-22 09:34:58,Alka Dewan,EMP00000020,,2026-07-25 05:53:13.019134,,Fraud Detection System
ALR00001108,TR00242476,41,Blacklisted Merchant,Under Investigation,2022-09-30 00:55:51,Nakul Bhandari,EMP00000075,,2026-07-25 05:53:13.020125,,Fraud Detection System
ALR00001109,TR00150890,3,Location Mismatch,Closed,2019-01-22 20:12:45,Mohini Pathak,EMP00000022,2019-01-22,2026-07-25 05:53:13.021123,,Fraud Detection System
ALR00001110,TR00087972,20,Location Mismatch,Resolved,2024-11-02 08:01:39,Ojas Ray,EMP00000066,2024-11-27,2026-07-25 05:53:13.022114,,Fraud Detection System
ALR00001111,TR00145231,71,Multiple Failed Attempts,Resolved,2025-09-22 07:13:35,Kiaan Shetty,EMP00000150,2025-10-01,2026-07-25 05:53:13.023122,,Fraud Detection System
ALR00001112,TR00053011,55,Blacklisted Merchant,Under Investigation,2022-07-27 04:59:02,Gaurang Murty,EMP00000264,,2026-07-25 05:53:13.024132,,Fraud Detection System
ALR00001113,TR00164865,78,High Transaction Amount,False Positive,2020-02-05 23:53:08,Pranav Lanka,EMP00000120,2020-02-09,2026-07-25 05:53:13.025036,,Fraud Detection System
ALR00001114,TR00055956,55,High Transaction Amount,Under Investigation,2024-01-03 23:36:14,Aadhya Andra,EMP00000312,,2026-07-25 05:53:13.026035,,Fraud Detection System
ALR00001115,TR00027242,70,Location Mismatch,Resolved,2015-02-18 21:25:29,Indira Misra,EMP00000166,2015-03-01,2026-07-25 05:53:13.027120,,Fraud Detection System
ALR00001116,TR00212226,47,Card Not Present,Resolved,2019-09-06 17:14:32,Pallavi Kakar,EMP00000043,2019-09-25,2026-07-25 05:53:13.028120,,Fraud Detection System
ALR00001117,TR00092011,36,Velocity Check Failed,Resolved,2026-07-04 17:13:29,Gaurang Murty,EMP00000264,2026-07-15,2026-07-25 05:53:13.029123,,Fraud Detection System
ALR00001118,TR00191925,46,Card Not Present,Resolved,2024-09-28 22:45:52,Ronith Patla,EMP00000126,2024-10-24,2026-07-25 05:53:13.030129,,Fraud Detection System
ALR00001119,TR00144184,45,Card Not Present,Closed,2023-01-01 15:40:18,Indira Misra,EMP00000166,2023-01-12,2026-07-25 05:53:13.031142,,Fraud Detection System
ALR00001120,TR00203383,87,Velocity Check Failed,Under Investigation,2025-08-18 09:17:46,Onveer Walla,EMP00000012,,2026-07-25 05:53:13.032119,,Fraud Detection System
ALR00001121,TR00212191,66,Blacklisted Merchant,Open,2012-05-24 22:07:00,,,,2026-07-25 05:53:13.032119,,Fraud Detection System
ALR00001122,TR00243919,30,Location Mismatch,Under Investigation,2019-12-07 11:12:34,Nakul Bhandari,EMP00000075,,2026-07-25 05:53:13.033120,,Fraud Detection System
ALR00001123,TR00205944,51,Card Not Present,Resolved,2025-11-15 08:14:51,Anirudh Zacharia,EMP00000180,2025-12-08,2026-07-25 05:53:13.034121,,Fraud Detection System
ALR00001124,TR00154378,79,High Transaction Amount,Resolved,2025-08-26 20:48:00,Zaid Dara,EMP00000149,2025-09-18,2026-07-25 05:53:13.035118,,Fraud Detection System
ALR00001125,TR00161317,49,High Transaction Amount,Under Investigation,2012-12-16 20:15:02,Lakshit Dora,EMP00000159,,2026-07-25 05:53:13.036125,,Fraud Detection System
ALR00001126,TR00006581,93,Blacklisted Merchant,Resolved,2022-12-13 06:59:15,Indira Misra,EMP00000166,2023-01-03,2026-07-25 05:53:13.037117,,Fraud Detection System
ALR00001127,TR00232627,59,Blacklisted Merchant,Closed,2012-09-24 19:47:58,Jack Rajan,EMP00000123,2012-09-24,2026-07-25 05:53:13.038113,,Fraud Detection System
ALR00001128,TR00208486,100,Location Mismatch,Closed,2021-10-24 11:53:46,Chandresh Sood,EMP00000074,2021-10-28,2026-07-25 05:53:13.039117,,Fraud Detection System
ALR00001129,TR00066749,48,Multiple Failed Attempts,Resolved,2010-09-22 23:04:27,Nakul Sarma,EMP00000089,2010-10-06,2026-07-25 05:53:13.040115,,Fraud Detection System
ALR00001130,TR00045111,29,Blacklisted Merchant,Resolved,2026-02-19 04:29:13,Rudra Sandal,EMP00000245,2026-03-01,2026-07-25 05:53:13.042035,,Fraud Detection System
ALR00001131,TR00176476,60,High Transaction Amount,Under Investigation,2024-10-09 07:36:22,Balveer Bumb,EMP00000079,,2026-07-25 05:53:13.043115,,Fraud Detection System
ALR00001132,TR00077533,91,Multiple Failed Attempts,Resolved,2025-01-28 01:57:39,Kashvi Sarma,EMP00000045,2025-02-16,2026-07-25 05:53:13.044114,,Fraud Detection System
ALR00001133,TR00085065,55,Card Not Present,Resolved,2021-11-28 08:25:30,Balveer Parmar,EMP00000105,2021-12-09,2026-07-25 05:53:13.044114,,Fraud Detection System
ALR00001134,TR00001651,90,Unusual Spending Pattern,Resolved,2023-11-22 18:43:04,Gaurang Murty,EMP00000264,2023-12-06,2026-07-25 05:53:13.045113,,Fraud Detection System
ALR00001135,TR00218490,96,Unusual Spending Pattern,Open,2016-09-26 08:07:24,,,,2026-07-25 05:53:13.046118,,Fraud Detection System
ALR00001136,TR00142192,24,Card Not Present,Resolved,2023-12-20 14:26:00,Lajita Seshadri,EMP00000235,2024-01-17,2026-07-25 05:53:13.047122,,Fraud Detection System
ALR00001137,TR00100521,0,High Transaction Amount,Resolved,2017-05-07 23:15:46,Chaaya Saran,EMP00000030,2017-05-24,2026-07-25 05:53:13.048116,,Fraud Detection System
ALR00001138,TR00035227,0,Multiple Failed Attempts,Resolved,2022-04-13 00:27:11,Jeremiah Dave,EMP00000041,2022-05-05,2026-07-25 05:53:13.049118,,Fraud Detection System
ALR00001139,TR00159080,22,Multiple Failed Attempts,Resolved,2019-02-05 11:37:00,Jeremiah Dave,EMP00000041,2019-03-03,2026-07-25 05:53:13.050135,,Fraud Detection System
ALR00001140,TR00007747,65,Unusual Spending Pattern,Open,2013-12-22 03:16:23,,,,2026-07-25 05:53:13.051126,,Fraud Detection System
ALR00001141,TR00187689,71,Location Mismatch,Under Investigation,2016-07-01 03:08:19,Mohini Pathak,EMP00000022,,2026-07-25 05:53:13.052129,,Fraud Detection System
ALR00001142,TR00053546,46,High Transaction Amount,Resolved,2018-06-12 00:45:32,Nilima Nath,EMP00000260,2018-07-07,2026-07-25 05:53:13.053118,,Fraud Detection System
ALR00001143,TR00105500,43,Card Not Present,Under Investigation,2025-08-25 22:32:03,Ekansh Keer,EMP00000077,,2026-07-25 05:53:13.054115,,Fraud Detection System
ALR00001144,TR00085225,57,Multiple Failed Attempts,Under Investigation,2020-06-02 19:47:28,Jack Rajan,EMP00000123,,2026-07-25 05:53:13.055125,,Fraud Detection System
ALR00001145,TR00092671,59,Blacklisted Merchant,Resolved,2026-01-06 04:28:58,Ekaja Zachariah,EMP00000158,2026-01-22,2026-07-25 05:53:13.056117,,Fraud Detection System
ALR00001146,TR00181359,4,Multiple Failed Attempts,Under Investigation,2014-11-16 14:33:50,Chandresh Sood,EMP00000074,,2026-07-25 05:53:13.057116,,Fraud Detection System
ALR00001147,TR00195629,98,Blacklisted Merchant,Under Investigation,2024-12-31 08:46:07,Indira Misra,EMP00000166,,2026-07-25 05:53:13.058133,,Fraud Detection System
ALR00001148,TR00142541,1,Unusual Spending Pattern,Resolved,2025-05-11 19:30:48,Balendra Pingle,EMP00000102,2025-05-31,2026-07-25 05:53:13.059082,,Fraud Detection System
ALR00001149,TR00021374,35,Velocity Check Failed,Resolved,2026-05-18 20:42:18,Benjamin Morar,EMP00000104,2026-06-13,2026-07-25 05:53:13.060131,,Fraud Detection System
ALR00001150,TR00013604,60,High Transaction Amount,Open,2026-06-07 18:44:18,,,,2026-07-25 05:53:13.061126,,Fraud Detection System
ALR00001151,TR00039400,53,Location Mismatch,False Positive,2024-11-01 10:35:50,Lakshit Upadhyay,EMP00000023,2024-11-17,2026-07-25 05:53:13.062126,,Fraud Detection System
ALR00001152,TR00155420,51,Blacklisted Merchant,Open,2015-08-28 10:05:59,,,,2026-07-25 05:53:13.062126,,Fraud Detection System
ALR00001153,TR00169151,41,Location Mismatch,False Positive,2015-06-20 03:51:52,Ekaja Zachariah,EMP00000158,2015-07-07,2026-07-25 05:53:13.063131,,Fraud Detection System
ALR00001154,TR00067995,40,Velocity Check Failed,Closed,2019-04-13 05:25:39,Lajita Seshadri,EMP00000235,2019-05-05,2026-07-25 05:53:13.064122,,Fraud Detection System
ALR00001155,TR00166268,95,High Transaction Amount,Under Investigation,2015-04-13 09:41:21,Pallavi Kakar,EMP00000043,,2026-07-25 05:53:13.065127,,Fraud Detection System
ALR00001156,TR00121911,83,High Transaction Amount,Closed,2026-07-17 20:01:32,Chaaya Saran,EMP00000030,2026-07-20,2026-07-25 05:53:13.066130,,Fraud Detection System
ALR00001157,TR00111080,19,High Transaction Amount,Closed,2024-08-01 14:41:34,Ekaja Zachariah,EMP00000158,2024-08-15,2026-07-25 05:53:13.067133,,Fraud Detection System
ALR00001158,TR00068286,27,Card Not Present,Resolved,2022-12-16 21:06:35,Ronith Patla,EMP00000126,2022-12-28,2026-07-25 05:53:13.068134,,Fraud Detection System
ALR00001159,TR00189963,50,Card Not Present,Open,2024-03-20 05:49:31,,,,2026-07-25 05:53:13.069128,,Fraud Detection System
ALR00001160,TR00028632,50,Card Not Present,Under Investigation,2018-09-04 06:12:17,Chaaya Saran,EMP00000030,,2026-07-25 05:53:13.070131,,Fraud Detection System
ALR00001161,TR00108038,47,High Transaction Amount,Open,2025-10-20 11:45:16,,,,2026-07-25 05:53:13.071070,,Fraud Detection System
ALR00001162,TR00070924,43,Unusual Spending Pattern,False Positive,2026-03-31 08:24:38,Zayyan Bumb,EMP00000179,2026-04-11,2026-07-25 05:53:13.072118,,Fraud Detection System
ALR00001163,TR00170302,3,High Transaction Amount,Resolved,2023-01-21 04:36:23,Balendra Pingle,EMP00000102,2023-01-26,2026-07-25 05:53:13.073122,,Fraud Detection System
ALR00001164,TR00122130,72,Card Not Present,Resolved,2023-03-10 05:30:37,Devansh Rajan,EMP00000026,2023-03-19,2026-07-25 05:53:13.074119,,Fraud Detection System
ALR00001165,TR00167464,71,Location Mismatch,Open,2021-05-03 04:21:06,,,,2026-07-25 05:53:13.074119,,Fraud Detection System
ALR00001166,TR00011588,3,Blacklisted Merchant,Resolved,2019-05-22 19:01:40,Jyoti Solanki,EMP00000213,2019-06-06,2026-07-25 05:53:13.075137,,Fraud Detection System
ALR00001167,TR00099150,6,Blacklisted Merchant,Open,2021-04-17 05:40:43,,,,2026-07-25 05:53:13.076119,,Fraud Detection System
ALR00001168,TR00150586,95,Unusual Spending Pattern,False Positive,2020-03-13 00:08:07,Jagdish Koshy,EMP00000078,2020-03-18,2026-07-25 05:53:13.077129,,Fraud Detection System
ALR00001169,TR00002049,27,Blacklisted Merchant,Resolved,2026-02-06 16:48:35,Aahana Pillay,EMP00000186,2026-03-04,2026-07-25 05:53:13.078128,,Fraud Detection System
ALR00001170,TR00075629,61,Card Not Present,Resolved,2025-04-13 14:28:40,Jyoti Solanki,EMP00000213,2025-04-21,2026-07-25 05:53:13.079128,,Fraud Detection System
ALR00001171,TR00052706,12,High Transaction Amount,Open,2014-06-30 04:29:27,,,,2026-07-25 05:53:13.079128,,Fraud Detection System
ALR00001172,TR00034092,58,Card Not Present,Open,2025-03-14 22:32:47,,,,2026-07-25 05:53:13.080122,,Fraud Detection System
ALR00001173,TR00063663,60,Blacklisted Merchant,False Positive,2025-12-02 19:35:28,Nakul Sarma,EMP00000089,2025-12-11,2026-07-25 05:53:13.081124,,Fraud Detection System
ALR00001174,TR00082375,59,Velocity Check Failed,Under Investigation,2025-03-10 16:37:36,Alka Dewan,EMP00000020,,2026-07-25 05:53:13.082118,,Fraud Detection System
ALR00001175,TR00002064,71,Multiple Failed Attempts,Under Investigation,2013-03-28 03:12:51,Jeremiah Dave,EMP00000041,,2026-07-25 05:53:13.083125,,Fraud Detection System
ALR00001176,TR00187913,60,Card Not Present,Under Investigation,2023-04-14 08:52:50,Benjamin Morar,EMP00000104,,2026-07-25 05:53:13.084124,,Fraud Detection System
ALR00001177,TR00043949,94,Multiple Failed Attempts,Resolved,2026-05-11 08:42:40,Diya Rattan,EMP00000016,2026-05-21,2026-07-25 05:53:13.085129,,Fraud Detection System
ALR00001178,TR00095523,49,Location Mismatch,Open,2017-12-14 20:52:56,,,,2026-07-25 05:53:13.086138,,Fraud Detection System
ALR00001179,TR00176713,61,Multiple Failed Attempts,Closed,2020-01-11 23:59:08,Kiaan Shetty,EMP00000150,2020-02-03,2026-07-25 05:53:13.087118,,Fraud Detection System
ALR00001180,TR00125613,87,Card Not Present,Open,2019-12-19 07:16:13,,,,2026-07-25 05:53:13.087118,,Fraud Detection System
ALR00001181,TR00209442,12,Unusual Spending Pattern,Open,2020-09-14 10:23:46,,,,2026-07-25 05:53:13.088153,,Fraud Detection System
ALR00001182,TR00203108,12,Unusual Spending Pattern,Closed,2019-12-29 03:15:44,Anirudh Zacharia,EMP00000180,2020-01-11,2026-07-25 05:53:13.089135,,Fraud Detection System
ALR00001183,TR00018492,89,Unusual Spending Pattern,Resolved,2026-01-25 12:44:33,Ojas Ray,EMP00000066,2026-02-22,2026-07-25 05:53:13.090134,,Fraud Detection System
ALR00001184,TR00216336,50,Blacklisted Merchant,Under Investigation,2016-02-11 13:57:31,Lajita Seshadri,EMP00000235,,2026-07-25 05:53:13.091123,,Fraud Detection System
ALR00001185,TR00010801,29,Card Not Present,Under Investigation,2025-03-22 13:29:24,Jack Rajan,EMP00000123,,2026-07-25 05:53:13.092074,,Fraud Detection System
ALR00001186,TR00004720,0,Unusual Spending Pattern,Closed,2023-12-05 13:55:43,Pallavi Kakar,EMP00000043,2023-12-30,2026-07-25 05:53:13.093128,,Fraud Detection System
ALR00001187,TR00230777,46,Multiple Failed Attempts,Under Investigation,2023-12-29 13:24:37,Lajita Seshadri,EMP00000235,,2026-07-25 05:53:13.094135,,Fraud Detection System
ALR00001188,TR00216433,80,Card Not Present,Resolved,2025-04-04 16:16:59,Riya Pai,EMP00000314,2025-05-02,2026-07-25 05:53:13.095127,,Fraud Detection System
ALR00001189,TR00144588,66,High Transaction Amount,Resolved,2023-08-23 15:18:37,Alka Dewan,EMP00000020,2023-09-05,2026-07-25 05:53:13.096126,,Fraud Detection System
ALR00001190,TR00143979,35,High Transaction Amount,Resolved,2012-07-06 13:46:05,Pallavi Kakar,EMP00000043,2012-07-10,2026-07-25 05:53:13.097121,,Fraud Detection System
ALR00001191,TR00178256,37,Card Not Present,Open,2022-10-14 17:07:35,,,,2026-07-25 05:53:13.098127,,Fraud Detection System
ALR00001192,TR00104943,18,Multiple Failed Attempts,Resolved,2026-07-06 01:33:48,Alka Dewan,EMP00000020,2026-07-10,2026-07-25 05:53:13.099129,,Fraud Detection System
ALR00001193,TR00028914,50,Card Not Present,Under Investigation,2017-07-10 17:47:41,Pallavi Kakar,EMP00000043,,2026-07-25 05:53:13.100122,,Fraud Detection System
ALR00001194,TR00005266,11,Card Not Present,Resolved,2026-01-30 07:04:21,Nakul Bhandari,EMP00000075,2026-02-13,2026-07-25 05:53:13.100509,,Fraud Detection System
ALR00001195,TR00081562,8,Velocity Check Failed,Under Investigation,2018-12-03 01:20:07,Balveer Parmar,EMP00000105,,2026-07-25 05:53:13.101629,,Fraud Detection System
ALR00001196,TR00201846,13,Location Mismatch,Resolved,2024-03-26 15:17:54,Rudra Sandal,EMP00000245,2024-04-06,2026-07-25 05:53:13.102622,,Fraud Detection System
ALR00001197,TR00155489,91,Multiple Failed Attempts,Resolved,2025-12-10 17:52:31,Oni Dubey,EMP00000346,2025-12-27,2026-07-25 05:53:13.103626,,Fraud Detection System
ALR00001198,TR00209131,98,Velocity Check Failed,Closed,2019-06-11 23:13:26,Oni Dubey,EMP00000346,2019-06-19,2026-07-25 05:53:13.104628,,Fraud Detection System
ALR00001199,TR00230410,8,Card Not Present,False Positive,2020-08-29 18:06:06,Ishwar Kamdar,EMP00000185,2020-09-12,2026-07-25 05:53:13.105628,,Fraud Detection System
ALR00001200,TR00022202,23,Location Mismatch,Under Investigation,2023-03-10 05:33:42,Lajita Seshadri,EMP00000235,,2026-07-25 05:53:13.106619,,Fraud Detection System
ALR00001201,TR00212008,2,Card Not Present,Resolved,2022-09-09 07:05:45,Rudra Sandal,EMP00000245,2022-09-09,2026-07-25 05:53:13.107626,,Fraud Detection System
ALR00001202,TR00060691,79,Card Not Present,Resolved,2023-10-13 08:59:37,Yagnesh Shan,EMP00000279,2023-11-07,2026-07-25 05:53:13.108632,,Fraud Detection System
ALR00001203,TR00147939,17,Card Not Present,Open,2025-05-22 13:56:13,,,,2026-07-25 05:53:13.109628,,Fraud Detection System
ALR00001204,TR00131569,98,Velocity Check Failed,Open,2019-02-23 14:51:48,,,,2026-07-25 05:53:13.109628,,Fraud Detection System
ALR00001205,TR00099246,95,Unusual Spending Pattern,Under Investigation,2026-05-04 08:29:47,Nicholas Goel,EMP00000108,,2026-07-25 05:53:13.110622,,Fraud Detection System
ALR00001206,TR00077846,64,Unusual Spending Pattern,Resolved,2025-02-24 20:23:29,Devansh Rajan,EMP00000026,2025-03-02,2026-07-25 05:53:13.111643,,Fraud Detection System
ALR00001207,TR00085000,54,Multiple Failed Attempts,False Positive,2025-07-18 17:21:19,Kiaan Shetty,EMP00000150,2025-07-31,2026-07-25 05:53:13.112624,,Fraud Detection System
ALR00001208,TR00083492,55,Unusual Spending Pattern,Under Investigation,2026-05-07 23:18:14,Oni Dubey,EMP00000346,,2026-07-25 05:53:13.113646,,Fraud Detection System
ALR00001209,TR00042112,25,Unusual Spending Pattern,Closed,2014-04-05 00:51:17,Mohini Pathak,EMP00000022,2014-04-07,2026-07-25 05:53:13.114637,,Fraud Detection System
ALR00001210,TR00128242,46,Multiple Failed Attempts,Closed,2022-12-12 16:33:27,Chaaya Saran,EMP00000030,2022-12-14,2026-07-25 05:53:13.115634,,Fraud Detection System
ALR00001211,TR00028683,82,Multiple Failed Attempts,False Positive,2025-07-06 02:58:37,Zayan Behl,EMP00000096,2025-08-01,2026-07-25 05:53:13.116645,,Fraud Detection System
ALR00001212,TR00128120,10,Card Not Present,Under Investigation,2026-03-22 02:14:31,Ojas Ray,EMP00000066,,2026-07-25 05:53:13.117642,,Fraud Detection System
ALR00001213,TR00226926,5,Location Mismatch,Resolved,2015-05-15 17:11:24,Divya Kala,EMP00000018,2015-05-29,2026-07-25 05:53:13.118640,,Fraud Detection System
ALR00001214,TR00087426,2,Velocity Check Failed,Resolved,2020-01-21 20:30:45,Hritik Kaur,EMP00000338,2020-01-27,2026-07-25 05:53:13.119639,,Fraud Detection System
ALR00001215,TR00182848,54,Velocity Check Failed,Resolved,2018-06-26 04:06:52,Kiaan Shetty,EMP00000150,2018-07-19,2026-07-25 05:53:13.120645,,Fraud Detection System
ALR00001216,TR00206080,48,Velocity Check Failed,Resolved,2022-09-05 06:00:25,Ekansh Keer,EMP00000077,2022-09-09,2026-07-25 05:53:13.121644,,Fraud Detection System
ALR00001217,TR00205208,4,Location Mismatch,Open,2022-03-11 02:45:27,,,,2026-07-25 05:53:13.122647,,Fraud Detection System
ALR00001218,TR00058880,86,Blacklisted Merchant,Closed,2020-03-07 14:10:53,Vaishnavi Bora,EMP00000143,2020-03-07,2026-07-25 05:53:13.123630,,Fraud Detection System
ALR00001219,TR00036434,14,High Transaction Amount,Resolved,2021-06-17 17:17:12,Banjeet Balasubramanian,EMP00000182,2021-07-14,2026-07-25 05:53:13.124625,,Fraud Detection System
ALR00001220,TR00049207,12,Location Mismatch,Open,2024-10-27 17:16:44,,,,2026-07-25 05:53:13.125625,,Fraud Detection System
ALR00001221,TR00151463,17,Multiple Failed Attempts,Under Investigation,2023-03-21 02:49:41,Jyoti Solanki,EMP00000213,,2026-07-25 05:53:13.126629,,Fraud Detection System
ALR00001222,TR00191259,94,Unusual Spending Pattern,Resolved,2023-10-19 16:31:44,Oni Dubey,EMP00000346,2023-11-01,2026-07-25 05:53:13.127619,,Fraud Detection System
ALR00001223,TR00164506,19,Location Mismatch,Resolved,2017-05-18 05:26:38,Dipta Sarin,EMP00000122,2017-06-09,2026-07-25 05:53:13.128573,,Fraud Detection System
ALR00001224,TR00044324,100,Velocity Check Failed,False Positive,2024-03-09 09:56:39,Hritik Kaur,EMP00000338,2024-04-01,2026-07-25 05:53:13.129618,,Fraud Detection System
ALR00001225,TR00194446,55,Unusual Spending Pattern,False Positive,2026-06-29 19:11:09,Balveer Parmar,EMP00000105,2026-07-20,2026-07-25 05:53:13.130617,,Fraud Detection System
ALR00001226,TR00124064,97,Velocity Check Failed,Resolved,2018-08-26 21:26:38,Veer Bir,EMP00000050,2018-09-11,2026-07-25 05:53:13.131618,,Fraud Detection System
ALR00001227,TR00189837,55,Multiple Failed Attempts,Under Investigation,2022-05-07 14:28:13,Banjeet Balasubramanian,EMP00000182,,2026-07-25 05:53:13.132623,,Fraud Detection System
ALR00001228,TR00191161,54,Unusual Spending Pattern,Resolved,2024-12-19 05:30:44,Kashvi Sarma,EMP00000045,2024-12-27,2026-07-25 05:53:13.133622,,Fraud Detection System
ALR00001229,TR00112821,80,Card Not Present,False Positive,2026-01-20 08:26:59,Diya Rattan,EMP00000016,2026-01-22,2026-07-25 05:53:13.134624,,Fraud Detection System
ALR00001230,TR00231472,83,Multiple Failed Attempts,Under Investigation,2026-05-13 07:06:44,Anirudh Zacharia,EMP00000180,,2026-07-25 05:53:13.135621,,Fraud Detection System
ALR00001231,TR00141728,51,Multiple Failed Attempts,Resolved,2010-02-17 22:39:40,Rudra Sandal,EMP00000245,2010-03-01,2026-07-25 05:53:13.136626,,Fraud Detection System
ALR00001232,TR00159574,0,Velocity Check Failed,Resolved,2023-10-23 04:57:02,Ishwar Kamdar,EMP00000185,2023-11-15,2026-07-25 05:53:13.137629,,Fraud Detection System
ALR00001233,TR00156981,14,Velocity Check Failed,False Positive,2014-02-12 19:26:03,Zaid Dara,EMP00000149,2014-02-17,2026-07-25 05:53:13.138630,,Fraud Detection System
ALR00001234,TR00216992,64,Unusual Spending Pattern,Resolved,2024-05-30 14:15:47,Balveer Bumb,EMP00000079,2024-06-02,2026-07-25 05:53:13.139627,,Fraud Detection System
ALR00001235,TR00157630,58,Card Not Present,Resolved,2026-07-20 04:11:52,Frederick Khurana,EMP00000208,2026-07-22,2026-07-25 05:53:13.140627,,Fraud Detection System
ALR00001236,TR00037736,21,Blacklisted Merchant,Open,2016-03-21 09:46:57,,,,2026-07-25 05:53:13.140627,,Fraud Detection System
ALR00001237,TR00017550,88,Card Not Present,Resolved,2021-04-29 10:24:33,Nicholas Goel,EMP00000108,2021-05-22,2026-07-25 05:53:13.141540,,Fraud Detection System
ALR00001238,TR00111122,25,High Transaction Amount,Resolved,2022-05-07 13:20:27,Yuvraj Handa,EMP00000060,2022-05-10,2026-07-25 05:53:13.143618,,Fraud Detection System
ALR00001239,TR00075963,50,Blacklisted Merchant,Resolved,2018-04-24 02:54:08,Nicholas Goel,EMP00000108,2018-05-22,2026-07-25 05:53:13.144627,,Fraud Detection System
ALR00001240,TR00068620,72,Multiple Failed Attempts,Closed,2025-09-17 16:26:42,Zayyan Bumb,EMP00000179,2025-09-19,2026-07-25 05:53:13.145628,,Fraud Detection System
ALR00001241,TR00014454,38,Velocity Check Failed,Open,2012-02-14 14:30:17,,,,2026-07-25 05:53:13.145628,,Fraud Detection System
ALR00001242,TR00127499,24,Location Mismatch,Open,2022-01-03 06:53:45,,,,2026-07-25 05:53:13.146626,,Fraud Detection System
ALR00001243,TR00077876,42,Velocity Check Failed,Under Investigation,2019-06-12 17:14:06,Anirudh Zacharia,EMP00000180,,2026-07-25 05:53:13.147624,,Fraud Detection System
ALR00001244,TR00113577,20,Card Not Present,Open,2026-03-25 08:22:58,,,,2026-07-25 05:53:13.147624,,Fraud Detection System
ALR00001245,TR00014660,7,Multiple Failed Attempts,Closed,2025-07-27 12:51:44,Nicholas Goel,EMP00000108,2025-08-03,2026-07-25 05:53:13.148630,,Fraud Detection System
ALR00001246,TR00209056,52,Card Not Present,Resolved,2024-07-16 13:53:51,Nakul Sarma,EMP00000089,2024-07-23,2026-07-25 05:53:13.149642,,Fraud Detection System
ALR00001247,TR00019549,27,Card Not Present,Under Investigation,2020-07-26 05:46:49,Balveer Parmar,EMP00000105,,2026-07-25 05:53:13.150646,,Fraud Detection System
ALR00001248,TR00216992,36,Location Mismatch,Resolved,2024-05-30 13:04:47,Aadhya Andra,EMP00000312,2024-06-26,2026-07-25 05:53:13.151629,,Fraud Detection System
ALR00001249,TR00214728,54,Location Mismatch,Resolved,2023-07-22 17:44:07,Oni Dubey,EMP00000346,2023-08-05,2026-07-25 05:53:13.152630,,Fraud Detection System
ALR00001250,TR00154747,66,Velocity Check Failed,Under Investigation,2024-07-05 18:12:24,Anirudh Zacharia,EMP00000180,,2026-07-25 05:53:13.153628,,Fraud Detection System
ALR00001251,TR00127409,69,Blacklisted Merchant,Resolved,2024-08-08 12:12:19,Kiaan Shetty,EMP00000150,2024-08-12,2026-07-25 05:53:13.154635,,Fraud Detection System
ALR00001252,TR00116180,41,Unusual Spending Pattern,False Positive,2011-08-12 22:13:38,Diya Rattan,EMP00000016,2011-08-24,2026-07-25 05:53:13.155636,,Fraud Detection System
ALR00001253,TR00139366,84,Location Mismatch,Open,2024-10-19 16:57:15,,,,2026-07-25 05:53:13.156649,,Fraud Detection System
ALR00001254,TR00199423,82,Blacklisted Merchant,Resolved,2017-01-14 02:50:20,Ronith Patla,EMP00000126,2017-01-19,2026-07-25 05:53:13.157631,,Fraud Detection System
ALR00001255,TR00224485,15,Multiple Failed Attempts,False Positive,2012-12-29 09:24:34,Pallavi Kakar,EMP00000043,2013-01-25,2026-07-25 05:53:13.158640,,Fraud Detection System
ALR00001256,TR00113054,52,Unusual Spending Pattern,False Positive,2023-11-06 15:54:57,Akshay Lalla,EMP00000335,2023-11-26,2026-07-25 05:53:13.159628,,Fraud Detection System
ALR00001257,TR00203948,2,Multiple Failed Attempts,Under Investigation,2022-09-13 11:00:44,Balendra Pingle,EMP00000102,,2026-07-25 05:53:13.160623,,Fraud Detection System
ALR00001258,TR00163664,34,Location Mismatch,False Positive,2018-07-09 13:03:45,Anirudh Zacharia,EMP00000180,2018-08-07,2026-07-25 05:53:13.161624,,Fraud Detection System
ALR00001259,TR00080768,63,Multiple Failed Attempts,Resolved,2014-04-01 11:39:47,Gaurang Murty,EMP00000264,2014-04-29,2026-07-25 05:53:13.162631,,Fraud Detection System
ALR00001260,TR00119463,87,High Transaction Amount,Closed,2026-02-09 06:49:52,Devansh Rajan,EMP00000026,2026-02-19,2026-07-25 05:53:13.163628,,Fraud Detection System
ALR00001261,TR00037723,86,Card Not Present,Closed,2014-11-30 16:54:31,Aadhya Andra,EMP00000312,2014-12-25,2026-07-25 05:53:13.164632,,Fraud Detection System
ALR00001262,TR00015996,48,Multiple Failed Attempts,False Positive,2012-03-15 01:58:06,Lakshit Upadhyay,EMP00000023,2012-04-02,2026-07-25 05:53:13.165542,,Fraud Detection System
ALR00001263,TR00025983,29,Velocity Check Failed,Resolved,2022-08-06 19:05:20,Lakshit Upadhyay,EMP00000023,2022-08-27,2026-07-25 05:53:13.166633,,Fraud Detection System
ALR00001264,TR00225297,82,High Transaction Amount,Under Investigation,2015-10-11 13:37:49,Prisha Andra,EMP00000100,,2026-07-25 05:53:13.167641,,Fraud Detection System
ALR00001265,TR00085850,44,Location Mismatch,Open,2024-05-05 06:48:11,,,,2026-07-25 05:53:13.168636,,Fraud Detection System
ALR00001266,TR00179397,42,High Transaction Amount,Resolved,2024-02-26 07:33:35,Jagdish Koshy,EMP00000078,2024-03-18,2026-07-25 05:53:13.169626,,Fraud Detection System
ALR00001267,TR00126773,54,Multiple Failed Attempts,Resolved,2026-07-05 18:22:13,Jack Rajan,EMP00000123,2026-07-12,2026-07-25 05:53:13.170627,,Fraud Detection System
ALR00001268,TR00043113,75,Card Not Present,Resolved,2025-10-10 08:49:28,Alka Dewan,EMP00000020,2025-11-07,2026-07-25 05:53:13.171633,,Fraud Detection System
ALR00001269,TR00061798,7,Blacklisted Merchant,Open,2014-03-02 19:23:00,,,,2026-07-25 05:53:13.172630,,Fraud Detection System
ALR00001270,TR00109850,0,Unusual Spending Pattern,Resolved,2026-03-19 10:52:32,Pallavi Kakar,EMP00000043,2026-04-08,2026-07-25 05:53:13.173637,,Fraud Detection System
ALR00001271,TR00110317,13,Unusual Spending Pattern,Under Investigation,2021-10-20 20:50:27,Onveer Walla,EMP00000012,,2026-07-25 05:53:13.174633,,Fraud Detection System
ALR00001272,TR00131250,54,Unusual Spending Pattern,Open,2022-08-15 00:26:48,,,,2026-07-25 05:53:13.174633,,Fraud Detection System
ALR00001273,TR00039757,90,Unusual Spending Pattern,Open,2022-03-15 14:46:41,,,,2026-07-25 05:53:13.175550,,Fraud Detection System
ALR00001274,TR00093423,19,Velocity Check Failed,Resolved,2022-12-10 16:41:37,Diya Rattan,EMP00000016,2022-12-24,2026-07-25 05:53:13.176620,,Fraud Detection System
ALR00001275,TR00070833,24,Card Not Present,Open,2025-12-09 14:02:19,,,,2026-07-25 05:53:13.176620,,Fraud Detection System
ALR00001276,TR00102427,15,Multiple Failed Attempts,Under Investigation,2017-10-02 23:45:54,Dipta Sarin,EMP00000122,,2026-07-25 05:53:13.177627,,Fraud Detection System
ALR00001277,TR00084783,0,Location Mismatch,Open,2023-12-09 05:18:13,,,,2026-07-25 05:53:13.178627,,Fraud Detection System
ALR00001278,TR00150227,47,High Transaction Amount,False Positive,2024-09-18 22:24:06,Nakul Bhandari,EMP00000075,2024-10-15,2026-07-25 05:53:13.179625,,Fraud Detection System
ALR00001279,TR00198747,63,Multiple Failed Attempts,False Positive,2022-05-10 22:37:24,Aadhya Andra,EMP00000312,2022-05-12,2026-07-25 05:53:13.180627,,Fraud Detection System
ALR00001280,TR00162522,20,Location Mismatch,Open,2021-05-08 02:33:29,,,,2026-07-25 05:53:13.181624,,Fraud Detection System
ALR00001281,TR00016944,69,Blacklisted Merchant,Resolved,2024-10-09 17:50:42,Benjamin Morar,EMP00000104,2024-11-07,2026-07-25 05:53:13.182625,,Fraud Detection System
ALR00001282,TR00023763,13,High Transaction Amount,Resolved,2019-01-10 17:37:43,Jyoti Solanki,EMP00000213,2019-01-14,2026-07-25 05:53:13.183624,,Fraud Detection System
ALR00001283,TR00170272,20,High Transaction Amount,Resolved,2007-08-04 15:41:31,Ekansh Keer,EMP00000077,2007-08-14,2026-07-25 05:53:13.184626,,Fraud Detection System
ALR00001284,TR00071167,17,Unusual Spending Pattern,Resolved,2021-11-30 03:23:15,Benjamin Morar,EMP00000104,2021-12-10,2026-07-25 05:53:13.185627,,Fraud Detection System
ALR00001285,TR00181901,13,Velocity Check Failed,Resolved,2018-06-12 23:40:51,Frederick Khurana,EMP00000208,2018-06-24,2026-07-25 05:53:13.186636,,Fraud Detection System
ALR00001286,TR00164828,43,Unusual Spending Pattern,Under Investigation,2026-04-10 03:38:47,Jeremiah Dave,EMP00000041,,2026-07-25 05:53:13.187624,,Fraud Detection System
ALR00001287,TR00227033,75,Location Mismatch,Resolved,2018-10-01 05:42:10,Yuvraj Handa,EMP00000060,2018-10-04,2026-07-25 05:53:13.188623,,Fraud Detection System
ALR00001288,TR00219339,24,Unusual Spending Pattern,Closed,2024-08-12 18:45:17,Benjamin Morar,EMP00000104,2024-08-19,2026-07-25 05:53:13.189636,,Fraud Detection System
ALR00001289,TR00083583,50,Multiple Failed Attempts,Closed,2025-09-15 06:06:00,Meghana Maharaj,EMP00000320,2025-09-26,2026-07-25 05:53:13.190639,,Fraud Detection System
ALR00001290,TR00146439,67,Unusual Spending Pattern,Resolved,2019-03-30 03:18:25,Veer Bir,EMP00000050,2019-04-07,2026-07-25 05:53:13.191563,,Fraud Detection System
ALR00001291,TR00035130,37,Velocity Check Failed,Resolved,2026-01-30 09:49:24,Riya Pai,EMP00000314,2026-02-25,2026-07-25 05:53:13.192626,,Fraud Detection System
ALR00001292,TR00087519,56,Blacklisted Merchant,Resolved,2026-04-01 04:04:54,Dipta Sarin,EMP00000122,2026-04-04,2026-07-25 05:53:13.193627,,Fraud Detection System
ALR00001293,TR00242268,39,Card Not Present,Resolved,2020-08-08 05:02:09,Prisha Andra,EMP00000100,2020-08-15,2026-07-25 05:53:13.194625,,Fraud Detection System
ALR00001294,TR00175426,27,Card Not Present,False Positive,2016-03-21 19:51:56,Aahana Pillay,EMP00000186,2016-03-21,2026-07-25 05:53:13.195638,,Fraud Detection System
ALR00001295,TR00098417,23,Velocity Check Failed,Under Investigation,2023-06-27 05:34:58,Yagnesh Shan,EMP00000279,,2026-07-25 05:53:13.196629,,Fraud Detection System
ALR00001296,TR00149512,2,Multiple Failed Attempts,Under Investigation,2021-09-05 03:13:33,Balveer Bumb,EMP00000079,,2026-07-25 05:53:13.197557,,Fraud Detection System
ALR00001297,TR00234789,84,Unusual Spending Pattern,Closed,2022-11-20 06:51:10,Akshay Lalla,EMP00000335,2022-12-09,2026-07-25 05:53:13.198627,,Fraud Detection System
ALR00001298,TR00077688,2,Blacklisted Merchant,False Positive,2023-04-15 11:54:12,Ekansh Keer,EMP00000077,2023-05-06,2026-07-25 05:53:13.199628,,Fraud Detection System
ALR00001299,TR00094577,49,Card Not Present,False Positive,2016-07-23 03:19:37,Sudiksha Aggarwal,EMP00000031,2016-08-20,2026-07-25 05:53:13.201027,,Fraud Detection System
ALR00001300,TR00199361,50,Multiple Failed Attempts,Open,2022-07-31 00:04:12,,,,2026-07-25 05:53:13.201027,,Fraud Detection System
ALR00001301,TR00204781,91,Multiple Failed Attempts,Under Investigation,2016-06-29 21:33:37,Aadhya Andra,EMP00000312,,2026-07-25 05:53:13.202141,,Fraud Detection System
ALR00001302,TR00168310,59,Card Not Present,False Positive,2014-01-01 05:52:54,Adweta Edwin,EMP00000099,2014-01-23,2026-07-25 05:53:13.203143,,Fraud Detection System
ALR00001303,TR00208368,0,High Transaction Amount,Resolved,2026-05-19 08:25:06,Ekansh Keer,EMP00000077,2026-06-02,2026-07-25 05:53:13.204152,,Fraud Detection System
ALR00001304,TR00185717,71,Unusual Spending Pattern,False Positive,2023-05-28 13:25:30,Nimrat Dubey,EMP00000296,2023-05-29,2026-07-25 05:53:13.205149,,Fraud Detection System
ALR00001305,TR00172097,11,Blacklisted Merchant,Closed,2025-12-04 03:31:58,Hritik Kaur,EMP00000338,2025-12-15,2026-07-25 05:53:13.206158,,Fraud Detection System
ALR00001306,TR00132141,77,Blacklisted Merchant,Resolved,2020-06-22 00:34:58,Jagdish Koshy,EMP00000078,2020-07-05,2026-07-25 05:53:13.207165,,Fraud Detection System
ALR00001307,TR00162176,45,Unusual Spending Pattern,Open,2026-07-11 04:29:45,,,,2026-07-25 05:53:13.208167,,Fraud Detection System
ALR00001308,TR00106387,15,Location Mismatch,Under Investigation,2020-04-07 12:36:56,Chaaya Saran,EMP00000030,,2026-07-25 05:53:13.209062,,Fraud Detection System
ALR00001309,TR00090544,76,Location Mismatch,Under Investigation,2026-06-02 15:23:04,Alka Dewan,EMP00000020,,2026-07-25 05:53:13.210140,,Fraud Detection System
ALR00001310,TR00090722,23,Velocity Check Failed,False Positive,2025-01-02 10:18:37,Prisha Andra,EMP00000100,2025-01-15,2026-07-25 05:53:13.211140,,Fraud Detection System
ALR00001311,TR00045071,56,Blacklisted Merchant,Resolved,2026-07-21 09:38:01,Chandresh Sood,EMP00000074,2026-07-23,2026-07-25 05:53:13.212144,,Fraud Detection System
ALR00001312,TR00053349,30,High Transaction Amount,Resolved,2021-08-05 22:19:32,Yuvraj Handa,EMP00000060,2021-08-08,2026-07-25 05:53:13.213140,,Fraud Detection System
ALR00001313,TR00237129,94,Location Mismatch,False Positive,2017-01-01 04:22:30,Kashvi Sarma,EMP00000045,2017-01-12,2026-07-25 05:53:13.214162,,Fraud Detection System
ALR00001314,TR00122052,45,Location Mismatch,Resolved,2025-11-29 18:38:03,Jyoti Solanki,EMP00000213,2025-12-11,2026-07-25 05:53:13.215142,,Fraud Detection System
ALR00001315,TR00056480,52,Blacklisted Merchant,Resolved,2019-12-28 17:42:40,Yagnesh Shan,EMP00000279,2020-01-25,2026-07-25 05:53:13.216142,,Fraud Detection System
ALR00001316,TR00034214,30,Multiple Failed Attempts,Resolved,2019-04-13 17:32:35,Ojas Ray,EMP00000066,2019-04-22,2026-07-25 05:53:13.217150,,Fraud Detection System
ALR00001317,TR00019631,32,Unusual Spending Pattern,Under Investigation,2025-04-23 10:57:43,Anirudh Zacharia,EMP00000180,,2026-07-25 05:53:13.218156,,Fraud Detection System
ALR00001318,TR00211989,53,Velocity Check Failed,Resolved,2019-12-06 07:03:19,Yagnesh Shan,EMP00000279,2019-12-26,2026-07-25 05:53:13.219140,,Fraud Detection System
ALR00001319,TR00025395,19,Unusual Spending Pattern,Closed,2020-02-02 11:07:35,Jeremiah Dave,EMP00000041,2020-02-07,2026-07-25 05:53:13.220140,,Fraud Detection System
ALR00001320,TR00193910,41,High Transaction Amount,Closed,2017-04-26 20:42:25,Hritik Kaur,EMP00000338,2017-05-22,2026-07-25 05:53:13.221142,,Fraud Detection System
ALR00001321,TR00209900,27,Location Mismatch,Resolved,2016-06-15 01:31:59,Ekaja Zachariah,EMP00000158,2016-06-25,2026-07-25 05:53:13.222164,,Fraud Detection System
ALR00001322,TR00221787,56,Unusual Spending Pattern,False Positive,2020-12-23 12:35:29,Lajita Seshadri,EMP00000235,2020-12-30,2026-07-25 05:53:13.223154,,Fraud Detection System
ALR00001323,TR00009663,3,Unusual Spending Pattern,Resolved,2025-07-05 07:29:24,Chandresh Sood,EMP00000074,2025-07-17,2026-07-25 05:53:13.224148,,Fraud Detection System
ALR00001324,TR00084381,47,Velocity Check Failed,Resolved,2021-11-04 10:30:37,Nakul Bhandari,EMP00000075,2021-11-10,2026-07-25 05:53:13.225156,,Fraud Detection System
ALR00001325,TR00192806,1,Unusual Spending Pattern,Open,2026-04-12 09:16:38,,,,2026-07-25 05:53:13.226145,,Fraud Detection System
ALR00001326,TR00032665,29,Unusual Spending Pattern,Resolved,2020-01-23 06:15:56,Zaid Dara,EMP00000149,2020-01-26,2026-07-25 05:53:13.227144,,Fraud Detection System
ALR00001327,TR00094596,61,Card Not Present,Open,2025-03-19 13:09:13,,,,2026-07-25 05:53:13.227144,,Fraud Detection System
ALR00001328,TR00040700,90,Unusual Spending Pattern,Under Investigation,2025-09-01 23:18:06,Chandresh Sood,EMP00000074,,2026-07-25 05:53:13.228133,,Fraud Detection System
ALR00001329,TR00208937,68,High Transaction Amount,Closed,2022-05-18 09:03:35,Veer Bir,EMP00000050,2022-05-20,2026-07-25 05:53:13.229165,,Fraud Detection System
ALR00001330,TR00193960,75,Card Not Present,Resolved,2017-03-07 06:35:53,Zaid Dara,EMP00000149,2017-03-15,2026-07-25 05:53:13.231088,,Fraud Detection System
ALR00001331,TR00203769,34,Unusual Spending Pattern,Resolved,2022-11-11 05:37:01,Pranav Lanka,EMP00000120,2022-11-25,2026-07-25 05:53:13.231088,,Fraud Detection System
ALR00001332,TR00041536,26,Card Not Present,False Positive,2013-06-28 09:03:37,Zayan Behl,EMP00000096,2013-07-26,2026-07-25 05:53:13.232133,,Fraud Detection System
ALR00001333,TR00109831,73,Unusual Spending Pattern,False Positive,2020-08-05 13:51:41,Mohini Pathak,EMP00000022,2020-09-01,2026-07-25 05:53:13.233144,,Fraud Detection System
ALR00001334,TR00103111,9,Location Mismatch,Resolved,2015-11-17 09:50:15,Nimrat Dubey,EMP00000296,2015-12-01,2026-07-25 05:53:13.234144,,Fraud Detection System
ALR00001335,TR00169860,62,Location Mismatch,Resolved,2024-05-01 15:09:00,Nimrat Dubey,EMP00000296,2024-05-22,2026-07-25 05:53:13.235142,,Fraud Detection System
ALR00001336,TR00059115,70,High Transaction Amount,Open,2024-11-10 17:54:58,,,,2026-07-25 05:53:13.236146,,Fraud Detection System
ALR00001337,TR00111764,53,Unusual Spending Pattern,Open,2025-12-26 13:57:18,,,,2026-07-25 05:53:13.237142,,Fraud Detection System
ALR00001338,TR00071355,23,Multiple Failed Attempts,Under Investigation,2013-10-07 10:19:05,Yuvraj Handa,EMP00000060,,2026-07-25 05:53:13.238149,,Fraud Detection System
ALR00001339,TR00188332,56,High Transaction Amount,Resolved,2019-07-02 12:40:32,Gaurang Murty,EMP00000264,2019-07-08,2026-07-25 05:53:13.239148,,Fraud Detection System
ALR00001340,TR00112826,12,High Transaction Amount,Resolved,2025-11-25 10:03:30,Aadhya Andra,EMP00000312,2025-12-17,2026-07-25 05:53:13.240135,,Fraud Detection System
ALR00001341,TR00134234,78,Card Not Present,Resolved,2025-02-24 12:45:53,Kashvi Sarma,EMP00000045,2025-03-10,2026-07-25 05:53:13.241140,,Fraud Detection System
ALR00001342,TR00077665,73,Card Not Present,Resolved,2021-02-16 23:29:54,Nilima Nath,EMP00000260,2021-03-07,2026-07-25 05:53:13.242060,,Fraud Detection System
ALR00001343,TR00203689,24,High Transaction Amount,Resolved,2022-07-19 19:09:03,Dipta Sarin,EMP00000122,2022-08-01,2026-07-25 05:53:13.243143,,Fraud Detection System
ALR00001344,TR00117887,15,Velocity Check Failed,Under Investigation,2022-08-11 04:41:09,Lakshit Upadhyay,EMP00000023,,2026-07-25 05:53:13.244142,,Fraud Detection System
ALR00001345,TR00209897,3,Location Mismatch,Resolved,2021-05-05 00:02:08,Prisha Andra,EMP00000100,2021-05-29,2026-07-25 05:53:13.245151,,Fraud Detection System
ALR00001346,TR00092087,65,High Transaction Amount,False Positive,2017-03-01 09:09:34,Ojas Ray,EMP00000066,2017-03-27,2026-07-25 05:53:13.246138,,Fraud Detection System
ALR00001347,TR00237010,82,Blacklisted Merchant,Open,2024-09-08 02:01:42,,,,2026-07-25 05:53:13.246138,,Fraud Detection System
ALR00001348,TR00246193,31,Velocity Check Failed,Resolved,2019-06-01 10:51:27,Alka Dewan,EMP00000020,2019-06-24,2026-07-25 05:53:13.247143,,Fraud Detection System
ALR00001349,TR00115960,51,Unusual Spending Pattern,False Positive,2021-04-23 18:27:15,Chandresh Sood,EMP00000074,2021-05-14,2026-07-25 05:53:13.248149,,Fraud Detection System
ALR00001350,TR00070519,100,Location Mismatch,False Positive,2022-02-08 12:21:56,Oni Dubey,EMP00000346,2022-02-11,2026-07-25 05:53:13.249149,,Fraud Detection System
ALR00001351,TR00095851,51,Card Not Present,Resolved,2020-03-05 20:42:01,Nakul Bhandari,EMP00000075,2020-04-03,2026-07-25 05:53:13.250156,,Fraud Detection System
ALR00001352,TR00132411,25,Unusual Spending Pattern,Under Investigation,2024-05-27 20:30:01,Yagnesh Shan,EMP00000279,,2026-07-25 05:53:13.251144,,Fraud Detection System
ALR00001353,TR00241906,38,High Transaction Amount,False Positive,2024-08-16 02:14:28,Kashvi Sarma,EMP00000045,2024-08-17,2026-07-25 05:53:13.252141,,Fraud Detection System
ALR00001354,TR00205613,94,Card Not Present,False Positive,2021-04-11 22:19:20,Divya Kala,EMP00000018,2021-05-01,2026-07-25 05:53:13.254145,,Fraud Detection System
ALR00001355,TR00201837,61,Card Not Present,Under Investigation,2024-08-17 12:27:04,Kiaan Shetty,EMP00000150,,2026-07-25 05:53:13.255161,,Fraud Detection System
ALR00001356,TR00034450,40,Unusual Spending Pattern,Resolved,2019-02-09 23:44:17,Chandresh Sood,EMP00000074,2019-02-24,2026-07-25 05:53:13.256146,,Fraud Detection System
ALR00001357,TR00062376,23,Card Not Present,Closed,2023-03-03 02:25:14,Nakul Bhandari,EMP00000075,2023-04-01,2026-07-25 05:53:13.257139,,Fraud Detection System
ALR00001358,TR00160980,61,Velocity Check Failed,Open,2022-03-25 16:24:14,,,,2026-07-25 05:53:13.257139,,Fraud Detection System
ALR00001359,TR00219548,59,Card Not Present,Under Investigation,2024-01-30 11:08:49,Hritik Kaur,EMP00000338,,2026-07-25 05:53:13.258152,,Fraud Detection System
ALR00001360,TR00139440,100,Velocity Check Failed,Open,2011-12-14 11:36:50,,,,2026-07-25 05:53:13.259138,,Fraud Detection System
ALR00001361,TR00025762,43,Unusual Spending Pattern,Closed,2025-06-21 07:12:50,Zayyan Bumb,EMP00000179,2025-07-03,2026-07-25 05:53:13.260140,,Fraud Detection System
ALR00001362,TR00212355,9,Card Not Present,Resolved,2011-09-10 18:05:30,Zaid Dara,EMP00000149,2011-09-11,2026-07-25 05:53:13.261154,,Fraud Detection System
ALR00001363,TR00213582,92,Blacklisted Merchant,Resolved,2016-07-20 18:31:24,Nakul Bhandari,EMP00000075,2016-07-24,2026-07-25 05:53:13.262147,,Fraud Detection System
ALR00001364,TR00071382,79,Card Not Present,Open,2024-07-18 01:09:11,,,,2026-07-25 05:53:13.263152,,Fraud Detection System
ALR00001365,TR00192020,84,Multiple Failed Attempts,Resolved,2026-05-29 15:14:39,Balveer Bumb,EMP00000079,2026-06-09,2026-07-25 05:53:13.264142,,Fraud Detection System
ALR00001366,TR00068192,57,Multiple Failed Attempts,False Positive,2017-05-28 18:34:47,Devansh Sachdeva,EMP00000161,2017-06-24,2026-07-25 05:53:13.265143,,Fraud Detection System
ALR00001367,TR00226785,91,Unusual Spending Pattern,Under Investigation,2025-11-25 18:56:16,Balendra Pingle,EMP00000102,,2026-07-25 05:53:13.266146,,Fraud Detection System
ALR00001368,TR00036693,70,Multiple Failed Attempts,Open,2022-02-16 20:05:02,,,,2026-07-25 05:53:13.266146,,Fraud Detection System
ALR00001369,TR00109793,94,Location Mismatch,Closed,2025-03-28 14:14:52,Kiaan Shetty,EMP00000150,2025-04-25,2026-07-25 05:53:13.267163,,Fraud Detection System
ALR00001370,TR00236845,68,Unusual Spending Pattern,Under Investigation,2021-04-12 06:42:13,Aditya Shanker,EMP00000084,,2026-07-25 05:53:13.268155,,Fraud Detection System
ALR00001371,TR00055358,90,Unusual Spending Pattern,Open,2019-12-16 19:25:18,,,,2026-07-25 05:53:13.269167,,Fraud Detection System
ALR00001372,TR00113396,67,Multiple Failed Attempts,Resolved,2025-02-09 12:55:09,Aadhya Andra,EMP00000312,2025-02-10,2026-07-25 05:53:13.270166,,Fraud Detection System
ALR00001373,TR00087482,72,Unusual Spending Pattern,Closed,2025-08-02 12:42:05,Ekaja Zachariah,EMP00000158,2025-08-15,2026-07-25 05:53:13.271145,,Fraud Detection System
ALR00001374,TR00006672,63,Unusual Spending Pattern,Under Investigation,2026-07-13 00:04:06,Balveer Parmar,EMP00000105,,2026-07-25 05:53:13.272135,,Fraud Detection System
ALR00001375,TR00013737,100,Card Not Present,Resolved,2024-06-01 03:52:03,Pranav Lanka,EMP00000120,2024-06-28,2026-07-25 05:53:13.273144,,Fraud Detection System
ALR00001376,TR00126130,7,Location Mismatch,Resolved,2022-06-02 17:28:43,Gaurang Murty,EMP00000264,2022-06-03,2026-07-25 05:53:13.274137,,Fraud Detection System
ALR00001377,TR00058749,37,Multiple Failed Attempts,Open,2020-06-21 17:04:20,,,,2026-07-25 05:53:13.275067,,Fraud Detection System
ALR00001378,TR00248601,44,Card Not Present,Resolved,2026-02-01 02:31:17,Mohini Pathak,EMP00000022,2026-02-09,2026-07-25 05:53:13.276161,,Fraud Detection System
ALR00001379,TR00094099,40,Location Mismatch,Under Investigation,2022-10-21 04:24:08,Dipta Sarin,EMP00000122,,2026-07-25 05:53:13.277138,,Fraud Detection System
ALR00001380,TR00007061,24,Velocity Check Failed,Open,2015-03-18 14:19:24,,,,2026-07-25 05:53:13.277138,,Fraud Detection System
ALR00001381,TR00233048,99,Card Not Present,Under Investigation,2010-10-24 12:52:17,Pallavi Kakar,EMP00000043,,2026-07-25 05:53:13.278142,,Fraud Detection System
ALR00001382,TR00210805,47,High Transaction Amount,Open,2026-01-21 13:43:13,,,,2026-07-25 05:53:13.279149,,Fraud Detection System
ALR00001383,TR00163214,80,Multiple Failed Attempts,Resolved,2023-05-03 10:00:59,Balendra Pingle,EMP00000102,2023-05-25,2026-07-25 05:53:13.280165,,Fraud Detection System
ALR00001384,TR00199287,85,Unusual Spending Pattern,False Positive,2016-12-09 11:25:01,Jagdish Koshy,EMP00000078,2017-01-03,2026-07-25 05:53:13.281147,,Fraud Detection System
ALR00001385,TR00034222,2,Blacklisted Merchant,Resolved,2026-05-25 13:54:33,Balendra Pingle,EMP00000102,2026-06-15,2026-07-25 05:53:13.282144,,Fraud Detection System
ALR00001386,TR00071892,73,Location Mismatch,Under Investigation,2025-11-06 11:05:49,Hritik Kaur,EMP00000338,,2026-07-25 05:53:13.283146,,Fraud Detection System
ALR00001387,TR00208591,60,Card Not Present,Closed,2025-10-01 22:42:55,Nakul Bhandari,EMP00000075,2025-10-14,2026-07-25 05:53:13.284155,,Fraud Detection System
ALR00001388,TR00174871,52,High Transaction Amount,Under Investigation,2025-04-04 03:33:09,Ekansh Keer,EMP00000077,,2026-07-25 05:53:13.285144,,Fraud Detection System
ALR00001389,TR00034536,13,Card Not Present,Closed,2020-08-29 14:16:45,Balendra Pingle,EMP00000102,2020-09-06,2026-07-25 05:53:13.286134,,Fraud Detection System
ALR00001390,TR00177207,3,Card Not Present,Resolved,2026-03-24 16:14:03,Rudra Sandal,EMP00000245,2026-04-21,2026-07-25 05:53:13.287140,,Fraud Detection System
ALR00001391,TR00112753,52,Location Mismatch,False Positive,2021-07-28 17:28:10,Devansh Sachdeva,EMP00000161,2021-08-18,2026-07-25 05:53:13.288146,,Fraud Detection System
ALR00001392,TR00001417,75,High Transaction Amount,Closed,2025-12-18 23:36:49,Jack Rajan,EMP00000123,2026-01-10,2026-07-25 05:53:13.289148,,Fraud Detection System
ALR00001393,TR00020058,55,Location Mismatch,Resolved,2014-07-01 04:15:38,Veer Bir,EMP00000050,2014-07-05,2026-07-25 05:53:13.290159,,Fraud Detection System
ALR00001394,TR00063736,18,Location Mismatch,False Positive,2022-06-16 04:00:55,Mohini Pathak,EMP00000022,2022-07-08,2026-07-25 05:53:13.291153,,Fraud Detection System
ALR00001395,TR00209876,57,Velocity Check Failed,Resolved,2018-05-24 11:38:54,Nilima Nath,EMP00000260,2018-06-09,2026-07-25 05:53:13.292085,,Fraud Detection System
ALR00001396,TR00137978,88,Card Not Present,Open,2024-07-15 07:44:11,,,,2026-07-25 05:53:13.293161,,Fraud Detection System
ALR00001397,TR00182836,79,Velocity Check Failed,False Positive,2026-03-28 17:39:33,Zaid Dara,EMP00000149,2026-04-16,2026-07-25 05:53:13.294134,,Fraud Detection System
ALR00001398,TR00132523,30,Location Mismatch,Resolved,2008-02-04 13:55:40,Mohini Pathak,EMP00000022,2008-02-20,2026-07-25 05:53:13.295135,,Fraud Detection System
ALR00001399,TR00027865,12,Unusual Spending Pattern,False Positive,2026-03-21 07:02:15,Balveer Bumb,EMP00000079,2026-04-05,2026-07-25 05:53:13.296134,,Fraud Detection System
ALR00001400,TR00072192,58,High Transaction Amount,Resolved,2024-08-26 08:06:16,Balendra Pingle,EMP00000102,2024-08-31,2026-07-25 05:53:13.297142,,Fraud Detection System
ALR00001401,TR00075598,27,Unusual Spending Pattern,Resolved,2026-01-17 02:53:38,Lajita Seshadri,EMP00000235,2026-01-24,2026-07-25 05:53:13.298139,,Fraud Detection System
ALR00001402,TR00012158,22,Velocity Check Failed,False Positive,2014-06-21 04:40:24,Kashvi Sarma,EMP00000045,2014-07-07,2026-07-25 05:53:13.299148,,Fraud Detection System
ALR00001403,TR00105498,32,Unusual Spending Pattern,Under Investigation,2008-09-10 11:44:18,Nakul Bhandari,EMP00000075,,2026-07-25 05:53:13.300443,,Fraud Detection System
ALR00001404,TR00199869,90,Unusual Spending Pattern,Under Investigation,2013-02-04 19:37:14,Aahana Pillay,EMP00000186,,2026-07-25 05:53:13.301542,,Fraud Detection System
ALR00001405,TR00114778,25,Velocity Check Failed,Resolved,2026-03-30 00:36:08,Akshay Lalla,EMP00000335,2026-04-18,2026-07-25 05:53:13.302541,,Fraud Detection System
ALR00001406,TR00027781,90,Unusual Spending Pattern,Under Investigation,2026-06-12 02:59:56,Oni Dubey,EMP00000346,,2026-07-25 05:53:13.303547,,Fraud Detection System
ALR00001407,TR00226744,91,Unusual Spending Pattern,Resolved,2026-02-05 09:34:46,Vaishnavi Bora,EMP00000143,2026-03-01,2026-07-25 05:53:13.303547,,Fraud Detection System
ALR00001408,TR00150003,90,Velocity Check Failed,Open,2019-09-20 16:55:02,,,,2026-07-25 05:53:13.304547,,Fraud Detection System
ALR00001409,TR00004192,40,High Transaction Amount,Under Investigation,2021-12-15 05:13:31,Anirudh Zacharia,EMP00000180,,2026-07-25 05:53:13.305550,,Fraud Detection System
ALR00001410,TR00129483,61,Blacklisted Merchant,Open,2026-05-14 02:26:30,,,,2026-07-25 05:53:13.306577,,Fraud Detection System
ALR00001411,TR00060296,58,Velocity Check Failed,Under Investigation,2025-10-01 15:30:13,Balveer Bumb,EMP00000079,,2026-07-25 05:53:13.307545,,Fraud Detection System
ALR00001412,TR00035637,37,Multiple Failed Attempts,Under Investigation,2013-02-19 10:34:33,Nicholas Goel,EMP00000108,,2026-07-25 05:53:13.308564,,Fraud Detection System
ALR00001413,TR00107851,49,Blacklisted Merchant,Resolved,2024-07-12 20:57:58,Riya Pai,EMP00000314,2024-07-25,2026-07-25 05:53:13.309563,,Fraud Detection System
ALR00001414,TR00154690,34,Multiple Failed Attempts,Open,2025-09-29 09:30:02,,,,2026-07-25 05:53:13.310548,,Fraud Detection System
ALR00001415,TR00059965,35,Card Not Present,Resolved,2014-12-25 06:30:38,Akshay Lalla,EMP00000335,2015-01-13,2026-07-25 05:53:13.311550,,Fraud Detection System
ALR00001416,TR00104720,42,Blacklisted Merchant,Resolved,2024-01-22 05:27:53,Ishwar Kamdar,EMP00000185,2024-02-17,2026-07-25 05:53:13.312549,,Fraud Detection System
ALR00001417,TR00166729,65,Unusual Spending Pattern,False Positive,2025-08-05 11:07:43,Veer Bir,EMP00000050,2025-08-06,2026-07-25 05:53:13.313547,,Fraud Detection System
ALR00001418,TR00021565,7,Multiple Failed Attempts,Open,2025-12-16 20:57:14,,,,2026-07-25 05:53:13.313547,,Fraud Detection System
ALR00001419,TR00243950,35,Velocity Check Failed,False Positive,2025-08-29 17:20:03,Jeremiah Dave,EMP00000041,2025-09-20,2026-07-25 05:53:13.314553,,Fraud Detection System
ALR00001420,TR00017412,36,Multiple Failed Attempts,False Positive,2025-05-05 15:01:42,Devansh Sachdeva,EMP00000161,2025-05-09,2026-07-25 05:53:13.315546,,Fraud Detection System
ALR00001421,TR00132042,67,Card Not Present,Resolved,2017-01-26 12:27:58,Chandresh Sood,EMP00000074,2017-02-10,2026-07-25 05:53:13.316551,,Fraud Detection System
ALR00001422,TR00127495,51,Blacklisted Merchant,Open,2018-09-03 03:23:44,,,,2026-07-25 05:53:13.317464,,Fraud Detection System
ALR00001423,TR00247096,19,High Transaction Amount,Under Investigation,2026-05-30 00:17:11,Mohini Pathak,EMP00000022,,2026-07-25 05:53:13.318553,,Fraud Detection System
ALR00001424,TR00139296,79,Unusual Spending Pattern,Closed,2025-01-06 03:30:32,Mohini Pathak,EMP00000022,2025-01-18,2026-07-25 05:53:13.319550,,Fraud Detection System
ALR00001425,TR00098058,62,Location Mismatch,Resolved,2018-11-20 01:42:36,Hritik Kaur,EMP00000338,2018-12-05,2026-07-25 05:53:13.320548,,Fraud Detection System
ALR00001426,TR00118105,56,Multiple Failed Attempts,Resolved,2026-05-22 06:46:36,Chaaya Saran,EMP00000030,2026-05-27,2026-07-25 05:53:13.321562,,Fraud Detection System
ALR00001427,TR00159624,77,High Transaction Amount,Resolved,2020-05-08 23:11:05,Kashvi Sarma,EMP00000045,2020-05-27,2026-07-25 05:53:13.322556,,Fraud Detection System
ALR00001428,TR00245351,76,Multiple Failed Attempts,Under Investigation,2019-06-08 23:52:30,Rudra Sandal,EMP00000245,,2026-07-25 05:53:13.323497,,Fraud Detection System
ALR00001429,TR00063217,48,Multiple Failed Attempts,Resolved,2024-07-07 15:37:21,Chandresh Sood,EMP00000074,2024-07-31,2026-07-25 05:53:13.324557,,Fraud Detection System
ALR00001430,TR00004145,16,Location Mismatch,Resolved,2020-02-17 13:54:51,Prisha Andra,EMP00000100,2020-02-17,2026-07-25 05:53:13.325462,,Fraud Detection System
ALR00001431,TR00198579,29,High Transaction Amount,Resolved,2019-02-10 20:04:45,Veer Bir,EMP00000050,2019-03-08,2026-07-25 05:53:13.326550,,Fraud Detection System
ALR00001432,TR00086183,62,Multiple Failed Attempts,Closed,2024-08-18 04:27:39,Adweta Edwin,EMP00000099,2024-09-09,2026-07-25 05:53:13.327554,,Fraud Detection System
ALR00001433,TR00184259,48,Unusual Spending Pattern,Resolved,2022-12-16 15:42:29,Pranav Lanka,EMP00000120,2023-01-05,2026-07-25 05:53:13.328549,,Fraud Detection System
ALR00001434,TR00157905,58,Unusual Spending Pattern,Resolved,2026-04-19 23:04:45,Devansh Rajan,EMP00000026,2026-04-21,2026-07-25 05:53:13.329552,,Fraud Detection System
ALR00001435,TR00194040,53,Card Not Present,Resolved,2023-11-20 04:29:43,Frederick Khurana,EMP00000208,2023-11-29,2026-07-25 05:53:13.330571,,Fraud Detection System
ALR00001436,TR00184829,40,Blacklisted Merchant,Under Investigation,2012-03-09 16:30:01,Adweta Edwin,EMP00000099,,2026-07-25 05:53:13.331560,,Fraud Detection System
ALR00001437,TR00083374,7,Unusual Spending Pattern,Under Investigation,2025-04-13 05:44:33,Ekansh Keer,EMP00000077,,2026-07-25 05:53:13.332570,,Fraud Detection System
ALR00001438,TR00011331,5,Location Mismatch,Resolved,2015-01-17 02:56:24,Aditya Shanker,EMP00000084,2015-02-11,2026-07-25 05:53:13.333557,,Fraud Detection System
ALR00001439,TR00137279,14,Location Mismatch,Closed,2020-03-29 00:20:39,Ekansh Keer,EMP00000077,2020-04-15,2026-07-25 05:53:13.334573,,Fraud Detection System
ALR00001440,TR00204870,77,Velocity Check Failed,Open,2025-02-04 01:18:46,,,,2026-07-25 05:53:13.335544,,Fraud Detection System
ALR00001441,TR00043802,75,Blacklisted Merchant,Closed,2022-08-24 04:32:33,Riya Pai,EMP00000314,2022-09-17,2026-07-25 05:53:13.336543,,Fraud Detection System
ALR00001442,TR00196208,65,Velocity Check Failed,Resolved,2019-07-27 21:37:56,Kashvi Sarma,EMP00000045,2019-08-17,2026-07-25 05:53:13.337542,,Fraud Detection System
ALR00001443,TR00116733,67,Location Mismatch,Open,2011-04-01 02:27:50,,,,2026-07-25 05:53:13.338467,,Fraud Detection System
ALR00001444,TR00174746,3,Multiple Failed Attempts,Resolved,2014-08-12 07:24:23,Banjeet Balasubramanian,EMP00000182,2014-08-14,2026-07-25 05:53:13.339542,,Fraud Detection System
ALR00001445,TR00158804,22,Card Not Present,Under Investigation,2025-01-30 20:48:45,Jack Rajan,EMP00000123,,2026-07-25 05:53:13.340545,,Fraud Detection System
ALR00001446,TR00204347,59,Card Not Present,Resolved,2016-11-23 18:56:20,Chaaya Saran,EMP00000030,2016-12-02,2026-07-25 05:53:13.341573,,Fraud Detection System
ALR00001447,TR00016264,0,Unusual Spending Pattern,Resolved,2026-07-13 01:52:00,Jagdish Koshy,EMP00000078,2026-07-16,2026-07-25 05:53:13.342546,,Fraud Detection System
ALR00001448,TR00195431,44,Velocity Check Failed,Resolved,2018-04-22 21:06:39,Rudra Sandal,EMP00000245,2018-05-18,2026-07-25 05:53:13.343541,,Fraud Detection System
ALR00001449,TR00114927,23,Unusual Spending Pattern,Resolved,2018-03-09 13:15:47,Nilima Nath,EMP00000260,2018-03-15,2026-07-25 05:53:13.344557,,Fraud Detection System
ALR00001450,TR00073639,62,Velocity Check Failed,False Positive,2025-03-26 12:09:25,Ishwar Kamdar,EMP00000185,2025-04-08,2026-07-25 05:53:13.345554,,Fraud Detection System
ALR00001451,TR00011187,86,Location Mismatch,Under Investigation,2024-03-09 18:46:45,Nilima Nath,EMP00000260,,2026-07-25 05:53:13.346550,,Fraud Detection System
ALR00001452,TR00049745,62,Card Not Present,Under Investigation,2026-05-02 11:49:56,Hritik Kaur,EMP00000338,,2026-07-25 05:53:13.347544,,Fraud Detection System
ALR00001453,TR00010713,100,Location Mismatch,Under Investigation,2022-09-21 13:42:53,Akshay Lalla,EMP00000335,,2026-07-25 05:53:13.348542,,Fraud Detection System
ALR00001454,TR00233628,90,High Transaction Amount,Resolved,2025-09-12 02:10:39,Jack Rajan,EMP00000123,2025-10-03,2026-07-25 05:53:13.349546,,Fraud Detection System
ALR00001455,TR00129485,75,Blacklisted Merchant,Open,2026-07-17 00:22:19,,,,2026-07-25 05:53:13.349546,,Fraud Detection System
ALR00001456,TR00247270,31,Card Not Present,Open,2016-02-29 00:23:51,,,,2026-07-25 05:53:13.350597,,Fraud Detection System
ALR00001457,TR00136505,69,Unusual Spending Pattern,False Positive,2016-05-06 23:36:40,Vaishnavi Bora,EMP00000143,2016-05-29,2026-07-25 05:53:13.351549,,Fraud Detection System
ALR00001458,TR00063158,61,Blacklisted Merchant,Open,2026-05-14 19:33:50,,,,2026-07-25 05:53:13.352551,,Fraud Detection System
ALR00001459,TR00189535,12,Card Not Present,Resolved,2019-09-19 04:14:05,Jyoti Solanki,EMP00000213,2019-09-24,2026-07-25 05:53:13.353542,,Fraud Detection System
ALR00001460,TR00047593,57,Unusual Spending Pattern,Resolved,2025-10-29 16:59:48,Nakul Sarma,EMP00000089,2025-10-30,2026-07-25 05:53:13.354563,,Fraud Detection System
ALR00001461,TR00089411,69,Card Not Present,Under Investigation,2013-03-21 14:02:11,Zaid Dara,EMP00000149,,2026-07-25 05:53:13.355553,,Fraud Detection System
ALR00001462,TR00196692,41,Blacklisted Merchant,Closed,2026-04-22 13:55:58,Devansh Rajan,EMP00000026,2026-05-21,2026-07-25 05:53:13.356554,,Fraud Detection System
ALR00001463,TR00217373,68,Card Not Present,Resolved,2014-06-05 07:38:25,Balveer Parmar,EMP00000105,2014-06-16,2026-07-25 05:53:13.357550,,Fraud Detection System
ALR00001464,TR00083232,23,Card Not Present,Resolved,2026-07-12 06:18:40,Veer Bir,EMP00000050,2026-07-15,2026-07-25 05:53:13.358462,,Fraud Detection System
ALR00001465,TR00031162,83,Velocity Check Failed,Open,2023-05-02 03:06:33,,,,2026-07-25 05:53:13.358462,,Fraud Detection System
ALR00001466,TR00092127,80,Unusual Spending Pattern,Resolved,2025-04-15 02:35:48,Onveer Walla,EMP00000012,2025-04-30,2026-07-25 05:53:13.359563,,Fraud Detection System
ALR00001467,TR00223290,97,High Transaction Amount,Under Investigation,2022-05-22 11:01:44,Zayyan Bumb,EMP00000179,,2026-07-25 05:53:13.360577,,Fraud Detection System
ALR00001468,TR00186941,13,High Transaction Amount,Under Investigation,2017-04-17 07:45:24,Ekansh Keer,EMP00000077,,2026-07-25 05:53:13.361564,,Fraud Detection System
ALR00001469,TR00224291,19,Unusual Spending Pattern,Resolved,2017-12-21 18:43:47,Oni Dubey,EMP00000346,2018-01-16,2026-07-25 05:53:13.362553,,Fraud Detection System
ALR00001470,TR00097065,29,Blacklisted Merchant,Resolved,2023-11-02 16:01:58,Chaaya Saran,EMP00000030,2023-11-02,2026-07-25 05:53:13.363551,,Fraud Detection System
ALR00001471,TR00243686,39,Velocity Check Failed,False Positive,2010-08-25 23:28:53,Balendra Pingle,EMP00000102,2010-09-20,2026-07-25 05:53:13.364554,,Fraud Detection System
ALR00001472,TR00124625,22,Unusual Spending Pattern,Under Investigation,2017-08-04 16:38:02,Hritik Kaur,EMP00000338,,2026-07-25 05:53:13.365562,,Fraud Detection System
ALR00001473,TR00124941,27,Velocity Check Failed,Under Investigation,2021-04-26 23:11:28,Lakshit Upadhyay,EMP00000023,,2026-07-25 05:53:13.366558,,Fraud Detection System
ALR00001474,TR00231505,44,Velocity Check Failed,Under Investigation,2026-07-07 19:56:14,Gaurang Murty,EMP00000264,,2026-07-25 05:53:13.367568,,Fraud Detection System
ALR00001475,TR00130334,16,Multiple Failed Attempts,Open,2018-03-09 02:45:21,,,,2026-07-25 05:53:13.368571,,Fraud Detection System
ALR00001476,TR00201808,27,Multiple Failed Attempts,Resolved,2023-08-07 21:20:49,Kashvi Sarma,EMP00000045,2023-08-26,2026-07-25 05:53:13.369468,,Fraud Detection System
ALR00001477,TR00182768,28,Unusual Spending Pattern,Resolved,2020-07-10 11:54:36,Dipta Sarin,EMP00000122,2020-07-14,2026-07-25 05:53:13.370553,,Fraud Detection System
ALR00001478,TR00020004,27,High Transaction Amount,False Positive,2014-03-27 07:37:24,Ronith Patla,EMP00000126,2014-04-06,2026-07-25 05:53:13.371553,,Fraud Detection System
ALR00001479,TR00151473,43,Multiple Failed Attempts,Resolved,2012-12-16 12:53:01,Riya Pai,EMP00000314,2012-12-21,2026-07-25 05:53:13.372551,,Fraud Detection System
ALR00001480,TR00206906,21,High Transaction Amount,Under Investigation,2023-05-30 14:41:02,Balendra Pingle,EMP00000102,,2026-07-25 05:53:13.373560,,Fraud Detection System
ALR00001481,TR00137147,100,Unusual Spending Pattern,Under Investigation,2020-07-09 15:22:17,Veer Bir,EMP00000050,,2026-07-25 05:53:13.374556,,Fraud Detection System
ALR00001482,TR00080688,57,Velocity Check Failed,Closed,2025-05-16 23:58:04,Kashvi Sarma,EMP00000045,2025-06-07,2026-07-25 05:53:13.375462,,Fraud Detection System
ALR00001483,TR00020293,25,Blacklisted Merchant,False Positive,2024-06-07 09:08:16,Yagnesh Shan,EMP00000279,2024-06-12,2026-07-25 05:53:13.376564,,Fraud Detection System
ALR00001484,TR00166022,82,Multiple Failed Attempts,Resolved,2025-08-13 01:03:50,Diya Rattan,EMP00000016,2025-08-20,2026-07-25 05:53:13.377559,,Fraud Detection System
ALR00001485,TR00076871,74,Multiple Failed Attempts,Open,2013-05-21 02:08:55,,,,2026-07-25 05:53:13.378546,,Fraud Detection System
ALR00001486,TR00151510,77,High Transaction Amount,Under Investigation,2018-06-15 14:25:07,Kiaan Shetty,EMP00000150,,2026-07-25 05:53:13.379541,,Fraud Detection System
ALR00001487,TR00107125,59,Unusual Spending Pattern,Resolved,2025-12-06 20:18:19,Riya Pai,EMP00000314,2025-12-30,2026-07-25 05:53:13.380542,,Fraud Detection System
ALR00001488,TR00173318,31,High Transaction Amount,Open,2019-06-29 06:23:03,,,,2026-07-25 05:53:13.380542,,Fraud Detection System
ALR00001489,TR00087948,63,Blacklisted Merchant,False Positive,2021-03-03 16:18:42,Indira Misra,EMP00000166,2021-03-17,2026-07-25 05:53:13.381555,,Fraud Detection System
ALR00001490,TR00010815,97,Location Mismatch,Under Investigation,2020-08-02 21:34:00,Sudiksha Aggarwal,EMP00000031,,2026-07-25 05:53:13.382571,,Fraud Detection System
ALR00001491,TR00218530,53,Multiple Failed Attempts,Closed,2021-09-13 03:55:46,Hritik Kaur,EMP00000338,2021-10-07,2026-07-25 05:53:13.383548,,Fraud Detection System
ALR00001492,TR00088191,92,Unusual Spending Pattern,Resolved,2026-06-07 06:03:24,Vaishnavi Bora,EMP00000143,2026-06-20,2026-07-25 05:53:13.384547,,Fraud Detection System
ALR00001493,TR00249452,37,Unusual Spending Pattern,Resolved,2021-03-24 03:46:10,Dipta Sarin,EMP00000122,2021-04-13,2026-07-25 05:53:13.385549,,Fraud Detection System
ALR00001494,TR00068596,25,High Transaction Amount,Resolved,2026-05-09 15:07:29,Lajita Seshadri,EMP00000235,2026-06-01,2026-07-25 05:53:13.386549,,Fraud Detection System
ALR00001495,TR00245203,83,High Transaction Amount,Under Investigation,2026-01-14 11:15:12,Jagdish Koshy,EMP00000078,,2026-07-25 05:53:13.387556,,Fraud Detection System
ALR00001496,TR00237156,82,Velocity Check Failed,Resolved,2025-11-20 00:17:17,Gaurang Murty,EMP00000264,2025-12-12,2026-07-25 05:53:13.388562,,Fraud Detection System
ALR00001497,TR00019151,47,Multiple Failed Attempts,Resolved,2022-01-20 08:54:30,Sudiksha Aggarwal,EMP00000031,2022-01-31,2026-07-25 05:53:13.389556,,Fraud Detection System
ALR00001498,TR00160053,27,Unusual Spending Pattern,Under Investigation,2021-04-01 13:01:20,Dipta Sarin,EMP00000122,,2026-07-25 05:53:13.390553,,Fraud Detection System
ALR00001499,TR00090915,17,Location Mismatch,Open,2017-02-22 23:31:07,,,,2026-07-25 05:53:13.391567,,Fraud Detection System
ALR00001500,TR00201791,3,Multiple Failed Attempts,Resolved,2010-02-25 05:35:15,Onveer Walla,EMP00000012,2010-03-19,2026-07-25 05:53:13.392547,,Fraud Detection System
ALR00001501,TR00170554,50,Multiple Failed Attempts,Open,2024-03-19 11:08:23,,,,2026-07-25 05:53:13.392547,,Fraud Detection System
ALR00001502,TR00238361,73,Velocity Check Failed,Under Investigation,2024-07-13 00:18:22,Adweta Edwin,EMP00000099,,2026-07-25 05:53:13.393543,,Fraud Detection System
ALR00001503,TR00035443,19,High Transaction Amount,Under Investigation,2025-03-12 20:08:30,Riya Pai,EMP00000314,,2026-07-25 05:53:13.394548,,Fraud Detection System
ALR00001504,TR00152884,64,Card Not Present,Open,2025-10-21 17:16:59,,,,2026-07-25 05:53:13.395547,,Fraud Detection System
ALR00001505,TR00196811,51,Unusual Spending Pattern,Open,2025-12-07 17:09:58,,,,2026-07-25 05:53:13.396571,,Fraud Detection System
ALR00001506,TR00008914,47,Unusual Spending Pattern,False Positive,2025-10-18 13:50:03,Diya Rattan,EMP00000016,2025-11-13,2026-07-25 05:53:13.397552,,Fraud Detection System
ALR00001507,TR00017302,6,Multiple Failed Attempts,Under Investigation,2018-08-27 18:12:31,Pallavi Kakar,EMP00000043,,2026-07-25 05:53:13.398548,,Fraud Detection System
ALR00001508,TR00196033,37,Unusual Spending Pattern,Resolved,2011-07-22 13:04:14,Pranav Lanka,EMP00000120,2011-07-29,2026-07-25 05:53:13.399550,,Fraud Detection System
ALR00001509,TR00091697,69,High Transaction Amount,False Positive,2026-03-20 01:59:38,Frederick Khurana,EMP00000208,2026-04-07,2026-07-25 05:53:13.400700,,Fraud Detection System
ALR00001510,TR00096114,49,Unusual Spending Pattern,Open,2023-05-19 02:51:14,,,,2026-07-25 05:53:13.400700,,Fraud Detection System
ALR00001511,TR00142442,9,High Transaction Amount,Resolved,2024-08-09 07:22:09,Lakshit Upadhyay,EMP00000023,2024-08-18,2026-07-25 05:53:13.401828,,Fraud Detection System
ALR00001512,TR00152197,48,Card Not Present,Open,2021-04-08 19:53:59,,,,2026-07-25 05:53:13.402836,,Fraud Detection System
ALR00001513,TR00170464,51,Location Mismatch,False Positive,2025-07-27 18:06:29,Ekansh Keer,EMP00000077,2025-08-25,2026-07-25 05:53:13.403832,,Fraud Detection System
ALR00001514,TR00237448,27,High Transaction Amount,Resolved,2022-01-02 19:10:30,Jagdish Koshy,EMP00000078,2022-01-26,2026-07-25 05:53:13.404830,,Fraud Detection System
ALR00001515,TR00093207,86,Card Not Present,Resolved,2023-06-14 15:18:47,Prisha Andra,EMP00000100,2023-06-20,2026-07-25 05:53:13.405833,,Fraud Detection System
ALR00001516,TR00192014,8,Location Mismatch,Open,2017-05-25 14:42:34,,,,2026-07-25 05:53:13.405833,,Fraud Detection System
ALR00001517,TR00144141,12,Unusual Spending Pattern,Open,2019-09-12 23:40:09,,,,2026-07-25 05:53:13.406854,,Fraud Detection System
ALR00001518,TR00133007,67,Blacklisted Merchant,False Positive,2025-09-12 10:06:29,Ronith Patla,EMP00000126,2025-09-15,2026-07-25 05:53:13.407830,,Fraud Detection System
ALR00001519,TR00099821,56,Velocity Check Failed,Closed,2008-10-09 12:33:02,Devansh Sachdeva,EMP00000161,2008-10-22,2026-07-25 05:53:13.408740,,Fraud Detection System
ALR00001520,TR00163089,48,Multiple Failed Attempts,Resolved,2022-07-28 02:24:12,Nicholas Goel,EMP00000108,2022-08-17,2026-07-25 05:53:13.409818,,Fraud Detection System
ALR00001521,TR00062305,58,Unusual Spending Pattern,Under Investigation,2012-05-26 01:39:16,Ekaja Zachariah,EMP00000158,,2026-07-25 05:53:13.410825,,Fraud Detection System
ALR00001522,TR00028524,84,Blacklisted Merchant,Open,2015-11-02 15:33:13,,,,2026-07-25 05:53:13.411823,,Fraud Detection System
ALR00001523,TR00184991,14,Location Mismatch,Resolved,2021-11-16 19:27:16,Nilima Nath,EMP00000260,2021-12-02,2026-07-25 05:53:13.412823,,Fraud Detection System
ALR00001524,TR00125276,14,High Transaction Amount,Resolved,2025-07-24 11:27:31,Hritik Kaur,EMP00000338,2025-08-17,2026-07-25 05:53:13.413825,,Fraud Detection System
ALR00001525,TR00097152,9,Location Mismatch,Resolved,2013-02-26 21:45:21,Lakshit Dora,EMP00000159,2013-03-10,2026-07-25 05:53:13.414824,,Fraud Detection System
ALR00001526,TR00141069,71,Unusual Spending Pattern,Closed,2018-10-29 09:03:42,Balendra Pingle,EMP00000102,2018-10-29,2026-07-25 05:53:13.415832,,Fraud Detection System
ALR00001527,TR00065304,7,High Transaction Amount,Closed,2020-12-13 09:31:23,Banjeet Balasubramanian,EMP00000182,2020-12-26,2026-07-25 05:53:13.416827,,Fraud Detection System
ALR00001528,TR00064844,51,Location Mismatch,Resolved,2026-03-15 10:34:06,Chandresh Sood,EMP00000074,2026-03-29,2026-07-25 05:53:13.417825,,Fraud Detection System
ALR00001529,TR00112173,78,Unusual Spending Pattern,Open,2016-12-27 16:38:17,,,,2026-07-25 05:53:13.417825,,Fraud Detection System
ALR00001530,TR00248963,50,High Transaction Amount,Open,2019-04-07 00:32:45,,,,2026-07-25 05:53:13.418836,,Fraud Detection System
ALR00001531,TR00071490,77,Unusual Spending Pattern,Resolved,2020-07-11 06:45:28,Nakul Bhandari,EMP00000075,2020-08-08,2026-07-25 05:53:13.419819,,Fraud Detection System
ALR00001532,TR00229568,1,Blacklisted Merchant,Closed,2013-10-12 00:01:18,Kashvi Sarma,EMP00000045,2013-11-09,2026-07-25 05:53:13.420829,,Fraud Detection System
ALR00001533,TR00123360,94,Blacklisted Merchant,Resolved,2018-07-08 13:40:45,Lakshit Dora,EMP00000159,2018-07-31,2026-07-25 05:53:13.421826,,Fraud Detection System
ALR00001534,TR00030745,60,Location Mismatch,Open,2020-12-31 10:50:13,,,,2026-07-25 05:53:13.422833,,Fraud Detection System
ALR00001535,TR00214036,46,Card Not Present,False Positive,2026-06-01 18:34:22,Oni Dubey,EMP00000346,2026-06-08,2026-07-25 05:53:13.423822,,Fraud Detection System
ALR00001536,TR00113599,37,Unusual Spending Pattern,Resolved,2025-03-27 21:07:47,Jack Rajan,EMP00000123,2025-04-17,2026-07-25 05:53:13.424844,,Fraud Detection System
ALR00001537,TR00225210,28,Multiple Failed Attempts,False Positive,2025-09-24 03:24:01,Nimrat Dubey,EMP00000296,2025-10-20,2026-07-25 05:53:13.425773,,Fraud Detection System
ALR00001538,TR00111960,30,High Transaction Amount,Resolved,2024-09-13 22:45:28,Jagdish Koshy,EMP00000078,2024-10-06,2026-07-25 05:53:13.426817,,Fraud Detection System
ALR00001539,TR00022133,11,Multiple Failed Attempts,Resolved,2014-11-08 17:04:22,Zayyan Bumb,EMP00000179,2014-11-24,2026-07-25 05:53:13.427829,,Fraud Detection System
ALR00001540,TR00171183,18,High Transaction Amount,Resolved,2018-07-20 03:58:41,Onveer Walla,EMP00000012,2018-08-05,2026-07-25 05:53:13.428825,,Fraud Detection System
ALR00001541,TR00212256,25,Unusual Spending Pattern,Under Investigation,2024-05-12 09:18:09,Meghana Maharaj,EMP00000320,,2026-07-25 05:53:13.429823,,Fraud Detection System
ALR00001542,TR00080234,27,Multiple Failed Attempts,Resolved,2025-02-09 10:35:06,Chandresh Sood,EMP00000074,2025-03-07,2026-07-25 05:53:13.430824,,Fraud Detection System
ALR00001543,TR00086899,73,Unusual Spending Pattern,Resolved,2022-12-31 15:42:25,Meghana Maharaj,EMP00000320,2023-01-26,2026-07-25 05:53:13.431818,,Fraud Detection System
ALR00001544,TR00016701,70,Blacklisted Merchant,Resolved,2019-04-21 15:35:05,Lajita Seshadri,EMP00000235,2019-05-09,2026-07-25 05:53:13.432829,,Fraud Detection System
ALR00001545,TR00136302,0,Card Not Present,Open,2025-02-04 00:55:39,,,,2026-07-25 05:53:13.433825,,Fraud Detection System
ALR00001546,TR00223626,15,Card Not Present,False Positive,2019-01-27 22:07:02,Balveer Parmar,EMP00000105,2019-02-18,2026-07-25 05:53:13.434824,,Fraud Detection System
ALR00001547,TR00213630,89,High Transaction Amount,Open,2018-10-10 22:45:15,,,,2026-07-25 05:53:13.434824,,Fraud Detection System
ALR00001548,TR00178804,73,Blacklisted Merchant,False Positive,2018-04-12 03:52:06,Devansh Rajan,EMP00000026,2018-04-27,2026-07-25 05:53:13.435832,,Fraud Detection System
ALR00001549,TR00232235,72,Multiple Failed Attempts,Resolved,2025-05-20 08:12:50,Rudra Sandal,EMP00000245,2025-05-29,2026-07-25 05:53:13.436825,,Fraud Detection System
ALR00001550,TR00160120,54,Card Not Present,Open,2014-07-09 14:53:55,,,,2026-07-25 05:53:13.437828,,Fraud Detection System
ALR00001551,TR00199832,47,High Transaction Amount,Under Investigation,2017-10-31 13:11:39,Alka Dewan,EMP00000020,,2026-07-25 05:53:13.438834,,Fraud Detection System
ALR00001552,TR00127819,43,High Transaction Amount,Resolved,2023-12-14 05:33:04,Oni Dubey,EMP00000346,2023-12-25,2026-07-25 05:53:13.439828,,Fraud Detection System
ALR00001553,TR00030346,43,Blacklisted Merchant,False Positive,2026-06-30 03:50:31,Prisha Andra,EMP00000100,2026-07-18,2026-07-25 05:53:13.440826,,Fraud Detection System
ALR00001554,TR00050113,14,High Transaction Amount,False Positive,2025-01-11 15:20:03,Yuvraj Handa,EMP00000060,2025-01-22,2026-07-25 05:53:13.441736,,Fraud Detection System
ALR00001555,TR00034551,18,Multiple Failed Attempts,Under Investigation,2025-03-14 15:49:52,Ronith Patla,EMP00000126,,2026-07-25 05:53:13.442737,,Fraud Detection System
ALR00001556,TR00199082,7,Velocity Check Failed,Closed,2019-05-08 14:48:12,Riya Pai,EMP00000314,2019-05-27,2026-07-25 05:53:13.443822,,Fraud Detection System
ALR00001557,TR00006593,18,Location Mismatch,Under Investigation,2022-11-08 00:00:11,Balendra Pingle,EMP00000102,,2026-07-25 05:53:13.444830,,Fraud Detection System
ALR00001558,TR00139248,5,High Transaction Amount,Open,2026-04-09 17:51:54,,,,2026-07-25 05:53:13.445829,,Fraud Detection System
ALR00001559,TR00092383,50,Blacklisted Merchant,Resolved,2024-04-01 13:33:46,Aadhya Andra,EMP00000312,2024-04-03,2026-07-25 05:53:13.446824,,Fraud Detection System
ALR00001560,TR00202425,19,Blacklisted Merchant,Under Investigation,2024-05-22 02:52:37,Prisha Andra,EMP00000100,,2026-07-25 05:53:13.447840,,Fraud Detection System
ALR00001561,TR00138699,78,Velocity Check Failed,False Positive,2017-02-01 09:55:25,Meghana Maharaj,EMP00000320,2017-02-16,2026-07-25 05:53:13.448815,,Fraud Detection System
ALR00001562,TR00153978,4,Card Not Present,Resolved,2026-03-04 16:22:25,Lakshit Upadhyay,EMP00000023,2026-03-26,2026-07-25 05:53:13.449822,,Fraud Detection System
ALR00001563,TR00021742,94,Unusual Spending Pattern,Open,2023-11-11 22:23:05,,,,2026-07-25 05:53:13.449822,,Fraud Detection System
ALR00001564,TR00077620,30,Card Not Present,Open,2026-01-29 08:14:00,,,,2026-07-25 05:53:13.450839,,Fraud Detection System
ALR00001565,TR00249876,63,Location Mismatch,Open,2016-03-27 04:31:20,,,,2026-07-25 05:53:13.451822,,Fraud Detection System
ALR00001566,TR00180619,75,Card Not Present,Open,2020-12-31 03:11:23,,,,2026-07-25 05:53:13.451822,,Fraud Detection System
ALR00001567,TR00131930,55,Unusual Spending Pattern,Resolved,2025-04-03 06:20:11,Jyoti Solanki,EMP00000213,2025-04-21,2026-07-25 05:53:13.452825,,Fraud Detection System
ALR00001568,TR00193491,80,Multiple Failed Attempts,Closed,2025-07-06 09:49:18,Pallavi Kakar,EMP00000043,2025-07-24,2026-07-25 05:53:13.453823,,Fraud Detection System
ALR00001569,TR00207154,82,Velocity Check Failed,False Positive,2019-09-18 21:25:50,Frederick Khurana,EMP00000208,2019-09-25,2026-07-25 05:53:13.454819,,Fraud Detection System
ALR00001570,TR00018810,57,Blacklisted Merchant,Resolved,2021-01-06 07:24:42,Ekaja Zachariah,EMP00000158,2021-01-30,2026-07-25 05:53:13.455859,,Fraud Detection System
ALR00001571,TR00243374,26,Blacklisted Merchant,False Positive,2024-10-05 20:52:42,Zaid Dara,EMP00000149,2024-10-06,2026-07-25 05:53:13.456831,,Fraud Detection System
ALR00001572,TR00161217,77,Unusual Spending Pattern,Resolved,2011-01-05 23:06:48,Hritik Kaur,EMP00000338,2011-01-11,2026-07-25 05:53:13.457827,,Fraud Detection System
ALR00001573,TR00113114,1,Location Mismatch,Open,2025-12-23 21:56:34,,,,2026-07-25 05:53:13.458830,,Fraud Detection System
ALR00001574,TR00170744,71,Location Mismatch,Resolved,2021-03-18 14:21:54,Meghana Maharaj,EMP00000320,2021-04-11,2026-07-25 05:53:13.459845,,Fraud Detection System
ALR00001575,TR00086100,96,Multiple Failed Attempts,Resolved,2015-08-18 15:47:18,Mohini Pathak,EMP00000022,2015-09-15,2026-07-25 05:53:13.460828,,Fraud Detection System
ALR00001576,TR00220430,87,Velocity Check Failed,Under Investigation,2019-06-27 03:41:09,Ronith Patla,EMP00000126,,2026-07-25 05:53:13.461825,,Fraud Detection System
ALR00001577,TR00196508,8,High Transaction Amount,Under Investigation,2026-07-22 22:27:39,Lakshit Dora,EMP00000159,,2026-07-25 05:53:13.462823,,Fraud Detection System
ALR00001578,TR00160665,1,Unusual Spending Pattern,Closed,2023-11-05 04:07:54,Anirudh Zacharia,EMP00000180,2023-11-21,2026-07-25 05:53:13.463740,,Fraud Detection System
ALR00001579,TR00045538,6,Unusual Spending Pattern,Closed,2019-11-26 19:33:45,Onveer Walla,EMP00000012,2019-11-30,2026-07-25 05:53:13.465738,,Fraud Detection System
ALR00001580,TR00241904,97,Multiple Failed Attempts,Resolved,2012-01-13 00:05:55,Adweta Edwin,EMP00000099,2012-02-03,2026-07-25 05:53:13.466738,,Fraud Detection System
ALR00001581,TR00108614,15,High Transaction Amount,Open,2026-02-19 09:59:53,,,,2026-07-25 05:53:13.466738,,Fraud Detection System
ALR00001582,TR00228056,74,Card Not Present,Open,2020-09-09 07:16:32,,,,2026-07-25 05:53:13.467742,,Fraud Detection System
ALR00001583,TR00014298,33,Unusual Spending Pattern,Under Investigation,2023-09-22 03:35:58,Ekansh Keer,EMP00000077,,2026-07-25 05:53:13.468739,,Fraud Detection System
ALR00001584,TR00031102,50,Velocity Check Failed,Closed,2021-06-07 05:13:08,Benjamin Morar,EMP00000104,2021-06-11,2026-07-25 05:53:13.469739,,Fraud Detection System
ALR00001585,TR00038193,7,Multiple Failed Attempts,False Positive,2025-06-21 10:32:41,Lajita Seshadri,EMP00000235,2025-07-16,2026-07-25 05:53:13.470736,,Fraud Detection System
ALR00001586,TR00041298,11,Blacklisted Merchant,Open,2015-05-23 08:19:25,,,,2026-07-25 05:53:13.471736,,Fraud Detection System
ALR00001587,TR00081001,91,Velocity Check Failed,Under Investigation,2025-05-07 07:49:57,Jyoti Solanki,EMP00000213,,2026-07-25 05:53:13.472738,,Fraud Detection System
ALR00001588,TR00178217,36,Blacklisted Merchant,Resolved,2021-12-19 10:31:57,Nakul Bhandari,EMP00000075,2022-01-10,2026-07-25 05:53:13.473740,,Fraud Detection System
ALR00001589,TR00086459,45,Location Mismatch,Under Investigation,2021-06-25 12:08:03,Balveer Bumb,EMP00000079,,2026-07-25 05:53:13.474740,,Fraud Detection System
ALR00001590,TR00235392,8,Unusual Spending Pattern,Closed,2016-10-12 10:10:11,Zayyan Bumb,EMP00000179,2016-10-12,2026-07-25 05:53:13.476738,,Fraud Detection System
ALR00001591,TR00224316,25,Multiple Failed Attempts,Under Investigation,2020-04-14 15:24:36,Devansh Rajan,EMP00000026,,2026-07-25 05:53:13.477734,,Fraud Detection System
ALR00001592,TR00212358,42,Card Not Present,False Positive,2021-09-24 15:17:52,Ishwar Kamdar,EMP00000185,2021-09-30,2026-07-25 05:53:13.478740,,Fraud Detection System
ALR00001593,TR00062547,25,Card Not Present,Resolved,2026-05-20 08:59:40,Adweta Edwin,EMP00000099,2026-06-08,2026-07-25 05:53:13.479739,,Fraud Detection System
ALR00001594,TR00159535,90,Velocity Check Failed,Resolved,2020-06-05 21:50:11,Lakshit Upadhyay,EMP00000023,2020-06-12,2026-07-25 05:53:13.480739,,Fraud Detection System
ALR00001595,TR00138476,23,Blacklisted Merchant,Under Investigation,2020-07-18 06:02:10,Sudiksha Aggarwal,EMP00000031,,2026-07-25 05:53:13.481738,,Fraud Detection System
ALR00001596,TR00031332,18,Multiple Failed Attempts,False Positive,2025-08-13 09:34:48,Gaurang Murty,EMP00000264,2025-08-16,2026-07-25 05:53:13.482747,,Fraud Detection System
ALR00001597,TR00075963,0,Card Not Present,Resolved,2018-04-24 02:22:08,Jagdish Koshy,EMP00000078,2018-05-16,2026-07-25 05:53:13.483743,,Fraud Detection System
ALR00001598,TR00134057,60,High Transaction Amount,Closed,2023-11-11 12:08:05,Indira Misra,EMP00000166,2023-11-23,2026-07-25 05:53:13.484744,,Fraud Detection System
ALR00001599,TR00126246,88,High Transaction Amount,Under Investigation,2014-05-12 17:55:12,Pranav Lanka,EMP00000120,,2026-07-25 05:53:13.485751,,Fraud Detection System
ALR00001600,TR00042179,41,Location Mismatch,Resolved,2024-11-29 22:20:27,Ojas Ray,EMP00000066,2024-12-15,2026-07-25 05:53:13.487739,,Fraud Detection System
ALR00001601,TR00235612,22,Card Not Present,Open,2019-07-01 13:51:51,,,,2026-07-25 05:53:13.487739,,Fraud Detection System
ALR00001602,TR00038484,50,Card Not Present,Under Investigation,2026-07-15 15:14:05,Kiaan Shetty,EMP00000150,,2026-07-25 05:53:13.488735,,Fraud Detection System
ALR00001603,TR00165440,92,Unusual Spending Pattern,Resolved,2015-10-14 15:48:31,Jeremiah Dave,EMP00000041,2015-11-02,2026-07-25 05:53:13.489741,,Fraud Detection System
ALR00001604,TR00181090,86,High Transaction Amount,Open,2025-10-05 04:14:23,,,,2026-07-25 05:53:13.490742,,Fraud Detection System
ALR00001605,TR00152215,37,Card Not Present,Resolved,2021-03-11 19:47:24,Rudra Sandal,EMP00000245,2021-03-14,2026-07-25 05:53:13.491739,,Fraud Detection System
ALR00001606,TR00211539,71,Location Mismatch,Resolved,2025-04-03 04:08:28,Devansh Rajan,EMP00000026,2025-04-18,2026-07-25 05:53:13.492746,,Fraud Detection System
ALR00001607,TR00141509,68,Unusual Spending Pattern,Under Investigation,2023-12-05 03:34:47,Lakshit Upadhyay,EMP00000023,,2026-07-25 05:53:13.493734,,Fraud Detection System
ALR00001608,TR00207604,13,Card Not Present,Open,2022-07-29 06:56:26,,,,2026-07-25 05:53:13.494733,,Fraud Detection System
ALR00001609,TR00007125,75,Blacklisted Merchant,Resolved,2020-10-30 01:44:54,Lakshit Upadhyay,EMP00000023,2020-11-24,2026-07-25 05:53:13.495740,,Fraud Detection System
ALR00001610,TR00011595,56,Card Not Present,Resolved,2021-05-29 12:46:07,Banjeet Balasubramanian,EMP00000182,2021-06-16,2026-07-25 05:53:13.496739,,Fraud Detection System
ALR00001611,TR00161055,18,Location Mismatch,Under Investigation,2013-06-11 10:34:03,Alka Dewan,EMP00000020,,2026-07-25 05:53:13.497741,,Fraud Detection System
ALR00001612,TR00144870,24,Multiple Failed Attempts,Resolved,2026-05-01 10:11:15,Anirudh Zacharia,EMP00000180,2026-05-16,2026-07-25 05:53:13.498745,,Fraud Detection System
ALR00001613,TR00163498,44,Blacklisted Merchant,Under Investigation,2025-09-03 21:09:44,Diya Rattan,EMP00000016,,2026-07-25 05:53:13.500740,,Fraud Detection System
ALR00001614,TR00193006,0,Multiple Failed Attempts,Resolved,2018-01-13 08:57:06,Jeremiah Dave,EMP00000041,2018-02-05,2026-07-25 05:53:13.501770,,Fraud Detection System
ALR00001615,TR00104727,65,Card Not Present,False Positive,2025-12-30 13:00:45,Dipta Sarin,EMP00000122,2026-01-25,2026-07-25 05:53:13.502778,,Fraud Detection System
ALR00001616,TR00160473,20,Multiple Failed Attempts,False Positive,2025-06-09 21:30:45,Ojas Ray,EMP00000066,2025-06-10,2026-07-25 05:53:13.503777,,Fraud Detection System
ALR00001617,TR00125029,36,Location Mismatch,Closed,2013-03-23 10:26:52,Yuvraj Handa,EMP00000060,2013-04-21,2026-07-25 05:53:13.504778,,Fraud Detection System
ALR00001618,TR00157620,29,Location Mismatch,Resolved,2025-08-22 18:33:51,Hritik Kaur,EMP00000338,2025-08-25,2026-07-25 05:53:13.505777,,Fraud Detection System
ALR00001619,TR00072586,84,Unusual Spending Pattern,Closed,2025-09-14 15:30:05,Nakul Bhandari,EMP00000075,2025-09-25,2026-07-25 05:53:13.506786,,Fraud Detection System
ALR00001620,TR00239320,85,High Transaction Amount,Closed,2025-06-04 08:23:44,Oni Dubey,EMP00000346,2025-06-17,2026-07-25 05:53:13.507782,,Fraud Detection System
ALR00001621,TR00121209,67,Blacklisted Merchant,Resolved,2021-02-26 18:51:15,Ronith Patla,EMP00000126,2021-03-09,2026-07-25 05:53:13.509777,,Fraud Detection System
ALR00001622,TR00202686,56,Card Not Present,Closed,2013-08-10 13:02:11,Nilima Nath,EMP00000260,2013-08-14,2026-07-25 05:53:13.510778,,Fraud Detection System
ALR00001623,TR00172010,26,Blacklisted Merchant,Resolved,2026-04-11 11:18:49,Meghana Maharaj,EMP00000320,2026-05-02,2026-07-25 05:53:13.511863,,Fraud Detection System
ALR00001624,TR00074663,91,High Transaction Amount,Resolved,2026-07-25 05:21:50,Pallavi Kakar,EMP00000043,2026-07-25,2026-07-25 05:53:13.512785,,Fraud Detection System
ALR00001625,TR00018650,15,Unusual Spending Pattern,Resolved,2014-10-22 13:16:18,Pallavi Kakar,EMP00000043,2014-10-26,2026-07-25 05:53:13.513880,,Fraud Detection System
ALR00001626,TR00015506,6,Location Mismatch,False Positive,2021-01-13 02:30:12,Nilima Nath,EMP00000260,2021-02-03,2026-07-25 05:53:13.514784,,Fraud Detection System
ALR00001627,TR00110365,4,Multiple Failed Attempts,Resolved,2024-05-28 23:21:42,Nilima Nath,EMP00000260,2024-06-05,2026-07-25 05:53:13.515777,,Fraud Detection System
ALR00001628,TR00121528,51,Velocity Check Failed,Resolved,2019-04-05 21:35:12,Vaishnavi Bora,EMP00000143,2019-04-19,2026-07-25 05:53:13.517778,,Fraud Detection System
ALR00001629,TR00050875,84,High Transaction Amount,Resolved,2020-10-18 21:56:39,Indira Misra,EMP00000166,2020-10-19,2026-07-25 05:53:13.518777,,Fraud Detection System
ALR00001630,TR00152632,25,Card Not Present,Open,2025-02-27 23:20:17,,,,2026-07-25 05:53:13.518777,,Fraud Detection System
ALR00001631,TR00078446,20,Location Mismatch,Resolved,2011-11-22 12:38:05,Ojas Ray,EMP00000066,2011-11-24,2026-07-25 05:53:13.519805,,Fraud Detection System
ALR00001632,TR00180472,30,High Transaction Amount,Closed,2025-06-03 06:50:57,Zayan Behl,EMP00000096,2025-06-18,2026-07-25 05:53:13.520894,,Fraud Detection System
ALR00001633,TR00184530,55,Multiple Failed Attempts,Under Investigation,2014-03-04 18:12:38,Meghana Maharaj,EMP00000320,,2026-07-25 05:53:13.522832,,Fraud Detection System
ALR00001634,TR00216032,59,Card Not Present,Resolved,2020-02-15 21:38:12,Chandresh Sood,EMP00000074,2020-02-17,2026-07-25 05:53:13.523853,,Fraud Detection System
ALR00001635,TR00244171,95,Velocity Check Failed,Resolved,2020-09-06 10:53:20,Ekaja Zachariah,EMP00000158,2020-09-20,2026-07-25 05:53:13.524864,,Fraud Detection System
ALR00001636,TR00032636,1,Card Not Present,Closed,2019-01-25 21:05:11,Adweta Edwin,EMP00000099,2019-02-11,2026-07-25 05:53:13.525826,,Fraud Detection System
ALR00001637,TR00092792,11,High Transaction Amount,Resolved,2025-06-06 17:37:40,Benjamin Morar,EMP00000104,2025-06-24,2026-07-25 05:53:13.526780,,Fraud Detection System
ALR00001638,TR00141068,49,Card Not Present,Open,2023-11-02 14:57:31,,,,2026-07-25 05:53:13.527883,,Fraud Detection System
ALR00001639,TR00080091,46,Unusual Spending Pattern,Resolved,2025-06-19 15:00:04,Jack Rajan,EMP00000123,2025-07-09,2026-07-25 05:53:13.528779,,Fraud Detection System
ALR00001640,TR00117214,72,Velocity Check Failed,False Positive,2025-03-12 14:34:34,Ekaja Zachariah,EMP00000158,2025-03-19,2026-07-25 05:53:13.529888,,Fraud Detection System
ALR00001641,TR00066761,12,Location Mismatch,Under Investigation,2025-02-27 03:33:19,Alka Dewan,EMP00000020,,2026-07-25 05:53:13.530778,,Fraud Detection System
ALR00001642,TR00061835,62,Card Not Present,Closed,2024-06-11 15:53:50,Jack Rajan,EMP00000123,2024-06-22,2026-07-25 05:53:13.531836,,Fraud Detection System
ALR00001643,TR00024305,69,Unusual Spending Pattern,Under Investigation,2024-06-22 00:15:03,Pranav Lanka,EMP00000120,,2026-07-25 05:53:13.532780,,Fraud Detection System
ALR00001644,TR00072756,38,Multiple Failed Attempts,Resolved,2024-08-26 21:12:59,Zayan Behl,EMP00000096,2024-09-20,2026-07-25 05:53:13.533777,,Fraud Detection System
ALR00001645,TR00096456,44,Location Mismatch,Open,2024-02-29 03:21:14,,,,2026-07-25 05:53:13.534776,,Fraud Detection System
ALR00001646,TR00154843,93,Card Not Present,Resolved,2022-05-26 05:26:09,Nakul Sarma,EMP00000089,2022-06-15,2026-07-25 05:53:13.535823,,Fraud Detection System
ALR00001647,TR00061927,29,Multiple Failed Attempts,Resolved,2008-06-26 12:07:22,Yuvraj Handa,EMP00000060,2008-07-23,2026-07-25 05:53:13.536885,,Fraud Detection System
ALR00001648,TR00217274,26,Location Mismatch,Resolved,2024-01-24 18:11:10,Balveer Parmar,EMP00000105,2024-02-01,2026-07-25 05:53:13.537844,,Fraud Detection System
ALR00001649,TR00040052,100,Card Not Present,Resolved,2026-05-06 10:54:24,Benjamin Morar,EMP00000104,2026-05-14,2026-07-25 05:53:13.539778,,Fraud Detection System
ALR00001650,TR00082173,58,High Transaction Amount,False Positive,2020-09-15 21:29:16,Nakul Sarma,EMP00000089,2020-09-23,2026-07-25 05:53:13.540827,,Fraud Detection System
ALR00001651,TR00145166,83,Unusual Spending Pattern,Open,2017-03-07 17:00:36,,,,2026-07-25 05:53:13.541783,,Fraud Detection System
ALR00001652,TR00078508,46,Location Mismatch,Resolved,2021-10-23 03:59:56,Nimrat Dubey,EMP00000296,2021-10-26,2026-07-25 05:53:13.543776,,Fraud Detection System
ALR00001653,TR00192020,88,High Transaction Amount,Under Investigation,2026-05-29 13:42:39,Lakshit Dora,EMP00000159,,2026-07-25 05:53:13.544779,,Fraud Detection System
ALR00001654,TR00125084,19,Blacklisted Merchant,Resolved,2024-02-29 14:26:33,Nimrat Dubey,EMP00000296,2024-03-29,2026-07-25 05:53:13.545888,,Fraud Detection System
ALR00001655,TR00129311,60,Velocity Check Failed,False Positive,2024-05-27 22:58:29,Benjamin Morar,EMP00000104,2024-06-14,2026-07-25 05:53:13.547826,,Fraud Detection System
ALR00001656,TR00125206,34,Velocity Check Failed,Resolved,2024-04-08 21:07:27,Hritik Kaur,EMP00000338,2024-04-19,2026-07-25 05:53:13.548831,,Fraud Detection System
ALR00001657,TR00077388,11,Velocity Check Failed,Resolved,2020-03-26 04:04:08,Divya Kala,EMP00000018,2020-04-19,2026-07-25 05:53:13.549834,,Fraud Detection System
ALR00001658,TR00005898,45,Blacklisted Merchant,Resolved,2016-08-25 17:36:59,Nicholas Goel,EMP00000108,2016-09-22,2026-07-25 05:53:13.550835,,Fraud Detection System
ALR00001659,TR00236511,92,Unusual Spending Pattern,Resolved,2026-02-15 07:18:44,Oni Dubey,EMP00000346,2026-02-21,2026-07-25 05:53:13.551783,,Fraud Detection System
ALR00001660,TR00126963,69,Card Not Present,Resolved,2021-08-04 14:49:54,Diya Rattan,EMP00000016,2021-08-15,2026-07-25 05:53:13.552791,,Fraud Detection System
ALR00001661,TR00242025,73,High Transaction Amount,Open,2023-09-19 10:48:11,,,,2026-07-25 05:53:13.553777,,Fraud Detection System
ALR00001662,TR00053555,73,Velocity Check Failed,Resolved,2026-01-08 11:52:17,Banjeet Balasubramanian,EMP00000182,2026-01-30,2026-07-25 05:53:13.554779,,Fraud Detection System
ALR00001663,TR00088268,73,Unusual Spending Pattern,Resolved,2026-01-24 11:35:20,Chaaya Saran,EMP00000030,2026-02-05,2026-07-25 05:53:13.555783,,Fraud Detection System
ALR00001664,TR00012914,91,Location Mismatch,Resolved,2015-02-27 10:32:52,Jack Rajan,EMP00000123,2015-03-21,2026-07-25 05:53:13.557780,,Fraud Detection System
ALR00001665,TR00124257,29,Blacklisted Merchant,False Positive,2025-09-07 18:43:15,Dipta Sarin,EMP00000122,2025-09-19,2026-07-25 05:53:13.558776,,Fraud Detection System
ALR00001666,TR00221449,100,High Transaction Amount,Resolved,2010-02-13 14:29:05,Jack Rajan,EMP00000123,2010-02-13,2026-07-25 05:53:13.559789,,Fraud Detection System
ALR00001667,TR00164235,83,Card Not Present,Resolved,2017-08-20 02:17:13,Oni Dubey,EMP00000346,2017-09-11,2026-07-25 05:53:13.561778,,Fraud Detection System
ALR00001668,TR00118227,40,Location Mismatch,Resolved,2025-04-12 11:10:59,Ojas Ray,EMP00000066,2025-04-25,2026-07-25 05:53:13.562781,,Fraud Detection System
ALR00001669,TR00134953,16,Location Mismatch,False Positive,2019-11-19 09:15:23,Jyoti Solanki,EMP00000213,2019-12-15,2026-07-25 05:53:13.563777,,Fraud Detection System
ALR00001670,TR00212633,91,Multiple Failed Attempts,False Positive,2024-08-10 22:19:48,Lakshit Upadhyay,EMP00000023,2024-08-17,2026-07-25 05:53:13.564782,,Fraud Detection System
ALR00001671,TR00108238,40,High Transaction Amount,Open,2024-02-13 10:44:02,,,,2026-07-25 05:53:13.565780,,Fraud Detection System
ALR00001672,TR00221476,86,Card Not Present,Under Investigation,2026-07-08 09:11:18,Kashvi Sarma,EMP00000045,,2026-07-25 05:53:13.566782,,Fraud Detection System
ALR00001673,TR00182867,36,Velocity Check Failed,Resolved,2026-03-10 19:19:56,Dipta Sarin,EMP00000122,2026-03-13,2026-07-25 05:53:13.567777,,Fraud Detection System
ALR00001674,TR00192214,25,Card Not Present,Under Investigation,2026-01-20 12:40:23,Balendra Pingle,EMP00000102,,2026-07-25 05:53:13.568781,,Fraud Detection System
ALR00001675,TR00091604,44,Unusual Spending Pattern,Open,2023-07-26 13:03:19,,,,2026-07-25 05:53:13.569780,,Fraud Detection System
ALR00001676,TR00100459,20,Blacklisted Merchant,Resolved,2026-07-19 21:15:46,Pranav Lanka,EMP00000120,2026-07-21,2026-07-25 05:53:13.570780,,Fraud Detection System
ALR00001677,TR00143208,8,Blacklisted Merchant,Under Investigation,2019-08-24 16:16:36,Aadhya Andra,EMP00000312,,2026-07-25 05:53:13.571780,,Fraud Detection System
ALR00001678,TR00048522,96,Card Not Present,Open,2020-12-31 21:55:53,,,,2026-07-25 05:53:13.572782,,Fraud Detection System
ALR00001679,TR00139031,75,Location Mismatch,Resolved,2024-02-12 00:04:48,Nicholas Goel,EMP00000108,2024-02-28,2026-07-25 05:53:13.573780,,Fraud Detection System
ALR00001680,TR00018761,0,Unusual Spending Pattern,Under Investigation,2016-10-24 04:35:31,Oni Dubey,EMP00000346,,2026-07-25 05:53:13.574780,,Fraud Detection System
ALR00001681,TR00126712,34,High Transaction Amount,False Positive,2024-02-09 20:21:07,Pranav Lanka,EMP00000120,2024-03-08,2026-07-25 05:53:13.575780,,Fraud Detection System
ALR00001682,TR00192392,44,Velocity Check Failed,Resolved,2023-02-01 03:47:28,Ojas Ray,EMP00000066,2023-02-15,2026-07-25 05:53:13.576785,,Fraud Detection System
ALR00001683,TR00070058,15,Unusual Spending Pattern,Resolved,2025-02-16 10:36:00,Akshay Lalla,EMP00000335,2025-03-08,2026-07-25 05:53:13.577789,,Fraud Detection System
ALR00001684,TR00247264,15,Unusual Spending Pattern,False Positive,2012-01-06 21:21:57,Yagnesh Shan,EMP00000279,2012-01-18,2026-07-25 05:53:13.578780,,Fraud Detection System
ALR00001685,TR00170782,16,Unusual Spending Pattern,False Positive,2009-01-31 06:11:41,Kashvi Sarma,EMP00000045,2009-02-22,2026-07-25 05:53:13.580778,,Fraud Detection System
ALR00001686,TR00029761,90,High Transaction Amount,Open,2014-03-31 06:44:34,,,,2026-07-25 05:53:13.580778,,Fraud Detection System
ALR00001687,TR00244082,73,Velocity Check Failed,Resolved,2023-11-24 01:40:14,Balveer Bumb,EMP00000079,2023-12-08,2026-07-25 05:53:13.581778,,Fraud Detection System
ALR00001688,TR00098854,18,Location Mismatch,Closed,2019-03-09 14:20:33,Banjeet Balasubramanian,EMP00000182,2019-03-18,2026-07-25 05:53:13.582779,,Fraud Detection System
ALR00001689,TR00200171,23,Card Not Present,False Positive,2017-02-06 12:43:56,Alka Dewan,EMP00000020,2017-02-24,2026-07-25 05:53:13.584779,,Fraud Detection System
ALR00001690,TR00084927,40,Velocity Check Failed,Under Investigation,2011-03-28 13:05:29,Jeremiah Dave,EMP00000041,,2026-07-25 05:53:13.585777,,Fraud Detection System
ALR00001691,TR00235004,26,Velocity Check Failed,Open,2024-02-13 06:18:53,,,,2026-07-25 05:53:13.585777,,Fraud Detection System
ALR00001692,TR00189973,95,Multiple Failed Attempts,False Positive,2025-03-27 12:56:09,Rudra Sandal,EMP00000245,2025-04-19,2026-07-25 05:53:13.586778,,Fraud Detection System
ALR00001693,TR00049633,91,Blacklisted Merchant,Under Investigation,2023-12-05 16:42:17,Divya Kala,EMP00000018,,2026-07-25 05:53:13.588775,,Fraud Detection System
ALR00001694,TR00127926,21,Location Mismatch,Resolved,2023-11-11 00:54:50,Prisha Andra,EMP00000100,2023-11-16,2026-07-25 05:53:13.589777,,Fraud Detection System
ALR00001695,TR00125551,40,Multiple Failed Attempts,Resolved,2023-07-01 08:41:40,Diya Rattan,EMP00000016,2023-07-12,2026-07-25 05:53:13.590777,,Fraud Detection System
ALR00001696,TR00011571,76,Blacklisted Merchant,Resolved,2025-03-03 08:11:34,Benjamin Morar,EMP00000104,2025-03-21,2026-07-25 05:53:13.591778,,Fraud Detection System
ALR00001697,TR00034031,64,Multiple Failed Attempts,Open,2024-10-20 03:29:10,,,,2026-07-25 05:53:13.592779,,Fraud Detection System
ALR00001698,TR00083484,13,High Transaction Amount,Under Investigation,2013-09-10 01:55:21,Meghana Maharaj,EMP00000320,,2026-07-25 05:53:13.593777,,Fraud Detection System
ALR00001699,TR00118995,8,Location Mismatch,Under Investigation,2011-08-07 04:27:30,Sudiksha Aggarwal,EMP00000031,,2026-07-25 05:53:13.594778,,Fraud Detection System
ALR00001700,TR00114747,81,Unusual Spending Pattern,Under Investigation,2018-06-06 07:16:36,Ekaja Zachariah,EMP00000158,,2026-07-25 05:53:13.595778,,Fraud Detection System
ALR00001701,TR00152559,65,Velocity Check Failed,Resolved,2016-07-21 05:03:08,Nakul Bhandari,EMP00000075,2016-08-17,2026-07-25 05:53:13.596780,,Fraud Detection System
ALR00001702,TR00129516,78,Multiple Failed Attempts,Resolved,2017-11-26 20:59:40,Nicholas Goel,EMP00000108,2017-12-13,2026-07-25 05:53:13.597778,,Fraud Detection System
ALR00001703,TR00082355,78,Velocity Check Failed,Under Investigation,2019-12-29 16:41:17,Aadhya Andra,EMP00000312,,2026-07-25 05:53:13.598779,,Fraud Detection System
ALR00001704,TR00154252,79,Multiple Failed Attempts,Open,2018-08-29 21:42:31,,,,2026-07-25 05:53:13.599786,,Fraud Detection System
ALR00001705,TR00040751,68,Velocity Check Failed,False Positive,2026-02-04 19:21:17,Jack Rajan,EMP00000123,2026-03-03,2026-07-25 05:53:13.601060,,Fraud Detection System
ALR00001706,TR00247670,20,Blacklisted Merchant,Resolved,2021-07-17 06:12:33,Balendra Pingle,EMP00000102,2021-07-31,2026-07-25 05:53:13.601738,,Fraud Detection System
ALR00001707,TR00185856,58,Location Mismatch,Open,2025-02-24 19:57:25,,,,2026-07-25 05:53:13.602752,,Fraud Detection System
ALR00001708,TR00075079,84,Multiple Failed Attempts,Resolved,2023-09-30 06:16:29,Chandresh Sood,EMP00000074,2023-10-14,2026-07-25 05:53:13.603748,,Fraud Detection System
ALR00001709,TR00084322,26,Location Mismatch,False Positive,2023-06-22 14:22:20,Devansh Sachdeva,EMP00000161,2023-06-23,2026-07-25 05:53:13.604748,,Fraud Detection System
ALR00001710,TR00208175,56,Location Mismatch,Resolved,2010-01-08 08:07:09,Ronith Patla,EMP00000126,2010-01-27,2026-07-25 05:53:13.605752,,Fraud Detection System
ALR00001711,TR00133714,20,Velocity Check Failed,Resolved,2019-08-11 10:01:13,Zayyan Bumb,EMP00000179,2019-08-24,2026-07-25 05:53:13.606754,,Fraud Detection System
ALR00001712,TR00178057,13,Unusual Spending Pattern,False Positive,2016-08-21 13:43:48,Alka Dewan,EMP00000020,2016-08-21,2026-07-25 05:53:13.608749,,Fraud Detection System
ALR00001713,TR00075262,73,High Transaction Amount,Resolved,2015-10-21 14:12:49,Meghana Maharaj,EMP00000320,2015-11-17,2026-07-25 05:53:13.609749,,Fraud Detection System
ALR00001714,TR00205353,46,Velocity Check Failed,Under Investigation,2022-01-05 12:29:15,Kiaan Shetty,EMP00000150,,2026-07-25 05:53:13.610752,,Fraud Detection System
ALR00001715,TR00092207,87,High Transaction Amount,Resolved,2022-10-14 18:04:16,Divya Kala,EMP00000018,2022-10-16,2026-07-25 05:53:13.611749,,Fraud Detection System
ALR00001716,TR00169126,13,High Transaction Amount,Resolved,2018-03-30 15:47:59,Kiaan Shetty,EMP00000150,2018-04-28,2026-07-25 05:53:13.612750,,Fraud Detection System
ALR00001717,TR00245188,68,Card Not Present,Resolved,2009-07-10 12:30:09,Banjeet Balasubramanian,EMP00000182,2009-08-03,2026-07-25 05:53:13.613749,,Fraud Detection System
ALR00001718,TR00146690,60,Velocity Check Failed,False Positive,2011-03-15 17:28:50,Yuvraj Handa,EMP00000060,2011-03-28,2026-07-25 05:53:13.614755,,Fraud Detection System
ALR00001719,TR00200627,20,Multiple Failed Attempts,Resolved,2024-10-02 10:09:52,Jeremiah Dave,EMP00000041,2024-10-13,2026-07-25 05:53:13.616748,,Fraud Detection System
ALR00001720,TR00182307,41,Location Mismatch,Under Investigation,2017-12-11 00:58:32,Ronith Patla,EMP00000126,,2026-07-25 05:53:13.617747,,Fraud Detection System
ALR00001721,TR00172816,59,Location Mismatch,Resolved,2025-10-16 17:20:40,Balveer Bumb,EMP00000079,2025-11-14,2026-07-25 05:53:13.618750,,Fraud Detection System
ALR00001722,TR00006667,49,High Transaction Amount,Resolved,2019-08-22 23:49:15,Gaurang Murty,EMP00000264,2019-09-08,2026-07-25 05:53:13.619748,,Fraud Detection System
ALR00001723,TR00119210,40,Velocity Check Failed,Resolved,2022-04-03 20:48:33,Nakul Sarma,EMP00000089,2022-04-13,2026-07-25 05:53:13.620749,,Fraud Detection System
ALR00001724,TR00242111,71,Blacklisted Merchant,Under Investigation,2023-04-16 17:48:28,Oni Dubey,EMP00000346,,2026-07-25 05:53:13.621752,,Fraud Detection System
ALR00001725,TR00197225,1,High Transaction Amount,Closed,2024-02-28 02:51:37,Sudiksha Aggarwal,EMP00000031,2024-03-08,2026-07-25 05:53:13.622748,,Fraud Detection System
ALR00001726,TR00195425,93,Location Mismatch,Resolved,2021-11-16 18:10:25,Dipta Sarin,EMP00000122,2021-11-28,2026-07-25 05:53:13.623759,,Fraud Detection System
ALR00001727,TR00145143,5,Blacklisted Merchant,Under Investigation,2018-05-14 20:30:20,Ekansh Keer,EMP00000077,,2026-07-25 05:53:13.624770,,Fraud Detection System
ALR00001728,TR00181309,52,Location Mismatch,False Positive,2023-03-25 00:28:43,Indira Misra,EMP00000166,2023-03-31,2026-07-25 05:53:13.625775,,Fraud Detection System
ALR00001729,TR00146657,60,High Transaction Amount,Resolved,2026-05-23 14:07:27,Jyoti Solanki,EMP00000213,2026-05-27,2026-07-25 05:53:13.626770,,Fraud Detection System
ALR00001730,TR00042669,14,High Transaction Amount,False Positive,2026-04-18 02:09:47,Ekaja Zachariah,EMP00000158,2026-04-19,2026-07-25 05:53:13.627770,,Fraud Detection System
ALR00001731,TR00158080,20,Card Not Present,False Positive,2024-12-18 21:57:41,Hritik Kaur,EMP00000338,2025-01-01,2026-07-25 05:53:13.628770,,Fraud Detection System
ALR00001732,TR00155891,5,Multiple Failed Attempts,Resolved,2019-03-03 15:33:00,Banjeet Balasubramanian,EMP00000182,2019-03-24,2026-07-25 05:53:13.629776,,Fraud Detection System
ALR00001733,TR00211226,34,High Transaction Amount,Resolved,2007-09-27 11:01:39,Devansh Rajan,EMP00000026,2007-09-28,2026-07-25 05:53:13.630774,,Fraud Detection System
ALR00001734,TR00036792,2,High Transaction Amount,Closed,2019-05-29 11:09:22,Devansh Sachdeva,EMP00000161,2019-06-26,2026-07-25 05:53:13.631770,,Fraud Detection System
ALR00001735,TR00170858,21,Unusual Spending Pattern,Open,2025-04-27 20:02:38,,,,2026-07-25 05:53:13.632770,,Fraud Detection System
ALR00001736,TR00008036,10,Multiple Failed Attempts,Resolved,2021-03-09 06:33:40,Balveer Bumb,EMP00000079,2021-03-26,2026-07-25 05:53:13.634749,,Fraud Detection System
ALR00001737,TR00237255,9,Card Not Present,Resolved,2026-01-15 14:39:29,Jagdish Koshy,EMP00000078,2026-01-21,2026-07-25 05:53:13.635753,,Fraud Detection System
ALR00001738,TR00027567,83,Unusual Spending Pattern,Resolved,2015-04-08 21:21:51,Nicholas Goel,EMP00000108,2015-04-12,2026-07-25 05:53:13.636758,,Fraud Detection System
ALR00001739,TR00004772,47,Blacklisted Merchant,Resolved,2022-09-25 03:36:36,Jyoti Solanki,EMP00000213,2022-10-09,2026-07-25 05:53:13.638754,,Fraud Detection System
ALR00001740,TR00078760,80,Card Not Present,Resolved,2012-05-24 10:49:53,Oni Dubey,EMP00000346,2012-06-08,2026-07-25 05:53:13.639752,,Fraud Detection System
ALR00001741,TR00037777,18,Unusual Spending Pattern,Resolved,2024-05-19 00:50:17,Riya Pai,EMP00000314,2024-06-08,2026-07-25 05:53:13.640760,,Fraud Detection System
ALR00001742,TR00173487,77,Unusual Spending Pattern,Open,2024-08-09 03:58:24,,,,2026-07-25 05:53:13.641753,,Fraud Detection System
ALR00001743,TR00102979,4,High Transaction Amount,Resolved,2024-02-23 20:30:52,Nakul Sarma,EMP00000089,2024-03-02,2026-07-25 05:53:13.643751,,Fraud Detection System
ALR00001744,TR00195043,13,Velocity Check Failed,Closed,2021-01-24 17:58:35,Zayan Behl,EMP00000096,2021-02-02,2026-07-25 05:53:13.644752,,Fraud Detection System
ALR00001745,TR00230643,50,Multiple Failed Attempts,False Positive,2026-05-25 16:25:41,Balendra Pingle,EMP00000102,2026-05-31,2026-07-25 05:53:13.645753,,Fraud Detection System
ALR00001746,TR00219221,67,Location Mismatch,False Positive,2009-10-17 07:45:30,Aditya Shanker,EMP00000084,2009-11-12,2026-07-25 05:53:13.647751,,Fraud Detection System
ALR00001747,TR00185016,60,Multiple Failed Attempts,False Positive,2019-10-23 09:55:49,Prisha Andra,EMP00000100,2019-11-09,2026-07-25 05:53:13.648752,,Fraud Detection System
ALR00001748,TR00016075,77,Location Mismatch,False Positive,2025-10-28 07:59:04,Nakul Sarma,EMP00000089,2025-11-22,2026-07-25 05:53:13.649752,,Fraud Detection System
ALR00001749,TR00034387,86,Multiple Failed Attempts,Resolved,2025-08-26 17:05:25,Onveer Walla,EMP00000012,2025-09-19,2026-07-25 05:53:13.650751,,Fraud Detection System
ALR00001750,TR00051707,27,Multiple Failed Attempts,False Positive,2023-04-28 00:16:04,Lakshit Dora,EMP00000159,2023-05-11,2026-07-25 05:53:13.651767,,Fraud Detection System
ALR00001751,TR00081616,43,Multiple Failed Attempts,Resolved,2025-10-12 07:48:36,Lakshit Upadhyay,EMP00000023,2025-10-19,2026-07-25 05:53:13.652753,,Fraud Detection System
ALR00001752,TR00166332,47,High Transaction Amount,Resolved,2025-12-23 04:46:36,Gaurang Murty,EMP00000264,2026-01-04,2026-07-25 05:53:13.653763,,Fraud Detection System
ALR00001753,TR00131880,30,Unusual Spending Pattern,False Positive,2026-05-20 09:17:36,Aahana Pillay,EMP00000186,2026-06-12,2026-07-25 05:53:13.654752,,Fraud Detection System
ALR00001754,TR00078774,35,High Transaction Amount,Resolved,2021-11-27 04:53:29,Lakshit Dora,EMP00000159,2021-12-11,2026-07-25 05:53:13.655751,,Fraud Detection System
ALR00001755,TR00043281,32,Velocity Check Failed,Resolved,2024-02-17 23:54:10,Zayan Behl,EMP00000096,2024-03-04,2026-07-25 05:53:13.656751,,Fraud Detection System
ALR00001756,TR00228414,51,High Transaction Amount,Resolved,2026-06-18 10:49:16,Oni Dubey,EMP00000346,2026-06-23,2026-07-25 05:53:13.658752,,Fraud Detection System
ALR00001757,TR00085588,53,Multiple Failed Attempts,Open,2011-12-07 22:38:24,,,,2026-07-25 05:53:13.658752,,Fraud Detection System
ALR00001758,TR00088656,17,Blacklisted Merchant,Under Investigation,2014-04-20 13:30:34,Hritik Kaur,EMP00000338,,2026-07-25 05:53:13.659774,,Fraud Detection System
ALR00001759,TR00194194,61,High Transaction Amount,Resolved,2015-08-26 13:24:54,Nicholas Goel,EMP00000108,2015-09-17,2026-07-25 05:53:13.660783,,Fraud Detection System
ALR00001760,TR00181178,3,High Transaction Amount,Resolved,2024-05-18 01:48:16,Zayyan Bumb,EMP00000179,2024-05-21,2026-07-25 05:53:13.661804,,Fraud Detection System
ALR00001761,TR00161496,6,Location Mismatch,Resolved,2023-05-09 09:20:38,Onveer Walla,EMP00000012,2023-05-15,2026-07-25 05:53:13.662798,,Fraud Detection System
ALR00001762,TR00174223,52,Velocity Check Failed,Under Investigation,2024-06-14 14:44:31,Sudiksha Aggarwal,EMP00000031,,2026-07-25 05:53:13.663814,,Fraud Detection System
ALR00001763,TR00153478,68,Unusual Spending Pattern,Resolved,2014-12-09 17:22:36,Nakul Bhandari,EMP00000075,2014-12-19,2026-07-25 05:53:13.664752,,Fraud Detection System
ALR00001764,TR00047899,13,Location Mismatch,Under Investigation,2022-09-15 05:37:16,Nilima Nath,EMP00000260,,2026-07-25 05:53:13.665751,,Fraud Detection System
ALR00001765,TR00061501,63,High Transaction Amount,Resolved,2020-01-24 03:48:23,Yagnesh Shan,EMP00000279,2020-02-12,2026-07-25 05:53:13.666751,,Fraud Detection System
ALR00001766,TR00140165,89,Velocity Check Failed,Open,2013-08-02 10:50:59,,,,2026-07-25 05:53:13.667751,,Fraud Detection System
ALR00001767,TR00056133,77,Multiple Failed Attempts,Resolved,2018-07-09 12:02:17,Nakul Bhandari,EMP00000075,2018-08-05,2026-07-25 05:53:13.668750,,Fraud Detection System
ALR00001768,TR00243486,21,Velocity Check Failed,Under Investigation,2024-07-22 08:29:28,Alka Dewan,EMP00000020,,2026-07-25 05:53:13.669753,,Fraud Detection System
ALR00001769,TR00074696,53,Location Mismatch,Open,2023-10-25 22:12:50,,,,2026-07-25 05:53:13.670757,,Fraud Detection System
ALR00001770,TR00072420,75,Unusual Spending Pattern,Open,2015-01-19 13:50:06,,,,2026-07-25 05:53:13.670757,,Fraud Detection System
ALR00001771,TR00051700,55,Blacklisted Merchant,False Positive,2025-02-08 11:17:43,Devansh Rajan,EMP00000026,2025-02-25,2026-07-25 05:53:13.671757,,Fraud Detection System
ALR00001772,TR00177070,7,High Transaction Amount,Open,2026-03-05 04:11:52,,,,2026-07-25 05:53:13.672757,,Fraud Detection System
ALR00001773,TR00079581,49,Card Not Present,False Positive,2021-01-06 11:51:44,Aadhya Andra,EMP00000312,2021-01-10,2026-07-25 05:53:13.673752,,Fraud Detection System
ALR00001774,TR00087254,9,Card Not Present,Under Investigation,2012-08-24 01:51:30,Aahana Pillay,EMP00000186,,2026-07-25 05:53:13.674752,,Fraud Detection System
ALR00001775,TR00233725,80,Velocity Check Failed,Open,2023-07-03 12:19:21,,,,2026-07-25 05:53:13.674752,,Fraud Detection System
ALR00001776,TR00200277,78,Unusual Spending Pattern,Resolved,2010-01-19 15:40:45,Akshay Lalla,EMP00000335,2010-02-07,2026-07-25 05:53:13.676752,,Fraud Detection System
ALR00001777,TR00068330,66,Location Mismatch,Resolved,2023-10-25 18:36:17,Balendra Pingle,EMP00000102,2023-10-25,2026-07-25 05:53:13.677751,,Fraud Detection System
ALR00001778,TR00030501,94,Unusual Spending Pattern,Under Investigation,2024-09-12 07:59:23,Balveer Parmar,EMP00000105,,2026-07-25 05:53:13.678751,,Fraud Detection System
ALR00001779,TR00169915,85,High Transaction Amount,False Positive,2025-11-13 11:17:00,Zaid Dara,EMP00000149,2025-11-25,2026-07-25 05:53:13.679751,,Fraud Detection System
ALR00001780,TR00095431,40,Multiple Failed Attempts,Under Investigation,2026-04-15 07:44:25,Meghana Maharaj,EMP00000320,,2026-07-25 05:53:13.680752,,Fraud Detection System
ALR00001781,TR00245251,9,Location Mismatch,Closed,2010-06-28 23:29:11,Aditya Shanker,EMP00000084,2010-07-24,2026-07-25 05:53:13.681752,,Fraud Detection System
ALR00001782,TR00205931,62,Velocity Check Failed,Resolved,2020-07-04 06:07:55,Veer Bir,EMP00000050,2020-07-09,2026-07-25 05:53:13.682751,,Fraud Detection System
ALR00001783,TR00238834,24,Unusual Spending Pattern,Resolved,2026-07-20 13:54:34,Pallavi Kakar,EMP00000043,2026-07-22,2026-07-25 05:53:13.683752,,Fraud Detection System
ALR00001784,TR00202664,91,Blacklisted Merchant,Open,2020-12-11 05:09:20,,,,2026-07-25 05:53:13.683752,,Fraud Detection System
ALR00001785,TR00072794,98,Blacklisted Merchant,False Positive,2009-02-05 19:17:01,Yagnesh Shan,EMP00000279,2009-02-22,2026-07-25 05:53:13.684757,,Fraud Detection System
ALR00001786,TR00072078,68,Location Mismatch,Under Investigation,2023-02-04 17:39:04,Akshay Lalla,EMP00000335,,2026-07-25 05:53:13.685751,,Fraud Detection System
ALR00001787,TR00179380,78,Location Mismatch,Resolved,2026-06-26 02:44:46,Benjamin Morar,EMP00000104,2026-07-08,2026-07-25 05:53:13.686752,,Fraud Detection System
ALR00001788,TR00086561,50,Card Not Present,Under Investigation,2014-02-13 18:27:07,Ronith Patla,EMP00000126,,2026-07-25 05:53:13.687758,,Fraud Detection System
ALR00001789,TR00111181,88,Card Not Present,Resolved,2024-02-27 05:49:44,Devansh Rajan,EMP00000026,2024-03-26,2026-07-25 05:53:13.688758,,Fraud Detection System
ALR00001790,TR00063855,0,Velocity Check Failed,False Positive,2021-06-30 20:06:41,Ekansh Keer,EMP00000077,2021-07-18,2026-07-25 05:53:13.689758,,Fraud Detection System
ALR00001791,TR00120294,44,Blacklisted Merchant,Closed,2021-03-12 20:26:56,Zayyan Bumb,EMP00000179,2021-03-30,2026-07-25 05:53:13.690779,,Fraud Detection System
ALR00001792,TR00050336,45,Location Mismatch,Closed,2022-07-22 13:17:11,Lakshit Dora,EMP00000159,2022-07-27,2026-07-25 05:53:13.691759,,Fraud Detection System
ALR00001793,TR00135467,70,Velocity Check Failed,Resolved,2024-03-25 04:15:28,Ojas Ray,EMP00000066,2024-04-05,2026-07-25 05:53:13.693751,,Fraud Detection System
ALR00001794,TR00233560,73,High Transaction Amount,Open,2025-03-22 07:49:18,,,,2026-07-25 05:53:13.693751,,Fraud Detection System
ALR00001795,TR00174892,61,Card Not Present,Resolved,2026-01-27 01:43:15,Indira Misra,EMP00000166,2026-02-18,2026-07-25 05:53:13.694751,,Fraud Detection System
ALR00001796,TR00034114,18,Card Not Present,Open,2023-01-22 07:58:35,,,,2026-07-25 05:53:13.695751,,Fraud Detection System
ALR00001797,TR00154910,87,Multiple Failed Attempts,False Positive,2016-10-10 17:04:51,Kashvi Sarma,EMP00000045,2016-10-11,2026-07-25 05:53:13.696751,,Fraud Detection System
ALR00001798,TR00147442,12,Velocity Check Failed,Closed,2025-07-19 18:48:11,Aahana Pillay,EMP00000186,2025-08-15,2026-07-25 05:53:13.697754,,Fraud Detection System
ALR00001799,TR00060458,2,Velocity Check Failed,Resolved,2024-08-29 15:42:49,Balendra Pingle,EMP00000102,2024-09-13,2026-07-25 05:53:13.699775,,Fraud Detection System
ALR00001800,TR00168210,90,Velocity Check Failed,Closed,2023-01-20 09:37:57,Nilima Nath,EMP00000260,2023-02-18,2026-07-25 05:53:13.701029,,Fraud Detection System
ALR00001801,TR00133384,16,Location Mismatch,Resolved,2025-01-05 09:17:27,Akshay Lalla,EMP00000335,2025-01-15,2026-07-25 05:53:13.703068,,Fraud Detection System
ALR00001802,TR00160169,61,Location Mismatch,Resolved,2024-12-08 23:18:49,Anirudh Zacharia,EMP00000180,2024-12-11,2026-07-25 05:53:13.704067,,Fraud Detection System
ALR00001803,TR00013553,46,Location Mismatch,False Positive,2020-08-11 16:03:48,Lakshit Upadhyay,EMP00000023,2020-09-02,2026-07-25 05:53:13.705067,,Fraud Detection System
ALR00001804,TR00103767,19,High Transaction Amount,Open,2025-11-05 21:35:38,,,,2026-07-25 05:53:13.706073,,Fraud Detection System
ALR00001805,TR00180178,57,Multiple Failed Attempts,Under Investigation,2021-02-26 08:34:20,Devansh Rajan,EMP00000026,,2026-07-25 05:53:13.707067,,Fraud Detection System
ALR00001806,TR00025255,73,Multiple Failed Attempts,Resolved,2026-01-18 15:37:48,Mohini Pathak,EMP00000022,2026-02-01,2026-07-25 05:53:13.708067,,Fraud Detection System
ALR00001807,TR00193879,22,Velocity Check Failed,Resolved,2025-02-23 08:37:35,Pallavi Kakar,EMP00000043,2025-03-14,2026-07-25 05:53:13.709046,,Fraud Detection System
ALR00001808,TR00001395,53,Velocity Check Failed,Resolved,2015-11-30 01:08:56,Pallavi Kakar,EMP00000043,2015-12-05,2026-07-25 05:53:13.710067,,Fraud Detection System
ALR00001809,TR00138370,26,High Transaction Amount,Open,2021-11-16 06:49:32,,,,2026-07-25 05:53:13.710067,,Fraud Detection System
ALR00001810,TR00232631,95,Multiple Failed Attempts,False Positive,2016-05-31 04:32:06,Rudra Sandal,EMP00000245,2016-06-06,2026-07-25 05:53:13.711067,,Fraud Detection System
ALR00001811,TR00102014,34,Blacklisted Merchant,Resolved,2025-05-28 14:06:31,Balendra Pingle,EMP00000102,2025-05-30,2026-07-25 05:53:13.712071,,Fraud Detection System
ALR00001812,TR00234081,82,Multiple Failed Attempts,False Positive,2025-10-23 16:17:27,Nilima Nath,EMP00000260,2025-10-24,2026-07-25 05:53:13.714069,,Fraud Detection System
ALR00001813,TR00220552,64,Card Not Present,Resolved,2020-04-14 20:08:32,Ishwar Kamdar,EMP00000185,2020-04-28,2026-07-25 05:53:13.715068,,Fraud Detection System
ALR00001814,TR00119886,3,Location Mismatch,Resolved,2017-01-11 04:26:00,Lakshit Upadhyay,EMP00000023,2017-02-03,2026-07-25 05:53:13.715068,,Fraud Detection System
ALR00001815,TR00049743,38,High Transaction Amount,False Positive,2022-10-25 14:09:13,Yagnesh Shan,EMP00000279,2022-10-30,2026-07-25 05:53:13.716067,,Fraud Detection System
ALR00001816,TR00241227,50,Card Not Present,False Positive,2011-06-29 23:30:48,Gaurang Murty,EMP00000264,2011-07-03,2026-07-25 05:53:13.717067,,Fraud Detection System
ALR00001817,TR00080685,56,Unusual Spending Pattern,Open,2025-06-17 05:18:25,,,,2026-07-25 05:53:13.718067,,Fraud Detection System
ALR00001818,TR00162124,9,Blacklisted Merchant,Resolved,2025-07-18 08:44:34,Vaishnavi Bora,EMP00000143,2025-07-29,2026-07-25 05:53:13.719069,,Fraud Detection System
ALR00001819,TR00227320,9,Location Mismatch,Resolved,2026-02-27 09:44:56,Rudra Sandal,EMP00000245,2026-03-25,2026-07-25 05:53:13.720077,,Fraud Detection System
ALR00001820,TR00022502,70,Card Not Present,Resolved,2019-12-16 07:01:58,Chandresh Sood,EMP00000074,2019-12-22,2026-07-25 05:53:13.721069,,Fraud Detection System
ALR00001821,TR00144190,4,High Transaction Amount,Resolved,2022-09-21 10:57:06,Dipta Sarin,EMP00000122,2022-10-09,2026-07-25 05:53:13.722073,,Fraud Detection System
ALR00001822,TR00134488,6,Multiple Failed Attempts,Under Investigation,2011-08-26 08:38:00,Veer Bir,EMP00000050,,2026-07-25 05:53:13.723068,,Fraud Detection System
ALR00001823,TR00181742,32,Velocity Check Failed,Under Investigation,2023-06-19 14:28:34,Yuvraj Handa,EMP00000060,,2026-07-25 05:53:13.724071,,Fraud Detection System
ALR00001824,TR00234496,25,Velocity Check Failed,Resolved,2025-05-08 21:17:10,Ekaja Zachariah,EMP00000158,2025-05-30,2026-07-25 05:53:13.725076,,Fraud Detection System
ALR00001825,TR00228669,34,Location Mismatch,Closed,2023-12-03 14:13:49,Hritik Kaur,EMP00000338,2023-12-21,2026-07-25 05:53:13.726069,,Fraud Detection System
ALR00001826,TR00043802,61,Blacklisted Merchant,False Positive,2022-08-24 04:06:33,Indira Misra,EMP00000166,2022-09-19,2026-07-25 05:53:13.727068,,Fraud Detection System
ALR00001827,TR00221422,45,Multiple Failed Attempts,Open,2026-06-24 10:39:26,,,,2026-07-25 05:53:13.728066,,Fraud Detection System
ALR00001828,TR00043966,32,Unusual Spending Pattern,False Positive,2025-11-01 04:08:08,Vaishnavi Bora,EMP00000143,2025-11-21,2026-07-25 05:53:13.729068,,Fraud Detection System
ALR00001829,TR00230379,49,Location Mismatch,Resolved,2026-06-20 09:38:51,Onveer Walla,EMP00000012,2026-07-18,2026-07-25 05:53:13.730081,,Fraud Detection System
ALR00001830,TR00249148,61,Location Mismatch,Resolved,2025-05-26 02:32:19,Jyoti Solanki,EMP00000213,2025-06-02,2026-07-25 05:53:13.731071,,Fraud Detection System
ALR00001831,TR00099589,84,Velocity Check Failed,Resolved,2012-11-22 18:21:56,Lakshit Dora,EMP00000159,2012-12-12,2026-07-25 05:53:13.732068,,Fraud Detection System
ALR00001832,TR00124378,29,High Transaction Amount,False Positive,2023-08-01 04:11:14,Chandresh Sood,EMP00000074,2023-08-05,2026-07-25 05:53:13.733066,,Fraud Detection System
ALR00001833,TR00234479,41,Unusual Spending Pattern,Resolved,2021-09-27 18:46:35,Zayyan Bumb,EMP00000179,2021-10-20,2026-07-25 05:53:13.734067,,Fraud Detection System
ALR00001834,TR00240767,41,Location Mismatch,Resolved,2014-09-24 04:35:16,Ronith Patla,EMP00000126,2014-10-23,2026-07-25 05:53:13.735073,,Fraud Detection System
ALR00001835,TR00231914,84,Location Mismatch,Closed,2025-06-12 15:59:43,Adweta Edwin,EMP00000099,2025-07-01,2026-07-25 05:53:13.736073,,Fraud Detection System
ALR00001836,TR00220195,32,Multiple Failed Attempts,Open,2025-03-29 23:40:58,,,,2026-07-25 05:53:13.737067,,Fraud Detection System
ALR00001837,TR00002494,56,High Transaction Amount,Under Investigation,2023-08-19 14:31:35,Lajita Seshadri,EMP00000235,,2026-07-25 05:53:13.738064,,Fraud Detection System
ALR00001838,TR00142627,36,Location Mismatch,Under Investigation,2022-09-25 03:51:19,Akshay Lalla,EMP00000335,,2026-07-25 05:53:13.739067,,Fraud Detection System
ALR00001839,TR00026922,78,Card Not Present,Resolved,2018-11-20 03:27:03,Zayyan Bumb,EMP00000179,2018-12-03,2026-07-25 05:53:13.740068,,Fraud Detection System
ALR00001840,TR00245797,72,Card Not Present,False Positive,2026-06-07 16:06:24,Yuvraj Handa,EMP00000060,2026-06-08,2026-07-25 05:53:13.741065,,Fraud Detection System
ALR00001841,TR00071261,89,Unusual Spending Pattern,Resolved,2020-04-19 11:47:49,Indira Misra,EMP00000166,2020-05-06,2026-07-25 05:53:13.742069,,Fraud Detection System
ALR00001842,TR00247266,94,Unusual Spending Pattern,Under Investigation,2015-10-27 18:07:07,Alka Dewan,EMP00000020,,2026-07-25 05:53:13.743071,,Fraud Detection System
ALR00001843,TR00136574,58,Blacklisted Merchant,Resolved,2025-11-21 01:10:41,Nimrat Dubey,EMP00000296,2025-12-01,2026-07-25 05:53:13.744066,,Fraud Detection System
ALR00001844,TR00124008,72,High Transaction Amount,Under Investigation,2022-09-10 16:42:16,Jagdish Koshy,EMP00000078,,2026-07-25 05:53:13.745064,,Fraud Detection System
ALR00001845,TR00234927,6,Unusual Spending Pattern,Open,2024-03-25 01:11:00,,,,2026-07-25 05:53:13.746070,,Fraud Detection System
ALR00001846,TR00213544,50,Card Not Present,Open,2024-05-14 14:21:51,,,,2026-07-25 05:53:13.746070,,Fraud Detection System
ALR00001847,TR00117608,93,Card Not Present,Under Investigation,2026-06-02 12:21:03,Veer Bir,EMP00000050,,2026-07-25 05:53:13.747073,,Fraud Detection System
ALR00001848,TR00048010,93,Velocity Check Failed,Under Investigation,2024-08-11 09:49:03,Lakshit Upadhyay,EMP00000023,,2026-07-25 05:53:13.748064,,Fraud Detection System
ALR00001849,TR00028294,71,Blacklisted Merchant,False Positive,2024-12-26 20:21:16,Banjeet Balasubramanian,EMP00000182,2025-01-16,2026-07-25 05:53:13.749144,,Fraud Detection System
ALR00001850,TR00040748,72,Velocity Check Failed,Under Investigation,2023-07-19 00:04:40,Prisha Andra,EMP00000100,,2026-07-25 05:53:13.750155,,Fraud Detection System
ALR00001851,TR00115241,40,Multiple Failed Attempts,False Positive,2023-07-30 20:01:45,Ishwar Kamdar,EMP00000185,2023-08-20,2026-07-25 05:53:13.751150,,Fraud Detection System
ALR00001852,TR00064043,44,Unusual Spending Pattern,Under Investigation,2026-04-05 11:10:53,Kiaan Shetty,EMP00000150,,2026-07-25 05:53:13.752138,,Fraud Detection System
ALR00001853,TR00046425,31,Velocity Check Failed,Resolved,2022-09-09 14:44:10,Indira Misra,EMP00000166,2022-09-20,2026-07-25 05:53:13.753046,,Fraud Detection System
ALR00001854,TR00185206,10,Velocity Check Failed,Resolved,2026-07-19 01:24:39,Banjeet Balasubramanian,EMP00000182,2026-07-24,2026-07-25 05:53:13.754146,,Fraud Detection System
ALR00001855,TR00199163,72,Blacklisted Merchant,False Positive,2012-07-07 15:48:08,Aditya Shanker,EMP00000084,2012-07-24,2026-07-25 05:53:13.755144,,Fraud Detection System
ALR00001856,TR00142585,2,Card Not Present,Open,2018-08-09 13:44:01,,,,2026-07-25 05:53:13.756152,,Fraud Detection System
ALR00001857,TR00190515,26,Blacklisted Merchant,Open,2024-08-08 07:48:56,,,,2026-07-25 05:53:13.756152,,Fraud Detection System
ALR00001858,TR00043907,33,Velocity Check Failed,Resolved,2016-07-08 22:35:57,Ishwar Kamdar,EMP00000185,2016-07-12,2026-07-25 05:53:13.758128,,Fraud Detection System
ALR00001859,TR00214956,55,Blacklisted Merchant,Under Investigation,2022-08-18 02:51:21,Ishwar Kamdar,EMP00000185,,2026-07-25 05:53:13.759045,,Fraud Detection System
ALR00001860,TR00224797,97,Multiple Failed Attempts,Resolved,2019-06-17 21:02:38,Adweta Edwin,EMP00000099,2019-07-04,2026-07-25 05:53:13.760138,,Fraud Detection System
ALR00001861,TR00207913,52,Card Not Present,False Positive,2026-07-21 17:52:36,Nakul Sarma,EMP00000089,2026-07-24,2026-07-25 05:53:13.761138,,Fraud Detection System
ALR00001862,TR00129460,33,Location Mismatch,Open,2015-04-11 03:57:02,,,,2026-07-25 05:53:13.761138,,Fraud Detection System
ALR00001863,TR00021902,38,Blacklisted Merchant,Open,2015-01-25 08:46:29,,,,2026-07-25 05:53:13.762045,,Fraud Detection System
ALR00001864,TR00168051,79,Card Not Present,Under Investigation,2020-01-25 16:05:31,Lajita Seshadri,EMP00000235,,2026-07-25 05:53:13.763153,,Fraud Detection System
ALR00001865,TR00046141,10,Location Mismatch,Under Investigation,2015-10-29 20:45:27,Chaaya Saran,EMP00000030,,2026-07-25 05:53:13.764142,,Fraud Detection System
ALR00001866,TR00034923,33,Blacklisted Merchant,Open,2025-12-17 02:07:13,,,,2026-07-25 05:53:13.765139,,Fraud Detection System
ALR00001867,TR00081224,57,Unusual Spending Pattern,Resolved,2022-09-10 01:11:09,Zaid Dara,EMP00000149,2022-09-27,2026-07-25 05:53:13.766136,,Fraud Detection System
ALR00001868,TR00061868,69,Location Mismatch,False Positive,2020-08-30 12:20:28,Adweta Edwin,EMP00000099,2020-09-01,2026-07-25 05:53:13.767051,,Fraud Detection System
ALR00001869,TR00065040,16,Multiple Failed Attempts,Resolved,2026-02-26 19:57:06,Zaid Dara,EMP00000149,2026-03-17,2026-07-25 05:53:13.768130,,Fraud Detection System
ALR00001870,TR00058670,13,Blacklisted Merchant,Under Investigation,2019-05-25 10:35:49,Ekansh Keer,EMP00000077,,2026-07-25 05:53:13.769133,,Fraud Detection System
ALR00001871,TR00189652,91,High Transaction Amount,False Positive,2014-01-22 19:33:52,Zayyan Bumb,EMP00000179,2014-02-04,2026-07-25 05:53:13.770131,,Fraud Detection System
ALR00001872,TR00238714,88,Blacklisted Merchant,Under Investigation,2010-05-13 04:07:28,Riya Pai,EMP00000314,,2026-07-25 05:53:13.771151,,Fraud Detection System
ALR00001873,TR00075740,81,High Transaction Amount,Resolved,2025-09-03 08:08:53,Lakshit Upadhyay,EMP00000023,2025-09-12,2026-07-25 05:53:13.772058,,Fraud Detection System
ALR00001874,TR00181686,69,High Transaction Amount,Closed,2018-09-12 19:39:28,Zayan Behl,EMP00000096,2018-09-17,2026-07-25 05:53:13.773139,,Fraud Detection System
ALR00001875,TR00003054,78,Unusual Spending Pattern,False Positive,2020-06-16 12:13:58,Ekaja Zachariah,EMP00000158,2020-07-08,2026-07-25 05:53:13.774137,,Fraud Detection System
ALR00001876,TR00164096,47,Unusual Spending Pattern,Open,2022-01-16 10:55:22,,,,2026-07-25 05:53:13.775153,,Fraud Detection System
ALR00001877,TR00174083,14,High Transaction Amount,Resolved,2019-08-25 11:53:21,Pranav Lanka,EMP00000120,2019-08-29,2026-07-25 05:53:13.776144,,Fraud Detection System
ALR00001878,TR00016039,95,Multiple Failed Attempts,Closed,2018-06-28 19:09:32,Riya Pai,EMP00000314,2018-07-08,2026-07-25 05:53:13.777135,,Fraud Detection System
ALR00001879,TR00029596,1,Blacklisted Merchant,Resolved,2025-04-21 20:03:10,Akshay Lalla,EMP00000335,2025-05-19,2026-07-25 05:53:13.778135,,Fraud Detection System
ALR00001880,TR00076947,92,Multiple Failed Attempts,Resolved,2022-01-23 16:11:18,Veer Bir,EMP00000050,2022-01-24,2026-07-25 05:53:13.779142,,Fraud Detection System
ALR00001881,TR00101659,43,Velocity Check Failed,Resolved,2024-07-05 20:15:18,Vaishnavi Bora,EMP00000143,2024-07-07,2026-07-25 05:53:13.780062,,Fraud Detection System
ALR00001882,TR00126241,81,Location Mismatch,Open,2017-09-25 16:28:36,,,,2026-07-25 05:53:13.781133,,Fraud Detection System
ALR00001883,TR00224354,77,Multiple Failed Attempts,Under Investigation,2025-09-11 22:56:50,Aditya Shanker,EMP00000084,,2026-07-25 05:53:13.782127,,Fraud Detection System
ALR00001884,TR00176685,34,Blacklisted Merchant,Open,2026-01-26 14:31:24,,,,2026-07-25 05:53:13.782127,,Fraud Detection System
ALR00001885,TR00078037,15,Card Not Present,Open,2025-10-16 17:25:40,,,,2026-07-25 05:53:13.783137,,Fraud Detection System
ALR00001886,TR00029399,11,Location Mismatch,Open,2026-01-11 07:20:51,,,,2026-07-25 05:53:13.783137,,Fraud Detection System
ALR00001887,TR00229453,68,Multiple Failed Attempts,Open,2023-04-01 09:35:43,,,,2026-07-25 05:53:13.784157,,Fraud Detection System
ALR00001888,TR00074076,55,Unusual Spending Pattern,Closed,2020-01-21 05:20:02,Jagdish Koshy,EMP00000078,2020-02-06,2026-07-25 05:53:13.785129,,Fraud Detection System
ALR00001889,TR00154660,34,Multiple Failed Attempts,Open,2024-06-14 02:35:56,,,,2026-07-25 05:53:13.786127,,Fraud Detection System
ALR00001890,TR00054605,98,Card Not Present,Resolved,2025-08-24 00:10:04,Frederick Khurana,EMP00000208,2025-09-04,2026-07-25 05:53:13.787131,,Fraud Detection System
ALR00001891,TR00033210,23,Card Not Present,Under Investigation,2023-07-18 11:49:09,Nimrat Dubey,EMP00000296,,2026-07-25 05:53:13.787131,,Fraud Detection System
ALR00001892,TR00038241,56,Location Mismatch,Resolved,2022-12-05 10:39:13,Veer Bir,EMP00000050,2022-12-11,2026-07-25 05:53:13.789153,,Fraud Detection System
ALR00001893,TR00188095,41,Location Mismatch,Under Investigation,2023-12-03 01:27:19,Devansh Sachdeva,EMP00000161,,2026-07-25 05:53:13.790130,,Fraud Detection System
ALR00001894,TR00152368,85,Location Mismatch,Closed,2025-02-05 00:24:19,Aadhya Andra,EMP00000312,2025-03-04,2026-07-25 05:53:13.791140,,Fraud Detection System
ALR00001895,TR00104517,33,Multiple Failed Attempts,Open,2026-03-09 06:56:12,,,,2026-07-25 05:53:13.791140,,Fraud Detection System
ALR00001896,TR00138070,23,Unusual Spending Pattern,Under Investigation,2026-06-21 08:02:18,Devansh Sachdeva,EMP00000161,,2026-07-25 05:53:13.792145,,Fraud Detection System
ALR00001897,TR00118287,15,Unusual Spending Pattern,False Positive,2013-05-01 18:01:20,Balveer Bumb,EMP00000079,2013-05-10,2026-07-25 05:53:13.793136,,Fraud Detection System
ALR00001898,TR00135123,43,High Transaction Amount,Resolved,2026-05-21 07:13:26,Zaid Dara,EMP00000149,2026-05-24,2026-07-25 05:53:13.794182,,Fraud Detection System
ALR00001899,TR00166677,37,Velocity Check Failed,Resolved,2018-07-25 09:56:27,Chaaya Saran,EMP00000030,2018-08-20,2026-07-25 05:53:13.795134,,Fraud Detection System
ALR00001900,TR00054431,39,Velocity Check Failed,Under Investigation,2025-09-26 07:04:52,Frederick Khurana,EMP00000208,,2026-07-25 05:53:13.796137,,Fraud Detection System
ALR00001901,TR00061747,28,High Transaction Amount,Resolved,2026-07-09 23:36:32,Zayan Behl,EMP00000096,2026-07-14,2026-07-25 05:53:13.797168,,Fraud Detection System
ALR00001902,TR00189903,27,Blacklisted Merchant,Under Investigation,2025-09-26 17:50:15,Ekaja Zachariah,EMP00000158,,2026-07-25 05:53:13.798159,,Fraud Detection System
ALR00001903,TR00219287,22,High Transaction Amount,Open,2021-06-05 00:33:11,,,,2026-07-25 05:53:13.799173,,Fraud Detection System
ALR00001904,TR00020668,99,Card Not Present,Closed,2017-07-12 14:38:36,Hritik Kaur,EMP00000338,2017-08-09,2026-07-25 05:53:13.800453,,Fraud Detection System
ALR00001905,TR00112289,76,Card Not Present,Closed,2023-02-12 01:17:58,Riya Pai,EMP00000314,2023-02-22,2026-07-25 05:53:13.801602,,Fraud Detection System
ALR00001906,TR00176731,83,Card Not Present,Open,2026-03-26 09:45:16,,,,2026-07-25 05:53:13.801602,,Fraud Detection System
ALR00001907,TR00019846,94,High Transaction Amount,Resolved,2026-05-15 09:36:43,Benjamin Morar,EMP00000104,2026-05-26,2026-07-25 05:53:13.802594,,Fraud Detection System
ALR00001908,TR00141670,18,Card Not Present,False Positive,2026-01-28 19:40:04,Onveer Walla,EMP00000012,2026-02-12,2026-07-25 05:53:13.803591,,Fraud Detection System
ALR00001909,TR00015970,58,Unusual Spending Pattern,Closed,2020-10-13 00:35:54,Ekansh Keer,EMP00000077,2020-10-20,2026-07-25 05:53:13.804592,,Fraud Detection System
ALR00001910,TR00137722,24,Velocity Check Failed,Resolved,2022-01-04 02:41:46,Ronith Patla,EMP00000126,2022-02-01,2026-07-25 05:53:13.805586,,Fraud Detection System
ALR00001911,TR00126973,0,Location Mismatch,Resolved,2025-10-17 17:36:28,Lajita Seshadri,EMP00000235,2025-10-17,2026-07-25 05:53:13.806588,,Fraud Detection System
ALR00001912,TR00143829,15,Card Not Present,False Positive,2024-01-17 02:16:14,Balendra Pingle,EMP00000102,2024-01-30,2026-07-25 05:53:13.807593,,Fraud Detection System
ALR00001913,TR00037405,41,Blacklisted Merchant,Resolved,2019-04-13 23:58:20,Yagnesh Shan,EMP00000279,2019-04-20,2026-07-25 05:53:13.808528,,Fraud Detection System
ALR00001914,TR00082374,65,Unusual Spending Pattern,Under Investigation,2007-12-15 15:12:37,Lajita Seshadri,EMP00000235,,2026-07-25 05:53:13.809577,,Fraud Detection System
ALR00001915,TR00130647,19,Blacklisted Merchant,False Positive,2023-11-22 12:36:40,Yuvraj Handa,EMP00000060,2023-11-28,2026-07-25 05:53:13.811594,,Fraud Detection System
ALR00001916,TR00029147,11,Velocity Check Failed,Resolved,2024-05-30 08:15:55,Indira Misra,EMP00000166,2024-06-25,2026-07-25 05:53:13.812595,,Fraud Detection System
ALR00001917,TR00051242,2,Location Mismatch,Resolved,2026-03-27 16:21:45,Lakshit Dora,EMP00000159,2026-04-08,2026-07-25 05:53:13.813592,,Fraud Detection System
ALR00001918,TR00146559,53,High Transaction Amount,Resolved,2024-04-07 21:38:36,Balendra Pingle,EMP00000102,2024-04-15,2026-07-25 05:53:13.814600,,Fraud Detection System
ALR00001919,TR00022840,39,Blacklisted Merchant,Resolved,2020-11-29 15:12:21,Onveer Walla,EMP00000012,2020-12-04,2026-07-25 05:53:13.815599,,Fraud Detection System
ALR00001920,TR00128215,48,Card Not Present,Under Investigation,2010-05-02 02:17:35,Benjamin Morar,EMP00000104,,2026-07-25 05:53:13.816606,,Fraud Detection System
ALR00001921,TR00203696,74,Multiple Failed Attempts,False Positive,2022-12-18 17:36:59,Jagdish Koshy,EMP00000078,2022-12-19,2026-07-25 05:53:13.817607,,Fraud Detection System
ALR00001922,TR00113888,90,High Transaction Amount,Resolved,2026-07-22 04:46:30,Aahana Pillay,EMP00000186,2026-07-22,2026-07-25 05:53:13.818599,,Fraud Detection System
ALR00001923,TR00128921,32,Card Not Present,Under Investigation,2024-03-23 07:13:15,Ojas Ray,EMP00000066,,2026-07-25 05:53:13.819600,,Fraud Detection System
ALR00001924,TR00114713,14,High Transaction Amount,Resolved,2021-05-25 22:35:53,Nicholas Goel,EMP00000108,2021-05-25,2026-07-25 05:53:13.820596,,Fraud Detection System
ALR00001925,TR00014901,70,Unusual Spending Pattern,Closed,2025-08-12 18:58:40,Ojas Ray,EMP00000066,2025-08-29,2026-07-25 05:53:13.821597,,Fraud Detection System
ALR00001926,TR00116117,2,Blacklisted Merchant,False Positive,2026-07-03 12:18:28,Nakul Sarma,EMP00000089,2026-07-22,2026-07-25 05:53:13.822603,,Fraud Detection System
ALR00001927,TR00203295,28,High Transaction Amount,Under Investigation,2025-11-08 11:24:04,Lakshit Dora,EMP00000159,,2026-07-25 05:53:13.823602,,Fraud Detection System
ALR00001928,TR00181794,36,Location Mismatch,Resolved,2024-05-21 14:55:05,Mohini Pathak,EMP00000022,2024-06-01,2026-07-25 05:53:13.825568,,Fraud Detection System
ALR00001929,TR00099272,60,Velocity Check Failed,False Positive,2017-12-29 20:56:47,Yuvraj Handa,EMP00000060,2018-01-26,2026-07-25 05:53:13.826595,,Fraud Detection System
ALR00001930,TR00205531,38,Card Not Present,False Positive,2007-07-28 20:55:05,Chandresh Sood,EMP00000074,2007-08-12,2026-07-25 05:53:13.827589,,Fraud Detection System
ALR00001931,TR00187624,81,Velocity Check Failed,Resolved,2025-09-19 15:25:38,Jagdish Koshy,EMP00000078,2025-09-19,2026-07-25 05:53:13.828590,,Fraud Detection System
ALR00001932,TR00145324,45,Location Mismatch,Closed,2017-08-26 16:56:50,Zayan Behl,EMP00000096,2017-09-03,2026-07-25 05:53:13.829592,,Fraud Detection System
ALR00001933,TR00011563,37,High Transaction Amount,Open,2021-09-22 10:16:09,,,,2026-07-25 05:53:13.829592,,Fraud Detection System
ALR00001934,TR00086104,86,Unusual Spending Pattern,Open,2022-06-26 17:58:23,,,,2026-07-25 05:53:13.830592,,Fraud Detection System
ALR00001935,TR00016427,92,Location Mismatch,False Positive,2018-03-01 22:06:19,Veer Bir,EMP00000050,2018-03-13,2026-07-25 05:53:13.831598,,Fraud Detection System
ALR00001936,TR00248490,71,Unusual Spending Pattern,Closed,2025-04-24 05:07:46,Rudra Sandal,EMP00000245,2025-04-26,2026-07-25 05:53:13.832594,,Fraud Detection System
ALR00001937,TR00233969,90,High Transaction Amount,Resolved,2016-07-26 20:08:51,Sudiksha Aggarwal,EMP00000031,2016-08-01,2026-07-25 05:53:13.833593,,Fraud Detection System
ALR00001938,TR00017690,88,Blacklisted Merchant,Closed,2017-10-01 00:05:29,Nicholas Goel,EMP00000108,2017-10-21,2026-07-25 05:53:13.834600,,Fraud Detection System
ALR00001939,TR00233758,53,Blacklisted Merchant,Closed,2026-05-01 10:23:43,Nilima Nath,EMP00000260,2026-05-26,2026-07-25 05:53:13.835597,,Fraud Detection System
ALR00001940,TR00008118,95,High Transaction Amount,Resolved,2016-04-05 06:01:50,Vaishnavi Bora,EMP00000143,2016-04-10,2026-07-25 05:53:13.836612,,Fraud Detection System
ALR00001941,TR00102460,54,Location Mismatch,Resolved,2025-11-09 17:02:00,Veer Bir,EMP00000050,2025-11-12,2026-07-25 05:53:13.837608,,Fraud Detection System
ALR00001942,TR00193474,69,Multiple Failed Attempts,Under Investigation,2025-07-25 21:15:20,Prisha Andra,EMP00000100,,2026-07-25 05:53:13.838603,,Fraud Detection System
ALR00001943,TR00192690,81,Multiple Failed Attempts,Under Investigation,2023-10-31 09:21:35,Veer Bir,EMP00000050,,2026-07-25 05:53:13.839605,,Fraud Detection System
ALR00001944,TR00244931,92,Multiple Failed Attempts,Resolved,2024-09-29 12:22:21,Oni Dubey,EMP00000346,2024-10-22,2026-07-25 05:53:13.840610,,Fraud Detection System
ALR00001945,TR00162124,42,Location Mismatch,Resolved,2025-07-18 09:30:34,Chaaya Saran,EMP00000030,2025-08-08,2026-07-25 05:53:13.842554,,Fraud Detection System
ALR00001946,TR00105622,90,Velocity Check Failed,Resolved,2011-03-25 20:53:38,Lajita Seshadri,EMP00000235,2011-04-11,2026-07-25 05:53:13.843607,,Fraud Detection System
ALR00001947,TR00248202,77,Blacklisted Merchant,Resolved,2021-05-31 00:39:05,Sudiksha Aggarwal,EMP00000031,2021-06-24,2026-07-25 05:53:13.844593,,Fraud Detection System
ALR00001948,TR00096001,77,Card Not Present,False Positive,2025-10-23 01:31:11,Onveer Walla,EMP00000012,2025-11-20,2026-07-25 05:53:13.845593,,Fraud Detection System
ALR00001949,TR00218450,44,Blacklisted Merchant,Closed,2025-08-02 22:12:17,Diya Rattan,EMP00000016,2025-08-07,2026-07-25 05:53:13.846615,,Fraud Detection System
ALR00001950,TR00227110,7,High Transaction Amount,Under Investigation,2021-04-20 13:32:54,Balendra Pingle,EMP00000102,,2026-07-25 05:53:13.847597,,Fraud Detection System
ALR00001951,TR00094314,88,Velocity Check Failed,Resolved,2024-05-14 02:03:27,Dipta Sarin,EMP00000122,2024-06-04,2026-07-25 05:53:13.848589,,Fraud Detection System
ALR00001952,TR00171379,11,Velocity Check Failed,Resolved,2025-08-01 13:48:25,Banjeet Balasubramanian,EMP00000182,2025-08-25,2026-07-25 05:53:13.849588,,Fraud Detection System
ALR00001953,TR00166250,64,Blacklisted Merchant,Open,2025-06-30 07:40:36,,,,2026-07-25 05:53:13.849588,,Fraud Detection System
ALR00001954,TR00135664,44,Card Not Present,Resolved,2020-02-08 01:43:18,Riya Pai,EMP00000314,2020-02-18,2026-07-25 05:53:13.850504,,Fraud Detection System
ALR00001955,TR00164048,10,High Transaction Amount,Open,2023-06-05 21:46:49,,,,2026-07-25 05:53:13.851588,,Fraud Detection System
ALR00001956,TR00086980,52,Velocity Check Failed,Open,2017-12-09 22:48:53,,,,2026-07-25 05:53:13.851588,,Fraud Detection System
ALR00001957,TR00044644,47,Unusual Spending Pattern,Resolved,2026-05-27 02:01:55,Jeremiah Dave,EMP00000041,2026-06-25,2026-07-25 05:53:13.852597,,Fraud Detection System
ALR00001958,TR00135076,98,Location Mismatch,Under Investigation,2016-01-31 14:52:47,Lakshit Upadhyay,EMP00000023,,2026-07-25 05:53:13.853587,,Fraud Detection System
ALR00001959,TR00132788,2,High Transaction Amount,Resolved,2025-06-17 11:30:20,Riya Pai,EMP00000314,2025-06-19,2026-07-25 05:53:13.854621,,Fraud Detection System
ALR00001960,TR00182936,99,Velocity Check Failed,Resolved,2021-10-25 15:47:47,Balveer Parmar,EMP00000105,2021-11-19,2026-07-25 05:53:13.855550,,Fraud Detection System
ALR00001961,TR00055539,79,Card Not Present,Resolved,2020-03-26 06:12:36,Lajita Seshadri,EMP00000235,2020-04-09,2026-07-25 05:53:13.856591,,Fraud Detection System
ALR00001962,TR00000935,63,Card Not Present,Resolved,2022-12-18 06:40:50,Vaishnavi Bora,EMP00000143,2023-01-09,2026-07-25 05:53:13.857588,,Fraud Detection System
ALR00001963,TR00005797,72,Multiple Failed Attempts,Resolved,2022-05-09 20:42:32,Frederick Khurana,EMP00000208,2022-05-10,2026-07-25 05:53:13.859586,,Fraud Detection System
ALR00001964,TR00074833,61,Unusual Spending Pattern,False Positive,2023-11-17 10:17:27,Ishwar Kamdar,EMP00000185,2023-11-19,2026-07-25 05:53:13.860591,,Fraud Detection System
ALR00001965,TR00169039,56,Unusual Spending Pattern,Resolved,2022-08-22 01:33:43,Dipta Sarin,EMP00000122,2022-09-14,2026-07-25 05:53:13.861595,,Fraud Detection System
ALR00001966,TR00136867,19,Velocity Check Failed,Resolved,2025-09-01 03:18:07,Jagdish Koshy,EMP00000078,2025-09-20,2026-07-25 05:53:13.862594,,Fraud Detection System
ALR00001967,TR00133609,56,Blacklisted Merchant,Under Investigation,2024-05-03 05:31:04,Ojas Ray,EMP00000066,,2026-07-25 05:53:13.863591,,Fraud Detection System
ALR00001968,TR00207159,50,Velocity Check Failed,Resolved,2026-03-08 15:22:00,Nimrat Dubey,EMP00000296,2026-03-28,2026-07-25 05:53:13.864589,,Fraud Detection System
ALR00001969,TR00061752,71,Card Not Present,Under Investigation,2023-10-03 05:51:42,Vaishnavi Bora,EMP00000143,,2026-07-25 05:53:13.865589,,Fraud Detection System
ALR00001970,TR00086494,76,Velocity Check Failed,Closed,2026-07-02 05:45:36,Jack Rajan,EMP00000123,2026-07-18,2026-07-25 05:53:13.866606,,Fraud Detection System
ALR00001971,TR00068837,80,High Transaction Amount,Resolved,2022-08-09 09:51:48,Jagdish Koshy,EMP00000078,2022-08-14,2026-07-25 05:53:13.867600,,Fraud Detection System
ALR00001972,TR00234657,17,Velocity Check Failed,Under Investigation,2025-04-15 19:14:05,Kiaan Shetty,EMP00000150,,2026-07-25 05:53:13.868597,,Fraud Detection System
ALR00001973,TR00182219,16,Blacklisted Merchant,Resolved,2015-09-06 12:02:35,Anirudh Zacharia,EMP00000180,2015-09-29,2026-07-25 05:53:13.869590,,Fraud Detection System
ALR00001974,TR00028337,17,Multiple Failed Attempts,False Positive,2014-03-23 15:31:01,Devansh Rajan,EMP00000026,2014-04-13,2026-07-25 05:53:13.870612,,Fraud Detection System
ALR00001975,TR00203862,94,Multiple Failed Attempts,Open,2014-02-26 23:36:38,,,,2026-07-25 05:53:13.870612,,Fraud Detection System
ALR00001976,TR00105299,34,Blacklisted Merchant,Open,2010-01-12 06:40:50,,,,2026-07-25 05:53:13.871605,,Fraud Detection System
ALR00001977,TR00192746,66,High Transaction Amount,False Positive,2021-10-12 02:20:43,Pallavi Kakar,EMP00000043,2021-10-15,2026-07-25 05:53:13.872602,,Fraud Detection System
ALR00001978,TR00221799,88,Velocity Check Failed,Resolved,2020-03-01 03:20:56,Chandresh Sood,EMP00000074,2020-03-04,2026-07-25 05:53:13.873588,,Fraud Detection System
ALR00001979,TR00003991,29,Location Mismatch,Resolved,2026-02-25 16:33:14,Balendra Pingle,EMP00000102,2026-03-12,2026-07-25 05:53:13.874586,,Fraud Detection System
ALR00001980,TR00051415,67,High Transaction Amount,Closed,2015-08-13 19:29:21,Chaaya Saran,EMP00000030,2015-09-11,2026-07-25 05:53:13.875557,,Fraud Detection System
ALR00001981,TR00025326,42,Card Not Present,Resolved,2023-09-17 10:16:29,Devansh Rajan,EMP00000026,2023-09-24,2026-07-25 05:53:13.876591,,Fraud Detection System
ALR00001982,TR00008627,43,Location Mismatch,Open,2025-04-27 04:03:07,,,,2026-07-25 05:53:13.877593,,Fraud Detection System
ALR00001983,TR00150207,93,High Transaction Amount,False Positive,2025-05-24 16:50:37,Anirudh Zacharia,EMP00000180,2025-05-27,2026-07-25 05:53:13.878587,,Fraud Detection System
ALR00001984,TR00176630,29,Unusual Spending Pattern,Under Investigation,2026-04-04 11:45:40,Devansh Rajan,EMP00000026,,2026-07-25 05:53:13.879586,,Fraud Detection System
ALR00001985,TR00012400,92,Unusual Spending Pattern,Resolved,2015-07-12 10:24:33,Zayyan Bumb,EMP00000179,2015-07-18,2026-07-25 05:53:13.880584,,Fraud Detection System
ALR00001986,TR00186204,6,Unusual Spending Pattern,Under Investigation,2020-01-09 15:53:07,Jeremiah Dave,EMP00000041,,2026-07-25 05:53:13.881583,,Fraud Detection System
ALR00001987,TR00100915,35,Unusual Spending Pattern,False Positive,2025-11-28 03:19:49,Kiaan Shetty,EMP00000150,2025-12-11,2026-07-25 05:53:13.882593,,Fraud Detection System
ALR00001988,TR00058436,0,Multiple Failed Attempts,False Positive,2019-04-23 08:29:00,Nimrat Dubey,EMP00000296,2019-05-21,2026-07-25 05:53:13.883599,,Fraud Detection System
ALR00001989,TR00054152,77,Unusual Spending Pattern,Open,2023-06-07 08:30:34,,,,2026-07-25 05:53:13.883599,,Fraud Detection System
ALR00001990,TR00216889,11,Unusual Spending Pattern,Under Investigation,2014-04-28 22:24:26,Hritik Kaur,EMP00000338,,2026-07-25 05:53:13.884593,,Fraud Detection System
ALR00001991,TR00014539,5,Blacklisted Merchant,Resolved,2022-11-19 08:15:35,Sudiksha Aggarwal,EMP00000031,2022-12-15,2026-07-25 05:53:13.885582,,Fraud Detection System
ALR00001992,TR00126574,27,High Transaction Amount,False Positive,2008-11-05 13:02:34,Divya Kala,EMP00000018,2008-11-20,2026-07-25 05:53:13.886583,,Fraud Detection System
ALR00001993,TR00072480,11,High Transaction Amount,Resolved,2023-01-09 18:04:04,Lajita Seshadri,EMP00000235,2023-01-27,2026-07-25 05:53:13.887586,,Fraud Detection System
ALR00001994,TR00205365,60,Blacklisted Merchant,Resolved,2017-10-28 16:54:35,Yagnesh Shan,EMP00000279,2017-11-26,2026-07-25 05:53:13.889597,,Fraud Detection System
ALR00001995,TR00183926,61,Multiple Failed Attempts,Under Investigation,2024-12-07 13:39:16,Nakul Sarma,EMP00000089,,2026-07-25 05:53:13.890590,,Fraud Detection System
ALR00001996,TR00080043,18,Unusual Spending Pattern,False Positive,2022-11-04 03:08:25,Oni Dubey,EMP00000346,2022-11-29,2026-07-25 05:53:13.891598,,Fraud Detection System
ALR00001997,TR00150234,59,Location Mismatch,Resolved,2023-03-24 19:30:01,Chandresh Sood,EMP00000074,2023-04-07,2026-07-25 05:53:13.892505,,Fraud Detection System
ALR00001998,TR00168831,7,Card Not Present,Resolved,2022-11-01 06:11:43,Ojas Ray,EMP00000066,2022-11-23,2026-07-25 05:53:13.893591,,Fraud Detection System
ALR00001999,TR00080551,80,Multiple Failed Attempts,False Positive,2025-04-23 16:44:51,Dipta Sarin,EMP00000122,2025-05-17,2026-07-25 05:53:13.894592,,Fraud Detection System
ALR00002000,TR00075697,20,Unusual Spending Pattern,Resolved,2018-11-24 04:29:13,Yagnesh Shan,EMP00000279,2018-12-23,2026-07-25 05:53:13.895593,,Fraud Detection System
ALR00002001,TR00035551,8,Card Not Present,Open,2015-04-08 02:02:02,,,,2026-07-25 05:53:13.895593,,Fraud Detection System
ALR00002002,TR00165871,85,Blacklisted Merchant,False Positive,2024-03-24 22:49:34,Adweta Edwin,EMP00000099,2024-04-13,2026-07-25 05:53:13.896611,,Fraud Detection System
ALR00002003,TR00055102,17,Blacklisted Merchant,Resolved,2025-10-18 13:52:05,Kiaan Shetty,EMP00000150,2025-10-22,2026-07-25 05:53:13.897610,,Fraud Detection System
ALR00002004,TR00075437,71,Blacklisted Merchant,Under Investigation,2025-06-28 15:06:32,Ronith Patla,EMP00000126,,2026-07-25 05:53:13.898609,,Fraud Detection System
ALR00002005,TR00015771,53,Velocity Check Failed,False Positive,2019-04-03 00:57:52,Rudra Sandal,EMP00000245,2019-04-08,2026-07-25 05:53:13.899611,,Fraud Detection System
ALR00002006,TR00237351,3,Location Mismatch,False Positive,2024-08-06 00:58:35,Rudra Sandal,EMP00000245,2024-09-01,2026-07-25 05:53:13.900998,,Fraud Detection System
ALR00002007,TR00220867,2,Location Mismatch,Resolved,2024-10-20 22:08:03,Balveer Bumb,EMP00000079,2024-10-30,2026-07-25 05:53:13.902101,,Fraud Detection System
ALR00002008,TR00228285,45,Blacklisted Merchant,Resolved,2016-06-25 16:22:57,Sudiksha Aggarwal,EMP00000031,2016-07-15,2026-07-25 05:53:13.903101,,Fraud Detection System
ALR00002009,TR00157366,39,Blacklisted Merchant,Under Investigation,2026-05-10 15:11:37,Frederick Khurana,EMP00000208,,2026-07-25 05:53:13.904113,,Fraud Detection System
ALR00002010,TR00107350,63,High Transaction Amount,Under Investigation,2026-01-05 19:16:32,Meghana Maharaj,EMP00000320,,2026-07-25 05:53:13.905102,,Fraud Detection System
ALR00002011,TR00124466,80,Location Mismatch,False Positive,2026-05-18 20:51:58,Aditya Shanker,EMP00000084,2026-06-08,2026-07-25 05:53:13.906106,,Fraud Detection System
ALR00002012,TR00243356,3,Blacklisted Merchant,False Positive,2024-09-09 00:42:59,Jeremiah Dave,EMP00000041,2024-09-20,2026-07-25 05:53:13.907117,,Fraud Detection System
ALR00002013,TR00235610,10,Card Not Present,Under Investigation,2021-01-20 10:50:39,Pranav Lanka,EMP00000120,,2026-07-25 05:53:13.908115,,Fraud Detection System
ALR00002014,TR00168574,49,Card Not Present,Resolved,2018-06-07 03:40:37,Kashvi Sarma,EMP00000045,2018-06-27,2026-07-25 05:53:13.909019,,Fraud Detection System
ALR00002015,TR00197871,13,Blacklisted Merchant,Under Investigation,2020-07-05 08:59:55,Kashvi Sarma,EMP00000045,,2026-07-25 05:53:13.910098,,Fraud Detection System
ALR00002016,TR00079994,1,Card Not Present,Resolved,2024-03-14 10:32:39,Diya Rattan,EMP00000016,2024-03-30,2026-07-25 05:53:13.911108,,Fraud Detection System
ALR00002017,TR00104650,65,Velocity Check Failed,Closed,2021-02-02 14:16:42,Divya Kala,EMP00000018,2021-02-24,2026-07-25 05:53:13.912110,,Fraud Detection System
ALR00002018,TR00037197,14,Unusual Spending Pattern,Open,2023-11-22 03:28:59,,,,2026-07-25 05:53:13.913105,,Fraud Detection System
ALR00002019,TR00094515,7,Card Not Present,False Positive,2022-08-19 06:13:41,Nakul Bhandari,EMP00000075,2022-09-07,2026-07-25 05:53:13.914105,,Fraud Detection System
ALR00002020,TR00189810,66,Unusual Spending Pattern,False Positive,2021-06-23 00:25:53,Oni Dubey,EMP00000346,2021-07-13,2026-07-25 05:53:13.914105,,Fraud Detection System
ALR00002021,TR00118927,4,Blacklisted Merchant,False Positive,2026-05-12 00:57:44,Ojas Ray,EMP00000066,2026-05-16,2026-07-25 05:53:13.915105,,Fraud Detection System
ALR00002022,TR00213097,40,High Transaction Amount,Resolved,2024-12-25 06:15:57,Alka Dewan,EMP00000020,2025-01-09,2026-07-25 05:53:13.917105,,Fraud Detection System
ALR00002023,TR00075485,44,High Transaction Amount,Resolved,2023-12-22 08:35:07,Chandresh Sood,EMP00000074,2024-01-11,2026-07-25 05:53:13.918105,,Fraud Detection System
ALR00002024,TR00177734,38,Card Not Present,Resolved,2024-11-12 09:11:24,Meghana Maharaj,EMP00000320,2024-11-27,2026-07-25 05:53:13.919110,,Fraud Detection System
ALR00002025,TR00202997,63,High Transaction Amount,Under Investigation,2024-02-05 03:43:09,Aahana Pillay,EMP00000186,,2026-07-25 05:53:13.920114,,Fraud Detection System
ALR00002026,TR00229049,16,Unusual Spending Pattern,Under Investigation,2018-10-31 05:07:17,Aadhya Andra,EMP00000312,,2026-07-25 05:53:13.921018,,Fraud Detection System
ALR00002027,TR00141220,5,Multiple Failed Attempts,Resolved,2021-05-11 19:17:14,Prisha Andra,EMP00000100,2021-05-23,2026-07-25 05:53:13.922017,,Fraud Detection System
ALR00002028,TR00242286,18,Unusual Spending Pattern,Closed,2024-02-20 09:07:18,Jack Rajan,EMP00000123,2024-03-09,2026-07-25 05:53:13.923016,,Fraud Detection System
ALR00002029,TR00140044,31,Unusual Spending Pattern,Resolved,2025-04-11 08:40:49,Divya Kala,EMP00000018,2025-04-18,2026-07-25 05:53:13.924016,,Fraud Detection System
ALR00002030,TR00033361,92,High Transaction Amount,Resolved,2025-03-19 01:14:06,Ishwar Kamdar,EMP00000185,2025-04-11,2026-07-25 05:53:13.925016,,Fraud Detection System
ALR00002031,TR00060564,82,Card Not Present,Resolved,2024-01-11 22:56:03,Dipta Sarin,EMP00000122,2024-01-14,2026-07-25 05:53:13.926019,,Fraud Detection System
ALR00002032,TR00050725,43,Unusual Spending Pattern,Under Investigation,2022-06-11 11:17:00,Gaurang Murty,EMP00000264,,2026-07-25 05:53:13.927016,,Fraud Detection System
ALR00002033,TR00162372,72,High Transaction Amount,Under Investigation,2024-03-07 08:18:14,Kiaan Shetty,EMP00000150,,2026-07-25 05:53:13.928020,,Fraud Detection System
ALR00002034,TR00231051,85,Blacklisted Merchant,Resolved,2024-04-17 21:00:18,Adweta Edwin,EMP00000099,2024-04-21,2026-07-25 05:53:13.929016,,Fraud Detection System
ALR00002035,TR00212623,66,Velocity Check Failed,Under Investigation,2024-11-12 11:40:11,Balendra Pingle,EMP00000102,,2026-07-25 05:53:13.930016,,Fraud Detection System
ALR00002036,TR00023220,47,High Transaction Amount,Resolved,2019-05-24 15:09:13,Ishwar Kamdar,EMP00000185,2019-05-28,2026-07-25 05:53:13.931016,,Fraud Detection System
ALR00002037,TR00182105,63,Location Mismatch,False Positive,2020-08-08 14:56:01,Lakshit Dora,EMP00000159,2020-08-12,2026-07-25 05:53:13.932016,,Fraud Detection System
ALR00002038,TR00047402,36,Blacklisted Merchant,False Positive,2023-06-17 07:10:52,Nimrat Dubey,EMP00000296,2023-07-07,2026-07-25 05:53:13.933016,,Fraud Detection System
ALR00002039,TR00067043,13,Card Not Present,Resolved,2022-12-20 15:51:52,Zayyan Bumb,EMP00000179,2022-12-24,2026-07-25 05:53:13.934019,,Fraud Detection System
ALR00002040,TR00169101,50,Unusual Spending Pattern,Resolved,2020-06-20 17:23:56,Kiaan Shetty,EMP00000150,2020-07-08,2026-07-25 05:53:13.935019,,Fraud Detection System
ALR00002041,TR00151594,56,Blacklisted Merchant,Under Investigation,2026-04-19 02:04:29,Devansh Sachdeva,EMP00000161,,2026-07-25 05:53:13.936020,,Fraud Detection System
ALR00002042,TR00219408,6,Velocity Check Failed,False Positive,2016-01-31 02:39:46,Indira Misra,EMP00000166,2016-02-06,2026-07-25 05:53:13.937021,,Fraud Detection System
ALR00002043,TR00046836,0,Multiple Failed Attempts,Resolved,2015-01-30 18:28:18,Ekaja Zachariah,EMP00000158,2015-02-26,2026-07-25 05:53:13.939017,,Fraud Detection System
ALR00002044,TR00191690,28,Card Not Present,Resolved,2022-06-26 03:50:44,Akshay Lalla,EMP00000335,2022-06-28,2026-07-25 05:53:13.940016,,Fraud Detection System
ALR00002045,TR00182039,85,Multiple Failed Attempts,Closed,2025-12-30 06:49:24,Chaaya Saran,EMP00000030,2026-01-27,2026-07-25 05:53:13.941015,,Fraud Detection System
ALR00002046,TR00140298,63,Card Not Present,Resolved,2016-12-04 11:55:44,Ishwar Kamdar,EMP00000185,2016-12-31,2026-07-25 05:53:13.942017,,Fraud Detection System
ALR00002047,TR00120368,7,Velocity Check Failed,Resolved,2012-09-19 10:51:29,Mohini Pathak,EMP00000022,2012-10-16,2026-07-25 05:53:13.943017,,Fraud Detection System
ALR00002048,TR00218395,91,Location Mismatch,Closed,2023-10-20 13:08:31,Nakul Bhandari,EMP00000075,2023-11-05,2026-07-25 05:53:13.944016,,Fraud Detection System
ALR00002049,TR00083478,88,Unusual Spending Pattern,Resolved,2022-07-09 11:02:10,Pranav Lanka,EMP00000120,2022-07-14,2026-07-25 05:53:13.945016,,Fraud Detection System
ALR00002050,TR00239429,46,Card Not Present,Under Investigation,2019-08-04 09:18:46,Rudra Sandal,EMP00000245,,2026-07-25 05:53:13.946019,,Fraud Detection System
ALR00002051,TR00003935,38,Location Mismatch,Resolved,2023-07-11 14:03:10,Balveer Bumb,EMP00000079,2023-07-30,2026-07-25 05:53:13.947016,,Fraud Detection System
ALR00002052,TR00234612,99,Unusual Spending Pattern,Resolved,2015-03-18 08:26:57,Alka Dewan,EMP00000020,2015-04-04,2026-07-25 05:53:13.948018,,Fraud Detection System
ALR00002053,TR00240752,75,Blacklisted Merchant,Resolved,2024-02-15 23:37:57,Kashvi Sarma,EMP00000045,2024-03-06,2026-07-25 05:53:13.949016,,Fraud Detection System
ALR00002054,TR00029375,26,Multiple Failed Attempts,Resolved,2025-03-18 06:59:04,Pallavi Kakar,EMP00000043,2025-03-20,2026-07-25 05:53:13.950019,,Fraud Detection System
ALR00002055,TR00249874,70,Location Mismatch,Under Investigation,2022-08-25 20:23:22,Sudiksha Aggarwal,EMP00000031,,2026-07-25 05:53:13.951016,,Fraud Detection System
ALR00002056,TR00120256,57,Velocity Check Failed,Resolved,2015-04-29 18:45:41,Zayan Behl,EMP00000096,2015-05-12,2026-07-25 05:53:13.953017,,Fraud Detection System
ALR00002057,TR00060489,59,Multiple Failed Attempts,Under Investigation,2018-12-18 05:54:05,Gaurang Murty,EMP00000264,,2026-07-25 05:53:13.954016,,Fraud Detection System
ALR00002058,TR00152000,47,Location Mismatch,Open,2026-03-16 20:07:50,,,,2026-07-25 05:53:13.954016,,Fraud Detection System
ALR00002059,TR00050987,18,Card Not Present,Resolved,2025-10-19 22:17:55,Jeremiah Dave,EMP00000041,2025-11-17,2026-07-25 05:53:13.955015,,Fraud Detection System
ALR00002060,TR00229170,49,Location Mismatch,Closed,2021-04-13 23:20:06,Divya Kala,EMP00000018,2021-04-28,2026-07-25 05:53:13.956016,,Fraud Detection System
ALR00002061,TR00138814,87,Blacklisted Merchant,Resolved,2025-11-12 09:07:32,Rudra Sandal,EMP00000245,2025-11-29,2026-07-25 05:53:13.958016,,Fraud Detection System
ALR00002062,TR00195235,9,High Transaction Amount,Resolved,2018-08-06 01:56:18,Sudiksha Aggarwal,EMP00000031,2018-08-11,2026-07-25 05:53:13.959016,,Fraud Detection System
ALR00002063,TR00095620,36,High Transaction Amount,Resolved,2021-07-15 05:04:39,Zaid Dara,EMP00000149,2021-08-12,2026-07-25 05:53:13.960016,,Fraud Detection System
ALR00002064,TR00134128,64,Velocity Check Failed,Open,2016-09-21 09:07:33,,,,2026-07-25 05:53:13.961021,,Fraud Detection System
ALR00002065,TR00089923,89,Location Mismatch,Under Investigation,2008-10-31 00:48:38,Riya Pai,EMP00000314,,2026-07-25 05:53:13.962016,,Fraud Detection System
ALR00002066,TR00065261,91,Velocity Check Failed,Closed,2023-02-03 08:49:01,Chandresh Sood,EMP00000074,2023-02-27,2026-07-25 05:53:13.963015,,Fraud Detection System
ALR00002067,TR00128809,76,High Transaction Amount,Under Investigation,2013-08-26 14:25:03,Gaurang Murty,EMP00000264,,2026-07-25 05:53:13.964016,,Fraud Detection System
ALR00002068,TR00124878,10,Velocity Check Failed,Closed,2006-12-20 03:16:08,Jeremiah Dave,EMP00000041,2006-12-30,2026-07-25 05:53:13.965016,,Fraud Detection System
ALR00002069,TR00024732,3,Multiple Failed Attempts,False Positive,2023-07-30 05:48:13,Aahana Pillay,EMP00000186,2023-08-06,2026-07-25 05:53:13.966016,,Fraud Detection System
ALR00002070,TR00245413,55,Location Mismatch,Resolved,2022-10-31 20:49:06,Jeremiah Dave,EMP00000041,2022-11-23,2026-07-25 05:53:13.967015,,Fraud Detection System
ALR00002071,TR00117973,35,Velocity Check Failed,Under Investigation,2025-02-01 15:59:23,Ronith Patla,EMP00000126,,2026-07-25 05:53:13.968123,,Fraud Detection System
ALR00002072,TR00210969,51,Location Mismatch,Resolved,2022-08-10 21:32:26,Zayan Behl,EMP00000096,2022-08-20,2026-07-25 05:53:13.969128,,Fraud Detection System
ALR00002073,TR00228906,68,Blacklisted Merchant,False Positive,2023-10-20 04:01:22,Kiaan Shetty,EMP00000150,2023-10-25,2026-07-25 05:53:13.970102,,Fraud Detection System
ALR00002074,TR00092820,96,Location Mismatch,False Positive,2026-02-16 11:24:52,Akshay Lalla,EMP00000335,2026-03-04,2026-07-25 05:53:13.971104,,Fraud Detection System
ALR00002075,TR00103958,54,Velocity Check Failed,Resolved,2013-10-28 15:08:21,Ronith Patla,EMP00000126,2013-11-24,2026-07-25 05:53:13.972103,,Fraud Detection System
ALR00002076,TR00141250,57,Velocity Check Failed,Resolved,2020-11-16 05:46:10,Veer Bir,EMP00000050,2020-12-03,2026-07-25 05:53:13.973115,,Fraud Detection System
ALR00002077,TR00055160,23,Card Not Present,Resolved,2026-05-24 22:54:01,Balveer Parmar,EMP00000105,2026-05-29,2026-07-25 05:53:13.974113,,Fraud Detection System
ALR00002078,TR00036276,27,Multiple Failed Attempts,Resolved,2025-05-12 03:38:09,Ekaja Zachariah,EMP00000158,2025-05-25,2026-07-25 05:53:13.975124,,Fraud Detection System
ALR00002079,TR00065034,100,Multiple Failed Attempts,Resolved,2026-03-14 18:44:45,Yuvraj Handa,EMP00000060,2026-04-10,2026-07-25 05:53:13.976022,,Fraud Detection System
ALR00002080,TR00234018,70,Multiple Failed Attempts,Resolved,2026-03-24 01:41:47,Diya Rattan,EMP00000016,2026-04-03,2026-07-25 05:53:13.977111,,Fraud Detection System
ALR00002081,TR00145502,37,Location Mismatch,Resolved,2024-10-16 04:43:39,Onveer Walla,EMP00000012,2024-11-05,2026-07-25 05:53:13.978114,,Fraud Detection System
ALR00002082,TR00104917,16,Blacklisted Merchant,Under Investigation,2022-09-14 03:43:47,Kiaan Shetty,EMP00000150,,2026-07-25 05:53:13.979118,,Fraud Detection System
ALR00002083,TR00038041,17,Unusual Spending Pattern,Closed,2015-06-15 08:04:02,Balveer Parmar,EMP00000105,2015-07-12,2026-07-25 05:53:13.980111,,Fraud Detection System
ALR00002084,TR00082749,92,Location Mismatch,Resolved,2025-09-26 03:17:49,Pranav Lanka,EMP00000120,2025-10-25,2026-07-25 05:53:13.981109,,Fraud Detection System
ALR00002085,TR00095481,96,High Transaction Amount,Under Investigation,2016-09-18 23:03:38,Nakul Sarma,EMP00000089,,2026-07-25 05:53:13.982119,,Fraud Detection System
ALR00002086,TR00209443,59,Unusual Spending Pattern,False Positive,2024-11-18 14:23:48,Zayan Behl,EMP00000096,2024-12-15,2026-07-25 05:53:13.983112,,Fraud Detection System
ALR00002087,TR00125374,67,Unusual Spending Pattern,Resolved,2024-10-25 13:26:37,Yagnesh Shan,EMP00000279,2024-10-26,2026-07-25 05:53:13.984119,,Fraud Detection System
ALR00002088,TR00164291,23,High Transaction Amount,False Positive,2014-05-01 01:41:25,Prisha Andra,EMP00000100,2014-05-30,2026-07-25 05:53:13.985117,,Fraud Detection System
ALR00002089,TR00171972,11,Card Not Present,Resolved,2023-07-03 18:54:20,Rudra Sandal,EMP00000245,2023-07-15,2026-07-25 05:53:13.986117,,Fraud Detection System
ALR00002090,TR00064065,67,High Transaction Amount,False Positive,2025-08-13 20:19:45,Riya Pai,EMP00000314,2025-08-14,2026-07-25 05:53:13.987129,,Fraud Detection System
ALR00002091,TR00206748,50,High Transaction Amount,Open,2025-12-12 06:13:31,,,,2026-07-25 05:53:13.988111,,Fraud Detection System
ALR00002092,TR00241993,76,Unusual Spending Pattern,False Positive,2019-08-06 11:21:06,Ekansh Keer,EMP00000077,2019-08-14,2026-07-25 05:53:13.989105,,Fraud Detection System
ALR00002093,TR00161094,20,Unusual Spending Pattern,Resolved,2015-09-06 08:17:02,Aahana Pillay,EMP00000186,2015-09-19,2026-07-25 05:53:13.990115,,Fraud Detection System
ALR00002094,TR00123164,51,Blacklisted Merchant,Under Investigation,2026-07-24 08:11:13,Jeremiah Dave,EMP00000041,,2026-07-25 05:53:13.991115,,Fraud Detection System
ALR00002095,TR00042112,66,Unusual Spending Pattern,Open,2014-04-05 01:40:17,,,,2026-07-25 05:53:13.992057,,Fraud Detection System
ALR00002096,TR00200177,32,Multiple Failed Attempts,Resolved,2021-01-28 16:22:03,Sudiksha Aggarwal,EMP00000031,2021-02-11,2026-07-25 05:53:13.993117,,Fraud Detection System
ALR00002097,TR00042318,2,Location Mismatch,Resolved,2021-02-24 22:24:28,Yagnesh Shan,EMP00000279,2021-03-12,2026-07-25 05:53:13.994110,,Fraud Detection System
ALR00002098,TR00181025,45,Unusual Spending Pattern,Resolved,2021-03-01 06:11:53,Akshay Lalla,EMP00000335,2021-03-18,2026-07-25 05:53:13.995106,,Fraud Detection System
ALR00002099,TR00122626,79,Location Mismatch,Resolved,2019-06-11 12:57:25,Dipta Sarin,EMP00000122,2019-06-11,2026-07-25 05:53:13.996110,,Fraud Detection System
ALR00002100,TR00229644,36,Card Not Present,Resolved,2016-06-15 04:26:08,Frederick Khurana,EMP00000208,2016-06-23,2026-07-25 05:53:13.997127,,Fraud Detection System
ALR00002101,TR00136296,72,High Transaction Amount,Resolved,2022-06-01 17:32:11,Chandresh Sood,EMP00000074,2022-06-07,2026-07-25 05:53:13.998105,,Fraud Detection System
ALR00002102,TR00161131,45,Location Mismatch,Closed,2016-04-07 07:38:55,Chaaya Saran,EMP00000030,2016-05-04,2026-07-25 05:53:13.999104,,Fraud Detection System
ALR00002103,TR00015121,95,High Transaction Amount,Resolved,2015-01-25 07:43:11,Chandresh Sood,EMP00000074,2015-02-13,2026-07-25 05:53:14.000102,,Fraud Detection System
ALR00002104,TR00008689,68,Unusual Spending Pattern,Under Investigation,2025-05-26 00:29:23,Nakul Sarma,EMP00000089,,2026-07-25 05:53:14.000446,,Fraud Detection System
ALR00002105,TR00212515,90,Card Not Present,Closed,2018-11-19 00:15:26,Veer Bir,EMP00000050,2018-11-22,2026-07-25 05:53:14.001569,,Fraud Detection System
ALR00002106,TR00236496,49,High Transaction Amount,Under Investigation,2025-10-13 22:12:00,Lakshit Dora,EMP00000159,,2026-07-25 05:53:14.002584,,Fraud Detection System
ALR00002107,TR00167773,8,Blacklisted Merchant,Resolved,2023-12-22 10:13:47,Aahana Pillay,EMP00000186,2023-12-28,2026-07-25 05:53:14.003586,,Fraud Detection System
ALR00002108,TR00192365,78,Multiple Failed Attempts,Under Investigation,2025-12-25 00:35:39,Prisha Andra,EMP00000100,,2026-07-25 05:53:14.004575,,Fraud Detection System
ALR00002109,TR00103529,28,Location Mismatch,Under Investigation,2024-04-17 14:33:52,Pranav Lanka,EMP00000120,,2026-07-25 05:53:14.005574,,Fraud Detection System
ALR00002110,TR00211541,51,Card Not Present,Open,2023-08-06 17:39:22,,,,2026-07-25 05:53:14.006578,,Fraud Detection System
ALR00002111,TR00057744,91,Card Not Present,Resolved,2020-09-10 16:47:34,Chandresh Sood,EMP00000074,2020-09-11,2026-07-25 05:53:14.007572,,Fraud Detection System
ALR00002112,TR00177620,44,Blacklisted Merchant,Under Investigation,2022-05-30 08:17:55,Anirudh Zacharia,EMP00000180,,2026-07-25 05:53:14.008546,,Fraud Detection System
ALR00002113,TR00002446,60,Card Not Present,Resolved,2023-02-13 10:27:17,Jyoti Solanki,EMP00000213,2023-02-17,2026-07-25 05:53:14.009480,,Fraud Detection System
ALR00002114,TR00127015,32,Blacklisted Merchant,Resolved,2021-03-24 18:17:05,Balveer Bumb,EMP00000079,2021-04-18,2026-07-25 05:53:14.010561,,Fraud Detection System
ALR00002115,TR00093559,32,Card Not Present,False Positive,2021-11-16 21:12:56,Hritik Kaur,EMP00000338,2021-11-26,2026-07-25 05:53:14.011559,,Fraud Detection System
ALR00002116,TR00155420,41,High Transaction Amount,Under Investigation,2015-08-28 08:48:59,Anirudh Zacharia,EMP00000180,,2026-07-25 05:53:14.012564,,Fraud Detection System
ALR00002117,TR00167376,8,Velocity Check Failed,Resolved,2020-09-19 16:53:40,Yuvraj Handa,EMP00000060,2020-10-07,2026-07-25 05:53:14.013564,,Fraud Detection System
ALR00002118,TR00155123,61,Blacklisted Merchant,Resolved,2026-02-08 13:13:03,Vaishnavi Bora,EMP00000143,2026-02-28,2026-07-25 05:53:14.014564,,Fraud Detection System
ALR00002119,TR00121303,60,Location Mismatch,Closed,2025-08-10 16:14:53,Kiaan Shetty,EMP00000150,2025-09-01,2026-07-25 05:53:14.015613,,Fraud Detection System
ALR00002120,TR00122494,30,Location Mismatch,False Positive,2026-03-02 19:24:46,Sudiksha Aggarwal,EMP00000031,2026-03-18,2026-07-25 05:53:14.016715,,Fraud Detection System
ALR00002121,TR00001780,22,Location Mismatch,Under Investigation,2025-09-07 01:43:15,Oni Dubey,EMP00000346,,2026-07-25 05:53:14.017718,,Fraud Detection System
ALR00002122,TR00138697,1,Velocity Check Failed,Under Investigation,2015-02-18 06:43:05,Yuvraj Handa,EMP00000060,,2026-07-25 05:53:14.018715,,Fraud Detection System
ALR00002123,TR00003141,62,Velocity Check Failed,False Positive,2011-07-05 23:47:53,Zaid Dara,EMP00000149,2011-07-12,2026-07-25 05:53:14.019724,,Fraud Detection System
ALR00002124,TR00132991,78,Unusual Spending Pattern,Resolved,2015-10-29 14:35:23,Rudra Sandal,EMP00000245,2015-11-15,2026-07-25 05:53:14.020715,,Fraud Detection System
ALR00002125,TR00068642,52,Location Mismatch,Resolved,2026-07-18 11:20:22,Akshay Lalla,EMP00000335,2026-07-21,2026-07-25 05:53:14.021714,,Fraud Detection System
ALR00002126,TR00244736,94,Blacklisted Merchant,Open,2024-01-17 21:53:28,,,,2026-07-25 05:53:14.022720,,Fraud Detection System
ALR00002127,TR00004350,100,Blacklisted Merchant,Open,2015-05-12 19:51:00,,,,2026-07-25 05:53:14.022720,,Fraud Detection System
ALR00002128,TR00204770,10,Location Mismatch,Resolved,2024-10-07 10:10:05,Zayyan Bumb,EMP00000179,2024-10-22,2026-07-25 05:53:14.023711,,Fraud Detection System
ALR00002129,TR00169166,76,Blacklisted Merchant,False Positive,2023-04-07 21:15:12,Banjeet Balasubramanian,EMP00000182,2023-05-04,2026-07-25 05:53:14.025685,,Fraud Detection System
ALR00002130,TR00203090,65,High Transaction Amount,False Positive,2025-08-23 21:27:47,Nakul Bhandari,EMP00000075,2025-09-20,2026-07-25 05:53:14.026678,,Fraud Detection System
ALR00002131,TR00227790,74,Card Not Present,Closed,2024-12-16 03:52:30,Balveer Bumb,EMP00000079,2024-12-20,2026-07-25 05:53:14.027706,,Fraud Detection System
ALR00002132,TR00026830,0,Unusual Spending Pattern,Under Investigation,2024-11-25 05:54:11,Nimrat Dubey,EMP00000296,,2026-07-25 05:53:14.028713,,Fraud Detection System
ALR00002133,TR00024214,19,High Transaction Amount,Open,2023-05-03 01:10:20,,,,2026-07-25 05:53:14.028713,,Fraud Detection System
ALR00002134,TR00037112,5,Unusual Spending Pattern,Under Investigation,2024-07-13 03:55:40,Zayan Behl,EMP00000096,,2026-07-25 05:53:14.029716,,Fraud Detection System
ALR00002135,TR00047803,64,Location Mismatch,Under Investigation,2016-07-10 19:16:14,Jeremiah Dave,EMP00000041,,2026-07-25 05:53:14.030720,,Fraud Detection System
ALR00002136,TR00132154,30,Blacklisted Merchant,Open,2021-12-30 06:07:28,,,,2026-07-25 05:53:14.031714,,Fraud Detection System
ALR00002137,TR00205233,30,Unusual Spending Pattern,Resolved,2022-10-05 03:59:20,Chandresh Sood,EMP00000074,2022-10-07,2026-07-25 05:53:14.032711,,Fraud Detection System
ALR00002138,TR00066724,64,High Transaction Amount,Resolved,2015-03-04 18:42:15,Diya Rattan,EMP00000016,2015-03-11,2026-07-25 05:53:14.033711,,Fraud Detection System
ALR00002139,TR00099542,74,Velocity Check Failed,Resolved,2025-12-18 18:31:35,Zaid Dara,EMP00000149,2025-12-25,2026-07-25 05:53:14.034709,,Fraud Detection System
ALR00002140,TR00093500,27,Blacklisted Merchant,False Positive,2012-09-19 15:35:14,Ishwar Kamdar,EMP00000185,2012-10-18,2026-07-25 05:53:14.035717,,Fraud Detection System
ALR00002141,TR00101826,37,High Transaction Amount,Resolved,2025-11-05 12:53:32,Onveer Walla,EMP00000012,2025-11-07,2026-07-25 05:53:14.036716,,Fraud Detection System
ALR00002142,TR00141866,15,Location Mismatch,Under Investigation,2024-01-02 08:01:42,Zayyan Bumb,EMP00000179,,2026-07-25 05:53:14.037711,,Fraud Detection System
ALR00002143,TR00247594,89,Blacklisted Merchant,Resolved,2026-04-04 16:38:43,Ojas Ray,EMP00000066,2026-04-07,2026-07-25 05:53:14.038703,,Fraud Detection System
ALR00002144,TR00056338,14,Multiple Failed Attempts,False Positive,2024-12-09 02:30:12,Anirudh Zacharia,EMP00000180,2024-12-22,2026-07-25 05:53:14.039714,,Fraud Detection System
ALR00002145,TR00171732,27,High Transaction Amount,Resolved,2025-08-29 23:24:18,Ekaja Zachariah,EMP00000158,2025-09-19,2026-07-25 05:53:14.040708,,Fraud Detection System
ALR00002146,TR00212756,9,Location Mismatch,Under Investigation,2023-11-22 21:47:43,Oni Dubey,EMP00000346,,2026-07-25 05:53:14.041713,,Fraud Detection System
ALR00002147,TR00164102,71,Location Mismatch,Under Investigation,2023-09-07 18:35:52,Adweta Edwin,EMP00000099,,2026-07-25 05:53:14.042634,,Fraud Detection System
ALR00002148,TR00215412,25,Unusual Spending Pattern,Closed,2024-07-27 02:06:11,Divya Kala,EMP00000018,2024-08-16,2026-07-25 05:53:14.043706,,Fraud Detection System
ALR00002149,TR00191079,42,Location Mismatch,Resolved,2024-05-15 06:56:55,Chaaya Saran,EMP00000030,2024-06-07,2026-07-25 05:53:14.044709,,Fraud Detection System
ALR00002150,TR00023478,52,Card Not Present,Resolved,2023-10-10 11:09:53,Nakul Bhandari,EMP00000075,2023-11-08,2026-07-25 05:53:14.045705,,Fraud Detection System
ALR00002151,TR00095288,36,Blacklisted Merchant,False Positive,2024-01-08 10:08:43,Oni Dubey,EMP00000346,2024-01-29,2026-07-25 05:53:14.046627,,Fraud Detection System
ALR00002152,TR00138954,25,Velocity Check Failed,Resolved,2018-10-02 02:57:38,Lajita Seshadri,EMP00000235,2018-10-22,2026-07-25 05:53:14.047669,,Fraud Detection System
ALR00002153,TR00014450,63,Unusual Spending Pattern,False Positive,2023-06-01 12:43:07,Aditya Shanker,EMP00000084,2023-06-14,2026-07-25 05:53:14.048625,,Fraud Detection System
ALR00002154,TR00002531,84,Blacklisted Merchant,Open,2022-02-15 18:30:21,,,,2026-07-25 05:53:14.049740,,Fraud Detection System
ALR00002155,TR00042870,67,Blacklisted Merchant,Resolved,2026-07-25 06:32:17,Adweta Edwin,EMP00000099,2026-07-25,2026-07-25 05:53:14.050714,,Fraud Detection System
ALR00002156,TR00125486,83,Blacklisted Merchant,Closed,2025-12-03 06:57:34,Onveer Walla,EMP00000012,2025-12-27,2026-07-25 05:53:14.051729,,Fraud Detection System
ALR00002157,TR00108930,44,High Transaction Amount,False Positive,2025-10-28 12:29:07,Nicholas Goel,EMP00000108,2025-11-02,2026-07-25 05:53:14.052738,,Fraud Detection System
ALR00002158,TR00197551,48,Multiple Failed Attempts,Under Investigation,2014-11-18 16:39:47,Divya Kala,EMP00000018,,2026-07-25 05:53:14.054718,,Fraud Detection System
ALR00002159,TR00142090,54,Velocity Check Failed,Resolved,2025-12-17 13:38:21,Prisha Andra,EMP00000100,2026-01-02,2026-07-25 05:53:14.055703,,Fraud Detection System
ALR00002160,TR00215363,31,Velocity Check Failed,Open,2013-05-07 10:20:20,,,,2026-07-25 05:53:14.055703,,Fraud Detection System
ALR00002161,TR00023980,51,Location Mismatch,Resolved,2023-10-18 05:38:55,Balveer Bumb,EMP00000079,2023-11-07,2026-07-25 05:53:14.056732,,Fraud Detection System
ALR00002162,TR00132623,1,Blacklisted Merchant,Resolved,2020-11-27 20:26:28,Frederick Khurana,EMP00000208,2020-12-02,2026-07-25 05:53:14.058624,,Fraud Detection System
ALR00002163,TR00010877,1,Velocity Check Failed,Under Investigation,2024-11-21 06:36:51,Devansh Rajan,EMP00000026,,2026-07-25 05:53:14.059730,,Fraud Detection System
ALR00002164,TR00052742,7,Location Mismatch,Under Investigation,2026-04-08 19:55:01,Balveer Parmar,EMP00000105,,2026-07-25 05:53:14.060707,,Fraud Detection System
ALR00002165,TR00218001,47,Multiple Failed Attempts,Resolved,2025-12-04 00:39:10,Vaishnavi Bora,EMP00000143,2025-12-17,2026-07-25 05:53:14.061717,,Fraud Detection System
ALR00002166,TR00222835,9,Unusual Spending Pattern,Open,2024-08-10 10:33:59,,,,2026-07-25 05:53:14.062634,,Fraud Detection System
ALR00002167,TR00119422,29,Unusual Spending Pattern,Resolved,2023-07-03 20:11:12,Dipta Sarin,EMP00000122,2023-07-31,2026-07-25 05:53:14.063712,,Fraud Detection System
ALR00002168,TR00011846,96,Unusual Spending Pattern,Resolved,2015-10-27 00:42:38,Banjeet Balasubramanian,EMP00000182,2015-11-19,2026-07-25 05:53:14.064631,,Fraud Detection System
ALR00002169,TR00018968,42,Location Mismatch,False Positive,2026-05-03 05:19:09,Zaid Dara,EMP00000149,2026-05-28,2026-07-25 05:53:14.065632,,Fraud Detection System
ALR00002170,TR00231840,63,Unusual Spending Pattern,Resolved,2017-02-01 14:50:26,Aditya Shanker,EMP00000084,2017-02-15,2026-07-25 05:53:14.066646,,Fraud Detection System
ALR00002171,TR00225336,5,Location Mismatch,False Positive,2025-10-06 18:34:33,Frederick Khurana,EMP00000208,2025-10-08,2026-07-25 05:53:14.068625,,Fraud Detection System
ALR00002172,TR00141482,25,High Transaction Amount,Closed,2021-07-28 08:36:39,Kashvi Sarma,EMP00000045,2021-08-07,2026-07-25 05:53:14.069628,,Fraud Detection System
ALR00002173,TR00008423,5,Card Not Present,Under Investigation,2022-04-13 16:31:30,Jeremiah Dave,EMP00000041,,2026-07-25 05:53:14.070625,,Fraud Detection System
ALR00002174,TR00232568,88,Location Mismatch,Closed,2020-08-14 17:30:43,Akshay Lalla,EMP00000335,2020-09-02,2026-07-25 05:53:14.071628,,Fraud Detection System
ALR00002175,TR00078978,67,Card Not Present,Closed,2025-09-12 22:15:02,Lakshit Dora,EMP00000159,2025-10-11,2026-07-25 05:53:14.072633,,Fraud Detection System
ALR00002176,TR00240606,36,Velocity Check Failed,Under Investigation,2016-11-16 08:57:59,Mohini Pathak,EMP00000022,,2026-07-25 05:53:14.073628,,Fraud Detection System
ALR00002177,TR00147473,63,Unusual Spending Pattern,Under Investigation,2025-10-23 23:26:24,Vaishnavi Bora,EMP00000143,,2026-07-25 05:53:14.074625,,Fraud Detection System
ALR00002178,TR00189259,41,Blacklisted Merchant,False Positive,2015-01-04 13:10:09,Rudra Sandal,EMP00000245,2015-01-06,2026-07-25 05:53:14.075635,,Fraud Detection System
ALR00002179,TR00178984,48,High Transaction Amount,Resolved,2026-07-04 02:43:17,Meghana Maharaj,EMP00000320,2026-07-04,2026-07-25 05:53:14.076627,,Fraud Detection System
ALR00002180,TR00099874,91,Multiple Failed Attempts,Resolved,2018-11-03 00:00:59,Ronith Patla,EMP00000126,2018-11-12,2026-07-25 05:53:14.078624,,Fraud Detection System
ALR00002181,TR00019583,60,Location Mismatch,Under Investigation,2025-01-20 04:29:31,Hritik Kaur,EMP00000338,,2026-07-25 05:53:14.079627,,Fraud Detection System
ALR00002182,TR00040746,20,Multiple Failed Attempts,Open,2021-07-08 20:00:55,,,,2026-07-25 05:53:14.080637,,Fraud Detection System
ALR00002183,TR00059952,59,Card Not Present,Open,2022-06-09 23:54:31,,,,2026-07-25 05:53:14.080637,,Fraud Detection System
ALR00002184,TR00209775,50,Blacklisted Merchant,Resolved,2024-06-06 08:26:04,Jagdish Koshy,EMP00000078,2024-06-20,2026-07-25 05:53:14.082624,,Fraud Detection System
ALR00002185,TR00097746,50,Location Mismatch,Resolved,2018-12-30 08:06:16,Balveer Bumb,EMP00000079,2019-01-09,2026-07-25 05:53:14.084689,,Fraud Detection System
ALR00002186,TR00224661,54,Card Not Present,Under Investigation,2016-04-28 07:12:10,Mohini Pathak,EMP00000022,,2026-07-25 05:53:14.086642,,Fraud Detection System
ALR00002187,TR00083165,45,Unusual Spending Pattern,Resolved,2024-08-04 10:17:33,Chandresh Sood,EMP00000074,2024-08-10,2026-07-25 05:53:14.088625,,Fraud Detection System
ALR00002188,TR00190134,36,High Transaction Amount,Resolved,2011-10-29 16:20:42,Dipta Sarin,EMP00000122,2011-11-10,2026-07-25 05:53:14.089719,,Fraud Detection System
ALR00002189,TR00034833,72,Multiple Failed Attempts,Resolved,2025-05-08 22:37:47,Zayyan Bumb,EMP00000179,2025-05-22,2026-07-25 05:53:14.090725,,Fraud Detection System
ALR00002190,TR00247141,18,Card Not Present,Resolved,2020-05-15 16:01:29,Lakshit Upadhyay,EMP00000023,2020-05-30,2026-07-25 05:53:14.092687,,Fraud Detection System
ALR00002191,TR00181997,44,Blacklisted Merchant,Under Investigation,2024-02-23 17:12:59,Nimrat Dubey,EMP00000296,,2026-07-25 05:53:14.093672,,Fraud Detection System
ALR00002192,TR00125755,27,Velocity Check Failed,Resolved,2022-07-11 05:13:03,Oni Dubey,EMP00000346,2022-07-16,2026-07-25 05:53:14.094671,,Fraud Detection System
ALR00002193,TR00243881,79,Blacklisted Merchant,Closed,2021-08-08 16:05:46,Adweta Edwin,EMP00000099,2021-08-08,2026-07-25 05:53:14.095629,,Fraud Detection System
ALR00002194,TR00013850,34,Multiple Failed Attempts,Resolved,2011-07-21 20:25:44,Dipta Sarin,EMP00000122,2011-08-14,2026-07-25 05:53:14.096667,,Fraud Detection System
ALR00002195,TR00109724,25,Multiple Failed Attempts,Resolved,2023-01-27 21:40:39,Nimrat Dubey,EMP00000296,2023-02-16,2026-07-25 05:53:14.097725,,Fraud Detection System
ALR00002196,TR00210679,45,Card Not Present,Under Investigation,2015-07-20 08:42:26,Diya Rattan,EMP00000016,,2026-07-25 05:53:14.098737,,Fraud Detection System
ALR00002197,TR00085202,82,Blacklisted Merchant,Under Investigation,2026-04-22 23:46:09,Zaid Dara,EMP00000149,,2026-07-25 05:53:14.099712,,Fraud Detection System
ALR00002198,TR00193475,38,Location Mismatch,Resolved,2020-11-05 12:40:34,Lakshit Dora,EMP00000159,2020-11-13,2026-07-25 05:53:14.101133,,Fraud Detection System
ALR00002199,TR00238891,61,Unusual Spending Pattern,Under Investigation,2023-08-01 08:16:19,Prisha Andra,EMP00000100,,2026-07-25 05:53:14.102173,,Fraud Detection System
ALR00002200,TR00099484,56,Blacklisted Merchant,Closed,2026-03-19 14:54:28,Ishwar Kamdar,EMP00000185,2026-03-25,2026-07-25 05:53:14.103228,,Fraud Detection System
ALR00002201,TR00194680,85,Card Not Present,Resolved,2023-04-20 19:09:12,Benjamin Morar,EMP00000104,2023-05-08,2026-07-25 05:53:14.105201,,Fraud Detection System
ALR00002202,TR00007463,75,Card Not Present,Resolved,2024-07-16 14:21:52,Alka Dewan,EMP00000020,2024-08-10,2026-07-25 05:53:14.106157,,Fraud Detection System
ALR00002203,TR00068307,21,Card Not Present,Under Investigation,2026-01-13 22:26:17,Yuvraj Handa,EMP00000060,,2026-07-25 05:53:14.107255,,Fraud Detection System
ALR00002204,TR00248150,43,Velocity Check Failed,Resolved,2023-07-12 19:02:36,Divya Kala,EMP00000018,2023-07-23,2026-07-25 05:53:14.108266,,Fraud Detection System
ALR00002205,TR00123169,83,Multiple Failed Attempts,Resolved,2023-12-28 17:42:10,Sudiksha Aggarwal,EMP00000031,2024-01-21,2026-07-25 05:53:14.109160,,Fraud Detection System
ALR00002206,TR00089108,39,Blacklisted Merchant,Resolved,2025-08-03 17:18:51,Banjeet Balasubramanian,EMP00000182,2025-08-30,2026-07-25 05:53:14.110162,,Fraud Detection System
ALR00002207,TR00235485,63,Velocity Check Failed,Resolved,2026-06-11 12:03:34,Veer Bir,EMP00000050,2026-06-28,2026-07-25 05:53:14.111165,,Fraud Detection System
ALR00002208,TR00108411,45,Blacklisted Merchant,Closed,2023-12-25 15:25:17,Aadhya Andra,EMP00000312,2023-12-28,2026-07-25 05:53:14.113183,,Fraud Detection System
ALR00002209,TR00170625,23,High Transaction Amount,Resolved,2016-08-28 10:06:47,Zayan Behl,EMP00000096,2016-09-16,2026-07-25 05:53:14.114250,,Fraud Detection System
ALR00002210,TR00165980,82,Blacklisted Merchant,Resolved,2025-12-19 11:17:03,Aahana Pillay,EMP00000186,2025-12-21,2026-07-25 05:53:14.115245,,Fraud Detection System
ALR00002211,TR00021588,75,Velocity Check Failed,Resolved,2018-04-25 23:41:05,Rudra Sandal,EMP00000245,2018-05-16,2026-07-25 05:53:14.116249,,Fraud Detection System
ALR00002212,TR00155644,30,Unusual Spending Pattern,Resolved,2023-03-16 14:22:05,Indira Misra,EMP00000166,2023-03-16,2026-07-25 05:53:14.117261,,Fraud Detection System
ALR00002213,TR00200993,4,High Transaction Amount,Closed,2025-08-03 02:45:09,Ishwar Kamdar,EMP00000185,2025-08-25,2026-07-25 05:53:14.118256,,Fraud Detection System
ALR00002214,TR00179097,61,Blacklisted Merchant,Under Investigation,2011-12-20 04:35:01,Veer Bir,EMP00000050,,2026-07-25 05:53:14.119195,,Fraud Detection System
ALR00002215,TR00020703,84,Blacklisted Merchant,Resolved,2025-09-10 04:06:00,Nakul Bhandari,EMP00000075,2025-09-13,2026-07-25 05:53:14.120155,,Fraud Detection System
ALR00002216,TR00038484,50,Card Not Present,Resolved,2026-07-15 16:58:05,Ekansh Keer,EMP00000077,2026-07-18,2026-07-25 05:53:14.121153,,Fraud Detection System
ALR00002217,TR00178780,4,High Transaction Amount,Closed,2018-02-08 02:36:12,Ekaja Zachariah,EMP00000158,2018-03-07,2026-07-25 05:53:14.122154,,Fraud Detection System
ALR00002218,TR00159267,67,Blacklisted Merchant,Resolved,2023-12-04 16:21:12,Jagdish Koshy,EMP00000078,2023-12-24,2026-07-25 05:53:14.124242,,Fraud Detection System
ALR00002219,TR00185945,26,Location Mismatch,Closed,2022-04-30 11:33:00,Pranav Lanka,EMP00000120,2022-05-27,2026-07-25 05:53:14.125179,,Fraud Detection System
ALR00002220,TR00079495,38,Unusual Spending Pattern,False Positive,2024-10-18 21:09:12,Nicholas Goel,EMP00000108,2024-11-06,2026-07-25 05:53:14.127155,,Fraud Detection System
ALR00002221,TR00026724,30,Card Not Present,Closed,2023-12-15 10:58:16,Nilima Nath,EMP00000260,2024-01-04,2026-07-25 05:53:14.128155,,Fraud Detection System
ALR00002222,TR00001404,96,Card Not Present,Resolved,2014-01-23 10:15:01,Balveer Bumb,EMP00000079,2014-02-06,2026-07-25 05:53:14.130154,,Fraud Detection System
ALR00002223,TR00077343,32,Unusual Spending Pattern,Resolved,2023-04-05 02:10:22,Akshay Lalla,EMP00000335,2023-04-10,2026-07-25 05:53:14.131153,,Fraud Detection System
ALR00002224,TR00090041,73,Multiple Failed Attempts,Resolved,2016-05-17 23:54:46,Chaaya Saran,EMP00000030,2016-06-05,2026-07-25 05:53:14.132155,,Fraud Detection System
ALR00002225,TR00067393,94,Card Not Present,False Positive,2025-12-29 05:19:14,Oni Dubey,EMP00000346,2025-12-30,2026-07-25 05:53:14.133155,,Fraud Detection System
ALR00002226,TR00032994,21,Multiple Failed Attempts,Open,2022-04-01 19:30:58,,,,2026-07-25 05:53:14.134153,,Fraud Detection System
ALR00002227,TR00046704,48,High Transaction Amount,Closed,2023-04-22 02:40:33,Lakshit Dora,EMP00000159,2023-05-07,2026-07-25 05:53:14.135153,,Fraud Detection System
ALR00002228,TR00112802,31,Card Not Present,Under Investigation,2026-03-20 20:36:45,Diya Rattan,EMP00000016,,2026-07-25 05:53:14.136167,,Fraud Detection System
ALR00002229,TR00139491,28,Location Mismatch,Under Investigation,2026-02-12 00:12:29,Prisha Andra,EMP00000100,,2026-07-25 05:53:14.137155,,Fraud Detection System
ALR00002230,TR00102264,17,Blacklisted Merchant,False Positive,2017-01-29 02:36:07,Nakul Sarma,EMP00000089,2017-02-06,2026-07-25 05:53:14.138162,,Fraud Detection System
ALR00002231,TR00006587,18,High Transaction Amount,Open,2025-11-12 09:21:43,,,,2026-07-25 05:53:14.139154,,Fraud Detection System
ALR00002232,TR00088566,62,Location Mismatch,Under Investigation,2025-11-04 08:38:10,Chandresh Sood,EMP00000074,,2026-07-25 05:53:14.140154,,Fraud Detection System
ALR00002233,TR00023381,19,Velocity Check Failed,Under Investigation,2026-07-18 01:31:36,Ronith Patla,EMP00000126,,2026-07-25 05:53:14.141153,,Fraud Detection System
ALR00002234,TR00150275,8,Multiple Failed Attempts,Resolved,2022-09-27 22:15:16,Benjamin Morar,EMP00000104,2022-10-19,2026-07-25 05:53:14.143154,,Fraud Detection System
ALR00002235,TR00081467,14,High Transaction Amount,Resolved,2023-04-06 02:14:03,Aadhya Andra,EMP00000312,2023-04-23,2026-07-25 05:53:14.144154,,Fraud Detection System
ALR00002236,TR00096779,37,High Transaction Amount,False Positive,2025-07-26 01:24:31,Benjamin Morar,EMP00000104,2025-07-30,2026-07-25 05:53:14.145153,,Fraud Detection System
ALR00002237,TR00073166,67,Blacklisted Merchant,Under Investigation,2019-03-15 11:48:22,Onveer Walla,EMP00000012,,2026-07-25 05:53:14.146155,,Fraud Detection System
ALR00002238,TR00097377,81,Unusual Spending Pattern,Resolved,2019-06-08 02:43:15,Riya Pai,EMP00000314,2019-06-29,2026-07-25 05:53:14.147153,,Fraud Detection System
ALR00002239,TR00021322,56,Location Mismatch,Under Investigation,2019-09-16 04:47:27,Prisha Andra,EMP00000100,,2026-07-25 05:53:14.148153,,Fraud Detection System
ALR00002240,TR00225832,45,Card Not Present,Resolved,2023-06-05 21:36:33,Zayan Behl,EMP00000096,2023-06-10,2026-07-25 05:53:14.149153,,Fraud Detection System
ALR00002241,TR00226753,52,High Transaction Amount,Resolved,2026-03-10 22:14:47,Balveer Bumb,EMP00000079,2026-03-21,2026-07-25 05:53:14.151156,,Fraud Detection System
ALR00002242,TR00244903,19,Multiple Failed Attempts,Resolved,2026-04-27 21:53:29,Nilima Nath,EMP00000260,2026-05-18,2026-07-25 05:53:14.152153,,Fraud Detection System
ALR00002243,TR00143605,63,Card Not Present,Under Investigation,2025-01-16 01:06:29,Prisha Andra,EMP00000100,,2026-07-25 05:53:14.153152,,Fraud Detection System
ALR00002244,TR00042399,29,Blacklisted Merchant,Open,2026-05-05 23:35:26,,,,2026-07-25 05:53:14.153152,,Fraud Detection System
ALR00002245,TR00095641,33,Multiple Failed Attempts,Closed,2024-08-24 11:30:22,Riya Pai,EMP00000314,2024-09-21,2026-07-25 05:53:14.154160,,Fraud Detection System
ALR00002246,TR00034545,52,Unusual Spending Pattern,Resolved,2025-07-08 18:21:01,Ekaja Zachariah,EMP00000158,2025-07-27,2026-07-25 05:53:14.155153,,Fraud Detection System
ALR00002247,TR00075598,48,Blacklisted Merchant,Open,2026-01-17 00:38:38,,,,2026-07-25 05:53:14.156153,,Fraud Detection System
ALR00002248,TR00123831,67,High Transaction Amount,Closed,2026-04-20 02:19:06,Chaaya Saran,EMP00000030,2026-05-15,2026-07-25 05:53:14.157155,,Fraud Detection System
ALR00002249,TR00016322,56,Multiple Failed Attempts,Closed,2023-11-10 10:41:06,Veer Bir,EMP00000050,2023-11-13,2026-07-25 05:53:14.159155,,Fraud Detection System
ALR00002250,TR00109135,62,Unusual Spending Pattern,Under Investigation,2023-08-23 16:59:01,Aadhya Andra,EMP00000312,,2026-07-25 05:53:14.160154,,Fraud Detection System
ALR00002251,TR00105765,54,Multiple Failed Attempts,False Positive,2022-12-25 19:21:13,Jeremiah Dave,EMP00000041,2023-01-13,2026-07-25 05:53:14.161153,,Fraud Detection System
ALR00002252,TR00121518,17,High Transaction Amount,Open,2022-06-25 08:34:34,,,,2026-07-25 05:53:14.161153,,Fraud Detection System
ALR00002253,TR00019579,72,Multiple Failed Attempts,Resolved,2026-07-24 16:51:01,Nakul Bhandari,EMP00000075,2026-07-24,2026-07-25 05:53:14.163153,,Fraud Detection System
ALR00002254,TR00062844,15,Blacklisted Merchant,Resolved,2023-04-22 00:47:34,Nilima Nath,EMP00000260,2023-05-08,2026-07-25 05:53:14.164153,,Fraud Detection System
ALR00002255,TR00061516,57,Card Not Present,False Positive,2016-08-09 13:38:54,Ishwar Kamdar,EMP00000185,2016-08-19,2026-07-25 05:53:14.165152,,Fraud Detection System
ALR00002256,TR00157102,46,Velocity Check Failed,Open,2015-02-10 05:17:22,,,,2026-07-25 05:53:14.165152,,Fraud Detection System
ALR00002257,TR00149238,43,Blacklisted Merchant,Open,2025-10-29 15:42:10,,,,2026-07-25 05:53:14.166154,,Fraud Detection System
ALR00002258,TR00048753,58,High Transaction Amount,Resolved,2023-08-02 00:46:49,Balveer Bumb,EMP00000079,2023-08-18,2026-07-25 05:53:14.167153,,Fraud Detection System
ALR00002259,TR00026823,93,Velocity Check Failed,Resolved,2022-10-31 02:43:12,Sudiksha Aggarwal,EMP00000031,2022-11-08,2026-07-25 05:53:14.168153,,Fraud Detection System
ALR00002260,TR00076367,60,Blacklisted Merchant,False Positive,2025-12-03 19:12:09,Jack Rajan,EMP00000123,2025-12-06,2026-07-25 05:53:14.169153,,Fraud Detection System
ALR00002261,TR00237448,26,Blacklisted Merchant,False Positive,2022-01-02 16:07:30,Veer Bir,EMP00000050,2022-01-26,2026-07-25 05:53:14.170155,,Fraud Detection System
ALR00002262,TR00083293,32,Velocity Check Failed,Under Investigation,2012-03-21 11:22:01,Pranav Lanka,EMP00000120,,2026-07-25 05:53:14.171155,,Fraud Detection System
ALR00002263,TR00155998,34,Multiple Failed Attempts,Resolved,2025-08-17 19:56:33,Meghana Maharaj,EMP00000320,2025-08-22,2026-07-25 05:53:14.172153,,Fraud Detection System
ALR00002264,TR00202538,49,Unusual Spending Pattern,Under Investigation,2019-08-16 15:22:21,Adweta Edwin,EMP00000099,,2026-07-25 05:53:14.173152,,Fraud Detection System
ALR00002265,TR00082680,85,High Transaction Amount,Resolved,2024-11-15 11:44:02,Frederick Khurana,EMP00000208,2024-12-10,2026-07-25 05:53:14.174154,,Fraud Detection System
ALR00002266,TR00083956,45,Multiple Failed Attempts,Under Investigation,2024-04-12 10:32:27,Oni Dubey,EMP00000346,,2026-07-25 05:53:14.176153,,Fraud Detection System
ALR00002267,TR00205286,43,Card Not Present,Open,2013-10-03 17:30:24,,,,2026-07-25 05:53:14.176153,,Fraud Detection System
ALR00002268,TR00215692,66,Multiple Failed Attempts,Resolved,2025-07-26 03:41:49,Aahana Pillay,EMP00000186,2025-08-19,2026-07-25 05:53:14.177153,,Fraud Detection System
ALR00002269,TR00243833,76,Location Mismatch,Under Investigation,2025-12-19 03:19:35,Alka Dewan,EMP00000020,,2026-07-25 05:53:14.178153,,Fraud Detection System
ALR00002270,TR00033835,85,High Transaction Amount,Resolved,2023-07-09 00:17:34,Vaishnavi Bora,EMP00000143,2023-07-18,2026-07-25 05:53:14.179155,,Fraud Detection System
ALR00002271,TR00080551,58,Unusual Spending Pattern,Resolved,2025-04-23 18:54:51,Rudra Sandal,EMP00000245,2025-05-09,2026-07-25 05:53:14.180155,,Fraud Detection System
ALR00002272,TR00237057,25,Card Not Present,Under Investigation,2025-03-01 20:12:38,Ojas Ray,EMP00000066,,2026-07-25 05:53:14.181153,,Fraud Detection System
ALR00002273,TR00050074,45,Location Mismatch,Under Investigation,2023-08-29 07:11:46,Vaishnavi Bora,EMP00000143,,2026-07-25 05:53:14.182153,,Fraud Detection System
ALR00002274,TR00078900,65,Velocity Check Failed,Closed,2017-06-20 13:40:05,Indira Misra,EMP00000166,2017-07-07,2026-07-25 05:53:14.183153,,Fraud Detection System
ALR00002275,TR00241394,16,Velocity Check Failed,False Positive,2017-04-26 19:58:30,Jeremiah Dave,EMP00000041,2017-05-03,2026-07-25 05:53:14.185153,,Fraud Detection System
ALR00002276,TR00242535,9,Location Mismatch,Closed,2016-10-18 12:29:02,Chaaya Saran,EMP00000030,2016-10-29,2026-07-25 05:53:14.186152,,Fraud Detection System
ALR00002277,TR00073065,80,Velocity Check Failed,Under Investigation,2024-09-19 09:40:34,Akshay Lalla,EMP00000335,,2026-07-25 05:53:14.187153,,Fraud Detection System
ALR00002278,TR00174643,26,High Transaction Amount,Under Investigation,2024-09-01 14:23:59,Lajita Seshadri,EMP00000235,,2026-07-25 05:53:14.188152,,Fraud Detection System
ALR00002279,TR00123312,26,Location Mismatch,False Positive,2026-02-19 08:24:23,Kashvi Sarma,EMP00000045,2026-02-23,2026-07-25 05:53:14.189152,,Fraud Detection System
ALR00002280,TR00144622,94,Location Mismatch,Resolved,2023-04-03 17:31:56,Meghana Maharaj,EMP00000320,2023-04-10,2026-07-25 05:53:14.190153,,Fraud Detection System
ALR00002281,TR00060456,16,Location Mismatch,Open,2010-05-04 18:52:27,,,,2026-07-25 05:53:14.191158,,Fraud Detection System
ALR00002282,TR00094441,24,Location Mismatch,False Positive,2026-06-21 06:06:50,Kashvi Sarma,EMP00000045,2026-07-03,2026-07-25 05:53:14.192153,,Fraud Detection System
ALR00002283,TR00205543,13,Blacklisted Merchant,Resolved,2023-06-28 00:45:33,Anirudh Zacharia,EMP00000180,2023-07-07,2026-07-25 05:53:14.193154,,Fraud Detection System
ALR00002284,TR00098608,4,Multiple Failed Attempts,Resolved,2016-06-21 02:24:34,Riya Pai,EMP00000314,2016-06-29,2026-07-25 05:53:14.194153,,Fraud Detection System
ALR00002285,TR00028641,63,Blacklisted Merchant,Under Investigation,2025-07-01 20:07:02,Balendra Pingle,EMP00000102,,2026-07-25 05:53:14.195155,,Fraud Detection System
ALR00002286,TR00141582,82,Unusual Spending Pattern,Resolved,2024-01-07 16:56:17,Dipta Sarin,EMP00000122,2024-02-05,2026-07-25 05:53:14.196152,,Fraud Detection System
ALR00002287,TR00148792,48,Blacklisted Merchant,Closed,2024-12-15 18:46:04,Nimrat Dubey,EMP00000296,2024-12-22,2026-07-25 05:53:14.197153,,Fraud Detection System
ALR00002288,TR00137176,21,Location Mismatch,Resolved,2026-05-15 08:57:33,Lakshit Upadhyay,EMP00000023,2026-05-18,2026-07-25 05:53:14.198154,,Fraud Detection System
ALR00002289,TR00171122,73,Velocity Check Failed,Resolved,2020-07-18 23:41:35,Sudiksha Aggarwal,EMP00000031,2020-07-26,2026-07-25 05:53:14.199154,,Fraud Detection System
ALR00002290,TR00138301,26,Card Not Present,Open,2026-06-28 18:30:46,,,,2026-07-25 05:53:14.200551,,Fraud Detection System
ALR00002291,TR00238411,58,Multiple Failed Attempts,Under Investigation,2021-06-06 00:08:16,Pranav Lanka,EMP00000120,,2026-07-25 05:53:14.201661,,Fraud Detection System
ALR00002292,TR00115932,36,Blacklisted Merchant,Resolved,2025-07-20 15:49:42,Balendra Pingle,EMP00000102,2025-08-12,2026-07-25 05:53:14.202672,,Fraud Detection System
ALR00002293,TR00177945,66,Location Mismatch,False Positive,2019-03-18 12:11:43,Anirudh Zacharia,EMP00000180,2019-04-09,2026-07-25 05:53:14.204680,,Fraud Detection System
ALR00002294,TR00110031,72,Card Not Present,Resolved,2022-01-08 23:07:04,Divya Kala,EMP00000018,2022-02-04,2026-07-25 05:53:14.205582,,Fraud Detection System
ALR00002295,TR00073035,67,Location Mismatch,False Positive,2025-06-30 17:26:12,Oni Dubey,EMP00000346,2025-07-28,2026-07-25 05:53:14.206677,,Fraud Detection System
ALR00002296,TR00174095,46,Multiple Failed Attempts,Closed,2024-12-30 12:30:14,Ekansh Keer,EMP00000077,2025-01-20,2026-07-25 05:53:14.207668,,Fraud Detection System
ALR00002297,TR00206085,50,Multiple Failed Attempts,Under Investigation,2024-08-24 18:53:03,Jagdish Koshy,EMP00000078,,2026-07-25 05:53:14.208678,,Fraud Detection System
ALR00002298,TR00200328,38,Unusual Spending Pattern,Resolved,2014-11-13 06:46:52,Ekaja Zachariah,EMP00000158,2014-12-10,2026-07-25 05:53:14.209630,,Fraud Detection System
ALR00002299,TR00102549,26,Velocity Check Failed,Closed,2024-02-07 16:12:11,Balveer Parmar,EMP00000105,2024-02-22,2026-07-25 05:53:14.211620,,Fraud Detection System
ALR00002300,TR00125374,96,Blacklisted Merchant,Resolved,2024-10-25 14:46:37,Chandresh Sood,EMP00000074,2024-11-09,2026-07-25 05:53:14.212684,,Fraud Detection System
ALR00002301,TR00159119,36,Velocity Check Failed,Open,2019-08-02 07:02:03,,,,2026-07-25 05:53:14.212684,,Fraud Detection System
ALR00002302,TR00060312,80,Card Not Present,Closed,2017-05-06 00:12:09,Veer Bir,EMP00000050,2017-05-13,2026-07-25 05:53:14.213634,,Fraud Detection System
ALR00002303,TR00165417,60,High Transaction Amount,Resolved,2022-10-11 18:22:38,Yuvraj Handa,EMP00000060,2022-11-01,2026-07-25 05:53:14.214707,,Fraud Detection System
ALR00002304,TR00179633,35,Card Not Present,Resolved,2026-05-13 21:15:39,Zayyan Bumb,EMP00000179,2026-05-16,2026-07-25 05:53:14.216671,,Fraud Detection System
ALR00002305,TR00198698,97,Card Not Present,Open,2026-07-03 03:25:54,,,,2026-07-25 05:53:14.216671,,Fraud Detection System
ALR00002306,TR00018862,60,Multiple Failed Attempts,Open,2025-11-30 02:13:55,,,,2026-07-25 05:53:14.217690,,Fraud Detection System
ALR00002307,TR00247694,66,Location Mismatch,False Positive,2019-05-30 17:33:11,Balendra Pingle,EMP00000102,2019-06-21,2026-07-25 05:53:14.218672,,Fraud Detection System
ALR00002308,TR00120334,93,Multiple Failed Attempts,Resolved,2024-12-01 00:24:09,Onveer Walla,EMP00000012,2024-12-22,2026-07-25 05:53:14.219677,,Fraud Detection System
ALR00002309,TR00100525,36,Location Mismatch,Resolved,2026-07-01 19:15:33,Dipta Sarin,EMP00000122,2026-07-16,2026-07-25 05:53:14.220708,,Fraud Detection System
ALR00002310,TR00127319,66,Velocity Check Failed,Resolved,2025-02-18 08:47:56,Nicholas Goel,EMP00000108,2025-03-04,2026-07-25 05:53:14.222697,,Fraud Detection System
ALR00002311,TR00230588,40,Blacklisted Merchant,False Positive,2022-04-22 00:33:29,Devansh Rajan,EMP00000026,2022-05-05,2026-07-25 05:53:14.223670,,Fraud Detection System
ALR00002312,TR00173804,20,Velocity Check Failed,False Positive,2019-03-13 18:01:03,Lakshit Dora,EMP00000159,2019-04-10,2026-07-25 05:53:14.224670,,Fraud Detection System
ALR00002313,TR00136652,20,Blacklisted Merchant,Under Investigation,2023-03-23 14:10:13,Jeremiah Dave,EMP00000041,,2026-07-25 05:53:14.225575,,Fraud Detection System
ALR00002314,TR00199157,36,Location Mismatch,Resolved,2023-10-31 13:19:44,Kiaan Shetty,EMP00000150,2023-11-02,2026-07-25 05:53:14.226677,,Fraud Detection System
ALR00002315,TR00089972,74,Multiple Failed Attempts,False Positive,2021-04-01 16:43:48,Veer Bir,EMP00000050,2021-04-18,2026-07-25 05:53:14.227633,,Fraud Detection System
ALR00002316,TR00224423,6,High Transaction Amount,False Positive,2023-03-09 00:16:29,Gaurang Murty,EMP00000264,2023-04-02,2026-07-25 05:53:14.228684,,Fraud Detection System
ALR00002317,TR00135000,8,Blacklisted Merchant,Resolved,2025-04-26 00:36:48,Alka Dewan,EMP00000020,2025-04-29,2026-07-25 05:53:14.229702,,Fraud Detection System
ALR00002318,TR00160229,20,Multiple Failed Attempts,Under Investigation,2018-04-01 02:50:30,Zayyan Bumb,EMP00000179,,2026-07-25 05:53:14.230602,,Fraud Detection System
ALR00002319,TR00021378,27,Location Mismatch,Resolved,2020-10-18 11:08:24,Balveer Bumb,EMP00000079,2020-11-02,2026-07-25 05:53:14.231575,,Fraud Detection System
ALR00002320,TR00193468,22,High Transaction Amount,Under Investigation,2026-06-18 21:33:56,Chandresh Sood,EMP00000074,,2026-07-25 05:53:14.233628,,Fraud Detection System
ALR00002321,TR00165102,73,Card Not Present,Open,2017-12-14 23:02:56,,,,2026-07-25 05:53:14.233628,,Fraud Detection System
ALR00002322,TR00088833,63,Card Not Present,Closed,2014-09-16 20:03:31,Diya Rattan,EMP00000016,2014-10-08,2026-07-25 05:53:14.234673,,Fraud Detection System
ALR00002323,TR00162446,28,Velocity Check Failed,Resolved,2026-07-13 17:14:14,Zayyan Bumb,EMP00000179,2026-07-18,2026-07-25 05:53:14.235671,,Fraud Detection System
ALR00002324,TR00011326,7,High Transaction Amount,Under Investigation,2025-03-09 11:13:42,Benjamin Morar,EMP00000104,,2026-07-25 05:53:14.237609,,Fraud Detection System
ALR00002325,TR00245994,93,Blacklisted Merchant,Closed,2025-10-18 03:56:03,Pranav Lanka,EMP00000120,2025-10-19,2026-07-25 05:53:14.238668,,Fraud Detection System
ALR00002326,TR00170110,31,Unusual Spending Pattern,Open,2021-05-31 12:10:25,,,,2026-07-25 05:53:14.238668,,Fraud Detection System
ALR00002327,TR00100188,83,Multiple Failed Attempts,Resolved,2024-07-17 14:15:46,Ekansh Keer,EMP00000077,2024-07-19,2026-07-25 05:53:14.239670,,Fraud Detection System
ALR00002328,TR00189360,81,Velocity Check Failed,Under Investigation,2019-08-17 15:01:26,Jagdish Koshy,EMP00000078,,2026-07-25 05:53:14.240681,,Fraud Detection System
ALR00002329,TR00241736,70,High Transaction Amount,Under Investigation,2024-06-29 13:07:06,Zayan Behl,EMP00000096,,2026-07-25 05:53:14.241675,,Fraud Detection System
ALR00002330,TR00108136,67,High Transaction Amount,Resolved,2017-11-11 17:50:13,Aadhya Andra,EMP00000312,2017-11-28,2026-07-25 05:53:14.242575,,Fraud Detection System
ALR00002331,TR00002804,83,Card Not Present,Resolved,2025-07-17 21:47:42,Balveer Parmar,EMP00000105,2025-07-30,2026-07-25 05:53:14.243670,,Fraud Detection System
ALR00002332,TR00064435,72,Unusual Spending Pattern,Resolved,2007-05-31 13:42:30,Pallavi Kakar,EMP00000043,2007-06-03,2026-07-25 05:53:14.245667,,Fraud Detection System
ALR00002333,TR00128302,70,Location Mismatch,Resolved,2025-09-27 04:24:16,Devansh Sachdeva,EMP00000161,2025-10-01,2026-07-25 05:53:14.246670,,Fraud Detection System
ALR00002334,TR00130200,9,Card Not Present,Resolved,2024-09-14 06:49:41,Meghana Maharaj,EMP00000320,2024-10-13,2026-07-25 05:53:14.247671,,Fraud Detection System
ALR00002335,TR00145859,33,Multiple Failed Attempts,Under Investigation,2019-09-25 02:08:44,Jeremiah Dave,EMP00000041,,2026-07-25 05:53:14.248667,,Fraud Detection System
ALR00002336,TR00144475,71,Blacklisted Merchant,Open,2026-01-17 10:56:00,,,,2026-07-25 05:53:14.248667,,Fraud Detection System
ALR00002337,TR00112101,49,Location Mismatch,False Positive,2011-04-30 00:21:34,Aditya Shanker,EMP00000084,2011-05-28,2026-07-25 05:53:14.249667,,Fraud Detection System
ALR00002338,TR00098246,11,Multiple Failed Attempts,Resolved,2012-04-09 16:49:19,Yuvraj Handa,EMP00000060,2012-05-03,2026-07-25 05:53:14.251577,,Fraud Detection System
ALR00002339,TR00194270,65,Unusual Spending Pattern,Closed,2023-04-23 06:00:41,Devansh Rajan,EMP00000026,2023-05-11,2026-07-25 05:53:14.252624,,Fraud Detection System
ALR00002340,TR00147865,95,Multiple Failed Attempts,Under Investigation,2023-12-27 16:11:37,Yagnesh Shan,EMP00000279,,2026-07-25 05:53:14.253613,,Fraud Detection System
ALR00002341,TR00125676,23,Card Not Present,Open,2019-10-19 05:01:48,,,,2026-07-25 05:53:14.253613,,Fraud Detection System
ALR00002342,TR00086230,1,Location Mismatch,Under Investigation,2015-11-05 07:50:52,Zayan Behl,EMP00000096,,2026-07-25 05:53:14.255681,,Fraud Detection System
ALR00002343,TR00006226,9,Velocity Check Failed,Open,2024-04-25 16:36:03,,,,2026-07-25 05:53:14.255681,,Fraud Detection System
ALR00002344,TR00026223,93,Blacklisted Merchant,Open,2022-12-13 18:35:18,,,,2026-07-25 05:53:14.256682,,Fraud Detection System
ALR00002345,TR00104567,14,High Transaction Amount,Under Investigation,2022-05-20 19:14:53,Aadhya Andra,EMP00000312,,2026-07-25 05:53:14.257670,,Fraud Detection System
ALR00002346,TR00240658,30,Velocity Check Failed,Resolved,2017-05-30 06:16:40,Lakshit Dora,EMP00000159,2017-06-21,2026-07-25 05:53:14.258608,,Fraud Detection System
ALR00002347,TR00029107,84,Multiple Failed Attempts,Closed,2022-05-29 03:41:34,Nakul Sarma,EMP00000089,2022-06-26,2026-07-25 05:53:14.259646,,Fraud Detection System
ALR00002348,TR00235342,49,Velocity Check Failed,False Positive,2023-07-29 09:50:44,Pranav Lanka,EMP00000120,2023-08-24,2026-07-25 05:53:14.260676,,Fraud Detection System
ALR00002349,TR00035175,20,Unusual Spending Pattern,Resolved,2024-02-13 13:06:53,Onveer Walla,EMP00000012,2024-02-14,2026-07-25 05:53:14.261643,,Fraud Detection System
ALR00002350,TR00078242,43,Velocity Check Failed,Resolved,2021-10-08 21:38:04,Nilima Nath,EMP00000260,2021-10-29,2026-07-25 05:53:14.262676,,Fraud Detection System
ALR00002351,TR00114313,76,Multiple Failed Attempts,Resolved,2025-06-21 15:50:31,Mohini Pathak,EMP00000022,2025-07-18,2026-07-25 05:53:14.263581,,Fraud Detection System
ALR00002352,TR00051593,74,Multiple Failed Attempts,Under Investigation,2024-08-15 11:30:19,Nilima Nath,EMP00000260,,2026-07-25 05:53:14.264674,,Fraud Detection System
ALR00002353,TR00121199,25,Location Mismatch,Resolved,2022-12-28 15:01:45,Nimrat Dubey,EMP00000296,2023-01-06,2026-07-25 05:53:14.265691,,Fraud Detection System
ALR00002354,TR00119601,16,Multiple Failed Attempts,False Positive,2026-06-20 19:50:15,Diya Rattan,EMP00000016,2026-07-05,2026-07-25 05:53:14.267671,,Fraud Detection System
ALR00002355,TR00109958,29,Unusual Spending Pattern,Resolved,2024-10-11 05:51:21,Zayyan Bumb,EMP00000179,2024-11-09,2026-07-25 05:53:14.268664,,Fraud Detection System
ALR00002356,TR00175066,68,Location Mismatch,Resolved,2026-04-15 05:17:38,Pranav Lanka,EMP00000120,2026-05-08,2026-07-25 05:53:14.270674,,Fraud Detection System
ALR00002357,TR00080043,23,Unusual Spending Pattern,False Positive,2022-11-04 00:06:25,Sudiksha Aggarwal,EMP00000031,2022-11-28,2026-07-25 05:53:14.271684,,Fraud Detection System
ALR00002358,TR00075373,71,Unusual Spending Pattern,Open,2021-04-28 03:30:32,,,,2026-07-25 05:53:14.272667,,Fraud Detection System
ALR00002359,TR00204047,65,Multiple Failed Attempts,Closed,2025-01-15 20:37:41,Jyoti Solanki,EMP00000213,2025-01-22,2026-07-25 05:53:14.273585,,Fraud Detection System
ALR00002360,TR00028902,2,Card Not Present,Closed,2025-10-22 05:23:28,Vaishnavi Bora,EMP00000143,2025-10-25,2026-07-25 05:53:14.274578,,Fraud Detection System
ALR00002361,TR00213050,0,Blacklisted Merchant,False Positive,2019-03-10 19:56:46,Yuvraj Handa,EMP00000060,2019-03-31,2026-07-25 05:53:14.276575,,Fraud Detection System
ALR00002362,TR00162705,36,Velocity Check Failed,Resolved,2018-01-02 18:00:41,Pranav Lanka,EMP00000120,2018-01-07,2026-07-25 05:53:14.277655,,Fraud Detection System
ALR00002363,TR00170059,48,Blacklisted Merchant,Resolved,2016-11-22 08:13:46,Mohini Pathak,EMP00000022,2016-12-08,2026-07-25 05:53:14.278591,,Fraud Detection System
ALR00002364,TR00041213,32,Location Mismatch,Resolved,2014-11-06 02:01:48,Yuvraj Handa,EMP00000060,2014-11-10,2026-07-25 05:53:14.279595,,Fraud Detection System
ALR00002365,TR00246057,21,Card Not Present,Under Investigation,2021-11-02 22:01:16,Balveer Bumb,EMP00000079,,2026-07-25 05:53:14.281668,,Fraud Detection System
ALR00002366,TR00060870,61,High Transaction Amount,False Positive,2026-05-02 02:35:34,Kiaan Shetty,EMP00000150,2026-05-26,2026-07-25 05:53:14.282583,,Fraud Detection System
ALR00002367,TR00043624,78,High Transaction Amount,Resolved,2015-12-31 04:27:58,Ishwar Kamdar,EMP00000185,2016-01-08,2026-07-25 05:53:14.283586,,Fraud Detection System
ALR00002368,TR00040164,57,Multiple Failed Attempts,False Positive,2011-07-04 06:54:01,Hritik Kaur,EMP00000338,2011-07-05,2026-07-25 05:53:14.284581,,Fraud Detection System
ALR00002369,TR00140576,73,Blacklisted Merchant,Open,2024-04-12 05:04:34,,,,2026-07-25 05:53:14.285579,,Fraud Detection System
ALR00002370,TR00239800,79,Velocity Check Failed,Resolved,2018-12-10 16:00:51,Balveer Bumb,EMP00000079,2018-12-22,2026-07-25 05:53:14.286580,,Fraud Detection System
ALR00002371,TR00057832,86,Multiple Failed Attempts,Resolved,2017-11-17 01:12:09,Ekaja Zachariah,EMP00000158,2017-12-08,2026-07-25 05:53:14.287583,,Fraud Detection System
ALR00002372,TR00101586,76,Multiple Failed Attempts,Resolved,2020-08-16 15:57:18,Alka Dewan,EMP00000020,2020-09-06,2026-07-25 05:53:14.288583,,Fraud Detection System
ALR00002373,TR00046065,76,Unusual Spending Pattern,False Positive,2022-12-21 16:55:02,Devansh Sachdeva,EMP00000161,2023-01-15,2026-07-25 05:53:14.290575,,Fraud Detection System
ALR00002374,TR00160793,44,Blacklisted Merchant,Resolved,2024-07-27 10:33:18,Zaid Dara,EMP00000149,2024-08-21,2026-07-25 05:53:14.291575,,Fraud Detection System
ALR00002375,TR00108493,34,Location Mismatch,False Positive,2018-03-02 01:08:53,Alka Dewan,EMP00000020,2018-03-31,2026-07-25 05:53:14.293578,,Fraud Detection System
ALR00002376,TR00007367,86,Multiple Failed Attempts,Resolved,2026-06-30 20:44:27,Balendra Pingle,EMP00000102,2026-07-07,2026-07-25 05:53:14.294585,,Fraud Detection System
ALR00002377,TR00154546,60,Unusual Spending Pattern,Resolved,2023-07-04 19:16:46,Aadhya Andra,EMP00000312,2023-07-21,2026-07-25 05:53:14.295588,,Fraud Detection System
ALR00002378,TR00049217,94,Unusual Spending Pattern,False Positive,2019-06-12 14:27:19,Sudiksha Aggarwal,EMP00000031,2019-06-30,2026-07-25 05:53:14.296598,,Fraud Detection System
ALR00002379,TR00148783,46,Location Mismatch,Under Investigation,2026-05-24 07:25:52,Meghana Maharaj,EMP00000320,,2026-07-25 05:53:14.297687,,Fraud Detection System
ALR00002380,TR00097656,33,Velocity Check Failed,Open,2014-08-17 13:36:33,,,,2026-07-25 05:53:14.298579,,Fraud Detection System
ALR00002381,TR00176996,19,High Transaction Amount,False Positive,2024-07-31 03:02:54,Yuvraj Handa,EMP00000060,2024-08-13,2026-07-25 05:53:14.299578,,Fraud Detection System
ALR00002382,TR00051344,49,Multiple Failed Attempts,Open,2017-09-27 14:09:58,,,,2026-07-25 05:53:14.300888,,Fraud Detection System
ALR00002383,TR00189274,42,High Transaction Amount,Closed,2024-03-26 06:39:22,Nimrat Dubey,EMP00000296,2024-04-13,2026-07-25 05:53:14.302015,,Fraud Detection System
ALR00002384,TR00203703,10,Card Not Present,False Positive,2023-12-16 06:10:02,Jyoti Solanki,EMP00000213,2024-01-04,2026-07-25 05:53:14.303004,,Fraud Detection System
ALR00002385,TR00016148,10,Unusual Spending Pattern,Closed,2026-05-09 13:35:18,Benjamin Morar,EMP00000104,2026-05-25,2026-07-25 05:53:14.304012,,Fraud Detection System
ALR00002386,TR00025548,22,High Transaction Amount,Resolved,2024-03-04 00:20:29,Veer Bir,EMP00000050,2024-04-02,2026-07-25 05:53:14.304907,,Fraud Detection System
ALR00002387,TR00219000,25,High Transaction Amount,Under Investigation,2025-03-15 12:18:23,Benjamin Morar,EMP00000104,,2026-07-25 05:53:14.305911,,Fraud Detection System
ALR00002388,TR00046608,74,Multiple Failed Attempts,Resolved,2026-02-26 10:03:08,Benjamin Morar,EMP00000104,2026-02-28,2026-07-25 05:53:14.306926,,Fraud Detection System
ALR00002389,TR00081801,20,High Transaction Amount,Resolved,2015-03-17 05:29:11,Aahana Pillay,EMP00000186,2015-04-02,2026-07-25 05:53:14.308912,,Fraud Detection System
ALR00002390,TR00114909,6,Card Not Present,Resolved,2025-05-22 19:55:37,Chandresh Sood,EMP00000074,2025-05-25,2026-07-25 05:53:14.310129,,Fraud Detection System
ALR00002391,TR00065443,28,Location Mismatch,Resolved,2018-01-11 21:34:33,Devansh Sachdeva,EMP00000161,2018-01-27,2026-07-25 05:53:14.311139,,Fraud Detection System
ALR00002392,TR00216580,54,Multiple Failed Attempts,False Positive,2026-02-27 20:48:26,Onveer Walla,EMP00000012,2026-03-03,2026-07-25 05:53:14.312137,,Fraud Detection System
ALR00002393,TR00132509,80,Location Mismatch,Open,2021-01-18 20:02:28,,,,2026-07-25 05:53:14.313142,,Fraud Detection System
ALR00002394,TR00160484,16,High Transaction Amount,Closed,2018-01-22 11:40:27,Ishwar Kamdar,EMP00000185,2018-02-18,2026-07-25 05:53:14.314137,,Fraud Detection System
ALR00002395,TR00150032,68,Unusual Spending Pattern,Resolved,2025-01-23 00:05:44,Ishwar Kamdar,EMP00000185,2025-02-10,2026-07-25 05:53:14.315146,,Fraud Detection System
ALR00002396,TR00153824,49,Multiple Failed Attempts,Resolved,2026-06-01 15:40:22,Adweta Edwin,EMP00000099,2026-06-14,2026-07-25 05:53:14.316155,,Fraud Detection System
ALR00002397,TR00147467,89,Blacklisted Merchant,Resolved,2017-11-14 17:50:45,Veer Bir,EMP00000050,2017-11-26,2026-07-25 05:53:14.317154,,Fraud Detection System
ALR00002398,TR00087047,91,Velocity Check Failed,False Positive,2025-09-13 11:34:01,Zaid Dara,EMP00000149,2025-10-12,2026-07-25 05:53:14.318246,,Fraud Detection System
ALR00002399,TR00212253,60,High Transaction Amount,False Positive,2021-04-14 23:27:23,Devansh Rajan,EMP00000026,2021-04-21,2026-07-25 05:53:14.319241,,Fraud Detection System
ALR00002400,TR00155326,93,Location Mismatch,False Positive,2025-06-12 18:24:24,Rudra Sandal,EMP00000245,2025-06-28,2026-07-25 05:53:14.320244,,Fraud Detection System
ALR00002401,TR00204934,53,Unusual Spending Pattern,Closed,2014-02-20 11:52:49,Dipta Sarin,EMP00000122,2014-02-23,2026-07-25 05:53:14.321250,,Fraud Detection System
ALR00002402,TR00177338,6,Unusual Spending Pattern,False Positive,2012-07-09 16:21:52,Alka Dewan,EMP00000020,2012-08-06,2026-07-25 05:53:14.323138,,Fraud Detection System
ALR00002403,TR00074664,47,Blacklisted Merchant,False Positive,2017-06-22 11:14:00,Rudra Sandal,EMP00000245,2017-06-28,2026-07-25 05:53:14.324140,,Fraud Detection System
ALR00002404,TR00154625,31,Blacklisted Merchant,Resolved,2025-01-07 15:44:26,Ojas Ray,EMP00000066,2025-01-23,2026-07-25 05:53:14.325139,,Fraud Detection System
ALR00002405,TR00021339,33,Card Not Present,Resolved,2011-02-15 03:40:49,Nakul Sarma,EMP00000089,2011-03-02,2026-07-25 05:53:14.326139,,Fraud Detection System
ALR00002406,TR00033311,6,Blacklisted Merchant,Closed,2017-07-21 08:33:41,Jack Rajan,EMP00000123,2017-08-09,2026-07-25 05:53:14.327228,,Fraud Detection System
ALR00002407,TR00029494,88,High Transaction Amount,False Positive,2024-12-30 14:14:19,Meghana Maharaj,EMP00000320,2025-01-05,2026-07-25 05:53:14.328246,,Fraud Detection System
ALR00002408,TR00076507,37,Unusual Spending Pattern,Open,2023-10-06 22:24:11,,,,2026-07-25 05:53:14.329234,,Fraud Detection System
ALR00002409,TR00045769,52,Unusual Spending Pattern,Resolved,2021-06-29 03:34:28,Chandresh Sood,EMP00000074,2021-07-27,2026-07-25 05:53:14.330236,,Fraud Detection System
ALR00002410,TR00174270,54,Card Not Present,Resolved,2022-12-13 04:14:44,Devansh Rajan,EMP00000026,2022-12-17,2026-07-25 05:53:14.331139,,Fraud Detection System
ALR00002411,TR00128332,52,Card Not Present,Resolved,2014-11-27 06:25:30,Veer Bir,EMP00000050,2014-12-12,2026-07-25 05:53:14.332140,,Fraud Detection System
ALR00002412,TR00105056,91,High Transaction Amount,False Positive,2026-06-23 19:38:21,Nicholas Goel,EMP00000108,2026-07-20,2026-07-25 05:53:14.333141,,Fraud Detection System
ALR00002413,TR00034292,21,High Transaction Amount,Under Investigation,2024-06-10 08:40:29,Ronith Patla,EMP00000126,,2026-07-25 05:53:14.334174,,Fraud Detection System
ALR00002414,TR00096326,93,Velocity Check Failed,Under Investigation,2026-07-13 09:43:53,Diya Rattan,EMP00000016,,2026-07-25 05:53:14.335157,,Fraud Detection System
ALR00002415,TR00046348,22,Location Mismatch,False Positive,2011-11-18 03:49:45,Pranav Lanka,EMP00000120,2011-12-06,2026-07-25 05:53:14.336139,,Fraud Detection System
ALR00002416,TR00159599,3,Location Mismatch,Closed,2024-02-12 02:27:16,Banjeet Balasubramanian,EMP00000182,2024-02-27,2026-07-25 05:53:14.338139,,Fraud Detection System
ALR00002417,TR00174270,10,Multiple Failed Attempts,Resolved,2022-12-13 05:28:44,Meghana Maharaj,EMP00000320,2022-12-19,2026-07-25 05:53:14.339139,,Fraud Detection System
ALR00002418,TR00161991,50,Unusual Spending Pattern,Resolved,2012-11-04 00:39:20,Diya Rattan,EMP00000016,2012-11-29,2026-07-25 05:53:14.340140,,Fraud Detection System
ALR00002419,TR00249976,75,Card Not Present,Resolved,2018-06-28 05:09:10,Jagdish Koshy,EMP00000078,2018-07-02,2026-07-25 05:53:14.341139,,Fraud Detection System
ALR00002420,TR00139545,39,Blacklisted Merchant,Resolved,2021-10-17 08:48:25,Mohini Pathak,EMP00000022,2021-11-06,2026-07-25 05:53:14.342141,,Fraud Detection System
ALR00002421,TR00122910,80,Card Not Present,Resolved,2022-11-05 16:38:17,Aahana Pillay,EMP00000186,2022-11-29,2026-07-25 05:53:14.343139,,Fraud Detection System
ALR00002422,TR00034861,60,Velocity Check Failed,Under Investigation,2026-04-24 13:35:50,Nicholas Goel,EMP00000108,,2026-07-25 05:53:14.344148,,Fraud Detection System
ALR00002423,TR00078995,64,Velocity Check Failed,Under Investigation,2021-06-24 09:21:27,Yuvraj Handa,EMP00000060,,2026-07-25 05:53:14.345144,,Fraud Detection System
ALR00002424,TR00113359,51,Location Mismatch,Under Investigation,2021-03-27 18:13:11,Divya Kala,EMP00000018,,2026-07-25 05:53:14.346145,,Fraud Detection System
ALR00002425,TR00013825,10,Multiple Failed Attempts,False Positive,2026-05-24 01:17:52,Banjeet Balasubramanian,EMP00000182,2026-06-10,2026-07-25 05:53:14.348139,,Fraud Detection System
ALR00002426,TR00089889,19,Blacklisted Merchant,Under Investigation,2025-12-25 10:24:42,Veer Bir,EMP00000050,,2026-07-25 05:53:14.349139,,Fraud Detection System
ALR00002427,TR00002558,35,Blacklisted Merchant,Resolved,2026-05-26 10:07:08,Lakshit Upadhyay,EMP00000023,2026-05-26,2026-07-25 05:53:14.350140,,Fraud Detection System
ALR00002428,TR00033905,46,High Transaction Amount,Under Investigation,2019-07-13 03:58:49,Jeremiah Dave,EMP00000041,,2026-07-25 05:53:14.351139,,Fraud Detection System
ALR00002429,TR00205233,91,Velocity Check Failed,Open,2022-10-05 03:34:20,,,,2026-07-25 05:53:14.351139,,Fraud Detection System
ALR00002430,TR00241204,57,Location Mismatch,False Positive,2025-03-18 13:36:43,Yuvraj Handa,EMP00000060,2025-04-04,2026-07-25 05:53:14.352145,,Fraud Detection System
ALR00002431,TR00126960,18,Blacklisted Merchant,Resolved,2025-06-10 22:19:27,Zaid Dara,EMP00000149,2025-06-24,2026-07-25 05:53:14.353143,,Fraud Detection System
ALR00002432,TR00124282,14,Velocity Check Failed,Resolved,2021-06-01 15:38:52,Prisha Andra,EMP00000100,2021-06-09,2026-07-25 05:53:14.354141,,Fraud Detection System
ALR00002433,TR00171949,61,Location Mismatch,False Positive,2022-09-02 05:08:27,Chaaya Saran,EMP00000030,2022-09-12,2026-07-25 05:53:14.356140,,Fraud Detection System
ALR00002434,TR00104476,77,Multiple Failed Attempts,Open,2025-11-06 02:20:01,,,,2026-07-25 05:53:14.356140,,Fraud Detection System
ALR00002435,TR00211007,46,Multiple Failed Attempts,False Positive,2012-04-08 11:05:20,Zayan Behl,EMP00000096,2012-04-24,2026-07-25 05:53:14.357141,,Fraud Detection System
ALR00002436,TR00122707,97,Blacklisted Merchant,Open,2024-02-16 03:14:27,,,,2026-07-25 05:53:14.358139,,Fraud Detection System
ALR00002437,TR00020824,57,Blacklisted Merchant,Resolved,2025-02-02 23:16:05,Ronith Patla,EMP00000126,2025-02-25,2026-07-25 05:53:14.359143,,Fraud Detection System
ALR00002438,TR00007804,88,Velocity Check Failed,Under Investigation,2020-07-15 13:20:48,Mohini Pathak,EMP00000022,,2026-07-25 05:53:14.360138,,Fraud Detection System
ALR00002439,TR00191463,82,Unusual Spending Pattern,Resolved,2022-09-27 16:44:15,Nakul Sarma,EMP00000089,2022-10-06,2026-07-25 05:53:14.361139,,Fraud Detection System
ALR00002440,TR00073239,95,Card Not Present,Under Investigation,2023-02-25 05:45:10,Nakul Bhandari,EMP00000075,,2026-07-25 05:53:14.363136,,Fraud Detection System
ALR00002441,TR00068682,15,Location Mismatch,Under Investigation,2024-07-28 10:28:31,Aahana Pillay,EMP00000186,,2026-07-25 05:53:14.364136,,Fraud Detection System
ALR00002442,TR00135158,74,Location Mismatch,Resolved,2014-07-29 10:43:42,Balveer Parmar,EMP00000105,2014-08-08,2026-07-25 05:53:14.365135,,Fraud Detection System
ALR00002443,TR00042112,34,Blacklisted Merchant,False Positive,2014-04-05 01:49:17,Dipta Sarin,EMP00000122,2014-04-11,2026-07-25 05:53:14.366136,,Fraud Detection System
ALR00002444,TR00114827,86,Unusual Spending Pattern,Open,2017-09-24 12:15:21,,,,2026-07-25 05:53:14.366136,,Fraud Detection System
ALR00002445,TR00186700,38,Multiple Failed Attempts,Resolved,2015-08-29 04:27:12,Devansh Rajan,EMP00000026,2015-09-05,2026-07-25 05:53:14.367135,,Fraud Detection System
ALR00002446,TR00192706,57,Card Not Present,Resolved,2024-02-19 00:33:54,Ishwar Kamdar,EMP00000185,2024-02-22,2026-07-25 05:53:14.368135,,Fraud Detection System
ALR00002447,TR00138192,3,Velocity Check Failed,Closed,2019-09-10 10:53:07,Chandresh Sood,EMP00000074,2019-09-24,2026-07-25 05:53:14.369135,,Fraud Detection System
ALR00002448,TR00028477,42,Multiple Failed Attempts,Resolved,2022-03-23 00:41:45,Pranav Lanka,EMP00000120,2022-03-27,2026-07-25 05:53:14.370135,,Fraud Detection System
ALR00002449,TR00028733,41,Location Mismatch,Open,2019-02-23 17:29:44,,,,2026-07-25 05:53:14.371135,,Fraud Detection System
ALR00002450,TR00195080,22,High Transaction Amount,Resolved,2026-01-11 07:07:29,Jyoti Solanki,EMP00000213,2026-02-04,2026-07-25 05:53:14.372135,,Fraud Detection System
ALR00002451,TR00207150,68,Unusual Spending Pattern,Closed,2026-07-07 20:39:40,Frederick Khurana,EMP00000208,2026-07-20,2026-07-25 05:53:14.373136,,Fraud Detection System
ALR00002452,TR00091806,62,Card Not Present,Open,2016-11-29 16:28:32,,,,2026-07-25 05:53:14.374138,,Fraud Detection System
ALR00002453,TR00206976,28,Location Mismatch,Closed,2018-08-12 17:23:56,Nicholas Goel,EMP00000108,2018-09-06,2026-07-25 05:53:14.375136,,Fraud Detection System
ALR00002454,TR00010659,14,Blacklisted Merchant,Resolved,2024-06-05 04:15:46,Diya Rattan,EMP00000016,2024-06-06,2026-07-25 05:53:14.376136,,Fraud Detection System
ALR00002455,TR00180663,74,Card Not Present,False Positive,2026-03-21 06:06:02,Aditya Shanker,EMP00000084,2026-04-06,2026-07-25 05:53:14.377136,,Fraud Detection System
ALR00002456,TR00137362,67,High Transaction Amount,Resolved,2016-03-11 14:18:31,Nimrat Dubey,EMP00000296,2016-03-17,2026-07-25 05:53:14.378136,,Fraud Detection System
ALR00002457,TR00247472,51,Blacklisted Merchant,Closed,2026-06-02 16:01:09,Devansh Sachdeva,EMP00000161,2026-06-30,2026-07-25 05:53:14.380136,,Fraud Detection System
ALR00002458,TR00025702,56,Velocity Check Failed,Open,2015-10-11 18:38:35,,,,2026-07-25 05:53:14.380136,,Fraud Detection System
ALR00002459,TR00208645,38,Card Not Present,Resolved,2023-08-05 10:16:06,Ekansh Keer,EMP00000077,2023-08-23,2026-07-25 05:53:14.381139,,Fraud Detection System
ALR00002460,TR00189031,70,Unusual Spending Pattern,False Positive,2021-12-22 01:34:51,Nakul Bhandari,EMP00000075,2021-12-29,2026-07-25 05:53:14.382135,,Fraud Detection System
ALR00002461,TR00074715,5,High Transaction Amount,Closed,2022-02-06 13:56:54,Alka Dewan,EMP00000020,2022-02-13,2026-07-25 05:53:14.384136,,Fraud Detection System
ALR00002462,TR00249817,61,Velocity Check Failed,Closed,2023-07-02 14:01:34,Jeremiah Dave,EMP00000041,2023-07-10,2026-07-25 05:53:14.385136,,Fraud Detection System
ALR00002463,TR00113053,44,Card Not Present,False Positive,2025-05-29 15:36:08,Sudiksha Aggarwal,EMP00000031,2025-06-06,2026-07-25 05:53:14.386136,,Fraud Detection System
ALR00002464,TR00087187,11,Unusual Spending Pattern,Under Investigation,2020-12-18 02:21:01,Veer Bir,EMP00000050,,2026-07-25 05:53:14.387136,,Fraud Detection System
ALR00002465,TR00205584,45,Location Mismatch,Resolved,2024-11-19 10:52:12,Yuvraj Handa,EMP00000060,2024-12-10,2026-07-25 05:53:14.388136,,Fraud Detection System
ALR00002466,TR00110213,5,Location Mismatch,Resolved,2013-01-08 09:48:25,Balveer Bumb,EMP00000079,2013-01-10,2026-07-25 05:53:14.389136,,Fraud Detection System
ALR00002467,TR00248447,40,Blacklisted Merchant,Resolved,2026-05-28 03:56:56,Divya Kala,EMP00000018,2026-06-16,2026-07-25 05:53:14.390138,,Fraud Detection System
ALR00002468,TR00195263,23,High Transaction Amount,Open,2026-04-02 02:30:53,,,,2026-07-25 05:53:14.391136,,Fraud Detection System
ALR00002469,TR00059030,20,Velocity Check Failed,Under Investigation,2024-11-30 18:49:26,Zayan Behl,EMP00000096,,2026-07-25 05:53:14.392136,,Fraud Detection System
ALR00002470,TR00204189,88,Location Mismatch,Under Investigation,2022-04-01 21:07:33,Frederick Khurana,EMP00000208,,2026-07-25 05:53:14.393137,,Fraud Detection System
ALR00002471,TR00147679,39,Velocity Check Failed,False Positive,2026-05-02 00:03:26,Zayan Behl,EMP00000096,2026-05-19,2026-07-25 05:53:14.396136,,Fraud Detection System
ALR00002472,TR00087730,73,Card Not Present,Under Investigation,2026-06-24 10:37:44,Meghana Maharaj,EMP00000320,,2026-07-25 05:53:14.398136,,Fraud Detection System
ALR00002473,TR00178568,58,Multiple Failed Attempts,Resolved,2015-04-03 23:15:24,Chaaya Saran,EMP00000030,2015-04-14,2026-07-25 05:53:14.399136,,Fraud Detection System
ALR00002474,TR00158967,94,Multiple Failed Attempts,False Positive,2025-08-08 08:02:51,Ronith Patla,EMP00000126,2025-08-29,2026-07-25 05:53:14.400410,,Fraud Detection System
ALR00002475,TR00041654,70,Blacklisted Merchant,Resolved,2013-10-19 05:16:52,Gaurang Murty,EMP00000264,2013-11-17,2026-07-25 05:53:14.402453,,Fraud Detection System
ALR00002476,TR00034628,95,High Transaction Amount,Open,2016-04-21 18:14:39,,,,2026-07-25 05:53:14.402453,,Fraud Detection System
ALR00002477,TR00051538,73,Location Mismatch,False Positive,2024-06-19 22:18:19,Aahana Pillay,EMP00000186,2024-07-02,2026-07-25 05:53:14.403458,,Fraud Detection System
ALR00002478,TR00051604,68,High Transaction Amount,Resolved,2025-05-03 03:22:43,Vaishnavi Bora,EMP00000143,2025-05-24,2026-07-25 05:53:14.405453,,Fraud Detection System
ALR00002479,TR00015337,39,Location Mismatch,Resolved,2018-08-19 01:23:50,Dipta Sarin,EMP00000122,2018-08-30,2026-07-25 05:53:14.406451,,Fraud Detection System
ALR00002480,TR00087768,66,Velocity Check Failed,Closed,2009-03-23 03:34:53,Mohini Pathak,EMP00000022,2009-04-17,2026-07-25 05:53:14.407448,,Fraud Detection System
ALR00002481,TR00070344,42,Location Mismatch,False Positive,2026-04-25 08:20:21,Chandresh Sood,EMP00000074,2026-05-06,2026-07-25 05:53:14.408449,,Fraud Detection System
ALR00002482,TR00135507,31,Multiple Failed Attempts,Under Investigation,2017-08-27 20:44:09,Veer Bir,EMP00000050,,2026-07-25 05:53:14.409496,,Fraud Detection System
ALR00002483,TR00081239,30,Card Not Present,False Positive,2017-10-06 22:44:01,Kashvi Sarma,EMP00000045,2017-10-21,2026-07-25 05:53:14.410550,,Fraud Detection System
ALR00002484,TR00176785,66,Blacklisted Merchant,False Positive,2012-03-29 00:59:19,Onveer Walla,EMP00000012,2012-04-20,2026-07-25 05:53:14.411554,,Fraud Detection System
ALR00002485,TR00072496,20,Blacklisted Merchant,Open,2026-07-21 00:22:18,,,,2026-07-25 05:53:14.412547,,Fraud Detection System
ALR00002486,TR00066733,52,Card Not Present,Resolved,2023-11-01 18:03:50,Balendra Pingle,EMP00000102,2023-11-10,2026-07-25 05:53:14.413558,,Fraud Detection System
ALR00002487,TR00215367,8,Velocity Check Failed,Resolved,2025-12-21 07:51:31,Divya Kala,EMP00000018,2026-01-07,2026-07-25 05:53:14.414549,,Fraud Detection System
ALR00002488,TR00246442,83,Velocity Check Failed,False Positive,2018-09-21 14:42:35,Ojas Ray,EMP00000066,2018-10-18,2026-07-25 05:53:14.415520,,Fraud Detection System
ALR00002489,TR00170540,55,High Transaction Amount,Resolved,2010-01-20 01:00:25,Ishwar Kamdar,EMP00000185,2010-02-10,2026-07-25 05:53:14.416568,,Fraud Detection System
ALR00002490,TR00023961,49,Velocity Check Failed,Under Investigation,2018-08-26 10:13:06,Lakshit Dora,EMP00000159,,2026-07-25 05:53:14.417560,,Fraud Detection System
ALR00002491,TR00240935,3,Blacklisted Merchant,Closed,2019-02-10 20:14:02,Vaishnavi Bora,EMP00000143,2019-03-04,2026-07-25 05:53:14.419521,,Fraud Detection System
ALR00002492,TR00197853,79,Blacklisted Merchant,False Positive,2016-03-22 02:07:44,Ronith Patla,EMP00000126,2016-04-04,2026-07-25 05:53:14.420542,,Fraud Detection System
ALR00002493,TR00230119,60,Location Mismatch,Resolved,2024-11-17 18:26:31,Kashvi Sarma,EMP00000045,2024-12-05,2026-07-25 05:53:14.421559,,Fraud Detection System
ALR00002494,TR00248129,19,Velocity Check Failed,Resolved,2019-02-04 05:15:04,Ishwar Kamdar,EMP00000185,2019-02-28,2026-07-25 05:53:14.422542,,Fraud Detection System
ALR00002495,TR00217703,27,Unusual Spending Pattern,Under Investigation,2024-11-14 07:15:18,Zaid Dara,EMP00000149,,2026-07-25 05:53:14.423552,,Fraud Detection System
ALR00002496,TR00031747,23,Unusual Spending Pattern,Resolved,2023-07-04 18:52:36,Anirudh Zacharia,EMP00000180,2023-07-29,2026-07-25 05:53:14.424463,,Fraud Detection System
ALR00002497,TR00217449,29,Multiple Failed Attempts,Resolved,2025-06-12 12:37:26,Yuvraj Handa,EMP00000060,2025-07-02,2026-07-25 05:53:14.425448,,Fraud Detection System
ALR00002498,TR00062318,13,Velocity Check Failed,False Positive,2020-04-08 00:30:02,Balveer Bumb,EMP00000079,2020-04-15,2026-07-25 05:53:14.426460,,Fraud Detection System
ALR00002499,TR00178732,41,Velocity Check Failed,Under Investigation,2011-02-27 08:05:38,Divya Kala,EMP00000018,,2026-07-25 05:53:14.428462,,Fraud Detection System
ALR00002500,TR00208224,18,High Transaction Amount,Under Investigation,2014-12-28 03:09:43,Gaurang Murty,EMP00000264,,2026-07-25 05:53:14.429455,,Fraud Detection System
ALR00002501,TR00191593,96,Location Mismatch,Closed,2025-08-29 00:02:00,Nakul Sarma,EMP00000089,2025-09-07,2026-07-25 05:53:14.430559,,Fraud Detection System
ALR00002502,TR00169825,81,Card Not Present,Closed,2023-09-01 06:04:54,Aadhya Andra,EMP00000312,2023-09-30,2026-07-25 05:53:14.431562,,Fraud Detection System
ALR00002503,TR00122874,15,Blacklisted Merchant,Resolved,2016-10-12 07:31:49,Lajita Seshadri,EMP00000235,2016-10-18,2026-07-25 05:53:14.432553,,Fraud Detection System
ALR00002504,TR00145062,91,Blacklisted Merchant,Resolved,2023-10-17 03:11:32,Zayan Behl,EMP00000096,2023-10-29,2026-07-25 05:53:14.433452,,Fraud Detection System
ALR00002505,TR00067097,46,Unusual Spending Pattern,Resolved,2024-07-01 16:54:48,Frederick Khurana,EMP00000208,2024-07-03,2026-07-25 05:53:14.434545,,Fraud Detection System
ALR00002506,TR00104050,40,Velocity Check Failed,Resolved,2023-05-14 16:19:18,Zayyan Bumb,EMP00000179,2023-06-06,2026-07-25 05:53:14.435540,,Fraud Detection System
ALR00002507,TR00113592,12,Card Not Present,False Positive,2023-07-21 00:53:59,Ekansh Keer,EMP00000077,2023-08-08,2026-07-25 05:53:14.436561,,Fraud Detection System
ALR00002508,TR00159197,60,Unusual Spending Pattern,False Positive,2017-03-21 22:54:42,Divya Kala,EMP00000018,2017-04-16,2026-07-25 05:53:14.438536,,Fraud Detection System
ALR00002509,TR00220950,74,Unusual Spending Pattern,Resolved,2022-08-11 00:48:26,Rudra Sandal,EMP00000245,2022-08-15,2026-07-25 05:53:14.439564,,Fraud Detection System
ALR00002510,TR00023385,43,Multiple Failed Attempts,Resolved,2025-06-16 21:37:49,Zaid Dara,EMP00000149,2025-07-11,2026-07-25 05:53:14.441448,,Fraud Detection System
ALR00002511,TR00129549,34,Location Mismatch,Closed,2020-07-09 19:31:01,Ojas Ray,EMP00000066,2020-07-15,2026-07-25 05:53:14.443546,,Fraud Detection System
ALR00002512,TR00069646,25,Location Mismatch,Under Investigation,2026-03-09 06:09:41,Balendra Pingle,EMP00000102,,2026-07-25 05:53:14.444448,,Fraud Detection System
ALR00002513,TR00234397,78,High Transaction Amount,Resolved,2016-02-17 07:38:59,Chaaya Saran,EMP00000030,2016-03-01,2026-07-25 05:53:14.445555,,Fraud Detection System
ALR00002514,TR00092426,98,Multiple Failed Attempts,False Positive,2024-02-07 03:00:18,Rudra Sandal,EMP00000245,2024-02-11,2026-07-25 05:53:14.446545,,Fraud Detection System
ALR00002515,TR00237732,76,Multiple Failed Attempts,Closed,2024-12-24 10:48:05,Anirudh Zacharia,EMP00000180,2024-12-31,2026-07-25 05:53:14.447548,,Fraud Detection System
ALR00002516,TR00082137,43,High Transaction Amount,Resolved,2023-06-08 02:53:47,Diya Rattan,EMP00000016,2023-06-21,2026-07-25 05:53:14.449487,,Fraud Detection System
ALR00002517,TR00000602,5,Card Not Present,Under Investigation,2019-10-01 02:32:41,Zayan Behl,EMP00000096,,2026-07-25 05:53:14.450540,,Fraud Detection System
ALR00002518,TR00194838,39,Location Mismatch,Resolved,2023-08-24 22:51:16,Ishwar Kamdar,EMP00000185,2023-09-14,2026-07-25 05:53:14.452540,,Fraud Detection System
ALR00002519,TR00184230,64,High Transaction Amount,Resolved,2024-11-01 15:18:00,Banjeet Balasubramanian,EMP00000182,2024-11-25,2026-07-25 05:53:14.454488,,Fraud Detection System
ALR00002520,TR00183804,76,Card Not Present,Resolved,2021-01-13 19:47:42,Veer Bir,EMP00000050,2021-01-20,2026-07-25 05:53:14.455450,,Fraud Detection System
ALR00002521,TR00115112,0,Multiple Failed Attempts,Under Investigation,2020-07-17 10:12:59,Nicholas Goel,EMP00000108,,2026-07-25 05:53:14.456452,,Fraud Detection System
ALR00002522,TR00166678,81,Velocity Check Failed,Under Investigation,2025-02-21 17:29:32,Jack Rajan,EMP00000123,,2026-07-25 05:53:14.457455,,Fraud Detection System
ALR00002523,TR00089694,24,Multiple Failed Attempts,Under Investigation,2025-05-10 04:02:29,Diya Rattan,EMP00000016,,2026-07-25 05:53:14.458453,,Fraud Detection System
ALR00002524,TR00016329,11,Unusual Spending Pattern,Closed,2020-09-09 01:37:50,Jagdish Koshy,EMP00000078,2020-09-30,2026-07-25 05:53:14.459483,,Fraud Detection System
ALR00002525,TR00134307,40,Card Not Present,Under Investigation,2021-11-14 04:57:39,Rudra Sandal,EMP00000245,,2026-07-25 05:53:14.461466,,Fraud Detection System
ALR00002526,TR00054325,33,Location Mismatch,Resolved,2025-05-23 09:42:12,Yagnesh Shan,EMP00000279,2025-05-27,2026-07-25 05:53:14.462525,,Fraud Detection System
ALR00002527,TR00107959,50,High Transaction Amount,Resolved,2026-01-11 00:25:33,Nilima Nath,EMP00000260,2026-01-21,2026-07-25 05:53:14.463547,,Fraud Detection System
ALR00002528,TR00052824,57,High Transaction Amount,Open,2023-10-12 06:54:18,,,,2026-07-25 05:53:14.463547,,Fraud Detection System
ALR00002529,TR00067072,50,Location Mismatch,Resolved,2026-06-06 13:10:16,Rudra Sandal,EMP00000245,2026-06-27,2026-07-25 05:53:14.464542,,Fraud Detection System
ALR00002530,TR00208189,14,High Transaction Amount,Open,2014-02-06 21:41:04,,,,2026-07-25 05:53:14.465560,,Fraud Detection System
ALR00002531,TR00084612,24,Card Not Present,Resolved,2024-05-09 20:27:41,Nicholas Goel,EMP00000108,2024-05-25,2026-07-25 05:53:14.466550,,Fraud Detection System
ALR00002532,TR00145235,2,Blacklisted Merchant,Resolved,2024-06-16 10:50:54,Indira Misra,EMP00000166,2024-06-17,2026-07-25 05:53:14.467550,,Fraud Detection System
ALR00002533,TR00142160,69,Velocity Check Failed,Resolved,2022-08-30 01:05:22,Akshay Lalla,EMP00000335,2022-09-19,2026-07-25 05:53:14.468549,,Fraud Detection System
ALR00002534,TR00121832,39,Velocity Check Failed,Closed,2025-12-14 15:38:27,Kashvi Sarma,EMP00000045,2025-12-16,2026-07-25 05:53:14.469548,,Fraud Detection System
ALR00002535,TR00085923,31,Blacklisted Merchant,Resolved,2020-01-16 11:08:25,Sudiksha Aggarwal,EMP00000031,2020-02-04,2026-07-25 05:53:14.470535,,Fraud Detection System
ALR00002536,TR00171332,69,Multiple Failed Attempts,Under Investigation,2026-04-17 20:02:19,Ronith Patla,EMP00000126,,2026-07-25 05:53:14.471553,,Fraud Detection System
ALR00002537,TR00012346,9,Location Mismatch,Resolved,2007-12-10 22:45:48,Nimrat Dubey,EMP00000296,2008-01-03,2026-07-25 05:53:14.472550,,Fraud Detection System
ALR00002538,TR00024957,82,Location Mismatch,Resolved,2025-02-03 08:52:57,Veer Bir,EMP00000050,2025-02-21,2026-07-25 05:53:14.474447,,Fraud Detection System
ALR00002539,TR00197420,53,Card Not Present,False Positive,2026-05-24 04:03:48,Pallavi Kakar,EMP00000043,2026-06-04,2026-07-25 05:53:14.475447,,Fraud Detection System
ALR00002540,TR00115445,62,Blacklisted Merchant,Under Investigation,2019-04-11 02:38:56,Rudra Sandal,EMP00000245,,2026-07-25 05:53:14.476449,,Fraud Detection System
ALR00002541,TR00031115,22,Multiple Failed Attempts,False Positive,2026-07-21 01:17:16,Ekaja Zachariah,EMP00000158,2026-07-23,2026-07-25 05:53:14.477449,,Fraud Detection System
ALR00002542,TR00215306,84,Unusual Spending Pattern,Closed,2016-11-19 05:33:53,Ekansh Keer,EMP00000077,2016-11-22,2026-07-25 05:53:14.478555,,Fraud Detection System
ALR00002543,TR00110819,50,Location Mismatch,Resolved,2025-05-06 03:40:05,Rudra Sandal,EMP00000245,2025-05-24,2026-07-25 05:53:14.479550,,Fraud Detection System
ALR00002544,TR00000194,46,Multiple Failed Attempts,Resolved,2026-07-21 07:57:32,Yagnesh Shan,EMP00000279,2026-07-22,2026-07-25 05:53:14.480577,,Fraud Detection System
ALR00002545,TR00239673,67,Unusual Spending Pattern,Under Investigation,2018-08-29 02:04:56,Diya Rattan,EMP00000016,,2026-07-25 05:53:14.481563,,Fraud Detection System
ALR00002546,TR00050405,29,Blacklisted Merchant,Resolved,2020-03-01 23:59:57,Yagnesh Shan,EMP00000279,2020-03-02,2026-07-25 05:53:14.482579,,Fraud Detection System
ALR00002547,TR00172955,60,Location Mismatch,False Positive,2024-01-17 01:57:35,Nakul Bhandari,EMP00000075,2024-02-01,2026-07-25 05:53:14.484556,,Fraud Detection System
ALR00002548,TR00032853,57,Unusual Spending Pattern,Under Investigation,2025-01-20 17:42:27,Vaishnavi Bora,EMP00000143,,2026-07-25 05:53:14.485567,,Fraud Detection System
ALR00002549,TR00163224,94,Card Not Present,Resolved,2024-02-07 02:46:40,Jagdish Koshy,EMP00000078,2024-02-11,2026-07-25 05:53:14.486547,,Fraud Detection System
ALR00002550,TR00039812,21,Blacklisted Merchant,Resolved,2020-08-03 23:00:58,Balveer Bumb,EMP00000079,2020-08-19,2026-07-25 05:53:14.487544,,Fraud Detection System
ALR00002551,TR00233513,33,Velocity Check Failed,False Positive,2013-03-16 12:46:54,Jeremiah Dave,EMP00000041,2013-03-23,2026-07-25 05:53:14.488451,,Fraud Detection System
ALR00002552,TR00068464,13,Velocity Check Failed,Under Investigation,2024-11-16 05:23:55,Devansh Sachdeva,EMP00000161,,2026-07-25 05:53:14.489552,,Fraud Detection System
ALR00002553,TR00164291,36,Card Not Present,Resolved,2014-04-30 22:59:25,Aadhya Andra,EMP00000312,2014-05-06,2026-07-25 05:53:14.490457,,Fraud Detection System
ALR00002554,TR00062490,65,Multiple Failed Attempts,Under Investigation,2022-06-24 19:46:19,Yuvraj Handa,EMP00000060,,2026-07-25 05:53:14.491455,,Fraud Detection System
ALR00002555,TR00093170,67,Unusual Spending Pattern,Under Investigation,2021-08-09 08:49:08,Kiaan Shetty,EMP00000150,,2026-07-25 05:53:14.493459,,Fraud Detection System
ALR00002556,TR00226477,59,Card Not Present,Open,2014-08-08 23:10:26,,,,2026-07-25 05:53:14.493459,,Fraud Detection System
ALR00002557,TR00041532,41,Unusual Spending Pattern,Resolved,2023-12-30 19:32:11,Adweta Edwin,EMP00000099,2023-12-31,2026-07-25 05:53:14.494463,,Fraud Detection System
ALR00002558,TR00099378,0,Card Not Present,Open,2023-09-06 19:07:24,,,,2026-07-25 05:53:14.495497,,Fraud Detection System
ALR00002559,TR00076552,80,Location Mismatch,False Positive,2025-03-01 18:59:02,Hritik Kaur,EMP00000338,2025-03-14,2026-07-25 05:53:14.496468,,Fraud Detection System
ALR00002560,TR00175657,79,Card Not Present,Under Investigation,2023-10-23 20:31:33,Zayan Behl,EMP00000096,,2026-07-25 05:53:14.497455,,Fraud Detection System
ALR00002561,TR00058402,88,Card Not Present,Open,2013-10-20 20:34:56,,,,2026-07-25 05:53:14.498450,,Fraud Detection System
ALR00002562,TR00164504,49,Location Mismatch,Resolved,2020-06-27 20:51:46,Banjeet Balasubramanian,EMP00000182,2020-07-19,2026-07-25 05:53:14.499451,,Fraud Detection System
ALR00002563,TR00176718,9,Multiple Failed Attempts,Open,2015-07-04 10:37:50,,,,2026-07-25 05:53:14.499451,,Fraud Detection System
ALR00002564,TR00000309,83,Multiple Failed Attempts,Resolved,2022-09-16 23:38:19,Jack Rajan,EMP00000123,2022-09-22,2026-07-25 05:53:14.500811,,Fraud Detection System
ALR00002565,TR00119752,48,Unusual Spending Pattern,Resolved,2024-12-22 07:01:06,Jeremiah Dave,EMP00000041,2025-01-13,2026-07-25 05:53:14.501858,,Fraud Detection System
ALR00002566,TR00033027,91,Multiple Failed Attempts,False Positive,2026-07-09 05:06:54,Gaurang Murty,EMP00000264,2026-07-19,2026-07-25 05:53:14.502858,,Fraud Detection System
ALR00002567,TR00056406,74,Velocity Check Failed,Closed,2023-06-12 01:35:58,Nakul Bhandari,EMP00000075,2023-07-11,2026-07-25 05:53:14.503858,,Fraud Detection System
ALR00002568,TR00170720,1,Blacklisted Merchant,Resolved,2010-12-07 23:52:37,Hritik Kaur,EMP00000338,2010-12-07,2026-07-25 05:53:14.505858,,Fraud Detection System
ALR00002569,TR00002495,28,Blacklisted Merchant,Resolved,2024-05-17 18:34:40,Ekaja Zachariah,EMP00000158,2024-05-20,2026-07-25 05:53:14.506865,,Fraud Detection System
ALR00002570,TR00174791,85,Unusual Spending Pattern,Resolved,2026-05-21 02:43:41,Veer Bir,EMP00000050,2026-05-21,2026-07-25 05:53:14.507867,,Fraud Detection System
ALR00002571,TR00205648,5,Location Mismatch,Resolved,2025-09-06 01:06:10,Lajita Seshadri,EMP00000235,2025-09-18,2026-07-25 05:53:14.508859,,Fraud Detection System
ALR00002572,TR00247046,61,Velocity Check Failed,Open,2022-04-19 21:38:57,,,,2026-07-25 05:53:14.509863,,Fraud Detection System
ALR00002573,TR00106085,95,Unusual Spending Pattern,Closed,2026-04-26 18:34:43,Diya Rattan,EMP00000016,2026-05-06,2026-07-25 05:53:14.510868,,Fraud Detection System
ALR00002574,TR00032934,5,Location Mismatch,Under Investigation,2010-04-17 08:54:32,Kiaan Shetty,EMP00000150,,2026-07-25 05:53:14.511874,,Fraud Detection System
ALR00002575,TR00018169,59,Blacklisted Merchant,Resolved,2019-04-23 09:13:08,Zayyan Bumb,EMP00000179,2019-04-30,2026-07-25 05:53:14.512868,,Fraud Detection System
ALR00002576,TR00096171,16,Multiple Failed Attempts,Resolved,2018-03-19 08:26:26,Yuvraj Handa,EMP00000060,2018-04-14,2026-07-25 05:53:14.513876,,Fraud Detection System
ALR00002577,TR00183756,70,Velocity Check Failed,Resolved,2020-07-08 13:58:22,Benjamin Morar,EMP00000104,2020-08-06,2026-07-25 05:53:14.514876,,Fraud Detection System
ALR00002578,TR00025709,15,Unusual Spending Pattern,Under Investigation,2019-07-11 19:07:34,Pallavi Kakar,EMP00000043,,2026-07-25 05:53:14.515870,,Fraud Detection System
ALR00002579,TR00078694,80,High Transaction Amount,Under Investigation,2016-01-24 14:38:41,Jagdish Koshy,EMP00000078,,2026-07-25 05:53:14.516877,,Fraud Detection System
ALR00002580,TR00221134,61,High Transaction Amount,Under Investigation,2015-04-23 08:41:43,Veer Bir,EMP00000050,,2026-07-25 05:53:14.517871,,Fraud Detection System
ALR00002581,TR00034059,39,High Transaction Amount,Under Investigation,2025-04-11 12:40:58,Sudiksha Aggarwal,EMP00000031,,2026-07-25 05:53:14.518871,,Fraud Detection System
ALR00002582,TR00194648,12,Velocity Check Failed,Resolved,2014-01-12 18:19:59,Aahana Pillay,EMP00000186,2014-02-06,2026-07-25 05:53:14.520860,,Fraud Detection System
ALR00002583,TR00189517,48,Unusual Spending Pattern,Resolved,2024-12-24 01:05:00,Zayyan Bumb,EMP00000179,2025-01-13,2026-07-25 05:53:14.522856,,Fraud Detection System
ALR00002584,TR00033152,97,Card Not Present,Resolved,2023-07-26 18:32:26,Kiaan Shetty,EMP00000150,2023-07-31,2026-07-25 05:53:14.523856,,Fraud Detection System
ALR00002585,TR00248216,22,Unusual Spending Pattern,Resolved,2024-07-12 21:39:23,Lajita Seshadri,EMP00000235,2024-07-25,2026-07-25 05:53:14.525856,,Fraud Detection System
ALR00002586,TR00035474,48,High Transaction Amount,Under Investigation,2023-03-26 18:04:04,Nimrat Dubey,EMP00000296,,2026-07-25 05:53:14.526855,,Fraud Detection System
ALR00002587,TR00133245,65,Unusual Spending Pattern,Closed,2022-12-26 14:29:00,Nimrat Dubey,EMP00000296,2023-01-06,2026-07-25 05:53:14.527950,,Fraud Detection System
ALR00002588,TR00002277,43,High Transaction Amount,Closed,2023-09-22 22:57:03,Balendra Pingle,EMP00000102,2023-10-06,2026-07-25 05:53:14.529859,,Fraud Detection System
ALR00002589,TR00163228,77,High Transaction Amount,False Positive,2021-05-25 08:29:38,Yuvraj Handa,EMP00000060,2021-05-30,2026-07-25 05:53:14.530855,,Fraud Detection System
ALR00002590,TR00110517,15,Card Not Present,Under Investigation,2026-04-24 20:10:49,Nilima Nath,EMP00000260,,2026-07-25 05:53:14.531972,,Fraud Detection System
ALR00002591,TR00181577,0,Unusual Spending Pattern,Open,2024-04-04 21:08:50,,,,2026-07-25 05:53:14.532966,,Fraud Detection System
ALR00002592,TR00157876,72,Multiple Failed Attempts,False Positive,2016-09-23 23:37:47,Aahana Pillay,EMP00000186,2016-09-25,2026-07-25 05:53:14.533857,,Fraud Detection System
ALR00002593,TR00037767,90,Card Not Present,Resolved,2025-01-01 05:56:06,Balendra Pingle,EMP00000102,2025-01-12,2026-07-25 05:53:14.534942,,Fraud Detection System
ALR00002594,TR00103328,7,High Transaction Amount,Under Investigation,2026-05-08 03:00:22,Prisha Andra,EMP00000100,,2026-07-25 05:53:14.535953,,Fraud Detection System
ALR00002595,TR00172394,99,High Transaction Amount,Resolved,2022-11-05 22:09:50,Balendra Pingle,EMP00000102,2022-11-25,2026-07-25 05:53:14.536867,,Fraud Detection System
ALR00002596,TR00215814,70,Velocity Check Failed,Under Investigation,2026-01-07 13:34:22,Onveer Walla,EMP00000012,,2026-07-25 05:53:14.537858,,Fraud Detection System
ALR00002597,TR00021894,5,Velocity Check Failed,False Positive,2026-04-13 13:56:06,Rudra Sandal,EMP00000245,2026-05-05,2026-07-25 05:53:14.538855,,Fraud Detection System
ALR00002598,TR00025224,12,Unusual Spending Pattern,Under Investigation,2011-09-04 00:14:51,Yuvraj Handa,EMP00000060,,2026-07-25 05:53:14.540857,,Fraud Detection System
ALR00002599,TR00189294,55,Location Mismatch,Closed,2026-06-30 15:27:19,Prisha Andra,EMP00000100,2026-07-03,2026-07-25 05:53:14.541865,,Fraud Detection System
ALR00002600,TR00148075,71,Velocity Check Failed,Resolved,2025-10-12 19:27:33,Pranav Lanka,EMP00000120,2025-10-17,2026-07-25 05:53:14.542857,,Fraud Detection System
ALR00002601,TR00096439,12,Location Mismatch,Under Investigation,2026-03-01 13:36:11,Jeremiah Dave,EMP00000041,,2026-07-25 05:53:14.543866,,Fraud Detection System
ALR00002602,TR00241032,46,Unusual Spending Pattern,Open,2014-03-24 07:03:15,,,,2026-07-25 05:53:14.544953,,Fraud Detection System
ALR00002603,TR00078982,11,Card Not Present,Open,2023-08-05 20:07:41,,,,2026-07-25 05:53:14.544953,,Fraud Detection System
ALR00002604,TR00034807,37,Location Mismatch,Under Investigation,2016-04-13 20:10:21,Aditya Shanker,EMP00000084,,2026-07-25 05:53:14.545902,,Fraud Detection System
ALR00002605,TR00069226,46,Velocity Check Failed,Resolved,2025-11-07 03:03:17,Pallavi Kakar,EMP00000043,2025-12-01,2026-07-25 05:53:14.546957,,Fraud Detection System
ALR00002606,TR00021206,56,High Transaction Amount,Under Investigation,2020-10-11 14:23:49,Chandresh Sood,EMP00000074,,2026-07-25 05:53:14.548855,,Fraud Detection System
ALR00002607,TR00139105,10,High Transaction Amount,Resolved,2024-02-29 11:07:42,Divya Kala,EMP00000018,2024-03-28,2026-07-25 05:53:14.549954,,Fraud Detection System
ALR00002608,TR00150778,3,Blacklisted Merchant,Open,2017-05-20 09:47:56,,,,2026-07-25 05:53:14.549954,,Fraud Detection System
ALR00002609,TR00152890,28,High Transaction Amount,False Positive,2024-10-02 01:58:56,Jagdish Koshy,EMP00000078,2024-10-28,2026-07-25 05:53:14.550953,,Fraud Detection System
ALR00002610,TR00196151,37,Card Not Present,Closed,2025-01-15 12:50:24,Prisha Andra,EMP00000100,2025-01-15,2026-07-25 05:53:14.552962,,Fraud Detection System
ALR00002611,TR00173478,59,Unusual Spending Pattern,Closed,2020-12-21 03:50:30,Pranav Lanka,EMP00000120,2021-01-15,2026-07-25 05:53:14.553960,,Fraud Detection System
ALR00002612,TR00212756,20,Velocity Check Failed,Closed,2023-11-22 21:25:43,Chandresh Sood,EMP00000074,2023-12-19,2026-07-25 05:53:14.554954,,Fraud Detection System
ALR00002613,TR00165347,55,Location Mismatch,Resolved,2025-07-06 07:26:42,Ronith Patla,EMP00000126,2025-07-17,2026-07-25 05:53:14.555956,,Fraud Detection System
ALR00002614,TR00075674,63,Multiple Failed Attempts,False Positive,2017-07-24 05:01:10,Chaaya Saran,EMP00000030,2017-07-30,2026-07-25 05:53:14.556954,,Fraud Detection System
ALR00002615,TR00130003,22,Velocity Check Failed,Under Investigation,2025-01-06 13:27:32,Benjamin Morar,EMP00000104,,2026-07-25 05:53:14.557955,,Fraud Detection System
ALR00002616,TR00128016,25,Velocity Check Failed,Resolved,2021-03-20 18:20:46,Aahana Pillay,EMP00000186,2021-04-03,2026-07-25 05:53:14.558856,,Fraud Detection System
ALR00002617,TR00188131,44,Unusual Spending Pattern,False Positive,2025-09-10 23:19:34,Banjeet Balasubramanian,EMP00000182,2025-09-30,2026-07-25 05:53:14.559980,,Fraud Detection System
ALR00002618,TR00074208,97,Multiple Failed Attempts,False Positive,2019-08-14 19:28:01,Ekansh Keer,EMP00000077,2019-08-14,2026-07-25 05:53:14.561858,,Fraud Detection System
ALR00002619,TR00014094,90,Multiple Failed Attempts,False Positive,2013-06-20 10:23:28,Ronith Patla,EMP00000126,2013-07-19,2026-07-25 05:53:14.562856,,Fraud Detection System
ALR00002620,TR00224999,66,Unusual Spending Pattern,Resolved,2020-06-08 14:26:26,Kashvi Sarma,EMP00000045,2020-06-25,2026-07-25 05:53:14.563858,,Fraud Detection System
ALR00002621,TR00238847,45,Multiple Failed Attempts,Closed,2014-11-20 09:57:12,Aditya Shanker,EMP00000084,2014-12-01,2026-07-25 05:53:14.564855,,Fraud Detection System
ALR00002622,TR00124255,48,Location Mismatch,Open,2022-10-18 04:52:02,,,,2026-07-25 05:53:14.564855,,Fraud Detection System
ALR00002623,TR00028308,19,Card Not Present,Under Investigation,2026-05-11 19:19:26,Zaid Dara,EMP00000149,,2026-07-25 05:53:14.565858,,Fraud Detection System
ALR00002624,TR00125429,12,Velocity Check Failed,Closed,2022-03-14 13:42:47,Vaishnavi Bora,EMP00000143,2022-04-10,2026-07-25 05:53:14.568302,,Fraud Detection System
ALR00002625,TR00149258,67,Multiple Failed Attempts,Resolved,2025-07-11 20:53:45,Banjeet Balasubramanian,EMP00000182,2025-07-31,2026-07-25 05:53:14.569328,,Fraud Detection System
ALR00002626,TR00132644,6,High Transaction Amount,Resolved,2021-03-18 19:03:24,Jagdish Koshy,EMP00000078,2021-03-27,2026-07-25 05:53:14.570325,,Fraud Detection System
ALR00002627,TR00244779,49,Multiple Failed Attempts,Closed,2025-04-07 09:46:20,Ishwar Kamdar,EMP00000185,2025-04-11,2026-07-25 05:53:14.571329,,Fraud Detection System
ALR00002628,TR00246762,83,Velocity Check Failed,Under Investigation,2019-02-26 17:55:00,Hritik Kaur,EMP00000338,,2026-07-25 05:53:14.572326,,Fraud Detection System
ALR00002629,TR00233802,50,Unusual Spending Pattern,Open,2025-07-24 17:08:14,,,,2026-07-25 05:53:14.573332,,Fraud Detection System
ALR00002630,TR00032880,43,Blacklisted Merchant,Under Investigation,2022-07-19 19:30:16,Chaaya Saran,EMP00000030,,2026-07-25 05:53:14.574319,,Fraud Detection System
ALR00002631,TR00216054,23,Card Not Present,Open,2021-09-08 15:19:04,,,,2026-07-25 05:53:14.574319,,Fraud Detection System
ALR00002632,TR00142706,30,High Transaction Amount,Resolved,2025-08-24 20:14:32,Chandresh Sood,EMP00000074,2025-09-18,2026-07-25 05:53:14.575324,,Fraud Detection System
ALR00002633,TR00091459,46,Location Mismatch,Open,2018-01-17 17:21:47,,,,2026-07-25 05:53:14.576318,,Fraud Detection System
ALR00002634,TR00171439,80,Unusual Spending Pattern,Resolved,2025-11-08 01:33:39,Vaishnavi Bora,EMP00000143,2025-11-25,2026-07-25 05:53:14.577316,,Fraud Detection System
ALR00002635,TR00191947,87,Location Mismatch,Closed,2024-09-27 14:42:57,Yagnesh Shan,EMP00000279,2024-09-30,2026-07-25 05:53:14.578324,,Fraud Detection System
ALR00002636,TR00238816,68,Multiple Failed Attempts,Resolved,2024-05-13 23:35:26,Nicholas Goel,EMP00000108,2024-06-07,2026-07-25 05:53:14.579413,,Fraud Detection System
ALR00002637,TR00193779,69,Multiple Failed Attempts,Closed,2018-11-30 09:27:06,Yuvraj Handa,EMP00000060,2018-12-26,2026-07-25 05:53:14.580409,,Fraud Detection System
ALR00002638,TR00004233,15,Velocity Check Failed,Resolved,2023-01-20 21:26:04,Jack Rajan,EMP00000123,2023-02-13,2026-07-25 05:53:14.581428,,Fraud Detection System
ALR00002639,TR00017372,32,High Transaction Amount,Resolved,2025-02-19 21:12:44,Ronith Patla,EMP00000126,2025-03-15,2026-07-25 05:53:14.583418,,Fraud Detection System
ALR00002640,TR00065392,42,Blacklisted Merchant,Resolved,2026-04-22 03:13:44,Nicholas Goel,EMP00000108,2026-05-18,2026-07-25 05:53:14.584401,,Fraud Detection System
ALR00002641,TR00010148,100,Unusual Spending Pattern,Resolved,2021-04-02 07:12:26,Oni Dubey,EMP00000346,2021-04-02,2026-07-25 05:53:14.585373,,Fraud Detection System
ALR00002642,TR00015650,12,Card Not Present,Under Investigation,2025-02-17 15:42:27,Anirudh Zacharia,EMP00000180,,2026-07-25 05:53:14.586312,,Fraud Detection System
ALR00002643,TR00198766,3,Velocity Check Failed,False Positive,2008-12-09 03:18:40,Meghana Maharaj,EMP00000320,2008-12-27,2026-07-25 05:53:14.587419,,Fraud Detection System
ALR00002644,TR00127319,22,Card Not Present,Under Investigation,2025-02-18 08:10:56,Devansh Sachdeva,EMP00000161,,2026-07-25 05:53:14.588408,,Fraud Detection System
ALR00002645,TR00157964,17,Location Mismatch,Resolved,2018-09-23 11:12:47,Balendra Pingle,EMP00000102,2018-10-15,2026-07-25 05:53:14.589402,,Fraud Detection System
ALR00002646,TR00125834,57,Multiple Failed Attempts,Resolved,2018-02-03 08:12:15,Balveer Parmar,EMP00000105,2018-02-05,2026-07-25 05:53:14.590411,,Fraud Detection System
ALR00002647,TR00104394,38,Blacklisted Merchant,False Positive,2025-12-14 21:16:41,Nimrat Dubey,EMP00000296,2026-01-01,2026-07-25 05:53:14.591416,,Fraud Detection System
ALR00002648,TR00176253,12,Blacklisted Merchant,Open,2025-01-17 09:43:38,,,,2026-07-25 05:53:14.592313,,Fraud Detection System
ALR00002649,TR00020771,24,Velocity Check Failed,False Positive,2019-12-25 21:45:10,Oni Dubey,EMP00000346,2020-01-12,2026-07-25 05:53:14.593420,,Fraud Detection System
ALR00002650,TR00134905,16,Multiple Failed Attempts,Resolved,2020-05-25 05:46:55,Divya Kala,EMP00000018,2020-06-06,2026-07-25 05:53:14.594316,,Fraud Detection System
ALR00002651,TR00154994,26,High Transaction Amount,Open,2025-12-26 23:52:33,,,,2026-07-25 05:53:14.595351,,Fraud Detection System
ALR00002652,TR00069400,74,Velocity Check Failed,Resolved,2025-11-21 18:29:17,Divya Kala,EMP00000018,2025-11-21,2026-07-25 05:53:14.596310,,Fraud Detection System
ALR00002653,TR00077750,28,Card Not Present,Resolved,2026-06-09 17:36:37,Alka Dewan,EMP00000020,2026-06-26,2026-07-25 05:53:14.597311,,Fraud Detection System
ALR00002654,TR00128455,17,Multiple Failed Attempts,Under Investigation,2022-12-13 07:57:56,Nimrat Dubey,EMP00000296,,2026-07-25 05:53:14.598315,,Fraud Detection System
ALR00002655,TR00050683,37,Multiple Failed Attempts,Resolved,2022-03-26 15:39:03,Pranav Lanka,EMP00000120,2022-03-29,2026-07-25 05:53:14.599313,,Fraud Detection System
ALR00002656,TR00203549,20,Blacklisted Merchant,Under Investigation,2025-01-23 19:20:07,Yuvraj Handa,EMP00000060,,2026-07-25 05:53:14.600315,,Fraud Detection System
ALR00002657,TR00134832,24,Blacklisted Merchant,Resolved,2026-06-18 08:37:03,Adweta Edwin,EMP00000099,2026-07-04,2026-07-25 05:53:14.601664,,Fraud Detection System
ALR00002658,TR00098117,52,Multiple Failed Attempts,Open,2024-02-04 17:50:33,,,,2026-07-25 05:53:14.601664,,Fraud Detection System
ALR00002659,TR00159364,90,Location Mismatch,Under Investigation,2022-04-01 02:59:10,Jagdish Koshy,EMP00000078,,2026-07-25 05:53:14.602702,,Fraud Detection System
ALR00002660,TR00209735,68,Blacklisted Merchant,Under Investigation,2021-06-02 10:08:48,Jagdish Koshy,EMP00000078,,2026-07-25 05:53:14.604692,,Fraud Detection System
ALR00002661,TR00170939,55,High Transaction Amount,Open,2019-05-15 10:45:52,,,,2026-07-25 05:53:14.604692,,Fraud Detection System
ALR00002662,TR00016988,33,Multiple Failed Attempts,Closed,2019-08-09 14:11:23,Frederick Khurana,EMP00000208,2019-08-20,2026-07-25 05:53:14.605698,,Fraud Detection System
ALR00002663,TR00175480,23,Location Mismatch,Closed,2024-08-10 20:34:52,Adweta Edwin,EMP00000099,2024-08-15,2026-07-25 05:53:14.606695,,Fraud Detection System
ALR00002664,TR00183491,4,Velocity Check Failed,Under Investigation,2024-06-09 09:10:36,Prisha Andra,EMP00000100,,2026-07-25 05:53:14.607705,,Fraud Detection System
ALR00002665,TR00212501,60,Card Not Present,Resolved,2026-02-23 01:28:56,Ronith Patla,EMP00000126,2026-03-23,2026-07-25 05:53:14.609692,,Fraud Detection System
ALR00002666,TR00014933,42,Card Not Present,Resolved,2022-08-07 01:39:22,Rudra Sandal,EMP00000245,2022-08-23,2026-07-25 05:53:14.610692,,Fraud Detection System
ALR00002667,TR00021742,16,Multiple Failed Attempts,Under Investigation,2023-11-11 19:05:05,Pranav Lanka,EMP00000120,,2026-07-25 05:53:14.611691,,Fraud Detection System
ALR00002668,TR00109088,40,High Transaction Amount,Under Investigation,2020-03-28 00:16:40,Vaishnavi Bora,EMP00000143,,2026-07-25 05:53:14.612791,,Fraud Detection System
ALR00002669,TR00113875,2,High Transaction Amount,Resolved,2024-08-01 16:39:26,Nakul Bhandari,EMP00000075,2024-08-07,2026-07-25 05:53:14.613691,,Fraud Detection System
ALR00002670,TR00153206,100,Card Not Present,Under Investigation,2025-10-04 16:13:37,Yagnesh Shan,EMP00000279,,2026-07-25 05:53:14.615690,,Fraud Detection System
ALR00002671,TR00077620,25,High Transaction Amount,Open,2026-01-29 08:58:00,,,,2026-07-25 05:53:14.616698,,Fraud Detection System
ALR00002672,TR00186469,61,Unusual Spending Pattern,Resolved,2016-12-21 20:39:33,Diya Rattan,EMP00000016,2016-12-23,2026-07-25 05:53:14.618690,,Fraud Detection System
ALR00002673,TR00186237,12,Blacklisted Merchant,Resolved,2025-03-04 17:05:18,Vaishnavi Bora,EMP00000143,2025-03-21,2026-07-25 05:53:14.619694,,Fraud Detection System
ALR00002674,TR00029918,40,Location Mismatch,Open,2025-05-29 10:17:06,,,,2026-07-25 05:53:14.620693,,Fraud Detection System
ALR00002675,TR00177816,86,Card Not Present,Resolved,2018-05-21 16:37:30,Hritik Kaur,EMP00000338,2018-06-16,2026-07-25 05:53:14.621690,,Fraud Detection System
ALR00002676,TR00176188,0,Unusual Spending Pattern,Under Investigation,2017-09-21 18:42:05,Chandresh Sood,EMP00000074,,2026-07-25 05:53:14.622690,,Fraud Detection System
ALR00002677,TR00041063,23,Blacklisted Merchant,Resolved,2020-09-20 13:17:05,Mohini Pathak,EMP00000022,2020-10-06,2026-07-25 05:53:14.623690,,Fraud Detection System
ALR00002678,TR00238415,38,Location Mismatch,Resolved,2024-09-17 17:37:22,Sudiksha Aggarwal,EMP00000031,2024-09-25,2026-07-25 05:53:14.624690,,Fraud Detection System
ALR00002679,TR00131318,82,High Transaction Amount,Under Investigation,2024-10-25 22:30:57,Rudra Sandal,EMP00000245,,2026-07-25 05:53:14.626695,,Fraud Detection System
ALR00002680,TR00197235,38,Unusual Spending Pattern,Resolved,2013-06-17 05:29:46,Oni Dubey,EMP00000346,2013-07-09,2026-07-25 05:53:14.627691,,Fraud Detection System
ALR00002681,TR00181119,45,High Transaction Amount,Resolved,2020-12-14 06:25:25,Zaid Dara,EMP00000149,2021-01-06,2026-07-25 05:53:14.629690,,Fraud Detection System
ALR00002682,TR00041895,13,Multiple Failed Attempts,Open,2023-10-03 16:49:35,,,,2026-07-25 05:53:14.630841,,Fraud Detection System
ALR00002683,TR00031753,66,Unusual Spending Pattern,False Positive,2023-04-20 19:00:58,Aahana Pillay,EMP00000186,2023-04-28,2026-07-25 05:53:14.631858,,Fraud Detection System
ALR00002684,TR00196757,49,Location Mismatch,Resolved,2026-03-15 19:55:04,Lajita Seshadri,EMP00000235,2026-03-21,2026-07-25 05:53:14.632863,,Fraud Detection System
ALR00002685,TR00067124,58,Card Not Present,Resolved,2025-11-01 08:40:55,Adweta Edwin,EMP00000099,2025-11-04,2026-07-25 05:53:14.633893,,Fraud Detection System
ALR00002686,TR00222566,0,Multiple Failed Attempts,Under Investigation,2026-02-25 09:02:52,Aahana Pillay,EMP00000186,,2026-07-25 05:53:14.635858,,Fraud Detection System
ALR00002687,TR00194026,31,Unusual Spending Pattern,False Positive,2011-09-15 16:22:50,Kashvi Sarma,EMP00000045,2011-10-07,2026-07-25 05:53:14.636858,,Fraud Detection System
ALR00002688,TR00007403,52,Blacklisted Merchant,Resolved,2025-12-29 20:57:48,Zaid Dara,EMP00000149,2025-12-30,2026-07-25 05:53:14.637858,,Fraud Detection System
ALR00002689,TR00203362,57,Blacklisted Merchant,False Positive,2017-07-13 10:51:04,Banjeet Balasubramanian,EMP00000182,2017-07-27,2026-07-25 05:53:14.638859,,Fraud Detection System
ALR00002690,TR00067937,77,High Transaction Amount,Under Investigation,2021-09-10 04:49:47,Lajita Seshadri,EMP00000235,,2026-07-25 05:53:14.639870,,Fraud Detection System
ALR00002691,TR00016461,1,Blacklisted Merchant,Resolved,2025-10-25 00:45:44,Aditya Shanker,EMP00000084,2025-11-03,2026-07-25 05:53:14.641858,,Fraud Detection System
ALR00002692,TR00178888,99,High Transaction Amount,Open,2023-09-13 16:32:14,,,,2026-07-25 05:53:14.641858,,Fraud Detection System
ALR00002693,TR00144832,45,High Transaction Amount,Under Investigation,2025-07-31 01:49:40,Yagnesh Shan,EMP00000279,,2026-07-25 05:53:14.643857,,Fraud Detection System
ALR00002694,TR00019612,53,Unusual Spending Pattern,Open,2012-10-03 23:14:40,,,,2026-07-25 05:53:14.643857,,Fraud Detection System
ALR00002695,TR00114276,1,Location Mismatch,False Positive,2016-01-05 11:50:41,Sudiksha Aggarwal,EMP00000031,2016-01-07,2026-07-25 05:53:14.645858,,Fraud Detection System
ALR00002696,TR00090098,9,Location Mismatch,False Positive,2024-01-05 06:59:08,Zayan Behl,EMP00000096,2024-01-14,2026-07-25 05:53:14.646857,,Fraud Detection System
ALR00002697,TR00125437,95,Multiple Failed Attempts,Resolved,2019-05-20 17:08:24,Anirudh Zacharia,EMP00000180,2019-05-22,2026-07-25 05:53:14.647857,,Fraud Detection System
ALR00002698,TR00142357,61,Card Not Present,Open,2024-08-30 20:37:29,,,,2026-07-25 05:53:14.648864,,Fraud Detection System
ALR00002699,TR00092038,75,High Transaction Amount,Open,2025-05-08 20:40:01,,,,2026-07-25 05:53:14.648864,,Fraud Detection System
ALR00002700,TR00063555,37,Unusual Spending Pattern,Open,2018-12-22 18:05:40,,,,2026-07-25 05:53:14.649858,,Fraud Detection System
ALR00002701,TR00025848,36,Velocity Check Failed,Resolved,2020-05-26 11:54:52,Frederick Khurana,EMP00000208,2020-06-10,2026-07-25 05:53:14.650862,,Fraud Detection System
ALR00002702,TR00144141,4,Velocity Check Failed,Open,2019-09-13 00:13:09,,,,2026-07-25 05:53:14.651854,,Fraud Detection System
ALR00002703,TR00181671,27,Card Not Present,Resolved,2025-11-27 11:13:38,Yagnesh Shan,EMP00000279,2025-12-12,2026-07-25 05:53:14.652866,,Fraud Detection System
ALR00002704,TR00056937,88,High Transaction Amount,Resolved,2025-06-18 15:36:19,Sudiksha Aggarwal,EMP00000031,2025-07-13,2026-07-25 05:53:14.654858,,Fraud Detection System
ALR00002705,TR00127826,92,Location Mismatch,Resolved,2024-04-18 03:18:35,Jack Rajan,EMP00000123,2024-05-07,2026-07-25 05:53:14.655858,,Fraud Detection System
ALR00002706,TR00011250,70,Unusual Spending Pattern,Resolved,2020-11-04 16:09:56,Nakul Bhandari,EMP00000075,2020-11-30,2026-07-25 05:53:14.656858,,Fraud Detection System
ALR00002707,TR00216663,28,Card Not Present,Under Investigation,2025-04-09 22:45:13,Yagnesh Shan,EMP00000279,,2026-07-25 05:53:14.657868,,Fraud Detection System
ALR00002708,TR00061056,36,Card Not Present,Open,2026-02-09 22:55:23,,,,2026-07-25 05:53:14.658862,,Fraud Detection System
ALR00002709,TR00118497,85,Card Not Present,False Positive,2017-03-19 09:16:39,Nakul Sarma,EMP00000089,2017-04-10,2026-07-25 05:53:14.659853,,Fraud Detection System
ALR00002710,TR00096144,49,Location Mismatch,Under Investigation,2016-03-13 08:30:52,Alka Dewan,EMP00000020,,2026-07-25 05:53:14.661855,,Fraud Detection System
ALR00002711,TR00037469,55,Blacklisted Merchant,Open,2024-07-28 22:18:24,,,,2026-07-25 05:53:14.662854,,Fraud Detection System
ALR00002712,TR00233111,93,Blacklisted Merchant,Under Investigation,2020-07-17 10:46:18,Ronith Patla,EMP00000126,,2026-07-25 05:53:14.664854,,Fraud Detection System
ALR00002713,TR00215256,51,Velocity Check Failed,Resolved,2016-08-29 20:41:38,Ekansh Keer,EMP00000077,2016-09-10,2026-07-25 05:53:14.665853,,Fraud Detection System
ALR00002714,TR00138980,22,Card Not Present,Under Investigation,2022-12-19 00:42:31,Onveer Walla,EMP00000012,,2026-07-25 05:53:14.667851,,Fraud Detection System
ALR00002715,TR00228830,68,Velocity Check Failed,Under Investigation,2014-01-13 07:14:29,Nilima Nath,EMP00000260,,2026-07-25 05:53:14.669852,,Fraud Detection System
ALR00002716,TR00186243,27,High Transaction Amount,Resolved,2013-01-07 01:01:23,Zayan Behl,EMP00000096,2013-01-08,2026-07-25 05:53:14.670855,,Fraud Detection System
ALR00002717,TR00105343,22,Unusual Spending Pattern,Resolved,2013-12-10 20:36:05,Yagnesh Shan,EMP00000279,2013-12-19,2026-07-25 05:53:14.671852,,Fraud Detection System
ALR00002718,TR00080821,61,Multiple Failed Attempts,Resolved,2026-03-22 21:48:45,Zayan Behl,EMP00000096,2026-04-04,2026-07-25 05:53:14.673852,,Fraud Detection System
ALR00002719,TR00104628,67,Unusual Spending Pattern,False Positive,2024-03-24 20:22:28,Hritik Kaur,EMP00000338,2024-04-10,2026-07-25 05:53:14.674853,,Fraud Detection System
ALR00002720,TR00181020,66,Unusual Spending Pattern,Open,2026-02-27 05:02:25,,,,2026-07-25 05:53:14.675852,,Fraud Detection System
ALR00002721,TR00067753,66,Card Not Present,Under Investigation,2023-08-02 16:27:27,Aadhya Andra,EMP00000312,,2026-07-25 05:53:14.676853,,Fraud Detection System
ALR00002722,TR00019810,26,High Transaction Amount,Under Investigation,2026-01-26 21:46:28,Benjamin Morar,EMP00000104,,2026-07-25 05:53:14.677863,,Fraud Detection System
ALR00002723,TR00093417,6,Blacklisted Merchant,Closed,2016-07-21 12:19:42,Sudiksha Aggarwal,EMP00000031,2016-07-23,2026-07-25 05:53:14.679856,,Fraud Detection System
ALR00002724,TR00126141,45,Unusual Spending Pattern,Open,2024-02-07 13:09:29,,,,2026-07-25 05:53:14.679856,,Fraud Detection System
ALR00002725,TR00226016,85,High Transaction Amount,Under Investigation,2026-05-17 17:37:48,Aditya Shanker,EMP00000084,,2026-07-25 05:53:14.681852,,Fraud Detection System
ALR00002726,TR00044863,87,Velocity Check Failed,Under Investigation,2024-08-19 13:26:57,Ishwar Kamdar,EMP00000185,,2026-07-25 05:53:14.682851,,Fraud Detection System
ALR00002727,TR00202589,36,Location Mismatch,Resolved,2023-12-28 22:59:33,Nakul Bhandari,EMP00000075,2024-01-13,2026-07-25 05:53:14.683851,,Fraud Detection System
ALR00002728,TR00245438,73,Multiple Failed Attempts,Resolved,2023-02-24 21:36:45,Nimrat Dubey,EMP00000296,2023-03-09,2026-07-25 05:53:14.684851,,Fraud Detection System
ALR00002729,TR00238715,12,Unusual Spending Pattern,Resolved,2023-10-03 09:09:49,Vaishnavi Bora,EMP00000143,2023-10-09,2026-07-25 05:53:14.685852,,Fraud Detection System
ALR00002730,TR00017677,95,High Transaction Amount,Open,2021-07-07 03:56:57,,,,2026-07-25 05:53:14.686851,,Fraud Detection System
ALR00002731,TR00116860,19,Multiple Failed Attempts,Resolved,2025-04-01 02:06:50,Yuvraj Handa,EMP00000060,2025-04-18,2026-07-25 05:53:14.687851,,Fraud Detection System
ALR00002732,TR00070637,87,Unusual Spending Pattern,False Positive,2021-12-13 17:42:31,Indira Misra,EMP00000166,2022-01-03,2026-07-25 05:53:14.688851,,Fraud Detection System
ALR00002733,TR00212109,1,High Transaction Amount,Open,2023-11-05 08:44:31,,,,2026-07-25 05:53:14.689851,,Fraud Detection System
ALR00002734,TR00082137,4,High Transaction Amount,Under Investigation,2023-06-08 03:37:47,Pranav Lanka,EMP00000120,,2026-07-25 05:53:14.690852,,Fraud Detection System
ALR00002735,TR00139018,51,Unusual Spending Pattern,Under Investigation,2020-10-22 11:29:38,Gaurang Murty,EMP00000264,,2026-07-25 05:53:14.691853,,Fraud Detection System
ALR00002736,TR00002138,50,Velocity Check Failed,Resolved,2020-11-15 13:27:32,Devansh Rajan,EMP00000026,2020-12-04,2026-07-25 05:53:14.693853,,Fraud Detection System
ALR00002737,TR00050018,58,Velocity Check Failed,Resolved,2019-03-08 09:27:51,Alka Dewan,EMP00000020,2019-03-29,2026-07-25 05:53:14.694855,,Fraud Detection System
ALR00002738,TR00141576,31,High Transaction Amount,Resolved,2023-09-17 10:59:21,Alka Dewan,EMP00000020,2023-10-05,2026-07-25 05:53:14.696852,,Fraud Detection System
ALR00002739,TR00076172,30,Card Not Present,Resolved,2024-09-16 17:22:02,Nakul Bhandari,EMP00000075,2024-10-02,2026-07-25 05:53:14.697854,,Fraud Detection System
ALR00002740,TR00156570,43,Velocity Check Failed,False Positive,2014-12-28 23:37:52,Adweta Edwin,EMP00000099,2015-01-06,2026-07-25 05:53:14.698854,,Fraud Detection System
ALR00002741,TR00116535,100,Unusual Spending Pattern,Resolved,2021-06-15 16:38:38,Ishwar Kamdar,EMP00000185,2021-07-09,2026-07-25 05:53:14.699854,,Fraud Detection System
ALR00002742,TR00148684,31,Card Not Present,Resolved,2022-01-20 10:16:38,Balendra Pingle,EMP00000102,2022-02-13,2026-07-25 05:53:14.701057,,Fraud Detection System
ALR00002743,TR00123862,5,High Transaction Amount,Closed,2017-08-27 05:01:00,Balendra Pingle,EMP00000102,2017-09-13,2026-07-25 05:53:14.702094,,Fraud Detection System
ALR00002744,TR00194355,69,High Transaction Amount,Under Investigation,2018-05-03 02:35:21,Sudiksha Aggarwal,EMP00000031,,2026-07-25 05:53:14.703078,,Fraud Detection System
ALR00002745,TR00048738,38,Velocity Check Failed,Resolved,2026-07-21 03:50:15,Lakshit Dora,EMP00000159,2026-07-24,2026-07-25 05:53:14.704088,,Fraud Detection System
ALR00002746,TR00225614,62,Card Not Present,Open,2025-11-12 07:28:44,,,,2026-07-25 05:53:14.705083,,Fraud Detection System
ALR00002747,TR00191348,40,Unusual Spending Pattern,Resolved,2023-04-05 01:42:30,Adweta Edwin,EMP00000099,2023-04-17,2026-07-25 05:53:14.706081,,Fraud Detection System
ALR00002748,TR00061200,40,Blacklisted Merchant,Open,2017-06-20 16:57:00,,,,2026-07-25 05:53:14.707083,,Fraud Detection System
ALR00002749,TR00001727,17,Unusual Spending Pattern,Resolved,2024-07-03 09:53:35,Veer Bir,EMP00000050,2024-07-07,2026-07-25 05:53:14.708080,,Fraud Detection System
ALR00002750,TR00102851,90,Unusual Spending Pattern,Resolved,2026-02-26 12:36:39,Benjamin Morar,EMP00000104,2026-03-18,2026-07-25 05:53:14.711081,,Fraud Detection System
ALR00002751,TR00058097,33,Velocity Check Failed,Open,2015-05-01 18:03:41,,,,2026-07-25 05:53:14.712083,,Fraud Detection System
ALR00002752,TR00086580,10,High Transaction Amount,Under Investigation,2017-12-20 23:50:18,Adweta Edwin,EMP00000099,,2026-07-25 05:53:14.713080,,Fraud Detection System
ALR00002753,TR00210910,61,Multiple Failed Attempts,Under Investigation,2025-06-15 21:50:14,Rudra Sandal,EMP00000245,,2026-07-25 05:53:14.714080,,Fraud Detection System
ALR00002754,TR00220266,31,Multiple Failed Attempts,Closed,2013-11-04 00:18:23,Oni Dubey,EMP00000346,2013-11-07,2026-07-25 05:53:14.716080,,Fraud Detection System
ALR00002755,TR00237945,60,Multiple Failed Attempts,Open,2024-07-11 16:07:22,,,,2026-07-25 05:53:14.717081,,Fraud Detection System
ALR00002756,TR00000395,14,Location Mismatch,False Positive,2025-01-27 10:41:20,Benjamin Morar,EMP00000104,2025-02-16,2026-07-25 05:53:14.718081,,Fraud Detection System
ALR00002757,TR00165036,77,Unusual Spending Pattern,False Positive,2026-06-19 10:45:17,Riya Pai,EMP00000314,2026-07-18,2026-07-25 05:53:14.720081,,Fraud Detection System
ALR00002758,TR00212980,73,High Transaction Amount,Resolved,2026-06-20 18:56:07,Chaaya Saran,EMP00000030,2026-06-28,2026-07-25 05:53:14.721081,,Fraud Detection System
ALR00002759,TR00182833,59,Blacklisted Merchant,Under Investigation,2023-03-05 02:14:00,Jagdish Koshy,EMP00000078,,2026-07-25 05:53:14.722081,,Fraud Detection System
ALR00002760,TR00026089,27,High Transaction Amount,Open,2026-07-20 15:56:29,,,,2026-07-25 05:53:14.723089,,Fraud Detection System
ALR00002761,TR00133096,60,Blacklisted Merchant,Resolved,2023-03-01 01:44:45,Riya Pai,EMP00000314,2023-03-27,2026-07-25 05:53:14.725081,,Fraud Detection System
ALR00002762,TR00059278,27,Blacklisted Merchant,Open,2026-02-21 21:22:47,,,,2026-07-25 05:53:14.726087,,Fraud Detection System
ALR00002763,TR00123546,16,Unusual Spending Pattern,Resolved,2024-05-08 07:36:14,Kiaan Shetty,EMP00000150,2024-05-22,2026-07-25 05:53:14.727081,,Fraud Detection System
ALR00002764,TR00015497,47,Multiple Failed Attempts,Resolved,2019-09-03 17:00:17,Ronith Patla,EMP00000126,2019-09-18,2026-07-25 05:53:14.729081,,Fraud Detection System
ALR00002765,TR00249105,11,Unusual Spending Pattern,Open,2020-10-19 04:53:46,,,,2026-07-25 05:53:14.729081,,Fraud Detection System
ALR00002766,TR00178778,81,Blacklisted Merchant,Under Investigation,2017-09-08 05:47:31,Balveer Bumb,EMP00000079,,2026-07-25 05:53:14.730082,,Fraud Detection System
ALR00002767,TR00023355,91,Multiple Failed Attempts,Under Investigation,2024-05-22 18:54:08,Yuvraj Handa,EMP00000060,,2026-07-25 05:53:14.731087,,Fraud Detection System
ALR00002768,TR00230808,47,Multiple Failed Attempts,Resolved,2025-07-12 19:38:38,Adweta Edwin,EMP00000099,2025-07-16,2026-07-25 05:53:14.732085,,Fraud Detection System
ALR00002769,TR00224866,52,High Transaction Amount,Open,2025-12-01 01:08:17,,,,2026-07-25 05:53:14.733081,,Fraud Detection System
ALR00002770,TR00130502,73,Blacklisted Merchant,Resolved,2024-06-28 03:30:26,Devansh Sachdeva,EMP00000161,2024-07-01,2026-07-25 05:53:14.734081,,Fraud Detection System
ALR00002771,TR00176016,49,Card Not Present,Resolved,2011-05-30 07:17:01,Mohini Pathak,EMP00000022,2011-06-14,2026-07-25 05:53:14.735085,,Fraud Detection System
ALR00002772,TR00093341,30,Card Not Present,Open,2022-08-13 13:46:54,,,,2026-07-25 05:53:14.736091,,Fraud Detection System
ALR00002773,TR00243919,55,Multiple Failed Attempts,Under Investigation,2019-12-07 13:19:34,Jack Rajan,EMP00000123,,2026-07-25 05:53:14.737085,,Fraud Detection System
ALR00002774,TR00021363,60,Blacklisted Merchant,Open,2017-04-13 04:24:39,,,,2026-07-25 05:53:14.738085,,Fraud Detection System
ALR00002775,TR00024030,8,Card Not Present,False Positive,2023-11-01 15:14:08,Ishwar Kamdar,EMP00000185,2023-11-15,2026-07-25 05:53:14.739081,,Fraud Detection System
ALR00002776,TR00033210,85,Blacklisted Merchant,Resolved,2023-07-18 12:27:09,Ishwar Kamdar,EMP00000185,2023-08-01,2026-07-25 05:53:14.740081,,Fraud Detection System
ALR00002777,TR00206322,47,Unusual Spending Pattern,Closed,2024-09-09 10:15:29,Riya Pai,EMP00000314,2024-09-30,2026-07-25 05:53:14.743554,,Fraud Detection System
ALR00002778,TR00019096,47,Card Not Present,False Positive,2022-11-25 16:25:44,Akshay Lalla,EMP00000335,2022-12-24,2026-07-25 05:53:14.745582,,Fraud Detection System
ALR00002779,TR00142595,71,Card Not Present,Under Investigation,2022-09-09 22:05:35,Alka Dewan,EMP00000020,,2026-07-25 05:53:14.747607,,Fraud Detection System
ALR00002780,TR00109232,23,Velocity Check Failed,Under Investigation,2024-10-09 19:11:08,Alka Dewan,EMP00000020,,2026-07-25 05:53:14.748581,,Fraud Detection System
ALR00002781,TR00241308,93,Multiple Failed Attempts,Resolved,2026-07-04 14:03:31,Jack Rajan,EMP00000123,2026-07-21,2026-07-25 05:53:14.750601,,Fraud Detection System
ALR00002782,TR00058995,53,Unusual Spending Pattern,Resolved,2024-09-14 07:24:25,Nakul Sarma,EMP00000089,2024-10-04,2026-07-25 05:53:14.752581,,Fraud Detection System
ALR00002783,TR00065118,38,Blacklisted Merchant,False Positive,2024-11-05 21:34:50,Devansh Rajan,EMP00000026,2024-11-13,2026-07-25 05:53:14.753605,,Fraud Detection System
ALR00002784,TR00079089,38,High Transaction Amount,Under Investigation,2009-11-11 12:17:36,Dipta Sarin,EMP00000122,,2026-07-25 05:53:14.755581,,Fraud Detection System
ALR00002785,TR00201736,9,Card Not Present,Resolved,2023-07-18 13:35:52,Nakul Sarma,EMP00000089,2023-08-08,2026-07-25 05:53:14.757606,,Fraud Detection System
ALR00002786,TR00176007,17,Velocity Check Failed,Resolved,2017-05-23 16:22:26,Yagnesh Shan,EMP00000279,2017-06-09,2026-07-25 05:53:14.758605,,Fraud Detection System
ALR00002787,TR00184853,34,Blacklisted Merchant,Resolved,2026-02-23 07:05:38,Ekaja Zachariah,EMP00000158,2026-03-16,2026-07-25 05:53:14.760582,,Fraud Detection System
ALR00002788,TR00079832,85,Blacklisted Merchant,Under Investigation,2026-03-02 08:40:31,Hritik Kaur,EMP00000338,,2026-07-25 05:53:14.761602,,Fraud Detection System
ALR00002789,TR00067920,92,Blacklisted Merchant,Resolved,2018-09-23 20:39:57,Balveer Bumb,EMP00000079,2018-09-25,2026-07-25 05:53:14.763580,,Fraud Detection System
ALR00002790,TR00019040,59,Unusual Spending Pattern,Resolved,2025-02-03 23:51:44,Gaurang Murty,EMP00000264,2025-02-20,2026-07-25 05:53:14.765581,,Fraud Detection System
ALR00002791,TR00050551,42,Unusual Spending Pattern,False Positive,2025-06-25 10:07:57,Devansh Rajan,EMP00000026,2025-07-24,2026-07-25 05:53:14.766581,,Fraud Detection System
ALR00002792,TR00196434,59,Unusual Spending Pattern,Resolved,2017-08-23 16:46:50,Riya Pai,EMP00000314,2017-09-13,2026-07-25 05:53:14.768581,,Fraud Detection System
ALR00002793,TR00146910,17,Card Not Present,Open,2022-08-18 11:33:59,,,,2026-07-25 05:53:14.769580,,Fraud Detection System
ALR00002794,TR00038805,20,Multiple Failed Attempts,Under Investigation,2017-11-21 06:56:28,Lakshit Upadhyay,EMP00000023,,2026-07-25 05:53:14.770580,,Fraud Detection System
ALR00002795,TR00041225,76,Card Not Present,Resolved,2021-05-24 06:54:05,Riya Pai,EMP00000314,2021-06-06,2026-07-25 05:53:14.772581,,Fraud Detection System
ALR00002796,TR00117076,48,Blacklisted Merchant,Under Investigation,2017-03-02 13:59:21,Pallavi Kakar,EMP00000043,,2026-07-25 05:53:14.774581,,Fraud Detection System
ALR00002797,TR00101927,39,Card Not Present,Resolved,2021-05-10 11:07:38,Balveer Parmar,EMP00000105,2021-05-12,2026-07-25 05:53:14.775582,,Fraud Detection System
ALR00002798,TR00134689,46,Unusual Spending Pattern,Open,2025-09-11 03:49:50,,,,2026-07-25 05:53:14.776583,,Fraud Detection System
ALR00002799,TR00241407,50,Multiple Failed Attempts,Resolved,2023-02-05 10:47:23,Veer Bir,EMP00000050,2023-02-08,2026-07-25 05:53:14.777587,,Fraud Detection System
ALR00002800,TR00051773,43,Unusual Spending Pattern,False Positive,2017-03-05 06:25:34,Pranav Lanka,EMP00000120,2017-03-24,2026-07-25 05:53:14.778586,,Fraud Detection System
ALR00002801,TR00077350,46,Blacklisted Merchant,Resolved,2022-06-30 08:48:21,Zayyan Bumb,EMP00000179,2022-07-17,2026-07-25 05:53:14.779583,,Fraud Detection System
ALR00002802,TR00066074,31,Location Mismatch,False Positive,2023-12-05 11:21:49,Chandresh Sood,EMP00000074,2023-12-29,2026-07-25 05:53:14.781582,,Fraud Detection System
ALR00002803,TR00029999,69,Blacklisted Merchant,Under Investigation,2019-06-04 11:30:11,Adweta Edwin,EMP00000099,,2026-07-25 05:53:14.782583,,Fraud Detection System
ALR00002804,TR00039466,38,High Transaction Amount,Resolved,2015-04-27 20:26:02,Frederick Khurana,EMP00000208,2015-05-04,2026-07-25 05:53:14.783583,,Fraud Detection System
ALR00002805,TR00172266,82,High Transaction Amount,Under Investigation,2016-12-01 07:50:21,Devansh Rajan,EMP00000026,,2026-07-25 05:53:14.784583,,Fraud Detection System
ALR00002806,TR00207803,99,Velocity Check Failed,Open,2024-04-08 13:33:20,,,,2026-07-25 05:53:14.784583,,Fraud Detection System
ALR00002807,TR00175091,48,Blacklisted Merchant,Resolved,2017-01-26 16:30:10,Aadhya Andra,EMP00000312,2017-01-27,2026-07-25 05:53:14.785587,,Fraud Detection System
ALR00002808,TR00010305,27,Unusual Spending Pattern,Resolved,2017-12-11 19:33:36,Veer Bir,EMP00000050,2017-12-17,2026-07-25 05:53:14.786597,,Fraud Detection System
ALR00002809,TR00210053,27,Velocity Check Failed,Closed,2026-06-25 10:24:42,Nimrat Dubey,EMP00000296,2026-07-24,2026-07-25 05:53:14.788583,,Fraud Detection System
ALR00002810,TR00082273,23,Card Not Present,Under Investigation,2020-07-25 07:06:40,Pranav Lanka,EMP00000120,,2026-07-25 05:53:14.789582,,Fraud Detection System
ALR00002811,TR00022926,4,Location Mismatch,False Positive,2025-02-19 09:50:48,Aahana Pillay,EMP00000186,2025-03-12,2026-07-25 05:53:14.790583,,Fraud Detection System
ALR00002812,TR00061912,6,Unusual Spending Pattern,Open,2026-05-19 11:03:04,,,,2026-07-25 05:53:14.791587,,Fraud Detection System
ALR00002813,TR00089091,36,High Transaction Amount,Resolved,2020-04-11 18:01:20,Pallavi Kakar,EMP00000043,2020-04-12,2026-07-25 05:53:14.792583,,Fraud Detection System
ALR00002814,TR00128995,93,Location Mismatch,Open,2021-09-15 08:32:56,,,,2026-07-25 05:53:14.793584,,Fraud Detection System
ALR00002815,TR00170060,39,Blacklisted Merchant,Under Investigation,2023-08-04 18:09:21,Gaurang Murty,EMP00000264,,2026-07-25 05:53:14.794583,,Fraud Detection System
ALR00002816,TR00064792,81,Card Not Present,Resolved,2025-01-07 15:06:14,Veer Bir,EMP00000050,2025-01-13,2026-07-25 05:53:14.795582,,Fraud Detection System
ALR00002817,TR00247678,50,Card Not Present,Under Investigation,2025-03-31 10:13:24,Jeremiah Dave,EMP00000041,,2026-07-25 05:53:14.796583,,Fraud Detection System
ALR00002818,TR00007867,82,Multiple Failed Attempts,Under Investigation,2019-05-09 20:42:51,Balveer Parmar,EMP00000105,,2026-07-25 05:53:14.797580,,Fraud Detection System
ALR00002819,TR00101430,72,Blacklisted Merchant,Resolved,2020-11-23 03:51:06,Alka Dewan,EMP00000020,2020-11-26,2026-07-25 05:53:14.798582,,Fraud Detection System
ALR00002820,TR00113619,73,High Transaction Amount,Resolved,2022-05-07 01:05:51,Divya Kala,EMP00000018,2022-05-18,2026-07-25 05:53:14.799583,,Fraud Detection System
ALR00002821,TR00188179,29,Blacklisted Merchant,Under Investigation,2025-09-08 23:54:30,Indira Misra,EMP00000166,,2026-07-25 05:53:14.800796,,Fraud Detection System
ALR00002822,TR00062347,78,High Transaction Amount,Under Investigation,2024-07-20 02:08:12,Ojas Ray,EMP00000066,,2026-07-25 05:53:14.801946,,Fraud Detection System
ALR00002823,TR00116034,37,Card Not Present,Open,2022-02-03 19:57:49,,,,2026-07-25 05:53:14.801946,,Fraud Detection System
ALR00002824,TR00202483,47,High Transaction Amount,Resolved,2015-07-16 21:49:30,Benjamin Morar,EMP00000104,2015-08-02,2026-07-25 05:53:14.803935,,Fraud Detection System
ALR00002825,TR00034796,54,Multiple Failed Attempts,False Positive,2023-03-02 07:21:34,Gaurang Murty,EMP00000264,2023-03-19,2026-07-25 05:53:14.804837,,Fraud Detection System
ALR00002826,TR00003157,94,Velocity Check Failed,Resolved,2018-05-01 09:03:49,Ojas Ray,EMP00000066,2018-05-19,2026-07-25 05:53:14.805929,,Fraud Detection System
ALR00002827,TR00208717,31,Velocity Check Failed,Open,2026-07-20 13:07:43,,,,2026-07-25 05:53:14.805929,,Fraud Detection System
ALR00002828,TR00245676,1,Velocity Check Failed,False Positive,2019-09-21 23:48:21,Banjeet Balasubramanian,EMP00000182,2019-10-18,2026-07-25 05:53:14.806959,,Fraud Detection System
ALR00002829,TR00032623,89,Multiple Failed Attempts,Resolved,2025-07-30 07:39:13,Zayyan Bumb,EMP00000179,2025-07-31,2026-07-25 05:53:14.808842,,Fraud Detection System
ALR00002830,TR00207252,24,Multiple Failed Attempts,Resolved,2024-06-21 23:11:06,Frederick Khurana,EMP00000208,2024-07-20,2026-07-25 05:53:14.809942,,Fraud Detection System
ALR00002831,TR00093258,22,Velocity Check Failed,False Positive,2024-03-05 02:32:16,Nicholas Goel,EMP00000108,2024-03-12,2026-07-25 05:53:14.810930,,Fraud Detection System
ALR00002832,TR00158442,14,Velocity Check Failed,Under Investigation,2024-05-21 23:43:24,Veer Bir,EMP00000050,,2026-07-25 05:53:14.811932,,Fraud Detection System
ALR00002833,TR00161853,91,Blacklisted Merchant,Resolved,2024-04-05 23:32:36,Zayyan Bumb,EMP00000179,2024-04-26,2026-07-25 05:53:14.812935,,Fraud Detection System
ALR00002834,TR00146291,1,Velocity Check Failed,Under Investigation,2017-04-28 04:23:30,Aditya Shanker,EMP00000084,,2026-07-25 05:53:14.813940,,Fraud Detection System
ALR00002835,TR00064443,31,Velocity Check Failed,Resolved,2022-03-29 14:40:43,Meghana Maharaj,EMP00000320,2022-04-16,2026-07-25 05:53:14.814936,,Fraud Detection System
ALR00002836,TR00204651,53,Location Mismatch,Resolved,2026-06-01 02:05:02,Lakshit Upadhyay,EMP00000023,2026-06-19,2026-07-25 05:53:14.815933,,Fraud Detection System
ALR00002837,TR00005509,16,Velocity Check Failed,Under Investigation,2026-06-09 16:29:43,Balendra Pingle,EMP00000102,,2026-07-25 05:53:14.816945,,Fraud Detection System
ALR00002838,TR00016582,90,Blacklisted Merchant,Under Investigation,2021-05-13 21:36:35,Divya Kala,EMP00000018,,2026-07-25 05:53:14.817946,,Fraud Detection System
ALR00002839,TR00226140,2,Velocity Check Failed,Resolved,2023-04-07 20:11:22,Jyoti Solanki,EMP00000213,2023-04-28,2026-07-25 05:53:14.818937,,Fraud Detection System
ALR00002840,TR00111539,10,High Transaction Amount,Resolved,2025-04-27 22:50:39,Akshay Lalla,EMP00000335,2025-04-30,2026-07-25 05:53:14.819930,,Fraud Detection System
ALR00002841,TR00032121,5,Blacklisted Merchant,Resolved,2025-02-10 18:12:04,Kashvi Sarma,EMP00000045,2025-03-09,2026-07-25 05:53:14.821941,,Fraud Detection System
ALR00002842,TR00226737,9,Card Not Present,Closed,2025-09-08 08:07:58,Alka Dewan,EMP00000020,2025-09-14,2026-07-25 05:53:14.822936,,Fraud Detection System
ALR00002843,TR00208477,77,Velocity Check Failed,Resolved,2011-10-04 15:55:02,Balveer Parmar,EMP00000105,2011-10-29,2026-07-25 05:53:14.823932,,Fraud Detection System
ALR00002844,TR00083110,5,Blacklisted Merchant,Under Investigation,2018-06-21 02:40:25,Pranav Lanka,EMP00000120,,2026-07-25 05:53:14.824941,,Fraud Detection System
ALR00002845,TR00010936,97,Card Not Present,Open,2025-02-21 03:26:30,,,,2026-07-25 05:53:14.825838,,Fraud Detection System
ALR00002846,TR00115779,30,Velocity Check Failed,Closed,2026-01-03 06:53:00,Kashvi Sarma,EMP00000045,2026-01-20,2026-07-25 05:53:14.826943,,Fraud Detection System
ALR00002847,TR00042093,12,Blacklisted Merchant,False Positive,2025-01-02 10:17:32,Hritik Kaur,EMP00000338,2025-01-21,2026-07-25 05:53:14.827933,,Fraud Detection System
ALR00002848,TR00144141,78,Card Not Present,Resolved,2019-09-12 21:33:09,Ojas Ray,EMP00000066,2019-09-27,2026-07-25 05:53:14.828885,,Fraud Detection System
ALR00002849,TR00206757,29,Blacklisted Merchant,False Positive,2022-09-07 09:42:25,Meghana Maharaj,EMP00000320,2022-09-20,2026-07-25 05:53:14.829943,,Fraud Detection System
ALR00002850,TR00099096,34,Multiple Failed Attempts,False Positive,2012-11-21 10:06:45,Yuvraj Handa,EMP00000060,2012-12-03,2026-07-25 05:53:14.830936,,Fraud Detection System
ALR00002851,TR00007440,10,Card Not Present,Under Investigation,2026-02-24 05:34:22,Pallavi Kakar,EMP00000043,,2026-07-25 05:53:14.831938,,Fraud Detection System
ALR00002852,TR00171526,32,High Transaction Amount,Under Investigation,2010-03-23 10:46:41,Lakshit Dora,EMP00000159,,2026-07-25 05:53:14.832945,,Fraud Detection System
ALR00002853,TR00043202,9,Card Not Present,Resolved,2018-11-03 13:22:34,Banjeet Balasubramanian,EMP00000182,2018-11-08,2026-07-25 05:53:14.833937,,Fraud Detection System
ALR00002854,TR00053469,51,Blacklisted Merchant,Open,2025-07-02 00:44:14,,,,2026-07-25 05:53:14.834959,,Fraud Detection System
ALR00002855,TR00046649,11,Unusual Spending Pattern,False Positive,2021-03-11 17:13:06,Aditya Shanker,EMP00000084,2021-03-12,2026-07-25 05:53:14.835944,,Fraud Detection System
ALR00002856,TR00070087,38,Card Not Present,Open,2019-03-29 21:41:27,,,,2026-07-25 05:53:14.835944,,Fraud Detection System
ALR00002857,TR00221722,18,Velocity Check Failed,Open,2024-09-04 20:04:22,,,,2026-07-25 05:53:14.836936,,Fraud Detection System
ALR00002858,TR00008870,52,Blacklisted Merchant,Resolved,2025-10-25 11:28:53,Vaishnavi Bora,EMP00000143,2025-11-03,2026-07-25 05:53:14.837942,,Fraud Detection System
ALR00002859,TR00155757,84,Unusual Spending Pattern,Resolved,2022-12-06 07:02:26,Prisha Andra,EMP00000100,2022-12-30,2026-07-25 05:53:14.838942,,Fraud Detection System
ALR00002860,TR00061364,88,Unusual Spending Pattern,Closed,2020-03-09 00:12:35,Yuvraj Handa,EMP00000060,2020-04-03,2026-07-25 05:53:14.839917,,Fraud Detection System
ALR00002861,TR00074082,86,Velocity Check Failed,False Positive,2019-03-05 15:27:46,Balveer Bumb,EMP00000079,2019-03-23,2026-07-25 05:53:14.840959,,Fraud Detection System
ALR00002862,TR00103391,65,High Transaction Amount,Under Investigation,2024-04-09 07:27:17,Ekaja Zachariah,EMP00000158,,2026-07-25 05:53:14.842852,,Fraud Detection System
ALR00002863,TR00138452,96,Location Mismatch,Under Investigation,2015-06-18 05:32:41,Yuvraj Handa,EMP00000060,,2026-07-25 05:53:14.843945,,Fraud Detection System
ALR00002864,TR00015776,52,Location Mismatch,Open,2016-04-21 17:35:34,,,,2026-07-25 05:53:14.843945,,Fraud Detection System
ALR00002865,TR00070080,64,High Transaction Amount,Resolved,2023-02-20 09:56:04,Jack Rajan,EMP00000123,2023-03-19,2026-07-25 05:53:14.844941,,Fraud Detection System
ALR00002866,TR00034092,44,Velocity Check Failed,Under Investigation,2025-03-14 23:18:47,Zayan Behl,EMP00000096,,2026-07-25 05:53:14.845953,,Fraud Detection System
ALR00002867,TR00049743,74,Unusual Spending Pattern,False Positive,2022-10-25 14:45:13,Nakul Bhandari,EMP00000075,2022-10-30,2026-07-25 05:53:14.846950,,Fraud Detection System
ALR00002868,TR00222046,1,Multiple Failed Attempts,False Positive,2026-02-08 17:52:30,Balendra Pingle,EMP00000102,2026-02-20,2026-07-25 05:53:14.847935,,Fraud Detection System
ALR00002869,TR00131982,54,Unusual Spending Pattern,Closed,2024-07-06 14:48:00,Chaaya Saran,EMP00000030,2024-07-18,2026-07-25 05:53:14.849933,,Fraud Detection System
ALR00002870,TR00158549,8,Velocity Check Failed,Resolved,2023-03-09 09:29:04,Nimrat Dubey,EMP00000296,2023-03-30,2026-07-25 05:53:14.850838,,Fraud Detection System
ALR00002871,TR00202076,98,Unusual Spending Pattern,Closed,2024-08-04 17:28:43,Jeremiah Dave,EMP00000041,2024-08-14,2026-07-25 05:53:14.851930,,Fraud Detection System
ALR00002872,TR00200165,22,Velocity Check Failed,Closed,2025-08-24 18:41:44,Jeremiah Dave,EMP00000041,2025-09-22,2026-07-25 05:53:14.852839,,Fraud Detection System
ALR00002873,TR00247352,53,High Transaction Amount,Closed,2022-03-14 20:32:16,Nakul Bhandari,EMP00000075,2022-03-27,2026-07-25 05:53:14.853920,,Fraud Detection System
ALR00002874,TR00196979,87,Velocity Check Failed,Resolved,2017-04-28 00:03:58,Aadhya Andra,EMP00000312,2017-05-21,2026-07-25 05:53:14.854938,,Fraud Detection System
ALR00002875,TR00089897,72,Location Mismatch,Open,2018-09-09 14:34:56,,,,2026-07-25 05:53:14.856281,,Fraud Detection System
ALR00002876,TR00136890,75,High Transaction Amount,Under Investigation,2024-11-21 08:03:35,Banjeet Balasubramanian,EMP00000182,,2026-07-25 05:53:14.857293,,Fraud Detection System
ALR00002877,TR00121633,57,Location Mismatch,Closed,2025-09-11 13:35:08,Nakul Sarma,EMP00000089,2025-09-20,2026-07-25 05:53:14.858341,,Fraud Detection System
ALR00002878,TR00228554,33,Location Mismatch,Open,2025-06-06 19:16:20,,,,2026-07-25 05:53:14.859303,,Fraud Detection System
ALR00002879,TR00126224,39,Velocity Check Failed,Open,2012-08-15 13:55:30,,,,2026-07-25 05:53:14.859303,,Fraud Detection System
ALR00002880,TR00097519,3,Card Not Present,Under Investigation,2019-05-23 23:40:47,Jack Rajan,EMP00000123,,2026-07-25 05:53:14.860370,,Fraud Detection System
ALR00002881,TR00044975,94,Velocity Check Failed,Resolved,2022-01-13 06:59:30,Aahana Pillay,EMP00000186,2022-01-18,2026-07-25 05:53:14.862365,,Fraud Detection System
ALR00002882,TR00080032,35,Unusual Spending Pattern,Resolved,2021-02-01 06:51:43,Kashvi Sarma,EMP00000045,2021-02-07,2026-07-25 05:53:14.863401,,Fraud Detection System
ALR00002883,TR00054587,9,Card Not Present,Resolved,2025-01-15 16:39:45,Frederick Khurana,EMP00000208,2025-01-18,2026-07-25 05:53:14.864314,,Fraud Detection System
ALR00002884,TR00224478,63,Unusual Spending Pattern,Resolved,2017-03-05 07:55:39,Jagdish Koshy,EMP00000078,2017-03-26,2026-07-25 05:53:14.865296,,Fraud Detection System
ALR00002885,TR00196037,12,High Transaction Amount,Resolved,2023-11-24 05:25:56,Jeremiah Dave,EMP00000041,2023-12-02,2026-07-25 05:53:14.866302,,Fraud Detection System
ALR00002886,TR00015084,2,High Transaction Amount,Resolved,2021-07-02 05:31:23,Chaaya Saran,EMP00000030,2021-07-23,2026-07-25 05:53:14.867298,,Fraud Detection System
ALR00002887,TR00247943,36,Multiple Failed Attempts,Under Investigation,2025-08-22 12:46:31,Aditya Shanker,EMP00000084,,2026-07-25 05:53:14.868295,,Fraud Detection System
ALR00002888,TR00132991,83,Blacklisted Merchant,Resolved,2015-10-29 16:05:23,Chaaya Saran,EMP00000030,2015-11-02,2026-07-25 05:53:14.869308,,Fraud Detection System
ALR00002889,TR00192953,4,Multiple Failed Attempts,Resolved,2025-03-23 13:09:23,Nicholas Goel,EMP00000108,2025-04-07,2026-07-25 05:53:14.870304,,Fraud Detection System
ALR00002890,TR00249876,65,High Transaction Amount,False Positive,2016-03-27 03:11:20,Kashvi Sarma,EMP00000045,2016-04-12,2026-07-25 05:53:14.871325,,Fraud Detection System
ALR00002891,TR00243777,99,Unusual Spending Pattern,Under Investigation,2020-09-06 03:28:03,Veer Bir,EMP00000050,,2026-07-25 05:53:14.872295,,Fraud Detection System
ALR00002892,TR00025101,65,Location Mismatch,Resolved,2016-05-03 00:36:31,Ronith Patla,EMP00000126,2016-05-06,2026-07-25 05:53:14.873436,,Fraud Detection System
ALR00002893,TR00164939,100,Location Mismatch,Resolved,2020-01-09 12:53:48,Nimrat Dubey,EMP00000296,2020-02-04,2026-07-25 05:53:14.875458,,Fraud Detection System
ALR00002894,TR00066541,96,Unusual Spending Pattern,Resolved,2020-11-14 20:10:08,Benjamin Morar,EMP00000104,2020-12-10,2026-07-25 05:53:14.876547,,Fraud Detection System
ALR00002895,TR00205474,9,Unusual Spending Pattern,Under Investigation,2014-11-02 05:18:59,Nakul Sarma,EMP00000089,,2026-07-25 05:53:14.877446,,Fraud Detection System
ALR00002896,TR00229726,61,Location Mismatch,Resolved,2026-04-22 16:58:35,Jagdish Koshy,EMP00000078,2026-05-06,2026-07-25 05:53:14.878448,,Fraud Detection System
ALR00002897,TR00014394,77,Card Not Present,False Positive,2025-06-15 12:03:33,Zaid Dara,EMP00000149,2025-06-29,2026-07-25 05:53:14.879503,,Fraud Detection System
ALR00002898,TR00248963,32,Location Mismatch,Open,2019-04-06 22:46:45,,,,2026-07-25 05:53:14.879503,,Fraud Detection System
ALR00002899,TR00054661,71,Blacklisted Merchant,Resolved,2024-05-03 22:27:13,Pallavi Kakar,EMP00000043,2024-05-10,2026-07-25 05:53:14.880714,,Fraud Detection System
ALR00002900,TR00212503,9,Blacklisted Merchant,Under Investigation,2024-02-27 20:46:49,Zayan Behl,EMP00000096,,2026-07-25 05:53:14.882721,,Fraud Detection System
ALR00002901,TR00200800,15,Velocity Check Failed,Under Investigation,2010-07-27 18:46:17,Jyoti Solanki,EMP00000213,,2026-07-25 05:53:14.884122,,Fraud Detection System
ALR00002902,TR00088778,34,Blacklisted Merchant,Closed,2025-12-02 10:20:16,Benjamin Morar,EMP00000104,2025-12-10,2026-07-25 05:53:14.885601,,Fraud Detection System
ALR00002903,TR00210811,36,Location Mismatch,Resolved,2018-11-06 19:00:09,Lajita Seshadri,EMP00000235,2018-11-23,2026-07-25 05:53:14.886609,,Fraud Detection System
ALR00002904,TR00212200,30,Unusual Spending Pattern,Under Investigation,2026-07-05 10:50:41,Riya Pai,EMP00000314,,2026-07-25 05:53:14.887608,,Fraud Detection System
ALR00002905,TR00044093,71,Velocity Check Failed,Open,2022-04-06 05:09:51,,,,2026-07-25 05:53:14.887608,,Fraud Detection System
ALR00002906,TR00148871,30,High Transaction Amount,Resolved,2024-12-12 05:26:55,Benjamin Morar,EMP00000104,2025-01-05,2026-07-25 05:53:14.889001,,Fraud Detection System
ALR00002907,TR00203108,15,Velocity Check Failed,Under Investigation,2019-12-29 01:28:44,Aadhya Andra,EMP00000312,,2026-07-25 05:53:14.890251,,Fraud Detection System
ALR00002908,TR00175227,82,Blacklisted Merchant,False Positive,2025-05-11 07:08:16,Zayan Behl,EMP00000096,2025-05-21,2026-07-25 05:53:14.891360,,Fraud Detection System
ALR00002909,TR00228839,79,Multiple Failed Attempts,Under Investigation,2026-04-28 00:16:40,Oni Dubey,EMP00000346,,2026-07-25 05:53:14.893260,,Fraud Detection System
ALR00002910,TR00007065,38,Location Mismatch,Resolved,2025-09-03 13:50:24,Ojas Ray,EMP00000066,2025-09-08,2026-07-25 05:53:14.894426,,Fraud Detection System
ALR00002911,TR00175974,5,High Transaction Amount,Resolved,2016-04-15 03:02:52,Mohini Pathak,EMP00000022,2016-04-24,2026-07-25 05:53:14.895673,,Fraud Detection System
ALR00002912,TR00237111,27,Velocity Check Failed,False Positive,2021-01-17 20:17:40,Hritik Kaur,EMP00000338,2021-01-23,2026-07-25 05:53:14.896775,,Fraud Detection System
ALR00002913,TR00141506,95,Unusual Spending Pattern,False Positive,2018-11-19 13:56:21,Nicholas Goel,EMP00000108,2018-11-30,2026-07-25 05:53:14.898712,,Fraud Detection System
ALR00002914,TR00141403,11,High Transaction Amount,Resolved,2011-07-30 14:49:35,Aditya Shanker,EMP00000084,2011-08-22,2026-07-25 05:53:14.899758,,Fraud Detection System
ALR00002915,TR00046852,22,Unusual Spending Pattern,Open,2026-07-24 01:38:27,,,,2026-07-25 05:53:14.900725,,Fraud Detection System
ALR00002916,TR00247007,19,Location Mismatch,Resolved,2024-07-07 23:23:51,Balveer Bumb,EMP00000079,2024-07-08,2026-07-25 05:53:14.901716,,Fraud Detection System
ALR00002917,TR00221308,2,Blacklisted Merchant,Open,2024-03-10 08:01:33,,,,2026-07-25 05:53:14.902057,,Fraud Detection System
ALR00002918,TR00123576,10,Velocity Check Failed,Open,2020-04-06 06:47:32,,,,2026-07-25 05:53:14.903179,,Fraud Detection System
ALR00002919,TR00077541,37,Location Mismatch,False Positive,2019-03-21 05:06:18,Zayan Behl,EMP00000096,2019-04-07,2026-07-25 05:53:14.904177,,Fraud Detection System
ALR00002920,TR00123115,39,Location Mismatch,Resolved,2024-05-21 10:32:53,Prisha Andra,EMP00000100,2024-06-16,2026-07-25 05:53:14.905186,,Fraud Detection System
ALR00002921,TR00022659,48,Multiple Failed Attempts,Open,2014-05-17 00:26:02,,,,2026-07-25 05:53:14.905186,,Fraud Detection System
ALR00002922,TR00058036,55,Blacklisted Merchant,Resolved,2022-06-20 23:48:44,Banjeet Balasubramanian,EMP00000182,2022-07-17,2026-07-25 05:53:14.906191,,Fraud Detection System
ALR00002923,TR00054547,21,Unusual Spending Pattern,Under Investigation,2024-10-11 12:41:12,Jeremiah Dave,EMP00000041,,2026-07-25 05:53:14.907181,,Fraud Detection System
ALR00002924,TR00132154,81,Blacklisted Merchant,Under Investigation,2021-12-30 07:28:28,Aahana Pillay,EMP00000186,,2026-07-25 05:53:14.908191,,Fraud Detection System
ALR00002925,TR00000194,52,Velocity Check Failed,Under Investigation,2026-07-21 10:10:32,Lakshit Dora,EMP00000159,,2026-07-25 05:53:14.909085,,Fraud Detection System
ALR00002926,TR00229878,97,Location Mismatch,False Positive,2025-11-19 04:36:33,Diya Rattan,EMP00000016,2025-12-06,2026-07-25 05:53:14.911191,,Fraud Detection System
ALR00002927,TR00050222,9,Unusual Spending Pattern,Resolved,2013-01-29 01:54:12,Kashvi Sarma,EMP00000045,2013-02-20,2026-07-25 05:53:14.912183,,Fraud Detection System
ALR00002928,TR00032567,7,Multiple Failed Attempts,Under Investigation,2017-11-17 22:35:22,Akshay Lalla,EMP00000335,,2026-07-25 05:53:14.913085,,Fraud Detection System
ALR00002929,TR00180056,4,Location Mismatch,Open,2021-12-10 09:22:02,,,,2026-07-25 05:53:14.913085,,Fraud Detection System
ALR00002930,TR00230120,15,Unusual Spending Pattern,False Positive,2018-03-09 03:51:12,Mohini Pathak,EMP00000022,2018-04-04,2026-07-25 05:53:14.914201,,Fraud Detection System
ALR00002931,TR00211955,35,Unusual Spending Pattern,Resolved,2022-10-09 09:58:25,Rudra Sandal,EMP00000245,2022-10-15,2026-07-25 05:53:14.915175,,Fraud Detection System
ALR00002932,TR00081222,68,Velocity Check Failed,Resolved,2026-03-24 23:18:00,Ronith Patla,EMP00000126,2026-04-22,2026-07-25 05:53:14.917173,,Fraud Detection System
ALR00002933,TR00005551,12,Location Mismatch,Resolved,2016-11-21 01:57:29,Meghana Maharaj,EMP00000320,2016-11-25,2026-07-25 05:53:14.918176,,Fraud Detection System
ALR00002934,TR00147362,95,Location Mismatch,Open,2020-05-27 12:21:57,,,,2026-07-25 05:53:14.918176,,Fraud Detection System
ALR00002935,TR00229712,61,Velocity Check Failed,Resolved,2015-01-30 14:51:25,Nakul Sarma,EMP00000089,2015-02-02,2026-07-25 05:53:14.919193,,Fraud Detection System
ALR00002936,TR00194887,8,Card Not Present,False Positive,2023-06-01 10:03:30,Chaaya Saran,EMP00000030,2023-06-16,2026-07-25 05:53:14.920180,,Fraud Detection System
ALR00002937,TR00212501,50,Card Not Present,Under Investigation,2026-02-23 04:14:56,Prisha Andra,EMP00000100,,2026-07-25 05:53:14.921190,,Fraud Detection System
ALR00002938,TR00215991,10,Location Mismatch,Resolved,2025-09-29 08:16:30,Oni Dubey,EMP00000346,2025-10-18,2026-07-25 05:53:14.923172,,Fraud Detection System
ALR00002939,TR00240364,80,Multiple Failed Attempts,Resolved,2021-01-31 03:21:00,Dipta Sarin,EMP00000122,2021-02-23,2026-07-25 05:53:14.924183,,Fraud Detection System
ALR00002940,TR00093680,38,Velocity Check Failed,Open,2017-02-09 23:52:12,,,,2026-07-25 05:53:14.924183,,Fraud Detection System
ALR00002941,TR00235698,11,Velocity Check Failed,Closed,2014-09-30 12:35:08,Oni Dubey,EMP00000346,2014-10-25,2026-07-25 05:53:14.926175,,Fraud Detection System
ALR00002942,TR00099212,62,Location Mismatch,Open,2018-06-13 08:01:05,,,,2026-07-25 05:53:14.926175,,Fraud Detection System
ALR00002943,TR00025371,6,Velocity Check Failed,False Positive,2023-11-03 00:53:24,Chandresh Sood,EMP00000074,2023-11-22,2026-07-25 05:53:14.928182,,Fraud Detection System
ALR00002944,TR00075697,9,Location Mismatch,False Positive,2018-11-24 06:08:13,Devansh Rajan,EMP00000026,2018-12-13,2026-07-25 05:53:14.929090,,Fraud Detection System
ALR00002945,TR00033896,56,Location Mismatch,Resolved,2018-06-17 22:09:41,Ekaja Zachariah,EMP00000158,2018-07-14,2026-07-25 05:53:14.931088,,Fraud Detection System
ALR00002946,TR00039438,58,Blacklisted Merchant,Resolved,2026-07-10 02:37:57,Lakshit Upadhyay,EMP00000023,2026-07-11,2026-07-25 05:53:14.932084,,Fraud Detection System
ALR00002947,TR00237426,63,Card Not Present,Closed,2023-01-06 03:56:10,Nilima Nath,EMP00000260,2023-01-12,2026-07-25 05:53:14.934082,,Fraud Detection System
ALR00002948,TR00199429,49,Blacklisted Merchant,Open,2023-04-19 23:20:17,,,,2026-07-25 05:53:14.935086,,Fraud Detection System
ALR00002949,TR00240400,21,High Transaction Amount,Closed,2014-06-02 11:59:14,Divya Kala,EMP00000018,2014-06-17,2026-07-25 05:53:14.936082,,Fraud Detection System
ALR00002950,TR00163018,72,Velocity Check Failed,Resolved,2021-06-12 19:13:03,Jyoti Solanki,EMP00000213,2021-06-15,2026-07-25 05:53:14.937084,,Fraud Detection System
ALR00002951,TR00043574,99,Blacklisted Merchant,False Positive,2025-12-22 18:16:26,Nicholas Goel,EMP00000108,2026-01-12,2026-07-25 05:53:14.939082,,Fraud Detection System
ALR00002952,TR00242535,37,Multiple Failed Attempts,Resolved,2016-10-18 12:52:02,Rudra Sandal,EMP00000245,2016-11-09,2026-07-25 05:53:14.940082,,Fraud Detection System
ALR00002953,TR00174301,97,High Transaction Amount,Resolved,2026-05-29 08:37:53,Yuvraj Handa,EMP00000060,2026-06-23,2026-07-25 05:53:14.941082,,Fraud Detection System
ALR00002954,TR00232584,78,Velocity Check Failed,False Positive,2025-11-19 08:35:39,Veer Bir,EMP00000050,2025-12-05,2026-07-25 05:53:14.942082,,Fraud Detection System
ALR00002955,TR00198225,14,Card Not Present,Under Investigation,2021-05-22 15:27:21,Yuvraj Handa,EMP00000060,,2026-07-25 05:53:14.943083,,Fraud Detection System
ALR00002956,TR00055726,3,High Transaction Amount,Resolved,2022-12-26 15:32:50,Kiaan Shetty,EMP00000150,2023-01-01,2026-07-25 05:53:14.945175,,Fraud Detection System
ALR00002957,TR00147947,68,Blacklisted Merchant,False Positive,2025-03-30 08:06:39,Anirudh Zacharia,EMP00000180,2025-04-25,2026-07-25 05:53:14.946191,,Fraud Detection System
ALR00002958,TR00043865,63,Card Not Present,Closed,2017-06-07 14:16:49,Aadhya Andra,EMP00000312,2017-07-05,2026-07-25 05:53:14.948181,,Fraud Detection System
ALR00002959,TR00076958,38,Unusual Spending Pattern,False Positive,2018-03-30 23:09:37,Yagnesh Shan,EMP00000279,2018-04-07,2026-07-25 05:53:14.949190,,Fraud Detection System
ALR00002960,TR00172922,35,Location Mismatch,Open,2017-04-18 20:34:07,,,,2026-07-25 05:53:14.950179,,Fraud Detection System
ALR00002961,TR00031837,24,Blacklisted Merchant,False Positive,2011-11-06 05:27:12,Benjamin Morar,EMP00000104,2011-11-12,2026-07-25 05:53:14.951184,,Fraud Detection System
ALR00002962,TR00183175,46,High Transaction Amount,Resolved,2022-09-07 01:07:50,Onveer Walla,EMP00000012,2022-09-28,2026-07-25 05:53:14.952185,,Fraud Detection System
ALR00002963,TR00237434,15,Velocity Check Failed,Resolved,2025-05-28 21:58:27,Ojas Ray,EMP00000066,2025-06-21,2026-07-25 05:53:14.954184,,Fraud Detection System
ALR00002964,TR00237427,93,Location Mismatch,Open,2026-01-19 22:54:15,,,,2026-07-25 05:53:14.954184,,Fraud Detection System
ALR00002965,TR00098332,53,Multiple Failed Attempts,Under Investigation,2023-09-14 10:23:20,Nakul Bhandari,EMP00000075,,2026-07-25 05:53:14.956179,,Fraud Detection System
ALR00002966,TR00248534,51,High Transaction Amount,Closed,2019-03-13 19:37:28,Banjeet Balasubramanian,EMP00000182,2019-03-15,2026-07-25 05:53:14.957191,,Fraud Detection System
ALR00002967,TR00241563,34,Unusual Spending Pattern,False Positive,2026-02-04 21:53:35,Ekaja Zachariah,EMP00000158,2026-02-10,2026-07-25 05:53:14.959085,,Fraud Detection System
ALR00002968,TR00008304,9,Card Not Present,Resolved,2026-06-28 04:55:45,Zayan Behl,EMP00000096,2026-07-23,2026-07-25 05:53:14.960176,,Fraud Detection System
ALR00002969,TR00151452,15,High Transaction Amount,Open,2025-05-04 01:42:51,,,,2026-07-25 05:53:14.961175,,Fraud Detection System
ALR00002970,TR00230758,78,Multiple Failed Attempts,False Positive,2020-05-29 08:26:04,Riya Pai,EMP00000314,2020-06-05,2026-07-25 05:53:14.963183,,Fraud Detection System
ALR00002971,TR00242201,32,Card Not Present,Open,2025-09-11 11:36:46,,,,2026-07-25 05:53:14.963183,,Fraud Detection System
ALR00002972,TR00055043,43,Velocity Check Failed,False Positive,2021-11-06 02:56:30,Pranav Lanka,EMP00000120,2021-11-20,2026-07-25 05:53:14.965185,,Fraud Detection System
ALR00002973,TR00141991,81,Card Not Present,Resolved,2022-10-23 14:51:01,Yuvraj Handa,EMP00000060,2022-10-30,2026-07-25 05:53:14.966173,,Fraud Detection System
ALR00002974,TR00234504,12,Blacklisted Merchant,Open,2025-09-23 11:53:56,,,,2026-07-25 05:53:14.967182,,Fraud Detection System
ALR00002975,TR00034941,39,Card Not Present,Closed,2026-06-25 13:33:08,Chaaya Saran,EMP00000030,2026-07-02,2026-07-25 05:53:14.968185,,Fraud Detection System
ALR00002976,TR00187470,4,Multiple Failed Attempts,Closed,2024-01-16 03:51:55,Prisha Andra,EMP00000100,2024-01-31,2026-07-25 05:53:14.969178,,Fraud Detection System
ALR00002977,TR00059226,62,Blacklisted Merchant,Open,2014-12-02 00:30:37,,,,2026-07-25 05:53:14.969178,,Fraud Detection System
ALR00002978,TR00245631,81,High Transaction Amount,Under Investigation,2018-07-08 16:15:18,Ojas Ray,EMP00000066,,2026-07-25 05:53:14.970080,,Fraud Detection System
ALR00002979,TR00042062,83,High Transaction Amount,Under Investigation,2014-04-13 06:00:27,Balveer Bumb,EMP00000079,,2026-07-25 05:53:14.972173,,Fraud Detection System
ALR00002980,TR00222238,76,Multiple Failed Attempts,False Positive,2019-08-28 09:11:56,Jack Rajan,EMP00000123,2019-09-07,2026-07-25 05:53:14.973179,,Fraud Detection System
ALR00002981,TR00022328,58,Unusual Spending Pattern,Under Investigation,2023-07-10 14:55:13,Balveer Bumb,EMP00000079,,2026-07-25 05:53:14.974199,,Fraud Detection System
ALR00002982,TR00178113,31,Blacklisted Merchant,Resolved,2026-06-02 10:21:47,Onveer Walla,EMP00000012,2026-06-18,2026-07-25 05:53:14.975180,,Fraud Detection System
ALR00002983,TR00160484,23,Multiple Failed Attempts,False Positive,2018-01-22 13:09:27,Sudiksha Aggarwal,EMP00000031,2018-02-16,2026-07-25 05:53:14.976095,,Fraud Detection System
ALR00002984,TR00222604,40,Blacklisted Merchant,False Positive,2025-11-22 20:36:50,Balendra Pingle,EMP00000102,2025-12-05,2026-07-25 05:53:14.977100,,Fraud Detection System
ALR00002985,TR00112273,90,Location Mismatch,Resolved,2019-03-22 16:31:09,Balveer Bumb,EMP00000079,2019-03-25,2026-07-25 05:53:14.978189,,Fraud Detection System
ALR00002986,TR00066112,20,Card Not Present,Resolved,2025-11-01 19:31:53,Yuvraj Handa,EMP00000060,2025-11-13,2026-07-25 05:53:14.979184,,Fraud Detection System
ALR00002987,TR00062291,89,Blacklisted Merchant,Resolved,2018-12-07 13:06:14,Chaaya Saran,EMP00000030,2018-12-16,2026-07-25 05:53:14.980204,,Fraud Detection System
ALR00002988,TR00017426,55,Velocity Check Failed,Resolved,2023-07-04 12:02:25,Pranav Lanka,EMP00000120,2023-07-30,2026-07-25 05:53:14.981190,,Fraud Detection System
ALR00002989,TR00063900,50,High Transaction Amount,Resolved,2026-06-08 21:48:58,Chandresh Sood,EMP00000074,2026-06-21,2026-07-25 05:53:14.982188,,Fraud Detection System
ALR00002990,TR00027160,90,Location Mismatch,Resolved,2018-07-01 19:03:55,Benjamin Morar,EMP00000104,2018-07-07,2026-07-25 05:53:14.983184,,Fraud Detection System
ALR00002991,TR00000349,79,High Transaction Amount,Under Investigation,2019-06-16 04:21:36,Ekaja Zachariah,EMP00000158,,2026-07-25 05:53:14.984185,,Fraud Detection System
ALR00002992,TR00096936,91,Multiple Failed Attempts,False Positive,2021-08-06 04:41:24,Devansh Rajan,EMP00000026,2021-08-20,2026-07-25 05:53:14.985197,,Fraud Detection System
ALR00002993,TR00184192,9,Location Mismatch,Resolved,2026-05-14 02:14:13,Lajita Seshadri,EMP00000235,2026-06-12,2026-07-25 05:53:14.986200,,Fraud Detection System
ALR00002994,TR00242594,86,Location Mismatch,Under Investigation,2026-05-29 11:49:27,Alka Dewan,EMP00000020,,2026-07-25 05:53:14.987192,,Fraud Detection System
ALR00002995,TR00222033,53,High Transaction Amount,Open,2024-09-25 02:36:39,,,,2026-07-25 05:53:14.988185,,Fraud Detection System
ALR00002996,TR00123822,5,Card Not Present,Open,2014-06-05 06:27:01,,,,2026-07-25 05:53:14.988185,,Fraud Detection System
ALR00002997,TR00095121,67,High Transaction Amount,Open,2013-09-04 17:49:50,,,,2026-07-25 05:53:14.989202,,Fraud Detection System
ALR00002998,TR00137283,94,Location Mismatch,Resolved,2024-11-25 23:05:19,Zaid Dara,EMP00000149,2024-12-20,2026-07-25 05:53:14.990187,,Fraud Detection System
ALR00002999,TR00025488,13,Blacklisted Merchant,Under Investigation,2024-08-08 14:43:11,Pranav Lanka,EMP00000120,,2026-07-25 05:53:14.991181,,Fraud Detection System
ALR00003000,TR00120396,19,Card Not Present,False Positive,2024-07-19 22:58:02,Balveer Parmar,EMP00000105,2024-07-23,2026-07-25 05:53:14.992197,,Fraud Detection System
