loan_id,customer_id,loan_type,principal_amount,interest_rate,tenure_months,emi_amount,loan_status,disbursement_date,created_at,updated_at,source_system
LN00000001,CUST00004826,Car Loan,270030.11,9.66,40,7922.76,Active,2022-06-10,2026-07-25 01:44:20.514030,,Loan Management System
LN00000002,CUST00002578,Home Loan,7536343.57,12.77,276,84763.64,Active,2013-06-15,2026-07-25 01:44:20.515031,,Loan Management System
LN00000003,CUST00003265,Home Loan,2710278.49,13.42,347,30962.88,Active,2011-12-27,2026-07-25 01:44:20.515031,,Loan Management System
LN00000004,CUST00003447,Car Loan,1725836.15,9.04,47,43740.09,Closed,2024-03-05,2026-07-25 01:44:20.516031,,Loan Management System
LN00000005,CUST00000410,Home Loan,8155282.89,14.53,234,105030.31,Active,2016-03-28,2026-07-25 01:44:20.516031,,Loan Management System
LN00000006,CUST00000980,Home Loan,7753194.23,7.68,254,61856.65,Active,2015-09-23,2026-07-25 01:44:20.517031,,Loan Management System
LN00000007,CUST00000020,Business Loan,12272657.61,15.78,105,216236.57,Active,2015-05-11,2026-07-25 01:44:20.517031,,Loan Management System
LN00000008,CUST00001244,Home Loan,9261806.03,7.41,210,78831.9,Closed,2013-12-08,2026-07-25 01:44:20.517031,,Loan Management System
LN00000009,CUST00004511,Car Loan,2612779.32,13.14,20,146176.77,Active,2024-02-03,2026-07-25 01:44:20.518031,,Loan Management System
LN00000010,CUST00002884,Home Loan,3249185.65,7.42,179,30064.27,Defaulted,2013-04-21,2026-07-25 01:44:20.518031,,Loan Management System
LN00000011,CUST00003480,Personal Loan,707444.94,16.09,22,37345.82,Active,2023-01-27,2026-07-25 01:44:20.518031,,Loan Management System
LN00000012,CUST00004632,Home Loan,3036289.31,17.27,96,58548.89,Closed,2024-02-29,2026-07-25 01:44:20.518031,,Loan Management System
LN00000013,CUST00000873,Home Loan,7426704.58,8.38,254,62541.63,Active,2020-11-02,2026-07-25 01:44:20.519031,,Loan Management System
LN00000014,CUST00000118,Gold Loan,1728200.85,9.03,23,82110.65,Closed,2013-01-15,2026-07-25 01:44:20.519031,,Loan Management System
LN00000015,CUST00001193,Education Loan,993287.48,6.87,116,11742.13,Active,2021-08-10,2026-07-25 01:44:20.519031,,Loan Management System
LN00000016,CUST00002436,Home Loan,9174793.18,13.02,221,109644.18,Active,2018-09-27,2026-07-25 01:44:20.520033,,Loan Management System
LN00000017,CUST00004518,Personal Loan,1332790.57,13.89,21,71856.75,Active,2012-02-07,2026-07-25 01:44:20.520033,,Loan Management System
LN00000018,CUST00003930,Home Loan,5832997.27,9.52,359,49156.22,Active,2012-01-26,2026-07-25 01:44:20.520033,,Loan Management System
LN00000019,CUST00002227,Car Loan,1213590.04,17.97,29,51898.05,Active,2013-02-26,2026-07-25 01:44:20.520033,,Loan Management System
LN00000020,CUST00002637,Home Loan,947605.57,7.76,141,10264.09,Closed,2015-04-13,2026-07-25 01:44:20.521034,,Loan Management System
LN00000021,CUST00001649,Personal Loan,142115.17,10.89,41,4166.49,Active,2015-07-09,2026-07-25 01:44:20.521034,,Loan Management System
LN00000022,CUST00003484,Gold Loan,2155429.76,6.63,10,222146.92,Closed,2020-02-28,2026-07-25 01:44:20.521034,,Loan Management System
LN00000023,CUST00000833,Car Loan,947110.53,13.87,26,42383.12,Active,2021-10-20,2026-07-25 01:44:20.521034,,Loan Management System
LN00000024,CUST00003905,Home Loan,530830.5,14.8,194,7216.08,Written Off,2012-01-05,2026-07-25 01:44:20.522033,,Loan Management System
LN00000025,CUST00004408,Education Loan,2079958.53,7.72,112,26115.35,Closed,2021-02-09,2026-07-25 01:44:20.522033,,Loan Management System
LN00000026,CUST00001733,Car Loan,756951.08,10.8,32,27329.84,Active,2014-12-11,2026-07-25 01:44:20.522033,,Loan Management System
LN00000027,CUST00002763,Education Loan,2168379.32,6.51,118,24929.25,Active,2023-09-29,2026-07-25 01:44:20.523033,,Loan Management System
LN00000028,CUST00002639,Home Loan,3948317.29,17.83,217,61156.96,Active,2022-08-14,2026-07-25 01:44:20.523033,,Loan Management System
LN00000029,CUST00004854,Home Loan,5889890.97,7.41,308,42796.4,Closed,2023-06-29,2026-07-25 01:44:20.523033,,Loan Management System
LN00000030,CUST00004269,Gold Loan,1343447.77,7.95,33,45456.91,Pending,2020-10-31,2026-07-25 01:44:20.524035,,Loan Management System
LN00000031,CUST00003535,Home Loan,5512900.98,13.48,168,73123.26,Pending,2018-09-12,2026-07-25 01:44:20.524035,,Loan Management System
LN00000032,CUST00002037,Education Loan,2790483.77,14.7,138,42011.48,Written Off,2015-04-24,2026-07-25 01:44:20.525035,,Loan Management System
LN00000033,CUST00003003,Car Loan,1426680.23,12.45,27,60857.85,Active,2019-03-16,2026-07-25 01:44:20.525035,,Loan Management System
LN00000034,CUST00001745,Home Loan,699825.47,12.87,172,8931.37,Active,2021-08-02,2026-07-25 01:44:20.525035,,Loan Management System
LN00000035,CUST00002799,Education Loan,329607.69,7.28,44,8557.89,Defaulted,2016-04-17,2026-07-25 01:44:20.526034,,Loan Management System
LN00000036,CUST00004660,Home Loan,2761044.03,14.19,169,37838.83,Active,2025-05-01,2026-07-25 01:44:20.526034,,Loan Management System
LN00000037,CUST00000582,Education Loan,3541293.99,13.13,98,59086.83,Closed,2026-05-08,2026-07-25 01:44:20.526034,,Loan Management System
LN00000038,CUST00003211,Business Loan,4212993.33,7.61,67,77378.58,Active,2011-09-03,2026-07-25 01:44:20.527031,,Loan Management System
LN00000039,CUST00002063,Personal Loan,1302563.29,7.12,53,28715.38,Written Off,2024-06-21,2026-07-25 01:44:20.527031,,Loan Management System
LN00000040,CUST00002053,Home Loan,4324902.18,10.4,115,59561.82,Active,2025-04-09,2026-07-25 01:44:20.527031,,Loan Management System
LN00000041,CUST00001174,Home Loan,4761828.7,11.35,202,52945.21,Active,2014-04-12,2026-07-25 01:44:20.528033,,Loan Management System
LN00000042,CUST00002505,Business Loan,1970005.32,15.79,82,39415.58,Active,2023-06-10,2026-07-25 01:44:20.528033,,Loan Management System
LN00000043,CUST00000429,Car Loan,1713646.23,6.67,23,79576.91,Pending,2018-10-02,2026-07-25 01:44:20.528033,,Loan Management System
LN00000044,CUST00004454,Business Loan,3743066.66,12.08,39,116521.94,Defaulted,2017-05-08,2026-07-25 01:44:20.529034,,Loan Management System
LN00000045,CUST00003049,Business Loan,3710423.87,6.52,61,71625.99,Active,2016-04-15,2026-07-25 01:44:20.529034,,Loan Management System
LN00000046,CUST00004439,Education Loan,1874532.63,11.36,178,21824.8,Closed,2014-03-17,2026-07-25 01:44:20.529034,,Loan Management System
LN00000047,CUST00001178,Personal Loan,325351.91,9.0,15,23014.22,Closed,2015-03-23,2026-07-25 01:44:20.530035,,Loan Management System
LN00000048,CUST00003437,Car Loan,2294331.57,7.16,73,38861.49,Active,2024-07-20,2026-07-25 01:44:20.530035,,Loan Management System
LN00000049,CUST00003438,Business Loan,3569938.19,17.55,22,190946.21,Defaulted,2017-04-15,2026-07-25 01:44:20.530035,,Loan Management System
LN00000050,CUST00003551,Home Loan,1145628.2,16.41,266,16100.76,Active,2013-04-20,2026-07-25 01:44:20.531035,,Loan Management System
LN00000051,CUST00003267,Business Loan,5301199.28,13.34,91,92903.2,Active,2013-02-20,2026-07-25 01:44:20.531035,,Loan Management System
LN00000052,CUST00000802,Car Loan,1782635.39,10.14,45,47787.07,Active,2018-01-09,2026-07-25 01:44:20.531035,,Loan Management System
LN00000053,CUST00004226,Education Loan,1030875.22,11.05,112,14791.07,Active,2013-03-16,2026-07-25 01:44:20.531035,,Loan Management System
LN00000054,CUST00002819,Gold Loan,2340942.36,6.61,9,267320.89,Active,2017-09-01,2026-07-25 01:44:20.532035,,Loan Management System
LN00000055,CUST00003551,Home Loan,3019403.94,17.23,95,58437.27,Defaulted,2025-12-24,2026-07-25 01:44:20.532035,,Loan Management System
LN00000056,CUST00001786,Personal Loan,278732.91,16.09,57,7025.64,Active,2017-05-31,2026-07-25 01:44:20.532035,,Loan Management System
LN00000057,CUST00003324,Gold Loan,2022572.36,12.58,22,103422.85,Pending,2021-10-31,2026-07-25 01:44:20.532035,,Loan Management System
LN00000058,CUST00000386,Home Loan,8842206.17,9.54,114,118236.51,Closed,2016-01-23,2026-07-25 01:44:20.533035,,Loan Management System
LN00000059,CUST00003688,Home Loan,3176684.58,8.92,235,28638.04,Active,2025-04-17,2026-07-25 01:44:20.533035,,Loan Management System
LN00000060,CUST00000861,Car Loan,939154.92,12.12,18,57323.96,Active,2012-04-19,2026-07-25 01:44:20.533035,,Loan Management System
LN00000061,CUST00003326,Personal Loan,451186.32,6.54,20,23872.49,Closed,2023-12-23,2026-07-25 01:44:20.534035,,Loan Management System
LN00000062,CUST00000572,Personal Loan,1124784.82,12.84,39,35427.37,Closed,2019-05-18,2026-07-25 01:44:20.534035,,Loan Management System
LN00000063,CUST00002348,Home Loan,9477983.92,14.45,136,142014.47,Active,2020-09-07,2026-07-25 01:44:20.534035,,Loan Management System
LN00000064,CUST00000953,Business Loan,11858936.55,8.2,28,466783.81,Active,2013-09-07,2026-07-25 01:44:20.534035,,Loan Management System
LN00000065,CUST00001313,Personal Loan,1402977.62,17.68,14,111636.85,Defaulted,2018-01-01,2026-07-25 01:44:20.535033,,Loan Management System
LN00000066,CUST00004170,Home Loan,2870532.52,7.68,346,20641.86,Defaulted,2012-11-25,2026-07-25 01:44:20.535033,,Loan Management System
LN00000067,CUST00002423,Personal Loan,949959.19,8.28,27,38683.63,Defaulted,2020-12-14,2026-07-25 01:44:20.535033,,Loan Management System
LN00000068,CUST00004161,Gold Loan,2031660.01,16.64,4,525643.96,Active,2016-07-19,2026-07-25 01:44:20.535033,,Loan Management System
LN00000069,CUST00000731,Gold Loan,1961406.58,11.23,18,118910.21,Active,2025-09-02,2026-07-25 01:44:20.536035,,Loan Management System
LN00000070,CUST00003712,Education Loan,521572.94,16.53,156,8148.98,Active,2022-04-04,2026-07-25 01:44:20.536035,,Loan Management System
LN00000071,CUST00001132,Business Loan,9475913.08,10.01,113,129823.7,Defaulted,2022-01-31,2026-07-25 01:44:20.536035,,Loan Management System
LN00000072,CUST00004316,Home Loan,6770315.24,11.08,202,74085.18,Defaulted,2026-03-22,2026-07-25 01:44:20.536035,,Loan Management System
LN00000073,CUST00004419,Gold Loan,715834.36,13.88,28,30074.79,Closed,2017-09-18,2026-07-25 01:44:20.537034,,Loan Management System
LN00000074,CUST00000952,Business Loan,6957422.43,6.82,45,175658.43,Active,2021-05-20,2026-07-25 01:44:20.537034,,Loan Management System
LN00000075,CUST00002577,Gold Loan,682029.25,7.75,30,25080.87,Active,2014-10-31,2026-07-25 01:44:20.537034,,Loan Management System
LN00000076,CUST00004248,Education Loan,1801936.15,17.82,65,43411.39,Active,2023-07-20,2026-07-25 01:44:20.538033,,Loan Management System
LN00000077,CUST00003304,Car Loan,913223.02,14.65,12,82275.22,Active,2012-09-29,2026-07-25 01:44:20.538033,,Loan Management System
LN00000078,CUST00004867,Business Loan,13893714.36,17.31,106,256655.75,Closed,2012-05-04,2026-07-25 01:44:20.538033,,Loan Management System
LN00000079,CUST00002237,Personal Loan,151462.03,14.14,33,5566.46,Closed,2022-10-23,2026-07-25 01:44:20.538033,,Loan Management System
LN00000080,CUST00004062,Car Loan,548950.88,16.85,76,11796.04,Active,2015-06-10,2026-07-25 01:44:20.539035,,Loan Management System
LN00000081,CUST00003708,Personal Loan,633480.56,9.9,20,34489.15,Active,2024-09-17,2026-07-25 01:44:20.539335,,Loan Management System
LN00000082,CUST00002149,Car Loan,1261606.78,15.1,34,45837.44,Closed,2016-06-26,2026-07-25 01:44:20.539335,,Loan Management System
LN00000083,CUST00002138,Personal Loan,844508.96,6.5,30,30575.43,Active,2012-12-01,2026-07-25 01:44:20.539863,,Loan Management System
LN00000084,CUST00001421,Education Loan,2465980.12,10.21,149,29261.92,Active,2026-02-10,2026-07-25 01:44:20.540872,,Loan Management System
LN00000085,CUST00004000,Home Loan,4995268.77,16.86,146,80709.35,Closed,2015-07-10,2026-07-25 01:44:20.540872,,Loan Management System
LN00000086,CUST00000696,Personal Loan,1012588.06,13.62,17,65831.47,Closed,2026-04-21,2026-07-25 01:44:20.541870,,Loan Management System
LN00000087,CUST00002047,Education Loan,2723903.12,9.08,86,43204.16,Active,2013-04-12,2026-07-25 01:44:20.541870,,Loan Management System
LN00000088,CUST00004184,Home Loan,9847392.22,13.53,97,167475.04,Active,2018-01-11,2026-07-25 01:44:20.542871,,Loan Management System
LN00000089,CUST00004954,Business Loan,11725582.54,14.76,61,274395.41,Active,2016-04-16,2026-07-25 01:44:20.542871,,Loan Management System
LN00000090,CUST00002792,Home Loan,6732551.11,6.56,114,79515.07,Closed,2019-04-11,2026-07-25 01:44:20.543870,,Loan Management System
LN00000091,CUST00003725,Home Loan,8139043.63,14.5,297,101204.14,Active,2022-05-18,2026-07-25 01:44:20.543870,,Loan Management System
LN00000092,CUST00002804,Home Loan,8559195.3,11.75,297,88719.92,Closed,2025-10-01,2026-07-25 01:44:20.544870,,Loan Management System
LN00000093,CUST00001376,Gold Loan,1498744.49,17.43,31,60389.78,Closed,2017-10-07,2026-07-25 01:44:20.544870,,Loan Management System
LN00000094,CUST00000535,Education Loan,2068634.84,16.05,176,30622.52,Active,2014-04-30,2026-07-25 01:44:20.544870,,Loan Management System
LN00000095,CUST00003654,Home Loan,8684201.64,11.68,186,101232.29,Closed,2017-11-10,2026-07-25 01:44:20.545870,,Loan Management System
LN00000096,CUST00001521,Personal Loan,1177628.51,12.07,27,50023.75,Active,2017-08-09,2026-07-25 01:44:20.545870,,Loan Management System
LN00000097,CUST00002176,Home Loan,3214417.43,9.62,223,30992.32,Defaulted,2015-02-15,2026-07-25 01:44:20.546869,,Loan Management System
LN00000098,CUST00001904,Home Loan,1932891.25,10.9,138,24628.54,Closed,2022-12-18,2026-07-25 01:44:20.546869,,Loan Management System
LN00000099,CUST00000622,Home Loan,4372194.01,12.74,272,49200.76,Active,2016-02-07,2026-07-25 01:44:20.547869,,Loan Management System
LN00000100,CUST00003913,Business Loan,8094797.85,15.35,101,143215.6,Active,2023-07-02,2026-07-25 01:44:20.547869,,Loan Management System
LN00000101,CUST00002425,Business Loan,11725961.76,11.99,57,270829.18,Active,2023-03-11,2026-07-25 01:44:20.548871,,Loan Management System
LN00000102,CUST00004615,Personal Loan,1342880.24,16.11,46,39318.53,Closed,2022-08-02,2026-07-25 01:44:20.548871,,Loan Management System
LN00000103,CUST00004171,Car Loan,1889107.25,9.04,40,54876.48,Active,2012-10-10,2026-07-25 01:44:20.548871,,Loan Management System
LN00000104,CUST00002015,Personal Loan,613842.94,14.19,37,20579.87,Closed,2021-12-04,2026-07-25 01:44:20.549870,,Loan Management System
LN00000105,CUST00000196,Business Loan,18431061.6,17.78,80,394813.17,Active,2022-05-13,2026-07-25 01:44:20.549870,,Loan Management System
LN00000106,CUST00001429,Personal Loan,868368.38,6.81,53,19017.74,Active,2014-06-22,2026-07-25 01:44:20.550871,,Loan Management System
LN00000107,CUST00003892,Business Loan,4043716.02,9.49,53,93696.72,Active,2020-08-25,2026-07-25 01:44:20.550871,,Loan Management System
LN00000108,CUST00002074,Personal Loan,1153783.08,10.86,60,25005.56,Written Off,2023-12-19,2026-07-25 01:44:20.551872,,Loan Management System
LN00000109,CUST00001445,Personal Loan,1260620.83,11.91,59,28332.26,Active,2015-09-23,2026-07-25 01:44:20.551872,,Loan Management System
LN00000110,CUST00001761,Gold Loan,891151.85,13.98,5,184507.62,Closed,2014-05-05,2026-07-25 01:44:20.552871,,Loan Management System
LN00000111,CUST00004531,Gold Loan,518417.69,6.73,12,44792.49,Active,2019-06-05,2026-07-25 01:44:20.552871,,Loan Management System
LN00000112,CUST00000870,Personal Loan,215864.7,17.4,41,7021.16,Closed,2018-01-06,2026-07-25 01:44:20.552871,,Loan Management System
LN00000113,CUST00002948,Education Loan,754377.66,13.48,65,16416.27,Closed,2016-02-26,2026-07-25 01:44:20.552871,,Loan Management System
LN00000114,CUST00003297,Home Loan,3454869.74,13.15,219,41692.0,Closed,2022-06-13,2026-07-25 01:44:20.553869,,Loan Management System
LN00000115,CUST00001124,Business Loan,7818485.71,17.33,37,274257.18,Active,2023-04-09,2026-07-25 01:44:20.553869,,Loan Management System
LN00000116,CUST00001538,Car Loan,1956278.71,7.67,50,45833.8,Defaulted,2021-01-13,2026-07-25 01:44:20.553869,,Loan Management System
LN00000117,CUST00002678,Car Loan,538954.18,17.81,17,36104.14,Active,2015-04-19,2026-07-25 01:44:20.554871,,Loan Management System
LN00000118,CUST00002816,Personal Loan,587327.77,12.32,33,21073.02,Active,2023-03-18,2026-07-25 01:44:20.554871,,Loan Management System
LN00000119,CUST00000110,Personal Loan,760792.47,11.49,35,25685.22,Closed,2017-01-29,2026-07-25 01:44:20.554871,,Loan Management System
LN00000120,CUST00004973,Business Loan,14292518.55,11.51,105,216578.93,Active,2025-11-25,2026-07-25 01:44:20.554871,,Loan Management System
LN00000121,CUST00001322,Car Loan,1924554.59,17.08,73,42561.72,Active,2024-08-19,2026-07-25 01:44:20.555871,,Loan Management System
LN00000122,CUST00002654,Business Loan,12053255.07,10.21,43,335882.18,Closed,2024-10-05,2026-07-25 01:44:20.555871,,Loan Management System
LN00000123,CUST00000054,Home Loan,8875496.25,9.3,297,76510.82,Closed,2012-07-06,2026-07-25 01:44:20.555871,,Loan Management System
LN00000124,CUST00000451,Car Loan,1141910.54,12.18,53,27964.35,Active,2015-06-17,2026-07-25 01:44:20.556871,,Loan Management System
LN00000125,CUST00000289,Home Loan,8079407.39,10.41,201,85079.59,Closed,2025-07-17,2026-07-25 01:44:20.556871,,Loan Management System
LN00000126,CUST00004860,Car Loan,734957.99,9.28,64,14602.48,Active,2012-02-09,2026-07-25 01:44:20.556871,,Loan Management System
LN00000127,CUST00000828,Education Loan,2793376.42,13.93,161,38417.98,Active,2025-04-04,2026-07-25 01:44:20.557870,,Loan Management System
LN00000128,CUST00002116,Home Loan,3295238.02,11.15,184,37447.11,Active,2016-12-05,2026-07-25 01:44:20.557870,,Loan Management System
LN00000129,CUST00000967,Car Loan,1525129.37,12.61,66,32156.71,Written Off,2018-05-21,2026-07-25 01:44:20.558869,,Loan Management System
LN00000130,CUST00000419,Car Loan,1185069.48,11.72,51,29613.18,Active,2016-02-12,2026-07-25 01:44:20.558869,,Loan Management System
LN00000131,CUST00001095,Home Loan,2329550.79,7.87,334,17217.83,Written Off,2012-09-08,2026-07-25 01:44:20.558869,,Loan Management System
LN00000132,CUST00001404,Car Loan,736314.72,14.99,47,20807.52,Closed,2015-02-25,2026-07-25 01:44:20.558869,,Loan Management System
LN00000133,CUST00000964,Gold Loan,1323476.25,9.75,9,153091.39,Closed,2021-03-18,2026-07-25 01:44:20.559872,,Loan Management System
LN00000134,CUST00000385,Personal Loan,573277.55,9.98,57,12670.02,Active,2026-06-21,2026-07-25 01:44:20.559872,,Loan Management System
LN00000135,CUST00002427,Personal Loan,1462727.65,12.86,56,34872.82,Pending,2023-10-10,2026-07-25 01:44:20.559872,,Loan Management System
LN00000136,CUST00004866,Car Loan,2307818.09,7.68,13,185579.03,Closed,2016-11-30,2026-07-25 01:44:20.560871,,Loan Management System
LN00000137,CUST00000848,Personal Loan,688679.76,8.62,15,48594.45,Active,2015-03-07,2026-07-25 01:44:20.560871,,Loan Management System
LN00000138,CUST00003193,Business Loan,2724699.24,7.25,74,45771.69,Active,2022-09-17,2026-07-25 01:44:20.561919,,Loan Management System
LN00000139,CUST00002983,Car Loan,350105.41,8.22,84,5495.27,Pending,2020-01-21,2026-07-25 01:44:20.561919,,Loan Management System
LN00000140,CUST00002916,Home Loan,2857814.07,12.92,273,32516.59,Closed,2018-04-17,2026-07-25 01:44:20.561919,,Loan Management System
LN00000141,CUST00004569,Education Loan,980179.83,12.51,151,12916.23,Pending,2022-07-01,2026-07-25 01:44:20.561919,,Loan Management System
LN00000142,CUST00000317,Personal Loan,903361.45,11.43,48,23536.94,Closed,2019-05-15,2026-07-25 01:44:20.562966,,Loan Management System
LN00000143,CUST00001768,Car Loan,2272250.06,17.4,38,78196.89,Closed,2013-12-28,2026-07-25 01:44:20.562966,,Loan Management System
LN00000144,CUST00002041,Personal Loan,167721.82,9.26,47,4268.31,Active,2016-01-25,2026-07-25 01:44:20.562966,,Loan Management System
LN00000145,CUST00004852,Home Loan,4779785.19,13.33,209,58954.09,Active,2013-12-08,2026-07-25 01:44:20.563871,,Loan Management System
LN00000146,CUST00003969,Personal Loan,459941.64,16.39,16,32196.78,Closed,2015-10-04,2026-07-25 01:44:20.563871,,Loan Management System
LN00000147,CUST00000485,Gold Loan,1974874.37,13.69,15,143992.2,Active,2024-03-27,2026-07-25 01:44:20.563871,,Loan Management System
LN00000148,CUST00001408,Car Loan,2013377.23,16.95,30,82799.22,Active,2021-02-10,2026-07-25 01:44:20.563871,,Loan Management System
LN00000149,CUST00000047,Home Loan,3422312.22,15.11,351,43632.57,Pending,2020-09-24,2026-07-25 01:44:20.564968,,Loan Management System
LN00000150,CUST00002544,Personal Loan,729612.06,10.0,37,22996.68,Pending,2016-01-12,2026-07-25 01:44:20.564968,,Loan Management System
LN00000151,CUST00002689,Car Loan,1582626.61,7.43,17,98368.82,Defaulted,2024-04-08,2026-07-25 01:44:20.564968,,Loan Management System
LN00000152,CUST00004890,Education Loan,2454483.2,6.8,94,33752.58,Written Off,2021-07-04,2026-07-25 01:44:20.564968,,Loan Management System
LN00000153,CUST00003502,Business Loan,11716382.63,17.43,109,214783.02,Closed,2018-11-07,2026-07-25 01:44:20.565969,,Loan Management System
LN00000154,CUST00000705,Personal Loan,108335.93,15.2,42,3342.03,Active,2021-06-27,2026-07-25 01:44:20.565969,,Loan Management System
LN00000155,CUST00004604,Personal Loan,453327.03,17.96,39,15428.7,Closed,2018-05-10,2026-07-25 01:44:20.565969,,Loan Management System
LN00000156,CUST00002114,Personal Loan,182301.49,10.5,33,6384.15,Active,2017-09-20,2026-07-25 01:44:20.565969,,Loan Management System
LN00000157,CUST00004648,Home Loan,2027836.1,11.23,313,20064.14,Active,2015-04-17,2026-07-25 01:44:20.567011,,Loan Management System
LN00000158,CUST00001094,Gold Loan,2038575.94,12.83,32,75560.27,Active,2013-11-30,2026-07-25 01:44:20.567011,,Loan Management System
LN00000159,CUST00001425,Personal Loan,218086.32,15.38,44,6515.62,Closed,2020-03-25,2026-07-25 01:44:20.567011,,Loan Management System
LN00000160,CUST00004435,Home Loan,8758991.1,11.81,87,150322.1,Active,2019-12-16,2026-07-25 01:44:20.567967,,Loan Management System
LN00000161,CUST00002444,Personal Loan,1146842.57,13.69,60,26501.06,Active,2013-02-08,2026-07-25 01:44:20.567967,,Loan Management System
LN00000162,CUST00004475,Personal Loan,239969.18,9.81,56,5357.81,Active,2024-06-02,2026-07-25 01:44:20.567967,,Loan Management System
LN00000163,CUST00004051,Home Loan,6485211.63,15.69,141,100963.78,Active,2012-05-12,2026-07-25 01:44:20.567967,,Loan Management System
LN00000164,CUST00001279,Home Loan,4375911.53,9.08,118,56202.26,Active,2026-03-18,2026-07-25 01:44:20.568872,,Loan Management System
LN00000165,CUST00004931,Home Loan,8405360.15,12.23,209,97359.27,Active,2013-06-05,2026-07-25 01:44:20.568872,,Loan Management System
LN00000166,CUST00001274,Personal Loan,1260349.72,17.77,27,56971.91,Active,2014-02-28,2026-07-25 01:44:20.568872,,Loan Management System
LN00000167,CUST00000199,Home Loan,2310798.52,13.39,129,33880.88,Defaulted,2022-03-27,2026-07-25 01:44:20.568872,,Loan Management System
LN00000168,CUST00001198,Personal Loan,1195508.96,11.27,44,33295.72,Active,2014-04-14,2026-07-25 01:44:20.569954,,Loan Management System
LN00000169,CUST00000843,Home Loan,7397484.33,16.13,356,100299.37,Written Off,2025-01-13,2026-07-25 01:44:20.569954,,Loan Management System
LN00000170,CUST00004524,Personal Loan,265463.36,12.69,34,9336.09,Active,2023-02-20,2026-07-25 01:44:20.569954,,Loan Management System
LN00000171,CUST00004526,Education Loan,1571119.21,17.23,84,32316.26,Written Off,2018-09-29,2026-07-25 01:44:20.569954,,Loan Management System
LN00000172,CUST00001021,Home Loan,4138223.06,16.34,270,57849.84,Active,2021-09-15,2026-07-25 01:44:20.570964,,Loan Management System
LN00000173,CUST00002848,Education Loan,2850388.74,15.83,134,45451.42,Written Off,2012-08-22,2026-07-25 01:44:20.570964,,Loan Management System
LN00000174,CUST00003873,Education Loan,2642874.11,8.25,45,68483.17,Active,2018-02-08,2026-07-25 01:44:20.570964,,Loan Management System
LN00000175,CUST00000579,Gold Loan,846686.89,7.65,31,30186.81,Active,2018-01-20,2026-07-25 01:44:20.570964,,Loan Management System
LN00000176,CUST00001221,Business Loan,799278.16,8.16,95,11449.18,Written Off,2021-09-12,2026-07-25 01:44:20.571960,,Loan Management System
LN00000177,CUST00000798,Home Loan,7924490.27,9.55,263,72020.58,Closed,2019-07-11,2026-07-25 01:44:20.571960,,Loan Management System
LN00000178,CUST00002594,Business Loan,17120656.06,16.38,60,419805.75,Written Off,2020-07-24,2026-07-25 01:44:20.571960,,Loan Management System
LN00000179,CUST00001059,Car Loan,2684828.31,12.11,81,48676.65,Active,2015-11-03,2026-07-25 01:44:20.572982,,Loan Management System
LN00000180,CUST00003137,Home Loan,6496029.66,17.09,176,100888.56,Closed,2020-12-21,2026-07-25 01:44:20.572982,,Loan Management System
LN00000181,CUST00004841,Personal Loan,192742.53,13.79,18,11914.73,Active,2026-03-16,2026-07-25 01:44:20.572982,,Loan Management System
LN00000182,CUST00003793,Car Loan,2729587.37,7.03,19,152226.17,Active,2011-10-04,2026-07-25 01:44:20.573965,,Loan Management System
LN00000183,CUST00002942,Personal Loan,261076.2,12.61,48,6953.59,Closed,2023-02-19,2026-07-25 01:44:20.573965,,Loan Management System
LN00000184,CUST00001518,Home Loan,2163158.87,13.51,255,25841.12,Closed,2023-10-28,2026-07-25 01:44:20.573965,,Loan Management System
LN00000185,CUST00001329,Home Loan,9171875.65,8.15,296,72002.38,Closed,2013-07-05,2026-07-25 01:44:20.574872,,Loan Management System
LN00000186,CUST00003245,Personal Loan,1016919.04,16.84,41,32787.73,Pending,2023-02-28,2026-07-25 01:44:20.574872,,Loan Management System
LN00000187,CUST00003987,Car Loan,642331.74,11.58,56,14901.19,Written Off,2020-09-11,2026-07-25 01:44:20.574872,,Loan Management System
LN00000188,CUST00004009,Personal Loan,1444942.16,14.44,41,44855.61,Closed,2024-05-02,2026-07-25 01:44:20.575943,,Loan Management System
LN00000189,CUST00001626,Home Loan,4154585.87,12.06,181,49924.12,Active,2016-02-06,2026-07-25 01:44:20.575943,,Loan Management System
LN00000190,CUST00000553,Personal Loan,479014.97,14.54,13,40047.82,Written Off,2024-08-20,2026-07-25 01:44:20.575943,,Loan Management System
LN00000191,CUST00003136,Car Loan,968545.06,13.01,18,59519.28,Pending,2022-06-19,2026-07-25 01:44:20.575943,,Loan Management System
LN00000192,CUST00000630,Education Loan,3348071.71,16.88,94,64426.88,Closed,2017-05-07,2026-07-25 01:44:20.576872,,Loan Management System
LN00000193,CUST00004809,Personal Loan,973095.92,13.64,55,23892.78,Closed,2013-06-17,2026-07-25 01:44:20.576872,,Loan Management System
LN00000194,CUST00003562,Education Loan,2755334.87,8.07,60,55960.61,Pending,2016-07-21,2026-07-25 01:44:20.577873,,Loan Management System
LN00000195,CUST00002402,Car Loan,1065012.08,11.57,58,24058.7,Closed,2018-12-16,2026-07-25 01:44:20.577873,,Loan Management System
LN00000196,CUST00001050,Home Loan,3303549.29,15.1,149,49204.91,Active,2014-04-02,2026-07-25 01:44:20.577873,,Loan Management System
LN00000197,CUST00002641,Education Loan,3518196.33,10.71,164,40932.5,Pending,2019-04-13,2026-07-25 01:44:20.578875,,Loan Management System
LN00000198,CUST00003903,Business Loan,5510916.65,15.98,73,118503.1,Written Off,2011-08-14,2026-07-25 01:44:20.578875,,Loan Management System
LN00000199,CUST00003430,Personal Loan,1312075.59,15.75,41,41585.5,Written Off,2023-11-05,2026-07-25 01:44:20.578875,,Loan Management System
LN00000200,CUST00004828,Home Loan,9681751.99,16.39,263,136076.26,Written Off,2026-06-18,2026-07-25 01:44:20.578875,,Loan Management System
LN00000201,CUST00001500,Business Loan,7632613.46,15.59,13,641895.93,Active,2023-10-21,2026-07-25 01:44:20.579878,,Loan Management System
LN00000202,CUST00002192,Home Loan,4001563.76,15.11,194,55263.61,Closed,2016-01-16,2026-07-25 01:44:20.579878,,Loan Management System
LN00000203,CUST00003499,Business Loan,18835691.89,7.75,41,524385.15,Active,2020-01-29,2026-07-25 01:44:20.579878,,Loan Management System
LN00000204,CUST00004111,Car Loan,2840873.58,10.27,40,84171.21,Closed,2024-07-10,2026-07-25 01:44:20.579878,,Loan Management System
LN00000205,CUST00004150,Car Loan,1499949.1,14.56,64,33837.45,Active,2014-08-08,2026-07-25 01:44:20.580874,,Loan Management System
LN00000206,CUST00002504,Home Loan,853515.22,17.95,119,15398.24,Active,2020-03-13,2026-07-25 01:44:20.580874,,Loan Management System
LN00000207,CUST00004562,Business Loan,3145448.95,11.72,97,50324.2,Pending,2013-05-16,2026-07-25 01:44:20.580874,,Loan Management System
LN00000208,CUST00000809,Car Loan,1712538.99,13.25,31,65537.65,Defaulted,2026-05-16,2026-07-25 01:44:20.580874,,Loan Management System
LN00000209,CUST00003415,Car Loan,2534340.63,13.58,47,69825.04,Active,2022-03-14,2026-07-25 01:44:20.581873,,Loan Management System
LN00000210,CUST00000282,Personal Loan,692905.47,17.43,35,25394.48,Active,2016-08-21,2026-07-25 01:44:20.581873,,Loan Management System
LN00000211,CUST00002666,Car Loan,1724504.41,17.75,57,44990.49,Active,2025-11-17,2026-07-25 01:44:20.581873,,Loan Management System
LN00000212,CUST00004116,Personal Loan,1453899.97,17.41,41,47296.55,Active,2022-06-07,2026-07-25 01:44:20.581873,,Loan Management System
LN00000213,CUST00001724,Home Loan,6575182.73,17.67,85,136109.06,Closed,2020-03-13,2026-07-25 01:44:20.582879,,Loan Management System
LN00000214,CUST00004370,Home Loan,1696276.91,12.99,95,28671.63,Closed,2021-12-03,2026-07-25 01:44:20.582879,,Loan Management System
LN00000215,CUST00000163,Car Loan,1841872.63,15.85,41,58469.27,Active,2014-12-11,2026-07-25 01:44:20.582879,,Loan Management System
LN00000216,CUST00000375,Home Loan,9055044.84,6.53,134,95356.0,Written Off,2014-02-28,2026-07-25 01:44:20.583888,,Loan Management System
LN00000217,CUST00003291,Car Loan,2435838.71,7.76,15,170916.52,Active,2017-12-03,2026-07-25 01:44:20.583888,,Loan Management System
LN00000218,CUST00004485,Personal Loan,1193225.72,13.27,13,99047.87,Active,2024-07-14,2026-07-25 01:44:20.583888,,Loan Management System
LN00000219,CUST00004130,Home Loan,7546321.54,12.55,92,128115.46,Active,2014-04-23,2026-07-25 01:44:20.583888,,Loan Management System
LN00000220,CUST00000560,Education Loan,2101628.03,7.75,164,20815.19,Active,2020-09-26,2026-07-25 01:44:20.584881,,Loan Management System
LN00000221,CUST00000922,Car Loan,2236280.39,16.95,78,47489.98,Active,2024-10-22,2026-07-25 01:44:20.584881,,Loan Management System
LN00000222,CUST00004174,Car Loan,287221.79,17.98,63,7076.12,Active,2020-08-01,2026-07-25 01:44:20.584881,,Loan Management System
LN00000223,CUST00001757,Home Loan,7267812.49,11.6,101,113034.61,Active,2011-07-28,2026-07-25 01:44:20.584881,,Loan Management System
LN00000224,CUST00001410,Home Loan,1698820.09,13.68,359,19703.21,Active,2021-10-01,2026-07-25 01:44:20.585878,,Loan Management System
LN00000225,CUST00003561,Personal Loan,1492210.25,12.6,41,44977.68,Active,2017-01-28,2026-07-25 01:44:20.585878,,Loan Management System
LN00000226,CUST00001341,Personal Loan,1199989.33,7.82,53,26848.87,Closed,2019-11-16,2026-07-25 01:44:20.585878,,Loan Management System
LN00000227,CUST00004288,Education Loan,2911275.67,8.97,151,32230.42,Defaulted,2011-11-23,2026-07-25 01:44:20.585878,,Loan Management System
LN00000228,CUST00003642,Personal Loan,1249757.88,11.09,58,27933.01,Active,2013-06-19,2026-07-25 01:44:20.586879,,Loan Management System
LN00000229,CUST00000094,Personal Loan,1014406.4,10.8,21,53230.01,Closed,2017-09-26,2026-07-25 01:44:20.586879,,Loan Management System
LN00000230,CUST00001897,Personal Loan,182275.94,7.48,39,5279.31,Active,2025-09-16,2026-07-25 01:44:20.586879,,Loan Management System
LN00000231,CUST00001035,Education Loan,3265900.21,12.9,179,41182.52,Closed,2025-04-15,2026-07-25 01:44:20.586879,,Loan Management System
LN00000232,CUST00001151,Car Loan,1350264.17,16.55,66,31294.69,Defaulted,2016-10-16,2026-07-25 01:44:20.587878,,Loan Management System
LN00000233,CUST00000640,Education Loan,3876754.64,13.4,126,57474.87,Active,2015-08-20,2026-07-25 01:44:20.587878,,Loan Management System
LN00000234,CUST00004726,Car Loan,633244.49,12.05,25,28768.39,Active,2012-07-18,2026-07-25 01:44:20.587878,,Loan Management System
LN00000235,CUST00002578,Car Loan,521678.88,9.7,40,15316.03,Closed,2015-08-29,2026-07-25 01:44:20.587878,,Loan Management System
LN00000236,CUST00002601,Business Loan,19503658.74,15.91,90,372399.03,Closed,2021-03-19,2026-07-25 01:44:20.588878,,Loan Management System
LN00000237,CUST00000729,Car Loan,1905185.76,14.07,46,53821.99,Active,2012-11-25,2026-07-25 01:44:20.588878,,Loan Management System
LN00000238,CUST00001674,Personal Loan,1155493.8,17.1,34,43117.16,Active,2013-01-07,2026-07-25 01:44:20.588878,,Loan Management System
LN00000239,CUST00002052,Business Loan,11543261.35,11.11,30,442448.63,Closed,2024-01-05,2026-07-25 01:44:20.589879,,Loan Management System
LN00000240,CUST00001732,Gold Loan,252100.27,12.6,27,10771.64,Active,2019-10-30,2026-07-25 01:44:20.589879,,Loan Management System
LN00000241,CUST00002475,Personal Loan,586576.98,14.8,48,16265.47,Closed,2025-06-11,2026-07-25 01:44:20.589879,,Loan Management System
LN00000242,CUST00004011,Business Loan,3533808.12,15.18,18,220755.34,Closed,2012-09-27,2026-07-25 01:44:20.590882,,Loan Management System
LN00000243,CUST00002998,Personal Loan,1009811.1,12.09,40,30798.22,Active,2024-07-02,2026-07-25 01:44:20.590882,,Loan Management System
LN00000244,CUST00004536,Home Loan,5367289.91,10.47,116,73753.67,Active,2020-08-16,2026-07-25 01:44:20.590882,,Loan Management System
LN00000245,CUST00004503,Car Loan,1562571.71,14.17,17,101989.94,Active,2024-08-03,2026-07-25 01:44:20.591878,,Loan Management System
LN00000246,CUST00000635,Gold Loan,160585.35,8.85,16,10677.31,Closed,2013-09-13,2026-07-25 01:44:20.591878,,Loan Management System
LN00000247,CUST00002786,Education Loan,1228843.81,7.88,163,12302.51,Closed,2013-09-29,2026-07-25 01:44:20.591878,,Loan Management System
LN00000248,CUST00004476,Home Loan,4111970.73,14.59,316,51116.86,Closed,2022-10-14,2026-07-25 01:44:20.592874,,Loan Management System
LN00000249,CUST00002362,Car Loan,1191668.08,11.07,17,76060.47,Active,2019-08-25,2026-07-25 01:44:20.592874,,Loan Management System
LN00000250,CUST00001573,Personal Loan,162900.79,10.1,39,4917.32,Closed,2020-11-30,2026-07-25 01:44:20.592874,,Loan Management System
LN00000251,CUST00001248,Education Loan,1729006.44,7.82,41,48191.59,Written Off,2014-05-16,2026-07-25 01:44:20.593874,,Loan Management System
LN00000252,CUST00003988,Home Loan,9502335.94,11.79,245,102722.4,Active,2016-01-27,2026-07-25 01:44:20.593874,,Loan Management System
LN00000253,CUST00000342,Business Loan,5244671.26,13.27,79,99900.48,Active,2020-07-15,2026-07-25 01:44:20.593874,,Loan Management System
LN00000254,CUST00002173,Business Loan,15043194.12,9.05,111,200554.81,Active,2026-05-28,2026-07-25 01:44:20.594875,,Loan Management System
LN00000255,CUST00001012,Car Loan,519274.59,12.36,56,12249.08,Active,2021-11-18,2026-07-25 01:44:20.594875,,Loan Management System
LN00000256,CUST00001932,Gold Loan,1622471.37,8.2,9,186489.9,Active,2018-10-05,2026-07-25 01:44:20.594875,,Loan Management System
LN00000257,CUST00001977,Home Loan,6222790.36,15.24,98,111359.64,Active,2015-03-02,2026-07-25 01:44:20.594875,,Loan Management System
LN00000258,CUST00001424,Education Loan,2027056.4,15.18,150,30229.19,Closed,2020-09-26,2026-07-25 01:44:20.595876,,Loan Management System
LN00000259,CUST00000017,Business Loan,13038340.7,17.85,53,357324.98,Defaulted,2024-05-30,2026-07-25 01:44:20.595876,,Loan Management System
LN00000260,CUST00001319,Car Loan,622680.72,7.29,68,11205.71,Closed,2023-12-24,2026-07-25 01:44:20.595876,,Loan Management System
LN00000261,CUST00000258,Education Loan,2406537.05,10.55,54,56170.15,Active,2023-04-19,2026-07-25 01:44:20.595876,,Loan Management System
LN00000262,CUST00001715,Personal Loan,132490.57,16.06,16,9253.94,Closed,2014-12-25,2026-07-25 01:44:20.596876,,Loan Management System
LN00000263,CUST00003978,Gold Loan,248483.85,13.33,27,10702.75,Active,2023-09-10,2026-07-25 01:44:20.596876,,Loan Management System
LN00000264,CUST00003919,Car Loan,2417089.83,16.8,69,54859.13,Pending,2016-11-11,2026-07-25 01:44:20.596876,,Loan Management System
LN00000265,CUST00000204,Car Loan,727070.5,13.46,76,14267.26,Active,2018-05-08,2026-07-25 01:44:20.597875,,Loan Management System
LN00000266,CUST00003591,Home Loan,1483267.83,16.84,235,21633.37,Written Off,2022-12-27,2026-07-25 01:44:20.597875,,Loan Management System
LN00000267,CUST00000683,Home Loan,6638207.37,6.95,284,47697.91,Written Off,2022-08-14,2026-07-25 01:44:20.597875,,Loan Management System
LN00000268,CUST00002147,Car Loan,1907455.14,10.68,48,49003.28,Active,2017-11-30,2026-07-25 01:44:20.597875,,Loan Management System
LN00000269,CUST00002832,Education Loan,2747701.11,7.1,121,31862.93,Active,2019-01-06,2026-07-25 01:44:20.598875,,Loan Management System
LN00000270,CUST00004642,Home Loan,6944603.78,9.77,136,84634.83,Active,2020-05-14,2026-07-25 01:44:20.598875,,Loan Management System
LN00000271,CUST00000293,Car Loan,595999.47,10.52,62,12501.92,Active,2019-03-30,2026-07-25 01:44:20.598875,,Loan Management System
LN00000272,CUST00001563,Education Loan,430404.15,12.93,120,6408.64,Closed,2013-08-14,2026-07-25 01:44:20.598875,,Loan Management System
LN00000273,CUST00003601,Car Loan,2521085.12,15.0,79,50405.08,Active,2015-10-12,2026-07-25 01:44:20.599875,,Loan Management System
LN00000274,CUST00002071,Car Loan,1623767.76,6.71,51,36682.18,Active,2015-05-21,2026-07-25 01:44:20.599875,,Loan Management System
LN00000275,CUST00002213,Home Loan,9502848.54,12.09,175,115773.19,Written Off,2012-08-25,2026-07-25 01:44:20.599875,,Loan Management System
LN00000276,CUST00002086,Home Loan,3310024.97,15.56,319,43636.12,Closed,2017-04-24,2026-07-25 01:44:20.599875,,Loan Management System
LN00000277,CUST00000028,Business Loan,17731802.23,6.93,55,377225.14,Defaulted,2011-12-02,2026-07-25 01:44:20.600873,,Loan Management System
LN00000278,CUST00003076,Car Loan,1872290.04,8.27,35,60387.95,Closed,2021-07-27,2026-07-25 01:44:20.600873,,Loan Management System
LN00000279,CUST00002722,Education Loan,3255270.51,8.4,148,35391.86,Active,2020-12-25,2026-07-25 01:44:20.600873,,Loan Management System
LN00000280,CUST00000381,Personal Loan,1093399.23,17.65,51,30626.4,Active,2015-06-23,2026-07-25 01:44:20.601875,,Loan Management System
LN00000281,CUST00000214,Education Loan,1850819.06,12.64,115,27838.19,Written Off,2021-07-28,2026-07-25 01:44:20.601875,,Loan Management System
LN00000282,CUST00004119,Education Loan,3625499.92,8.73,148,40087.33,Active,2015-04-23,2026-07-25 01:44:20.601875,,Loan Management System
LN00000283,CUST00004426,Personal Loan,603715.03,12.57,22,30867.73,Closed,2011-09-07,2026-07-25 01:44:20.601875,,Loan Management System
LN00000284,CUST00003723,Business Loan,3198771.42,9.38,94,48175.77,Active,2012-10-08,2026-07-25 01:44:20.602876,,Loan Management System
LN00000285,CUST00004332,Personal Loan,1404725.65,14.68,45,40778.59,Defaulted,2023-08-09,2026-07-25 01:44:20.602876,,Loan Management System
LN00000286,CUST00000780,Personal Loan,1156519.4,9.64,44,31307.33,Active,2022-04-19,2026-07-25 01:44:20.602876,,Loan Management System
LN00000287,CUST00004108,Personal Loan,1422299.23,9.05,40,41322.88,Defaulted,2012-07-24,2026-07-25 01:44:20.602876,,Loan Management System
LN00000288,CUST00004504,Gold Loan,1051869.84,11.06,26,45682.58,Active,2015-06-16,2026-07-25 01:44:20.603873,,Loan Management System
LN00000289,CUST00000146,Gold Loan,952908.87,6.82,9,108910.22,Closed,2012-09-15,2026-07-25 01:44:20.603873,,Loan Management System
LN00000290,CUST00000126,Car Loan,2415865.78,8.08,48,59069.11,Pending,2012-02-05,2026-07-25 01:44:20.603873,,Loan Management System
LN00000291,CUST00002958,Personal Loan,1255110.2,15.23,42,38737.41,Active,2026-03-09,2026-07-25 01:44:20.604875,,Loan Management System
LN00000292,CUST00001111,Home Loan,1252644.83,9.44,136,15032.86,Active,2017-03-08,2026-07-25 01:44:20.604875,,Loan Management System
LN00000293,CUST00003732,Education Loan,2158308.87,7.78,109,27676.32,Active,2012-10-07,2026-07-25 01:44:20.604875,,Loan Management System
LN00000294,CUST00001564,Home Loan,2765175.28,13.85,294,33046.87,Active,2020-04-22,2026-07-25 01:44:20.604875,,Loan Management System
LN00000295,CUST00001741,Business Loan,10246669.83,12.66,92,174580.19,Active,2015-08-11,2026-07-25 01:44:20.605875,,Loan Management System
LN00000296,CUST00003771,Home Loan,1863979.98,11.44,240,19801.03,Active,2016-04-19,2026-07-25 01:44:20.605875,,Loan Management System
LN00000297,CUST00004805,Personal Loan,1013338.39,7.48,35,32315.3,Active,2022-12-10,2026-07-25 01:44:20.605875,,Loan Management System
LN00000298,CUST00000798,Car Loan,1620517.55,17.87,82,34355.2,Active,2019-10-27,2026-07-25 01:44:20.606876,,Loan Management System
LN00000299,CUST00001051,Business Loan,1348921.29,10.95,59,29668.8,Active,2015-03-17,2026-07-25 01:44:20.606876,,Loan Management System
LN00000300,CUST00003749,Home Loan,7990940.15,10.47,113,111498.72,Closed,2020-09-25,2026-07-25 01:44:20.606876,,Loan Management System
LN00000301,CUST00004065,Education Loan,1396822.57,7.01,175,12766.42,Active,2013-10-24,2026-07-25 01:44:20.607876,,Loan Management System
LN00000302,CUST00002120,Car Loan,2525074.24,14.37,73,52078.24,Closed,2023-11-13,2026-07-25 01:44:20.607876,,Loan Management System
LN00000303,CUST00001368,Business Loan,1730460.47,15.43,70,37641.51,Active,2021-04-11,2026-07-25 01:44:20.607876,,Loan Management System
LN00000304,CUST00004450,Home Loan,8015537.53,16.69,221,117010.06,Pending,2021-05-13,2026-07-25 01:44:20.607876,,Loan Management System
LN00000305,CUST00000074,Car Loan,2969543.57,12.74,44,84827.0,Active,2019-08-09,2026-07-25 01:44:20.608882,,Loan Management System
LN00000306,CUST00003525,Car Loan,1001110.51,16.41,18,63120.41,Defaulted,2015-09-11,2026-07-25 01:44:20.608882,,Loan Management System
LN00000307,CUST00000233,Personal Loan,230488.76,10.73,37,7344.18,Closed,2024-11-28,2026-07-25 01:44:20.608882,,Loan Management System
LN00000308,CUST00004670,Business Loan,8039572.98,17.7,75,177914.84,Closed,2019-08-10,2026-07-25 01:44:20.609873,,Loan Management System
LN00000309,CUST00002076,Personal Loan,1206071.78,9.57,17,76145.33,Closed,2025-04-19,2026-07-25 01:44:20.609873,,Loan Management System
LN00000310,CUST00003765,Home Loan,6223306.34,15.96,339,83719.77,Active,2018-06-27,2026-07-25 01:44:20.609873,,Loan Management System
LN00000311,CUST00001644,Home Loan,3615239.1,9.9,288,32914.11,Closed,2014-10-20,2026-07-25 01:44:20.609873,,Loan Management System
LN00000312,CUST00001713,Personal Loan,1050158.97,10.54,14,80046.33,Closed,2013-03-02,2026-07-25 01:44:20.610876,,Loan Management System
LN00000313,CUST00000210,Business Loan,12489603.9,11.5,93,203518.74,Written Off,2013-03-18,2026-07-25 01:44:20.610876,,Loan Management System
LN00000314,CUST00002241,Gold Loan,210726.88,13.83,26,9426.02,Active,2022-10-09,2026-07-25 01:44:20.610876,,Loan Management System
LN00000315,CUST00001951,Education Loan,723948.23,6.86,148,7262.36,Active,2018-11-23,2026-07-25 01:44:20.611876,,Loan Management System
LN00000316,CUST00000538,Home Loan,7895896.05,10.71,256,78548.08,Pending,2017-08-03,2026-07-25 01:44:20.611876,,Loan Management System
LN00000317,CUST00004891,Home Loan,1957662.55,11.67,249,20917.29,Active,2018-10-08,2026-07-25 01:44:20.611876,,Loan Management System
LN00000318,CUST00003295,Education Loan,2338294.94,12.59,137,32251.74,Active,2018-07-22,2026-07-25 01:44:20.611876,,Loan Management System
LN00000319,CUST00000950,Personal Loan,1442754.08,6.8,23,67082.33,Active,2019-07-04,2026-07-25 01:44:20.612876,,Loan Management System
LN00000320,CUST00003347,Personal Loan,864425.43,9.51,28,34545.87,Closed,2026-04-04,2026-07-25 01:44:20.612876,,Loan Management System
LN00000321,CUST00001876,Home Loan,6312833.24,14.48,311,78046.91,Active,2023-12-19,2026-07-25 01:44:20.612876,,Loan Management System
LN00000322,CUST00000361,Home Loan,1203494.37,8.49,287,9811.94,Written Off,2012-06-25,2026-07-25 01:44:20.612876,,Loan Management System
LN00000323,CUST00003282,Business Loan,19367444.11,17.85,97,378454.93,Active,2023-01-07,2026-07-25 01:44:20.613873,,Loan Management System
LN00000324,CUST00003159,Home Loan,5650627.93,16.75,140,92099.8,Closed,2022-09-05,2026-07-25 01:44:20.613873,,Loan Management System
LN00000325,CUST00001281,Gold Loan,1603307.56,15.63,35,57333.55,Active,2022-07-22,2026-07-25 01:44:20.613873,,Loan Management System
LN00000326,CUST00003868,Gold Loan,1985362.54,9.22,34,66574.59,Active,2013-03-27,2026-07-25 01:44:20.613873,,Loan Management System
LN00000327,CUST00004085,Car Loan,1232951.26,15.74,82,24633.91,Active,2012-08-04,2026-07-25 01:44:20.614876,,Loan Management System
LN00000328,CUST00000033,Business Loan,1782088.05,11.08,103,26887.99,Closed,2018-05-30,2026-07-25 01:44:20.614876,,Loan Management System
LN00000329,CUST00002395,Car Loan,2353660.74,15.97,21,129208.65,Active,2023-12-13,2026-07-25 01:44:20.614876,,Loan Management System
LN00000330,CUST00002384,Personal Loan,157539.28,11.86,45,4353.89,Active,2017-05-02,2026-07-25 01:44:20.615876,,Loan Management System
LN00000331,CUST00002327,Business Loan,15715127.11,13.86,35,548409.78,Closed,2025-03-07,2026-07-25 01:44:20.615876,,Loan Management System
LN00000332,CUST00003624,Home Loan,5277205.97,16.48,123,89121.75,Active,2026-03-22,2026-07-25 01:44:20.615876,,Loan Management System
LN00000333,CUST00001047,Personal Loan,284852.09,17.25,26,13208.12,Active,2013-06-02,2026-07-25 01:44:20.615876,,Loan Management System
LN00000334,CUST00001502,Gold Loan,2239941.64,16.23,19,134478.44,Active,2015-10-17,2026-07-25 01:44:20.616876,,Loan Management System
LN00000335,CUST00000206,Gold Loan,704266.31,13.69,8,92612.5,Active,2014-10-27,2026-07-25 01:44:20.616876,,Loan Management System
LN00000336,CUST00002428,Home Loan,9445266.38,8.27,232,81697.6,Closed,2014-10-18,2026-07-25 01:44:20.616876,,Loan Management System
LN00000337,CUST00001804,Car Loan,2510661.55,6.83,17,155365.67,Pending,2020-09-07,2026-07-25 01:44:20.616876,,Loan Management System
LN00000338,CUST00004675,Education Loan,1132158.04,8.92,142,12934.67,Closed,2019-03-12,2026-07-25 01:44:20.617876,,Loan Management System
LN00000339,CUST00001936,Home Loan,8945470.37,12.77,214,106220.45,Active,2013-12-12,2026-07-25 01:44:20.617876,,Loan Management System
LN00000340,CUST00001263,Business Loan,13857321.4,9.92,21,721522.69,Closed,2018-09-27,2026-07-25 01:44:20.617876,,Loan Management System
LN00000341,CUST00000605,Home Loan,4448406.59,11.84,234,48795.44,Closed,2014-09-07,2026-07-25 01:44:20.618874,,Loan Management System
LN00000342,CUST00003822,Personal Loan,1091626.18,14.94,34,39576.53,Written Off,2016-04-19,2026-07-25 01:44:20.618874,,Loan Management System
LN00000343,CUST00004756,Home Loan,4020131.88,12.96,223,47770.68,Active,2019-06-07,2026-07-25 01:44:20.618874,,Loan Management System
LN00000344,CUST00003204,Home Loan,4771162.11,8.12,85,73997.29,Active,2015-10-24,2026-07-25 01:44:20.618874,,Loan Management System
LN00000345,CUST00002612,Personal Loan,942297.29,9.36,22,46778.13,Closed,2026-06-09,2026-07-25 01:44:20.619876,,Loan Management System
LN00000346,CUST00004081,Gold Loan,1809792.86,8.68,13,146365.34,Active,2012-11-04,2026-07-25 01:44:20.619876,,Loan Management System
LN00000347,CUST00001719,Car Loan,1596527.18,10.05,14,121330.05,Active,2019-02-06,2026-07-25 01:44:20.619876,,Loan Management System
LN00000348,CUST00001743,Personal Loan,712984.43,9.27,49,17533.4,Active,2025-04-22,2026-07-25 01:44:20.619876,,Loan Management System
LN00000349,CUST00000853,Home Loan,5201494.93,16.65,300,73345.78,Active,2026-03-20,2026-07-25 01:44:20.620876,,Loan Management System
LN00000350,CUST00002514,Home Loan,1521222.3,8.04,195,13999.27,Closed,2026-02-14,2026-07-25 01:44:20.620876,,Loan Management System
LN00000351,CUST00004080,Education Loan,1527155.67,11.11,179,17501.33,Active,2020-12-03,2026-07-25 01:44:20.620876,,Loan Management System
LN00000352,CUST00001494,Car Loan,405888.9,12.3,82,7341.96,Active,2013-03-24,2026-07-25 01:44:20.621876,,Loan Management System
LN00000353,CUST00002799,Gold Loan,1708986.63,7.87,9,196168.4,Active,2012-06-03,2026-07-25 01:44:20.621876,,Loan Management System
LN00000354,CUST00003928,Education Loan,1422432.67,17.3,72,31882.21,Active,2022-08-28,2026-07-25 01:44:20.621876,,Loan Management System
LN00000355,CUST00000578,Car Loan,1600218.13,7.02,29,60153.71,Closed,2020-10-04,2026-07-25 01:44:20.621876,,Loan Management System
LN00000356,CUST00002054,Business Loan,10626987.85,8.21,77,178004.04,Active,2025-10-13,2026-07-25 01:44:20.622876,,Loan Management System
LN00000357,CUST00001127,Gold Loan,813361.83,11.02,22,41000.28,Closed,2011-10-24,2026-07-25 01:44:20.622876,,Loan Management System
LN00000358,CUST00004816,Car Loan,1627199.48,12.13,84,28837.77,Active,2013-02-23,2026-07-25 01:44:20.623880,,Loan Management System
LN00000359,CUST00004994,Business Loan,7682977.29,14.25,65,170295.25,Closed,2024-05-19,2026-07-25 01:44:20.623880,,Loan Management System
LN00000360,CUST00000813,Education Loan,2928764.43,14.41,42,89198.35,Closed,2025-12-31,2026-07-25 01:44:20.623880,,Loan Management System
LN00000361,CUST00003752,Personal Loan,1000606.91,17.68,49,28814.75,Closed,2015-08-01,2026-07-25 01:44:20.623880,,Loan Management System
LN00000362,CUST00003352,Education Loan,2375740.78,8.46,133,27585.63,Active,2014-05-23,2026-07-25 01:44:20.624877,,Loan Management System
LN00000363,CUST00003386,Car Loan,288397.44,17.4,26,13393.45,Active,2018-06-23,2026-07-25 01:44:20.624877,,Loan Management System
LN00000364,CUST00003117,Personal Loan,657231.43,11.25,25,29612.74,Active,2019-10-28,2026-07-25 01:44:20.624877,,Loan Management System
LN00000365,CUST00000478,Education Loan,3690031.7,16.54,51,101216.81,Closed,2019-10-02,2026-07-25 01:44:20.625878,,Loan Management System
LN00000366,CUST00002807,Car Loan,1770482.96,17.98,73,40052.47,Active,2015-03-14,2026-07-25 01:44:20.625878,,Loan Management System
LN00000367,CUST00000473,Personal Loan,301114.51,16.99,33,11485.01,Active,2026-04-09,2026-07-25 01:44:20.625878,,Loan Management System
LN00000368,CUST00001591,Car Loan,2629432.33,14.33,45,75871.12,Closed,2018-05-20,2026-07-25 01:44:20.625878,,Loan Management System
LN00000369,CUST00004953,Home Loan,2841931.79,12.92,175,36146.37,Pending,2012-07-23,2026-07-25 01:44:20.626877,,Loan Management System
LN00000370,CUST00003929,Gold Loan,1933656.32,14.61,34,69793.83,Active,2014-05-13,2026-07-25 01:44:20.626877,,Loan Management System
LN00000371,CUST00002930,Personal Loan,1403865.54,15.65,29,58450.48,Active,2018-01-03,2026-07-25 01:44:20.626877,,Loan Management System
LN00000372,CUST00001367,Car Loan,1720934.46,16.8,62,41706.98,Closed,2011-08-07,2026-07-25 01:44:20.626877,,Loan Management System
LN00000373,CUST00003450,Gold Loan,2016424.19,9.84,21,104916.88,Written Off,2018-03-15,2026-07-25 01:44:20.627875,,Loan Management System
LN00000374,CUST00004444,Home Loan,9278091.5,14.04,305,111771.38,Active,2016-01-27,2026-07-25 01:44:20.627875,,Loan Management System
LN00000375,CUST00001087,Business Loan,5787088.08,12.96,46,160297.91,Active,2024-11-25,2026-07-25 01:44:20.627875,,Loan Management System
LN00000376,CUST00003280,Car Loan,1843125.4,9.29,79,31275.31,Active,2024-12-01,2026-07-25 01:44:20.628875,,Loan Management System
LN00000377,CUST00000612,Home Loan,1451880.61,10.3,301,13491.95,Active,2019-04-21,2026-07-25 01:44:20.628875,,Loan Management System
LN00000378,CUST00001164,Education Loan,120207.64,12.83,76,2318.37,Active,2016-05-31,2026-07-25 01:44:20.628875,,Loan Management System
LN00000379,CUST00001222,Gold Loan,2199039.06,11.99,15,158592.78,Closed,2018-10-04,2026-07-25 01:44:20.628875,,Loan Management System
LN00000380,CUST00000835,Personal Loan,463852.24,7.18,17,28778.12,Closed,2023-05-31,2026-07-25 01:44:20.629882,,Loan Management System
LN00000381,CUST00000296,Home Loan,7517521.96,16.28,79,155677.68,Pending,2023-12-28,2026-07-25 01:44:20.629882,,Loan Management System
LN00000382,CUST00004209,Home Loan,8881327.25,8.52,78,148680.82,Written Off,2024-11-20,2026-07-25 01:44:20.629882,,Loan Management System
LN00000383,CUST00001310,Personal Loan,768306.65,17.27,30,31716.47,Defaulted,2021-01-06,2026-07-25 01:44:20.629882,,Loan Management System
LN00000384,CUST00004266,Home Loan,5895637.75,7.73,231,49123.86,Active,2022-10-27,2026-07-25 01:44:20.630878,,Loan Management System
LN00000385,CUST00001359,Gold Loan,1369668.7,12.18,11,132225.93,Defaulted,2023-10-14,2026-07-25 01:44:20.630878,,Loan Management System
LN00000386,CUST00000523,Personal Loan,329576.53,7.8,22,16125.95,Closed,2019-11-04,2026-07-25 01:44:20.630878,,Loan Management System
LN00000387,CUST00000842,Car Loan,2212074.89,6.66,55,46780.51,Closed,2014-03-12,2026-07-25 01:44:20.631878,,Loan Management System
LN00000388,CUST00003225,Car Loan,2320391.7,8.52,63,45809.51,Closed,2014-10-16,2026-07-25 01:44:20.631878,,Loan Management System
LN00000389,CUST00003769,Car Loan,442865.76,14.2,35,15527.62,Written Off,2016-08-10,2026-07-25 01:44:20.631878,,Loan Management System
LN00000390,CUST00003546,Personal Loan,1406946.81,6.58,36,43172.77,Active,2015-04-07,2026-07-25 01:44:20.631878,,Loan Management System
LN00000391,CUST00000115,Education Loan,3820735.81,9.97,38,117665.12,Active,2012-07-22,2026-07-25 01:44:20.632877,,Loan Management System
LN00000392,CUST00001396,Personal Loan,392638.74,14.18,41,12138.37,Active,2021-05-31,2026-07-25 01:44:20.632877,,Loan Management System
LN00000393,CUST00002970,Personal Loan,778654.68,16.79,57,19914.93,Closed,2024-01-29,2026-07-25 01:44:20.632877,,Loan Management System
LN00000394,CUST00001743,Car Loan,1988391.71,17.32,59,50292.1,Closed,2020-10-14,2026-07-25 01:44:20.632877,,Loan Management System
LN00000395,CUST00004454,Home Loan,1768903.43,8.26,251,14826.02,Active,2012-08-06,2026-07-25 01:44:20.633886,,Loan Management System
LN00000396,CUST00004500,Car Loan,1518318.62,12.68,39,47704.9,Closed,2024-04-14,2026-07-25 01:44:20.633886,,Loan Management System
LN00000397,CUST00003607,Car Loan,1868280.5,15.55,79,37924.43,Active,2016-11-23,2026-07-25 01:44:20.633886,,Loan Management System
LN00000398,CUST00003633,Education Loan,404600.62,12.99,51,10365.52,Closed,2012-07-14,2026-07-25 01:44:20.634880,,Loan Management System
LN00000399,CUST00002895,Business Loan,4442057.19,12.67,33,160119.47,Active,2012-05-31,2026-07-25 01:44:20.634880,,Loan Management System
LN00000400,CUST00001681,Car Loan,525472.06,8.86,74,9242.16,Active,2021-07-01,2026-07-25 01:44:20.634880,,Loan Management System
LN00000401,CUST00004829,Car Loan,2464337.83,11.71,77,45668.9,Active,2019-09-03,2026-07-25 01:44:20.634880,,Loan Management System
LN00000402,CUST00004587,Car Loan,1764632.16,14.24,51,46319.27,Closed,2020-02-12,2026-07-25 01:44:20.635877,,Loan Management System
LN00000403,CUST00003601,Personal Loan,1233857.18,15.08,49,33877.18,Active,2026-01-25,2026-07-25 01:44:20.635877,,Loan Management System
LN00000404,CUST00000436,Personal Loan,1065558.07,12.72,15,77209.31,Pending,2020-08-06,2026-07-25 01:44:20.635877,,Loan Management System
LN00000405,CUST00001766,Home Loan,9370867.84,6.86,269,68311.79,Active,2014-03-29,2026-07-25 01:44:20.636877,,Loan Management System
LN00000406,CUST00003662,Home Loan,6594487.5,14.89,275,84677.26,Active,2012-07-12,2026-07-25 01:44:20.636877,,Loan Management System
LN00000407,CUST00002606,Business Loan,9246474.09,17.05,60,230047.36,Active,2020-03-14,2026-07-25 01:44:20.636877,,Loan Management System
LN00000408,CUST00004257,Car Loan,2053019.11,12.7,56,48779.95,Active,2012-12-03,2026-07-25 01:44:20.636877,,Loan Management System
LN00000409,CUST00003059,Gold Loan,997820.11,7.96,17,62261.18,Closed,2026-01-17,2026-07-25 01:44:20.637877,,Loan Management System
LN00000410,CUST00000432,Education Loan,3916113.66,11.82,175,47035.78,Active,2014-09-21,2026-07-25 01:44:20.637877,,Loan Management System
LN00000411,CUST00000694,Personal Loan,383012.9,11.8,21,20275.83,Active,2012-09-22,2026-07-25 01:44:20.637877,,Loan Management System
LN00000412,CUST00001141,Gold Loan,1819434.27,7.8,29,69041.02,Closed,2021-09-07,2026-07-25 01:44:20.637877,,Loan Management System
LN00000413,CUST00004117,Gold Loan,2225377.32,9.27,7,327810.09,Active,2012-09-19,2026-07-25 01:44:20.638876,,Loan Management System
LN00000414,CUST00001836,Home Loan,6178956.52,14.59,84,117816.92,Active,2023-01-18,2026-07-25 01:44:20.638876,,Loan Management System
LN00000415,CUST00001995,Home Loan,4670146.71,12.71,88,81850.89,Active,2026-03-23,2026-07-25 01:44:20.638876,,Loan Management System
LN00000416,CUST00000808,Gold Loan,604549.75,17.04,23,30994.85,Closed,2015-07-25,2026-07-25 01:44:20.639882,,Loan Management System
LN00000417,CUST00004591,Education Loan,3291691.71,9.22,72,59694.56,Written Off,2018-06-06,2026-07-25 01:44:20.640063,,Loan Management System
LN00000418,CUST00004004,Car Loan,1357968.58,9.66,83,22494.46,Pending,2013-08-07,2026-07-25 01:44:20.640063,,Loan Management System
LN00000419,CUST00001604,Business Loan,18275764.48,13.7,66,395714.24,Closed,2021-04-02,2026-07-25 01:44:20.640063,,Loan Management System
LN00000420,CUST00001665,Home Loan,3771940.88,13.9,255,46138.69,Closed,2015-10-01,2026-07-25 01:44:20.641087,,Loan Management System
LN00000421,CUST00001152,Personal Loan,653670.72,8.22,36,20550.07,Active,2021-05-30,2026-07-25 01:44:20.641087,,Loan Management System
LN00000422,CUST00004389,Car Loan,874710.93,9.09,30,32705.19,Closed,2021-09-04,2026-07-25 01:44:20.641087,,Loan Management System
LN00000423,CUST00002600,Business Loan,11466526.02,17.63,83,239987.56,Active,2012-03-27,2026-07-25 01:44:20.641087,,Loan Management System
LN00000424,CUST00004828,Personal Loan,419743.69,10.3,17,26641.63,Pending,2022-02-05,2026-07-25 01:44:20.642085,,Loan Management System
LN00000425,CUST00000843,Business Loan,2303047.93,14.83,36,79644.32,Active,2012-12-15,2026-07-25 01:44:20.642085,,Loan Management System
LN00000426,CUST00003951,Personal Loan,927205.7,6.95,16,60844.39,Active,2018-09-10,2026-07-25 01:44:20.642085,,Loan Management System
LN00000427,CUST00001454,Education Loan,2924790.44,12.93,158,38616.29,Active,2022-09-29,2026-07-25 01:44:20.643085,,Loan Management System
LN00000428,CUST00001615,Business Loan,6412166.5,16.95,39,214967.19,Pending,2021-06-28,2026-07-25 01:44:20.643085,,Loan Management System
LN00000429,CUST00003208,Gold Loan,315357.59,18.0,33,12185.87,Pending,2021-03-06,2026-07-25 01:44:20.643085,,Loan Management System
LN00000430,CUST00001004,Car Loan,2170552.03,11.06,42,62561.03,Closed,2020-06-15,2026-07-25 01:44:20.643085,,Loan Management System
LN00000431,CUST00004787,Education Loan,1584580.8,12.64,127,22686.58,Active,2016-12-10,2026-07-25 01:44:20.644085,,Loan Management System
LN00000432,CUST00001169,Personal Loan,1330077.33,11.86,58,30239.82,Active,2015-12-31,2026-07-25 01:44:20.644085,,Loan Management System
LN00000433,CUST00000613,Business Loan,18329444.73,10.76,64,377639.2,Active,2015-01-14,2026-07-25 01:44:20.644085,,Loan Management System
LN00000434,CUST00002215,Business Loan,14954421.38,6.69,82,227720.68,Pending,2022-12-15,2026-07-25 01:44:20.644085,,Loan Management System
LN00000435,CUST00001235,Car Loan,1369218.61,8.25,54,30439.22,Active,2023-09-30,2026-07-25 01:44:20.645086,,Loan Management System
LN00000436,CUST00000647,Car Loan,888044.05,12.83,55,21439.94,Active,2016-11-27,2026-07-25 01:44:20.645086,,Loan Management System
LN00000437,CUST00001763,Business Loan,19346911.21,13.88,74,390525.26,Active,2015-08-16,2026-07-25 01:44:20.645086,,Loan Management System
LN00000438,CUST00002772,Education Loan,1473487.06,8.11,175,14383.76,Active,2016-01-30,2026-07-25 01:44:20.645086,,Loan Management System
LN00000439,CUST00000155,Business Loan,11071668.68,13.88,19,652444.16,Active,2018-04-18,2026-07-25 01:44:20.646086,,Loan Management System
LN00000440,CUST00001693,Business Loan,1949443.02,15.91,18,122452.12,Closed,2013-10-15,2026-07-25 01:44:20.646086,,Loan Management System
LN00000441,CUST00000081,Personal Loan,1271689.84,9.16,57,27598.55,Active,2022-12-27,2026-07-25 01:44:20.646086,,Loan Management System
LN00000442,CUST00004899,Home Loan,4832091.76,7.2,307,34489.28,Closed,2022-07-18,2026-07-25 01:44:20.647086,,Loan Management System
LN00000443,CUST00002839,Home Loan,5556018.61,11.23,68,110811.74,Active,2016-08-31,2026-07-25 01:44:20.647086,,Loan Management System
LN00000444,CUST00003024,Personal Loan,1467345.05,6.7,56,30584.54,Closed,2019-05-05,2026-07-25 01:44:20.647086,,Loan Management System
LN00000445,CUST00001209,Business Loan,18240580.64,7.73,24,822727.69,Active,2016-12-09,2026-07-25 01:44:20.647086,,Loan Management System
LN00000446,CUST00001426,Home Loan,6387918.0,9.4,241,59043.9,Active,2024-05-08,2026-07-25 01:44:20.648086,,Loan Management System
LN00000447,CUST00000998,Personal Loan,590924.8,11.17,48,15321.59,Active,2012-10-17,2026-07-25 01:44:20.648086,,Loan Management System
LN00000448,CUST00000252,Car Loan,1039928.99,16.02,22,54862.91,Closed,2011-09-20,2026-07-25 01:44:20.648086,,Loan Management System
LN00000449,CUST00001686,Business Loan,15311924.08,7.58,60,307401.97,Active,2019-05-11,2026-07-25 01:44:20.648086,,Loan Management System
LN00000450,CUST00001020,Personal Loan,973284.71,14.58,17,63714.03,Active,2022-02-16,2026-07-25 01:44:20.649086,,Loan Management System
LN00000451,CUST00000464,Personal Loan,1187345.65,13.01,18,72965.07,Defaulted,2021-02-20,2026-07-25 01:44:20.649086,,Loan Management System
LN00000452,CUST00004207,Business Loan,4980446.69,16.86,100,93024.79,Defaulted,2013-04-06,2026-07-25 01:44:20.649086,,Loan Management System
LN00000453,CUST00002394,Personal Loan,117514.86,7.36,29,4435.67,Defaulted,2012-10-22,2026-07-25 01:44:20.650087,,Loan Management System
LN00000454,CUST00004297,Car Loan,292124.98,17.18,52,8004.34,Active,2020-09-15,2026-07-25 01:44:20.650087,,Loan Management System
LN00000455,CUST00001448,Home Loan,1869819.83,15.94,263,25634.7,Pending,2015-03-10,2026-07-25 01:44:20.650087,,Loan Management System
LN00000456,CUST00001778,Personal Loan,867739.39,13.02,36,29245.93,Closed,2020-03-02,2026-07-25 01:44:20.650087,,Loan Management System
LN00000457,CUST00000962,Car Loan,1274769.4,15.01,22,66641.26,Active,2016-01-27,2026-07-25 01:44:20.651086,,Loan Management System
LN00000458,CUST00004727,Gold Loan,157898.67,11.53,7,23432.18,Active,2013-10-25,2026-07-25 01:44:20.651086,,Loan Management System
LN00000459,CUST00001586,Education Loan,3823947.75,11.06,119,53048.46,Active,2017-07-01,2026-07-25 01:44:20.651086,,Loan Management System
LN00000460,CUST00003425,Personal Loan,1489249.52,12.14,34,51984.62,Closed,2012-09-24,2026-07-25 01:44:20.651086,,Loan Management System
LN00000461,CUST00001508,Personal Loan,319319.88,13.24,36,10796.1,Active,2015-09-19,2026-07-25 01:44:20.652086,,Loan Management System
LN00000462,CUST00000430,Car Loan,2434554.49,14.7,22,126914.56,Active,2017-11-06,2026-07-25 01:44:20.652086,,Loan Management System
LN00000463,CUST00000148,Personal Loan,1186640.91,8.27,36,37332.99,Active,2016-05-29,2026-07-25 01:44:20.652086,,Loan Management System
LN00000464,CUST00001564,Home Loan,549354.61,10.05,244,5292.47,Closed,2014-03-31,2026-07-25 01:44:20.652086,,Loan Management System
LN00000465,CUST00003121,Home Loan,1329323.71,11.46,345,13191.87,Closed,2019-01-06,2026-07-25 01:44:20.653086,,Loan Management System
LN00000466,CUST00002098,Personal Loan,88079.76,10.57,17,5601.5,Closed,2025-09-29,2026-07-25 01:44:20.653086,,Loan Management System
LN00000467,CUST00001751,Education Loan,3468500.89,6.64,141,35495.49,Active,2020-10-20,2026-07-25 01:44:20.653086,,Loan Management System
LN00000468,CUST00003017,Home Loan,9060792.43,16.91,184,138209.28,Closed,2023-07-13,2026-07-25 01:44:20.654087,,Loan Management System
LN00000469,CUST00000477,Home Loan,4116954.22,8.1,214,36421.83,Active,2016-09-15,2026-07-25 01:44:20.654087,,Loan Management System
LN00000470,CUST00004114,Home Loan,2088470.31,9.67,213,20547.64,Active,2021-12-19,2026-07-25 01:44:20.654087,,Loan Management System
LN00000471,CUST00003823,Home Loan,2891147.51,9.34,313,24682.83,Closed,2025-04-17,2026-07-25 01:44:20.655086,,Loan Management System
LN00000472,CUST00001165,Home Loan,1516237.49,10.0,262,14256.08,Active,2022-09-08,2026-07-25 01:44:20.655086,,Loan Management System
LN00000473,CUST00002303,Car Loan,2451414.09,10.29,54,56906.19,Active,2020-07-23,2026-07-25 01:44:20.655086,,Loan Management System
LN00000474,CUST00000978,Business Loan,13195218.74,13.34,50,345434.77,Active,2011-09-11,2026-07-25 01:44:20.655086,,Loan Management System
LN00000475,CUST00000840,Gold Loan,522107.43,10.11,28,21010.54,Written Off,2022-12-03,2026-07-25 01:44:20.656089,,Loan Management System
LN00000476,CUST00002431,Personal Loan,1057688.76,12.15,48,27930.96,Closed,2025-06-18,2026-07-25 01:44:20.656089,,Loan Management System
LN00000477,CUST00001207,Personal Loan,456435.21,15.54,35,16301.76,Active,2020-12-30,2026-07-25 01:44:20.656089,,Loan Management System
LN00000478,CUST00003493,Car Loan,1858235.7,12.77,82,34081.88,Active,2016-08-27,2026-07-25 01:44:20.656089,,Loan Management System
LN00000479,CUST00000418,Education Loan,3777602.17,8.91,110,50374.87,Closed,2022-11-06,2026-07-25 01:44:20.657085,,Loan Management System
LN00000480,CUST00001680,Home Loan,8553985.34,15.64,315,113406.32,Active,2013-04-28,2026-07-25 01:44:20.657085,,Loan Management System
LN00000481,CUST00004281,Personal Loan,416388.44,8.27,39,12212.16,Closed,2013-11-05,2026-07-25 01:44:20.657085,,Loan Management System
LN00000482,CUST00001110,Home Loan,9911655.84,12.01,265,106830.13,Active,2016-01-23,2026-07-25 01:44:20.658153,,Loan Management System
LN00000483,CUST00003012,Gold Loan,2177343.47,11.31,5,447858.57,Closed,2013-07-11,2026-07-25 01:44:20.658153,,Loan Management System
LN00000484,CUST00003128,Personal Loan,1348477.2,12.67,52,33832.55,Pending,2013-05-20,2026-07-25 01:44:20.658153,,Loan Management System
LN00000485,CUST00003312,Home Loan,2858194.2,14.14,145,41219.82,Closed,2024-03-11,2026-07-25 01:44:20.659088,,Loan Management System
LN00000486,CUST00004174,Home Loan,9844277.96,14.29,264,122615.04,Written Off,2020-12-21,2026-07-25 01:44:20.659088,,Loan Management System
LN00000487,CUST00000976,Personal Loan,1204535.04,7.72,18,71082.75,Active,2014-03-16,2026-07-25 01:44:20.659088,,Loan Management System
LN00000488,CUST00002210,Car Loan,1652633.75,13.18,40,51276.86,Active,2016-03-12,2026-07-25 01:44:20.659088,,Loan Management System
LN00000489,CUST00002147,Personal Loan,1169896.24,13.27,44,33723.51,Active,2016-05-09,2026-07-25 01:44:20.660086,,Loan Management System
LN00000490,CUST00003020,Gold Loan,1219858.43,9.9,8,158197.47,Active,2021-11-07,2026-07-25 01:44:20.660086,,Loan Management System
LN00000491,CUST00002040,Gold Loan,375646.06,10.09,32,13437.94,Closed,2015-02-22,2026-07-25 01:44:20.660086,,Loan Management System
LN00000492,CUST00000760,Car Loan,1175240.83,7.62,69,21088.65,Active,2023-10-09,2026-07-25 01:44:20.661089,,Loan Management System
LN00000493,CUST00001586,Personal Loan,1224769.61,7.82,33,41368.2,Closed,2017-05-24,2026-07-25 01:44:20.661089,,Loan Management System
LN00000494,CUST00001165,Car Loan,660191.46,17.81,43,20879.96,Active,2015-01-10,2026-07-25 01:44:20.661089,,Loan Management System
LN00000495,CUST00002706,Car Loan,1126771.04,11.4,71,21891.82,Active,2023-04-04,2026-07-25 01:44:20.661089,,Loan Management System
LN00000496,CUST00004483,Personal Loan,317455.07,13.87,39,10158.04,Active,2022-05-09,2026-07-25 01:44:20.662088,,Loan Management System
LN00000497,CUST00002785,Education Loan,3544079.76,11.67,145,45697.86,Active,2026-01-26,2026-07-25 01:44:20.662088,,Loan Management System
LN00000498,CUST00000928,Education Loan,902559.47,15.15,52,23778.79,Closed,2016-01-20,2026-07-25 01:44:20.662088,,Loan Management System
LN00000499,CUST00002183,Education Loan,2193867.14,10.71,86,36648.76,Active,2020-02-28,2026-07-25 01:44:20.662088,,Loan Management System
LN00000500,CUST00000844,Personal Loan,1300822.99,12.57,52,32571.99,Active,2019-11-15,2026-07-25 01:44:20.663089,,Loan Management System
LN00000501,CUST00000183,Personal Loan,619188.81,7.81,34,20359.59,Closed,2015-11-01,2026-07-25 01:44:20.663089,,Loan Management System
LN00000502,CUST00003973,Car Loan,2478467.11,14.62,50,66483.06,Pending,2025-12-15,2026-07-25 01:44:20.663089,,Loan Management System
LN00000503,CUST00002172,Car Loan,2081908.23,10.1,42,59051.89,Active,2012-06-04,2026-07-25 01:44:20.664089,,Loan Management System
LN00000504,CUST00002369,Home Loan,7087647.15,12.37,274,77742.18,Closed,2013-02-17,2026-07-25 01:44:20.664089,,Loan Management System
LN00000505,CUST00000486,Car Loan,1384508.59,12.1,80,25297.57,Closed,2022-05-09,2026-07-25 01:44:20.664089,,Loan Management System
LN00000506,CUST00001948,Car Loan,2999718.75,12.88,74,58950.39,Active,2018-10-08,2026-07-25 01:44:20.664089,,Loan Management System
LN00000507,CUST00002133,Home Loan,8498859.53,13.62,243,103102.71,Written Off,2025-09-02,2026-07-25 01:44:20.665175,,Loan Management System
LN00000508,CUST00001542,Personal Loan,332936.31,10.92,47,8737.97,Active,2016-04-08,2026-07-25 01:44:20.665175,,Loan Management System
LN00000509,CUST00002419,Personal Loan,1042810.17,11.28,40,31398.8,Active,2012-04-23,2026-07-25 01:44:20.665175,,Loan Management System
LN00000510,CUST00001698,Home Loan,793176.7,15.25,209,10855.13,Active,2011-08-16,2026-07-25 01:44:20.665175,,Loan Management System
LN00000511,CUST00003808,Home Loan,3242367.95,15.48,349,42309.27,Closed,2017-03-27,2026-07-25 01:44:20.666099,,Loan Management System
LN00000512,CUST00001203,Education Loan,2243932.12,7.8,65,42437.25,Active,2024-09-05,2026-07-25 01:44:20.666099,,Loan Management System
LN00000513,CUST00000020,Car Loan,2974502.14,12.73,17,192145.88,Closed,2013-10-14,2026-07-25 01:44:20.666099,,Loan Management System
LN00000514,CUST00002785,Personal Loan,366885.81,11.39,59,8149.96,Closed,2022-05-26,2026-07-25 01:44:20.667088,,Loan Management System
LN00000515,CUST00004126,Education Loan,1261064.85,17.99,151,21140.48,Active,2016-01-07,2026-07-25 01:44:20.667088,,Loan Management System
LN00000516,CUST00001485,Business Loan,2196168.62,16.45,27,97868.93,Closed,2014-04-24,2026-07-25 01:44:20.667088,,Loan Management System
LN00000517,CUST00002466,Home Loan,8201675.81,13.26,239,97695.17,Defaulted,2024-03-03,2026-07-25 01:44:20.667088,,Loan Management System
LN00000518,CUST00001522,Car Loan,1398867.77,13.59,38,45504.69,Closed,2019-01-29,2026-07-25 01:44:20.668089,,Loan Management System
LN00000519,CUST00001683,Business Loan,11616449.72,12.62,88,203023.95,Active,2020-12-12,2026-07-25 01:44:20.668089,,Loan Management System
LN00000520,CUST00002073,Personal Loan,1070877.95,9.83,29,41636.8,Written Off,2023-07-26,2026-07-25 01:44:20.668089,,Loan Management System
LN00000521,CUST00003767,Car Loan,2720434.81,15.87,29,113555.49,Written Off,2018-11-02,2026-07-25 01:44:20.668089,,Loan Management System
LN00000522,CUST00002529,Education Loan,3683197.98,17.91,68,86592.41,Closed,2021-02-07,2026-07-25 01:44:20.669088,,Loan Management System
LN00000523,CUST00004480,Home Loan,1889312.71,10.2,186,20254.94,Closed,2011-09-23,2026-07-25 01:44:20.669088,,Loan Management System
LN00000524,CUST00001052,Car Loan,1570484.43,13.14,46,43640.88,Closed,2013-06-19,2026-07-25 01:44:20.669088,,Loan Management System
LN00000525,CUST00004236,Personal Loan,159498.6,15.64,17,10520.78,Active,2012-11-03,2026-07-25 01:44:20.670179,,Loan Management System
LN00000526,CUST00003529,Education Loan,2809344.1,16.59,152,44339.9,Written Off,2023-04-26,2026-07-25 01:44:20.670179,,Loan Management System
LN00000527,CUST00004841,Personal Loan,53585.97,15.4,58,1315.66,Active,2014-02-05,2026-07-25 01:44:20.670179,,Loan Management System
LN00000528,CUST00004960,Gold Loan,1596230.35,14.52,7,239202.43,Closed,2020-11-04,2026-07-25 01:44:20.670179,,Loan Management System
LN00000529,CUST00000542,Personal Loan,1453786.44,15.99,43,44633.52,Active,2012-03-04,2026-07-25 01:44:20.671087,,Loan Management System
LN00000530,CUST00004245,Business Loan,7086225.53,13.15,84,129490.93,Defaulted,2025-10-04,2026-07-25 01:44:20.671087,,Loan Management System
LN00000531,CUST00000832,Education Loan,3587203.17,15.27,47,101879.12,Active,2017-11-04,2026-07-25 01:44:20.671087,,Loan Management System
LN00000532,CUST00002667,Education Loan,1892368.87,7.93,76,31753.97,Active,2021-06-21,2026-07-25 01:44:20.672093,,Loan Management System
LN00000533,CUST00002635,Home Loan,9601301.81,8.83,127,116607.54,Defaulted,2020-12-17,2026-07-25 01:44:20.672093,,Loan Management System
LN00000534,CUST00001586,Personal Loan,1317913.89,16.58,17,87516.93,Closed,2014-01-30,2026-07-25 01:44:20.672093,,Loan Management System
LN00000535,CUST00003495,Personal Loan,589173.46,16.89,22,31327.11,Active,2018-11-15,2026-07-25 01:44:20.672093,,Loan Management System
LN00000536,CUST00003267,Car Loan,2232767.42,15.19,66,50108.28,Closed,2013-09-23,2026-07-25 01:44:20.672093,,Loan Management System
LN00000537,CUST00001075,Education Loan,104236.58,11.98,69,2097.5,Closed,2012-04-09,2026-07-25 01:44:20.673185,,Loan Management System
LN00000538,CUST00003364,Car Loan,1446187.25,6.59,55,30536.49,Closed,2016-10-21,2026-07-25 01:44:20.673185,,Loan Management System
LN00000539,CUST00002236,Gold Loan,1070226.99,8.02,7,157004.04,Active,2017-10-06,2026-07-25 01:44:20.673185,,Loan Management System
LN00000540,CUST00003151,Home Loan,8156589.92,7.69,248,65757.93,Defaulted,2025-02-07,2026-07-25 01:44:20.673185,,Loan Management System
LN00000541,CUST00001442,Home Loan,7847874.59,15.16,128,124008.64,Closed,2026-03-16,2026-07-25 01:44:20.674194,,Loan Management System
LN00000542,CUST00001388,Car Loan,391552.5,12.98,33,14171.97,Active,2012-03-28,2026-07-25 01:44:20.674194,,Loan Management System
LN00000543,CUST00004516,Education Loan,2549512.15,8.24,141,28283.28,Closed,2017-08-25,2026-07-25 01:44:20.674194,,Loan Management System
LN00000544,CUST00004537,Personal Loan,365004.78,16.81,20,21052.72,Closed,2015-02-19,2026-07-25 01:44:20.674194,,Loan Management System
LN00000545,CUST00001522,Car Loan,1275289.35,17.58,52,35211.88,Closed,2023-03-02,2026-07-25 01:44:20.675179,,Loan Management System
LN00000546,CUST00002009,Home Loan,6623895.4,9.35,205,64813.84,Closed,2015-10-22,2026-07-25 01:44:20.675179,,Loan Management System
LN00000547,CUST00002440,Car Loan,2574097.89,14.07,50,68331.51,Active,2022-11-28,2026-07-25 01:44:20.675179,,Loan Management System
LN00000548,CUST00004504,Car Loan,728210.27,11.01,18,44073.59,Closed,2013-04-23,2026-07-25 01:44:20.675179,,Loan Management System
LN00000549,CUST00004804,Education Loan,1033430.2,10.94,97,16095.51,Active,2017-07-30,2026-07-25 01:44:20.676187,,Loan Management System
LN00000550,CUST00002067,Car Loan,1679202.2,17.74,58,43317.22,Pending,2024-10-31,2026-07-25 01:44:20.676187,,Loan Management System
LN00000551,CUST00002430,Home Loan,8677733.04,13.04,247,101317.38,Active,2021-01-31,2026-07-25 01:44:20.676187,,Loan Management System
LN00000552,CUST00001259,Home Loan,4974638.95,17.85,97,97208.32,Active,2026-06-11,2026-07-25 01:44:20.676187,,Loan Management System
LN00000553,CUST00003555,Home Loan,2990760.13,6.96,90,42749.16,Pending,2018-06-23,2026-07-25 01:44:20.677183,,Loan Management System
LN00000554,CUST00003896,Personal Loan,465407.31,14.7,38,15392.08,Active,2022-02-13,2026-07-25 01:44:20.677183,,Loan Management System
LN00000555,CUST00000541,Personal Loan,978779.07,12.68,21,52215.65,Active,2024-04-24,2026-07-25 01:44:20.677183,,Loan Management System
LN00000556,CUST00002243,Personal Loan,791391.81,8.84,21,40813.77,Active,2014-03-11,2026-07-25 01:44:20.677183,,Loan Management System
LN00000557,CUST00003991,Personal Loan,969726.66,16.1,55,25042.37,Closed,2015-08-04,2026-07-25 01:44:20.678183,,Loan Management System
LN00000558,CUST00000568,Personal Loan,684354.76,17.46,27,30831.92,Active,2026-04-09,2026-07-25 01:44:20.678183,,Loan Management System
LN00000559,CUST00004286,Home Loan,4627594.09,11.71,88,78598.65,Active,2014-04-29,2026-07-25 01:44:20.678183,,Loan Management System
LN00000560,CUST00001478,Education Loan,2988566.9,7.87,71,52785.74,Closed,2025-03-03,2026-07-25 01:44:20.678183,,Loan Management System
LN00000561,CUST00001993,Home Loan,9553653.92,12.51,192,115344.37,Active,2025-05-09,2026-07-25 01:44:20.679188,,Loan Management System
LN00000562,CUST00003479,Home Loan,7920677.81,9.59,120,102882.34,Closed,2014-07-29,2026-07-25 01:44:20.679188,,Loan Management System
LN00000563,CUST00001331,Home Loan,8167524.54,9.63,92,125886.16,Active,2018-07-29,2026-07-25 01:44:20.679188,,Loan Management System
LN00000564,CUST00004576,Gold Loan,1578143.76,12.21,35,53820.78,Active,2011-12-26,2026-07-25 01:44:20.679188,,Loan Management System
LN00000565,CUST00003005,Personal Loan,871984.89,10.73,28,35341.63,Closed,2014-08-12,2026-07-25 01:44:20.680190,,Loan Management System
LN00000566,CUST00003378,Business Loan,13645348.42,7.83,106,178742.25,Active,2024-02-03,2026-07-25 01:44:20.680190,,Loan Management System
LN00000567,CUST00001932,Home Loan,8697820.7,9.31,301,74784.14,Active,2017-03-19,2026-07-25 01:44:20.680190,,Loan Management System
LN00000568,CUST00002027,Gold Loan,467928.31,17.54,5,97729.09,Closed,2024-11-14,2026-07-25 01:44:20.680190,,Loan Management System
LN00000569,CUST00002901,Business Loan,14942983.65,11.32,53,359573.43,Active,2018-07-26,2026-07-25 01:44:20.681188,,Loan Management System
LN00000570,CUST00003295,Business Loan,6738735.18,16.0,85,132988.37,Active,2025-03-17,2026-07-25 01:44:20.681188,,Loan Management System
LN00000571,CUST00001688,Car Loan,2725434.83,8.56,78,45680.33,Written Off,2022-12-16,2026-07-25 01:44:20.681188,,Loan Management System
LN00000572,CUST00001577,Gold Loan,195592.93,11.85,21,10358.79,Closed,2026-04-06,2026-07-25 01:44:20.681188,,Loan Management System
LN00000573,CUST00000753,Personal Loan,175259.01,11.75,35,5938.59,Active,2024-01-25,2026-07-25 01:44:20.681188,,Loan Management System
LN00000574,CUST00002593,Car Loan,1050946.06,13.66,71,21660.48,Active,2025-05-09,2026-07-25 01:44:20.682185,,Loan Management System
LN00000575,CUST00004687,Gold Loan,2494523.11,15.42,18,156113.82,Active,2015-10-14,2026-07-25 01:44:20.682185,,Loan Management System
LN00000576,CUST00003596,Gold Loan,84177.88,12.73,3,28656.71,Written Off,2016-02-06,2026-07-25 01:44:20.682185,,Loan Management System
LN00000577,CUST00003974,Home Loan,6744386.58,16.26,217,96592.89,Active,2014-04-09,2026-07-25 01:44:20.682185,,Loan Management System
LN00000578,CUST00000038,Car Loan,866869.26,12.16,19,50387.76,Written Off,2024-12-15,2026-07-25 01:44:20.683187,,Loan Management System
LN00000579,CUST00002754,Home Loan,3158340.07,7.0,178,28568.85,Defaulted,2023-06-29,2026-07-25 01:44:20.683187,,Loan Management System
LN00000580,CUST00001032,Car Loan,2162371.35,10.78,22,108761.37,Closed,2013-05-26,2026-07-25 01:44:20.683187,,Loan Management System
LN00000581,CUST00000313,Car Loan,1984203.9,11.04,84,34016.15,Active,2018-01-26,2026-07-25 01:44:20.683187,,Loan Management System
LN00000582,CUST00003526,Car Loan,565983.2,9.85,52,13415.87,Pending,2026-05-26,2026-07-25 01:44:20.684188,,Loan Management System
LN00000583,CUST00000170,Personal Loan,1256254.76,10.25,40,37209.2,Active,2012-03-21,2026-07-25 01:44:20.684188,,Loan Management System
LN00000584,CUST00004756,Home Loan,2425769.95,15.47,359,31590.22,Active,2026-03-03,2026-07-25 01:44:20.684188,,Loan Management System
LN00000585,CUST00002004,Home Loan,4770884.1,10.11,121,63035.32,Active,2019-07-27,2026-07-25 01:44:20.684188,,Loan Management System
LN00000586,CUST00000249,Gold Loan,538899.66,10.05,19,30797.96,Defaulted,2015-05-07,2026-07-25 01:44:20.685198,,Loan Management System
LN00000587,CUST00003607,Home Loan,8172170.59,10.0,80,140368.23,Active,2014-12-16,2026-07-25 01:44:20.685198,,Loan Management System
LN00000588,CUST00002235,Business Loan,3392314.05,14.68,57,83005.08,Active,2025-06-15,2026-07-25 01:44:20.685198,,Loan Management System
LN00000589,CUST00002632,Home Loan,3338986.75,15.93,149,51550.42,Active,2019-05-24,2026-07-25 01:44:20.686174,,Loan Management System
LN00000590,CUST00003824,Personal Loan,705691.7,15.1,27,30990.18,Active,2017-07-05,2026-07-25 01:44:20.686174,,Loan Management System
LN00000591,CUST00003151,Home Loan,8041192.56,7.9,91,117742.89,Closed,2016-10-02,2026-07-25 01:44:20.686174,,Loan Management System
LN00000592,CUST00000985,Gold Loan,348520.21,15.97,26,15945.33,Closed,2025-07-09,2026-07-25 01:44:20.686174,,Loan Management System
LN00000593,CUST00003313,Gold Loan,232997.57,13.24,7,34770.48,Active,2025-02-03,2026-07-25 01:44:20.686174,,Loan Management System
LN00000594,CUST00000192,Home Loan,9073712.78,11.6,125,125381.21,Active,2026-05-21,2026-07-25 01:44:20.687180,,Loan Management System
LN00000595,CUST00000180,Business Loan,16273300.57,7.91,71,287744.85,Active,2015-06-08,2026-07-25 01:44:20.687180,,Loan Management System
LN00000596,CUST00001851,Gold Loan,1097062.03,14.83,34,39714.89,Active,2015-05-10,2026-07-25 01:44:20.687180,,Loan Management System
LN00000597,CUST00000886,Car Loan,683860.19,8.97,35,22278.63,Active,2011-12-19,2026-07-25 01:44:20.687180,,Loan Management System
LN00000598,CUST00002371,Personal Loan,265515.54,13.56,51,6878.21,Active,2022-10-16,2026-07-25 01:44:20.688198,,Loan Management System
LN00000599,CUST00001791,Personal Loan,647388.7,12.83,15,46942.37,Active,2014-11-06,2026-07-25 01:44:20.688198,,Loan Management System
LN00000600,CUST00000850,Personal Loan,657890.49,13.89,45,18838.96,Active,2018-05-04,2026-07-25 01:44:20.688198,,Loan Management System
LN00000601,CUST00000722,Gold Loan,1370550.29,6.72,27,54837.06,Closed,2017-02-22,2026-07-25 01:44:20.688198,,Loan Management System
LN00000602,CUST00003821,Personal Loan,839550.82,12.07,48,22137.46,Active,2016-04-20,2026-07-25 01:44:20.689191,,Loan Management System
LN00000603,CUST00002229,Personal Loan,310733.02,10.17,26,13366.69,Active,2026-04-07,2026-07-25 01:44:20.689191,,Loan Management System
LN00000604,CUST00004199,Business Loan,5978186.97,15.8,72,129020.48,Active,2012-09-28,2026-07-25 01:44:20.689191,,Loan Management System
LN00000605,CUST00003575,Education Loan,3998462.41,17.7,61,99851.96,Active,2024-09-19,2026-07-25 01:44:20.689191,,Loan Management System
LN00000606,CUST00000578,Home Loan,5570050.86,15.6,88,106627.29,Closed,2016-04-23,2026-07-25 01:44:20.690146,,Loan Management System
LN00000607,CUST00000388,Gold Loan,1449837.97,17.8,27,65558.57,Active,2017-07-14,2026-07-25 01:44:20.690146,,Loan Management System
LN00000608,CUST00000063,Business Loan,16981807.6,8.53,87,262402.37,Active,2022-06-23,2026-07-25 01:44:20.690146,,Loan Management System
LN00000609,CUST00001516,Education Loan,1499254.22,13.3,126,22137.05,Pending,2020-03-24,2026-07-25 01:44:20.690146,,Loan Management System
LN00000610,CUST00001228,Car Loan,1776704.89,8.66,75,30759.19,Active,2018-05-12,2026-07-25 01:44:20.691173,,Loan Management System
LN00000611,CUST00002363,Home Loan,860655.54,7.15,172,8011.98,Active,2023-02-14,2026-07-25 01:44:20.691173,,Loan Management System
LN00000612,CUST00001368,Personal Loan,531014.29,13.56,20,29812.96,Active,2025-11-30,2026-07-25 01:44:20.691173,,Loan Management System
LN00000613,CUST00003741,Home Loan,8123032.22,16.48,90,157787.81,Active,2020-09-06,2026-07-25 01:44:20.691173,,Loan Management System
LN00000614,CUST00001995,Car Loan,2768227.61,15.41,79,55976.5,Defaulted,2017-03-12,2026-07-25 01:44:20.692177,,Loan Management System
LN00000615,CUST00001849,Gold Loan,949637.18,17.33,28,41474.7,Closed,2012-01-12,2026-07-25 01:44:20.692177,,Loan Management System
LN00000616,CUST00001223,Personal Loan,517774.65,17.72,58,13351.1,Pending,2013-07-10,2026-07-25 01:44:20.692177,,Loan Management System
LN00000617,CUST00004767,Education Loan,3846582.19,13.97,80,74158.94,Closed,2016-01-03,2026-07-25 01:44:20.692177,,Loan Management System
LN00000618,CUST00003174,Car Loan,2690880.61,13.56,57,64290.09,Active,2014-08-07,2026-07-25 01:44:20.693188,,Loan Management System
LN00000619,CUST00002032,Car Loan,690984.56,10.03,49,17244.07,Active,2021-06-09,2026-07-25 01:44:20.693188,,Loan Management System
LN00000620,CUST00000969,Education Loan,3800273.61,17.41,136,64186.25,Defaulted,2016-01-29,2026-07-25 01:44:20.693188,,Loan Management System
LN00000621,CUST00003322,Education Loan,2313182.74,8.59,117,29259.15,Pending,2012-03-18,2026-07-25 01:44:20.693188,,Loan Management System
LN00000622,CUST00003123,Gold Loan,571715.74,13.0,34,20191.55,Active,2013-05-28,2026-07-25 01:44:20.694186,,Loan Management System
LN00000623,CUST00000897,Education Loan,1028184.11,17.8,78,22333.65,Closed,2021-09-16,2026-07-25 01:44:20.694186,,Loan Management System
LN00000624,CUST00000725,Gold Loan,2058612.97,14.21,24,99044.3,Active,2018-12-15,2026-07-25 01:44:20.694186,,Loan Management System
LN00000625,CUST00001594,Personal Loan,411834.25,7.28,28,16037.41,Closed,2017-06-11,2026-07-25 01:44:20.694186,,Loan Management System
LN00000626,CUST00002988,Education Loan,287775.09,11.54,143,3711.99,Written Off,2023-12-16,2026-07-25 01:44:20.695175,,Loan Management System
LN00000627,CUST00002754,Business Loan,10115098.87,10.86,81,176730.92,Active,2024-12-09,2026-07-25 01:44:20.695175,,Loan Management System
LN00000628,CUST00002748,Business Loan,15880234.89,13.15,109,250332.94,Closed,2016-11-24,2026-07-25 01:44:20.695175,,Loan Management System
LN00000629,CUST00003871,Home Loan,1200239.2,16.23,210,17260.83,Active,2018-12-26,2026-07-25 01:44:20.695175,,Loan Management System
LN00000630,CUST00002317,Personal Loan,201851.32,10.43,36,6554.0,Active,2021-11-15,2026-07-25 01:44:20.696177,,Loan Management System
LN00000631,CUST00003363,Home Loan,9447424.36,17.75,233,144463.14,Closed,2020-04-05,2026-07-25 01:44:20.696177,,Loan Management System
LN00000632,CUST00004904,Car Loan,1551663.0,6.86,33,51728.5,Closed,2013-07-12,2026-07-25 01:44:20.696177,,Loan Management System
LN00000633,CUST00000899,Personal Loan,127655.83,10.31,24,5908.95,Active,2018-02-11,2026-07-25 01:44:20.696177,,Loan Management System
LN00000634,CUST00000984,Car Loan,2791606.08,12.71,48,74490.62,Active,2021-05-15,2026-07-25 01:44:20.697176,,Loan Management System
LN00000635,CUST00004122,Home Loan,4232571.04,12.82,311,46940.84,Active,2014-10-18,2026-07-25 01:44:20.697176,,Loan Management System
LN00000636,CUST00002842,Personal Loan,670028.64,9.89,54,15423.37,Closed,2015-11-23,2026-07-25 01:44:20.697176,,Loan Management System
LN00000637,CUST00000872,Personal Loan,190631.0,8.88,52,4429.82,Active,2012-04-25,2026-07-25 01:44:20.697176,,Loan Management System
LN00000638,CUST00002668,Home Loan,8515806.21,10.05,263,80272.78,Active,2023-08-15,2026-07-25 01:44:20.698184,,Loan Management System
LN00000639,CUST00004914,Business Loan,5667585.74,13.88,61,130026.35,Active,2018-12-24,2026-07-25 01:44:20.698184,,Loan Management System
LN00000640,CUST00000574,Business Loan,7703332.47,11.63,45,212034.28,Active,2011-08-04,2026-07-25 01:44:20.698184,,Loan Management System
LN00000641,CUST00001350,Personal Loan,1263764.19,12.99,21,67602.05,Closed,2020-05-28,2026-07-25 01:44:20.698184,,Loan Management System
LN00000642,CUST00000939,Car Loan,439980.47,10.45,81,7593.65,Active,2025-04-13,2026-07-25 01:44:20.698184,,Loan Management System
LN00000643,CUST00003633,Education Loan,987299.76,7.2,135,10691.54,Closed,2020-09-20,2026-07-25 01:44:20.699193,,Loan Management System
LN00000644,CUST00003635,Personal Loan,826495.9,16.47,42,26023.32,Closed,2023-03-31,2026-07-25 01:44:20.699193,,Loan Management System
LN00000645,CUST00004767,Home Loan,3339095.04,11.04,77,60714.29,Active,2023-10-20,2026-07-25 01:44:20.699193,,Loan Management System
LN00000646,CUST00003621,Business Loan,16108781.57,14.29,91,290882.48,Active,2024-03-08,2026-07-25 01:44:20.699193,,Loan Management System
LN00000647,CUST00004730,Gold Loan,1136373.35,17.41,13,96546.48,Written Off,2024-02-06,2026-07-25 01:44:20.700183,,Loan Management System
LN00000648,CUST00003606,Business Loan,2960626.97,11.37,99,46224.15,Active,2022-12-21,2026-07-25 01:44:20.700183,,Loan Management System
LN00000649,CUST00001700,Gold Loan,1577384.88,16.09,19,94596.21,Active,2014-11-30,2026-07-25 01:44:20.700183,,Loan Management System
LN00000650,CUST00003123,Education Loan,3248640.31,7.5,178,30298.88,Active,2017-10-04,2026-07-25 01:44:20.700183,,Loan Management System
LN00000651,CUST00001358,Personal Loan,450491.19,11.77,12,39977.14,Closed,2018-11-24,2026-07-25 01:44:20.701176,,Loan Management System
LN00000652,CUST00001138,Car Loan,1663173.63,11.33,65,34353.86,Active,2012-10-01,2026-07-25 01:44:20.701176,,Loan Management System
LN00000653,CUST00001194,Car Loan,1831495.84,17.6,24,91082.2,Pending,2022-11-11,2026-07-25 01:44:20.701176,,Loan Management System
LN00000654,CUST00002493,Car Loan,482773.24,9.79,80,8240.42,Defaulted,2017-03-06,2026-07-25 01:44:20.701176,,Loan Management System
LN00000655,CUST00001756,Business Loan,5650664.29,14.03,85,105252.18,Closed,2022-03-01,2026-07-25 01:44:20.702186,,Loan Management System
LN00000656,CUST00001956,Home Loan,3116434.35,8.15,265,25389.06,Active,2016-11-25,2026-07-25 01:44:20.702186,,Loan Management System
LN00000657,CUST00001839,Business Loan,6964134.48,9.23,107,95737.61,Active,2022-11-06,2026-07-25 01:44:20.702186,,Loan Management System
LN00000658,CUST00003008,Personal Loan,590039.01,10.39,31,21783.82,Active,2025-12-27,2026-07-25 01:44:20.702186,,Loan Management System
LN00000659,CUST00002470,Business Loan,17235578.27,14.38,41,534536.44,Active,2013-09-06,2026-07-25 01:44:20.703173,,Loan Management System
LN00000660,CUST00001915,Gold Loan,1121698.77,16.0,20,64265.78,Closed,2023-10-22,2026-07-25 01:44:20.703173,,Loan Management System
LN00000661,CUST00003409,Car Loan,450003.18,11.58,64,9457.47,Closed,2016-09-02,2026-07-25 01:44:20.703173,,Loan Management System
LN00000662,CUST00002212,Education Loan,3482036.99,15.94,167,51992.66,Closed,2020-03-10,2026-07-25 01:44:20.703173,,Loan Management System
LN00000663,CUST00001074,Home Loan,7240909.28,11.14,328,70629.25,Defaulted,2016-10-27,2026-07-25 01:44:20.704173,,Loan Management System
LN00000664,CUST00003362,Home Loan,2331252.74,16.08,89,45002.54,Active,2022-11-27,2026-07-25 01:44:20.704173,,Loan Management System
LN00000665,CUST00004392,Personal Loan,1381145.05,14.6,29,56806.89,Active,2018-07-05,2026-07-25 01:44:20.704173,,Loan Management System
LN00000666,CUST00004459,Personal Loan,625566.3,17.12,55,16490.92,Active,2017-02-09,2026-07-25 01:44:20.704173,,Loan Management System
LN00000667,CUST00003903,Personal Loan,911363.21,8.54,42,25179.92,Closed,2018-05-29,2026-07-25 01:44:20.705179,,Loan Management System
LN00000668,CUST00003808,Personal Loan,287094.74,16.79,59,7179.84,Closed,2023-06-04,2026-07-25 01:44:20.705179,,Loan Management System
LN00000669,CUST00001037,Home Loan,760779.65,7.07,352,5131.18,Closed,2016-08-04,2026-07-25 01:44:20.705179,,Loan Management System
LN00000670,CUST00001536,Home Loan,2602835.23,9.09,165,27687.54,Active,2020-12-28,2026-07-25 01:44:20.705179,,Loan Management System
LN00000671,CUST00004331,Personal Loan,79075.92,15.47,55,2016.06,Active,2013-09-22,2026-07-25 01:44:20.706181,,Loan Management System
LN00000672,CUST00002458,Business Loan,13123745.31,13.41,13,1090243.05,Active,2014-10-29,2026-07-25 01:44:20.706181,,Loan Management System
LN00000673,CUST00001558,Car Loan,2840413.91,14.7,47,79851.59,Active,2018-09-18,2026-07-25 01:44:20.706181,,Loan Management System
LN00000674,CUST00000852,Personal Loan,555628.34,9.4,41,15896.97,Active,2022-11-15,2026-07-25 01:44:20.706181,,Loan Management System
LN00000675,CUST00004983,Car Loan,1946097.07,13.22,12,174021.02,Active,2018-01-04,2026-07-25 01:44:20.707205,,Loan Management System
LN00000676,CUST00002086,Car Loan,2561195.06,10.8,48,65946.94,Active,2023-01-31,2026-07-25 01:44:20.707205,,Loan Management System
LN00000677,CUST00001758,Home Loan,1106452.01,17.87,226,17081.82,Defaulted,2024-04-15,2026-07-25 01:44:20.707205,,Loan Management System
LN00000678,CUST00002948,Personal Loan,1081085.97,16.76,31,43205.65,Active,2014-07-10,2026-07-25 01:44:20.707205,,Loan Management System
LN00000679,CUST00003427,Car Loan,872845.82,7.15,63,16658.11,Closed,2022-01-12,2026-07-25 01:44:20.708184,,Loan Management System
LN00000680,CUST00000567,Car Loan,2219592.95,14.04,49,59773.76,Active,2021-03-30,2026-07-25 01:44:20.708184,,Loan Management System
LN00000681,CUST00000469,Personal Loan,612998.64,6.91,57,12646.32,Written Off,2016-09-06,2026-07-25 01:44:20.708184,,Loan Management System
LN00000682,CUST00001896,Business Loan,7191757.47,14.7,99,125779.84,Active,2018-06-21,2026-07-25 01:44:20.708184,,Loan Management System
LN00000683,CUST00001184,Education Loan,3635453.37,14.23,165,50302.16,Active,2020-11-18,2026-07-25 01:44:20.709177,,Loan Management System
LN00000684,CUST00001252,Home Loan,6747339.5,12.92,210,81215.72,Active,2025-09-29,2026-07-25 01:44:20.709177,,Loan Management System
LN00000685,CUST00001660,Home Loan,2957192.58,15.8,153,45021.07,Pending,2011-07-27,2026-07-25 01:44:20.709177,,Loan Management System
LN00000686,CUST00002443,Business Loan,13261475.56,9.06,40,385355.49,Closed,2016-09-24,2026-07-25 01:44:20.709177,,Loan Management System
LN00000687,CUST00001984,Personal Loan,1192731.13,10.31,28,48108.41,Closed,2016-06-10,2026-07-25 01:44:20.710176,,Loan Management System
LN00000688,CUST00003435,Personal Loan,220783.13,7.12,52,4946.93,Closed,2015-02-20,2026-07-25 01:44:20.710176,,Loan Management System
LN00000689,CUST00004000,Gold Loan,201258.95,16.73,35,7306.06,Active,2018-11-16,2026-07-25 01:44:20.710176,,Loan Management System
LN00000690,CUST00004375,Car Loan,1683547.81,11.25,31,62833.74,Active,2024-12-05,2026-07-25 01:44:20.710176,,Loan Management System
LN00000691,CUST00001180,Home Loan,4387322.54,13.05,294,49782.39,Active,2021-06-05,2026-07-25 01:44:20.711176,,Loan Management System
LN00000692,CUST00004321,Business Loan,4016957.0,7.43,54,87743.55,Closed,2021-11-18,2026-07-25 01:44:20.711176,,Loan Management System
LN00000693,CUST00000116,Home Loan,6527740.21,6.55,200,53713.46,Active,2022-09-13,2026-07-25 01:44:20.711176,,Loan Management System
LN00000694,CUST00000608,Education Loan,2347487.77,8.32,58,49294.13,Active,2017-01-16,2026-07-25 01:44:20.711176,,Loan Management System
LN00000695,CUST00001304,Personal Loan,672644.1,11.43,42,19506.98,Active,2019-06-22,2026-07-25 01:44:20.711176,,Loan Management System
LN00000696,CUST00003926,Home Loan,2394435.39,10.79,67,47732.91,Defaulted,2019-01-29,2026-07-25 01:44:20.712176,,Loan Management System
LN00000697,CUST00003461,Education Loan,2171031.76,6.71,37,65118.84,Closed,2019-01-31,2026-07-25 01:44:20.712176,,Loan Management System
LN00000698,CUST00003424,Home Loan,7088485.1,10.46,126,92918.15,Active,2023-01-21,2026-07-25 01:44:20.712176,,Loan Management System
LN00000699,CUST00000994,Car Loan,1057122.26,7.25,17,65619.2,Active,2015-03-13,2026-07-25 01:44:20.712176,,Loan Management System
LN00000700,CUST00003243,Personal Loan,1105356.27,13.36,33,40208.77,Active,2020-04-04,2026-07-25 01:44:20.713188,,Loan Management System
LN00000701,CUST00000175,Car Loan,574610.4,17.96,74,12895.4,Active,2019-08-12,2026-07-25 01:44:20.713188,,Loan Management System
LN00000702,CUST00002678,Home Loan,9506801.36,17.06,266,138393.48,Active,2025-01-24,2026-07-25 01:44:20.713188,,Loan Management System
LN00000703,CUST00004048,Home Loan,9856355.48,8.93,71,179214.43,Closed,2025-02-07,2026-07-25 01:44:20.713188,,Loan Management System
LN00000704,CUST00000320,Home Loan,3982618.79,13.98,79,77394.26,Active,2024-01-31,2026-07-25 01:44:20.714179,,Loan Management System
LN00000705,CUST00002622,Car Loan,2359499.06,13.67,18,145724.19,Closed,2014-06-13,2026-07-25 01:44:20.714179,,Loan Management System
LN00000706,CUST00000406,Car Loan,255276.95,14.43,65,5682.54,Active,2022-10-08,2026-07-25 01:44:20.714179,,Loan Management System
LN00000707,CUST00000303,Home Loan,2901013.78,14.57,165,40791.91,Closed,2013-01-01,2026-07-25 01:44:20.714179,,Loan Management System
LN00000708,CUST00000945,Car Loan,1043126.07,14.11,78,20503.9,Active,2016-05-22,2026-07-25 01:44:20.715187,,Loan Management System
LN00000709,CUST00000231,Car Loan,584057.86,16.05,25,27639.92,Active,2020-04-30,2026-07-25 01:44:20.715187,,Loan Management System
LN00000710,CUST00000831,Car Loan,991578.95,15.52,75,20732.97,Active,2022-11-09,2026-07-25 01:44:20.715187,,Loan Management System
LN00000711,CUST00003664,Home Loan,2998442.2,12.52,163,38346.55,Active,2022-04-30,2026-07-25 01:44:20.715187,,Loan Management System
LN00000712,CUST00004845,Personal Loan,282541.72,12.8,25,12935.27,Closed,2022-02-04,2026-07-25 01:44:20.716179,,Loan Management System
LN00000713,CUST00004316,Personal Loan,390032.64,6.65,17,24104.24,Pending,2017-04-06,2026-07-25 01:44:20.716179,,Loan Management System
LN00000714,CUST00000948,Business Loan,13545927.64,8.22,23,638576.65,Closed,2013-02-24,2026-07-25 01:44:20.716179,,Loan Management System
LN00000715,CUST00002596,Home Loan,7373974.36,16.9,178,113245.47,Active,2025-06-26,2026-07-25 01:44:20.716179,,Loan Management System
LN00000716,CUST00001231,Gold Loan,678709.43,7.08,14,50651.79,Defaulted,2024-05-04,2026-07-25 01:44:20.717192,,Loan Management System
LN00000717,CUST00003556,Business Loan,7524185.95,14.28,66,165216.02,Closed,2015-07-23,2026-07-25 01:44:20.717192,,Loan Management System
LN00000718,CUST00004604,Home Loan,7702938.05,7.03,130,84818.48,Closed,2023-01-03,2026-07-25 01:44:20.717192,,Loan Management System
LN00000719,CUST00002444,Home Loan,3896510.34,11.53,197,44150.27,Defaulted,2016-11-03,2026-07-25 01:44:20.718172,,Loan Management System
LN00000720,CUST00002667,Home Loan,8242160.75,8.6,265,69550.87,Active,2015-05-20,2026-07-25 01:44:20.718172,,Loan Management System
LN00000721,CUST00000962,Personal Loan,1261777.1,14.43,42,38441.14,Closed,2025-04-13,2026-07-25 01:44:20.718172,,Loan Management System
LN00000722,CUST00001778,Car Loan,2431346.76,7.8,19,136445.01,Written Off,2014-12-13,2026-07-25 01:44:20.718172,,Loan Management System
LN00000723,CUST00004709,Business Loan,2522405.56,16.98,73,55642.03,Closed,2014-01-25,2026-07-25 01:44:20.718172,,Loan Management System
LN00000724,CUST00004540,Car Loan,707529.57,10.87,57,15946.77,Closed,2011-12-23,2026-07-25 01:44:20.719183,,Loan Management System
LN00000725,CUST00001390,Business Loan,17659029.81,14.86,28,750182.78,Active,2012-05-07,2026-07-25 01:44:20.719183,,Loan Management System
LN00000726,CUST00003092,Personal Loan,1337011.2,11.57,16,90575.77,Active,2015-09-23,2026-07-25 01:44:20.719183,,Loan Management System
LN00000727,CUST00000525,Personal Loan,1071623.86,14.3,59,25394.02,Closed,2019-08-24,2026-07-25 01:44:20.719183,,Loan Management System
LN00000728,CUST00002487,Car Loan,2938107.56,14.2,55,72981.03,Active,2021-12-17,2026-07-25 01:44:20.720192,,Loan Management System
LN00000729,CUST00003808,Car Loan,1931069.24,11.48,43,54988.54,Active,2026-01-07,2026-07-25 01:44:20.720192,,Loan Management System
LN00000730,CUST00001857,Car Loan,1995932.47,8.21,83,31597.89,Defaulted,2024-08-20,2026-07-25 01:44:20.720192,,Loan Management System
LN00000731,CUST00000643,Car Loan,232605.63,17.25,76,5050.88,Closed,2012-10-19,2026-07-25 01:44:20.720192,,Loan Management System
LN00000732,CUST00001320,Business Loan,17453604.87,7.36,74,294129.23,Active,2019-04-23,2026-07-25 01:44:20.721180,,Loan Management System
LN00000733,CUST00001326,Personal Loan,453327.84,12.33,47,12209.5,Closed,2018-08-12,2026-07-25 01:44:20.721180,,Loan Management System
LN00000734,CUST00001396,Personal Loan,390750.0,11.78,48,10247.79,Active,2022-04-11,2026-07-25 01:44:20.721180,,Loan Management System
LN00000735,CUST00002575,Business Loan,9217828.34,7.87,75,155993.8,Closed,2021-05-10,2026-07-25 01:44:20.721180,,Loan Management System
LN00000736,CUST00004388,Home Loan,4332676.76,6.91,341,29049.17,Active,2014-11-14,2026-07-25 01:44:20.722180,,Loan Management System
LN00000737,CUST00001903,Home Loan,6239931.12,13.62,215,77686.43,Defaulted,2023-10-13,2026-07-25 01:44:20.722180,,Loan Management System
LN00000738,CUST00002729,Car Loan,2032868.75,11.75,55,47979.24,Active,2023-05-29,2026-07-25 01:44:20.722180,,Loan Management System
LN00000739,CUST00002564,Home Loan,2617722.09,11.73,346,26503.59,Closed,2018-02-03,2026-07-25 01:44:20.722180,,Loan Management System
LN00000740,CUST00004845,Car Loan,2206642.59,10.68,69,42936.4,Active,2019-12-21,2026-07-25 01:44:20.723200,,Loan Management System
LN00000741,CUST00004795,Education Loan,964813.72,10.43,110,13657.42,Active,2018-05-12,2026-07-25 01:44:20.723200,,Loan Management System
LN00000742,CUST00003849,Personal Loan,204167.23,16.81,43,6353.0,Active,2015-09-18,2026-07-25 01:44:20.723200,,Loan Management System
LN00000743,CUST00004947,Education Loan,2914080.47,7.73,86,44238.9,Active,2014-01-26,2026-07-25 01:44:20.723200,,Loan Management System
LN00000744,CUST00001504,Gold Loan,997418.81,11.76,15,71826.35,Closed,2022-09-21,2026-07-25 01:44:20.724138,,Loan Management System
LN00000745,CUST00002909,Home Loan,4437468.28,17.16,123,76859.59,Closed,2023-04-05,2026-07-25 01:44:20.724138,,Loan Management System
LN00000746,CUST00003353,Personal Loan,1004762.21,17.5,20,58283.02,Written Off,2011-08-28,2026-07-25 01:44:20.724138,,Loan Management System
LN00000747,CUST00001877,Home Loan,7494032.34,12.86,281,84539.59,Closed,2024-05-03,2026-07-25 01:44:20.724138,,Loan Management System
LN00000748,CUST00004301,Personal Loan,787082.7,17.09,23,40372.06,Closed,2026-03-14,2026-07-25 01:44:20.725178,,Loan Management System
LN00000749,CUST00003937,Home Loan,8244819.46,7.69,224,69437.94,Active,2024-08-29,2026-07-25 01:44:20.725178,,Loan Management System
LN00000750,CUST00001673,Personal Loan,1470276.1,17.03,60,36563.87,Active,2013-05-17,2026-07-25 01:44:20.725178,,Loan Management System
LN00000751,CUST00004932,Personal Loan,547145.27,9.88,20,29783.68,Active,2024-10-20,2026-07-25 01:44:20.725178,,Loan Management System
LN00000752,CUST00002892,Car Loan,2682023.2,12.39,82,48643.27,Defaulted,2018-10-17,2026-07-25 01:44:20.726172,,Loan Management System
LN00000753,CUST00002678,Education Loan,3748497.1,13.77,87,68340.94,Active,2015-04-14,2026-07-25 01:44:20.726172,,Loan Management System
LN00000754,CUST00004268,Education Loan,2777784.06,17.09,69,63490.68,Written Off,2014-07-21,2026-07-25 01:44:20.726172,,Loan Management System
LN00000755,CUST00003383,Car Loan,2883314.07,12.29,53,70767.78,Closed,2025-03-29,2026-07-25 01:44:20.726172,,Loan Management System
LN00000756,CUST00000523,Education Loan,2292892.82,13.2,142,31987.6,Closed,2023-05-27,2026-07-25 01:44:20.727179,,Loan Management System
LN00000757,CUST00003892,Business Loan,10911104.67,16.59,66,253121.41,Closed,2020-05-16,2026-07-25 01:44:20.727179,,Loan Management System
LN00000758,CUST00003884,Car Loan,270762.0,8.17,19,15240.61,Active,2019-06-19,2026-07-25 01:44:20.727179,,Loan Management System
LN00000759,CUST00003354,Education Loan,727648.04,9.8,100,10675.78,Active,2012-06-01,2026-07-25 01:44:20.727179,,Loan Management System
LN00000760,CUST00001958,Home Loan,7951395.31,8.85,337,64023.16,Active,2021-01-16,2026-07-25 01:44:20.728182,,Loan Management System
LN00000761,CUST00004515,Business Loan,2498360.12,16.48,106,44883.06,Closed,2015-10-20,2026-07-25 01:44:20.728182,,Loan Management System
LN00000762,CUST00001374,Home Loan,6647634.72,10.97,321,64230.7,Closed,2025-12-29,2026-07-25 01:44:20.728182,,Loan Management System
LN00000763,CUST00001408,Education Loan,1221790.75,14.14,133,18236.5,Active,2013-08-17,2026-07-25 01:44:20.728182,,Loan Management System
LN00000764,CUST00000880,Gold Loan,2440161.24,10.1,6,418757.73,Active,2019-04-30,2026-07-25 01:44:20.729178,,Loan Management System
LN00000765,CUST00000208,Personal Loan,949814.46,15.48,40,30545.71,Closed,2013-10-30,2026-07-25 01:44:20.729178,,Loan Management System
LN00000766,CUST00004476,Business Loan,14240266.84,13.95,108,232179.63,Closed,2025-03-12,2026-07-25 01:44:20.729178,,Loan Management System
LN00000767,CUST00001359,Education Loan,866229.42,14.84,85,16526.09,Active,2019-06-20,2026-07-25 01:44:20.729178,,Loan Management System
LN00000768,CUST00001888,Home Loan,6985259.09,8.65,148,76922.22,Closed,2022-12-02,2026-07-25 01:44:20.729178,,Loan Management System
LN00000769,CUST00001520,Home Loan,886025.21,9.71,195,9049.19,Active,2020-08-06,2026-07-25 01:44:20.730186,,Loan Management System
LN00000770,CUST00003849,Car Loan,914045.21,10.3,31,33707.49,Active,2021-01-26,2026-07-25 01:44:20.730186,,Loan Management System
LN00000771,CUST00003608,Gold Loan,1502278.82,15.4,22,78812.38,Active,2021-09-10,2026-07-25 01:44:20.730186,,Loan Management System
LN00000772,CUST00003059,Car Loan,1202639.65,15.52,52,31913.75,Active,2016-12-16,2026-07-25 01:44:20.730186,,Loan Management System
LN00000773,CUST00004816,Gold Loan,1313500.56,15.54,13,110433.23,Active,2024-05-29,2026-07-25 01:44:20.731190,,Loan Management System
LN00000774,CUST00003538,Car Loan,457447.55,9.04,39,13580.54,Closed,2019-02-03,2026-07-25 01:44:20.731190,,Loan Management System
LN00000775,CUST00003752,Personal Loan,475682.82,17.43,51,13269.02,Active,2021-12-25,2026-07-25 01:44:20.731190,,Loan Management System
LN00000776,CUST00003218,Gold Loan,2063628.79,17.78,3,708360.26,Active,2025-06-05,2026-07-25 01:44:20.731190,,Loan Management System
LN00000777,CUST00001178,Personal Loan,398504.42,13.89,51,10389.62,Active,2023-10-19,2026-07-25 01:44:20.732189,,Loan Management System
LN00000778,CUST00000322,Home Loan,8913771.51,10.89,118,123382.48,Active,2020-02-24,2026-07-25 01:44:20.732189,,Loan Management System
LN00000779,CUST00001505,Car Loan,991921.18,16.98,59,24907.44,Active,2018-10-27,2026-07-25 01:44:20.732189,,Loan Management System
LN00000780,CUST00000446,Car Loan,1563053.19,9.91,36,50369.31,Active,2025-09-09,2026-07-25 01:44:20.732189,,Loan Management System
LN00000781,CUST00003273,Home Loan,1411586.1,17.67,335,20942.03,Active,2020-11-18,2026-07-25 01:44:20.733185,,Loan Management System
LN00000782,CUST00003242,Car Loan,790188.13,13.74,39,25234.51,Defaulted,2019-02-23,2026-07-25 01:44:20.733185,,Loan Management System
LN00000783,CUST00002594,Personal Loan,200693.87,12.68,56,4766.48,Defaulted,2014-04-08,2026-07-25 01:44:20.733185,,Loan Management System
LN00000784,CUST00003682,Education Loan,1797427.27,15.89,54,46803.27,Closed,2024-03-18,2026-07-25 01:44:20.734178,,Loan Management System
LN00000785,CUST00004151,Home Loan,4862639.73,10.31,104,70903.26,Active,2026-03-21,2026-07-25 01:44:20.734178,,Loan Management System
LN00000786,CUST00002609,Home Loan,2893126.01,7.31,176,26840.94,Pending,2019-08-21,2026-07-25 01:44:20.734178,,Loan Management System
LN00000787,CUST00000920,Personal Loan,704132.21,11.15,32,25538.61,Active,2019-03-21,2026-07-25 01:44:20.734178,,Loan Management System
LN00000788,CUST00001952,Car Loan,1697536.24,13.88,20,95560.17,Closed,2015-12-21,2026-07-25 01:44:20.734178,,Loan Management System
LN00000789,CUST00000959,Car Loan,2162469.69,7.33,76,35652.55,Active,2024-05-08,2026-07-25 01:44:20.735190,,Loan Management System
LN00000790,CUST00001587,Education Loan,1275267.77,7.49,148,13225.82,Active,2015-10-08,2026-07-25 01:44:20.735190,,Loan Management System
LN00000791,CUST00000929,Business Loan,1100973.45,8.3,40,31601.69,Active,2025-11-06,2026-07-25 01:44:20.735190,,Loan Management System
LN00000792,CUST00003215,Personal Loan,1206352.69,12.78,52,30333.06,Active,2022-05-30,2026-07-25 01:44:20.735190,,Loan Management System
LN00000793,CUST00003470,Car Loan,2759672.97,15.64,59,67330.11,Written Off,2016-04-12,2026-07-25 01:44:20.736190,,Loan Management System
LN00000794,CUST00004844,Home Loan,8810285.81,8.13,81,141688.86,Active,2024-08-03,2026-07-25 01:44:20.736190,,Loan Management System
LN00000795,CUST00001148,Car Loan,1704025.74,17.39,51,47497.49,Active,2024-10-16,2026-07-25 01:44:20.736190,,Loan Management System
LN00000796,CUST00000507,Education Loan,2931155.65,8.93,167,30718.54,Active,2020-06-06,2026-07-25 01:44:20.736190,,Loan Management System
LN00000797,CUST00002318,Home Loan,6360406.77,9.41,118,82828.68,Active,2019-10-22,2026-07-25 01:44:20.737191,,Loan Management System
LN00000798,CUST00000927,Education Loan,3423779.4,16.29,176,51254.11,Active,2022-03-23,2026-07-25 01:44:20.737191,,Loan Management System
LN00000799,CUST00003395,Car Loan,1013827.47,7.27,24,45515.87,Active,2015-08-19,2026-07-25 01:44:20.737191,,Loan Management System
LN00000800,CUST00001630,Car Loan,2864311.74,10.61,42,81940.09,Active,2016-03-26,2026-07-25 01:44:20.737191,,Loan Management System
LN00000801,CUST00004413,Car Loan,2720332.05,10.15,69,52204.49,Active,2019-01-17,2026-07-25 01:44:20.738188,,Loan Management System
LN00000802,CUST00002082,Car Loan,2141682.76,8.25,84,33648.1,Active,2012-11-17,2026-07-25 01:44:20.738188,,Loan Management System
LN00000803,CUST00002883,Personal Loan,671045.72,6.56,27,26800.59,Closed,2023-09-13,2026-07-25 01:44:20.738188,,Loan Management System
LN00000804,CUST00004018,Education Loan,2599270.32,9.68,128,32638.32,Active,2016-06-03,2026-07-25 01:44:20.738188,,Loan Management System
LN00000805,CUST00004234,Education Loan,3523754.74,11.82,127,48747.89,Closed,2015-07-21,2026-07-25 01:44:20.739186,,Loan Management System
LN00000806,CUST00002184,Personal Loan,207807.32,13.92,17,13539.37,Closed,2016-03-08,2026-07-25 01:44:20.739186,,Loan Management System
LN00000807,CUST00004628,Business Loan,3230032.54,12.69,45,90578.61,Closed,2017-04-10,2026-07-25 01:44:20.739603,,Loan Management System
LN00000808,CUST00000038,Car Loan,2236791.03,16.76,76,47951.54,Closed,2016-12-31,2026-07-25 01:44:20.739603,,Loan Management System
LN00000809,CUST00003157,Business Loan,11788565.35,15.35,39,385801.67,Pending,2020-10-01,2026-07-25 01:44:20.739603,,Loan Management System
LN00000810,CUST00002594,Car Loan,1721714.11,17.99,72,39258.76,Closed,2012-12-06,2026-07-25 01:44:20.739603,,Loan Management System
LN00000811,CUST00002562,Home Loan,4228734.29,16.75,208,62524.47,Active,2013-11-30,2026-07-25 01:44:20.740685,,Loan Management System
LN00000812,CUST00003905,Car Loan,453551.27,10.68,13,37100.63,Closed,2014-02-16,2026-07-25 01:44:20.740685,,Loan Management System
LN00000813,CUST00004595,Business Loan,16227531.11,13.56,33,591855.42,Closed,2015-07-01,2026-07-25 01:44:20.740685,,Loan Management System
LN00000814,CUST00002297,Home Loan,2012612.97,13.01,349,22338.45,Closed,2018-01-29,2026-07-25 01:44:20.740685,,Loan Management System
LN00000815,CUST00002013,Gold Loan,1846401.53,12.06,25,83890.92,Active,2023-05-15,2026-07-25 01:44:20.741731,,Loan Management System
LN00000816,CUST00003268,Education Loan,1003824.64,9.54,95,15094.35,Active,2014-02-28,2026-07-25 01:44:20.741731,,Loan Management System
LN00000817,CUST00002259,Home Loan,9123397.88,10.65,300,87120.7,Pending,2023-07-31,2026-07-25 01:44:20.741731,,Loan Management System
LN00000818,CUST00004435,Business Loan,1278141.62,13.96,25,59214.79,Closed,2015-03-15,2026-07-25 01:44:20.741731,,Loan Management System
LN00000819,CUST00000079,Car Loan,2523012.04,16.1,45,75049.14,Closed,2012-08-27,2026-07-25 01:44:20.742727,,Loan Management System
LN00000820,CUST00004805,Car Loan,1254646.79,10.85,21,65865.41,Active,2018-08-14,2026-07-25 01:44:20.742727,,Loan Management System
LN00000821,CUST00004900,Personal Loan,1365501.52,12.44,34,47860.27,Closed,2018-06-30,2026-07-25 01:44:20.742727,,Loan Management System
LN00000822,CUST00000059,Personal Loan,1199353.31,16.7,12,109216.04,Active,2017-03-11,2026-07-25 01:44:20.742727,,Loan Management System
LN00000823,CUST00003976,Home Loan,2073255.31,7.39,203,17921.34,Active,2020-10-16,2026-07-25 01:44:20.743733,,Loan Management System
LN00000824,CUST00001728,Home Loan,3941117.97,14.75,120,62981.99,Closed,2019-06-28,2026-07-25 01:44:20.743733,,Loan Management System
LN00000825,CUST00003683,Personal Loan,528825.91,7.8,55,11466.77,Active,2018-08-20,2026-07-25 01:44:20.743733,,Loan Management System
LN00000826,CUST00000233,Home Loan,2031839.47,16.08,71,44535.12,Active,2012-08-14,2026-07-25 01:44:20.743733,,Loan Management System
LN00000827,CUST00000837,Home Loan,6127302.77,8.05,322,46505.63,Active,2015-01-30,2026-07-25 01:44:20.743733,,Loan Management System
LN00000828,CUST00004769,Car Loan,356553.61,9.47,35,11698.72,Active,2025-09-24,2026-07-25 01:44:20.744730,,Loan Management System
LN00000829,CUST00003315,Personal Loan,1455403.35,13.83,58,34546.49,Closed,2018-09-16,2026-07-25 01:44:20.744730,,Loan Management System
LN00000830,CUST00003033,Business Loan,18971450.44,8.99,89,292834.11,Written Off,2018-03-10,2026-07-25 01:44:20.744730,,Loan Management System
LN00000831,CUST00002581,Business Loan,3826052.29,16.05,88,74230.67,Active,2024-08-28,2026-07-25 01:44:20.744730,,Loan Management System
LN00000832,CUST00004097,Car Loan,2348972.32,13.67,77,45979.61,Active,2021-07-01,2026-07-25 01:44:20.745733,,Loan Management System
LN00000833,CUST00003051,Education Loan,1436417.97,11.71,53,34841.33,Active,2023-05-24,2026-07-25 01:44:20.745733,,Loan Management System
LN00000834,CUST00004710,Personal Loan,207426.67,8.83,44,5535.68,Closed,2011-11-23,2026-07-25 01:44:20.745733,,Loan Management System
LN00000835,CUST00004908,Business Loan,12307464.85,8.54,90,185656.83,Closed,2026-02-19,2026-07-25 01:44:20.745733,,Loan Management System
LN00000836,CUST00004559,Business Loan,10862884.03,15.15,23,547139.67,Active,2024-08-02,2026-07-25 01:44:20.746733,,Loan Management System
LN00000837,CUST00002098,Home Loan,6233009.18,16.02,280,85291.59,Active,2021-05-10,2026-07-25 01:44:20.746733,,Loan Management System
LN00000838,CUST00003073,Personal Loan,112985.51,12.59,26,4987.83,Pending,2018-01-12,2026-07-25 01:44:20.746733,,Loan Management System
LN00000839,CUST00001956,Personal Loan,1164573.92,10.53,59,25371.62,Pending,2019-09-04,2026-07-25 01:44:20.746733,,Loan Management System
LN00000840,CUST00004919,Business Loan,11734355.93,11.39,44,327489.82,Active,2011-08-30,2026-07-25 01:44:20.747730,,Loan Management System
LN00000841,CUST00001519,Home Loan,8661005.85,9.76,338,75316.02,Active,2017-07-18,2026-07-25 01:44:20.747730,,Loan Management System
LN00000842,CUST00002438,Home Loan,7236913.95,15.58,355,94933.36,Active,2016-08-22,2026-07-25 01:44:20.747730,,Loan Management System
LN00000843,CUST00002349,Car Loan,1250083.67,8.86,52,29037.1,Active,2024-05-18,2026-07-25 01:44:20.747730,,Loan Management System
LN00000844,CUST00001202,Home Loan,4547680.1,13.23,193,57007.0,Defaulted,2018-03-13,2026-07-25 01:44:20.748730,,Loan Management System
LN00000845,CUST00001364,Personal Loan,580183.94,9.67,55,13100.33,Active,2026-01-30,2026-07-25 01:44:20.748730,,Loan Management System
LN00000846,CUST00002873,Home Loan,5744997.01,12.91,151,77135.33,Active,2025-10-12,2026-07-25 01:44:20.748730,,Loan Management System
LN00000847,CUST00003027,Car Loan,910577.41,10.03,56,20428.19,Closed,2018-09-09,2026-07-25 01:44:20.748730,,Loan Management System
LN00000848,CUST00001034,Personal Loan,250199.35,16.43,19,15044.83,Closed,2020-09-19,2026-07-25 01:44:20.749735,,Loan Management System
LN00000849,CUST00002274,Personal Loan,1064001.59,8.36,25,46521.57,Active,2024-04-11,2026-07-25 01:44:20.749735,,Loan Management System
LN00000850,CUST00002084,Education Loan,3223329.56,13.56,49,86027.86,Active,2024-01-22,2026-07-25 01:44:20.749735,,Loan Management System
LN00000851,CUST00004281,Gold Loan,38094.32,7.55,12,3305.84,Active,2020-11-07,2026-07-25 01:44:20.749735,,Loan Management System
LN00000852,CUST00003361,Car Loan,446793.93,9.53,59,9514.46,Active,2025-03-03,2026-07-25 01:44:20.750727,,Loan Management System
LN00000853,CUST00004982,Home Loan,4151097.1,17.82,326,62152.48,Active,2021-10-28,2026-07-25 01:44:20.750727,,Loan Management System
LN00000854,CUST00003171,Gold Loan,167221.01,15.4,14,13125.75,Closed,2015-04-25,2026-07-25 01:44:20.750727,,Loan Management System
LN00000855,CUST00000139,Personal Loan,342475.5,14.05,45,9834.18,Active,2019-11-13,2026-07-25 01:44:20.750727,,Loan Management System
LN00000856,CUST00002301,Home Loan,6195391.67,12.43,178,76372.57,Closed,2015-04-18,2026-07-25 01:44:20.751730,,Loan Management System
LN00000857,CUST00003590,Car Loan,1207272.0,14.03,32,45441.4,Active,2016-03-15,2026-07-25 01:44:20.751730,,Loan Management System
LN00000858,CUST00002503,Personal Loan,629178.85,14.2,37,21097.1,Closed,2018-12-23,2026-07-25 01:44:20.751730,,Loan Management System
LN00000859,CUST00004230,Car Loan,2263391.51,7.29,23,105741.56,Active,2019-10-28,2026-07-25 01:44:20.751730,,Loan Management System
LN00000860,CUST00004141,Education Loan,2280544.08,13.2,124,33787.98,Written Off,2012-01-21,2026-07-25 01:44:20.752732,,Loan Management System
LN00000861,CUST00001453,Personal Loan,929226.94,8.74,37,28740.78,Closed,2018-03-06,2026-07-25 01:44:20.752732,,Loan Management System
LN00000862,CUST00001310,Personal Loan,640345.21,7.72,16,42245.17,Active,2017-04-12,2026-07-25 01:44:20.752732,,Loan Management System
LN00000863,CUST00000444,Personal Loan,219663.05,12.4,28,9074.87,Defaulted,2022-12-10,2026-07-25 01:44:20.752732,,Loan Management System
LN00000864,CUST00000745,Business Loan,11710430.64,14.48,60,275404.14,Closed,2023-02-12,2026-07-25 01:44:20.753730,,Loan Management System
LN00000865,CUST00000209,Education Loan,3054145.81,17.55,153,50100.53,Closed,2025-02-20,2026-07-25 01:44:20.753730,,Loan Management System
LN00000866,CUST00000267,Business Loan,17309453.95,12.04,45,479896.83,Active,2018-06-10,2026-07-25 01:44:20.753730,,Loan Management System
LN00000867,CUST00001610,Car Loan,2983754.49,14.28,41,92389.52,Closed,2023-11-18,2026-07-25 01:44:20.753730,,Loan Management System
LN00000868,CUST00004012,Personal Loan,561989.58,12.66,56,13341.59,Closed,2014-05-15,2026-07-25 01:44:20.754733,,Loan Management System
LN00000869,CUST00003303,Home Loan,1383589.59,14.25,235,17523.6,Active,2025-11-10,2026-07-25 01:44:20.754733,,Loan Management System
LN00000870,CUST00003673,Gold Loan,1204474.75,10.57,20,65948.28,Active,2019-07-07,2026-07-25 01:44:20.754733,,Loan Management System
LN00000871,CUST00002404,Education Loan,3727995.53,8.69,87,57907.04,Active,2013-09-25,2026-07-25 01:44:20.754733,,Loan Management System
LN00000872,CUST00003925,Home Loan,3021351.05,9.14,187,30358.67,Closed,2022-02-23,2026-07-25 01:44:20.755732,,Loan Management System
LN00000873,CUST00003662,Personal Loan,1179460.8,7.88,17,73551.96,Closed,2020-08-24,2026-07-25 01:44:20.755732,,Loan Management System
LN00000874,CUST00003762,Car Loan,1918715.53,15.29,81,38115.89,Written Off,2012-01-08,2026-07-25 01:44:20.755732,,Loan Management System
LN00000875,CUST00001168,Business Loan,7738332.44,10.13,85,127942.13,Defaulted,2018-04-07,2026-07-25 01:44:20.755732,,Loan Management System
LN00000876,CUST00001294,Personal Loan,1477372.29,17.03,29,62499.74,Active,2021-08-18,2026-07-25 01:44:20.756745,,Loan Management System
LN00000877,CUST00004693,Education Loan,600159.21,12.55,144,8083.66,Active,2021-03-01,2026-07-25 01:44:20.756745,,Loan Management System
LN00000878,CUST00003332,Car Loan,1606930.59,11.03,34,55247.02,Active,2022-11-03,2026-07-25 01:44:20.756745,,Loan Management System
LN00000879,CUST00000889,Home Loan,5422948.83,10.13,64,110022.66,Active,2012-01-09,2026-07-25 01:44:20.756745,,Loan Management System
LN00000880,CUST00001134,Home Loan,6019578.08,10.24,192,63861.26,Active,2012-12-27,2026-07-25 01:44:20.757704,,Loan Management System
LN00000881,CUST00001223,Personal Loan,440641.93,17.52,33,16922.17,Active,2022-06-30,2026-07-25 01:44:20.757704,,Loan Management System
LN00000882,CUST00003432,Personal Loan,355272.1,14.56,35,12518.59,Active,2018-11-08,2026-07-25 01:44:20.757704,,Loan Management System
LN00000883,CUST00000596,Personal Loan,703557.04,13.07,48,18899.13,Closed,2013-11-14,2026-07-25 01:44:20.757704,,Loan Management System
LN00000884,CUST00004075,Business Loan,14555901.46,15.75,83,288947.1,Active,2026-04-23,2026-07-25 01:44:20.758733,,Loan Management System
LN00000885,CUST00001833,Personal Loan,261473.42,17.53,21,14548.48,Active,2019-06-01,2026-07-25 01:44:20.758733,,Loan Management System
LN00000886,CUST00000856,Home Loan,4504446.36,8.05,324,34128.74,Active,2014-08-27,2026-07-25 01:44:20.758733,,Loan Management System
LN00000887,CUST00001292,Personal Loan,755599.29,9.39,48,18943.36,Active,2012-06-01,2026-07-25 01:44:20.758733,,Loan Management System
LN00000888,CUST00000496,Home Loan,2051747.86,8.98,190,20270.58,Active,2015-12-27,2026-07-25 01:44:20.759735,,Loan Management System
LN00000889,CUST00001872,Car Loan,1459593.49,10.35,58,32088.68,Active,2018-01-04,2026-07-25 01:44:20.759735,,Loan Management System
LN00000890,CUST00003058,Car Loan,2468044.47,10.46,64,50478.29,Active,2017-02-17,2026-07-25 01:44:20.759735,,Loan Management System
LN00000891,CUST00004346,Business Loan,19280772.94,8.79,85,305532.97,Closed,2015-03-01,2026-07-25 01:44:20.759735,,Loan Management System
LN00000892,CUST00004910,Car Loan,2942244.77,9.77,53,68572.4,Closed,2019-04-19,2026-07-25 01:44:20.759735,,Loan Management System
LN00000893,CUST00003659,Personal Loan,1117962.94,16.73,36,39708.36,Closed,2017-02-13,2026-07-25 01:44:20.760730,,Loan Management System
LN00000894,CUST00000905,Personal Loan,1437061.92,16.48,52,38849.8,Closed,2017-04-21,2026-07-25 01:44:20.760730,,Loan Management System
LN00000895,CUST00002938,Personal Loan,965346.44,13.07,16,66071.03,Active,2024-07-06,2026-07-25 01:44:20.760730,,Loan Management System
LN00000896,CUST00004654,Personal Loan,504548.99,14.01,57,12171.05,Active,2018-01-04,2026-07-25 01:44:20.760730,,Loan Management System
LN00000897,CUST00000510,Car Loan,959494.68,11.62,58,21699.05,Closed,2016-04-18,2026-07-25 01:44:20.761729,,Loan Management System
LN00000898,CUST00002570,Car Loan,1460808.24,8.42,14,109917.69,Active,2024-05-09,2026-07-25 01:44:20.761729,,Loan Management System
LN00000899,CUST00001095,Home Loan,2890646.6,15.05,100,50885.54,Active,2025-09-18,2026-07-25 01:44:20.761729,,Loan Management System
LN00000900,CUST00003222,Personal Loan,188552.89,17.27,42,6013.28,Active,2018-09-25,2026-07-25 01:44:20.761729,,Loan Management System
LN00000901,CUST00001356,Home Loan,4271618.95,15.3,102,75084.72,Active,2015-11-08,2026-07-25 01:44:20.762734,,Loan Management System
LN00000902,CUST00003147,Car Loan,436071.55,17.21,61,10773.96,Active,2025-10-06,2026-07-25 01:44:20.762734,,Loan Management System
LN00000903,CUST00003928,Home Loan,3199665.16,13.7,127,47846.36,Active,2012-12-14,2026-07-25 01:44:20.762734,,Loan Management System
LN00000904,CUST00000034,Home Loan,833972.32,10.6,226,8536.5,Defaulted,2019-07-25,2026-07-25 01:44:20.762734,,Loan Management System
LN00000905,CUST00003568,Personal Loan,1312802.5,17.25,47,38615.13,Active,2011-11-22,2026-07-25 01:44:20.763731,,Loan Management System
LN00000906,CUST00004320,Gold Loan,1751616.62,8.54,32,61400.93,Closed,2024-04-21,2026-07-25 01:44:20.763731,,Loan Management System
LN00000907,CUST00003521,Car Loan,1779156.56,12.52,80,32906.46,Active,2020-09-26,2026-07-25 01:44:20.763731,,Loan Management System
LN00000908,CUST00000366,Personal Loan,832518.78,15.75,40,26885.46,Active,2012-06-12,2026-07-25 01:44:20.763731,,Loan Management System
LN00000909,CUST00000248,Personal Loan,275790.43,6.62,45,6937.64,Closed,2017-07-07,2026-07-25 01:44:20.764734,,Loan Management System
LN00000910,CUST00004988,Business Loan,7205755.89,11.9,13,593524.96,Closed,2015-05-18,2026-07-25 01:44:20.764734,,Loan Management System
LN00000911,CUST00001339,Personal Loan,1145435.42,9.95,39,34494.96,Closed,2022-08-15,2026-07-25 01:44:20.764734,,Loan Management System
LN00000912,CUST00002888,Car Loan,2430948.67,12.8,36,81674.28,Active,2012-09-23,2026-07-25 01:44:20.764734,,Loan Management System
LN00000913,CUST00000616,Car Loan,1305305.82,8.38,61,26352.27,Closed,2024-11-07,2026-07-25 01:44:20.765735,,Loan Management System
LN00000914,CUST00001807,Home Loan,1252492.47,13.69,324,14660.34,Closed,2022-08-25,2026-07-25 01:44:20.765735,,Loan Management System
LN00000915,CUST00000842,Business Loan,16247711.34,14.37,48,447014.22,Closed,2012-03-31,2026-07-25 01:44:20.765735,,Loan Management System
LN00000916,CUST00001473,Car Loan,952701.67,8.66,20,51326.8,Active,2024-05-23,2026-07-25 01:44:20.765735,,Loan Management System
LN00000917,CUST00000700,Personal Loan,973494.43,13.6,29,39575.05,Closed,2012-02-02,2026-07-25 01:44:20.766732,,Loan Management System
LN00000918,CUST00004689,Personal Loan,514933.4,8.25,46,13095.55,Active,2015-10-08,2026-07-25 01:44:20.766732,,Loan Management System
LN00000919,CUST00002032,Gold Loan,723233.48,7.94,31,25881.38,Closed,2014-12-14,2026-07-25 01:44:20.766732,,Loan Management System
LN00000920,CUST00002968,Home Loan,1931495.09,12.18,235,21619.14,Active,2025-11-02,2026-07-25 01:44:20.766732,,Loan Management System
LN00000921,CUST00001364,Education Loan,2043743.45,10.77,44,56427.53,Active,2011-11-28,2026-07-25 01:44:20.767729,,Loan Management System
LN00000922,CUST00001827,Business Loan,19057058.81,7.14,111,235067.9,Active,2022-02-17,2026-07-25 01:44:20.767729,,Loan Management System
LN00000923,CUST00001962,Car Loan,708490.47,16.8,44,21676.45,Closed,2014-02-25,2026-07-25 01:44:20.767729,,Loan Management System
LN00000924,CUST00002901,Business Loan,2878250.35,15.33,43,87411.83,Active,2015-08-15,2026-07-25 01:44:20.767729,,Loan Management System
LN00000925,CUST00003491,Gold Loan,636726.42,17.94,15,47700.9,Active,2013-09-16,2026-07-25 01:44:20.768735,,Loan Management System
LN00000926,CUST00001046,Education Loan,2132442.57,17.79,157,35095.55,Active,2019-08-14,2026-07-25 01:44:20.768735,,Loan Management System
LN00000927,CUST00001016,Gold Loan,2342132.74,8.32,5,478214.7,Closed,2022-12-13,2026-07-25 01:44:20.768735,,Loan Management System
LN00000928,CUST00002135,Car Loan,541996.23,12.03,50,13835.83,Active,2013-07-04,2026-07-25 01:44:20.768735,,Loan Management System
LN00000929,CUST00000490,Business Loan,17341324.48,9.0,26,736606.29,Active,2021-02-26,2026-07-25 01:44:20.769735,,Loan Management System
LN00000930,CUST00004992,Personal Loan,71848.17,15.64,49,1993.22,Active,2015-04-09,2026-07-25 01:44:20.769735,,Loan Management System
LN00000931,CUST00003040,Education Loan,134826.44,6.98,157,1312.08,Closed,2019-06-22,2026-07-25 01:44:20.769735,,Loan Management System
LN00000932,CUST00003128,Home Loan,7822571.5,9.36,315,66794.62,Active,2023-06-18,2026-07-25 01:44:20.769735,,Loan Management System
LN00000933,CUST00001528,Car Loan,2806376.6,17.97,19,170807.71,Active,2015-12-03,2026-07-25 01:44:20.770740,,Loan Management System
LN00000934,CUST00000811,Car Loan,2163718.79,15.6,28,92686.94,Active,2024-08-10,2026-07-25 01:44:20.770740,,Loan Management System
LN00000935,CUST00003896,Personal Loan,859608.14,13.91,34,30735.54,Closed,2017-11-02,2026-07-25 01:44:20.770740,,Loan Management System
LN00000936,CUST00000281,Personal Loan,329799.68,14.43,34,11875.06,Closed,2014-06-01,2026-07-25 01:44:20.770740,,Loan Management System
LN00000937,CUST00004137,Personal Loan,107258.39,14.63,47,3011.54,Active,2021-11-13,2026-07-25 01:44:20.771742,,Loan Management System
LN00000938,CUST00003931,Car Loan,731372.34,8.65,56,15919.46,Active,2021-11-22,2026-07-25 01:44:20.771742,,Loan Management System
LN00000939,CUST00004282,Personal Loan,1308109.67,13.38,47,35910.29,Active,2024-04-14,2026-07-25 01:44:20.771742,,Loan Management System
LN00000940,CUST00003786,Car Loan,1458275.76,15.92,81,29485.05,Active,2023-10-13,2026-07-25 01:44:20.771742,,Loan Management System
LN00000941,CUST00002790,Home Loan,6561247.59,10.86,154,79142.41,Defaulted,2013-07-05,2026-07-25 01:44:20.772743,,Loan Management System
LN00000942,CUST00001477,Car Loan,1219410.55,13.63,53,30750.22,Closed,2024-10-17,2026-07-25 01:44:20.772743,,Loan Management System
LN00000943,CUST00001694,Car Loan,1709078.26,10.96,79,30463.71,Closed,2025-07-01,2026-07-25 01:44:20.772743,,Loan Management System
LN00000944,CUST00004977,Education Loan,701112.9,9.76,140,8407.18,Closed,2014-05-07,2026-07-25 01:44:20.772743,,Loan Management System
LN00000945,CUST00002452,Home Loan,5470405.12,7.27,126,62199.91,Active,2016-11-07,2026-07-25 01:44:20.773743,,Loan Management System
LN00000946,CUST00004427,Home Loan,1517024.1,8.7,76,26033.01,Closed,2013-05-26,2026-07-25 01:44:20.773743,,Loan Management System
LN00000947,CUST00000536,Business Loan,13329464.54,12.55,101,214354.12,Closed,2021-05-28,2026-07-25 01:44:20.773743,,Loan Management System
LN00000948,CUST00001472,Home Loan,2596866.45,14.76,66,57683.39,Pending,2011-12-31,2026-07-25 01:44:20.773743,,Loan Management System
LN00000949,CUST00001786,Home Loan,5168352.26,16.73,100,96130.27,Active,2016-11-13,2026-07-25 01:44:20.774734,,Loan Management System
LN00000950,CUST00004078,Car Loan,1210592.94,15.05,65,27346.46,Closed,2021-05-10,2026-07-25 01:44:20.774734,,Loan Management System
LN00000951,CUST00002250,Education Loan,327370.1,13.59,171,4340.15,Active,2023-01-31,2026-07-25 01:44:20.774734,,Loan Management System
LN00000952,CUST00001875,Home Loan,3387093.21,17.36,325,49464.48,Active,2017-12-12,2026-07-25 01:44:20.774734,,Loan Management System
LN00000953,CUST00004961,Education Loan,2173478.1,8.68,170,22258.53,Closed,2018-04-23,2026-07-25 01:44:20.775736,,Loan Management System
LN00000954,CUST00003167,Car Loan,2853009.36,12.92,83,52162.89,Active,2023-09-22,2026-07-25 01:44:20.775736,,Loan Management System
LN00000955,CUST00000026,Home Loan,6566930.85,10.62,294,62828.6,Closed,2014-12-08,2026-07-25 01:44:20.775736,,Loan Management System
LN00000956,CUST00000379,Personal Loan,200948.48,15.61,47,5741.77,Active,2012-11-08,2026-07-25 01:44:20.775736,,Loan Management System
LN00000957,CUST00002872,Personal Loan,279355.86,17.98,40,9335.22,Pending,2021-08-20,2026-07-25 01:44:20.776735,,Loan Management System
LN00000958,CUST00002478,Business Loan,11226586.18,17.96,120,201997.45,Active,2023-04-24,2026-07-25 01:44:20.776735,,Loan Management System
LN00000959,CUST00001217,Education Loan,1779293.48,14.85,97,31604.7,Closed,2025-09-09,2026-07-25 01:44:20.776735,,Loan Management System
LN00000960,CUST00004098,Home Loan,7774228.09,17.15,190,119144.35,Active,2022-03-26,2026-07-25 01:44:20.776735,,Loan Management System
LN00000961,CUST00002981,Personal Loan,1441745.42,6.5,14,107214.41,Written Off,2015-09-11,2026-07-25 01:44:20.777731,,Loan Management System
LN00000962,CUST00003177,Car Loan,1649306.2,17.92,50,47054.07,Active,2013-04-18,2026-07-25 01:44:20.777731,,Loan Management System
LN00000963,CUST00004787,Gold Loan,556686.46,10.12,20,30364.57,Pending,2023-06-04,2026-07-25 01:44:20.777731,,Loan Management System
LN00000964,CUST00000798,Car Loan,1797870.97,13.07,24,85533.19,Active,2024-09-14,2026-07-25 01:44:20.777731,,Loan Management System
LN00000965,CUST00004522,Personal Loan,250691.88,10.72,49,6339.81,Active,2016-09-09,2026-07-25 01:44:20.777731,,Loan Management System
LN00000966,CUST00000024,Personal Loan,485438.53,13.06,48,13037.56,Pending,2026-01-10,2026-07-25 01:44:20.778730,,Loan Management System
LN00000967,CUST00002767,Education Loan,2921964.05,15.62,80,59001.05,Active,2023-03-15,2026-07-25 01:44:20.778730,,Loan Management System
LN00000968,CUST00002621,Business Loan,14205533.95,15.92,24,695004.25,Closed,2021-10-10,2026-07-25 01:44:20.778730,,Loan Management System
LN00000969,CUST00004677,Personal Loan,1109644.57,13.13,17,71887.41,Closed,2025-04-07,2026-07-25 01:44:20.778730,,Loan Management System
LN00000970,CUST00001466,Gold Loan,852614.37,16.62,30,34926.12,Active,2013-08-15,2026-07-25 01:44:20.779729,,Loan Management System
LN00000971,CUST00004961,Business Loan,17460837.03,9.11,95,258642.71,Closed,2025-02-08,2026-07-25 01:44:20.779729,,Loan Management System
LN00000972,CUST00001184,Gold Loan,1593870.58,13.77,6,276415.5,Active,2021-03-10,2026-07-25 01:44:20.779729,,Loan Management System
LN00000973,CUST00003279,Home Loan,5629332.43,8.22,317,43564.75,Closed,2024-11-16,2026-07-25 01:44:20.779729,,Loan Management System
LN00000974,CUST00000002,Home Loan,6899534.8,17.97,288,104769.63,Closed,2012-04-05,2026-07-25 01:44:20.780734,,Loan Management System
LN00000975,CUST00004666,Car Loan,452232.27,11.47,62,9701.4,Active,2017-06-20,2026-07-25 01:44:20.780734,,Loan Management System
LN00000976,CUST00003390,Personal Loan,739989.25,15.07,47,20941.29,Active,2020-08-16,2026-07-25 01:44:20.780734,,Loan Management System
LN00000977,CUST00002146,Home Loan,5267319.6,15.4,126,84554.28,Closed,2018-11-06,2026-07-25 01:44:20.781646,,Loan Management System
LN00000978,CUST00002470,Personal Loan,337257.37,11.05,48,8724.78,Active,2022-10-25,2026-07-25 01:44:20.781646,,Loan Management System
LN00000979,CUST00004684,Car Loan,2259869.71,9.33,21,117053.93,Active,2017-11-12,2026-07-25 01:44:20.781646,,Loan Management System
LN00000980,CUST00003574,Personal Loan,1042870.06,13.12,19,61084.6,Closed,2012-09-25,2026-07-25 01:44:20.781646,,Loan Management System
LN00000981,CUST00001697,Personal Loan,555046.39,10.19,50,13670.2,Closed,2020-03-02,2026-07-25 01:44:20.782730,,Loan Management System
LN00000982,CUST00000610,Education Loan,760095.53,10.52,149,9158.0,Closed,2022-07-30,2026-07-25 01:44:20.782730,,Loan Management System
LN00000983,CUST00003647,Personal Loan,1390109.15,9.19,55,31065.5,Active,2017-05-14,2026-07-25 01:44:20.782730,,Loan Management System
LN00000984,CUST00003260,Education Loan,3425780.17,7.79,49,81846.69,Active,2011-10-11,2026-07-25 01:44:20.782730,,Loan Management System
LN00000985,CUST00000815,Car Loan,613495.82,16.07,48,17408.65,Active,2026-01-06,2026-07-25 01:44:20.783730,,Loan Management System
LN00000986,CUST00004597,Car Loan,511578.38,11.68,14,39264.79,Active,2018-09-16,2026-07-25 01:44:20.783730,,Loan Management System
LN00000987,CUST00000007,Education Loan,926313.72,12.78,102,14933.91,Active,2025-07-20,2026-07-25 01:44:20.783730,,Loan Management System
LN00000988,CUST00004746,Car Loan,2978445.96,14.49,14,232513.77,Active,2019-11-26,2026-07-25 01:44:20.783730,,Loan Management System
LN00000989,CUST00001284,Business Loan,10772582.27,9.44,19,612628.39,Active,2013-05-10,2026-07-25 01:44:20.783730,,Loan Management System
LN00000990,CUST00002967,Education Loan,2510062.63,7.11,38,73963.81,Active,2018-12-08,2026-07-25 01:44:20.784727,,Loan Management System
LN00000991,CUST00001227,Car Loan,2056348.58,17.0,58,52229.71,Defaulted,2017-09-21,2026-07-25 01:44:20.784727,,Loan Management System
LN00000992,CUST00001177,Home Loan,8740399.21,13.97,178,116611.77,Written Off,2022-05-17,2026-07-25 01:44:20.784727,,Loan Management System
LN00000993,CUST00000675,Car Loan,2187128.64,16.89,74,47762.37,Defaulted,2025-08-29,2026-07-25 01:44:20.784727,,Loan Management System
LN00000994,CUST00004747,Car Loan,721968.68,12.26,70,14488.21,Closed,2019-05-20,2026-07-25 01:44:20.785738,,Loan Management System
LN00000995,CUST00000270,Education Loan,255034.37,17.11,114,4540.32,Active,2023-08-06,2026-07-25 01:44:20.785738,,Loan Management System
LN00000996,CUST00004498,Personal Loan,277657.61,10.49,34,9475.41,Active,2014-03-01,2026-07-25 01:44:20.785738,,Loan Management System
LN00000997,CUST00001809,Personal Loan,1494191.9,17.75,29,63736.69,Closed,2018-12-21,2026-07-25 01:44:20.785738,,Loan Management System
LN00000998,CUST00001058,Car Loan,2660296.37,16.74,15,197785.03,Pending,2014-07-23,2026-07-25 01:44:20.786731,,Loan Management System
LN00000999,CUST00004671,Gold Loan,583317.18,10.43,28,23560.44,Closed,2024-01-17,2026-07-25 01:44:20.786731,,Loan Management System
LN00001000,CUST00000418,Home Loan,4130967.66,17.55,176,65502.62,Active,2020-06-09,2026-07-25 01:44:20.786731,,Loan Management System
LN00001001,CUST00004043,Car Loan,1394101.99,10.09,54,32226.31,Active,2022-08-17,2026-07-25 01:44:20.786731,,Loan Management System
LN00001002,CUST00003820,Home Loan,6698490.14,13.18,163,88486.07,Defaulted,2016-02-27,2026-07-25 01:44:20.787733,,Loan Management System
LN00001003,CUST00002841,Personal Loan,1072447.76,12.52,20,59689.66,Active,2022-01-15,2026-07-25 01:44:20.787733,,Loan Management System
LN00001004,CUST00003893,Business Loan,15515974.96,14.05,84,291198.28,Pending,2025-04-23,2026-07-25 01:44:20.787733,,Loan Management System
LN00001005,CUST00001393,Personal Loan,858143.43,17.41,19,52001.0,Active,2020-09-19,2026-07-25 01:44:20.787733,,Loan Management System
LN00001006,CUST00001071,Business Loan,3337695.2,6.84,52,74349.53,Defaulted,2024-09-27,2026-07-25 01:44:20.788734,,Loan Management System
LN00001007,CUST00003303,Personal Loan,646315.06,11.59,52,15869.15,Pending,2019-10-15,2026-07-25 01:44:20.788734,,Loan Management System
LN00001008,CUST00004322,Personal Loan,1179706.43,7.73,23,55349.74,Active,2019-06-21,2026-07-25 01:44:20.788734,,Loan Management System
LN00001009,CUST00004071,Gold Loan,1551942.6,13.46,17,100780.5,Closed,2018-12-21,2026-07-25 01:44:20.788734,,Loan Management System
LN00001010,CUST00004850,Home Loan,747802.68,7.41,304,5457.63,Active,2025-08-10,2026-07-25 01:44:20.789743,,Loan Management System
LN00001011,CUST00003451,Business Loan,9640888.22,13.97,35,336950.85,Defaulted,2023-12-31,2026-07-25 01:44:20.789743,,Loan Management System
LN00001012,CUST00001403,Personal Loan,249393.45,8.72,14,18799.9,Active,2021-08-22,2026-07-25 01:44:20.789743,,Loan Management System
LN00001013,CUST00001211,Gold Loan,2315451.83,17.43,17,154692.2,Closed,2016-02-16,2026-07-25 01:44:20.789743,,Loan Management System
LN00001014,CUST00001293,Gold Loan,1900497.06,7.26,31,67419.68,Defaulted,2017-01-16,2026-07-25 01:44:20.790752,,Loan Management System
LN00001015,CUST00003326,Personal Loan,521098.66,11.76,27,22059.68,Active,2026-01-19,2026-07-25 01:44:20.790752,,Loan Management System
LN00001016,CUST00003806,Education Loan,2470926.84,15.98,116,41946.24,Active,2015-09-27,2026-07-25 01:44:20.790752,,Loan Management System
LN00001017,CUST00002644,Gold Loan,1440537.77,12.67,5,297297.26,Active,2025-09-10,2026-07-25 01:44:20.790752,,Loan Management System
LN00001018,CUST00002828,Personal Loan,1249164.65,6.99,27,50133.22,Active,2013-01-13,2026-07-25 01:44:20.791729,,Loan Management System
LN00001019,CUST00000987,Personal Loan,1115996.62,12.91,45,31416.16,Closed,2016-04-22,2026-07-25 01:44:20.791729,,Loan Management System
LN00001020,CUST00002758,Gold Loan,494879.59,11.55,22,25067.8,Closed,2019-03-26,2026-07-25 01:44:20.791729,,Loan Management System
LN00001021,CUST00002119,Personal Loan,291405.57,9.89,15,20732.45,Closed,2015-09-17,2026-07-25 01:44:20.791729,,Loan Management System
LN00001022,CUST00002728,Business Loan,9539789.58,13.93,23,474993.62,Closed,2024-04-30,2026-07-25 01:44:20.792735,,Loan Management System
LN00001023,CUST00004602,Home Loan,7897945.85,17.29,339,114694.49,Active,2019-06-20,2026-07-25 01:44:20.792735,,Loan Management System
LN00001024,CUST00002932,Personal Loan,703784.49,8.56,49,17069.7,Defaulted,2021-04-03,2026-07-25 01:44:20.792735,,Loan Management System
LN00001025,CUST00002814,Business Loan,17709694.72,7.54,53,393904.58,Closed,2021-12-11,2026-07-25 01:44:20.792735,,Loan Management System
LN00001026,CUST00002378,Business Loan,16031481.34,14.76,27,701410.4,Active,2022-12-05,2026-07-25 01:44:20.793737,,Loan Management System
LN00001027,CUST00003928,Education Loan,2572882.43,7.48,134,28379.4,Closed,2018-01-03,2026-07-25 01:44:20.793737,,Loan Management System
LN00001028,CUST00001998,Gold Loan,1539879.52,8.34,27,62748.29,Active,2017-04-14,2026-07-25 01:44:20.793737,,Loan Management System
LN00001029,CUST00001738,Home Loan,3684334.82,16.52,136,60078.26,Active,2012-01-19,2026-07-25 01:44:20.793737,,Loan Management System
LN00001030,CUST00004679,Home Loan,7806989.57,7.09,217,63931.15,Active,2019-12-21,2026-07-25 01:44:20.794733,,Loan Management System
LN00001031,CUST00000422,Education Loan,1840407.11,13.7,66,39849.24,Defaulted,2026-01-14,2026-07-25 01:44:20.794733,,Loan Management System
LN00001032,CUST00001019,Gold Loan,33743.92,15.3,3,11536.01,Active,2017-02-02,2026-07-25 01:44:20.794733,,Loan Management System
LN00001033,CUST00000467,Business Loan,11098272.61,6.57,75,180831.0,Active,2014-08-27,2026-07-25 01:44:20.794733,,Loan Management System
LN00001034,CUST00004678,Car Loan,1531993.57,11.22,22,77367.41,Closed,2019-11-09,2026-07-25 01:44:20.795732,,Loan Management System
LN00001035,CUST00001505,Home Loan,8880594.72,9.7,345,76545.26,Closed,2015-03-04,2026-07-25 01:44:20.795732,,Loan Management System
LN00001036,CUST00003090,Home Loan,2255979.88,7.13,238,17734.28,Active,2017-08-06,2026-07-25 01:44:20.795732,,Loan Management System
LN00001037,CUST00002243,Business Loan,13506432.59,16.14,50,372810.32,Active,2025-02-18,2026-07-25 01:44:20.795732,,Loan Management System
LN00001038,CUST00003551,Home Loan,1534432.63,17.93,142,26104.45,Closed,2015-12-16,2026-07-25 01:44:20.796732,,Loan Management System
LN00001039,CUST00004300,Car Loan,2136238.13,13.34,83,39545.45,Active,2017-05-08,2026-07-25 01:44:20.796732,,Loan Management System
LN00001040,CUST00000385,Personal Loan,889501.12,17.21,17,59333.47,Closed,2016-04-26,2026-07-25 01:44:20.797652,,Loan Management System
LN00001041,CUST00003764,Personal Loan,1351418.18,15.93,60,32813.62,Active,2021-09-14,2026-07-25 01:44:20.797652,,Loan Management System
LN00001042,CUST00004283,Car Loan,1019931.6,8.05,47,25373.27,Active,2023-06-29,2026-07-25 01:44:20.797652,,Loan Management System
LN00001043,CUST00000450,Personal Loan,354275.79,8.9,15,25043.9,Active,2016-04-05,2026-07-25 01:44:20.798651,,Loan Management System
LN00001044,CUST00003071,Education Loan,2553016.54,17.85,159,41989.85,Closed,2021-01-06,2026-07-25 01:44:20.798651,,Loan Management System
LN00001045,CUST00000611,Car Loan,2406917.56,14.63,66,53297.7,Closed,2011-09-26,2026-07-25 01:44:20.799652,,Loan Management System
LN00001046,CUST00004074,Personal Loan,811817.28,17.94,34,30631.48,Pending,2020-05-08,2026-07-25 01:44:20.799652,,Loan Management System
LN00001047,CUST00003328,Car Loan,1589911.39,14.89,75,32693.44,Active,2014-10-24,2026-07-25 01:44:20.799652,,Loan Management System
LN00001048,CUST00002799,Home Loan,6289354.7,14.65,159,89829.29,Active,2013-01-06,2026-07-25 01:44:20.800652,,Loan Management System
LN00001049,CUST00000466,Home Loan,6441877.05,7.86,166,63768.71,Closed,2015-09-01,2026-07-25 01:44:20.800652,,Loan Management System
LN00001050,CUST00004537,Gold Loan,1049751.82,10.34,16,70517.88,Active,2023-10-24,2026-07-25 01:44:20.800652,,Loan Management System
LN00001051,CUST00000934,Home Loan,3175453.68,15.59,217,43922.61,Active,2018-06-23,2026-07-25 01:44:20.801652,,Loan Management System
LN00001052,CUST00003560,Car Loan,2347691.28,7.81,54,51702.01,Active,2019-11-15,2026-07-25 01:44:20.801652,,Loan Management System
LN00001053,CUST00000494,Education Loan,2502374.04,6.83,80,39027.0,Active,2021-01-02,2026-07-25 01:44:20.801652,,Loan Management System
LN00001054,CUST00000314,Business Loan,18484455.42,12.01,72,361470.79,Closed,2024-06-17,2026-07-25 01:44:20.802652,,Loan Management System
LN00001055,CUST00000365,Car Loan,1548187.46,13.71,80,29628.22,Defaulted,2015-08-26,2026-07-25 01:44:20.802652,,Loan Management System
LN00001056,CUST00001463,Personal Loan,1230541.6,17.17,15,91737.56,Closed,2023-04-24,2026-07-25 01:44:20.803653,,Loan Management System
LN00001057,CUST00003780,Personal Loan,1101198.02,10.13,46,28986.77,Active,2019-08-30,2026-07-25 01:44:20.803653,,Loan Management System
LN00001058,CUST00003847,Car Loan,1128814.02,17.04,57,29020.79,Active,2022-07-20,2026-07-25 01:44:20.803653,,Loan Management System
LN00001059,CUST00000521,Home Loan,8487021.96,10.4,252,82985.93,Closed,2023-09-03,2026-07-25 01:44:20.803653,,Loan Management System
LN00001060,CUST00001695,Business Loan,11634142.0,10.98,88,193071.77,Active,2019-11-29,2026-07-25 01:44:20.804649,,Loan Management System
LN00001061,CUST00000339,Education Loan,1302297.54,16.36,44,39552.67,Active,2019-03-09,2026-07-25 01:44:20.804649,,Loan Management System
LN00001062,CUST00001626,Home Loan,8831962.96,10.77,214,93011.38,Active,2025-01-19,2026-07-25 01:44:20.804649,,Loan Management System
LN00001063,CUST00002086,Personal Loan,212735.34,15.53,24,10368.47,Pending,2011-11-09,2026-07-25 01:44:20.804649,,Loan Management System
LN00001064,CUST00003283,Personal Loan,86155.42,12.05,44,2432.06,Active,2013-02-22,2026-07-25 01:44:20.805649,,Loan Management System
LN00001065,CUST00003761,Personal Loan,751034.32,16.55,31,29938.03,Closed,2016-07-26,2026-07-25 01:44:20.805649,,Loan Management System
LN00001066,CUST00001857,Home Loan,8782090.36,15.95,324,118370.24,Closed,2015-05-01,2026-07-25 01:44:20.805649,,Loan Management System
LN00001067,CUST00000557,Home Loan,7383421.01,11.78,327,75578.65,Active,2018-06-10,2026-07-25 01:44:20.805649,,Loan Management System
LN00001068,CUST00000815,Personal Loan,113843.45,16.25,17,7542.08,Active,2023-05-01,2026-07-25 01:44:20.806649,,Loan Management System
LN00001069,CUST00000218,Business Loan,2510505.17,15.31,107,43141.29,Active,2015-09-13,2026-07-25 01:44:20.806649,,Loan Management System
LN00001070,CUST00002823,Car Loan,1074000.12,16.76,53,28816.17,Active,2016-10-08,2026-07-25 01:44:20.806649,,Loan Management System
LN00001071,CUST00002258,Personal Loan,821799.92,15.39,54,21185.37,Active,2022-11-09,2026-07-25 01:44:20.806649,,Loan Management System
LN00001072,CUST00000679,Home Loan,3099550.42,6.68,346,20215.79,Active,2021-06-15,2026-07-25 01:44:20.807650,,Loan Management System
LN00001073,CUST00000462,Home Loan,3828022.31,10.16,132,48273.59,Pending,2017-11-03,2026-07-25 01:44:20.807650,,Loan Management System
LN00001074,CUST00004721,Business Loan,11694617.38,8.47,51,273848.98,Closed,2019-08-12,2026-07-25 01:44:20.807650,,Loan Management System
LN00001075,CUST00002654,Personal Loan,693289.08,8.0,42,18980.16,Pending,2020-12-23,2026-07-25 01:44:20.807650,,Loan Management System
LN00001076,CUST00004817,Home Loan,4144196.57,7.49,260,32266.28,Active,2020-08-05,2026-07-25 01:44:20.808650,,Loan Management System
LN00001077,CUST00000665,Car Loan,1859717.43,16.12,69,41514.43,Closed,2017-05-30,2026-07-25 01:44:20.808650,,Loan Management System
LN00001078,CUST00001084,Personal Loan,1235290.87,14.7,54,31404.93,Closed,2018-10-19,2026-07-25 01:44:20.808650,,Loan Management System
LN00001079,CUST00001923,Home Loan,9266447.92,15.29,350,119491.67,Active,2024-04-02,2026-07-25 01:44:20.808650,,Loan Management System
LN00001080,CUST00001935,Business Loan,18433936.32,11.89,70,366391.71,Active,2020-12-03,2026-07-25 01:44:20.809649,,Loan Management System
LN00001081,CUST00004342,Car Loan,2346181.79,11.91,40,71352.66,Active,2017-03-10,2026-07-25 01:44:20.809649,,Loan Management System
LN00001082,CUST00001454,Business Loan,5532028.93,10.68,35,184648.19,Closed,2017-07-19,2026-07-25 01:44:20.809649,,Loan Management System
LN00001083,CUST00000710,Car Loan,2408580.38,16.65,70,54001.49,Active,2023-07-09,2026-07-25 01:44:20.809649,,Loan Management System
LN00001084,CUST00003253,Home Loan,1572427.04,12.0,147,20463.93,Active,2019-04-13,2026-07-25 01:44:20.810649,,Loan Management System
LN00001085,CUST00002769,Personal Loan,883283.47,12.34,37,28822.46,Closed,2016-03-03,2026-07-25 01:44:20.810649,,Loan Management System
LN00001086,CUST00000906,Education Loan,1370891.94,13.97,113,21873.81,Active,2016-10-11,2026-07-25 01:44:20.810649,,Loan Management System
LN00001087,CUST00000495,Personal Loan,649490.76,13.64,47,17913.9,Active,2015-11-03,2026-07-25 01:44:20.810649,,Loan Management System
LN00001088,CUST00001968,Personal Loan,145786.91,8.89,56,3190.08,Closed,2015-06-26,2026-07-25 01:44:20.811650,,Loan Management System
LN00001089,CUST00002045,Education Loan,1797879.46,15.55,175,26032.75,Closed,2013-08-12,2026-07-25 01:44:20.811650,,Loan Management System
LN00001090,CUST00002187,Home Loan,6861249.36,15.0,353,86847.83,Closed,2023-10-31,2026-07-25 01:44:20.811650,,Loan Management System
LN00001091,CUST00003347,Home Loan,6162717.19,10.24,109,87075.87,Closed,2014-11-02,2026-07-25 01:44:20.812650,,Loan Management System
LN00001092,CUST00003173,Home Loan,9580892.74,7.3,115,116067.56,Closed,2016-12-05,2026-07-25 01:44:20.812650,,Loan Management System
LN00001093,CUST00004389,Car Loan,2495624.04,10.27,19,142877.15,Active,2013-08-05,2026-07-25 01:44:20.812650,,Loan Management System
LN00001094,CUST00003254,Business Loan,17801599.96,16.89,93,344443.55,Closed,2024-03-14,2026-07-25 01:44:20.813650,,Loan Management System
LN00001095,CUST00001922,Education Loan,2677437.44,11.71,110,39805.3,Active,2020-09-04,2026-07-25 01:44:20.813650,,Loan Management System
LN00001096,CUST00004257,Car Loan,747866.54,14.34,52,19393.46,Active,2024-07-12,2026-07-25 01:44:20.813650,,Loan Management System
LN00001097,CUST00003293,Education Loan,2750279.82,17.06,147,44713.07,Closed,2023-04-21,2026-07-25 01:44:20.813650,,Loan Management System
LN00001098,CUST00000706,Business Loan,19810640.5,13.2,90,347882.81,Written Off,2014-09-17,2026-07-25 01:44:20.813650,,Loan Management System
LN00001099,CUST00001357,Personal Loan,234955.76,9.88,35,7754.05,Pending,2014-10-27,2026-07-25 01:44:20.814650,,Loan Management System
LN00001100,CUST00001306,Gold Loan,27087.2,12.94,25,1241.88,Active,2015-03-30,2026-07-25 01:44:20.814650,,Loan Management System
LN00001101,CUST00002167,Personal Loan,95217.88,11.46,49,2442.32,Active,2024-02-16,2026-07-25 01:44:20.814650,,Loan Management System
LN00001102,CUST00001945,Personal Loan,605044.94,10.89,46,16147.74,Active,2019-10-19,2026-07-25 01:44:20.815650,,Loan Management System
LN00001103,CUST00004532,Home Loan,1821154.22,12.89,244,21119.96,Closed,2016-04-07,2026-07-25 01:44:20.815650,,Loan Management System
LN00001104,CUST00004937,Home Loan,9975832.41,14.21,128,151762.89,Active,2023-11-21,2026-07-25 01:44:20.815650,,Loan Management System
LN00001105,CUST00001515,Car Loan,603188.48,16.68,67,13894.58,Written Off,2021-08-04,2026-07-25 01:44:20.815650,,Loan Management System
LN00001106,CUST00000737,Home Loan,1803592.55,15.77,293,24230.66,Defaulted,2024-06-29,2026-07-25 01:44:20.816650,,Loan Management System
LN00001107,CUST00004234,Car Loan,2804870.83,13.67,70,58362.92,Active,2020-06-26,2026-07-25 01:44:20.816650,,Loan Management System
LN00001108,CUST00004032,Car Loan,1460128.15,10.59,35,48674.27,Active,2021-09-18,2026-07-25 01:44:20.816650,,Loan Management System
LN00001109,CUST00002143,Home Loan,5232491.15,14.91,316,66354.01,Active,2016-05-17,2026-07-25 01:44:20.816650,,Loan Management System
LN00001110,CUST00002166,Gold Loan,1451472.07,6.88,5,295306.51,Closed,2013-04-09,2026-07-25 01:44:20.817651,,Loan Management System
LN00001111,CUST00004052,Education Loan,541341.04,12.04,56,12682.68,Active,2025-09-22,2026-07-25 01:44:20.817651,,Loan Management System
LN00001112,CUST00004624,Education Loan,3935958.48,17.81,107,73638.82,Active,2014-11-12,2026-07-25 01:44:20.817651,,Loan Management System
LN00001113,CUST00004065,Home Loan,8954197.04,7.52,301,66212.49,Closed,2016-08-07,2026-07-25 01:44:20.817651,,Loan Management System
LN00001114,CUST00003438,Car Loan,2072407.99,14.37,81,40110.56,Closed,2015-06-07,2026-07-25 01:44:20.818651,,Loan Management System
LN00001115,CUST00001417,Personal Loan,126522.69,10.45,12,11149.85,Active,2017-09-13,2026-07-25 01:44:20.818651,,Loan Management System
LN00001116,CUST00002565,Car Loan,1513850.7,14.94,65,34108.18,Active,2014-08-13,2026-07-25 01:44:20.818651,,Loan Management System
LN00001117,CUST00001334,Gold Loan,754179.42,8.43,22,37118.18,Closed,2016-09-14,2026-07-25 01:44:20.818651,,Loan Management System
LN00001118,CUST00004698,Car Loan,371969.74,11.94,33,13278.94,Closed,2011-10-20,2026-07-25 01:44:20.818651,,Loan Management System
LN00001119,CUST00004953,Car Loan,1016908.98,14.98,15,74760.16,Active,2023-08-10,2026-07-25 01:44:20.819651,,Loan Management System
LN00001120,CUST00000712,Home Loan,5303163.04,16.29,202,77047.13,Active,2020-08-24,2026-07-25 01:44:20.819651,,Loan Management System
LN00001121,CUST00004551,Car Loan,970607.92,9.45,26,41429.46,Closed,2013-09-18,2026-07-25 01:44:20.819651,,Loan Management System
LN00001122,CUST00004389,Business Loan,14909861.05,14.08,59,351615.53,Closed,2016-03-24,2026-07-25 01:44:20.819651,,Loan Management System
LN00001123,CUST00002720,Personal Loan,1066123.57,12.08,45,29578.6,Defaulted,2012-05-02,2026-07-25 01:44:20.820651,,Loan Management System
LN00001124,CUST00003345,Personal Loan,172382.13,8.17,21,8837.33,Closed,2012-06-27,2026-07-25 01:44:20.820651,,Loan Management System
LN00001125,CUST00000667,Education Loan,1710496.72,10.91,148,21071.61,Closed,2020-12-22,2026-07-25 01:44:20.820651,,Loan Management System
LN00001126,CUST00001457,Home Loan,5988695.24,16.18,87,117341.19,Closed,2016-07-13,2026-07-25 01:44:20.820651,,Loan Management System
LN00001127,CUST00000587,Education Loan,552378.02,8.43,138,6264.65,Active,2023-06-05,2026-07-25 01:44:20.821651,,Loan Management System
LN00001128,CUST00004648,Personal Loan,1424965.07,17.11,26,65976.8,Active,2013-09-16,2026-07-25 01:44:20.821651,,Loan Management System
LN00001129,CUST00000289,Education Loan,1950899.36,8.17,147,21043.88,Active,2022-05-31,2026-07-25 01:44:20.821651,,Loan Management System
LN00001130,CUST00003684,Gold Loan,1135831.04,14.3,36,38985.72,Closed,2026-05-03,2026-07-25 01:44:20.821651,,Loan Management System
LN00001131,CUST00004666,Home Loan,9218265.34,13.83,281,110661.99,Closed,2024-05-14,2026-07-25 01:44:20.822651,,Loan Management System
LN00001132,CUST00000274,Car Loan,963253.67,9.61,24,44276.08,Active,2019-11-30,2026-07-25 01:44:20.822651,,Loan Management System
LN00001133,CUST00001028,Car Loan,1491104.06,14.27,42,45309.67,Closed,2013-04-22,2026-07-25 01:44:20.822651,,Loan Management System
LN00001134,CUST00001655,Car Loan,745791.92,10.38,35,24787.73,Active,2026-05-29,2026-07-25 01:44:20.823652,,Loan Management System
LN00001135,CUST00004110,Home Loan,580523.58,7.28,270,4376.77,Active,2011-10-09,2026-07-25 01:44:20.823652,,Loan Management System
LN00001136,CUST00003086,Home Loan,4736450.93,9.02,205,45377.7,Active,2021-04-30,2026-07-25 01:44:20.823652,,Loan Management System
LN00001137,CUST00003747,Home Loan,6384273.62,7.15,171,59632.03,Written Off,2016-05-25,2026-07-25 01:44:20.823652,,Loan Management System
LN00001138,CUST00003759,Car Loan,2182610.3,7.88,28,85591.03,Active,2019-07-19,2026-07-25 01:44:20.824651,,Loan Management System
LN00001139,CUST00003125,Education Loan,2626832.77,15.74,83,52130.02,Defaulted,2019-09-15,2026-07-25 01:44:20.824651,,Loan Management System
LN00001140,CUST00002955,Car Loan,909340.07,11.87,21,48168.0,Closed,2019-01-20,2026-07-25 01:44:20.824651,,Loan Management System
LN00001141,CUST00003086,Gold Loan,709049.32,11.41,23,34467.69,Active,2017-05-11,2026-07-25 01:44:20.824651,,Loan Management System
LN00001142,CUST00001727,Education Loan,1181421.18,7.22,135,12806.21,Active,2014-09-12,2026-07-25 01:44:20.825651,,Loan Management System
LN00001143,CUST00002963,Home Loan,9578254.14,9.54,285,85050.73,Active,2012-06-08,2026-07-25 01:44:20.825651,,Loan Management System
LN00001144,CUST00001465,Gold Loan,521656.06,11.02,34,17932.32,Active,2015-11-09,2026-07-25 01:44:20.825651,,Loan Management System
LN00001145,CUST00004902,Car Loan,1407510.01,13.56,25,64942.17,Pending,2026-03-22,2026-07-25 01:44:20.825651,,Loan Management System
LN00001146,CUST00001541,Education Loan,502819.75,7.34,100,6736.68,Closed,2019-09-09,2026-07-25 01:44:20.825651,,Loan Management System
LN00001147,CUST00002715,Home Loan,5228163.09,14.01,60,121677.32,Pending,2013-07-02,2026-07-25 01:44:20.826651,,Loan Management System
LN00001148,CUST00003432,Car Loan,946022.15,14.55,62,21793.7,Closed,2025-07-19,2026-07-25 01:44:20.826651,,Loan Management System
LN00001149,CUST00000897,Car Loan,2831751.01,12.14,67,58400.28,Active,2012-09-03,2026-07-25 01:44:20.826651,,Loan Management System
LN00001150,CUST00004289,Education Loan,3267875.05,7.31,93,46130.78,Active,2018-05-18,2026-07-25 01:44:20.827651,,Loan Management System
LN00001151,CUST00003502,Gold Loan,2049492.23,12.04,25,93099.13,Active,2019-12-05,2026-07-25 01:44:20.827651,,Loan Management System
LN00001152,CUST00001205,Personal Loan,130032.28,17.97,53,3571.91,Active,2012-10-27,2026-07-25 01:44:20.827651,,Loan Management System
LN00001153,CUST00002188,Car Loan,2890591.46,7.43,70,51013.1,Closed,2021-05-18,2026-07-25 01:44:20.827651,,Loan Management System
LN00001154,CUST00003539,Personal Loan,344524.68,12.88,36,11588.49,Closed,2022-04-09,2026-07-25 01:44:20.828651,,Loan Management System
LN00001155,CUST00004020,Personal Loan,615651.85,7.73,56,13130.65,Active,2023-03-29,2026-07-25 01:44:20.828651,,Loan Management System
LN00001156,CUST00000726,Home Loan,6511517.06,14.96,131,101129.64,Active,2012-06-22,2026-07-25 01:44:20.828651,,Loan Management System
LN00001157,CUST00000754,Home Loan,9965643.82,9.24,259,88932.83,Active,2014-02-21,2026-07-25 01:44:20.828651,,Loan Management System
LN00001158,CUST00003419,Car Loan,1061646.46,12.64,69,21726.37,Written Off,2014-02-06,2026-07-25 01:44:20.829651,,Loan Management System
LN00001159,CUST00001438,Home Loan,3723208.51,10.38,81,64124.24,Active,2025-05-12,2026-07-25 01:44:20.829651,,Loan Management System
LN00001160,CUST00004585,Home Loan,6711574.38,12.52,334,72280.73,Active,2021-02-19,2026-07-25 01:44:20.829651,,Loan Management System
LN00001161,CUST00004406,Car Loan,2789484.27,6.92,30,101524.79,Active,2016-09-23,2026-07-25 01:44:20.829651,,Loan Management System
LN00001162,CUST00004985,Home Loan,9118199.34,13.61,184,118262.38,Closed,2013-01-04,2026-07-25 01:44:20.830651,,Loan Management System
LN00001163,CUST00000271,Home Loan,2136365.59,7.07,217,17469.56,Closed,2015-10-14,2026-07-25 01:44:20.830651,,Loan Management System
LN00001164,CUST00004636,Home Loan,6306645.95,16.11,92,119789.66,Closed,2013-07-30,2026-07-25 01:44:20.830651,,Loan Management System
LN00001165,CUST00003267,Home Loan,5222863.22,15.69,172,76476.89,Active,2021-01-20,2026-07-25 01:44:20.830651,,Loan Management System
LN00001166,CUST00003523,Home Loan,3704759.55,16.11,265,51231.81,Active,2024-07-26,2026-07-25 01:44:20.830651,,Loan Management System
LN00001167,CUST00003609,Gold Loan,1450518.35,8.08,16,95933.05,Closed,2018-08-23,2026-07-25 01:44:20.831651,,Loan Management System
LN00001168,CUST00004815,Car Loan,1139410.44,7.89,30,41973.55,Closed,2021-11-16,2026-07-25 01:44:20.831651,,Loan Management System
LN00001169,CUST00000624,Home Loan,4014309.76,8.4,184,38869.42,Pending,2021-09-14,2026-07-25 01:44:20.831651,,Loan Management System
LN00001170,CUST00004963,Home Loan,1449694.58,16.24,252,20305.36,Closed,2025-01-05,2026-07-25 01:44:20.831651,,Loan Management System
LN00001171,CUST00000371,Home Loan,5126191.01,6.57,151,49980.87,Pending,2022-01-30,2026-07-25 01:44:20.832651,,Loan Management System
LN00001172,CUST00002789,Education Loan,2415549.04,9.76,157,27299.48,Closed,2015-05-27,2026-07-25 01:44:20.832651,,Loan Management System
LN00001173,CUST00001125,Home Loan,6578344.19,12.52,270,73066.56,Active,2024-10-03,2026-07-25 01:44:20.832651,,Loan Management System
LN00001174,CUST00002137,Home Loan,7070898.91,13.36,315,81205.41,Closed,2020-06-14,2026-07-25 01:44:20.832651,,Loan Management System
LN00001175,CUST00000510,Home Loan,8351594.18,9.96,274,77351.09,Active,2018-01-12,2026-07-25 01:44:20.833652,,Loan Management System
LN00001176,CUST00002970,Home Loan,1616324.32,12.6,108,25092.69,Closed,2019-03-24,2026-07-25 01:44:20.833652,,Loan Management System
LN00001177,CUST00001157,Business Loan,19742251.39,12.34,71,393177.52,Closed,2019-02-03,2026-07-25 01:44:20.833652,,Loan Management System
LN00001178,CUST00002611,Car Loan,973994.43,8.73,31,35208.8,Closed,2016-08-14,2026-07-25 01:44:20.833652,,Loan Management System
LN00001179,CUST00001864,Gold Loan,1199171.78,8.53,5,244972.97,Active,2026-03-12,2026-07-25 01:44:20.834652,,Loan Management System
LN00001180,CUST00001644,Personal Loan,353905.14,9.39,51,8442.58,Closed,2021-07-28,2026-07-25 01:44:20.834652,,Loan Management System
LN00001181,CUST00003119,Education Loan,268938.18,15.01,173,3807.22,Active,2018-11-09,2026-07-25 01:44:20.834652,,Loan Management System
LN00001182,CUST00001541,Education Loan,1991739.44,7.83,96,27984.79,Closed,2016-10-03,2026-07-25 01:44:20.834652,,Loan Management System
LN00001183,CUST00004435,Car Loan,1112722.48,8.79,53,25408.99,Active,2021-03-27,2026-07-25 01:44:20.835652,,Loan Management System
LN00001184,CUST00003069,Home Loan,2663929.61,9.23,271,23427.18,Defaulted,2022-02-15,2026-07-25 01:44:20.835652,,Loan Management System
LN00001185,CUST00002004,Personal Loan,369961.0,11.92,43,10613.65,Active,2012-08-02,2026-07-25 01:44:20.835652,,Loan Management System
LN00001186,CUST00002012,Personal Loan,363439.49,13.51,23,18024.07,Active,2021-12-07,2026-07-25 01:44:20.835652,,Loan Management System
LN00001187,CUST00004425,Home Loan,7338301.55,13.77,198,94027.54,Active,2024-02-25,2026-07-25 01:44:20.836652,,Loan Management System
LN00001188,CUST00000262,Home Loan,7076000.03,7.19,129,78911.49,Active,2013-04-01,2026-07-25 01:44:20.836652,,Loan Management System
LN00001189,CUST00004895,Personal Loan,656424.55,15.24,26,29802.92,Defaulted,2024-07-15,2026-07-25 01:44:20.836652,,Loan Management System
LN00001190,CUST00002948,Car Loan,2410731.5,13.84,33,88249.53,Closed,2015-02-05,2026-07-25 01:44:20.836652,,Loan Management System
LN00001191,CUST00003900,Car Loan,843166.42,11.23,78,15279.24,Active,2022-03-15,2026-07-25 01:44:20.837652,,Loan Management System
LN00001192,CUST00000217,Gold Loan,1489162.66,16.13,20,85410.77,Active,2015-02-25,2026-07-25 01:44:20.837652,,Loan Management System
LN00001193,CUST00004649,Personal Loan,1315267.78,9.35,39,39238.21,Closed,2016-01-24,2026-07-25 01:44:20.837652,,Loan Management System
LN00001194,CUST00001076,Business Loan,12039546.82,8.21,85,187267.13,Defaulted,2022-10-18,2026-07-25 01:44:20.838652,,Loan Management System
LN00001195,CUST00002327,Personal Loan,114125.08,17.9,58,2953.85,Closed,2012-12-10,2026-07-25 01:44:20.838963,,Loan Management System
LN00001196,CUST00004154,Home Loan,5545656.4,12.01,110,83386.47,Active,2014-03-26,2026-07-25 01:44:20.838963,,Loan Management System
LN00001197,CUST00004968,Home Loan,5805626.18,6.64,268,41606.65,Pending,2015-08-23,2026-07-25 01:44:20.838963,,Loan Management System
LN00001198,CUST00001734,Home Loan,3310009.07,13.95,106,54480.7,Active,2014-07-09,2026-07-25 01:44:20.838963,,Loan Management System
LN00001199,CUST00004397,Car Loan,653047.93,11.78,15,47033.5,Written Off,2020-12-13,2026-07-25 01:44:20.840000,,Loan Management System
LN00001200,CUST00000891,Personal Loan,251004.68,14.59,23,12575.95,Closed,2012-11-02,2026-07-25 01:44:20.840000,,Loan Management System
LN00001201,CUST00002107,Personal Loan,723228.89,13.78,52,18549.01,Active,2014-03-23,2026-07-25 01:44:20.840000,,Loan Management System
LN00001202,CUST00002348,Business Loan,6991669.7,6.88,66,127538.01,Closed,2011-08-10,2026-07-25 01:44:20.840000,,Loan Management System
LN00001203,CUST00001274,Car Loan,1915003.47,13.12,38,61857.43,Closed,2018-07-06,2026-07-25 01:44:20.841001,,Loan Management System
LN00001204,CUST00004273,Home Loan,8868048.86,14.96,88,166528.81,Active,2019-03-24,2026-07-25 01:44:20.841001,,Loan Management System
LN00001205,CUST00001357,Business Loan,7597815.18,7.09,61,148708.54,Active,2023-04-16,2026-07-25 01:44:20.841001,,Loan Management System
LN00001206,CUST00000555,Car Loan,1223599.2,8.52,83,19560.91,Closed,2021-08-30,2026-07-25 01:44:20.841001,,Loan Management System
LN00001207,CUST00002354,Car Loan,2366011.42,8.09,54,52419.21,Active,2019-07-22,2026-07-25 01:44:20.842001,,Loan Management System
LN00001208,CUST00001451,Home Loan,5045687.92,17.3,357,73183.74,Defaulted,2016-07-07,2026-07-25 01:44:20.842001,,Loan Management System
LN00001209,CUST00004642,Education Loan,3037376.64,15.25,118,49828.45,Active,2012-02-12,2026-07-25 01:44:20.842001,,Loan Management System
LN00001210,CUST00004421,Personal Loan,1036328.77,9.69,16,69305.6,Active,2015-07-02,2026-07-25 01:44:20.842001,,Loan Management System
LN00001211,CUST00000690,Personal Loan,777102.64,16.04,42,24299.71,Closed,2016-06-18,2026-07-25 01:44:20.843001,,Loan Management System
LN00001212,CUST00002707,Car Loan,1691995.3,9.86,59,36304.01,Closed,2023-08-03,2026-07-25 01:44:20.843001,,Loan Management System
LN00001213,CUST00003110,Gold Loan,2026769.79,17.32,7,306494.07,Active,2016-05-15,2026-07-25 01:44:20.843001,,Loan Management System
LN00001214,CUST00002747,Business Loan,2202520.63,10.99,34,75682.12,Active,2023-07-10,2026-07-25 01:44:20.843001,,Loan Management System
LN00001215,CUST00003009,Gold Loan,295678.18,9.67,12,25949.45,Active,2026-03-09,2026-07-25 01:44:20.844000,,Loan Management System
LN00001216,CUST00002194,Business Loan,10653408.97,13.71,49,285130.88,Active,2019-04-15,2026-07-25 01:44:20.844000,,Loan Management System
LN00001217,CUST00003765,Car Loan,2808820.12,11.95,65,58904.06,Active,2012-10-09,2026-07-25 01:44:20.844000,,Loan Management System
LN00001218,CUST00001502,Car Loan,1016247.03,7.22,41,28043.41,Closed,2023-04-04,2026-07-25 01:44:20.845001,,Loan Management System
LN00001219,CUST00001867,Car Loan,1140456.63,13.16,53,28488.49,Active,2015-07-14,2026-07-25 01:44:20.845001,,Loan Management System
LN00001220,CUST00002161,Car Loan,1684465.44,12.81,70,34286.52,Active,2016-01-23,2026-07-25 01:44:20.845001,,Loan Management System
LN00001221,CUST00001109,Home Loan,7998808.49,8.47,193,76018.62,Active,2024-12-18,2026-07-25 01:44:20.845001,,Loan Management System
LN00001222,CUST00004650,Personal Loan,467812.12,16.22,21,25736.99,Active,2025-01-08,2026-07-25 01:44:20.845001,,Loan Management System
LN00001223,CUST00003273,Personal Loan,291226.46,17.13,57,7501.14,Active,2022-03-12,2026-07-25 01:44:20.846001,,Loan Management System
LN00001224,CUST00001849,Home Loan,2165913.78,14.64,138,32526.26,Active,2021-08-05,2026-07-25 01:44:20.846001,,Loan Management System
LN00001225,CUST00002343,Home Loan,9940843.86,13.11,285,113744.55,Active,2022-10-23,2026-07-25 01:44:20.846001,,Loan Management System
LN00001226,CUST00003901,Home Loan,5843628.8,6.9,222,46670.08,Written Off,2025-03-28,2026-07-25 01:44:20.846001,,Loan Management System
LN00001227,CUST00001581,Home Loan,4760076.42,17.72,333,70827.82,Active,2014-12-05,2026-07-25 01:44:20.847001,,Loan Management System
LN00001228,CUST00002794,Gold Loan,1026291.77,12.24,12,91300.05,Pending,2018-10-17,2026-07-25 01:44:20.847001,,Loan Management System
LN00001229,CUST00001651,Gold Loan,411231.84,17.66,35,15118.47,Active,2013-07-07,2026-07-25 01:44:20.847001,,Loan Management System
LN00001230,CUST00002849,Education Loan,1948251.63,9.83,73,35564.67,Closed,2020-10-28,2026-07-25 01:44:20.847001,,Loan Management System
LN00001231,CUST00002043,Education Loan,3696939.2,10.39,64,75483.4,Closed,2015-05-21,2026-07-25 01:44:20.848001,,Loan Management System
LN00001232,CUST00000498,Business Loan,3218754.22,12.84,51,82220.49,Active,2022-07-31,2026-07-25 01:44:20.848001,,Loan Management System
LN00001233,CUST00004072,Car Loan,817021.43,10.61,53,19375.31,Active,2014-02-04,2026-07-25 01:44:20.848001,,Loan Management System
LN00001234,CUST00004247,Car Loan,1833608.04,9.05,47,46480.19,Active,2016-01-30,2026-07-25 01:44:20.848001,,Loan Management System
LN00001235,CUST00003854,Home Loan,8569788.19,14.29,104,144132.23,Written Off,2025-08-16,2026-07-25 01:44:20.849002,,Loan Management System
LN00001236,CUST00001841,Personal Loan,761174.77,13.44,44,22005.47,Pending,2013-12-24,2026-07-25 01:44:20.849002,,Loan Management System
LN00001237,CUST00000267,Business Loan,7540764.95,8.2,66,142331.78,Active,2012-10-10,2026-07-25 01:44:20.849002,,Loan Management System
LN00001238,CUST00004722,Personal Loan,462743.03,10.54,40,13769.76,Defaulted,2012-07-29,2026-07-25 01:44:20.850001,,Loan Management System
LN00001239,CUST00003582,Home Loan,7414606.89,11.61,272,77375.38,Closed,2014-05-21,2026-07-25 01:44:20.850001,,Loan Management System
LN00001240,CUST00001370,Personal Loan,1218225.54,17.66,39,41276.62,Closed,2025-01-17,2026-07-25 01:44:20.850001,,Loan Management System
LN00001241,CUST00004076,Personal Loan,1261491.72,13.38,21,67710.82,Active,2016-10-17,2026-07-25 01:44:20.850001,,Loan Management System
LN00001242,CUST00003541,Personal Loan,1307912.44,17.85,16,92461.27,Pending,2021-09-07,2026-07-25 01:44:20.851001,,Loan Management System
LN00001243,CUST00004331,Car Loan,1252162.75,6.58,46,30872.28,Active,2024-04-20,2026-07-25 01:44:20.851001,,Loan Management System
LN00001244,CUST00002712,Car Loan,2188691.62,15.19,29,90641.74,Active,2025-08-01,2026-07-25 01:44:20.851001,,Loan Management System
LN00001245,CUST00001311,Business Loan,6144531.75,12.14,117,89827.85,Closed,2021-03-30,2026-07-25 01:44:20.851001,,Loan Management System
LN00001246,CUST00002790,Business Loan,6426330.4,12.93,71,129969.33,Active,2016-06-21,2026-07-25 01:44:20.852001,,Loan Management System
LN00001247,CUST00000074,Education Loan,700693.48,9.95,156,8022.26,Active,2019-01-12,2026-07-25 01:44:20.852001,,Loan Management System
LN00001248,CUST00002846,Car Loan,1005529.29,8.56,43,27236.5,Active,2013-09-04,2026-07-25 01:44:20.852001,,Loan Management System
LN00001249,CUST00002271,Education Loan,2022895.88,17.66,128,35194.56,Closed,2019-07-15,2026-07-25 01:44:20.852001,,Loan Management System
LN00001250,CUST00003448,Car Loan,2631368.57,13.72,72,53827.56,Written Off,2023-04-12,2026-07-25 01:44:20.852001,,Loan Management System
LN00001251,CUST00004992,Business Loan,7777443.21,14.93,14,608757.78,Closed,2016-09-25,2026-07-25 01:44:20.853001,,Loan Management System
LN00001252,CUST00000344,Home Loan,1055848.74,10.18,129,13495.85,Active,2023-06-19,2026-07-25 01:44:20.853001,,Loan Management System
LN00001253,CUST00002672,Home Loan,3931052.76,13.82,242,48295.57,Active,2018-05-30,2026-07-25 01:44:20.853001,,Loan Management System
LN00001254,CUST00004160,Personal Loan,976472.46,7.38,24,43887.6,Closed,2016-03-11,2026-07-25 01:44:20.853001,,Loan Management System
LN00001255,CUST00002057,Home Loan,1397832.2,15.16,338,17916.56,Active,2020-01-28,2026-07-25 01:44:20.854001,,Loan Management System
LN00001256,CUST00004463,Personal Loan,1275242.58,15.7,29,53126.0,Closed,2020-09-30,2026-07-25 01:44:20.854001,,Loan Management System
LN00001257,CUST00001147,Car Loan,468333.55,13.17,30,18406.62,Active,2019-12-18,2026-07-25 01:44:20.854001,,Loan Management System
LN00001258,CUST00004378,Car Loan,1244439.75,12.08,55,29575.77,Pending,2019-01-04,2026-07-25 01:44:20.854001,,Loan Management System
LN00001259,CUST00000257,Home Loan,2569824.01,12.29,156,33064.94,Closed,2012-12-05,2026-07-25 01:44:20.855001,,Loan Management System
LN00001260,CUST00001050,Car Loan,2131027.92,17.45,80,45243.69,Closed,2021-09-26,2026-07-25 01:44:20.855001,,Loan Management System
LN00001261,CUST00004048,Education Loan,3230063.1,11.3,55,75513.59,Active,2012-03-28,2026-07-25 01:44:20.855001,,Loan Management System
LN00001262,CUST00001841,Home Loan,665104.29,10.5,245,6600.6,Active,2018-11-29,2026-07-25 01:44:20.855001,,Loan Management System
LN00001263,CUST00001990,Personal Loan,1481993.51,12.52,33,53314.31,Active,2024-01-22,2026-07-25 01:44:20.856001,,Loan Management System
LN00001264,CUST00003061,Personal Loan,1129467.31,7.86,20,60437.6,Defaulted,2017-01-16,2026-07-25 01:44:20.856001,,Loan Management System
LN00001265,CUST00001341,Home Loan,2652457.09,7.94,126,31097.57,Written Off,2021-10-31,2026-07-25 01:44:20.856001,,Loan Management System
LN00001266,CUST00000787,Personal Loan,1156384.35,7.78,13,93041.78,Closed,2015-10-27,2026-07-25 01:44:20.856001,,Loan Management System
LN00001267,CUST00004830,Education Loan,265816.07,7.74,167,2604.63,Closed,2012-01-01,2026-07-25 01:44:20.857002,,Loan Management System
LN00001268,CUST00002328,Personal Loan,1367367.48,7.0,31,48345.09,Closed,2013-02-11,2026-07-25 01:44:20.857002,,Loan Management System
LN00001269,CUST00004963,Education Loan,3151246.18,17.08,88,63023.26,Closed,2015-06-16,2026-07-25 01:44:20.857002,,Loan Management System
LN00001270,CUST00002195,Home Loan,6870706.15,6.84,134,73463.38,Closed,2023-01-12,2026-07-25 01:44:20.857002,,Loan Management System
LN00001271,CUST00001713,Gold Loan,2373259.22,10.5,13,193934.89,Defaulted,2025-10-13,2026-07-25 01:44:20.858002,,Loan Management System
LN00001272,CUST00004051,Education Loan,2490530.07,12.31,53,61152.17,Active,2026-03-15,2026-07-25 01:44:20.858002,,Loan Management System
LN00001273,CUST00002078,Car Loan,239156.07,9.0,36,7605.1,Written Off,2021-05-07,2026-07-25 01:44:20.858002,,Loan Management System
LN00001274,CUST00004711,Home Loan,7663169.78,6.55,110,92844.0,Pending,2021-07-20,2026-07-25 01:44:20.858999,,Loan Management System
LN00001275,CUST00000104,Gold Loan,2131959.61,11.96,14,163910.49,Active,2011-11-30,2026-07-25 01:44:20.858999,,Loan Management System
LN00001276,CUST00004309,Gold Loan,472600.13,10.58,27,19746.36,Active,2024-07-28,2026-07-25 01:44:20.858999,,Loan Management System
LN00001277,CUST00001379,Car Loan,1341218.32,15.26,52,35411.52,Active,2022-12-31,2026-07-25 01:44:20.858999,,Loan Management System
LN00001278,CUST00002288,Home Loan,1791167.51,15.27,207,24587.18,Closed,2025-07-15,2026-07-25 01:44:20.859998,,Loan Management System
LN00001279,CUST00002011,Home Loan,3617096.37,7.83,205,32050.4,Active,2016-02-23,2026-07-25 01:44:20.859998,,Loan Management System
LN00001280,CUST00001631,Education Loan,2779481.57,16.17,93,52602.99,Closed,2021-05-13,2026-07-25 01:44:20.859998,,Loan Management System
LN00001281,CUST00003895,Personal Loan,1290280.22,8.67,16,85684.08,Defaulted,2012-03-30,2026-07-25 01:44:20.859998,,Loan Management System
LN00001282,CUST00000680,Business Loan,18812099.03,10.73,13,1539272.2,Written Off,2024-07-17,2026-07-25 01:44:20.860998,,Loan Management System
LN00001283,CUST00002805,Personal Loan,202499.23,11.54,54,4825.17,Closed,2024-06-05,2026-07-25 01:44:20.860998,,Loan Management System
LN00001284,CUST00000544,Home Loan,4250708.89,14.49,112,69428.98,Closed,2014-07-17,2026-07-25 01:44:20.860998,,Loan Management System
LN00001285,CUST00000631,Business Loan,3790102.62,10.68,37,120676.24,Active,2019-07-26,2026-07-25 01:44:20.860998,,Loan Management System
LN00001286,CUST00000746,Car Loan,2973851.69,7.91,66,55714.16,Closed,2020-05-22,2026-07-25 01:44:20.861998,,Loan Management System
LN00001287,CUST00000128,Personal Loan,1084566.02,13.19,29,43879.0,Closed,2022-08-24,2026-07-25 01:44:20.861998,,Loan Management System
LN00001288,CUST00002703,Business Loan,18892888.65,10.6,97,290797.06,Closed,2019-01-31,2026-07-25 01:44:20.861998,,Loan Management System
LN00001289,CUST00004401,Personal Loan,752572.65,9.71,41,21641.75,Active,2016-04-17,2026-07-25 01:44:20.861998,,Loan Management System
LN00001290,CUST00000035,Personal Loan,771046.98,13.73,20,43350.65,Active,2014-08-25,2026-07-25 01:44:20.861998,,Loan Management System
LN00001291,CUST00003349,Education Loan,3338218.63,12.23,42,98100.56,Written Off,2021-07-09,2026-07-25 01:44:20.862998,,Loan Management System
LN00001292,CUST00004575,Personal Loan,1034846.33,8.26,51,24129.7,Closed,2018-12-23,2026-07-25 01:44:20.862998,,Loan Management System
LN00001293,CUST00003533,Education Loan,2678214.36,12.48,162,34264.38,Closed,2022-05-12,2026-07-25 01:44:20.862998,,Loan Management System
LN00001294,CUST00000181,Home Loan,6789885.72,12.14,193,80182.4,Active,2025-05-31,2026-07-25 01:44:20.862998,,Loan Management System
LN00001295,CUST00001936,Business Loan,11040315.25,6.7,109,135489.19,Active,2019-12-05,2026-07-25 01:44:20.863998,,Loan Management System
LN00001296,CUST00003389,Personal Loan,1376661.78,10.91,32,49775.68,Defaulted,2013-02-10,2026-07-25 01:44:20.863998,,Loan Management System
LN00001297,CUST00004439,Personal Loan,102172.62,8.53,54,2285.03,Defaulted,2019-07-23,2026-07-25 01:44:20.863998,,Loan Management System
LN00001298,CUST00000510,Personal Loan,1073785.85,12.15,20,59579.1,Active,2017-06-25,2026-07-25 01:44:20.863998,,Loan Management System
LN00001299,CUST00004726,Personal Loan,1157816.15,13.04,43,33848.32,Closed,2018-07-05,2026-07-25 01:44:20.864999,,Loan Management System
LN00001300,CUST00001599,Car Loan,1802188.65,11.97,32,66062.25,Active,2017-03-26,2026-07-25 01:44:20.864999,,Loan Management System
LN00001301,CUST00002306,Personal Loan,767302.14,17.67,51,21500.41,Closed,2017-01-08,2026-07-25 01:44:20.864999,,Loan Management System
LN00001302,CUST00003059,Education Loan,1209306.4,7.21,47,29610.35,Active,2022-12-18,2026-07-25 01:44:20.864999,,Loan Management System
LN00001303,CUST00003888,Personal Loan,1223852.47,13.22,60,27984.43,Defaulted,2013-05-04,2026-07-25 01:44:20.865998,,Loan Management System
LN00001304,CUST00000353,Personal Loan,191157.57,10.47,34,6521.69,Active,2026-02-25,2026-07-25 01:44:20.865998,,Loan Management System
LN00001305,CUST00000458,Home Loan,2820174.42,9.2,219,26619.36,Closed,2014-04-19,2026-07-25 01:44:20.865998,,Loan Management System
LN00001306,CUST00000585,Business Loan,1777254.6,10.01,55,40423.45,Active,2017-03-04,2026-07-25 01:44:20.865998,,Loan Management System
LN00001307,CUST00004191,Car Loan,304657.34,14.06,66,6654.26,Closed,2018-07-25,2026-07-25 01:44:20.866999,,Loan Management System
LN00001308,CUST00001394,Business Loan,5699068.26,14.5,87,106223.6,Active,2023-05-13,2026-07-25 01:44:20.866999,,Loan Management System
LN00001309,CUST00003740,Personal Loan,877012.63,10.21,18,52755.66,Closed,2019-12-28,2026-07-25 01:44:20.866999,,Loan Management System
LN00001310,CUST00002086,Home Loan,6913557.31,10.36,317,63873.63,Closed,2016-06-18,2026-07-25 01:44:20.866999,,Loan Management System
LN00001311,CUST00003117,Car Loan,666556.21,9.94,67,13003.42,Active,2022-11-01,2026-07-25 01:44:20.867999,,Loan Management System
LN00001312,CUST00002771,Car Loan,2927500.34,7.37,80,46426.88,Active,2018-05-17,2026-07-25 01:44:20.867999,,Loan Management System
LN00001313,CUST00001919,Personal Loan,481114.39,13.1,26,21354.69,Closed,2025-05-27,2026-07-25 01:44:20.867999,,Loan Management System
LN00001314,CUST00003755,Gold Loan,1801324.44,13.15,24,85765.22,Active,2024-07-01,2026-07-25 01:44:20.867999,,Loan Management System
LN00001315,CUST00003649,Car Loan,1686978.24,11.41,56,38992.87,Closed,2020-12-02,2026-07-25 01:44:20.868999,,Loan Management System
LN00001316,CUST00000700,Car Loan,1045171.64,15.75,67,23546.91,Closed,2012-03-09,2026-07-25 01:44:20.868999,,Loan Management System
LN00001317,CUST00002944,Personal Loan,650755.66,9.39,44,17539.02,Active,2019-04-20,2026-07-25 01:44:20.868999,,Loan Management System
LN00001318,CUST00004481,Education Loan,804343.32,6.71,168,7396.02,Defaulted,2013-01-22,2026-07-25 01:44:20.868999,,Loan Management System
LN00001319,CUST00001803,Car Loan,796267.85,17.56,71,18107.14,Active,2016-11-29,2026-07-25 01:44:20.869999,,Loan Management System
LN00001320,CUST00000107,Car Loan,2465013.74,16.31,67,56284.12,Pending,2015-11-09,2026-07-25 01:44:20.869999,,Loan Management System
LN00001321,CUST00004614,Education Loan,333538.48,8.81,154,3623.29,Active,2017-01-22,2026-07-25 01:44:20.869999,,Loan Management System
LN00001322,CUST00001248,Home Loan,7010413.05,9.95,282,64402.85,Active,2013-07-14,2026-07-25 01:44:20.869999,,Loan Management System
LN00001323,CUST00003530,Business Loan,18267187.05,13.79,120,281326.14,Active,2024-09-14,2026-07-25 01:44:20.870999,,Loan Management System
LN00001324,CUST00004721,Business Loan,13097831.75,9.45,88,206883.72,Active,2018-06-09,2026-07-25 01:44:20.870999,,Loan Management System
LN00001325,CUST00003118,Home Loan,1924641.35,6.82,218,15421.4,Active,2026-04-11,2026-07-25 01:44:20.870999,,Loan Management System
LN00001326,CUST00003583,Car Loan,1421172.15,13.94,16,97846.91,Active,2020-04-25,2026-07-25 01:44:20.870999,,Loan Management System
LN00001327,CUST00000629,Personal Loan,92255.71,15.58,29,3837.99,Closed,2025-08-05,2026-07-25 01:44:20.871999,,Loan Management System
LN00001328,CUST00003617,Home Loan,8598949.67,17.58,308,127419.48,Closed,2011-08-01,2026-07-25 01:44:20.871999,,Loan Management System
LN00001329,CUST00002883,Home Loan,9016802.02,10.11,212,91401.68,Defaulted,2022-10-01,2026-07-25 01:44:20.871999,,Loan Management System
LN00001330,CUST00000123,Business Loan,8436633.61,10.68,96,131074.49,Defaulted,2026-05-09,2026-07-25 01:44:20.871999,,Loan Management System
LN00001331,CUST00001692,Personal Loan,1267725.19,16.19,27,56335.29,Active,2020-10-16,2026-07-25 01:44:20.872999,,Loan Management System
LN00001332,CUST00004270,Education Loan,3738448.24,12.5,170,47017.81,Active,2019-06-03,2026-07-25 01:44:20.872999,,Loan Management System
LN00001333,CUST00004873,Business Loan,5142498.68,7.91,115,63927.68,Active,2018-08-04,2026-07-25 01:44:20.872999,,Loan Management System
LN00001334,CUST00003175,Business Loan,14876108.9,15.77,107,259740.63,Active,2012-06-25,2026-07-25 01:44:20.872999,,Loan Management System
LN00001335,CUST00002461,Personal Loan,259202.97,8.51,29,9920.15,Active,2014-10-02,2026-07-25 01:44:20.874014,,Loan Management System
LN00001336,CUST00001240,Personal Loan,904747.37,12.14,35,30825.14,Closed,2020-05-19,2026-07-25 01:44:20.874014,,Loan Management System
LN00001337,CUST00002130,Home Loan,5684577.82,11.96,186,67294.55,Written Off,2017-09-19,2026-07-25 01:44:20.874014,,Loan Management System
LN00001338,CUST00001932,Business Loan,18770959.68,10.67,103,279013.52,Active,2022-02-25,2026-07-25 01:44:20.875000,,Loan Management System
LN00001339,CUST00003358,Personal Loan,985826.5,16.91,14,78083.78,Closed,2024-06-06,2026-07-25 01:44:20.875000,,Loan Management System
LN00001340,CUST00002262,Car Loan,2834375.17,14.44,42,86365.77,Active,2020-01-16,2026-07-25 01:44:20.875000,,Loan Management System
LN00001341,CUST00000869,Personal Loan,976476.14,14.56,55,24435.72,Active,2022-03-15,2026-07-25 01:44:20.875000,,Loan Management System
LN00001342,CUST00003532,Business Loan,17224119.21,10.97,62,365169.08,Pending,2019-01-30,2026-07-25 01:44:20.875999,,Loan Management System
LN00001343,CUST00000109,Business Loan,6367318.96,17.27,108,116539.93,Active,2024-06-28,2026-07-25 01:44:20.875999,,Loan Management System
LN00001344,CUST00002680,Home Loan,8957343.91,17.03,222,132940.8,Defaulted,2012-06-09,2026-07-25 01:44:20.875999,,Loan Management System
LN00001345,CUST00002834,Education Loan,1684526.38,6.89,56,35261.07,Closed,2015-01-09,2026-07-25 01:44:20.875999,,Loan Management System
LN00001346,CUST00004010,Gold Loan,1190950.93,11.25,24,55645.98,Closed,2016-02-08,2026-07-25 01:44:20.875999,,Loan Management System
LN00001347,CUST00000338,Business Loan,16494705.55,15.98,101,297984.93,Active,2020-11-26,2026-07-25 01:44:20.876999,,Loan Management System
LN00001348,CUST00001363,Home Loan,4498270.06,14.89,340,56671.94,Closed,2013-10-16,2026-07-25 01:44:20.876999,,Loan Management System
LN00001349,CUST00000598,Personal Loan,89658.8,7.1,53,1975.71,Active,2016-06-17,2026-07-25 01:44:20.876999,,Loan Management System
LN00001350,CUST00003393,Personal Loan,979593.27,6.54,24,43654.92,Closed,2019-01-06,2026-07-25 01:44:20.876999,,Loan Management System
LN00001351,CUST00003855,Personal Loan,169236.47,8.31,45,4390.08,Closed,2023-06-10,2026-07-25 01:44:20.877999,,Loan Management System
LN00001352,CUST00003935,Education Loan,2631804.21,8.0,141,28850.3,Closed,2019-10-22,2026-07-25 01:44:20.877999,,Loan Management System
LN00001353,CUST00000988,Personal Loan,743629.95,14.95,28,31622.61,Active,2013-08-17,2026-07-25 01:44:20.877999,,Loan Management System
LN00001354,CUST00004371,Car Loan,1117225.22,9.74,22,55657.18,Active,2012-01-20,2026-07-25 01:44:20.877999,,Loan Management System
LN00001355,CUST00003654,Home Loan,8825705.12,17.36,352,128497.37,Active,2022-04-12,2026-07-25 01:44:20.878999,,Loan Management System
LN00001356,CUST00002002,Gold Loan,2309703.07,13.94,17,150506.77,Pending,2021-12-02,2026-07-25 01:44:20.878999,,Loan Management System
LN00001357,CUST00003420,Gold Loan,515708.85,14.56,13,43120.45,Active,2025-02-27,2026-07-25 01:44:20.878999,,Loan Management System
LN00001358,CUST00004179,Car Loan,1881099.65,8.22,59,38866.22,Active,2015-08-19,2026-07-25 01:44:20.878999,,Loan Management System
LN00001359,CUST00004878,Car Loan,239521.74,12.55,70,4842.8,Closed,2023-08-21,2026-07-25 01:44:20.879999,,Loan Management System
LN00001360,CUST00004939,Personal Loan,375501.73,8.84,29,14428.1,Active,2014-04-04,2026-07-25 01:44:20.879999,,Loan Management System
LN00001361,CUST00004133,Personal Loan,238789.03,16.35,50,6617.06,Active,2016-11-05,2026-07-25 01:44:20.879999,,Loan Management System
LN00001362,CUST00000039,Business Loan,14670807.31,8.68,35,475967.9,Active,2020-12-06,2026-07-25 01:44:20.879999,,Loan Management System
LN00001363,CUST00001979,Home Loan,3256833.13,9.51,290,28721.26,Pending,2011-10-17,2026-07-25 01:44:20.881000,,Loan Management System
LN00001364,CUST00000851,Personal Loan,1042187.27,11.77,12,92484.98,Active,2020-12-15,2026-07-25 01:44:20.881000,,Loan Management System
LN00001365,CUST00002085,Business Loan,19500783.95,11.07,39,597627.58,Closed,2018-07-03,2026-07-25 01:44:20.881000,,Loan Management System
LN00001366,CUST00002373,Education Loan,2970806.01,9.45,60,62319.89,Closed,2013-02-23,2026-07-25 01:44:20.881000,,Loan Management System
LN00001367,CUST00001153,Home Loan,9345113.77,11.92,241,102273.54,Written Off,2015-05-21,2026-07-25 01:44:20.882000,,Loan Management System
LN00001368,CUST00002823,Gold Loan,2418844.36,13.38,5,500070.56,Active,2025-11-16,2026-07-25 01:44:20.882000,,Loan Management System
LN00001369,CUST00003912,Car Loan,1266625.49,17.74,59,32323.47,Active,2013-06-29,2026-07-25 01:44:20.882000,,Loan Management System
LN00001370,CUST00004140,Business Loan,1301937.28,8.56,33,44418.14,Active,2019-05-31,2026-07-25 01:44:20.882000,,Loan Management System
LN00001371,CUST00002786,Gold Loan,2197794.46,8.02,23,103407.0,Closed,2013-07-23,2026-07-25 01:44:20.883000,,Loan Management System
LN00001372,CUST00001850,Personal Loan,427588.72,10.1,20,23318.97,Active,2022-07-31,2026-07-25 01:44:20.883000,,Loan Management System
LN00001373,CUST00002018,Gold Loan,720476.61,10.65,30,27460.5,Active,2025-09-19,2026-07-25 01:44:20.883000,,Loan Management System
LN00001374,CUST00003327,Business Loan,12452165.63,15.26,45,365109.13,Active,2014-03-07,2026-07-25 01:44:20.883000,,Loan Management System
LN00001375,CUST00001477,Personal Loan,289226.54,14.97,43,8731.65,Closed,2020-01-15,2026-07-25 01:44:20.884000,,Loan Management System
LN00001376,CUST00004282,Home Loan,8603819.78,14.06,285,104589.92,Active,2023-10-02,2026-07-25 01:44:20.884000,,Loan Management System
LN00001377,CUST00001153,Home Loan,2683675.18,6.91,193,23070.51,Active,2016-07-11,2026-07-25 01:44:20.884000,,Loan Management System
LN00001378,CUST00000143,Personal Loan,218234.87,16.79,43,6788.52,Active,2020-03-21,2026-07-25 01:44:20.884000,,Loan Management System
LN00001379,CUST00004512,Personal Loan,1078092.26,12.08,43,31012.62,Active,2023-07-25,2026-07-25 01:44:20.885000,,Loan Management System
LN00001380,CUST00004063,Education Loan,677409.46,10.52,88,11077.28,Defaulted,2016-03-19,2026-07-25 01:44:20.885000,,Loan Management System
LN00001381,CUST00004661,Home Loan,2098802.52,12.35,199,24837.62,Closed,2018-08-18,2026-07-25 01:44:20.885000,,Loan Management System
LN00001382,CUST00000825,Car Loan,794709.24,17.98,12,72851.37,Active,2025-10-05,2026-07-25 01:44:20.885000,,Loan Management System
LN00001383,CUST00003705,Car Loan,1365973.18,7.38,75,22790.08,Closed,2019-10-09,2026-07-25 01:44:20.886000,,Loan Management System
LN00001384,CUST00001424,Business Loan,1006262.29,14.34,99,17389.46,Active,2019-08-06,2026-07-25 01:44:20.886000,,Loan Management System
LN00001385,CUST00002491,Personal Loan,1397265.24,7.72,32,48452.99,Active,2015-09-16,2026-07-25 01:44:20.886000,,Loan Management System
LN00001386,CUST00001691,Home Loan,8391642.64,14.08,292,101839.69,Closed,2019-05-02,2026-07-25 01:44:20.886000,,Loan Management System
LN00001387,CUST00003861,Personal Loan,1004109.14,10.29,14,76420.02,Closed,2020-12-09,2026-07-25 01:44:20.887000,,Loan Management System
LN00001388,CUST00001136,Gold Loan,829165.78,14.91,11,81113.81,Active,2014-01-08,2026-07-25 01:44:20.887000,,Loan Management System
LN00001389,CUST00003175,Home Loan,6614618.28,10.22,88,107124.4,Closed,2018-02-01,2026-07-25 01:44:20.887000,,Loan Management System
LN00001390,CUST00001102,Car Loan,1886416.28,7.56,44,49223.54,Active,2014-10-21,2026-07-25 01:44:20.887000,,Loan Management System
LN00001391,CUST00001247,Gold Loan,2167150.89,7.53,16,142784.29,Active,2021-10-04,2026-07-25 01:44:20.888000,,Loan Management System
LN00001392,CUST00001733,Education Loan,1211249.97,15.15,75,25079.5,Active,2020-03-17,2026-07-25 01:44:20.888000,,Loan Management System
LN00001393,CUST00003650,Personal Loan,676919.71,15.77,31,26726.44,Pending,2024-04-04,2026-07-25 01:44:20.888000,,Loan Management System
LN00001394,CUST00004694,Car Loan,1205323.92,7.61,59,24552.84,Active,2013-11-19,2026-07-25 01:44:20.888000,,Loan Management System
LN00001395,CUST00000703,Personal Loan,1333848.91,11.98,48,35112.26,Closed,2026-04-05,2026-07-25 01:44:20.889000,,Loan Management System
LN00001396,CUST00001402,Home Loan,4514095.32,10.73,155,53935.21,Active,2012-09-30,2026-07-25 01:44:20.889000,,Loan Management System
LN00001397,CUST00000680,Personal Loan,108635.23,10.43,41,3161.11,Closed,2016-04-05,2026-07-25 01:44:20.889000,,Loan Management System
LN00001398,CUST00004855,Car Loan,2198179.35,17.2,79,46669.19,Closed,2024-09-15,2026-07-25 01:44:20.889000,,Loan Management System
LN00001399,CUST00000702,Car Loan,1013968.47,11.53,73,19390.07,Active,2024-12-31,2026-07-25 01:44:20.890000,,Loan Management System
LN00001400,CUST00002263,Gold Loan,1718676.99,9.95,18,103179.16,Active,2026-02-05,2026-07-25 01:44:20.890000,,Loan Management System
LN00001401,CUST00000205,Personal Loan,119206.0,7.38,14,8912.67,Active,2018-08-15,2026-07-25 01:44:20.890000,,Loan Management System
LN00001402,CUST00000735,Car Loan,1356454.33,11.84,84,23829.22,Closed,2017-05-05,2026-07-25 01:44:20.891002,,Loan Management System
LN00001403,CUST00000985,Personal Loan,899073.43,15.34,13,75505.26,Active,2024-12-17,2026-07-25 01:44:20.891002,,Loan Management System
LN00001404,CUST00003541,Car Loan,702746.15,8.6,62,14078.57,Active,2020-03-13,2026-07-25 01:44:20.891002,,Loan Management System
LN00001405,CUST00002619,Personal Loan,1071348.9,10.11,58,23426.87,Active,2016-02-09,2026-07-25 01:44:20.891002,,Loan Management System
LN00001406,CUST00002212,Car Loan,1946669.1,9.55,35,63943.98,Active,2025-07-09,2026-07-25 01:44:20.892001,,Loan Management System
LN00001407,CUST00003671,Home Loan,9830768.78,9.48,114,131135.84,Active,2011-08-09,2026-07-25 01:44:20.892001,,Loan Management System
LN00001408,CUST00004008,Home Loan,4251871.51,6.65,304,28959.7,Active,2016-05-16,2026-07-25 01:44:20.892001,,Loan Management System
LN00001409,CUST00002225,Personal Loan,1003689.79,15.06,58,24464.29,Active,2023-11-30,2026-07-25 01:44:20.892001,,Loan Management System
LN00001410,CUST00003788,Car Loan,2926981.3,10.65,62,61587.05,Closed,2016-08-22,2026-07-25 01:44:20.892001,,Loan Management System
LN00001411,CUST00002375,Home Loan,1783582.5,8.69,68,33308.08,Closed,2025-10-22,2026-07-25 01:44:20.893001,,Loan Management System
LN00001412,CUST00003534,Home Loan,754745.32,12.03,134,10262.5,Closed,2021-07-19,2026-07-25 01:44:20.893001,,Loan Management System
LN00001413,CUST00003440,Personal Loan,957785.77,15.59,24,46708.76,Active,2021-06-05,2026-07-25 01:44:20.893001,,Loan Management System
LN00001414,CUST00001932,Education Loan,677846.02,11.35,65,14008.19,Active,2022-10-15,2026-07-25 01:44:20.893001,,Loan Management System
LN00001415,CUST00003115,Home Loan,7174682.0,17.58,301,106445.48,Active,2019-11-22,2026-07-25 01:44:20.894001,,Loan Management System
LN00001416,CUST00003329,Personal Loan,401812.99,9.89,37,12643.99,Active,2026-04-13,2026-07-25 01:44:20.894001,,Loan Management System
LN00001417,CUST00004082,Home Loan,6488893.86,14.7,272,82496.1,Closed,2014-02-02,2026-07-25 01:44:20.894001,,Loan Management System
LN00001418,CUST00003599,Education Loan,2423774.25,12.87,110,37635.28,Active,2019-02-27,2026-07-25 01:44:20.894001,,Loan Management System
LN00001419,CUST00003536,Personal Loan,794365.8,14.83,55,19989.09,Pending,2020-09-21,2026-07-25 01:44:20.895001,,Loan Management System
LN00001420,CUST00002018,Business Loan,5022162.83,7.2,14,375077.79,Active,2019-10-20,2026-07-25 01:44:20.895001,,Loan Management System
LN00001421,CUST00001944,Personal Loan,142090.32,16.77,38,4845.01,Defaulted,2017-06-07,2026-07-25 01:44:20.895001,,Loan Management System
LN00001422,CUST00003402,Home Loan,6415618.55,13.93,289,77223.59,Closed,2017-03-20,2026-07-25 01:44:20.895001,,Loan Management System
LN00001423,CUST00003683,Home Loan,3236102.42,8.71,236,28695.48,Active,2020-12-13,2026-07-25 01:44:20.896001,,Loan Management System
LN00001424,CUST00002250,Car Loan,1845444.39,14.38,71,38745.25,Active,2024-07-16,2026-07-25 01:44:20.896001,,Loan Management System
LN00001425,CUST00002313,Personal Loan,1081508.52,17.54,55,28751.55,Closed,2020-10-21,2026-07-25 01:44:20.896001,,Loan Management System
LN00001426,CUST00004122,Personal Loan,734871.03,17.67,22,39348.54,Closed,2017-12-23,2026-07-25 01:44:20.896001,,Loan Management System
LN00001427,CUST00000558,Personal Loan,1136418.74,14.17,20,64127.68,Active,2019-04-23,2026-07-25 01:44:20.897001,,Loan Management System
LN00001428,CUST00002430,Home Loan,5175764.48,15.63,312,68624.9,Active,2017-01-13,2026-07-25 01:44:20.897001,,Loan Management System
LN00001429,CUST00002391,Home Loan,946968.69,6.71,193,8033.8,Active,2026-05-10,2026-07-25 01:44:20.897001,,Loan Management System
LN00001430,CUST00001233,Home Loan,8365512.54,16.79,76,179478.18,Closed,2014-10-09,2026-07-25 01:44:20.897001,,Loan Management System
LN00001431,CUST00000770,Personal Loan,215255.48,9.11,47,5462.65,Active,2023-06-06,2026-07-25 01:44:20.898001,,Loan Management System
LN00001432,CUST00001691,Personal Loan,543470.11,10.59,14,41437.55,Closed,2015-08-16,2026-07-25 01:44:20.898001,,Loan Management System
LN00001433,CUST00001466,Car Loan,2709689.56,16.31,77,56978.33,Closed,2021-04-16,2026-07-25 01:44:20.898001,,Loan Management System
LN00001434,CUST00002194,Home Loan,979009.4,17.38,294,14389.23,Written Off,2018-01-28,2026-07-25 01:44:20.898001,,Loan Management System
LN00001435,CUST00001498,Education Loan,3901173.05,15.49,62,91808.58,Closed,2015-07-15,2026-07-25 01:44:20.899001,,Loan Management System
LN00001436,CUST00001903,Home Loan,1501405.3,13.74,165,20292.06,Pending,2026-02-15,2026-07-25 01:44:20.899001,,Loan Management System
LN00001437,CUST00003543,Home Loan,3275168.38,11.58,319,33154.33,Active,2024-10-03,2026-07-25 01:44:20.899001,,Loan Management System
LN00001438,CUST00004003,Business Loan,3508766.78,10.68,116,48625.23,Active,2018-07-20,2026-07-25 01:44:20.899001,,Loan Management System
LN00001439,CUST00002816,Business Loan,9062614.99,11.28,110,132548.64,Active,2012-04-21,2026-07-25 01:44:20.900001,,Loan Management System
LN00001440,CUST00000918,Business Loan,9736434.99,9.8,33,337780.09,Active,2016-12-22,2026-07-25 01:44:20.900001,,Loan Management System
LN00001441,CUST00003263,Personal Loan,1144525.56,10.65,54,26770.02,Active,2024-03-25,2026-07-25 01:44:20.900001,,Loan Management System
LN00001442,CUST00004109,Education Loan,2165636.07,15.55,71,46839.22,Closed,2019-08-10,2026-07-25 01:44:20.900001,,Loan Management System
LN00001443,CUST00002279,Personal Loan,643498.51,11.78,45,17759.22,Closed,2023-07-24,2026-07-25 01:44:20.901001,,Loan Management System
LN00001444,CUST00000998,Personal Loan,93156.24,8.17,12,8110.84,Closed,2025-05-13,2026-07-25 01:44:20.901001,,Loan Management System
LN00001445,CUST00001476,Car Loan,394827.33,10.39,63,8157.44,Written Off,2018-01-17,2026-07-25 01:44:20.901001,,Loan Management System
LN00001446,CUST00002641,Home Loan,1083949.12,15.23,137,16729.48,Pending,2018-02-17,2026-07-25 01:44:20.901001,,Loan Management System
LN00001447,CUST00001032,Home Loan,6500271.84,14.7,326,81161.29,Written Off,2022-11-08,2026-07-25 01:44:20.901001,,Loan Management System
LN00001448,CUST00004104,Personal Loan,1334385.13,14.56,31,51903.82,Closed,2025-01-15,2026-07-25 01:44:20.902001,,Loan Management System
LN00001449,CUST00002604,Personal Loan,549028.17,16.01,45,16306.22,Closed,2025-07-10,2026-07-25 01:44:20.902001,,Loan Management System
LN00001450,CUST00002138,Home Loan,4337411.7,13.9,338,51287.49,Closed,2022-08-27,2026-07-25 01:44:20.902001,,Loan Management System
LN00001451,CUST00003496,Car Loan,1438002.69,10.47,63,29767.54,Closed,2014-02-24,2026-07-25 01:44:20.902001,,Loan Management System
LN00001452,CUST00001743,Business Loan,2143478.0,12.68,61,47851.01,Closed,2019-12-27,2026-07-25 01:44:20.903001,,Loan Management System
LN00001453,CUST00000267,Education Loan,591422.02,17.91,108,11059.97,Active,2012-03-11,2026-07-25 01:44:20.903001,,Loan Management System
LN00001454,CUST00001587,Car Loan,1074306.76,10.42,32,38596.72,Active,2013-09-16,2026-07-25 01:44:20.903001,,Loan Management System
LN00001455,CUST00001957,Business Loan,11028686.54,9.47,118,143982.08,Closed,2020-02-09,2026-07-25 01:44:20.903001,,Loan Management System
LN00001456,CUST00002666,Education Loan,3949123.33,7.77,51,91169.64,Closed,2021-08-08,2026-07-25 01:44:20.904001,,Loan Management System
LN00001457,CUST00001670,Personal Loan,785874.1,7.92,60,15904.62,Closed,2017-03-17,2026-07-25 01:44:20.904001,,Loan Management System
LN00001458,CUST00000698,Home Loan,3330630.57,14.97,292,42692.86,Active,2026-05-11,2026-07-25 01:44:20.904001,,Loan Management System
LN00001459,CUST00002032,Home Loan,7584701.68,13.19,333,85615.55,Closed,2013-04-08,2026-07-25 01:44:20.904001,,Loan Management System
LN00001460,CUST00003551,Home Loan,3342415.29,14.17,353,40104.43,Closed,2026-06-08,2026-07-25 01:44:20.905002,,Loan Management System
LN00001461,CUST00003313,Education Loan,2126699.93,9.35,119,27483.86,Active,2025-12-08,2026-07-25 01:44:20.905002,,Loan Management System
LN00001462,CUST00002870,Home Loan,7896220.34,11.72,135,105535.54,Closed,2019-01-19,2026-07-25 01:44:20.905002,,Loan Management System
LN00001463,CUST00001047,Business Loan,2097969.69,7.22,28,81640.66,Active,2013-04-04,2026-07-25 01:44:20.905002,,Loan Management System
LN00001464,CUST00004834,Personal Loan,585476.61,12.55,49,15331.44,Closed,2020-07-05,2026-07-25 01:44:20.906002,,Loan Management System
LN00001465,CUST00001550,Education Loan,3500857.69,13.22,144,48601.22,Written Off,2019-05-03,2026-07-25 01:44:20.906002,,Loan Management System
LN00001466,CUST00002688,Car Loan,2853896.09,14.91,65,64254.85,Closed,2011-10-28,2026-07-25 01:44:20.906002,,Loan Management System
LN00001467,CUST00004703,Home Loan,1707677.79,14.68,126,26649.31,Written Off,2023-11-08,2026-07-25 01:44:20.907008,,Loan Management System
LN00001468,CUST00003682,Car Loan,1681595.1,14.49,70,35725.4,Active,2014-01-05,2026-07-25 01:44:20.907008,,Loan Management System
LN00001469,CUST00003955,Education Loan,3781871.29,10.75,66,76149.3,Closed,2018-07-15,2026-07-25 01:44:20.907008,,Loan Management System
LN00001470,CUST00004761,Personal Loan,225256.32,13.08,14,17435.96,Active,2026-05-18,2026-07-25 01:44:20.907008,,Loan Management System
LN00001471,CUST00001670,Home Loan,3396783.63,10.81,210,36088.0,Active,2022-09-13,2026-07-25 01:44:20.908005,,Loan Management System
LN00001472,CUST00002262,Education Loan,654345.24,13.28,48,17645.52,Pending,2014-03-10,2026-07-25 01:44:20.908005,,Loan Management System
LN00001473,CUST00003516,Personal Loan,461049.33,8.61,59,9612.35,Active,2012-10-31,2026-07-25 01:44:20.908005,,Loan Management System
LN00001474,CUST00002288,Home Loan,3812164.96,16.51,273,53737.82,Active,2019-07-20,2026-07-25 01:44:20.908005,,Loan Management System
LN00001475,CUST00000617,Personal Loan,705942.92,10.38,36,22904.95,Active,2024-11-09,2026-07-25 01:44:20.909005,,Loan Management System
LN00001476,CUST00000446,Education Loan,2462267.87,15.26,165,35756.54,Closed,2016-01-26,2026-07-25 01:44:20.909005,,Loan Management System
LN00001477,CUST00001287,Education Loan,2702160.9,8.21,119,33264.99,Active,2017-04-27,2026-07-25 01:44:20.909005,,Loan Management System
LN00001478,CUST00002058,Car Loan,1946050.53,10.95,62,41238.79,Active,2022-03-01,2026-07-25 01:44:20.909005,,Loan Management System
LN00001479,CUST00003057,Home Loan,6869216.48,11.6,202,77503.4,Closed,2023-05-07,2026-07-25 01:44:20.909005,,Loan Management System
LN00001480,CUST00001065,Business Loan,14290568.21,13.08,113,220554.46,Closed,2018-04-28,2026-07-25 01:44:20.910005,,Loan Management System
LN00001481,CUST00003713,Personal Loan,985481.53,13.91,17,64202.92,Active,2022-08-13,2026-07-25 01:44:20.910005,,Loan Management System
LN00001482,CUST00002613,Car Loan,1815195.63,7.11,84,27493.88,Active,2012-12-05,2026-07-25 01:44:20.910005,,Loan Management System
LN00001483,CUST00004310,Education Loan,2060291.32,6.71,172,18679.07,Active,2026-01-19,2026-07-25 01:44:20.910005,,Loan Management System
LN00001484,CUST00002737,Home Loan,7974191.94,9.32,356,66143.36,Active,2017-02-24,2026-07-25 01:44:20.911006,,Loan Management System
LN00001485,CUST00004699,Business Loan,12333669.01,11.12,17,787505.18,Active,2026-01-23,2026-07-25 01:44:20.911006,,Loan Management System
LN00001486,CUST00000142,Gold Loan,866392.47,8.58,4,220483.6,Defaulted,2023-01-13,2026-07-25 01:44:20.911006,,Loan Management System
LN00001487,CUST00003683,Personal Loan,422907.8,7.82,18,24976.17,Active,2026-03-07,2026-07-25 01:44:20.911006,,Loan Management System
LN00001488,CUST00002192,Personal Loan,314869.94,15.34,21,17191.35,Active,2020-08-21,2026-07-25 01:44:20.912006,,Loan Management System
LN00001489,CUST00002143,Personal Loan,295327.02,13.57,32,11050.81,Active,2018-01-10,2026-07-25 01:44:20.912006,,Loan Management System
LN00001490,CUST00004654,Education Loan,1262294.91,7.64,72,21910.9,Active,2016-12-12,2026-07-25 01:44:20.912006,,Loan Management System
LN00001491,CUST00000144,Personal Loan,594494.08,16.02,19,35632.28,Active,2022-03-23,2026-07-25 01:44:20.912006,,Loan Management System
LN00001492,CUST00000094,Home Loan,6171543.88,9.22,320,51899.93,Closed,2023-10-15,2026-07-25 01:44:20.913006,,Loan Management System
LN00001493,CUST00002922,Personal Loan,216867.99,7.2,41,5982.49,Closed,2024-06-24,2026-07-25 01:44:20.913006,,Loan Management System
LN00001494,CUST00003979,Home Loan,774611.16,13.79,69,16320.28,Active,2019-11-12,2026-07-25 01:44:20.913006,,Loan Management System
LN00001495,CUST00000862,Gold Loan,1695866.14,9.33,11,161454.49,Active,2026-05-27,2026-07-25 01:44:20.913006,,Loan Management System
LN00001496,CUST00004218,Personal Loan,171667.12,13.81,25,7940.95,Closed,2020-10-06,2026-07-25 01:44:20.914006,,Loan Management System
LN00001497,CUST00004778,Home Loan,5634177.67,8.43,185,54508.7,Active,2012-03-04,2026-07-25 01:44:20.914006,,Loan Management System
LN00001498,CUST00003722,Personal Loan,1371664.46,11.7,12,121678.31,Closed,2022-01-24,2026-07-25 01:44:20.914006,,Loan Management System
LN00001499,CUST00004876,Gold Loan,1561306.55,14.01,13,130143.49,Active,2012-09-22,2026-07-25 01:44:20.914006,,Loan Management System
LN00001500,CUST00002975,Gold Loan,1218410.99,13.38,27,52508.52,Written Off,2015-07-22,2026-07-25 01:44:20.915006,,Loan Management System
LN00001501,CUST00001770,Business Loan,4648705.63,16.17,48,132150.72,Active,2022-04-19,2026-07-25 01:44:20.915006,,Loan Management System
LN00001502,CUST00000890,Education Loan,2296018.15,9.96,137,28118.24,Closed,2023-03-16,2026-07-25 01:44:20.915006,,Loan Management System
LN00001503,CUST00000794,Business Loan,14638938.74,17.99,67,347794.7,Active,2016-06-13,2026-07-25 01:44:20.915006,,Loan Management System
LN00001504,CUST00002634,Car Loan,2445758.35,16.67,55,63892.33,Closed,2015-06-07,2026-07-25 01:44:20.916006,,Loan Management System
LN00001505,CUST00003606,Gold Loan,1776691.38,9.64,23,84912.45,Active,2024-04-07,2026-07-25 01:44:20.916006,,Loan Management System
LN00001506,CUST00001307,Personal Loan,919294.82,6.68,56,19152.69,Active,2013-02-05,2026-07-25 01:44:20.916006,,Loan Management System
LN00001507,CUST00000783,Gold Loan,1531747.21,6.55,3,516166.37,Closed,2018-12-11,2026-07-25 01:44:20.916006,,Loan Management System
LN00001508,CUST00004838,Personal Loan,1348138.86,14.59,60,31782.72,Active,2013-03-27,2026-07-25 01:44:20.917007,,Loan Management System
LN00001509,CUST00004057,Home Loan,8828842.77,13.99,335,105093.46,Active,2024-06-30,2026-07-25 01:44:20.917007,,Loan Management System
LN00001510,CUST00003333,Business Loan,13596455.02,14.23,57,329522.52,Written Off,2022-05-05,2026-07-25 01:44:20.917007,,Loan Management System
LN00001511,CUST00002564,Personal Loan,921900.77,10.95,56,21098.76,Written Off,2023-07-15,2026-07-25 01:44:20.917007,,Loan Management System
LN00001512,CUST00002400,Home Loan,4019566.09,8.72,64,78761.96,Active,2026-05-29,2026-07-25 01:44:20.918007,,Loan Management System
LN00001513,CUST00000207,Home Loan,3170777.6,17.1,243,46682.99,Active,2013-04-09,2026-07-25 01:44:20.918007,,Loan Management System
LN00001514,CUST00000632,Business Loan,12692112.88,15.8,40,410197.09,Active,2019-02-09,2026-07-25 01:44:20.918007,,Loan Management System
LN00001515,CUST00003561,Personal Loan,576348.81,9.73,57,12667.57,Closed,2014-05-23,2026-07-25 01:44:20.918007,,Loan Management System
LN00001516,CUST00001763,Home Loan,2362824.54,15.94,262,32407.48,Active,2023-05-15,2026-07-25 01:44:20.919007,,Loan Management System
LN00001517,CUST00004346,Personal Loan,775472.18,8.46,24,35235.42,Closed,2016-08-27,2026-07-25 01:44:20.919007,,Loan Management System
LN00001518,CUST00000239,Car Loan,2110674.08,13.0,20,117947.45,Closed,2012-01-20,2026-07-25 01:44:20.919007,,Loan Management System
LN00001519,CUST00000768,Education Loan,596980.55,17.24,94,11615.47,Defaulted,2012-05-05,2026-07-25 01:44:20.919007,,Loan Management System
LN00001520,CUST00003960,Education Loan,1169879.09,16.25,41,37371.85,Written Off,2017-01-29,2026-07-25 01:44:20.920007,,Loan Management System
LN00001521,CUST00001162,Car Loan,1692236.25,9.41,83,27815.16,Defaulted,2025-02-08,2026-07-25 01:44:20.920007,,Loan Management System
LN00001522,CUST00001089,Home Loan,4557587.53,14.24,86,84846.56,Defaulted,2012-07-07,2026-07-25 01:44:20.920007,,Loan Management System
LN00001523,CUST00003584,Personal Loan,1274295.25,11.18,19,73490.44,Closed,2016-07-20,2026-07-25 01:44:20.920007,,Loan Management System
LN00001524,CUST00002656,Personal Loan,574134.17,15.23,58,14045.17,Active,2017-08-29,2026-07-25 01:44:20.921007,,Loan Management System
LN00001525,CUST00002923,Personal Loan,659090.0,11.66,12,58454.57,Active,2017-12-09,2026-07-25 01:44:20.921007,,Loan Management System
LN00001526,CUST00002122,Personal Loan,1326142.77,15.79,59,32460.06,Active,2018-11-21,2026-07-25 01:44:20.921007,,Loan Management System
LN00001527,CUST00003378,Car Loan,2881771.91,17.05,37,100683.43,Active,2014-01-14,2026-07-25 01:44:20.921007,,Loan Management System
LN00001528,CUST00000373,Personal Loan,957692.3,7.61,42,26045.33,Active,2015-09-19,2026-07-25 01:44:20.922007,,Loan Management System
LN00001529,CUST00000257,Home Loan,8073598.6,17.25,188,124571.17,Active,2020-08-06,2026-07-25 01:44:20.922007,,Loan Management System
LN00001530,CUST00002079,Personal Loan,1440263.85,16.07,33,54283.05,Active,2018-07-28,2026-07-25 01:44:20.922007,,Loan Management System
LN00001531,CUST00000706,Home Loan,1192652.94,13.4,284,13911.88,Closed,2021-03-10,2026-07-25 01:44:20.923003,,Loan Management System
LN00001532,CUST00004155,Car Loan,1821016.51,7.48,19,101928.53,Pending,2023-02-28,2026-07-25 01:44:20.923003,,Loan Management System
LN00001533,CUST00000609,Personal Loan,1340621.42,14.47,20,75839.87,Active,2025-01-16,2026-07-25 01:44:20.923003,,Loan Management System
LN00001534,CUST00003450,Business Loan,1568382.19,13.52,67,33470.64,Active,2014-08-16,2026-07-25 01:44:20.923003,,Loan Management System
LN00001535,CUST00000112,Car Loan,1765922.54,9.89,60,37425.13,Active,2014-06-15,2026-07-25 01:44:20.924004,,Loan Management System
LN00001536,CUST00003334,Car Loan,1351102.41,16.44,13,114169.03,Active,2014-07-16,2026-07-25 01:44:20.924004,,Loan Management System
LN00001537,CUST00003194,Personal Loan,670753.32,13.63,18,41413.61,Active,2012-11-26,2026-07-25 01:44:20.924004,,Loan Management System
LN00001538,CUST00003400,Gold Loan,1962749.62,11.72,24,92137.0,Closed,2021-12-06,2026-07-25 01:44:20.924004,,Loan Management System
LN00001539,CUST00003200,Home Loan,616741.53,14.7,159,8829.04,Pending,2026-05-18,2026-07-25 01:44:20.925003,,Loan Management System
LN00001540,CUST00002115,Home Loan,5334531.06,10.59,306,50510.74,Closed,2018-01-26,2026-07-25 01:44:20.925003,,Loan Management System
LN00001541,CUST00000903,Personal Loan,402571.09,15.67,15,29726.58,Active,2022-02-07,2026-07-25 01:44:20.925003,,Loan Management System
LN00001542,CUST00001998,Car Loan,1636752.07,13.99,57,39465.93,Active,2023-03-08,2026-07-25 01:44:20.925003,,Loan Management System
LN00001543,CUST00004071,Business Loan,15622165.46,8.2,51,363821.6,Closed,2015-08-29,2026-07-25 01:44:20.926003,,Loan Management System
LN00001544,CUST00000245,Personal Loan,1456893.03,12.45,54,35375.3,Closed,2020-01-11,2026-07-25 01:44:20.926003,,Loan Management System
LN00001545,CUST00002480,Home Loan,5317524.74,16.1,87,103945.63,Active,2021-06-25,2026-07-25 01:44:20.926003,,Loan Management System
LN00001546,CUST00004951,Home Loan,2403533.08,16.95,95,46116.34,Active,2013-12-30,2026-07-25 01:44:20.926003,,Loan Management System
LN00001547,CUST00001403,Car Loan,2145388.41,17.79,54,58010.28,Defaulted,2015-07-06,2026-07-25 01:44:20.927003,,Loan Management System
LN00001548,CUST00001563,Car Loan,1139849.36,9.95,54,26271.38,Active,2019-05-29,2026-07-25 01:44:20.927003,,Loan Management System
LN00001549,CUST00002668,Personal Loan,1194327.51,6.99,26,49635.33,Pending,2022-05-31,2026-07-25 01:44:20.927003,,Loan Management System
LN00001550,CUST00001339,Car Loan,2141017.56,11.87,39,66433.91,Active,2015-11-19,2026-07-25 01:44:20.927003,,Loan Management System
LN00001551,CUST00002028,Education Loan,3815094.09,10.31,132,48436.15,Active,2019-05-19,2026-07-25 01:44:20.928003,,Loan Management System
LN00001552,CUST00004984,Home Loan,9903841.41,10.67,97,152810.84,Active,2015-11-27,2026-07-25 01:44:20.928003,,Loan Management System
LN00001553,CUST00002536,Car Loan,598725.52,11.56,58,13522.26,Active,2022-11-27,2026-07-25 01:44:20.928003,,Loan Management System
LN00001554,CUST00002060,Home Loan,2379337.45,8.5,194,22600.47,Closed,2011-09-21,2026-07-25 01:44:20.928003,,Loan Management System
LN00001555,CUST00000971,Personal Loan,854032.18,8.55,13,69017.83,Active,2025-04-01,2026-07-25 01:44:20.929003,,Loan Management System
LN00001556,CUST00001947,Personal Loan,196725.81,16.06,20,11276.66,Active,2019-06-23,2026-07-25 01:44:20.929003,,Loan Management System
LN00001557,CUST00000579,Education Loan,532779.14,17.27,114,9538.38,Active,2016-06-15,2026-07-25 01:44:20.929003,,Loan Management System
LN00001558,CUST00004640,Personal Loan,589907.87,8.47,45,15346.8,Written Off,2023-02-02,2026-07-25 01:44:20.929003,,Loan Management System
LN00001559,CUST00002223,Gold Loan,2207117.89,16.6,7,332988.95,Active,2020-11-10,2026-07-25 01:44:20.929003,,Loan Management System
LN00001560,CUST00002664,Business Loan,3050496.26,8.68,80,50355.95,Active,2014-04-01,2026-07-25 01:44:20.930003,,Loan Management System
LN00001561,CUST00004600,Personal Loan,919346.29,17.74,27,41544.03,Pending,2012-10-25,2026-07-25 01:44:20.930003,,Loan Management System
LN00001562,CUST00002221,Education Loan,2390570.9,16.33,111,41871.25,Closed,2019-01-28,2026-07-25 01:44:20.930003,,Loan Management System
LN00001563,CUST00001761,Personal Loan,127225.51,15.65,20,7268.08,Defaulted,2017-06-10,2026-07-25 01:44:20.930003,,Loan Management System
LN00001564,CUST00003232,Gold Loan,2217439.86,8.91,8,286521.18,Closed,2021-07-23,2026-07-25 01:44:20.931004,,Loan Management System
LN00001565,CUST00004241,Education Loan,2498057.15,8.43,135,28705.39,Closed,2016-08-25,2026-07-25 01:44:20.931004,,Loan Management System
LN00001566,CUST00000328,Car Loan,1625643.85,12.23,71,32282.41,Active,2022-06-07,2026-07-25 01:44:20.931004,,Loan Management System
LN00001567,CUST00003713,Education Loan,2149355.12,12.06,162,26930.72,Active,2018-10-12,2026-07-25 01:44:20.931004,,Loan Management System
LN00001568,CUST00000140,Car Loan,1986695.68,15.59,16,138322.47,Active,2023-04-22,2026-07-25 01:44:20.932004,,Loan Management System
LN00001569,CUST00003527,Business Loan,9315561.36,9.2,39,277254.79,Active,2015-10-26,2026-07-25 01:44:20.932004,,Loan Management System
LN00001570,CUST00000668,Business Loan,11641722.54,17.26,59,294076.74,Active,2019-05-02,2026-07-25 01:44:20.932004,,Loan Management System
LN00001571,CUST00001061,Home Loan,7640416.14,9.89,325,67667.3,Active,2025-12-10,2026-07-25 01:44:20.932004,,Loan Management System
LN00001572,CUST00002895,Car Loan,1502708.71,13.64,66,32489.96,Active,2016-09-13,2026-07-25 01:44:20.933004,,Loan Management System
LN00001573,CUST00000688,Personal Loan,582892.32,12.22,29,23314.93,Active,2014-12-13,2026-07-25 01:44:20.933004,,Loan Management System
LN00001574,CUST00004369,Home Loan,2721008.8,13.92,243,33601.77,Pending,2018-02-08,2026-07-25 01:44:20.933004,,Loan Management System
LN00001575,CUST00001384,Personal Loan,777559.13,12.79,17,50250.24,Closed,2026-01-29,2026-07-25 01:44:20.933004,,Loan Management System
LN00001576,CUST00003515,Gold Loan,268562.55,7.32,5,54699.43,Active,2019-10-13,2026-07-25 01:44:20.934004,,Loan Management System
LN00001577,CUST00001335,Personal Loan,1028905.62,9.38,59,21835.27,Closed,2013-05-17,2026-07-25 01:44:20.934004,,Loan Management System
LN00001578,CUST00001808,Car Loan,968500.76,14.61,29,39839.36,Written Off,2015-08-06,2026-07-25 01:44:20.934004,,Loan Management System
LN00001579,CUST00004596,Education Loan,2985301.92,16.99,38,102121.71,Closed,2018-01-18,2026-07-25 01:44:20.935004,,Loan Management System
LN00001580,CUST00004564,Personal Loan,552616.92,17.96,37,19559.45,Closed,2021-04-16,2026-07-25 01:44:20.935004,,Loan Management System
LN00001581,CUST00004190,Education Loan,146373.81,14.02,74,2965.64,Defaulted,2017-09-01,2026-07-25 01:44:20.935004,,Loan Management System
LN00001582,CUST00001793,Home Loan,7371690.96,8.91,179,74573.12,Active,2021-05-04,2026-07-25 01:44:20.935004,,Loan Management System
LN00001583,CUST00002585,Education Loan,3054723.07,14.81,154,44417.41,Active,2016-08-05,2026-07-25 01:44:20.936004,,Loan Management System
LN00001584,CUST00000419,Home Loan,8535115.84,11.43,273,87904.67,Active,2023-06-17,2026-07-25 01:44:20.936004,,Loan Management System
LN00001585,CUST00003933,Personal Loan,859747.89,10.81,48,22141.39,Defaulted,2016-08-01,2026-07-25 01:44:20.936004,,Loan Management System
LN00001586,CUST00001083,Personal Loan,1119817.34,12.25,54,27078.63,Closed,2011-12-08,2026-07-25 01:44:20.936004,,Loan Management System
LN00001587,CUST00001782,Personal Loan,657763.61,14.39,37,22116.59,Closed,2025-09-06,2026-07-25 01:44:20.937004,,Loan Management System
LN00001588,CUST00004899,Car Loan,1038984.18,13.25,84,19042.66,Closed,2022-10-05,2026-07-25 01:44:20.937004,,Loan Management System
LN00001589,CUST00002771,Gold Loan,405385.82,17.46,24,20132.91,Closed,2018-04-18,2026-07-25 01:44:20.937004,,Loan Management System
LN00001590,CUST00000211,Education Loan,3663633.56,13.1,136,51833.96,Written Off,2016-03-25,2026-07-25 01:44:20.937004,,Loan Management System
LN00001591,CUST00001406,Home Loan,4211043.39,12.65,156,55129.44,Active,2011-09-13,2026-07-25 01:44:20.938004,,Loan Management System
LN00001592,CUST00000652,Personal Loan,1444810.31,13.85,31,55706.3,Active,2021-03-10,2026-07-25 01:44:20.939004,,Loan Management System
LN00001593,CUST00001257,Home Loan,5752614.37,6.87,310,39697.64,Active,2026-04-12,2026-07-25 01:44:20.939004,,Loan Management System
LN00001594,CUST00004663,Home Loan,9157780.45,10.94,165,107547.07,Active,2023-03-25,2026-07-25 01:44:20.939590,,Loan Management System
LN00001595,CUST00000313,Car Loan,395942.41,7.16,78,6363.57,Active,2024-10-20,2026-07-25 01:44:20.939590,,Loan Management System
LN00001596,CUST00003884,Personal Loan,1369228.05,11.0,19,78851.3,Active,2024-03-25,2026-07-25 01:44:20.940738,,Loan Management System
LN00001597,CUST00001410,Personal Loan,1127556.99,10.97,25,50657.25,Active,2012-05-24,2026-07-25 01:44:20.941726,,Loan Management System
LN00001598,CUST00004792,Home Loan,4605906.43,14.66,303,57725.98,Active,2021-11-17,2026-07-25 01:44:20.942727,,Loan Management System
LN00001599,CUST00002858,Car Loan,1068878.46,8.83,70,19593.28,Active,2024-03-28,2026-07-25 01:44:20.942727,,Loan Management System
LN00001600,CUST00003056,Home Loan,1855573.89,7.24,264,14070.29,Closed,2020-01-05,2026-07-25 01:44:20.942727,,Loan Management System
LN00001601,CUST00003134,Home Loan,3624468.9,13.05,311,40828.83,Active,2025-09-24,2026-07-25 01:44:20.943726,,Loan Management System
LN00001602,CUST00000961,Car Loan,2264413.99,9.81,70,42611.07,Active,2016-06-06,2026-07-25 01:44:20.943726,,Loan Management System
LN00001603,CUST00001793,Business Loan,15950762.31,11.0,117,222830.73,Closed,2024-10-04,2026-07-25 01:44:20.943726,,Loan Management System
LN00001604,CUST00004973,Home Loan,2866780.77,16.85,281,41070.68,Active,2025-02-24,2026-07-25 01:44:20.944715,,Loan Management System
LN00001605,CUST00000748,Business Loan,4077164.22,13.04,62,90725.71,Closed,2015-06-23,2026-07-25 01:44:20.944715,,Loan Management System
LN00001606,CUST00004652,Home Loan,8912647.27,8.32,335,68569.01,Active,2021-11-21,2026-07-25 01:44:20.944715,,Loan Management System
LN00001607,CUST00001050,Business Loan,14111857.86,14.81,39,458069.43,Pending,2025-03-16,2026-07-25 01:44:20.944715,,Loan Management System
LN00001608,CUST00000701,Personal Loan,1154698.16,7.89,35,37040.78,Active,2017-07-22,2026-07-25 01:44:20.945713,,Loan Management System
LN00001609,CUST00003043,Home Loan,7782121.26,10.25,290,72637.46,Active,2015-04-15,2026-07-25 01:44:20.945713,,Loan Management System
LN00001610,CUST00000832,Home Loan,924034.07,6.81,296,6452.42,Active,2022-05-23,2026-07-25 01:44:20.945713,,Loan Management System
LN00001611,CUST00000832,Education Loan,3437515.27,11.06,38,107636.97,Active,2014-10-18,2026-07-25 01:44:20.945713,,Loan Management System
LN00001612,CUST00000775,Education Loan,632274.23,14.21,154,8947.18,Active,2022-02-15,2026-07-25 01:44:20.946715,,Loan Management System
LN00001613,CUST00004811,Home Loan,5710071.13,9.29,284,49775.22,Active,2015-10-29,2026-07-25 01:44:20.946715,,Loan Management System
LN00001614,CUST00002748,Business Loan,16910469.4,8.46,14,1272729.88,Closed,2023-02-03,2026-07-25 01:44:20.946715,,Loan Management System
LN00001615,CUST00002999,Home Loan,1679438.14,15.03,146,25115.32,Active,2024-05-31,2026-07-25 01:44:20.946715,,Loan Management System
LN00001616,CUST00001316,Education Loan,2741794.25,8.27,127,32467.35,Active,2023-10-29,2026-07-25 01:44:20.947709,,Loan Management System
LN00001617,CUST00003625,Education Loan,3581482.05,12.62,149,47700.97,Closed,2024-08-13,2026-07-25 01:44:20.947709,,Loan Management System
LN00001618,CUST00003013,Business Loan,16324480.61,13.87,103,271937.36,Closed,2022-10-11,2026-07-25 01:44:20.947709,,Loan Management System
LN00001619,CUST00000090,Home Loan,7058293.77,11.61,62,151914.96,Active,2023-02-22,2026-07-25 01:44:20.947709,,Loan Management System
LN00001620,CUST00000745,Personal Loan,342520.17,9.37,27,14119.42,Active,2025-10-28,2026-07-25 01:44:20.948710,,Loan Management System
LN00001621,CUST00000471,Home Loan,765469.61,6.67,158,7292.18,Closed,2013-11-20,2026-07-25 01:44:20.948710,,Loan Management System
LN00001622,CUST00002252,Home Loan,9608079.92,7.61,145,101528.55,Closed,2022-04-01,2026-07-25 01:44:20.948710,,Loan Management System
LN00001623,CUST00004122,Home Loan,5368750.96,15.88,225,74937.54,Closed,2013-03-19,2026-07-25 01:44:20.948710,,Loan Management System
LN00001624,CUST00002428,Home Loan,2467633.5,12.73,279,27632.25,Active,2022-03-27,2026-07-25 01:44:20.949713,,Loan Management System
LN00001625,CUST00002979,Home Loan,3887475.1,8.5,265,32550.79,Closed,2022-07-23,2026-07-25 01:44:20.949713,,Loan Management System
LN00001626,CUST00004000,Home Loan,2521295.43,9.03,202,24322.45,Closed,2012-03-25,2026-07-25 01:44:20.949713,,Loan Management System
LN00001627,CUST00001404,Personal Loan,147630.34,9.01,31,5355.75,Closed,2016-10-25,2026-07-25 01:44:20.949713,,Loan Management System
LN00001628,CUST00004771,Personal Loan,1486187.72,14.69,48,41128.55,Active,2024-12-23,2026-07-25 01:44:20.950711,,Loan Management System
LN00001629,CUST00004989,Gold Loan,1509671.18,17.79,27,68256.75,Closed,2019-01-23,2026-07-25 01:44:20.950711,,Loan Management System
LN00001630,CUST00001155,Gold Loan,1741958.84,10.32,23,83798.69,Written Off,2012-02-17,2026-07-25 01:44:20.950711,,Loan Management System
LN00001631,CUST00002704,Car Loan,389037.75,6.7,69,6809.39,Active,2021-06-03,2026-07-25 01:44:20.950711,,Loan Management System
LN00001632,CUST00002858,Car Loan,850791.34,13.26,13,70618.92,Active,2017-10-08,2026-07-25 01:44:20.950711,,Loan Management System
LN00001633,CUST00001019,Car Loan,2710982.39,10.05,66,53635.74,Closed,2024-01-08,2026-07-25 01:44:20.951709,,Loan Management System
LN00001634,CUST00000518,Car Loan,367784.45,10.81,49,9317.06,Active,2013-10-18,2026-07-25 01:44:20.951709,,Loan Management System
LN00001635,CUST00003121,Personal Loan,980956.4,9.24,58,21033.87,Closed,2013-02-04,2026-07-25 01:44:20.951709,,Loan Management System
LN00001636,CUST00004260,Gold Loan,1854657.7,10.28,20,101299.42,Active,2016-07-31,2026-07-25 01:44:20.951709,,Loan Management System
LN00001637,CUST00004048,Education Loan,254469.16,15.61,142,3938.72,Closed,2017-02-13,2026-07-25 01:44:20.952709,,Loan Management System
LN00001638,CUST00002218,Personal Loan,84355.33,16.24,33,3186.35,Active,2024-04-11,2026-07-25 01:44:20.952709,,Loan Management System
LN00001639,CUST00000025,Home Loan,1013702.82,17.05,187,15511.9,Closed,2018-08-18,2026-07-25 01:44:20.952709,,Loan Management System
LN00001640,CUST00000718,Car Loan,822843.35,16.54,78,17283.07,Active,2014-07-20,2026-07-25 01:44:20.953623,,Loan Management System
LN00001641,CUST00004933,Personal Loan,58761.86,16.5,16,4116.5,Written Off,2014-12-23,2026-07-25 01:44:20.953623,,Loan Management System
LN00001642,CUST00002596,Home Loan,9924119.4,17.29,124,172209.21,Active,2013-10-23,2026-07-25 01:44:20.953623,,Loan Management System
LN00001643,CUST00001714,Car Loan,2527418.46,17.22,42,80539.53,Active,2024-12-10,2026-07-25 01:44:20.953623,,Loan Management System
LN00001644,CUST00004293,Personal Loan,727257.66,8.39,24,33021.4,Active,2020-09-26,2026-07-25 01:44:20.954620,,Loan Management System
LN00001645,CUST00000012,Home Loan,2865209.59,9.78,289,25824.69,Written Off,2026-06-22,2026-07-25 01:44:20.954620,,Loan Management System
LN00001646,CUST00002330,Home Loan,8693042.5,12.03,244,95524.52,Active,2017-10-14,2026-07-25 01:44:20.954620,,Loan Management System
LN00001647,CUST00002155,Home Loan,4693072.67,12.31,281,51043.27,Closed,2020-08-04,2026-07-25 01:44:20.954620,,Loan Management System
LN00001648,CUST00000017,Business Loan,15974392.72,6.73,60,314281.16,Active,2020-02-06,2026-07-25 01:44:20.955621,,Loan Management System
LN00001649,CUST00003587,Home Loan,9111341.84,9.95,335,80618.9,Active,2016-03-13,2026-07-25 01:44:20.955621,,Loan Management System
LN00001650,CUST00003280,Education Loan,1103437.72,11.83,152,14038.35,Active,2025-09-09,2026-07-25 01:44:20.955621,,Loan Management System
LN00001651,CUST00002166,Car Loan,1546364.14,10.33,72,28905.69,Active,2014-05-12,2026-07-25 01:44:20.955621,,Loan Management System
LN00001652,CUST00002587,Business Loan,581520.74,16.41,105,10466.76,Closed,2015-12-07,2026-07-25 01:44:20.956621,,Loan Management System
LN00001653,CUST00002342,Personal Loan,1392252.05,17.31,59,35206.54,Active,2025-08-04,2026-07-25 01:44:20.956621,,Loan Management System
LN00001654,CUST00002004,Personal Loan,979520.65,13.27,38,31711.19,Defaulted,2019-10-05,2026-07-25 01:44:20.956621,,Loan Management System
LN00001655,CUST00001314,Gold Loan,333081.83,17.22,13,28268.67,Active,2025-04-13,2026-07-25 01:44:20.957622,,Loan Management System
LN00001656,CUST00001626,Personal Loan,420124.7,17.0,58,10670.85,Active,2016-07-31,2026-07-25 01:44:20.957622,,Loan Management System
LN00001657,CUST00000844,Education Loan,2576421.01,10.73,50,64128.89,Closed,2024-04-05,2026-07-25 01:44:20.957622,,Loan Management System
LN00001658,CUST00002867,Gold Loan,1845768.91,9.29,5,377771.46,Pending,2026-05-15,2026-07-25 01:44:20.957622,,Loan Management System
LN00001659,CUST00003929,Personal Loan,1074510.49,6.82,54,23163.73,Closed,2017-04-28,2026-07-25 01:44:20.958621,,Loan Management System
LN00001660,CUST00000721,Personal Loan,710432.62,14.33,28,30000.22,Active,2025-03-30,2026-07-25 01:44:20.958621,,Loan Management System
LN00001661,CUST00001111,Car Loan,2055293.06,8.36,26,86699.31,Closed,2013-07-09,2026-07-25 01:44:20.958621,,Loan Management System
LN00001662,CUST00000922,Car Loan,2767271.99,11.07,22,139557.9,Active,2019-07-13,2026-07-25 01:44:20.958621,,Loan Management System
LN00001663,CUST00004476,Home Loan,4517976.17,16.04,189,65734.75,Closed,2012-11-03,2026-07-25 01:44:20.958621,,Loan Management System
LN00001664,CUST00004174,Car Loan,1692963.67,16.7,51,46578.59,Closed,2013-12-15,2026-07-25 01:44:20.959706,,Loan Management System
LN00001665,CUST00001171,Education Loan,3704850.31,16.5,63,88289.4,Closed,2024-05-23,2026-07-25 01:44:20.959706,,Loan Management System
LN00001666,CUST00004521,Education Loan,1443131.97,8.14,89,21652.42,Pending,2015-05-26,2026-07-25 01:44:20.959706,,Loan Management System
LN00001667,CUST00000310,Personal Loan,496745.5,17.85,43,15720.83,Active,2026-03-12,2026-07-25 01:44:20.959706,,Loan Management System
LN00001668,CUST00000329,Home Loan,7115008.72,12.54,207,84133.17,Closed,2023-01-25,2026-07-25 01:44:20.960711,,Loan Management System
LN00001669,CUST00002868,Home Loan,4059188.19,14.6,161,57607.34,Active,2023-11-19,2026-07-25 01:44:20.960711,,Loan Management System
LN00001670,CUST00003887,Car Loan,508667.1,13.02,39,16065.89,Active,2023-01-13,2026-07-25 01:44:20.960711,,Loan Management System
LN00001671,CUST00000817,Home Loan,2235929.29,15.23,192,31142.89,Written Off,2018-04-28,2026-07-25 01:44:20.960711,,Loan Management System
LN00001672,CUST00000735,Business Loan,9094243.77,17.0,25,434525.96,Defaulted,2025-12-13,2026-07-25 01:44:20.961710,,Loan Management System
LN00001673,CUST00001184,Home Loan,3284693.06,10.84,201,35494.87,Active,2025-04-01,2026-07-25 01:44:20.961710,,Loan Management System
LN00001674,CUST00001111,Home Loan,2730411.22,12.08,111,40960.63,Active,2021-01-16,2026-07-25 01:44:20.961710,,Loan Management System
LN00001675,CUST00002732,Personal Loan,1435059.91,14.15,14,111799.65,Active,2017-10-13,2026-07-25 01:44:20.961710,,Loan Management System
LN00001676,CUST00004793,Car Loan,220333.48,13.43,46,6154.31,Pending,2013-02-05,2026-07-25 01:44:20.962711,,Loan Management System
LN00001677,CUST00000745,Personal Loan,538693.45,11.44,35,18174.12,Closed,2025-01-05,2026-07-25 01:44:20.962711,,Loan Management System
LN00001678,CUST00001133,Personal Loan,507074.52,9.26,35,16587.76,Closed,2018-04-10,2026-07-25 01:44:20.962711,,Loan Management System
LN00001679,CUST00004224,Personal Loan,133000.24,10.59,33,4663.25,Closed,2011-10-19,2026-07-25 01:44:20.962711,,Loan Management System
LN00001680,CUST00003988,Home Loan,8770144.35,11.12,131,115883.42,Active,2016-01-23,2026-07-25 01:44:20.963715,,Loan Management System
LN00001681,CUST00000828,Home Loan,5540978.72,17.44,187,86342.17,Active,2020-09-09,2026-07-25 01:44:20.963715,,Loan Management System
LN00001682,CUST00003710,Car Loan,2044853.09,11.96,64,43370.77,Closed,2013-08-30,2026-07-25 01:44:20.963715,,Loan Management System
LN00001683,CUST00000979,Home Loan,6561695.95,17.33,224,98739.46,Active,2019-04-19,2026-07-25 01:44:20.963715,,Loan Management System
LN00001684,CUST00001773,Personal Loan,116343.71,15.79,32,4478.27,Closed,2017-10-31,2026-07-25 01:44:20.963715,,Loan Management System
LN00001685,CUST00000716,Home Loan,5103093.37,15.0,101,89235.97,Active,2023-01-03,2026-07-25 01:44:20.964713,,Loan Management System
LN00001686,CUST00003710,Gold Loan,2355157.09,11.98,9,274919.51,Closed,2024-04-21,2026-07-25 01:44:20.964713,,Loan Management System
LN00001687,CUST00002688,Personal Loan,332861.59,8.15,45,8609.65,Defaulted,2022-12-31,2026-07-25 01:44:20.964713,,Loan Management System
LN00001688,CUST00004083,Education Loan,2894995.95,6.87,163,27365.44,Closed,2016-01-09,2026-07-25 01:44:20.965710,,Loan Management System
LN00001689,CUST00000006,Personal Loan,1025940.13,12.81,41,31028.29,Active,2021-07-04,2026-07-25 01:44:20.965710,,Loan Management System
LN00001690,CUST00003628,Personal Loan,217734.03,14.12,27,9459.9,Active,2018-01-16,2026-07-25 01:44:20.965710,,Loan Management System
LN00001691,CUST00003409,Home Loan,9469993.85,14.55,114,153735.41,Active,2025-07-21,2026-07-25 01:44:20.965710,,Loan Management System
LN00001692,CUST00003703,Education Loan,724917.58,17.18,134,12193.36,Closed,2022-06-04,2026-07-25 01:44:20.965710,,Loan Management System
LN00001693,CUST00000314,Home Loan,2947471.16,11.98,123,41719.56,Closed,2017-11-18,2026-07-25 01:44:20.966709,,Loan Management System
LN00001694,CUST00001600,Gold Loan,1593031.77,12.16,24,75108.62,Defaulted,2013-05-28,2026-07-25 01:44:20.966709,,Loan Management System
LN00001695,CUST00003730,Gold Loan,1921685.03,13.41,24,91730.92,Active,2023-01-16,2026-07-25 01:44:20.966709,,Loan Management System
LN00001696,CUST00001066,Education Loan,2970409.7,10.89,179,33631.42,Written Off,2015-07-16,2026-07-25 01:44:20.966709,,Loan Management System
LN00001697,CUST00001093,Personal Loan,388382.79,9.48,30,14591.58,Active,2019-08-01,2026-07-25 01:44:20.967708,,Loan Management System
LN00001698,CUST00002398,Home Loan,7535521.58,17.28,119,132724.71,Closed,2011-12-27,2026-07-25 01:44:20.967708,,Loan Management System
LN00001699,CUST00002464,Home Loan,3477036.77,10.87,60,75373.98,Active,2022-02-06,2026-07-25 01:44:20.967708,,Loan Management System
LN00001700,CUST00000002,Car Loan,731601.49,10.96,66,14808.54,Active,2021-02-10,2026-07-25 01:44:20.967708,,Loan Management System
LN00001701,CUST00002506,Personal Loan,1034988.15,15.66,45,30555.79,Closed,2017-02-21,2026-07-25 01:44:20.968717,,Loan Management System
LN00001702,CUST00002367,Car Loan,498440.58,6.61,70,8600.72,Active,2021-12-09,2026-07-25 01:44:20.968717,,Loan Management System
LN00001703,CUST00000413,Business Loan,6288059.27,9.02,99,90280.46,Active,2015-04-30,2026-07-25 01:44:20.968717,,Loan Management System
LN00001704,CUST00003826,Car Loan,608437.96,14.15,16,41950.46,Closed,2022-07-31,2026-07-25 01:44:20.969637,,Loan Management System
LN00001705,CUST00000436,Personal Loan,1485985.91,7.92,57,31365.36,Closed,2012-08-20,2026-07-25 01:44:20.969637,,Loan Management System
LN00001706,CUST00002967,Car Loan,803974.18,9.85,60,17022.8,Active,2022-05-16,2026-07-25 01:44:20.969637,,Loan Management System
LN00001707,CUST00004949,Business Loan,3477693.55,14.74,120,55554.92,Closed,2025-07-30,2026-07-25 01:44:20.969637,,Loan Management System
LN00001708,CUST00004711,Business Loan,14157944.57,7.1,111,174348.63,Active,2019-06-17,2026-07-25 01:44:20.970635,,Loan Management System
LN00001709,CUST00002477,Personal Loan,618121.4,17.82,54,16723.58,Pending,2023-06-28,2026-07-25 01:44:20.970635,,Loan Management System
LN00001710,CUST00000737,Home Loan,704875.3,11.01,276,7032.65,Closed,2016-09-13,2026-07-25 01:44:20.970635,,Loan Management System
LN00001711,CUST00000558,Gold Loan,1900342.61,11.0,36,62214.78,Closed,2022-08-10,2026-07-25 01:44:20.970635,,Loan Management System
LN00001712,CUST00002028,Personal Loan,1388442.49,14.56,47,38934.94,Active,2018-07-05,2026-07-25 01:44:20.970635,,Loan Management System
LN00001713,CUST00002757,Home Loan,7646531.56,13.17,87,136876.3,Closed,2013-07-18,2026-07-25 01:44:20.971709,,Loan Management System
LN00001714,CUST00002295,Education Loan,1884376.75,8.38,71,33752.33,Active,2013-12-09,2026-07-25 01:44:20.971709,,Loan Management System
LN00001715,CUST00004165,Personal Loan,1350966.23,8.91,59,28361.78,Active,2012-05-01,2026-07-25 01:44:20.971709,,Loan Management System
LN00001716,CUST00001269,Car Loan,1214232.17,16.35,25,57636.92,Closed,2012-03-12,2026-07-25 01:44:20.971709,,Loan Management System
LN00001717,CUST00002749,Gold Loan,390323.51,17.43,30,16143.53,Closed,2016-09-27,2026-07-25 01:44:20.972715,,Loan Management System
LN00001718,CUST00001774,Home Loan,1035149.33,10.59,302,9827.09,Active,2019-12-11,2026-07-25 01:44:20.972715,,Loan Management System
LN00001719,CUST00000282,Home Loan,9812629.22,13.98,282,118850.93,Written Off,2013-07-15,2026-07-25 01:44:20.972715,,Loan Management System
LN00001720,CUST00004344,Car Loan,1331183.19,6.89,42,35760.36,Active,2013-03-19,2026-07-25 01:44:20.972715,,Loan Management System
LN00001721,CUST00003305,Personal Loan,914425.44,8.48,59,19007.49,Active,2015-07-22,2026-07-25 01:44:20.973708,,Loan Management System
LN00001722,CUST00002299,Car Loan,2426910.59,14.07,71,50550.12,Defaulted,2020-09-15,2026-07-25 01:44:20.973708,,Loan Management System
LN00001723,CUST00004101,Car Loan,970604.91,14.01,59,22854.39,Active,2013-11-13,2026-07-25 01:44:20.973708,,Loan Management System
LN00001724,CUST00003039,Home Loan,1659489.85,13.88,320,19691.4,Active,2018-03-04,2026-07-25 01:44:20.973708,,Loan Management System
LN00001725,CUST00004603,Car Loan,2964578.14,12.01,24,139566.83,Closed,2019-04-12,2026-07-25 01:44:20.974681,,Loan Management System
LN00001726,CUST00003083,Home Loan,5099819.03,13.91,282,61499.89,Active,2017-11-15,2026-07-25 01:44:20.974681,,Loan Management System
LN00001727,CUST00003999,Home Loan,3589675.26,14.71,335,44759.01,Active,2022-12-20,2026-07-25 01:44:20.974681,,Loan Management System
LN00001728,CUST00004582,Business Loan,885054.57,12.89,80,16545.04,Closed,2024-03-15,2026-07-25 01:44:20.974681,,Loan Management System
LN00001729,CUST00001301,Car Loan,379008.66,16.13,80,7761.72,Closed,2023-05-30,2026-07-25 01:44:20.975719,,Loan Management System
LN00001730,CUST00001214,Education Loan,583948.38,15.16,66,13095.73,Active,2020-10-01,2026-07-25 01:44:20.975719,,Loan Management System
LN00001731,CUST00000436,Car Loan,703825.16,12.88,52,17732.51,Active,2018-09-10,2026-07-25 01:44:20.975719,,Loan Management System
LN00001732,CUST00004623,Home Loan,2459184.05,8.35,347,18807.49,Active,2021-07-21,2026-07-25 01:44:20.975719,,Loan Management System
LN00001733,CUST00003527,Education Loan,429980.28,7.93,112,5445.62,Active,2024-03-10,2026-07-25 01:44:20.976715,,Loan Management System
LN00001734,CUST00002100,Car Loan,1384543.72,17.37,12,126520.21,Active,2023-12-03,2026-07-25 01:44:20.976715,,Loan Management System
LN00001735,CUST00003923,Home Loan,9485048.64,16.9,210,141061.83,Closed,2014-03-11,2026-07-25 01:44:20.976715,,Loan Management System
LN00001736,CUST00002496,Personal Loan,886753.63,14.49,45,25657.77,Pending,2018-08-15,2026-07-25 01:44:20.976715,,Loan Management System
LN00001737,CUST00001443,Gold Loan,1525276.03,12.37,9,178329.57,Closed,2022-09-14,2026-07-25 01:44:20.977715,,Loan Management System
LN00001738,CUST00002790,Home Loan,848972.52,8.13,170,8425.22,Written Off,2013-03-31,2026-07-25 01:44:20.977715,,Loan Management System
LN00001739,CUST00003911,Car Loan,804911.91,10.63,28,32585.66,Closed,2025-09-29,2026-07-25 01:44:20.977715,,Loan Management System
LN00001740,CUST00001532,Personal Loan,847280.49,9.5,53,19636.37,Pending,2019-11-20,2026-07-25 01:44:20.977715,,Loan Management System
LN00001741,CUST00004485,Personal Loan,170718.41,9.42,39,5098.63,Pending,2022-01-13,2026-07-25 01:44:20.977715,,Loan Management System
LN00001742,CUST00001714,Home Loan,2435747.52,13.74,197,31201.58,Written Off,2018-07-03,2026-07-25 01:44:20.978712,,Loan Management System
LN00001743,CUST00002882,Car Loan,739356.78,10.78,77,13344.22,Closed,2016-04-27,2026-07-25 01:44:20.978712,,Loan Management System
LN00001744,CUST00001488,Personal Loan,272562.54,17.91,39,9269.59,Active,2012-02-13,2026-07-25 01:44:20.978712,,Loan Management System
LN00001745,CUST00004141,Gold Loan,637556.77,9.61,10,66597.44,Closed,2023-04-22,2026-07-25 01:44:20.978712,,Loan Management System
LN00001746,CUST00002347,Personal Loan,527568.39,7.52,33,17746.77,Closed,2017-11-12,2026-07-25 01:44:20.979711,,Loan Management System
LN00001747,CUST00004695,Home Loan,8081924.98,9.65,110,110974.28,Active,2015-04-05,2026-07-25 01:44:20.979711,,Loan Management System
LN00001748,CUST00003284,Gold Loan,962115.07,7.71,10,99644.04,Active,2019-02-08,2026-07-25 01:44:20.979711,,Loan Management System
LN00001749,CUST00001230,Education Loan,1295543.26,15.95,161,19553.22,Active,2019-02-16,2026-07-25 01:44:20.979711,,Loan Management System
LN00001750,CUST00003623,Personal Loan,879629.21,9.74,29,34164.16,Closed,2015-07-31,2026-07-25 01:44:20.980712,,Loan Management System
LN00001751,CUST00001151,Business Loan,3829574.62,17.38,61,94969.15,Active,2026-02-11,2026-07-25 01:44:20.980712,,Loan Management System
LN00001752,CUST00001763,Business Loan,13717331.72,15.57,82,272753.06,Closed,2017-09-24,2026-07-25 01:44:20.980712,,Loan Management System
LN00001753,CUST00001352,Business Loan,9798806.44,7.97,13,789261.53,Closed,2013-04-02,2026-07-25 01:44:20.980712,,Loan Management System
LN00001754,CUST00000629,Education Loan,2664495.45,8.14,104,35794.38,Active,2023-03-24,2026-07-25 01:44:20.981712,,Loan Management System
LN00001755,CUST00000022,Education Loan,3900549.4,14.64,99,68082.75,Closed,2017-10-23,2026-07-25 01:44:20.981712,,Loan Management System
LN00001756,CUST00000328,Personal Loan,713790.56,11.55,34,24715.96,Closed,2020-10-28,2026-07-25 01:44:20.981712,,Loan Management System
LN00001757,CUST00004155,Car Loan,972304.33,11.42,41,28752.65,Active,2022-07-13,2026-07-25 01:44:20.981712,,Loan Management System
LN00001758,CUST00004626,Business Loan,18975365.65,11.17,52,461985.41,Closed,2017-08-30,2026-07-25 01:44:20.982715,,Loan Management System
LN00001759,CUST00003699,Car Loan,414740.99,9.26,23,19749.04,Active,2012-08-04,2026-07-25 01:44:20.982715,,Loan Management System
LN00001760,CUST00003265,Home Loan,7562389.84,12.87,312,84122.51,Closed,2018-05-02,2026-07-25 01:44:20.982715,,Loan Management System
LN00001761,CUST00002659,Home Loan,9509768.52,14.29,129,144660.64,Active,2016-04-03,2026-07-25 01:44:20.982715,,Loan Management System
LN00001762,CUST00001985,Car Loan,2994272.39,16.71,27,133811.3,Active,2014-10-16,2026-07-25 01:44:20.983721,,Loan Management System
LN00001763,CUST00001880,Car Loan,2750481.94,15.08,66,61565.11,Closed,2013-08-22,2026-07-25 01:44:20.983721,,Loan Management System
LN00001764,CUST00000493,Education Loan,1052482.36,15.0,171,14941.93,Closed,2025-12-27,2026-07-25 01:44:20.983721,,Loan Management System
LN00001765,CUST00001077,Home Loan,4762194.41,8.44,328,37231.11,Pending,2025-08-01,2026-07-25 01:44:20.983721,,Loan Management System
LN00001766,CUST00003819,Home Loan,3986983.9,8.03,240,33423.21,Written Off,2019-04-19,2026-07-25 01:44:20.984705,,Loan Management System
LN00001767,CUST00002442,Personal Loan,599687.41,10.79,19,34476.67,Active,2013-02-13,2026-07-25 01:44:20.984705,,Loan Management System
LN00001768,CUST00002418,Car Loan,2528833.94,16.28,27,112486.26,Active,2022-11-02,2026-07-25 01:44:20.984705,,Loan Management System
LN00001769,CUST00003650,Personal Loan,433888.64,6.53,52,9602.68,Closed,2015-03-03,2026-07-25 01:44:20.985620,,Loan Management System
LN00001770,CUST00001562,Home Loan,3395788.09,17.23,323,49250.56,Closed,2022-06-24,2026-07-25 01:44:20.985620,,Loan Management System
LN00001771,CUST00001014,Home Loan,4899041.32,13.6,309,57283.15,Active,2022-06-10,2026-07-25 01:44:20.985620,,Loan Management System
LN00001772,CUST00001152,Home Loan,4873361.82,9.93,114,66200.63,Active,2021-09-20,2026-07-25 01:44:20.985620,,Loan Management System
LN00001773,CUST00000338,Business Loan,4130075.27,10.58,24,191689.53,Active,2011-12-04,2026-07-25 01:44:20.986700,,Loan Management System
LN00001774,CUST00004661,Home Loan,5526417.34,16.83,270,79354.87,Active,2012-06-03,2026-07-25 01:44:20.986700,,Loan Management System
LN00001775,CUST00001494,Personal Loan,275664.08,14.05,26,12359.47,Active,2024-12-11,2026-07-25 01:44:20.986700,,Loan Management System
LN00001776,CUST00000984,Personal Loan,578518.76,16.76,46,17130.82,Closed,2017-03-27,2026-07-25 01:44:20.986700,,Loan Management System
LN00001777,CUST00000933,Home Loan,4666434.65,16.15,142,73869.35,Active,2015-09-15,2026-07-25 01:44:20.987709,,Loan Management System
LN00001778,CUST00004085,Education Loan,122659.85,16.66,86,2452.07,Active,2013-09-14,2026-07-25 01:44:20.987709,,Loan Management System
LN00001779,CUST00000639,Personal Loan,243836.48,11.34,33,8635.48,Pending,2024-12-13,2026-07-25 01:44:20.987709,,Loan Management System
LN00001780,CUST00002582,Home Loan,2390423.28,12.01,196,27883.84,Active,2021-03-02,2026-07-25 01:44:20.987709,,Loan Management System
LN00001781,CUST00002498,Personal Loan,768573.01,14.34,20,43431.7,Active,2015-01-20,2026-07-25 01:44:20.988709,,Loan Management System
LN00001782,CUST00001329,Education Loan,3538889.47,12.27,135,48457.05,Active,2012-09-23,2026-07-25 01:44:20.988709,,Loan Management System
LN00001783,CUST00004611,Gold Loan,1986964.57,7.95,25,86504.39,Active,2025-09-05,2026-07-25 01:44:20.988709,,Loan Management System
LN00001784,CUST00001163,Education Loan,1022369.25,14.3,123,15882.49,Active,2024-07-30,2026-07-25 01:44:20.988709,,Loan Management System
LN00001785,CUST00003173,Car Loan,222480.89,12.02,48,5860.96,Active,2020-12-27,2026-07-25 01:44:20.989707,,Loan Management System
LN00001786,CUST00003073,Education Loan,1066214.47,8.25,166,10790.36,Active,2015-02-01,2026-07-25 01:44:20.989707,,Loan Management System
LN00001787,CUST00002445,Personal Loan,216778.99,9.53,56,4810.54,Active,2021-07-15,2026-07-25 01:44:20.989707,,Loan Management System
LN00001788,CUST00000356,Business Loan,4369042.95,14.62,115,70823.88,Active,2015-03-27,2026-07-25 01:44:20.989707,,Loan Management System
LN00001789,CUST00002316,Education Loan,2483291.73,8.67,74,43442.74,Active,2025-05-24,2026-07-25 01:44:20.990627,,Loan Management System
LN00001790,CUST00000357,Home Loan,864481.1,17.89,134,14945.34,Active,2026-05-11,2026-07-25 01:44:20.990627,,Loan Management System
LN00001791,CUST00002007,Car Loan,454619.21,7.09,64,8551.6,Active,2015-07-11,2026-07-25 01:44:20.990627,,Loan Management System
LN00001792,CUST00001998,Education Loan,3922484.93,9.05,145,44578.52,Active,2017-02-24,2026-07-25 01:44:20.990627,,Loan Management System
LN00001793,CUST00004700,Car Loan,2002844.84,10.0,46,52596.13,Active,2024-09-25,2026-07-25 01:44:20.991707,,Loan Management System
LN00001794,CUST00002501,Gold Loan,1786174.36,9.34,6,305857.85,Active,2014-01-26,2026-07-25 01:44:20.991707,,Loan Management System
LN00001795,CUST00002978,Home Loan,6774092.19,10.2,206,69784.34,Active,2024-12-23,2026-07-25 01:44:20.991707,,Loan Management System
LN00001796,CUST00003086,Business Loan,2464853.15,8.63,74,43071.34,Active,2021-09-13,2026-07-25 01:44:20.991707,,Loan Management System
LN00001797,CUST00004475,Personal Loan,190486.47,6.66,47,4615.63,Closed,2011-08-11,2026-07-25 01:44:20.991707,,Loan Management System
LN00001798,CUST00003460,Home Loan,3925402.72,15.82,330,52445.97,Closed,2016-04-11,2026-07-25 01:44:20.992713,,Loan Management System
LN00001799,CUST00003517,Home Loan,3121495.99,13.22,104,50570.49,Defaulted,2026-03-01,2026-07-25 01:44:20.992713,,Loan Management System
LN00001800,CUST00000607,Home Loan,7554580.65,7.88,360,54802.17,Written Off,2014-01-09,2026-07-25 01:44:20.992713,,Loan Management System
LN00001801,CUST00002128,Business Loan,16439478.46,8.72,69,303800.86,Pending,2013-10-09,2026-07-25 01:44:20.992713,,Loan Management System
LN00001802,CUST00004605,Home Loan,5692500.72,10.44,302,53430.07,Written Off,2020-10-01,2026-07-25 01:44:20.993711,,Loan Management System
LN00001803,CUST00003784,Home Loan,7347309.93,7.0,158,71304.09,Active,2015-10-29,2026-07-25 01:44:20.993711,,Loan Management System
LN00001804,CUST00002103,Education Loan,3577187.95,15.23,179,50704.72,Written Off,2025-02-22,2026-07-25 01:44:20.993711,,Loan Management System
LN00001805,CUST00002163,Business Loan,9245403.29,14.75,67,203324.44,Active,2014-07-13,2026-07-25 01:44:20.993711,,Loan Management System
LN00001806,CUST00002340,Personal Loan,1400431.87,12.29,13,115605.89,Active,2013-06-07,2026-07-25 01:44:20.994708,,Loan Management System
LN00001807,CUST00002428,Personal Loan,1452856.06,9.83,48,36729.68,Active,2022-10-22,2026-07-25 01:44:20.994708,,Loan Management System
LN00001808,CUST00001046,Gold Loan,495722.52,15.87,34,18197.48,Closed,2026-04-20,2026-07-25 01:44:20.994708,,Loan Management System
LN00001809,CUST00001030,Business Loan,19444999.14,8.4,108,257198.83,Active,2012-01-01,2026-07-25 01:44:20.994708,,Loan Management System
LN00001810,CUST00002959,Car Loan,1292691.32,13.48,38,41981.66,Active,2013-10-20,2026-07-25 01:44:20.995707,,Loan Management System
LN00001811,CUST00001027,Home Loan,2569173.36,14.51,322,31727.26,Active,2011-10-25,2026-07-25 01:44:20.995707,,Loan Management System
LN00001812,CUST00002780,Education Loan,2147785.49,9.99,92,33508.31,Active,2017-08-28,2026-07-25 01:44:20.995707,,Loan Management System
LN00001813,CUST00003469,Personal Loan,222699.92,9.08,46,5750.74,Active,2024-12-31,2026-07-25 01:44:20.995707,,Loan Management System
LN00001814,CUST00003918,Home Loan,1907325.03,16.66,128,31950.36,Active,2024-12-22,2026-07-25 01:44:20.996712,,Loan Management System
LN00001815,CUST00003931,Education Loan,2605411.18,9.36,89,40711.26,Active,2015-08-11,2026-07-25 01:44:20.996712,,Loan Management System
LN00001816,CUST00003648,Home Loan,3800888.04,13.46,248,45494.81,Active,2021-07-31,2026-07-25 01:44:20.996712,,Loan Management System
LN00001817,CUST00002002,Gold Loan,2212866.31,9.54,11,210892.08,Active,2017-01-25,2026-07-25 01:44:20.996712,,Loan Management System
LN00001818,CUST00003686,Car Loan,1108978.39,7.16,13,88911.37,Closed,2011-10-31,2026-07-25 01:44:20.997712,,Loan Management System
LN00001819,CUST00000396,Home Loan,9669660.91,8.53,68,179821.58,Active,2014-07-11,2026-07-25 01:44:20.997712,,Loan Management System
LN00001820,CUST00001632,Gold Loan,1951010.33,15.48,9,231000.07,Closed,2016-01-28,2026-07-25 01:44:20.997712,,Loan Management System
LN00001821,CUST00003723,Car Loan,2847837.65,9.46,82,47288.08,Active,2012-06-14,2026-07-25 01:44:20.997712,,Loan Management System
LN00001822,CUST00000326,Personal Loan,520181.39,8.85,52,12080.36,Closed,2013-09-19,2026-07-25 01:44:20.998709,,Loan Management System
LN00001823,CUST00001123,Education Loan,707001.76,9.16,147,8018.82,Active,2024-03-06,2026-07-25 01:44:20.998709,,Loan Management System
LN00001824,CUST00001402,Business Loan,2326975.71,8.59,35,75397.51,Closed,2018-09-21,2026-07-25 01:44:20.998709,,Loan Management System
LN00001825,CUST00003099,Home Loan,5911750.86,17.35,152,96343.92,Closed,2020-07-05,2026-07-25 01:44:20.998709,,Loan Management System
LN00001826,CUST00000054,Home Loan,2047727.16,8.54,261,17289.11,Closed,2013-06-30,2026-07-25 01:44:20.999707,,Loan Management System
LN00001827,CUST00002868,Home Loan,1863462.42,11.4,292,18897.89,Pending,2024-03-31,2026-07-25 01:44:20.999707,,Loan Management System
LN00001828,CUST00000095,Gold Loan,273078.65,12.56,3,92938.31,Closed,2012-08-22,2026-07-25 01:44:20.999707,,Loan Management System
LN00001829,CUST00001434,Personal Loan,80038.08,16.01,60,1946.8,Closed,2019-08-31,2026-07-25 01:44:20.999707,,Loan Management System
LN00001830,CUST00003894,Gold Loan,352143.14,15.36,20,20068.77,Active,2019-03-10,2026-07-25 01:44:21.000709,,Loan Management System
LN00001831,CUST00001468,Car Loan,237791.33,17.61,25,11431.75,Active,2024-10-18,2026-07-25 01:44:21.000709,,Loan Management System
LN00001832,CUST00001807,Business Loan,17128044.17,7.48,29,647445.92,Active,2017-09-20,2026-07-25 01:44:21.001723,,Loan Management System
LN00001833,CUST00004031,Car Loan,1444113.36,8.38,54,32193.54,Active,2020-04-17,2026-07-25 01:44:21.002724,,Loan Management System
LN00001834,CUST00001207,Home Loan,5663501.17,9.58,338,48514.57,Active,2021-08-29,2026-07-25 01:44:21.002724,,Loan Management System
LN00001835,CUST00000168,Business Loan,2504898.58,9.91,77,44092.89,Defaulted,2013-06-01,2026-07-25 01:44:21.003720,,Loan Management System
LN00001836,CUST00000301,Personal Loan,51755.11,9.08,26,2200.3,Active,2019-04-02,2026-07-25 01:44:21.003720,,Loan Management System
LN00001837,CUST00000666,Home Loan,6725963.68,9.1,256,59625.07,Closed,2020-02-18,2026-07-25 01:44:21.004705,,Loan Management System
LN00001838,CUST00002481,Education Loan,3616297.14,12.16,64,77069.98,Active,2015-05-01,2026-07-25 01:44:21.004705,,Loan Management System
LN00001839,CUST00003884,Gold Loan,722490.32,7.38,24,32472.36,Active,2022-01-10,2026-07-25 01:44:21.004705,,Loan Management System
LN00001840,CUST00004584,Gold Loan,2301687.17,16.8,12,209706.41,Active,2012-04-19,2026-07-25 01:44:21.005702,,Loan Management System
LN00001841,CUST00000325,Car Loan,1878912.16,14.31,31,72858.38,Defaulted,2023-12-07,2026-07-25 01:44:21.005702,,Loan Management System
LN00001842,CUST00001139,Car Loan,1949323.16,9.8,25,86520.19,Active,2024-11-19,2026-07-25 01:44:21.005702,,Loan Management System
LN00001843,CUST00004121,Personal Loan,585213.12,9.55,57,12811.12,Closed,2026-04-24,2026-07-25 01:44:21.006713,,Loan Management System
LN00001844,CUST00001646,Education Loan,3460684.5,17.75,73,77838.22,Active,2022-10-09,2026-07-25 01:44:21.006713,,Loan Management System
LN00001845,CUST00004986,Personal Loan,1095948.02,15.53,42,33989.43,Closed,2020-06-07,2026-07-25 01:44:21.006713,,Loan Management System
LN00001846,CUST00000752,Home Loan,4560805.02,14.86,134,69916.49,Active,2016-09-10,2026-07-25 01:44:21.006713,,Loan Management System
LN00001847,CUST00002379,Gold Loan,475134.03,10.93,23,22990.93,Active,2019-05-10,2026-07-25 01:44:21.007711,,Loan Management System
LN00001848,CUST00000286,Personal Loan,1460630.85,13.42,52,37196.04,Active,2022-07-04,2026-07-25 01:44:21.007711,,Loan Management System
LN00001849,CUST00004597,Business Loan,13252107.33,9.33,65,260492.05,Active,2012-02-03,2026-07-25 01:44:21.007711,,Loan Management System
LN00001850,CUST00002932,Car Loan,1579283.94,12.67,41,47655.95,Active,2012-08-05,2026-07-25 01:44:21.007711,,Loan Management System
LN00001851,CUST00001604,Car Loan,1381154.13,13.15,40,42833.38,Closed,2019-09-17,2026-07-25 01:44:21.008707,,Loan Management System
LN00001852,CUST00004956,Home Loan,527228.0,17.93,68,12401.07,Active,2025-12-22,2026-07-25 01:44:21.008707,,Loan Management System
LN00001853,CUST00000875,Personal Loan,243709.39,7.77,34,8008.95,Active,2018-05-24,2026-07-25 01:44:21.008707,,Loan Management System
LN00001854,CUST00003318,Business Loan,15683614.11,8.1,70,281878.29,Active,2018-10-24,2026-07-25 01:44:21.008707,,Loan Management System
LN00001855,CUST00001671,Business Loan,19450482.23,17.0,43,607113.37,Active,2023-03-27,2026-07-25 01:44:21.009709,,Loan Management System
LN00001856,CUST00000353,Home Loan,7596455.93,7.85,133,85696.56,Active,2013-05-25,2026-07-25 01:44:21.009709,,Loan Management System
LN00001857,CUST00003150,Home Loan,9666675.33,10.77,114,135794.52,Closed,2019-11-26,2026-07-25 01:44:21.009709,,Loan Management System
LN00001858,CUST00002086,Home Loan,8455653.35,16.51,75,181449.48,Active,2023-09-06,2026-07-25 01:44:21.009709,,Loan Management System
LN00001859,CUST00004539,Home Loan,2827935.14,6.64,273,20105.21,Active,2019-02-09,2026-07-25 01:44:21.010709,,Loan Management System
LN00001860,CUST00000935,Home Loan,7563800.42,15.1,213,102308.96,Active,2012-10-23,2026-07-25 01:44:21.010709,,Loan Management System
LN00001861,CUST00002321,Education Loan,1831497.18,13.92,39,58649.67,Active,2012-12-08,2026-07-25 01:44:21.010709,,Loan Management System
LN00001862,CUST00003355,Home Loan,8870992.85,6.87,148,89037.66,Active,2017-01-15,2026-07-25 01:44:21.010709,,Loan Management System
LN00001863,CUST00004860,Home Loan,8410460.9,14.32,292,103608.53,Closed,2021-11-28,2026-07-25 01:44:21.011711,,Loan Management System
LN00001864,CUST00000440,Business Loan,18423429.49,12.27,102,291737.88,Active,2014-01-31,2026-07-25 01:44:21.011711,,Loan Management System
LN00001865,CUST00003157,Gold Loan,697773.33,7.56,27,28184.85,Written Off,2012-09-05,2026-07-25 01:44:21.011711,,Loan Management System
LN00001866,CUST00004119,Home Loan,2512710.31,13.62,172,33298.65,Active,2013-09-16,2026-07-25 01:44:21.011711,,Loan Management System
LN00001867,CUST00002957,Business Loan,19531754.18,13.46,21,1049103.18,Closed,2016-03-28,2026-07-25 01:44:21.012709,,Loan Management System
LN00001868,CUST00001864,Personal Loan,504125.01,13.88,36,17200.43,Active,2022-03-08,2026-07-25 01:44:21.012709,,Loan Management System
LN00001869,CUST00000442,Business Loan,13109620.32,8.74,25,575475.77,Active,2022-05-01,2026-07-25 01:44:21.012709,,Loan Management System
LN00001870,CUST00001591,Personal Loan,1179256.03,10.36,27,49151.61,Active,2021-07-09,2026-07-25 01:44:21.012709,,Loan Management System
LN00001871,CUST00003476,Car Loan,382893.67,13.37,51,9882.33,Active,2020-11-21,2026-07-25 01:44:21.013709,,Loan Management System
LN00001872,CUST00004518,Home Loan,9327418.13,9.26,103,131594.86,Written Off,2023-09-05,2026-07-25 01:44:21.013709,,Loan Management System
LN00001873,CUST00003285,Car Loan,1778470.1,15.59,17,117268.81,Active,2017-02-03,2026-07-25 01:44:21.013709,,Loan Management System
LN00001874,CUST00002510,Home Loan,3431746.16,17.78,204,53510.01,Written Off,2018-01-15,2026-07-25 01:44:21.013709,,Loan Management System
LN00001875,CUST00003624,Car Loan,1080522.84,10.99,57,24417.72,Written Off,2021-09-22,2026-07-25 01:44:21.014709,,Loan Management System
LN00001876,CUST00001310,Education Loan,479781.36,11.18,164,5719.9,Active,2020-08-02,2026-07-25 01:44:21.014709,,Loan Management System
LN00001877,CUST00003613,Business Loan,3428639.83,13.25,60,78451.58,Active,2016-07-30,2026-07-25 01:44:21.014709,,Loan Management System
LN00001878,CUST00000347,Business Loan,1229461.6,8.35,99,17225.07,Active,2019-04-13,2026-07-25 01:44:21.014709,,Loan Management System
LN00001879,CUST00004604,Business Loan,2319171.87,14.76,39,75222.92,Closed,2020-02-29,2026-07-25 01:44:21.015717,,Loan Management System
LN00001880,CUST00002851,Car Loan,2352712.0,8.35,76,39965.45,Active,2021-11-10,2026-07-25 01:44:21.015717,,Loan Management System
LN00001881,CUST00003513,Education Loan,2640440.17,17.2,123,45801.57,Active,2018-11-18,2026-07-25 01:44:21.015717,,Loan Management System
LN00001882,CUST00001585,Home Loan,3262995.1,13.67,280,38797.94,Active,2013-04-01,2026-07-25 01:44:21.015717,,Loan Management System
LN00001883,CUST00000638,Education Loan,2763206.55,9.25,55,61830.78,Written Off,2025-01-20,2026-07-25 01:44:21.016723,,Loan Management System
LN00001884,CUST00004223,Car Loan,2984332.68,7.62,13,239897.34,Active,2023-07-02,2026-07-25 01:44:21.016723,,Loan Management System
LN00001885,CUST00003223,Business Loan,11169153.02,17.64,112,203975.22,Defaulted,2013-07-04,2026-07-25 01:44:21.016723,,Loan Management System
LN00001886,CUST00000921,Personal Loan,709471.39,8.45,30,26317.72,Active,2026-01-26,2026-07-25 01:44:21.016723,,Loan Management System
LN00001887,CUST00003817,Personal Loan,576825.99,7.53,23,27011.17,Closed,2022-09-13,2026-07-25 01:44:21.017703,,Loan Management System
LN00001888,CUST00002258,Personal Loan,1479907.8,17.75,60,37378.95,Defaulted,2022-08-20,2026-07-25 01:44:21.017703,,Loan Management System
LN00001889,CUST00002672,Car Loan,593252.28,7.93,84,9225.88,Active,2024-08-23,2026-07-25 01:44:21.017703,,Loan Management System
LN00001890,CUST00002697,Personal Loan,465606.35,11.2,51,11515.84,Pending,2020-12-09,2026-07-25 01:44:21.017703,,Loan Management System
LN00001891,CUST00003428,Home Loan,3983956.53,16.22,220,56812.22,Active,2023-10-29,2026-07-25 01:44:21.018704,,Loan Management System
LN00001892,CUST00001897,Car Loan,1616638.8,9.52,17,102029.32,Closed,2026-04-14,2026-07-25 01:44:21.018704,,Loan Management System
LN00001893,CUST00003502,Car Loan,2274919.17,9.32,83,37288.28,Active,2015-03-22,2026-07-25 01:44:21.018704,,Loan Management System
LN00001894,CUST00003194,Business Loan,6167881.7,8.32,63,121170.24,Defaulted,2018-11-17,2026-07-25 01:44:21.018704,,Loan Management System
LN00001895,CUST00004197,Home Loan,8804509.41,14.2,238,110933.94,Active,2019-03-30,2026-07-25 01:44:21.019704,,Loan Management System
LN00001896,CUST00002758,Car Loan,2720354.24,11.85,22,138177.33,Active,2015-06-13,2026-07-25 01:44:21.019704,,Loan Management System
LN00001897,CUST00001432,Home Loan,9615707.38,11.06,281,95906.37,Active,2018-08-08,2026-07-25 01:44:21.019704,,Loan Management System
LN00001898,CUST00001500,Personal Loan,510063.05,17.96,43,16171.09,Active,2017-04-30,2026-07-25 01:44:21.019704,,Loan Management System
LN00001899,CUST00001607,Education Loan,545873.09,11.73,175,6525.19,Active,2025-08-21,2026-07-25 01:44:21.020707,,Loan Management System
LN00001900,CUST00004785,Personal Loan,978313.75,10.18,14,74407.0,Written Off,2019-04-11,2026-07-25 01:44:21.020707,,Loan Management System
LN00001901,CUST00000504,Education Loan,343361.01,15.8,146,5306.94,Written Off,2018-05-06,2026-07-25 01:44:21.020707,,Loan Management System
LN00001902,CUST00005000,Home Loan,2509182.43,6.76,276,17941.43,Active,2018-08-21,2026-07-25 01:44:21.020707,,Loan Management System
LN00001903,CUST00001723,Car Loan,434055.59,7.3,63,8314.83,Active,2023-12-22,2026-07-25 01:44:21.021703,,Loan Management System
LN00001904,CUST00004841,Business Loan,9302708.17,11.33,39,286248.38,Closed,2013-03-06,2026-07-25 01:44:21.021703,,Loan Management System
LN00001905,CUST00001232,Personal Loan,1254296.18,7.56,39,36374.8,Active,2016-11-17,2026-07-25 01:44:21.021703,,Loan Management System
LN00001906,CUST00003070,Education Loan,741679.8,10.52,143,9119.68,Active,2018-10-27,2026-07-25 01:44:21.021703,,Loan Management System
LN00001907,CUST00002157,Car Loan,2394800.7,17.6,67,56377.72,Active,2016-11-16,2026-07-25 01:44:21.022709,,Loan Management System
LN00001908,CUST00000087,Car Loan,1289586.31,6.61,37,38621.56,Active,2022-11-16,2026-07-25 01:44:21.022709,,Loan Management System
LN00001909,CUST00002388,Car Loan,1926234.65,10.22,52,46003.97,Active,2015-11-24,2026-07-25 01:44:21.022709,,Loan Management System
LN00001910,CUST00004974,Business Loan,18709478.29,12.24,52,465401.42,Active,2017-12-05,2026-07-25 01:44:21.022709,,Loan Management System
LN00001911,CUST00002526,Gold Loan,1030806.93,12.49,3,350779.65,Written Off,2014-02-27,2026-07-25 01:44:21.023629,,Loan Management System
LN00001912,CUST00000169,Gold Loan,2146735.99,13.79,9,252440.3,Active,2023-03-31,2026-07-25 01:44:21.023629,,Loan Management System
LN00001913,CUST00000662,Education Loan,831862.07,14.51,78,16533.09,Closed,2019-08-18,2026-07-25 01:44:21.023629,,Loan Management System
LN00001914,CUST00000214,Home Loan,2492749.26,8.7,355,19579.26,Written Off,2012-09-14,2026-07-25 01:44:21.023629,,Loan Management System
LN00001915,CUST00000340,Personal Loan,577501.96,9.97,31,21207.86,Active,2013-02-10,2026-07-25 01:44:21.024706,,Loan Management System
LN00001916,CUST00004307,Business Loan,14136684.35,13.96,70,296329.88,Active,2025-09-17,2026-07-25 01:44:21.024706,,Loan Management System
LN00001917,CUST00000033,Personal Loan,1250869.5,11.4,60,27447.13,Active,2013-01-05,2026-07-25 01:44:21.024706,,Loan Management System
LN00001918,CUST00000481,Gold Loan,1160588.32,10.79,13,94995.78,Active,2013-02-23,2026-07-25 01:44:21.024706,,Loan Management System
LN00001919,CUST00002843,Personal Loan,1275382.83,14.42,39,41153.97,Closed,2018-11-28,2026-07-25 01:44:21.025712,,Loan Management System
LN00001920,CUST00002619,Education Loan,3757815.98,16.92,61,92255.56,Written Off,2013-03-16,2026-07-25 01:44:21.025712,,Loan Management System
LN00001921,CUST00001082,Business Loan,2524334.77,13.97,90,45410.94,Pending,2024-03-24,2026-07-25 01:44:21.025712,,Loan Management System
LN00001922,CUST00003878,Home Loan,7624464.95,13.67,338,88785.53,Active,2024-02-17,2026-07-25 01:44:21.025712,,Loan Management System
LN00001923,CUST00002708,Personal Loan,892788.69,6.88,30,32477.3,Defaulted,2017-11-25,2026-07-25 01:44:21.026710,,Loan Management System
LN00001924,CUST00000805,Home Loan,7880362.4,12.84,118,117900.45,Active,2025-05-16,2026-07-25 01:44:21.026710,,Loan Management System
LN00001925,CUST00002094,Personal Loan,230438.81,17.63,41,7522.12,Active,2013-10-10,2026-07-25 01:44:21.026710,,Loan Management System
LN00001926,CUST00002796,Business Loan,14224781.66,15.02,12,1284039.04,Pending,2021-01-10,2026-07-25 01:44:21.026710,,Loan Management System
LN00001927,CUST00002195,Education Loan,2079487.17,9.58,103,29690.89,Active,2012-07-31,2026-07-25 01:44:21.027709,,Loan Management System
LN00001928,CUST00001469,Business Loan,18232085.34,14.24,12,1639065.95,Pending,2021-07-16,2026-07-25 01:44:21.027709,,Loan Management System
LN00001929,CUST00004710,Personal Loan,72518.59,8.26,35,2338.64,Closed,2021-02-11,2026-07-25 01:44:21.027709,,Loan Management System
LN00001930,CUST00001796,Car Loan,2275487.21,10.15,33,79314.02,Written Off,2021-02-12,2026-07-25 01:44:21.027709,,Loan Management System
LN00001931,CUST00003678,Gold Loan,623532.0,17.7,15,46641.37,Closed,2017-03-03,2026-07-25 01:44:21.028713,,Loan Management System
LN00001932,CUST00000738,Personal Loan,124792.44,17.22,39,4200.6,Active,2022-12-17,2026-07-25 01:44:21.028713,,Loan Management System
LN00001933,CUST00002420,Car Loan,2936595.78,8.5,52,67708.01,Active,2013-08-22,2026-07-25 01:44:21.028713,,Loan Management System
LN00001934,CUST00001674,Personal Loan,194387.99,15.71,44,5839.91,Active,2018-07-20,2026-07-25 01:44:21.028713,,Loan Management System
LN00001935,CUST00003123,Car Loan,1297634.1,15.26,45,38047.84,Closed,2017-07-30,2026-07-25 01:44:21.029713,,Loan Management System
LN00001936,CUST00002803,Home Loan,3562844.0,7.57,73,61054.47,Active,2026-06-04,2026-07-25 01:44:21.029713,,Loan Management System
LN00001937,CUST00003698,Car Loan,1861206.94,6.82,81,28735.26,Pending,2022-11-18,2026-07-25 01:44:21.029713,,Loan Management System
LN00001938,CUST00003173,Home Loan,4132846.07,15.04,126,65416.23,Written Off,2024-04-29,2026-07-25 01:44:21.029713,,Loan Management System
LN00001939,CUST00003038,Car Loan,2377251.3,8.65,40,68622.94,Active,2018-10-04,2026-07-25 01:44:21.029713,,Loan Management System
LN00001940,CUST00002143,Car Loan,886712.37,15.47,60,21314.22,Closed,2026-05-01,2026-07-25 01:44:21.030712,,Loan Management System
LN00001941,CUST00001748,Car Loan,969901.51,17.25,14,76978.61,Closed,2023-10-30,2026-07-25 01:44:21.030712,,Loan Management System
LN00001942,CUST00004963,Car Loan,489573.84,11.78,27,20729.72,Active,2012-06-08,2026-07-25 01:44:21.030712,,Loan Management System
LN00001943,CUST00002488,Personal Loan,1347176.94,7.57,43,35868.9,Closed,2016-06-15,2026-07-25 01:44:21.030712,,Loan Management System
LN00001944,CUST00001847,Business Loan,4555462.87,7.66,113,56709.43,Active,2021-10-10,2026-07-25 01:44:21.031714,,Loan Management System
LN00001945,CUST00000363,Home Loan,9612563.14,7.38,274,72660.02,Active,2016-11-16,2026-07-25 01:44:21.031714,,Loan Management System
LN00001946,CUST00004816,Personal Loan,1367038.48,15.8,23,69277.15,Active,2017-07-18,2026-07-25 01:44:21.031714,,Loan Management System
LN00001947,CUST00001960,Business Loan,13363494.67,13.76,16,918943.44,Active,2013-04-28,2026-07-25 01:44:21.031714,,Loan Management System
LN00001948,CUST00002118,Personal Loan,552836.4,17.94,50,15778.02,Active,2021-05-24,2026-07-25 01:44:21.032714,,Loan Management System
LN00001949,CUST00000045,Home Loan,7546119.88,17.16,158,120717.31,Closed,2020-03-11,2026-07-25 01:44:21.032714,,Loan Management System
LN00001950,CUST00002867,Car Loan,1650385.78,15.25,39,53930.07,Defaulted,2015-03-07,2026-07-25 01:44:21.032714,,Loan Management System
LN00001951,CUST00004765,Home Loan,2561098.96,10.27,172,28499.21,Active,2014-03-12,2026-07-25 01:44:21.033710,,Loan Management System
LN00001952,CUST00000528,Car Loan,554424.69,9.65,37,17383.82,Written Off,2022-09-25,2026-07-25 01:44:21.033710,,Loan Management System
LN00001953,CUST00004168,Personal Loan,849670.82,9.88,59,18239.15,Closed,2019-10-07,2026-07-25 01:44:21.033710,,Loan Management System
LN00001954,CUST00002471,Personal Loan,1422201.23,17.11,28,61961.4,Active,2015-05-18,2026-07-25 01:44:21.033710,,Loan Management System
LN00001955,CUST00004726,Car Loan,2684481.7,9.73,62,55261.15,Active,2025-12-22,2026-07-25 01:44:21.034708,,Loan Management System
LN00001956,CUST00001759,Education Loan,2391557.66,8.41,88,36505.38,Written Off,2013-05-27,2026-07-25 01:44:21.034708,,Loan Management System
LN00001957,CUST00004558,Personal Loan,1330143.13,11.37,59,29534.35,Active,2017-07-08,2026-07-25 01:44:21.034708,,Loan Management System
LN00001958,CUST00004622,Personal Loan,205960.71,10.91,24,9590.78,Closed,2025-12-10,2026-07-25 01:44:21.034708,,Loan Management System
LN00001959,CUST00002213,Personal Loan,967412.78,7.24,22,47088.54,Defaulted,2021-01-09,2026-07-25 01:44:21.034708,,Loan Management System
LN00001960,CUST00001154,Gold Loan,651332.56,11.21,36,21388.62,Active,2017-10-24,2026-07-25 01:44:21.035713,,Loan Management System
LN00001961,CUST00002919,Home Loan,2209090.24,10.21,155,25710.68,Active,2013-07-07,2026-07-25 01:44:21.035713,,Loan Management System
LN00001962,CUST00002331,Home Loan,6741068.81,10.78,220,70399.44,Active,2024-07-14,2026-07-25 01:44:21.035713,,Loan Management System
LN00001963,CUST00001531,Personal Loan,65806.49,10.28,41,1910.17,Closed,2016-04-19,2026-07-25 01:44:21.035713,,Loan Management System
LN00001964,CUST00003546,Personal Loan,387340.68,7.26,30,14157.4,Closed,2021-04-30,2026-07-25 01:44:21.036712,,Loan Management System
LN00001965,CUST00001078,Car Loan,488176.54,9.7,21,25368.95,Closed,2015-05-30,2026-07-25 01:44:21.036712,,Loan Management System
LN00001966,CUST00001415,Car Loan,2109969.38,11.5,52,51713.03,Active,2025-04-17,2026-07-25 01:44:21.036712,,Loan Management System
LN00001967,CUST00001679,Home Loan,5192375.49,7.04,200,44173.11,Active,2018-11-11,2026-07-25 01:44:21.036712,,Loan Management System
LN00001968,CUST00003449,Home Loan,2125827.43,10.26,256,20493.62,Active,2025-12-09,2026-07-25 01:44:21.037715,,Loan Management System
LN00001969,CUST00002979,Home Loan,669444.85,15.51,354,8745.35,Written Off,2021-02-07,2026-07-25 01:44:21.037715,,Loan Management System
LN00001970,CUST00000820,Business Loan,6045133.47,16.18,63,143018.58,Active,2024-08-13,2026-07-25 01:44:21.037715,,Loan Management System
LN00001971,CUST00000036,Car Loan,1677038.31,10.38,14,127704.71,Active,2025-06-26,2026-07-25 01:44:21.037715,,Loan Management System
LN00001972,CUST00004184,Home Loan,8123876.18,14.82,200,109754.99,Active,2022-02-20,2026-07-25 01:44:21.038717,,Loan Management System
LN00001973,CUST00002422,Personal Loan,165662.45,15.41,43,5037.78,Closed,2021-12-31,2026-07-25 01:44:21.038888,,Loan Management System
LN00001974,CUST00004136,Personal Loan,1059862.56,11.73,53,25718.21,Written Off,2023-01-17,2026-07-25 01:44:21.038888,,Loan Management System
LN00001975,CUST00003375,Home Loan,4052107.79,13.61,74,81206.69,Active,2022-06-30,2026-07-25 01:44:21.038888,,Loan Management System
LN00001976,CUST00003958,Business Loan,3205321.26,17.93,100,61951.49,Closed,2021-01-12,2026-07-25 01:44:21.038888,,Loan Management System
LN00001977,CUST00003176,Home Loan,1336158.84,14.83,248,17336.98,Closed,2012-01-04,2026-07-25 01:44:21.040004,,Loan Management System
LN00001978,CUST00000674,Car Loan,213835.8,14.41,18,13280.8,Active,2021-12-03,2026-07-25 01:44:21.040004,,Loan Management System
LN00001979,CUST00001837,Education Loan,532134.03,17.39,55,14104.15,Active,2022-10-02,2026-07-25 01:44:21.040004,,Loan Management System
LN00001980,CUST00003462,Car Loan,2416557.93,10.86,33,85035.86,Pending,2025-09-03,2026-07-25 01:44:21.040004,,Loan Management System
LN00001981,CUST00000376,Car Loan,535723.97,10.17,30,20298.85,Closed,2023-05-12,2026-07-25 01:44:21.040923,,Loan Management System
LN00001982,CUST00000205,Business Loan,19333807.14,11.25,69,381797.41,Closed,2016-02-10,2026-07-25 01:44:21.040923,,Loan Management System
LN00001983,CUST00001253,Car Loan,873465.65,12.0,74,16761.02,Written Off,2012-01-20,2026-07-25 01:44:21.040923,,Loan Management System
LN00001984,CUST00003900,Personal Loan,1109753.64,9.1,28,44140.2,Closed,2014-08-19,2026-07-25 01:44:21.040923,,Loan Management System
LN00001985,CUST00003847,Education Loan,1476737.82,16.11,98,27182.34,Closed,2016-03-18,2026-07-25 01:44:21.042008,,Loan Management System
LN00001986,CUST00004512,Education Loan,902975.81,7.4,162,8829.95,Active,2023-07-08,2026-07-25 01:44:21.042008,,Loan Management System
LN00001987,CUST00001781,Home Loan,2553286.95,15.91,156,38827.27,Active,2024-07-13,2026-07-25 01:44:21.042008,,Loan Management System
LN00001988,CUST00002116,Personal Loan,1230293.36,15.26,44,36682.44,Defaulted,2016-10-25,2026-07-25 01:44:21.042008,,Loan Management System
LN00001989,CUST00003142,Education Loan,1316119.18,11.72,75,24834.86,Closed,2017-05-05,2026-07-25 01:44:21.043014,,Loan Management System
LN00001990,CUST00004565,Home Loan,1735574.85,17.04,257,25320.8,Written Off,2017-07-14,2026-07-25 01:44:21.043014,,Loan Management System
LN00001991,CUST00003239,Business Loan,10512548.83,15.47,36,366845.19,Active,2011-08-31,2026-07-25 01:44:21.043014,,Loan Management System
LN00001992,CUST00002093,Personal Loan,1045085.7,17.44,48,30394.42,Closed,2014-08-25,2026-07-25 01:44:21.043014,,Loan Management System
LN00001993,CUST00003172,Home Loan,8823864.24,15.07,183,123384.66,Active,2026-05-12,2026-07-25 01:44:21.044018,,Loan Management System
LN00001994,CUST00002434,Personal Loan,436797.17,11.98,45,12097.23,Active,2013-12-31,2026-07-25 01:44:21.044018,,Loan Management System
LN00001995,CUST00004702,Personal Loan,1394045.19,7.47,39,40369.71,Active,2021-03-12,2026-07-25 01:44:21.044018,,Loan Management System
LN00001996,CUST00003145,Personal Loan,674730.21,10.34,40,20013.74,Active,2022-09-29,2026-07-25 01:44:21.044018,,Loan Management System
LN00001997,CUST00003451,Home Loan,6661906.61,14.92,276,85658.72,Active,2018-05-19,2026-07-25 01:44:21.044018,,Loan Management System
LN00001998,CUST00000423,Home Loan,2178128.49,9.67,312,19114.65,Active,2012-09-29,2026-07-25 01:44:21.045006,,Loan Management System
LN00001999,CUST00002052,Home Loan,973778.77,9.36,116,12787.98,Active,2013-12-22,2026-07-25 01:44:21.045006,,Loan Management System
LN00002000,CUST00003862,Home Loan,839035.6,9.56,93,12807.32,Active,2024-03-02,2026-07-25 01:44:21.045006,,Loan Management System
LN00002001,CUST00002634,Personal Loan,1329770.42,14.54,37,44809.6,Active,2022-05-02,2026-07-25 01:44:21.045006,,Loan Management System
LN00002002,CUST00002229,Home Loan,7472281.54,16.61,197,110816.14,Active,2012-01-31,2026-07-25 01:44:21.046024,,Loan Management System
LN00002003,CUST00001296,Home Loan,2433967.06,13.82,207,30920.74,Closed,2013-02-14,2026-07-25 01:44:21.046024,,Loan Management System
LN00002004,CUST00003938,Home Loan,5280781.45,14.56,304,65754.83,Closed,2024-04-03,2026-07-25 01:44:21.046024,,Loan Management System
LN00002005,CUST00000048,Business Loan,13914750.45,8.46,99,195737.75,Active,2020-08-02,2026-07-25 01:44:21.046024,,Loan Management System
LN00002006,CUST00000002,Home Loan,9048757.61,8.13,66,170488.15,Closed,2015-03-22,2026-07-25 01:44:21.047005,,Loan Management System
LN00002007,CUST00000132,Personal Loan,80198.93,17.71,16,5664.23,Active,2017-12-17,2026-07-25 01:44:21.047005,,Loan Management System
LN00002008,CUST00000835,Education Loan,137962.11,10.55,157,1623.78,Closed,2018-09-14,2026-07-25 01:44:21.047005,,Loan Management System
LN00002009,CUST00001838,Personal Loan,408890.12,7.76,13,32895.22,Closed,2019-04-12,2026-07-25 01:44:21.047005,,Loan Management System
LN00002010,CUST00003289,Gold Loan,2092513.6,12.54,13,172981.73,Closed,2017-05-12,2026-07-25 01:44:21.048002,,Loan Management System
LN00002011,CUST00004573,Education Loan,489970.61,15.74,121,8100.67,Active,2014-03-29,2026-07-25 01:44:21.048002,,Loan Management System
LN00002012,CUST00000293,Education Loan,3960193.16,9.46,160,43644.17,Active,2017-11-09,2026-07-25 01:44:21.048002,,Loan Management System
LN00002013,CUST00001192,Personal Loan,1250236.74,9.96,33,43467.04,Defaulted,2016-11-11,2026-07-25 01:44:21.049010,,Loan Management System
LN00002014,CUST00000553,Education Loan,3442129.03,16.87,159,54288.55,Active,2023-11-02,2026-07-25 01:44:21.049010,,Loan Management System
LN00002015,CUST00004767,Car Loan,2239003.52,6.74,64,41745.31,Defaulted,2017-01-29,2026-07-25 01:44:21.049010,,Loan Management System
LN00002016,CUST00004855,Car Loan,596572.75,12.23,43,17204.62,Closed,2024-10-11,2026-07-25 01:44:21.049010,,Loan Management System
LN00002017,CUST00004763,Car Loan,1406017.43,8.87,23,66699.88,Active,2021-03-20,2026-07-25 01:44:21.050019,,Loan Management System
LN00002018,CUST00001328,Gold Loan,1605866.04,17.6,31,64840.35,Written Off,2021-09-14,2026-07-25 01:44:21.050019,,Loan Management System
LN00002019,CUST00000817,Business Loan,3911568.84,16.97,56,101588.4,Defaulted,2013-01-02,2026-07-25 01:44:21.050019,,Loan Management System
LN00002020,CUST00002566,Personal Loan,655076.71,17.93,31,26556.65,Active,2012-06-15,2026-07-25 01:44:21.050019,,Loan Management System
LN00002021,CUST00002935,Car Loan,2165139.78,16.09,27,96110.37,Active,2014-03-17,2026-07-25 01:44:21.050918,,Loan Management System
LN00002022,CUST00000465,Personal Loan,1453821.9,15.61,30,58840.68,Active,2014-03-29,2026-07-25 01:44:21.050918,,Loan Management System
LN00002023,CUST00000075,Home Loan,9308713.79,8.19,136,105274.77,Active,2024-05-24,2026-07-25 01:44:21.050918,,Loan Management System
LN00002024,CUST00003810,Personal Loan,859304.23,8.37,43,23199.32,Active,2022-01-27,2026-07-25 01:44:21.050918,,Loan Management System
LN00002025,CUST00003146,Education Loan,160810.36,6.97,108,2008.7,Closed,2012-05-29,2026-07-25 01:44:21.051997,,Loan Management System
LN00002026,CUST00002014,Home Loan,5139481.2,6.56,240,38500.35,Closed,2023-01-10,2026-07-25 01:44:21.051997,,Loan Management System
LN00002027,CUST00001087,Home Loan,2888617.9,10.53,205,30421.6,Closed,2012-12-12,2026-07-25 01:44:21.051997,,Loan Management System
LN00002028,CUST00001053,Car Loan,2883868.02,12.95,23,142261.41,Closed,2016-03-10,2026-07-25 01:44:21.051997,,Loan Management System
LN00002029,CUST00004477,Home Loan,7464004.78,11.47,101,115551.66,Active,2019-02-06,2026-07-25 01:44:21.053001,,Loan Management System
LN00002030,CUST00000494,Home Loan,9362880.26,9.36,257,84503.12,Active,2022-10-28,2026-07-25 01:44:21.053001,,Loan Management System
LN00002031,CUST00002492,Gold Loan,267893.27,9.5,22,13316.16,Closed,2018-10-10,2026-07-25 01:44:21.053001,,Loan Management System
LN00002032,CUST00004413,Home Loan,4640254.57,16.57,356,64563.63,Active,2019-10-28,2026-07-25 01:44:21.053001,,Loan Management System
LN00002033,CUST00003045,Education Loan,1075079.74,11.29,87,18151.86,Active,2021-11-21,2026-07-25 01:44:21.054005,,Loan Management System
LN00002034,CUST00004865,Home Loan,5883318.36,13.73,339,68768.57,Active,2019-01-30,2026-07-25 01:44:21.054005,,Loan Management System
LN00002035,CUST00002364,Education Loan,3352024.15,7.6,170,32258.18,Active,2018-08-10,2026-07-25 01:44:21.054005,,Loan Management System
LN00002036,CUST00002646,Personal Loan,1405575.73,14.69,41,43807.4,Active,2016-03-17,2026-07-25 01:44:21.054005,,Loan Management System
LN00002037,CUST00000613,Personal Loan,1444098.04,11.8,47,38518.79,Active,2015-03-25,2026-07-25 01:44:21.055004,,Loan Management System
LN00002038,CUST00004821,Education Loan,444873.05,8.12,113,5644.73,Closed,2024-05-28,2026-07-25 01:44:21.055004,,Loan Management System
LN00002039,CUST00001161,Car Loan,1244711.23,13.64,84,23079.07,Defaulted,2020-04-11,2026-07-25 01:44:21.055004,,Loan Management System
LN00002040,CUST00004643,Home Loan,8528519.75,7.95,63,166025.07,Active,2013-07-01,2026-07-25 01:44:21.055004,,Loan Management System
LN00002041,CUST00000724,Education Loan,2120232.29,16.15,57,53508.89,Active,2017-06-07,2026-07-25 01:44:21.055997,,Loan Management System
LN00002042,CUST00002373,Business Loan,13172658.84,10.34,24,609920.59,Closed,2018-11-16,2026-07-25 01:44:21.055997,,Loan Management System
LN00002043,CUST00003136,Car Loan,2133660.13,16.44,27,95073.04,Closed,2013-06-13,2026-07-25 01:44:21.055997,,Loan Management System
LN00002044,CUST00003835,Car Loan,2270217.58,7.11,38,66896.32,Active,2016-05-19,2026-07-25 01:44:21.055997,,Loan Management System
LN00002045,CUST00002492,Car Loan,2908379.69,8.07,31,104251.65,Active,2023-02-06,2026-07-25 01:44:21.056919,,Loan Management System
LN00002046,CUST00003827,Personal Loan,1484280.01,6.57,43,38834.61,Closed,2023-02-07,2026-07-25 01:44:21.056919,,Loan Management System
LN00002047,CUST00004733,Home Loan,1137849.59,8.26,121,13887.77,Active,2021-08-26,2026-07-25 01:44:21.056919,,Loan Management System
LN00002048,CUST00004203,Home Loan,1484266.74,6.78,318,10063.56,Active,2019-11-03,2026-07-25 01:44:21.056919,,Loan Management System
LN00002049,CUST00004479,Home Loan,1657208.44,11.15,154,20278.83,Closed,2020-07-11,2026-07-25 01:44:21.057976,,Loan Management System
LN00002050,CUST00003980,Business Loan,11161025.33,15.95,99,203377.44,Active,2022-11-29,2026-07-25 01:44:21.057976,,Loan Management System
LN00002051,CUST00004011,Car Loan,544950.29,8.18,14,40944.35,Active,2016-10-22,2026-07-25 01:44:21.057976,,Loan Management System
LN00002052,CUST00002789,Business Loan,13320574.58,8.46,106,178837.85,Closed,2012-05-02,2026-07-25 01:44:21.058998,,Loan Management System
LN00002053,CUST00000737,Home Loan,5064431.42,9.83,111,69643.94,Written Off,2015-04-25,2026-07-25 01:44:21.058998,,Loan Management System
LN00002054,CUST00000809,Personal Loan,1018164.51,11.0,56,23327.02,Closed,2018-04-15,2026-07-25 01:44:21.058998,,Loan Management System
LN00002055,CUST00003498,Personal Loan,1229565.73,8.2,30,45469.36,Active,2021-10-04,2026-07-25 01:44:21.058998,,Loan Management System
LN00002056,CUST00004252,Car Loan,230855.0,9.98,68,4458.63,Active,2012-06-29,2026-07-25 01:44:21.059998,,Loan Management System
LN00002057,CUST00002010,Business Loan,19274532.24,11.88,104,297670.45,Active,2011-09-10,2026-07-25 01:44:21.059998,,Loan Management System
LN00002058,CUST00002556,Home Loan,2003988.02,12.26,317,21324.17,Active,2015-01-15,2026-07-25 01:44:21.059998,,Loan Management System
LN00002059,CUST00000087,Business Loan,10738585.17,12.4,34,376178.06,Closed,2016-09-08,2026-07-25 01:44:21.059998,,Loan Management System
LN00002060,CUST00001822,Personal Loan,1092853.21,10.4,57,24378.19,Defaulted,2015-02-26,2026-07-25 01:44:21.061003,,Loan Management System
LN00002061,CUST00000902,Home Loan,7957128.92,14.07,261,97972.5,Active,2024-08-13,2026-07-25 01:44:21.061003,,Loan Management System
LN00002062,CUST00004900,Business Loan,9933020.9,17.57,89,200398.18,Closed,2013-11-23,2026-07-25 01:44:21.061003,,Loan Management System
LN00002063,CUST00001409,Car Loan,2796754.29,15.42,79,56568.92,Active,2024-07-24,2026-07-25 01:44:21.061003,,Loan Management System
LN00002064,CUST00001648,Car Loan,1848785.88,13.18,63,40815.0,Active,2015-11-28,2026-07-25 01:44:21.062006,,Loan Management System
LN00002065,CUST00001243,Home Loan,7462336.26,9.16,114,98254.27,Active,2016-06-26,2026-07-25 01:44:21.062006,,Loan Management System
LN00002066,CUST00001967,Car Loan,1106246.27,9.16,42,30886.14,Active,2017-02-21,2026-07-25 01:44:21.062006,,Loan Management System
LN00002067,CUST00004996,Business Loan,14699181.61,10.92,65,300575.86,Pending,2013-08-08,2026-07-25 01:44:21.062006,,Loan Management System
LN00002068,CUST00003769,Home Loan,2879596.57,6.93,97,38857.1,Active,2011-09-11,2026-07-25 01:44:21.062006,,Loan Management System
LN00002069,CUST00001802,Personal Loan,965376.38,6.84,23,44903.65,Active,2020-01-09,2026-07-25 01:44:21.063012,,Loan Management System
LN00002070,CUST00001818,Car Loan,1257361.05,17.87,83,26491.57,Active,2024-04-08,2026-07-25 01:44:21.063012,,Loan Management System
LN00002071,CUST00000008,Personal Loan,684396.54,9.79,24,31515.13,Closed,2018-11-20,2026-07-25 01:44:21.063012,,Loan Management System
LN00002072,CUST00000389,Personal Loan,816367.7,15.59,17,53829.68,Closed,2014-07-20,2026-07-25 01:44:21.063012,,Loan Management System
LN00002073,CUST00004898,Car Loan,2072243.1,8.84,29,79622.87,Defaulted,2013-10-04,2026-07-25 01:44:21.064015,,Loan Management System
LN00002074,CUST00004295,Personal Loan,641639.69,12.79,16,43831.85,Active,2018-01-11,2026-07-25 01:44:21.064015,,Loan Management System
LN00002075,CUST00003709,Car Loan,2881682.12,14.88,79,57423.38,Active,2020-08-15,2026-07-25 01:44:21.064015,,Loan Management System
LN00002076,CUST00004356,Business Loan,11622216.35,11.95,57,268199.87,Active,2023-07-14,2026-07-25 01:44:21.065018,,Loan Management System
LN00002077,CUST00004209,Business Loan,17141721.19,15.72,68,382359.08,Active,2015-06-23,2026-07-25 01:44:21.065018,,Loan Management System
LN00002078,CUST00000307,Personal Loan,152758.04,7.4,45,3897.77,Active,2020-01-27,2026-07-25 01:44:21.065018,,Loan Management System
LN00002079,CUST00001282,Home Loan,2690448.3,13.42,229,32645.44,Active,2021-01-24,2026-07-25 01:44:21.065018,,Loan Management System
LN00002080,CUST00003087,Business Loan,6152981.36,16.02,61,148089.54,Closed,2025-09-27,2026-07-25 01:44:21.066001,,Loan Management System
LN00002081,CUST00002719,Home Loan,8778996.69,17.63,98,169590.7,Active,2022-12-05,2026-07-25 01:44:21.066001,,Loan Management System
LN00002082,CUST00004527,Home Loan,5418717.67,13.53,219,66832.12,Active,2025-04-11,2026-07-25 01:44:21.066001,,Loan Management System
LN00002083,CUST00004950,Home Loan,7126420.13,7.78,301,53909.97,Pending,2017-08-02,2026-07-25 01:44:21.066001,,Loan Management System
LN00002084,CUST00003309,Gold Loan,1641749.2,6.87,29,61603.06,Active,2012-10-14,2026-07-25 01:44:21.067004,,Loan Management System
LN00002085,CUST00002366,Personal Loan,1158867.08,8.1,47,28856.81,Closed,2018-04-26,2026-07-25 01:44:21.067004,,Loan Management System
LN00002086,CUST00000287,Personal Loan,1148149.91,16.99,15,85497.33,Active,2026-03-22,2026-07-25 01:44:21.067004,,Loan Management System
LN00002087,CUST00000125,Home Loan,9505977.17,16.9,78,201600.62,Active,2024-03-08,2026-07-25 01:44:21.067004,,Loan Management System
LN00002088,CUST00002892,Home Loan,4454281.66,15.0,101,77890.43,Defaulted,2012-04-12,2026-07-25 01:44:21.068003,,Loan Management System
LN00002089,CUST00000116,Personal Loan,237723.64,14.82,18,14810.21,Active,2018-12-25,2026-07-25 01:44:21.068003,,Loan Management System
LN00002090,CUST00001128,Car Loan,2020943.51,11.46,50,51023.04,Closed,2011-11-18,2026-07-25 01:44:21.068003,,Loan Management System
LN00002091,CUST00004535,Business Loan,4941225.17,17.21,15,368464.72,Closed,2019-05-20,2026-07-25 01:44:21.068003,,Loan Management System
LN00002092,CUST00000623,Business Loan,10916624.29,16.39,99,201778.08,Closed,2012-11-19,2026-07-25 01:44:21.069015,,Loan Management System
LN00002093,CUST00003496,Home Loan,5080646.72,10.95,253,51537.53,Closed,2026-03-24,2026-07-25 01:44:21.069015,,Loan Management System
LN00002094,CUST00004550,Personal Loan,668908.69,8.08,40,19131.58,Active,2016-11-20,2026-07-25 01:44:21.069015,,Loan Management System
LN00002095,CUST00001264,Car Loan,2729943.61,10.55,55,62812.77,Active,2021-05-10,2026-07-25 01:44:21.069015,,Loan Management System
LN00002096,CUST00004415,Home Loan,2704317.54,13.27,176,34949.91,Active,2018-11-12,2026-07-25 01:44:21.070012,,Loan Management System
LN00002097,CUST00000748,Education Loan,3250166.62,12.67,47,88081.04,Written Off,2021-04-25,2026-07-25 01:44:21.070012,,Loan Management System
LN00002098,CUST00004056,Home Loan,7338355.07,15.85,99,133286.15,Active,2018-06-10,2026-07-25 01:44:21.070012,,Loan Management System
LN00002099,CUST00000706,Personal Loan,459764.17,10.11,50,11305.73,Closed,2023-08-19,2026-07-25 01:44:21.070012,,Loan Management System
LN00002100,CUST00003553,Home Loan,3277920.86,13.47,305,38059.05,Closed,2022-06-14,2026-07-25 01:44:21.070012,,Loan Management System
LN00002101,CUST00000962,Car Loan,413858.04,17.29,38,14219.58,Active,2018-09-01,2026-07-25 01:44:21.071016,,Loan Management System
LN00002102,CUST00004154,Education Loan,1492137.42,17.02,92,29139.02,Active,2016-06-26,2026-07-25 01:44:21.071016,,Loan Management System
LN00002103,CUST00000905,Personal Loan,582053.77,12.84,53,14446.0,Active,2013-07-09,2026-07-25 01:44:21.071016,,Loan Management System
LN00002104,CUST00004011,Business Loan,6717749.51,12.73,25,307329.7,Active,2018-06-14,2026-07-25 01:44:21.071016,,Loan Management System
LN00002105,CUST00003307,Business Loan,14257282.67,13.65,47,393307.67,Active,2011-12-01,2026-07-25 01:44:21.072010,,Loan Management System
LN00002106,CUST00001776,Business Loan,16907794.36,12.49,51,428947.34,Closed,2017-02-01,2026-07-25 01:44:21.072010,,Loan Management System
LN00002107,CUST00001584,Home Loan,4037704.86,15.89,132,64897.54,Active,2014-06-26,2026-07-25 01:44:21.072010,,Loan Management System
LN00002108,CUST00002907,Home Loan,4682635.39,15.29,118,76933.82,Active,2025-03-12,2026-07-25 01:44:21.072010,,Loan Management System
LN00002109,CUST00003278,Business Loan,5770822.16,13.26,50,150842.02,Closed,2022-01-28,2026-07-25 01:44:21.073013,,Loan Management System
LN00002110,CUST00001343,Home Loan,3151378.58,13.51,313,36579.27,Active,2019-05-22,2026-07-25 01:44:21.073013,,Loan Management System
LN00002111,CUST00000158,Personal Loan,693828.62,9.08,36,22089.41,Active,2025-09-19,2026-07-25 01:44:21.073013,,Loan Management System
LN00002112,CUST00002849,Personal Loan,125776.49,10.01,46,3303.58,Closed,2023-04-18,2026-07-25 01:44:21.073972,,Loan Management System
LN00002113,CUST00001593,Gold Loan,2277383.66,15.18,24,110617.56,Pending,2017-09-19,2026-07-25 01:44:21.073972,,Loan Management System
LN00002114,CUST00001177,Business Loan,16299751.89,13.3,108,259598.04,Active,2013-01-22,2026-07-25 01:44:21.073972,,Loan Management System
LN00002115,CUST00003998,Education Loan,2523969.03,16.46,50,70085.2,Closed,2018-12-28,2026-07-25 01:44:21.073972,,Loan Management System
LN00002116,CUST00001787,Car Loan,2866926.06,17.22,48,83051.95,Defaulted,2025-12-05,2026-07-25 01:44:21.074999,,Loan Management System
LN00002117,CUST00001037,Gold Loan,1172168.78,13.08,36,39540.18,Active,2013-05-12,2026-07-25 01:44:21.074999,,Loan Management System
LN00002118,CUST00001934,Gold Loan,1181647.87,17.92,18,75350.91,Active,2015-09-13,2026-07-25 01:44:21.074999,,Loan Management System
LN00002119,CUST00004824,Home Loan,8096094.78,17.44,103,152066.8,Written Off,2018-12-22,2026-07-25 01:44:21.074999,,Loan Management System
LN00002120,CUST00000119,Education Loan,1253717.18,13.07,45,35391.89,Closed,2021-07-31,2026-07-25 01:44:21.074999,,Loan Management System
LN00002121,CUST00002542,Personal Loan,1005883.42,15.5,50,27433.71,Active,2018-05-17,2026-07-25 01:44:21.076017,,Loan Management System
LN00002122,CUST00005000,Personal Loan,1008125.89,16.11,23,51237.56,Active,2020-06-22,2026-07-25 01:44:21.076017,,Loan Management System
LN00002123,CUST00004179,Home Loan,584271.67,6.93,243,4479.61,Active,2012-11-24,2026-07-25 01:44:21.076017,,Loan Management System
LN00002124,CUST00002986,Business Loan,4747928.75,7.17,22,230953.23,Active,2018-04-18,2026-07-25 01:44:21.076017,,Loan Management System
LN00002125,CUST00000999,Car Loan,1079274.3,7.24,35,34299.31,Active,2026-05-16,2026-07-25 01:44:21.077005,,Loan Management System
LN00002126,CUST00001737,Education Loan,1112209.13,12.19,94,18422.43,Closed,2016-11-02,2026-07-25 01:44:21.077005,,Loan Management System
LN00002127,CUST00004472,Home Loan,6370518.39,7.07,118,75063.73,Closed,2024-04-01,2026-07-25 01:44:21.077005,,Loan Management System
LN00002128,CUST00002148,Home Loan,5313832.27,11.56,222,58106.43,Active,2017-05-03,2026-07-25 01:44:21.077005,,Loan Management System
LN00002129,CUST00001646,Education Loan,337170.18,14.72,102,5811.76,Written Off,2015-05-01,2026-07-25 01:44:21.078009,,Loan Management System
LN00002130,CUST00004591,Home Loan,8526843.56,16.27,336,116876.12,Closed,2017-03-24,2026-07-25 01:44:21.078009,,Loan Management System
LN00002131,CUST00001182,Car Loan,1179243.02,7.39,68,21278.16,Active,2024-10-25,2026-07-25 01:44:21.078009,,Loan Management System
LN00002132,CUST00000835,Home Loan,2438398.2,13.06,272,28012.49,Active,2014-06-03,2026-07-25 01:44:21.078009,,Loan Management System
LN00002133,CUST00003005,Personal Loan,460472.38,6.78,50,10597.27,Closed,2012-11-10,2026-07-25 01:44:21.079007,,Loan Management System
LN00002134,CUST00001442,Personal Loan,641799.45,14.0,42,19416.52,Pending,2020-03-31,2026-07-25 01:44:21.079007,,Loan Management System
LN00002135,CUST00001398,Personal Loan,95178.24,10.74,30,3631.66,Pending,2022-05-02,2026-07-25 01:44:21.079007,,Loan Management System
LN00002136,CUST00001791,Business Loan,997938.08,13.5,115,15511.53,Active,2013-07-02,2026-07-25 01:44:21.079007,,Loan Management System
LN00002137,CUST00003138,Education Loan,2993969.33,15.51,124,48579.63,Pending,2020-08-03,2026-07-25 01:44:21.080005,,Loan Management System
LN00002138,CUST00003821,Personal Loan,894895.06,14.06,21,48319.33,Active,2020-03-27,2026-07-25 01:44:21.080005,,Loan Management System
LN00002139,CUST00002512,Gold Loan,219151.31,7.39,17,13617.45,Closed,2014-11-10,2026-07-25 01:44:21.080921,,Loan Management System
LN00002140,CUST00001982,Gold Loan,1585052.83,14.94,10,169560.32,Closed,2024-10-07,2026-07-25 01:44:21.080921,,Loan Management System
LN00002141,CUST00003195,Car Loan,344008.21,11.93,79,6306.65,Active,2017-07-03,2026-07-25 01:44:21.081920,,Loan Management System
LN00002142,CUST00002814,Personal Loan,332784.21,13.12,27,14300.71,Active,2017-07-14,2026-07-25 01:44:21.081920,,Loan Management System
LN00002143,CUST00000228,Education Loan,3912151.56,9.16,116,50952.6,Closed,2023-12-08,2026-07-25 01:44:21.081920,,Loan Management System
LN00002144,CUST00004915,Home Loan,2789941.53,14.93,269,36005.22,Active,2025-06-29,2026-07-25 01:44:21.082920,,Loan Management System
LN00002145,CUST00001752,Personal Loan,783182.99,17.02,53,21120.29,Active,2022-07-17,2026-07-25 01:44:21.082920,,Loan Management System
LN00002146,CUST00003932,Home Loan,7969889.35,9.14,124,99560.62,Pending,2025-06-05,2026-07-25 01:44:21.082920,,Loan Management System
LN00002147,CUST00000927,Home Loan,9138024.5,14.25,130,138327.81,Closed,2014-01-27,2026-07-25 01:44:21.083920,,Loan Management System
LN00002148,CUST00000595,Education Loan,1432130.03,7.86,140,15657.92,Active,2015-08-01,2026-07-25 01:44:21.083920,,Loan Management System
LN00002149,CUST00002000,Gold Loan,1450629.08,13.78,15,105829.48,Defaulted,2013-04-23,2026-07-25 01:44:21.084921,,Loan Management System
LN00002150,CUST00002963,Business Loan,802488.91,7.89,45,20659.31,Closed,2014-01-19,2026-07-25 01:44:21.084921,,Loan Management System
LN00002151,CUST00004331,Education Loan,1932455.05,7.66,44,50514.64,Closed,2015-12-01,2026-07-25 01:44:21.084921,,Loan Management System
LN00002152,CUST00002107,Home Loan,2085888.56,7.34,323,14827.12,Defaulted,2014-12-01,2026-07-25 01:44:21.085921,,Loan Management System
LN00002153,CUST00004621,Business Loan,18133077.66,10.58,63,376360.68,Closed,2014-07-07,2026-07-25 01:44:21.085921,,Loan Management System
LN00002154,CUST00001737,Home Loan,3287222.97,10.37,232,32872.61,Closed,2021-10-23,2026-07-25 01:44:21.085921,,Loan Management System
LN00002155,CUST00002681,Car Loan,2983575.49,7.02,57,61706.04,Pending,2014-02-28,2026-07-25 01:44:21.086921,,Loan Management System
LN00002156,CUST00001488,Business Loan,12801223.95,15.02,67,283371.94,Active,2024-06-29,2026-07-25 01:44:21.086921,,Loan Management System
LN00002157,CUST00002864,Personal Loan,245178.03,8.61,49,5952.39,Pending,2024-06-23,2026-07-25 01:44:21.086921,,Loan Management System
LN00002158,CUST00004343,Gold Loan,232378.99,16.8,26,10724.51,Closed,2022-09-18,2026-07-25 01:44:21.087921,,Loan Management System
LN00002159,CUST00000195,Personal Loan,514633.47,8.53,58,10858.47,Closed,2012-11-04,2026-07-25 01:44:21.087921,,Loan Management System
LN00002160,CUST00002331,Gold Loan,264824.04,9.92,24,12210.51,Active,2014-07-29,2026-07-25 01:44:21.087921,,Loan Management System
LN00002161,CUST00003382,Car Loan,1670542.2,12.34,66,34989.91,Active,2024-09-16,2026-07-25 01:44:21.087921,,Loan Management System
LN00002162,CUST00001960,Personal Loan,1148085.31,17.47,14,91240.34,Closed,2022-03-30,2026-07-25 01:44:21.088919,,Loan Management System
LN00002163,CUST00000288,Education Loan,3957900.96,8.92,168,41331.04,Active,2019-12-20,2026-07-25 01:44:21.088919,,Loan Management System
LN00002164,CUST00000461,Business Loan,6630164.14,10.49,33,232155.64,Active,2019-06-15,2026-07-25 01:44:21.088919,,Loan Management System
LN00002165,CUST00004203,Personal Loan,686429.28,16.68,30,28138.66,Pending,2024-05-24,2026-07-25 01:44:21.088919,,Loan Management System
LN00002166,CUST00004559,Personal Loan,928946.77,7.72,26,38914.64,Closed,2021-02-24,2026-07-25 01:44:21.089919,,Loan Management System
LN00002167,CUST00001198,Home Loan,2465009.56,16.15,146,38666.15,Active,2024-06-27,2026-07-25 01:44:21.089919,,Loan Management System
LN00002168,CUST00004438,Business Loan,19217205.71,12.71,114,291133.54,Active,2021-06-02,2026-07-25 01:44:21.089919,,Loan Management System
LN00002169,CUST00001677,Personal Loan,1242477.4,10.75,30,47414.28,Pending,2019-03-14,2026-07-25 01:44:21.090920,,Loan Management System
LN00002170,CUST00002973,Car Loan,2249850.37,12.49,70,45418.49,Active,2023-02-24,2026-07-25 01:44:21.090920,,Loan Management System
LN00002171,CUST00004249,Home Loan,7210060.9,16.21,287,99511.49,Defaulted,2021-03-01,2026-07-25 01:44:21.090920,,Loan Management System
LN00002172,CUST00000631,Personal Loan,175952.55,8.07,29,6698.5,Closed,2022-07-02,2026-07-25 01:44:21.090920,,Loan Management System
LN00002173,CUST00003323,Home Loan,3860351.05,7.41,173,36378.46,Closed,2022-05-15,2026-07-25 01:44:21.091919,,Loan Management System
LN00002174,CUST00000525,Personal Loan,785237.25,9.68,52,18548.55,Closed,2022-03-09,2026-07-25 01:44:21.091919,,Loan Management System
LN00002175,CUST00001284,Car Loan,407447.81,14.41,16,28142.29,Active,2017-01-22,2026-07-25 01:44:21.091919,,Loan Management System
LN00002176,CUST00004633,Gold Loan,1990638.56,10.15,5,408286.93,Pending,2026-04-07,2026-07-25 01:44:21.091919,,Loan Management System
LN00002177,CUST00000709,Car Loan,888558.44,13.24,40,27595.6,Closed,2022-03-26,2026-07-25 01:44:21.092919,,Loan Management System
LN00002178,CUST00002025,Personal Loan,269578.0,15.86,58,6683.96,Active,2016-12-09,2026-07-25 01:44:21.092919,,Loan Management System
LN00002179,CUST00003553,Home Loan,6530340.88,7.52,324,47153.23,Defaulted,2014-02-17,2026-07-25 01:44:21.092919,,Loan Management System
LN00002180,CUST00000890,Education Loan,112471.07,7.27,178,1034.37,Closed,2019-01-16,2026-07-25 01:44:21.092919,,Loan Management System
LN00002181,CUST00000091,Education Loan,251369.65,14.41,133,3794.11,Closed,2012-09-21,2026-07-25 01:44:21.093919,,Loan Management System
LN00002182,CUST00001252,Home Loan,3812685.87,12.6,152,50318.22,Defaulted,2019-07-16,2026-07-25 01:44:21.093919,,Loan Management System
LN00002183,CUST00000154,Business Loan,17563261.92,14.18,74,357359.13,Closed,2019-01-31,2026-07-25 01:44:21.093919,,Loan Management System
LN00002184,CUST00002175,Personal Loan,567835.41,12.03,18,34635.68,Active,2022-04-21,2026-07-25 01:44:21.093919,,Loan Management System
LN00002185,CUST00000151,Gold Loan,2244625.53,15.29,29,93066.23,Written Off,2016-09-17,2026-07-25 01:44:21.094919,,Loan Management System
LN00002186,CUST00002931,Personal Loan,1010506.38,7.83,41,28169.94,Written Off,2025-02-09,2026-07-25 01:44:21.094919,,Loan Management System
LN00002187,CUST00004888,Car Loan,1173220.01,11.08,28,47742.28,Closed,2016-03-26,2026-07-25 01:44:21.094919,,Loan Management System
LN00002188,CUST00002736,Personal Loan,1216845.9,12.13,38,38724.78,Closed,2021-08-15,2026-07-25 01:44:21.094919,,Loan Management System
LN00002189,CUST00002645,Home Loan,3045276.72,8.97,269,26312.77,Active,2012-07-08,2026-07-25 01:44:21.095919,,Loan Management System
LN00002190,CUST00001309,Education Loan,1120260.49,10.15,136,13895.1,Closed,2017-07-19,2026-07-25 01:44:21.095919,,Loan Management System
LN00002191,CUST00001236,Personal Loan,428014.11,7.13,43,11308.84,Closed,2020-03-11,2026-07-25 01:44:21.095919,,Loan Management System
LN00002192,CUST00003727,Personal Loan,1236860.65,10.05,38,38137.55,Active,2012-10-28,2026-07-25 01:44:21.096920,,Loan Management System
LN00002193,CUST00000722,Business Loan,10952255.41,15.46,26,498405.4,Pending,2016-11-03,2026-07-25 01:44:21.096920,,Loan Management System
LN00002194,CUST00001625,Car Loan,1123115.69,13.46,14,87134.3,Written Off,2019-06-02,2026-07-25 01:44:21.096920,,Loan Management System
LN00002195,CUST00003082,Home Loan,4102287.22,15.47,230,55818.14,Pending,2019-04-02,2026-07-25 01:44:21.096920,,Loan Management System
LN00002196,CUST00002686,Education Loan,2256287.34,14.03,168,30741.17,Active,2012-03-14,2026-07-25 01:44:21.097920,,Loan Management System
LN00002197,CUST00000860,Car Loan,2958608.43,16.14,62,70652.29,Defaulted,2012-07-12,2026-07-25 01:44:21.097920,,Loan Management System
LN00002198,CUST00003866,Home Loan,8112211.25,16.97,229,119515.75,Active,2017-11-01,2026-07-25 01:44:21.097920,,Loan Management System
LN00002199,CUST00000856,Car Loan,896370.49,6.66,14,66723.52,Closed,2025-09-16,2026-07-25 01:44:21.097920,,Loan Management System
LN00002200,CUST00003840,Car Loan,1604198.1,15.6,17,105785.22,Active,2016-06-11,2026-07-25 01:44:21.098920,,Loan Management System
LN00002201,CUST00002166,Personal Loan,383507.6,15.38,27,16893.03,Active,2012-11-12,2026-07-25 01:44:21.098920,,Loan Management System
LN00002202,CUST00003123,Education Loan,3270683.78,10.85,138,41578.98,Active,2022-07-12,2026-07-25 01:44:21.098920,,Loan Management System
LN00002203,CUST00002354,Education Loan,1152994.78,7.48,54,25212.33,Active,2026-04-07,2026-07-25 01:44:21.098920,,Loan Management System
LN00002204,CUST00002356,Education Loan,2957291.44,6.73,174,26660.5,Closed,2026-02-10,2026-07-25 01:44:21.099923,,Loan Management System
LN00002205,CUST00000545,Home Loan,7490797.28,15.62,159,111808.54,Closed,2013-02-05,2026-07-25 01:44:21.099923,,Loan Management System
LN00002206,CUST00003271,Business Loan,15803049.28,11.39,107,235815.45,Active,2022-01-09,2026-07-25 01:44:21.099923,,Loan Management System
LN00002207,CUST00003174,Personal Loan,343866.71,9.54,53,7976.01,Closed,2021-09-01,2026-07-25 01:44:21.099923,,Loan Management System
LN00002208,CUST00004915,Personal Loan,672825.13,9.06,38,20433.43,Closed,2020-03-09,2026-07-25 01:44:21.100920,,Loan Management System
LN00002209,CUST00004547,Personal Loan,1366115.35,12.63,27,58390.12,Active,2018-02-07,2026-07-25 01:44:21.100920,,Loan Management System
LN00002210,CUST00003261,Gold Loan,1825704.7,17.44,9,217880.46,Active,2019-06-08,2026-07-25 01:44:21.100920,,Loan Management System
LN00002211,CUST00000865,Car Loan,269697.24,15.37,69,5910.42,Active,2021-06-08,2026-07-25 01:44:21.100920,,Loan Management System
LN00002212,CUST00003789,Car Loan,1999891.98,10.32,22,100163.9,Active,2020-12-28,2026-07-25 01:44:21.100920,,Loan Management System
LN00002213,CUST00000822,Home Loan,8715863.29,12.13,187,103952.84,Active,2025-01-12,2026-07-25 01:44:21.101920,,Loan Management System
LN00002214,CUST00000902,Personal Loan,1265202.07,12.52,48,33641.56,Closed,2024-02-18,2026-07-25 01:44:21.101920,,Loan Management System
LN00002215,CUST00001176,Home Loan,5187468.55,11.24,232,54902.23,Closed,2012-04-04,2026-07-25 01:44:21.101920,,Loan Management System
LN00002216,CUST00002576,Home Loan,7045477.21,13.39,62,158049.5,Active,2019-03-19,2026-07-25 01:44:21.101920,,Loan Management System
LN00002217,CUST00000191,Home Loan,5842890.21,12.12,315,61612.71,Active,2025-05-04,2026-07-25 01:44:21.102920,,Loan Management System
LN00002218,CUST00003438,Car Loan,1101146.28,14.65,77,22141.1,Closed,2021-04-15,2026-07-25 01:44:21.102920,,Loan Management System
LN00002219,CUST00000600,Education Loan,2958970.33,17.09,144,48465.76,Closed,2022-08-26,2026-07-25 01:44:21.102920,,Loan Management System
LN00002220,CUST00004327,Personal Loan,1147485.72,8.36,59,23785.77,Active,2014-10-06,2026-07-25 01:44:21.102920,,Loan Management System
LN00002221,CUST00004793,Home Loan,8762617.15,7.81,277,68365.02,Active,2017-01-11,2026-07-25 01:44:21.103920,,Loan Management System
LN00002222,CUST00003136,Car Loan,1668849.47,8.11,82,26576.34,Active,2021-11-08,2026-07-25 01:44:21.103920,,Loan Management System
LN00002223,CUST00000520,Home Loan,1617041.14,17.95,198,25538.6,Active,2019-08-27,2026-07-25 01:44:21.103920,,Loan Management System
LN00002224,CUST00004463,Car Loan,1240569.08,13.98,30,49236.69,Active,2020-02-03,2026-07-25 01:44:21.103920,,Loan Management System
LN00002225,CUST00002452,Car Loan,2447878.44,17.45,59,62085.16,Active,2014-02-16,2026-07-25 01:44:21.104920,,Loan Management System
LN00002226,CUST00001069,Personal Loan,721176.24,17.27,59,18221.21,Closed,2012-08-12,2026-07-25 01:44:21.104920,,Loan Management System
LN00002227,CUST00004023,Business Loan,3139115.31,12.53,118,46397.21,Active,2019-03-24,2026-07-25 01:44:21.104920,,Loan Management System
LN00002228,CUST00001221,Personal Loan,309877.38,11.91,12,27519.18,Active,2013-04-28,2026-07-25 01:44:21.104920,,Loan Management System
LN00002229,CUST00002454,Home Loan,7093429.13,12.68,229,82374.05,Active,2025-05-11,2026-07-25 01:44:21.105920,,Loan Management System
LN00002230,CUST00001652,Car Loan,1864472.49,7.27,83,28649.23,Defaulted,2025-10-22,2026-07-25 01:44:21.105920,,Loan Management System
LN00002231,CUST00001114,Personal Loan,70487.76,8.72,30,2623.49,Closed,2017-05-28,2026-07-25 01:44:21.105920,,Loan Management System
LN00002232,CUST00000171,Business Loan,11897133.51,10.02,91,187158.6,Closed,2023-09-18,2026-07-25 01:44:21.105920,,Loan Management System
LN00002233,CUST00001495,Gold Loan,1413752.93,13.88,15,103205.39,Active,2012-12-30,2026-07-25 01:44:21.106921,,Loan Management System
LN00002234,CUST00003546,Home Loan,7441251.74,9.72,194,76206.99,Closed,2020-02-23,2026-07-25 01:44:21.106921,,Loan Management System
LN00002235,CUST00002414,Home Loan,5462019.11,13.92,256,66849.54,Active,2022-07-21,2026-07-25 01:44:21.106921,,Loan Management System
LN00002236,CUST00003550,Education Loan,2409462.9,9.69,157,27131.84,Active,2014-07-01,2026-07-25 01:44:21.107921,,Loan Management System
LN00002237,CUST00004252,Home Loan,2702394.85,8.99,135,31887.21,Active,2012-03-24,2026-07-25 01:44:21.107921,,Loan Management System
LN00002238,CUST00000965,Personal Loan,50357.96,7.39,15,3524.96,Active,2015-10-11,2026-07-25 01:44:21.107921,,Loan Management System
LN00002239,CUST00004528,Business Loan,8795411.9,11.92,50,224048.01,Active,2023-08-08,2026-07-25 01:44:21.107921,,Loan Management System
LN00002240,CUST00003090,Home Loan,5821378.78,10.84,257,58374.12,Closed,2019-01-04,2026-07-25 01:44:21.108920,,Loan Management System
LN00002241,CUST00002627,Personal Loan,1266041.67,10.15,17,80269.59,Defaulted,2019-01-14,2026-07-25 01:44:21.108920,,Loan Management System
LN00002242,CUST00000277,Business Loan,19129522.4,17.37,118,339110.01,Active,2020-06-23,2026-07-25 01:44:21.108920,,Loan Management System
LN00002243,CUST00002311,Home Loan,4653810.8,11.58,188,53744.42,Closed,2020-06-15,2026-07-25 01:44:21.108920,,Loan Management System
LN00002244,CUST00003378,Car Loan,1419157.44,10.5,15,101367.82,Defaulted,2021-12-08,2026-07-25 01:44:21.109920,,Loan Management System
LN00002245,CUST00002322,Business Loan,15529523.27,10.48,66,310584.92,Active,2014-04-06,2026-07-25 01:44:21.109920,,Loan Management System
LN00002246,CUST00001165,Car Loan,2994120.32,17.3,60,74895.43,Active,2017-10-02,2026-07-25 01:44:21.109920,,Loan Management System
LN00002247,CUST00000166,Gold Loan,2488710.09,8.75,26,105427.08,Active,2017-11-26,2026-07-25 01:44:21.109920,,Loan Management System
LN00002248,CUST00000381,Home Loan,3448711.63,7.58,248,27568.12,Pending,2016-05-16,2026-07-25 01:44:21.110920,,Loan Management System
LN00002249,CUST00001344,Car Loan,236384.61,9.64,47,6058.48,Closed,2018-02-25,2026-07-25 01:44:21.110920,,Loan Management System
LN00002250,CUST00004701,Personal Loan,1493819.88,14.6,29,61441.24,Closed,2018-07-08,2026-07-25 01:44:21.110920,,Loan Management System
LN00002251,CUST00004692,Gold Loan,2062731.13,16.43,33,78107.7,Written Off,2024-09-26,2026-07-25 01:44:21.110920,,Loan Management System
LN00002252,CUST00004277,Car Loan,1572841.36,11.94,81,28373.97,Closed,2017-04-26,2026-07-25 01:44:21.111921,,Loan Management System
LN00002253,CUST00000121,Home Loan,773951.22,16.78,138,12689.64,Closed,2023-02-10,2026-07-25 01:44:21.111921,,Loan Management System
LN00002254,CUST00003131,Home Loan,8583959.56,7.45,121,101102.97,Active,2021-09-25,2026-07-25 01:44:21.111921,,Loan Management System
LN00002255,CUST00002862,Car Loan,374511.32,7.62,81,5928.5,Active,2012-06-14,2026-07-25 01:44:21.111921,,Loan Management System
LN00002256,CUST00003726,Business Loan,13274551.85,14.98,54,339394.25,Closed,2024-12-27,2026-07-25 01:44:21.112921,,Loan Management System
LN00002257,CUST00003151,Business Loan,6671365.57,14.66,87,124945.69,Closed,2022-04-18,2026-07-25 01:44:21.112921,,Loan Management System
LN00002258,CUST00000048,Personal Loan,70548.26,14.14,38,2313.83,Closed,2022-07-29,2026-07-25 01:44:21.112921,,Loan Management System
LN00002259,CUST00003811,Car Loan,381873.72,15.99,76,8021.85,Active,2017-04-03,2026-07-25 01:44:21.112921,,Loan Management System
LN00002260,CUST00002545,Personal Loan,300248.58,7.01,50,6941.98,Active,2012-09-06,2026-07-25 01:44:21.113921,,Loan Management System
LN00002261,CUST00004831,Car Loan,684311.0,15.09,12,61793.82,Active,2017-03-03,2026-07-25 01:44:21.113921,,Loan Management System
LN00002262,CUST00002736,Car Loan,529600.8,11.86,23,25855.41,Closed,2013-03-03,2026-07-25 01:44:21.113921,,Loan Management System
LN00002263,CUST00004670,Personal Loan,218579.45,7.54,58,4508.63,Active,2021-01-20,2026-07-25 01:44:21.113921,,Loan Management System
LN00002264,CUST00004568,Personal Loan,958606.17,6.73,22,46438.28,Closed,2023-02-07,2026-07-25 01:44:21.114921,,Loan Management System
LN00002265,CUST00002615,Home Loan,4058030.81,7.43,186,36800.55,Active,2018-02-20,2026-07-25 01:44:21.114921,,Loan Management System
LN00002266,CUST00000282,Car Loan,2839440.77,16.44,28,122783.94,Active,2016-05-24,2026-07-25 01:44:21.114921,,Loan Management System
LN00002267,CUST00002859,Personal Loan,466261.01,9.71,48,11760.75,Active,2015-11-06,2026-07-25 01:44:21.114921,,Loan Management System
LN00002268,CUST00004653,Home Loan,2288330.27,16.66,150,36367.03,Written Off,2023-11-16,2026-07-25 01:44:21.115921,,Loan Management System
LN00002269,CUST00004092,Personal Loan,687417.57,7.56,34,22524.15,Closed,2026-01-18,2026-07-25 01:44:21.115921,,Loan Management System
LN00002270,CUST00004667,Personal Loan,980647.57,11.67,52,24116.83,Closed,2022-09-24,2026-07-25 01:44:21.115921,,Loan Management System
LN00002271,CUST00001862,Home Loan,9521818.72,13.23,139,134212.04,Active,2021-10-25,2026-07-25 01:44:21.115921,,Loan Management System
LN00002272,CUST00003675,Home Loan,7170780.94,10.49,207,75073.55,Active,2026-06-02,2026-07-25 01:44:21.116921,,Loan Management System
LN00002273,CUST00003339,Car Loan,1610542.71,16.04,46,47098.06,Active,2014-02-13,2026-07-25 01:44:21.116921,,Loan Management System
LN00002274,CUST00001983,Education Loan,1107034.01,11.88,44,31158.66,Pending,2017-03-26,2026-07-25 01:44:21.116921,,Loan Management System
LN00002275,CUST00001903,Car Loan,1967118.26,11.96,71,38787.55,Closed,2012-12-12,2026-07-25 01:44:21.116921,,Loan Management System
LN00002276,CUST00000482,Personal Loan,597969.73,13.27,14,46338.94,Active,2021-06-23,2026-07-25 01:44:21.117922,,Loan Management System
LN00002277,CUST00003586,Home Loan,3909399.4,16.86,141,63856.74,Active,2022-11-07,2026-07-25 01:44:21.117922,,Loan Management System
LN00002278,CUST00004230,Personal Loan,989427.9,7.65,34,32460.76,Active,2013-12-19,2026-07-25 01:44:21.117922,,Loan Management System
LN00002279,CUST00004593,Personal Loan,319933.05,6.75,51,7233.48,Active,2017-07-06,2026-07-25 01:44:21.117922,,Loan Management System
LN00002280,CUST00003235,Car Loan,1417911.74,11.09,43,40109.59,Active,2016-11-02,2026-07-25 01:44:21.118922,,Loan Management System
LN00002281,CUST00002783,Personal Loan,539923.48,14.3,31,20933.96,Active,2022-09-21,2026-07-25 01:44:21.118922,,Loan Management System
LN00002282,CUST00004510,Gold Loan,604900.04,17.25,35,22114.98,Active,2023-06-12,2026-07-25 01:44:21.118922,,Loan Management System
LN00002283,CUST00000126,Personal Loan,440573.42,13.14,49,11666.09,Active,2022-10-29,2026-07-25 01:44:21.118922,,Loan Management System
LN00002284,CUST00001406,Car Loan,2782590.07,16.7,79,58284.69,Active,2018-03-25,2026-07-25 01:44:21.119922,,Loan Management System
LN00002285,CUST00004024,Gold Loan,1885828.98,7.99,24,85282.34,Closed,2013-10-03,2026-07-25 01:44:21.119922,,Loan Management System
LN00002286,CUST00003775,Home Loan,1358787.17,15.62,132,21605.95,Closed,2021-09-07,2026-07-25 01:44:21.119922,,Loan Management System
LN00002287,CUST00004786,Personal Loan,289746.02,6.51,21,14635.64,Active,2023-08-15,2026-07-25 01:44:21.119922,,Loan Management System
LN00002288,CUST00001234,Home Loan,3421504.15,8.62,164,35577.34,Active,2013-01-01,2026-07-25 01:44:21.120922,,Loan Management System
LN00002289,CUST00004188,Education Loan,701137.95,12.89,131,9997.63,Active,2016-10-29,2026-07-25 01:44:21.120922,,Loan Management System
LN00002290,CUST00000503,Home Loan,1449178.0,12.82,261,16513.12,Closed,2021-01-26,2026-07-25 01:44:21.120922,,Loan Management System
LN00002291,CUST00003633,Business Loan,13534518.58,16.06,102,244013.9,Active,2017-12-20,2026-07-25 01:44:21.120922,,Loan Management System
LN00002292,CUST00004228,Business Loan,8057691.32,10.16,29,314525.54,Active,2022-07-05,2026-07-25 01:44:21.121922,,Loan Management System
LN00002293,CUST00004526,Personal Loan,460632.17,14.26,39,14827.46,Closed,2025-01-11,2026-07-25 01:44:21.121922,,Loan Management System
LN00002294,CUST00001597,Car Loan,1171228.12,14.2,15,85676.42,Active,2017-02-24,2026-07-25 01:44:21.121922,,Loan Management System
LN00002295,CUST00001521,Car Loan,2349962.99,10.75,55,54300.66,Active,2025-05-24,2026-07-25 01:44:21.121922,,Loan Management System
LN00002296,CUST00002400,Home Loan,6192116.82,11.08,99,95698.46,Closed,2013-09-26,2026-07-25 01:44:21.122922,,Loan Management System
LN00002297,CUST00002018,Home Loan,2285720.22,8.93,282,19408.25,Active,2022-12-17,2026-07-25 01:44:21.122922,,Loan Management System
LN00002298,CUST00003057,Personal Loan,310819.69,8.23,31,11164.25,Active,2023-07-09,2026-07-25 01:44:21.122922,,Loan Management System
LN00002299,CUST00000100,Business Loan,1179119.88,17.52,65,28211.99,Active,2025-08-30,2026-07-25 01:44:21.122922,,Loan Management System
LN00002300,CUST00001086,Personal Loan,800155.43,7.72,17,49839.8,Active,2024-02-17,2026-07-25 01:44:21.123923,,Loan Management System
LN00002301,CUST00002717,Education Loan,2657887.55,11.15,39,81555.92,Active,2023-03-23,2026-07-25 01:44:21.123923,,Loan Management System
LN00002302,CUST00002059,Home Loan,5316219.09,14.39,65,118228.22,Active,2020-07-07,2026-07-25 01:44:21.123923,,Loan Management System
LN00002303,CUST00002892,Gold Loan,1019215.89,15.37,22,53455.49,Active,2013-02-24,2026-07-25 01:44:21.123923,,Loan Management System
LN00002304,CUST00001209,Education Loan,552237.84,15.78,151,8435.08,Active,2022-07-21,2026-07-25 01:44:21.124922,,Loan Management System
LN00002305,CUST00002073,Education Loan,2876891.56,16.21,129,47227.0,Active,2022-12-20,2026-07-25 01:44:21.124922,,Loan Management System
LN00002306,CUST00001164,Home Loan,4528618.68,15.24,100,80223.69,Active,2018-10-06,2026-07-25 01:44:21.124922,,Loan Management System
LN00002307,CUST00004176,Personal Loan,1404556.76,13.29,24,66966.67,Active,2020-03-18,2026-07-25 01:44:21.124922,,Loan Management System
LN00002308,CUST00002280,Car Loan,2642174.54,11.5,71,51470.27,Active,2017-09-19,2026-07-25 01:44:21.125921,,Loan Management System
LN00002309,CUST00000147,Home Loan,5151403.41,10.72,249,51660.86,Active,2011-11-15,2026-07-25 01:44:21.125921,,Loan Management System
LN00002310,CUST00004776,Personal Loan,479409.46,15.92,46,13990.38,Active,2017-09-24,2026-07-25 01:44:21.125921,,Loan Management System
LN00002311,CUST00002640,Personal Loan,654737.34,11.64,31,24556.45,Closed,2016-10-25,2026-07-25 01:44:21.125921,,Loan Management System
LN00002312,CUST00000458,Car Loan,1200284.55,6.92,62,23081.21,Active,2014-08-18,2026-07-25 01:44:21.126922,,Loan Management System
LN00002313,CUST00003228,Home Loan,1398439.46,14.86,312,17697.78,Active,2015-03-16,2026-07-25 01:44:21.126922,,Loan Management System
LN00002314,CUST00002474,Personal Loan,1459186.52,14.42,27,63605.74,Pending,2017-05-17,2026-07-25 01:44:21.126922,,Loan Management System
LN00002315,CUST00001217,Business Loan,18679193.15,15.94,84,370369.29,Active,2024-08-05,2026-07-25 01:44:21.126922,,Loan Management System
LN00002316,CUST00003431,Home Loan,4041555.62,8.19,111,52045.53,Active,2019-11-01,2026-07-25 01:44:21.127922,,Loan Management System
LN00002317,CUST00003944,Gold Loan,219943.04,17.17,22,11724.11,Active,2014-10-30,2026-07-25 01:44:21.127922,,Loan Management System
LN00002318,CUST00002529,Home Loan,9528409.37,9.45,100,138032.29,Closed,2015-06-01,2026-07-25 01:44:21.127922,,Loan Management System
LN00002319,CUST00001102,Personal Loan,218816.87,8.7,28,8663.12,Written Off,2013-11-25,2026-07-25 01:44:21.127922,,Loan Management System
LN00002320,CUST00000267,Car Loan,1709641.36,15.63,18,107163.2,Active,2014-03-13,2026-07-25 01:44:21.128922,,Loan Management System
LN00002321,CUST00001001,Personal Loan,1153042.62,11.52,59,25688.6,Closed,2012-11-15,2026-07-25 01:44:21.128922,,Loan Management System
LN00002322,CUST00000829,Home Loan,5264849.3,7.03,264,39237.48,Pending,2016-08-04,2026-07-25 01:44:21.128922,,Loan Management System
LN00002323,CUST00003339,Car Loan,963502.33,11.18,14,73727.1,Closed,2025-12-05,2026-07-25 01:44:21.128922,,Loan Management System
LN00002324,CUST00003946,Car Loan,969352.25,11.82,52,23910.91,Active,2024-12-20,2026-07-25 01:44:21.129922,,Loan Management System
LN00002325,CUST00001949,Home Loan,7235580.84,9.04,207,69128.31,Closed,2013-04-13,2026-07-25 01:44:21.129922,,Loan Management System
LN00002326,CUST00001511,Car Loan,1489803.63,11.34,54,35351.77,Active,2020-03-13,2026-07-25 01:44:21.129922,,Loan Management System
LN00002327,CUST00004929,Personal Loan,858602.83,10.44,32,30855.14,Active,2024-09-04,2026-07-25 01:44:21.129922,,Loan Management System
LN00002328,CUST00004333,Personal Loan,719823.95,15.04,25,33717.64,Active,2020-09-29,2026-07-25 01:44:21.129922,,Loan Management System
LN00002329,CUST00003069,Home Loan,4205581.91,11.13,352,40580.64,Written Off,2025-10-08,2026-07-25 01:44:21.130922,,Loan Management System
LN00002330,CUST00000942,Car Loan,1771712.06,10.47,38,54980.67,Closed,2024-02-16,2026-07-25 01:44:21.130922,,Loan Management System
LN00002331,CUST00000775,Car Loan,1051291.64,15.13,69,22902.75,Closed,2020-07-08,2026-07-25 01:44:21.130922,,Loan Management System
LN00002332,CUST00002854,Home Loan,6436195.63,8.42,240,55529.34,Closed,2012-03-15,2026-07-25 01:44:21.130922,,Loan Management System
LN00002333,CUST00001297,Personal Loan,1159163.23,15.14,30,46651.73,Closed,2022-10-28,2026-07-25 01:44:21.131923,,Loan Management System
LN00002334,CUST00003047,Personal Loan,390341.92,17.09,20,22566.15,Active,2017-04-16,2026-07-25 01:44:21.131923,,Loan Management System
LN00002335,CUST00003348,Gold Loan,330647.67,11.05,16,22320.04,Written Off,2026-06-21,2026-07-25 01:44:21.131923,,Loan Management System
LN00002336,CUST00003251,Car Loan,700142.83,8.33,63,13757.94,Closed,2024-08-06,2026-07-25 01:44:21.131923,,Loan Management System
LN00002337,CUST00004342,Personal Loan,365741.27,16.86,29,15442.29,Active,2022-01-28,2026-07-25 01:44:21.132923,,Loan Management System
LN00002338,CUST00004375,Personal Loan,203176.23,16.67,52,5512.84,Closed,2013-10-16,2026-07-25 01:44:21.132923,,Loan Management System
LN00002339,CUST00004338,Personal Loan,826659.22,11.01,37,26449.96,Active,2021-09-21,2026-07-25 01:44:21.132923,,Loan Management System
LN00002340,CUST00003254,Personal Loan,1247900.73,11.67,23,60812.8,Active,2017-12-20,2026-07-25 01:44:21.132923,,Loan Management System
LN00002341,CUST00003950,Home Loan,8383729.85,15.27,148,126088.67,Closed,2014-03-09,2026-07-25 01:44:21.133923,,Loan Management System
LN00002342,CUST00004301,Home Loan,6011499.37,11.31,274,61352.34,Active,2014-04-28,2026-07-25 01:44:21.133923,,Loan Management System
LN00002343,CUST00002259,Car Loan,1932852.71,8.09,76,32585.34,Written Off,2014-08-21,2026-07-25 01:44:21.133923,,Loan Management System
LN00002344,CUST00004018,Car Loan,2250014.39,17.37,53,61091.63,Closed,2025-09-14,2026-07-25 01:44:21.133923,,Loan Management System
LN00002345,CUST00001544,Home Loan,6442203.68,14.37,249,81343.43,Active,2023-05-08,2026-07-25 01:44:21.134923,,Loan Management System
LN00002346,CUST00000803,Car Loan,2411663.62,10.98,77,43775.99,Defaulted,2024-09-05,2026-07-25 01:44:21.134923,,Loan Management System
LN00002347,CUST00000580,Business Loan,3646895.84,10.74,42,104554.23,Active,2022-03-11,2026-07-25 01:44:21.134923,,Loan Management System
LN00002348,CUST00001037,Gold Loan,2305429.57,10.21,21,120347.09,Active,2025-04-29,2026-07-25 01:44:21.134923,,Loan Management System
LN00002349,CUST00004685,Home Loan,5987221.36,11.78,287,62565.32,Written Off,2014-05-18,2026-07-25 01:44:21.135923,,Loan Management System
LN00002350,CUST00004947,Education Loan,3893940.62,12.25,64,83166.39,Closed,2023-10-31,2026-07-25 01:44:21.135923,,Loan Management System
LN00002351,CUST00000104,Business Loan,17505666.45,16.95,43,545963.85,Active,2019-01-03,2026-07-25 01:44:21.135923,,Loan Management System
LN00002352,CUST00002949,Gold Loan,42036.2,6.87,29,1577.32,Defaulted,2012-04-21,2026-07-25 01:44:21.135923,,Loan Management System
LN00002353,CUST00003948,Gold Loan,2158868.2,7.31,29,81438.71,Written Off,2018-07-20,2026-07-25 01:44:21.136923,,Loan Management System
LN00002354,CUST00001621,Business Loan,10978158.21,14.73,89,203444.51,Closed,2017-10-04,2026-07-25 01:44:21.136923,,Loan Management System
LN00002355,CUST00003229,Car Loan,266416.35,12.03,19,15469.65,Active,2023-01-25,2026-07-25 01:44:21.136923,,Loan Management System
LN00002356,CUST00004779,Personal Loan,1242357.85,15.34,35,44249.53,Active,2023-10-21,2026-07-25 01:44:21.136923,,Loan Management System
LN00002357,CUST00004335,Gold Loan,1582438.79,11.56,10,166748.72,Active,2015-08-08,2026-07-25 01:44:21.137923,,Loan Management System
LN00002358,CUST00003391,Business Loan,15279838.29,13.17,113,236623.44,Active,2019-02-13,2026-07-25 01:44:21.137923,,Loan Management System
LN00002359,CUST00000697,Home Loan,4422484.02,10.41,184,48201.24,Closed,2021-12-13,2026-07-25 01:44:21.137923,,Loan Management System
LN00002360,CUST00003189,Home Loan,1422694.19,13.88,97,24478.46,Active,2016-05-29,2026-07-25 01:44:21.137923,,Loan Management System
LN00002361,CUST00003218,Education Loan,3034759.64,15.21,123,48839.72,Active,2024-05-12,2026-07-25 01:44:21.138923,,Loan Management System
LN00002362,CUST00002686,Personal Loan,1191692.23,14.54,48,32888.47,Active,2024-04-18,2026-07-25 01:44:21.139223,,Loan Management System
LN00002363,CUST00002047,Home Loan,1830199.33,12.5,73,35924.39,Active,2024-11-23,2026-07-25 01:44:21.139223,,Loan Management System
LN00002364,CUST00000809,Personal Loan,575950.14,9.85,57,12692.51,Active,2019-03-14,2026-07-25 01:44:21.140359,,Loan Management System
LN00002365,CUST00002266,Car Loan,1530797.56,11.56,49,39339.53,Active,2015-07-18,2026-07-25 01:44:21.140359,,Loan Management System
LN00002366,CUST00002203,Business Loan,3006785.18,13.49,61,68374.82,Active,2020-08-24,2026-07-25 01:44:21.141351,,Loan Management System
LN00002367,CUST00002802,Home Loan,8583731.94,13.21,135,122414.36,Closed,2015-08-19,2026-07-25 01:44:21.141351,,Loan Management System
LN00002368,CUST00003614,Personal Loan,1095652.08,15.07,45,32020.77,Active,2016-10-28,2026-07-25 01:44:21.142357,,Loan Management System
LN00002369,CUST00000600,Car Loan,677148.35,10.46,31,25021.97,Closed,2025-04-26,2026-07-25 01:44:21.142357,,Loan Management System
LN00002370,CUST00003007,Car Loan,1665344.77,10.85,74,30964.66,Closed,2024-11-26,2026-07-25 01:44:21.142357,,Loan Management System
LN00002371,CUST00003821,Business Loan,9900023.44,12.07,60,220570.91,Active,2019-07-17,2026-07-25 01:44:21.143366,,Loan Management System
LN00002372,CUST00003030,Gold Loan,872358.31,10.06,17,55273.09,Active,2025-10-08,2026-07-25 01:44:21.143366,,Loan Management System
LN00002373,CUST00004714,Car Loan,2240533.1,7.88,37,68406.6,Active,2014-11-11,2026-07-25 01:44:21.143366,,Loan Management System
LN00002374,CUST00003933,Personal Loan,1373418.63,16.92,59,34442.81,Closed,2017-10-26,2026-07-25 01:44:21.144368,,Loan Management System
LN00002375,CUST00003744,Education Loan,2144061.5,9.13,87,33784.37,Active,2023-02-06,2026-07-25 01:44:21.144368,,Loan Management System
LN00002376,CUST00004549,Home Loan,6450819.27,17.45,319,94752.99,Active,2021-04-07,2026-07-25 01:44:21.144368,,Loan Management System
LN00002377,CUST00001687,Car Loan,1697310.84,15.02,22,88738.54,Written Off,2019-01-21,2026-07-25 01:44:21.144368,,Loan Management System
LN00002378,CUST00004691,Home Loan,5883670.53,9.35,191,59312.43,Closed,2019-06-01,2026-07-25 01:44:21.145357,,Loan Management System
LN00002379,CUST00001634,Home Loan,9395167.66,16.36,176,141104.26,Closed,2024-08-26,2026-07-25 01:44:21.145357,,Loan Management System
LN00002380,CUST00000931,Personal Loan,108337.55,13.51,47,2981.09,Active,2016-05-09,2026-07-25 01:44:21.145357,,Loan Management System
LN00002381,CUST00000115,Education Loan,2960015.28,17.05,69,67590.34,Active,2024-10-19,2026-07-25 01:44:21.145357,,Loan Management System
LN00002382,CUST00003266,Home Loan,2662069.36,13.24,357,29967.68,Active,2018-01-21,2026-07-25 01:44:21.146363,,Loan Management System
LN00002383,CUST00001816,Home Loan,8875586.73,7.09,97,120474.53,Active,2020-02-12,2026-07-25 01:44:21.146363,,Loan Management System
LN00002384,CUST00004691,Home Loan,1292168.98,8.77,337,10331.64,Closed,2020-07-14,2026-07-25 01:44:21.146363,,Loan Management System
LN00002385,CUST00004270,Car Loan,1039890.69,6.61,67,18602.78,Defaulted,2018-09-07,2026-07-25 01:44:21.146363,,Loan Management System
LN00002386,CUST00003575,Home Loan,8921916.09,15.44,159,132096.65,Closed,2014-04-26,2026-07-25 01:44:21.147359,,Loan Management System
LN00002387,CUST00000575,Car Loan,2315520.54,17.91,44,72160.9,Closed,2025-06-16,2026-07-25 01:44:21.147359,,Loan Management System
LN00002388,CUST00003482,Car Loan,1579294.39,8.53,76,26968.23,Active,2014-12-16,2026-07-25 01:44:21.147359,,Loan Management System
LN00002389,CUST00001788,Personal Loan,985655.48,9.54,46,25667.67,Active,2025-03-11,2026-07-25 01:44:21.147359,,Loan Management System
LN00002390,CUST00003480,Personal Loan,863833.26,10.05,40,25504.19,Active,2021-11-06,2026-07-25 01:44:21.148353,,Loan Management System
LN00002391,CUST00003709,Education Loan,810503.1,6.57,166,7445.32,Active,2013-11-30,2026-07-25 01:44:21.148353,,Loan Management System
LN00002392,CUST00004425,Home Loan,1122815.01,11.47,215,12326.61,Active,2026-05-31,2026-07-25 01:44:21.148353,,Loan Management System
LN00002393,CUST00000521,Business Loan,7177418.57,14.4,117,114483.61,Active,2015-10-25,2026-07-25 01:44:21.148353,,Loan Management System
LN00002394,CUST00000272,Education Loan,3075125.33,8.95,164,32561.71,Active,2012-06-13,2026-07-25 01:44:21.149363,,Loan Management System
LN00002395,CUST00003313,Education Loan,1940314.99,14.37,89,35563.2,Closed,2022-06-21,2026-07-25 01:44:21.149363,,Loan Management System
LN00002396,CUST00003210,Home Loan,1985683.39,15.31,147,29985.03,Defaulted,2019-09-27,2026-07-25 01:44:21.149363,,Loan Management System
LN00002397,CUST00003881,Car Loan,639971.44,17.5,72,14416.03,Closed,2026-06-07,2026-07-25 01:44:21.149363,,Loan Management System
LN00002398,CUST00001689,Education Loan,3141044.16,9.6,103,44881.2,Active,2017-11-16,2026-07-25 01:44:21.150360,,Loan Management System
LN00002399,CUST00002231,Business Loan,6420553.36,8.17,54,142491.81,Closed,2020-12-29,2026-07-25 01:44:21.150360,,Loan Management System
LN00002400,CUST00001124,Business Loan,6649259.61,10.04,84,110523.06,Active,2013-04-22,2026-07-25 01:44:21.150360,,Loan Management System
LN00002401,CUST00003888,Personal Loan,1155222.98,11.15,38,36222.32,Active,2023-08-31,2026-07-25 01:44:21.150360,,Loan Management System
LN00002402,CUST00004887,Business Loan,19512222.31,15.32,14,1530845.89,Closed,2025-12-14,2026-07-25 01:44:21.151359,,Loan Management System
LN00002403,CUST00000817,Home Loan,6789518.95,9.44,251,62098.66,Active,2020-05-03,2026-07-25 01:44:21.151359,,Loan Management System
LN00002404,CUST00000226,Personal Loan,604489.18,12.92,59,13895.23,Active,2026-01-15,2026-07-25 01:44:21.151359,,Loan Management System
LN00002405,CUST00001591,Home Loan,5277962.51,16.35,114,91466.9,Active,2013-09-06,2026-07-25 01:44:21.151359,,Loan Management System
LN00002406,CUST00003514,Home Loan,7367066.92,17.33,300,107853.93,Written Off,2016-05-30,2026-07-25 01:44:21.152356,,Loan Management System
LN00002407,CUST00002478,Gold Loan,1958539.16,10.99,34,67298.53,Active,2012-12-27,2026-07-25 01:44:21.152356,,Loan Management System
LN00002408,CUST00004127,Gold Loan,1475633.05,7.18,6,251114.81,Closed,2024-07-17,2026-07-25 01:44:21.152356,,Loan Management System
LN00002409,CUST00004426,Personal Loan,585700.8,17.12,19,35410.93,Active,2014-04-16,2026-07-25 01:44:21.152356,,Loan Management System
LN00002410,CUST00004149,Business Loan,1942780.83,17.74,105,36549.3,Active,2016-03-15,2026-07-25 01:44:21.153359,,Loan Management System
LN00002411,CUST00001898,Home Loan,1928985.96,9.94,162,21674.41,Closed,2019-03-16,2026-07-25 01:44:21.153359,,Loan Management System
LN00002412,CUST00002201,Personal Loan,525371.06,12.79,54,12846.34,Active,2020-04-17,2026-07-25 01:44:21.153359,,Loan Management System
LN00002413,CUST00002814,Car Loan,1015974.28,6.75,20,53852.29,Defaulted,2014-01-25,2026-07-25 01:44:21.153359,,Loan Management System
LN00002414,CUST00003442,Car Loan,2269363.08,17.51,58,58260.31,Pending,2025-09-12,2026-07-25 01:44:21.154358,,Loan Management System
LN00002415,CUST00004725,Personal Loan,1332648.57,8.62,41,37640.43,Active,2019-01-02,2026-07-25 01:44:21.154358,,Loan Management System
LN00002416,CUST00002859,Personal Loan,338528.51,17.67,28,14841.07,Active,2013-02-13,2026-07-25 01:44:21.154358,,Loan Management System
LN00002417,CUST00000783,Education Loan,190239.4,7.87,141,2071.96,Active,2015-05-04,2026-07-25 01:44:21.154358,,Loan Management System
LN00002418,CUST00000950,Business Loan,16062891.5,16.06,19,963067.92,Pending,2025-06-15,2026-07-25 01:44:21.155353,,Loan Management System
LN00002419,CUST00000862,Car Loan,245363.55,11.53,16,16617.59,Written Off,2019-03-28,2026-07-25 01:44:21.155353,,Loan Management System
LN00002420,CUST00001058,Business Loan,6877865.22,12.7,48,183493.45,Closed,2017-07-05,2026-07-25 01:44:21.155353,,Loan Management System
LN00002421,CUST00002684,Car Loan,2256414.66,13.0,83,41352.91,Closed,2012-01-06,2026-07-25 01:44:21.155353,,Loan Management System
LN00002422,CUST00002601,Car Loan,2436054.74,16.23,23,123950.92,Closed,2018-08-15,2026-07-25 01:44:21.156357,,Loan Management System
LN00002423,CUST00003252,Personal Loan,992752.3,8.7,16,65939.7,Closed,2012-06-19,2026-07-25 01:44:21.156357,,Loan Management System
LN00002424,CUST00001318,Personal Loan,451454.12,11.69,59,10096.42,Active,2018-04-22,2026-07-25 01:44:21.156357,,Loan Management System
LN00002425,CUST00003534,Personal Loan,313427.04,13.12,41,9526.57,Active,2020-02-07,2026-07-25 01:44:21.157267,,Loan Management System
LN00002426,CUST00001088,Car Loan,2496583.87,11.47,14,191374.68,Active,2017-12-03,2026-07-25 01:44:21.157267,,Loan Management System
LN00002427,CUST00003026,Personal Loan,954350.13,10.98,12,84338.14,Active,2015-07-29,2026-07-25 01:44:21.157267,,Loan Management System
LN00002428,CUST00000600,Personal Loan,425336.78,9.06,55,9478.59,Closed,2018-02-17,2026-07-25 01:44:21.157267,,Loan Management System
LN00002429,CUST00002277,Car Loan,2030115.56,8.8,57,43705.45,Defaulted,2012-12-13,2026-07-25 01:44:21.158354,,Loan Management System
LN00002430,CUST00001621,Education Loan,2349738.7,8.67,73,41532.86,Active,2017-12-09,2026-07-25 01:44:21.158354,,Loan Management System
LN00002431,CUST00003763,Home Loan,749132.66,13.42,80,14218.42,Closed,2015-05-20,2026-07-25 01:44:21.158354,,Loan Management System
LN00002432,CUST00000616,Car Loan,2873049.67,10.27,52,68686.36,Pending,2012-01-16,2026-07-25 01:44:21.158354,,Loan Management System
LN00002433,CUST00000539,Car Loan,764764.0,8.38,46,19495.81,Active,2016-12-25,2026-07-25 01:44:21.158354,,Loan Management System
LN00002434,CUST00002263,Business Loan,15560734.07,6.81,68,276461.43,Active,2013-03-31,2026-07-25 01:44:21.159362,,Loan Management System
LN00002435,CUST00003910,Gold Loan,87924.12,16.48,16,6158.59,Active,2025-11-02,2026-07-25 01:44:21.159362,,Loan Management System
LN00002436,CUST00000978,Personal Loan,628808.39,8.86,36,19954.99,Closed,2023-09-21,2026-07-25 01:44:21.159362,,Loan Management System
LN00002437,CUST00004239,Home Loan,9707815.92,12.33,356,102439.13,Closed,2022-08-14,2026-07-25 01:44:21.159362,,Loan Management System
LN00002438,CUST00004352,Home Loan,7687760.39,7.88,310,58124.29,Closed,2017-04-07,2026-07-25 01:44:21.160357,,Loan Management System
LN00002439,CUST00003458,Personal Loan,1493268.46,11.27,25,67295.8,Written Off,2025-01-09,2026-07-25 01:44:21.160357,,Loan Management System
LN00002440,CUST00000768,Education Loan,1503448.07,9.44,64,29989.43,Pending,2014-01-17,2026-07-25 01:44:21.160357,,Loan Management System
LN00002441,CUST00003474,Home Loan,4110276.76,11.33,111,59921.76,Active,2013-11-26,2026-07-25 01:44:21.160357,,Loan Management System
LN00002442,CUST00000910,Gold Loan,2095423.22,11.49,22,106083.89,Active,2012-03-19,2026-07-25 01:44:21.161361,,Loan Management System
LN00002443,CUST00000335,Education Loan,2636687.31,15.82,156,39936.88,Active,2016-06-10,2026-07-25 01:44:21.161361,,Loan Management System
LN00002444,CUST00003508,Gold Loan,1830832.05,16.82,5,381706.58,Active,2025-09-04,2026-07-25 01:44:21.161361,,Loan Management System
LN00002445,CUST00002842,Home Loan,5863502.86,7.97,139,64739.93,Active,2019-08-07,2026-07-25 01:44:21.161361,,Loan Management System
LN00002446,CUST00000186,Personal Loan,106536.68,13.36,25,4905.52,Defaulted,2023-05-28,2026-07-25 01:44:21.162359,,Loan Management System
LN00002447,CUST00001901,Car Loan,1240771.31,11.27,32,45072.4,Active,2025-09-13,2026-07-25 01:44:21.162359,,Loan Management System
LN00002448,CUST00001590,Home Loan,5426696.97,8.24,152,57629.27,Active,2013-12-03,2026-07-25 01:44:21.162359,,Loan Management System
LN00002449,CUST00001896,Gold Loan,1971728.03,6.84,16,129288.47,Active,2024-06-21,2026-07-25 01:44:21.162359,,Loan Management System
LN00002450,CUST00002993,Car Loan,2745146.39,9.55,53,63687.06,Active,2023-07-26,2026-07-25 01:44:21.163358,,Loan Management System
LN00002451,CUST00004905,Home Loan,770720.46,11.91,133,10462.47,Pending,2019-07-17,2026-07-25 01:44:21.163358,,Loan Management System
LN00002452,CUST00003170,Home Loan,4081849.32,13.38,328,46743.48,Active,2019-03-12,2026-07-25 01:44:21.163358,,Loan Management System
LN00002453,CUST00004787,Home Loan,3812330.86,9.06,274,32983.01,Written Off,2022-01-11,2026-07-25 01:44:21.163358,,Loan Management System
LN00002454,CUST00000566,Home Loan,5019049.01,17.81,334,75038.39,Active,2011-08-26,2026-07-25 01:44:21.164360,,Loan Management System
LN00002455,CUST00004207,Business Loan,16283789.85,6.51,72,273806.9,Active,2012-11-28,2026-07-25 01:44:21.164360,,Loan Management System
LN00002456,CUST00000296,Business Loan,2999872.92,14.05,58,71547.16,Written Off,2011-11-20,2026-07-25 01:44:21.164360,,Loan Management System
LN00002457,CUST00004075,Car Loan,469915.21,12.17,37,15295.5,Active,2015-12-01,2026-07-25 01:44:21.164360,,Loan Management System
LN00002458,CUST00000634,Car Loan,2455252.95,8.14,22,120514.24,Closed,2015-03-26,2026-07-25 01:44:21.165386,,Loan Management System
LN00002459,CUST00002222,Education Loan,1200969.14,13.57,99,20224.57,Active,2025-10-07,2026-07-25 01:44:21.165386,,Loan Management System
LN00002460,CUST00003671,Home Loan,6764008.91,10.28,296,62988.06,Closed,2014-02-08,2026-07-25 01:44:21.165386,,Loan Management System
LN00002461,CUST00000074,Car Loan,1816067.9,16.66,28,78724.44,Active,2020-11-24,2026-07-25 01:44:21.165386,,Loan Management System
LN00002462,CUST00002882,Personal Loan,260570.45,14.97,14,20400.33,Closed,2023-12-07,2026-07-25 01:44:21.166355,,Loan Management System
LN00002463,CUST00000551,Education Loan,2564332.87,15.63,82,51075.39,Active,2021-12-02,2026-07-25 01:44:21.166355,,Loan Management System
LN00002464,CUST00004733,Car Loan,2539061.46,9.24,62,51657.37,Active,2020-07-16,2026-07-25 01:44:21.166355,,Loan Management System
LN00002465,CUST00004295,Car Loan,1554765.61,10.45,63,32169.11,Active,2018-10-06,2026-07-25 01:44:21.166355,,Loan Management System
LN00002466,CUST00003930,Home Loan,6402469.33,12.78,120,94766.75,Closed,2013-06-14,2026-07-25 01:44:21.167360,,Loan Management System
LN00002467,CUST00004757,Car Loan,1640574.55,10.38,35,54527.43,Active,2024-10-06,2026-07-25 01:44:21.167360,,Loan Management System
LN00002468,CUST00001793,Business Loan,10003425.4,12.81,96,167068.76,Active,2016-06-18,2026-07-25 01:44:21.167360,,Loan Management System
LN00002469,CUST00000473,Business Loan,15383751.82,9.52,112,207806.97,Active,2015-08-09,2026-07-25 01:44:21.167360,,Loan Management System
LN00002470,CUST00004947,Car Loan,2901309.94,7.95,41,81041.51,Written Off,2016-09-07,2026-07-25 01:44:21.168359,,Loan Management System
LN00002471,CUST00003406,Business Loan,2845416.01,14.7,28,120659.69,Defaulted,2013-08-20,2026-07-25 01:44:21.168359,,Loan Management System
LN00002472,CUST00003316,Personal Loan,682437.96,17.82,17,45719.25,Written Off,2012-05-16,2026-07-25 01:44:21.168359,,Loan Management System
LN00002473,CUST00001735,Gold Loan,476965.63,15.93,35,17126.39,Active,2015-08-14,2026-07-25 01:44:21.168359,,Loan Management System
LN00002474,CUST00003312,Business Loan,4826213.29,6.69,105,60846.51,Closed,2018-09-14,2026-07-25 01:44:21.169365,,Loan Management System
LN00002475,CUST00002951,Car Loan,2383825.54,12.97,79,45022.31,Active,2022-06-07,2026-07-25 01:44:21.169365,,Loan Management System
LN00002476,CUST00001951,Business Loan,7571794.93,9.15,79,127947.92,Active,2025-01-25,2026-07-25 01:44:21.169365,,Loan Management System
LN00002477,CUST00001777,Home Loan,6963770.56,13.8,175,92603.1,Closed,2022-02-27,2026-07-25 01:44:21.169365,,Loan Management System
LN00002478,CUST00002839,Education Loan,692999.21,17.34,144,11466.7,Defaulted,2019-05-04,2026-07-25 01:44:21.170384,,Loan Management System
LN00002479,CUST00002064,Personal Loan,1440632.31,17.41,30,59569.5,Active,2012-08-18,2026-07-25 01:44:21.170384,,Loan Management System
LN00002480,CUST00000171,Car Loan,1379539.59,11.98,53,33646.45,Active,2013-06-12,2026-07-25 01:44:21.170384,,Loan Management System
LN00002481,CUST00004373,Gold Loan,25875.19,9.39,22,1284.87,Active,2025-10-17,2026-07-25 01:44:21.170384,,Loan Management System
LN00002482,CUST00000333,Education Loan,2416541.23,7.27,141,25537.24,Active,2020-01-24,2026-07-25 01:44:21.171357,,Loan Management System
LN00002483,CUST00001727,Personal Loan,282366.79,17.68,27,12751.53,Active,2021-09-18,2026-07-25 01:44:21.171357,,Loan Management System
LN00002484,CUST00002309,Home Loan,4480588.15,13.3,187,56903.91,Closed,2020-09-05,2026-07-25 01:44:21.171357,,Loan Management System
LN00002485,CUST00002748,Home Loan,9651894.77,9.68,265,88369.8,Active,2011-11-04,2026-07-25 01:44:21.171357,,Loan Management System
LN00002486,CUST00000675,Education Loan,3782930.31,8.25,149,40654.82,Active,2022-04-24,2026-07-25 01:44:21.172358,,Loan Management System
LN00002487,CUST00002541,Personal Loan,524830.7,13.82,45,15010.49,Active,2020-04-30,2026-07-25 01:44:21.172358,,Loan Management System
LN00002488,CUST00003612,Home Loan,6471184.49,11.92,284,68410.87,Active,2021-05-06,2026-07-25 01:44:21.172358,,Loan Management System
LN00002489,CUST00001532,Home Loan,7557661.44,11.73,96,121715.06,Defaulted,2015-09-05,2026-07-25 01:44:21.172358,,Loan Management System
LN00002490,CUST00002822,Education Loan,2908026.59,16.57,46,85828.01,Active,2023-10-14,2026-07-25 01:44:21.173354,,Loan Management System
LN00002491,CUST00002271,Business Loan,2700332.67,11.87,86,46771.76,Active,2014-01-02,2026-07-25 01:44:21.173354,,Loan Management System
LN00002492,CUST00001300,Education Loan,3475473.95,12.1,110,52435.79,Active,2016-07-07,2026-07-25 01:44:21.173354,,Loan Management System
LN00002493,CUST00000367,Home Loan,9977250.42,13.44,245,119552.08,Active,2018-11-12,2026-07-25 01:44:21.174316,,Loan Management System
LN00002494,CUST00000662,Business Loan,10143370.13,14.57,67,222099.17,Active,2011-08-03,2026-07-25 01:44:21.174316,,Loan Management System
LN00002495,CUST00004906,Car Loan,2622468.28,9.72,47,67313.45,Pending,2022-01-08,2026-07-25 01:44:21.174316,,Loan Management System
LN00002496,CUST00002944,Car Loan,1120723.08,14.17,44,32805.12,Written Off,2017-07-25,2026-07-25 01:44:21.174316,,Loan Management System
LN00002497,CUST00000693,Home Loan,1460744.33,15.77,184,21106.97,Closed,2015-08-27,2026-07-25 01:44:21.175347,,Loan Management System
LN00002498,CUST00003743,Home Loan,4620786.81,9.56,309,40281.55,Closed,2021-04-08,2026-07-25 01:44:21.175347,,Loan Management System
LN00002499,CUST00004611,Business Loan,7828535.63,12.47,97,128487.87,Active,2018-08-25,2026-07-25 01:44:21.175347,,Loan Management System
LN00002500,CUST00004314,Car Loan,1852960.5,15.63,24,90399.47,Closed,2014-09-30,2026-07-25 01:44:21.175347,,Loan Management System
